,moran,entropy,eds,ood_score_normalized,ood_score_nll,ood_score_nll_zero_floored,is_ood
1531,0.4349265016478451,0.0919032239070602,0.1891562277380101,0.0011126226937525382,-10.528557838955246,0.6700277760554645,0
145,0.4241473382501373,0.1096794551738694,0.2573120942061676,0.003820476690333828,-8.897872610800269,2.300713004210442,0
30,0.4461220488925797,0.082119126837104,0.1539018130764505,0.0039642326590090945,-8.81130194086244,2.3872836741482697,0
9495,0.4474234333689258,0.0620807480281161,0.1378997402666118,0.004427364618639671,-8.53240121497045,2.66618440004026,0
9520,0.4263387663229475,0.0630283366488969,0.1327741056244256,0.008493841651036456,-6.083545391970816,5.115040223039895,0
12660,0.4278497849784012,0.1035503141076582,0.2469061056720251,0.0032380715373428993,-9.248600338728984,1.9499852762817262,0
15921,0.441317787615574,0.0864541093279566,0.1904998595674269,0.0019517631597154208,-10.023222631104176,1.1753629839065347,0
8415,0.4436321482900228,0.0875346269700357,0.175637182867445,0.002957090090222394,-9.41780897988301,1.780776635127701,0
7058,0.432056428519575,0.0811007286488712,0.1717546736202613,0.0010405790418911473,-10.571942939858408,0.6266426751523024,0
15635,0.4279324533494301,0.074177477740047,0.1944463865526685,0.004689805475933509,-8.374357823490078,2.8242277915206326,0
22870,0.4516091166087022,0.0861147778698876,0.1591284145673109,0.007391222631578692,-6.747548897914096,4.451036717096614,0
15391,0.4482191435601906,0.0621970955630797,0.1234245408775682,0.00430246742139402,-8.60761502444599,2.590970590564721,0
13655,0.4201504006498626,0.1162183859596075,0.2490703451338201,0.006464389654789534,-7.305693039409582,3.8928925756011283,0
17326,0.4366866041735066,0.0805750780458066,0.1800394579546365,0.00012575652527093613,-11.122854313263158,0.07573130174755249,0
21723,0.4287258895443783,0.1041350576445682,0.2477537396804739,0.003437091095604955,-9.128749617758947,2.0698359972517633,0
9022,0.4305521307554873,0.0992105914947244,0.194137800303061,0.004212580728681411,-8.661745307023711,2.536840307986999,0
8496,0.4334977454185703,0.0896707016902235,0.1941298786611029,0.00034958116176580465,-10.98806583172385,0.21051978328686083,0
3681,0.4359748862206054,0.0915531459447387,0.1602800519889939,0.006508113934565004,-7.2793620270168935,3.919223587993817,0
20202,0.4377564412863262,0.0765088190366243,0.1510442504763619,0.001981847235392604,-10.005105827956216,1.1934797870544944,0
2571,0.438587735526138,0.0741223445120118,0.1505900128622871,0.0016785176793059624,-10.187772628676557,1.0108129863341535,0
15968,0.4212797071412379,0.0982064983331586,0.2540601391681857,0.0056112599402724,-7.819452653081353,3.3791329619293577,0
15458,0.4277262573382447,0.0786122770354246,0.1772009136339776,0.0023501717619675237,-9.78329868273672,1.4152869322739896,0
2975,0.4330427297791526,0.0882757970019209,0.199978510574113,0.0003593813601875204,-10.982164095951,0.2164215190597112,0
20252,0.4339899402464977,0.0823367163759476,0.1733497617532766,0.0005219072223805962,-10.884290088339805,0.31429552667090555,0
17437,0.4259063366436429,0.095020128405082,0.2207248848643208,0.002067667344386009,-9.953424465448903,1.2451611495618078,0
12855,0.4243799894995619,0.0878234754941035,0.2091939588444473,0.0028288100569646354,-9.495059952632927,1.7035256623777837,0
18908,0.4189743387060789,0.0916142193228158,0.2361497434679879,0.006534146068488406,-7.263685326463674,3.9349002885470368,0
13227,0.4332974422474046,0.0801589900765796,0.1686868056045266,0.0009295243255455073,-10.638820727837528,0.5597648871731824,0
16065,0.4468307517332675,0.0831016278536867,0.1349655110872417,0.00764554932113646,-6.594391904844674,4.604193710166037,0
21934,0.4341813907313668,0.0688713137446225,0.1562513017392688,0.002290101189263801,-9.819473526608821,1.3791120884018895,0
23097,0.4394392280057628,0.0772528889393569,0.1645567341293403,0.0006960288570910624,-10.779433039923225,0.4191525750874856,0
23528,0.4415144371186989,0.0638841343364286,0.1225978439190521,0.004363446672752762,-8.570892969069225,2.627692645941485,0
12934,0.4287639518440102,0.0905090843902518,0.2410017370684899,0.006078576267076574,-7.53803207724628,3.6605535377644305,0
5016,0.4449271431968277,0.0656421018055193,0.1367665102066812,0.0031619760447279834,-9.294425481403952,1.9041601336067586,0
9051,0.4387982888233909,0.0763266290979144,0.179616829141718,0.001234318832759023,-10.455271725135256,0.7433138898754539,0
22986,0.4372881662146822,0.0839552145722737,0.1835012978299022,0.000166306510176493,-11.09843487947135,0.10015073553936027,0
22947,0.4339426766597943,0.1007236480684014,0.2284056343980904,0.0031771131946873622,-9.285309802764598,1.9132758122461127,0
17093,0.4295868285845652,0.0737523028382613,0.1782499790666792,0.002530562636728286,-9.674666261957125,1.5239193530535857,0
3447,0.4343395305143352,0.0808507412685201,0.1502550713185745,0.004169593232462163,-8.687632624127438,2.510952990883272,0
1610,0.441902127339581,0.0663631731341868,0.117182662985414,0.005699435111619301,-7.76635305849946,3.4322325565112504,0
14102,0.4444921631516681,0.1010939598182686,0.190123705189714,0.008763749734510527,-5.921005193999852,5.277580421010859,0
24624,0.4396645955125715,0.0839895831856903,0.1915518681217727,0.001370772344332684,-10.373098636802588,0.8254869782081222,0
15021,0.427028338628762,0.0922150192593134,0.2131902549057529,0.0016225408118379714,-10.221482219745235,0.9771033952654751,0
15928,0.4408843349984367,0.0847584029824818,0.1953337036748282,0.0023682988021015102,-9.772382475063049,1.4262031399476616,0
9753,0.4363283272249333,0.0637239808183578,0.1616973974578191,0.004135153316280534,-8.708372539443102,2.490213075567608,0
6077,0.4332436287551482,0.088274314654064,0.2017047312512701,0.00047020330773761944,-10.915426482677363,0.28315913233334733,0
15321,0.4266804858598477,0.0815013666837848,0.2164617620191926,0.005374231967840732,-7.9621922593495755,3.236393355661135,0
19523,0.4225247942416012,0.0882103910191941,0.2087463208535696,0.00366227176945374,-8.993144522737284,2.2054410922734267,0
8493,0.4328657451097644,0.0772099588772904,0.1887390611916104,0.001464867700581486,-10.316433872872693,0.8821517421380172,0
18132,0.4296470337757107,0.0946134516465508,0.2237405262646104,0.001876072007617327,-10.068804277597755,1.1297813374129557,0
12195,0.4533651169591635,0.0588535740439376,0.0996759360121689,0.007025992866902146,-6.967492359744935,4.231093255265775,0
1691,0.4386671511301855,0.0875651674407375,0.1650155742155639,0.0028553095381535294,-9.479101812872416,1.7194838021382939,0
1387,0.4399826438452341,0.068960129474645,0.147971291730118,0.0019704621960459612,-10.01196196403592,1.1866236509747896,0
20771,0.4385241457558827,0.0765327672386398,0.1719432910584331,0.000596898927727647,-10.83912965269668,0.3594559623140299,0
3617,0.4349953143869526,0.0810996606334166,0.1731317739973813,0.00028754724675328266,-11.025423011609934,0.17316260340077605,0
24037,0.4482685094476913,0.0801130081050027,0.1667097604487125,0.0045152430225882745,-8.47948033542017,2.71910527959054,0
8959,0.4442040245509355,0.0627427154415925,0.153761764988845,0.004954799407059941,-8.214776956285217,2.9838086587254935,0
21165,0.4265726838756819,0.0944987249265986,0.2054606261420617,0.0020903582015588135,-9.939759900944102,1.2588257140666084,0
5843,0.432589623193134,0.085353773149,0.1672592068275826,0.002491300254769284,-9.698310293859715,1.5002753211509958,0
20248,0.4312725470955176,0.1000569815602091,0.2002099841753078,0.0035427838785716905,-9.0651008168546,2.133484798156111,0
8463,0.4320500465144994,0.0880253077438165,0.194780373858255,0.0002723708280503216,-11.034562338112197,0.16402327689851326,0
13866,0.4324284534920857,0.0864816327902572,0.1684642523532639,0.002702195216711799,-9.571308136591949,1.6272774784187618,0
5543,0.4346040369636005,0.0859705300871239,0.2004013215011683,0.0006812607186104511,-10.788326497730804,0.4102591172799066,0
19548,0.4156128936761886,0.101246908846042,0.2347386050110851,0.006218485282055222,-7.453778064917906,3.744807550092804,0
15560,0.4275587214902403,0.0814465699705235,0.2034226460762529,0.0028106317273668144,-9.50600704711628,1.6925785678944312,0
11071,0.4323362959501354,0.0676716128214287,0.157553389643354,0.003007143007091722,-9.38766682588655,1.8109187891241607,0
22577,0.4464544076970932,0.0788106088917423,0.1606324498398138,0.0031657249069019246,-9.2921678950728,1.9064177199379095,0
19194,0.433898576595575,0.0940565666911045,0.2107353478031781,0.0012874773747669228,-10.423259345844505,0.7753262691662055,0
7205,0.435236382059743,0.0744867641056966,0.1665692502321351,0.0008471309278030934,-10.688438505149628,0.5101471098610819,0
353,0.4361469411618016,0.075569528146927,0.1479015647853792,0.0026531546395809295,-9.600840653783964,1.5977449612267467,0
7904,0.4241005185458253,0.0904503589790877,0.1905858438961997,0.004001822251356956,-8.78866527247064,2.4099203425400706,0
9511,0.4494831134853195,0.0876497132540883,0.1884133498099374,0.008170826064191191,-6.278067233472387,4.920518381538323,0
5561,0.4262838197327894,0.0970000067024486,0.2018118099562649,0.0032807781637791186,-9.222882163021653,1.975703451989057,0
3352,0.4351989361877836,0.0799795217192535,0.1793347538894299,0.00011609802332067941,-11.128670718607122,0.0699148964035885,0
17329,0.4378536731114049,0.0813582691792814,0.1794251234900697,0.00021515503815730863,-11.06901801538045,0.12956759963025988,0
10004,0.4239720050976049,0.1080286363524308,0.2344536175593111,0.004060940800379939,-8.753063742726626,2.4455218722840844,0
9943,0.4250745951123327,0.0944278521676836,0.2057957167077481,0.002648191203281755,-9.603829663628723,1.5947559513819876,0
6080,0.4339780491622557,0.0962036418493456,0.2211240511717667,0.002247650519991322,-9.845037563442165,1.353548051568545,0
19417,0.429726670197772,0.0574590598258216,0.1325675122347396,0.007051318953966912,-6.952240844664868,4.246344770345843,0
8098,0.4335630018179643,0.0637190648012921,0.1469362626982591,0.003770764972843577,-8.927809292571114,2.2707763224395965,0
19313,0.4387106700957601,0.0624504170724999,0.1631799006398904,0.005247612134053361,-8.038443450443772,3.1601421645669383,0
58,0.435448260550977,0.082873163616868,0.1900257586590156,0.00024697673961904964,-11.049854804005712,0.14873081100499874,0
8455,0.4321163138544505,0.0869466766040857,0.1798442068128033,0.0010369996240293664,-10.574098485851644,0.6244871291590659,0
17231,0.4366408264730455,0.0613509618298996,0.1450597012577533,0.003841203788526757,-8.885390633231168,2.3131949817795423,0
5246,0.4395232736977023,0.0821022056504706,0.1665431506619738,0.0009944758526167893,-10.599706545213587,0.5988790697971229,0
19632,0.4529837550686604,0.0544556905281065,0.1122330269361389,0.0063512004780940075,-7.373856211669774,3.8247294033409363,0
20174,0.4307436563027453,0.0912857869561352,0.1529023611263539,0.010860073073181506,-4.658587240106057,6.539998374904654,0
5676,0.4346092684056491,0.0952544872558898,0.1987401530881459,0.0015622687203844044,-10.25777841936583,0.9408071956448811,0
18942,0.4318601238986516,0.0861327940658779,0.2005920386520711,0.0005654577050203815,-10.858063737580355,0.3405218774303549,0
21308,0.4431204756137257,0.0765707836684294,0.1542768404056994,0.001927086745488486,-10.03808290947018,1.1605027055405301,0
3833,0.4331615933122716,0.0782344646282226,0.1760819746299644,0.0005242258641323794,-10.882893788960743,0.31569182604996726,0
17920,0.4337286144813189,0.0797119763349562,0.1868631108531852,0.0005146747983498083,-10.888645495627513,0.30994011938319765,0
22196,0.439408946201576,0.0576533652534214,0.1339403137115337,0.0044828904293500536,-8.498963252871658,2.6996223621390527,0
21493,0.4357797236710553,0.0946353845935037,0.1975316030846278,0.0015718468803415013,-10.252010396431556,0.946575218579154,0
24284,0.4319926747718514,0.0927385792522036,0.2193945413072932,0.0017701266821618371,-10.132605161039201,1.065980453971509,0
394,0.4274037079221509,0.0898914373509006,0.1865275626770705,0.0026657838362827194,-9.593235278999698,1.6053503360110124,0
4317,0.4338744149206441,0.0942900363784435,0.2272393390032107,0.003080455497097961,-9.343517623365525,1.8550679916451855,0
23613,0.4316860824964669,0.090664558335763,0.1890648491497364,0.0010546698270821008,-10.563457388091953,0.6351282269187575,0
2765,0.4375249008534734,0.0761517933373703,0.1472239683381931,0.002600018613545178,-9.632839473826976,1.565746141183734,0
6126,0.4228925170794435,0.1018521928332571,0.2382580756074032,0.003042453299858309,-9.366402764792785,1.8321828502179258,0
20381,0.43334992929487,0.0861557594586593,0.1902569330905416,7.734298122500921e-05,-11.152009227530321,0.04657638748038906,0
7339,0.4342685421013196,0.0940930920165995,0.1798695243759907,0.003416049815675832,-9.141420797373954,2.0571648176367567,0
7397,0.4443745117841016,0.0830415218473611,0.1620405302782592,0.0028701667612608664,-9.470154707791004,1.7284309072197068,0
21558,0.4538595541304186,0.0660545027507292,0.1396868495848387,0.006491609807542116,-7.289300907094547,3.9092847079161634,0
24331,0.4361259728489664,0.083877196681416,0.1900438117984944,0.0002325573313823425,-11.058538254457627,0.14004736055308342,0
1961,0.4414656469100609,0.0791576269852172,0.1685088038574145,0.0010497130800159568,-10.566442369642164,0.632143245368546,0
801,0.4350482526878168,0.0719840087456667,0.1772807759305254,0.0020717180200776823,-9.950985125284035,1.2476004897266755,0
4257,0.4283751311108741,0.0864048526200539,0.1629869516961644,0.005867809847641575,-7.66495682547779,3.53362878953292,0
13997,0.4294371306324632,0.0588339577973744,0.1375069425491144,0.006533925769718373,-7.263817991648181,3.9347676233625295,0
1810,0.4426091067943175,0.0830916082184853,0.1488627349991837,0.004306732228530719,-8.605046733095154,2.5935388819155563,0
12468,0.4283176390013795,0.1101350285320793,0.2566125925177002,0.004370928750613924,-8.566387218811085,2.632198396199625,0
4284,0.4356866801091525,0.0741252131744535,0.1613577943323752,0.0010328149708711339,-10.576618508016317,0.6219671069943935,0
13320,0.4204167978209168,0.108724028435624,0.2581069862277727,0.004132650473436858,-8.709879765777583,2.4887058492331278,0
14044,0.4351324190462637,0.0871130068457228,0.2000376017614984,0.0006098499801861097,-10.831330454527304,0.36725516048340623,0
4153,0.4358055843558459,0.0832145572600233,0.1644181430141053,0.0015627279694437946,-10.257501856944762,0.9410837580659486,0
21143,0.4302289974762537,0.0886317482472943,0.2065169743833469,0.000886002937930643,-10.665029557405875,0.5335560576048355,0
18846,0.4281298007369731,0.0822537145978749,0.2047107181722776,0.002527848104380398,-9.67630096892679,1.5222846460839197,0
4697,0.446808044322047,0.0909882077614189,0.2009318223353866,0.007555474124680082,-6.648635705459484,4.549949909551226,0
13816,0.4092068426076346,0.118790868099031,0.2114478981678929,0.027027908992817266,5.07777640382352,16.27636201883423,0
18498,0.4475948879885514,0.0746350829021149,0.1425209808126253,0.003728729375979995,-8.953123370416028,2.245462244594682,0
22695,0.4282036283955477,0.0940742605584334,0.219475206259659,0.0016405585411711273,-10.210631839663604,0.9879537753471066,0
10334,0.433802317921126,0.0600075105670976,0.1394284143442489,0.004731423523129093,-8.349295196453252,2.849290418557459,0
24919,0.4420996995857315,0.0527527522645246,0.1211395547330733,0.005626240868684884,-7.8104310519547315,3.388154563055979,0
20107,0.4377194487281537,0.0794835574960072,0.1563355846129877,0.0017236773388220191,-10.16057722236059,1.03800839265012,0
3324,0.4500450006585902,0.0755069308459998,0.1320101063317825,0.0054902563245405,-7.892321725408173,3.306263889602538,0
10924,0.4307718771520675,0.0754921673464319,0.1706084160764791,0.0016881034080821614,-10.182000047755952,1.016585567254758,0
12514,0.4191106194313038,0.0970384257022101,0.2069226590894805,0.006335802117126821,-7.383129193078185,3.8154564219325255,0
9085,0.4535077885817121,0.0707402469413372,0.1305635058024518,0.005682761227579911,-7.776394167227378,3.422191447783332,0
4572,0.4253932148244959,0.0934220640085203,0.1986234246483738,0.0029835137040927703,-9.401896527857422,1.796689087153288,0
8602,0.4429579108683633,0.0574988308303066,0.1334145495617463,0.004569381727502746,-8.44687769639793,2.75170791861278,0
21021,0.4392844637376871,0.0844489166368241,0.1742004931876976,0.0007978958302436409,-10.718088163660882,0.48049745134982835,0
19810,0.4368924349528224,0.0593479721933468,0.1229240589436905,0.00528059736890169,-8.018579552581368,3.1800060624293423,0
21018,0.4394012593072604,0.0848974905500711,0.1825545447678658,0.0006900771916885705,-10.783017167009477,0.41556844800123294,0
9009,0.4402005349747124,0.0598666138511999,0.1329769158482273,0.0038881063534513295,-8.857145639268554,2.3414399757421567,0
19532,0.4492059001545769,0.0510700621510535,0.1089317290326886,0.006346929526431419,-7.376428203289389,3.8221574117213217,0
20889,0.4345997360056663,0.0904417586847106,0.1907276926839894,0.0006057444761138308,-10.833802812657856,0.3647828023528543,0
21700,0.4329609242723025,0.0601325661369231,0.1518275181041158,0.0051604231852058115,-8.090949136172604,3.1076364788381063,0
11593,0.4324835420485652,0.0955137714361739,0.2128724975929146,0.001352760915553401,-10.383945222654493,0.8146403923562175,0
13093,0.4389852551679945,0.0705520422567017,0.1440906848649407,0.0022238777500923133,-9.859353662004194,1.3392319530065162,0
17119,0.4420185078255466,0.0596954237223684,0.1295197029086278,0.003932141246675536,-8.830627573673159,2.367958041337552,0
648,0.4362260421788889,0.082727136478847,0.195197591990192,0.0009084897594285696,-10.651487864356278,0.5470977506544319,0
15650,0.4261305270567919,0.0851109605832544,0.2087456627325853,0.0027062559070610164,-9.568862765542793,1.6297228494679175,0
1070,0.4442402490013011,0.080043375649766,0.165686287752426,0.002170612634037986,-9.891430220797767,1.307155394212943,0
18747,0.4373299605431626,0.0859747463864857,0.1779509099579445,0.0005594649357585394,-10.861672617646771,0.33691299736393887,0
11405,0.4203436008132663,0.1136145107966783,0.2880353577353319,0.007412746871507851,-6.734586877013392,4.4639987379973185,0
9600,0.4308925141316775,0.0770618599033894,0.1780560539644172,0.0012591503428639884,-10.440318047140774,0.758267567869936,0
13065,0.4444121222836062,0.0851363943128184,0.1551158901077607,0.004374753777035242,-8.564083765932747,2.6345018490779637,0
18240,0.4258817667494073,0.0793371017521444,0.1715208933510948,0.0037887582194050646,-8.916973656155188,2.281611958855523,0
2054,0.4430518059624431,0.0756625400492579,0.1549106705965167,0.001809967635020204,-10.108612710418237,1.0899729045924733,0
13534,0.4397503667002893,0.0736641559967249,0.1362904235734402,0.0037766418617726887,-8.924270196306578,2.2743154187041323,0
5568,0.4383332984079398,0.070569191661153,0.1585475190630385,0.001458013697556688,-10.320561392857293,0.8780242221534174,0
8220,0.4389664285365067,0.0897827476229974,0.2059152929782306,0.0024291582926918506,-9.735732540308812,1.4628530747018988,0
9296,0.4104902011032123,0.120689757003211,0.2625466353539969,0.010836309818994094,-4.672897608251912,6.525688006758799,0
12398,0.4302609359057915,0.1060758031632988,0.249579642423128,0.003998200275414544,-8.790846447184446,2.4077391678262643,0
3576,0.437335159058633,0.0777495335957147,0.1545886699241358,0.0016978709757013513,-10.176117962439784,1.022467652570926,0
21547,0.4372833966504424,0.0743221570541664,0.1714652896732762,0.0008766054211895103,-10.670688795958046,0.5278968190526641,0
9392,0.4175808066820197,0.1030070840000472,0.2482996396130857,0.004935328916997365,-8.226502197221421,2.972083417789289,0
4343,0.4364718708426547,0.086241195144103,0.1776622169589876,0.0005873305526671504,-10.844891783110025,0.35369383190068504,0
7514,0.4334218172704171,0.0853705236065699,0.1953285505597602,0.00023720315587466703,-11.055740512267022,0.14284510274368856,0
16914,0.4434774088082059,0.0665458457382546,0.145364608231512,0.0027627078089698656,-9.53486710600567,1.6637185090050401,0
4064,0.4283493827256075,0.0972647725454095,0.2125476129767567,0.0018122638246236692,-10.107229931851837,1.0913556831588735,0
805,0.4407602471863948,0.0549340487572795,0.1060785446155432,0.006870471644837239,-7.06114813284276,4.13743748216795,0
16184,0.4501404532725576,0.0756156883875406,0.1353222757481375,0.005187164812332876,-8.074845174737465,3.123740440273245,0
21120,0.4461643580356667,0.0527333324623338,0.1238729911286385,0.005963255362928275,-7.607478988021206,3.5911066269895047,0
6865,0.4346343105906788,0.0856711513950656,0.1972581345717508,0.0004163222311955644,-10.947873976414154,0.250711638596556,0
18892,0.4313655973995854,0.0768350195782294,0.2155185224182301,0.007911290739142665,-6.434360896747939,4.7642247182627715,0
20958,0.45255360433201,0.0690483288328134,0.1272210699271383,0.005308970674277395,-8.001492985134044,3.197092629876666,0
5226,0.4429371587705077,0.0821624426612319,0.1594676180629635,0.002411617637372291,-9.746295623679583,1.4522899913311278,0
12568,0.431682502826047,0.0942168479705721,0.2528123052499743,0.007942799176058475,-6.4153863350818625,4.783199279928848,0
9690,0.4364887645089251,0.0479354157613977,0.1223800339621678,0.008017138864299717,-6.37061854788444,4.82796706712627,0
2371,0.437419006122746,0.0758182231741351,0.1631525597656679,0.0006881713404906227,-10.784164881546332,0.4144207334643788,0
10197,0.4228369163231091,0.0856542759076737,0.1966656820206453,0.003768874473507154,-8.928947762128791,2.269637852881919,0
14550,0.4276357250549819,0.0969673174367498,0.2339248170874247,0.0025831166539183716,-9.643017930983493,1.555567684027217,0
18156,0.4283995612877889,0.0722447059116277,0.1530024281674947,0.0044677224104059145,-8.508097520990917,2.690488094019793,0
22104,0.4499762574966625,0.0766212780069986,0.1536217296554672,0.004779762528154103,-8.320185170012568,2.8784004449981424,0
15124,0.4300762643844363,0.089590441716998,0.222118188388778,0.0026190562714522568,-9.6213748869006,1.57721072811011,0
2038,0.4416365632905649,0.0698297476494499,0.1544567402905766,0.001925862517415465,-10.03882014664659,1.159765468364121,0
4913,0.4322747694604582,0.1031438679154839,0.2315985067548868,0.003210306944738566,-9.265320335849504,1.9332652791612066,0
17812,0.4424837962714016,0.0877091786803433,0.1849484731186715,0.0023709103436588726,-9.770809789738921,1.4277758252717891,0
7363,0.4352857039946282,0.0806591982674918,0.175503220666375,0.00012896048668025077,-11.120924869301872,0.07766074570883852,0
24301,0.4406308388711255,0.0756844495597944,0.1646046374316168,0.0009769612978784193,-10.610253910664468,0.5883317043462419,0
13117,0.4398984691988721,0.0842048447639274,0.1692300080517818,0.001243166857803447,-10.449943393638616,0.7486422213720942,0
11690,0.4242786783719698,0.0828184266853535,0.2363761917864509,0.010326358708467423,-4.979993095699514,6.218592519311196,0
1303,0.4314287241320972,0.0817353911723272,0.1790668672138137,0.0006604805628879753,-10.80084042684891,0.3977451881617995,0
11611,0.4197248760326791,0.1124035299235102,0.242662895065866,0.005761870652093701,-7.728754017453666,3.469831597557044,0
15482,0.4341978862272146,0.0693122811852689,0.1766389761392528,0.0032933650252090193,-9.215302282781254,1.9832833322294565,0
2282,0.4331028511747135,0.0955849235143919,0.230723658170411,0.003174935402657409,-9.286621281632263,1.9119643333784477,0
12002,0.4269921101618817,0.1069890394949436,0.2285287185303884,0.003909087442988088,-8.844510706653507,2.3540749083572035,0
106,0.4354238678330766,0.1033498106966634,0.2093549823075599,0.004593807006954398,-8.432168652835887,2.766416962174823,0
21654,0.4335603451919366,0.0790512691104848,0.199654082101266,0.0024545497471789484,-9.720441660591606,1.4781439544191048,0
21463,0.4307378434996901,0.104311432025237,0.2354970042122827,0.0031631265154709546,-9.293732661315293,1.9048529536954177,0
5028,0.428825139563239,0.0844698592773724,0.2102504369993403,0.0024052283295027234,-9.750143301572923,1.4484423134377877,0
10246,0.4373191156070201,0.0696359127777269,0.1577760522546022,0.0016696330966342375,-10.193122975386311,1.0054626396243993,0
22987,0.4346743479245116,0.0855960565145101,0.1880683500243017,2.2824248651001302e-05,-11.184840721391662,0.01374489361904807,0
11115,0.4205277293181175,0.1022137065877211,0.2408534847616852,0.0037177404977555223,-8.959740935992778,2.238844679017932,0
18440,0.4305150327325026,0.0971073326730193,0.2210159596937807,0.0017085056560528786,-10.169713696856308,1.0288719181544028,0
10489,0.4291513076372595,0.0940772602752823,0.1850564933387019,0.0037357117448435853,-8.948918547786093,2.2496670672246175,0
11208,0.4298230552895593,0.086417113890268,0.2083840760780917,0.0014597809947156522,-10.319497116358441,0.8790884986522691,0
22373,0.4264225965904357,0.1013138480848263,0.2444583290513439,0.0030605015274578753,-9.355534018479966,1.843051596530744,0
13406,0.4226767715820511,0.1095733121206135,0.2556059702971776,0.003789461189192031,-8.916550323712267,2.2820352912984436,0
1346,0.4418871055079019,0.0672847687616528,0.1523724573583586,0.002488917289612613,-9.699745329162614,1.4988402858480967,0
2068,0.4300467295258877,0.0934644817349806,0.2012634307522952,0.0011609534719368073,-10.499452766765303,0.6991328482454069,0
2147,0.4368543496695298,0.0874816903590039,0.2171847107375904,0.003887105176742394,-8.85774855363251,2.340837061378201,0
23938,0.4288408221848072,0.1018169050887482,0.228774979763342,0.0024033440327812386,-9.751278035880262,1.4473075791304488,0
22139,0.4371793805622051,0.0899782758753339,0.2204564783461253,0.004031785467897116,-8.770621251389098,2.427964363621612,0
13849,0.4379005603636262,0.0828895042300595,0.2111918072315974,0.0046543942952114005,-8.395682639890065,2.802902975120645,0
18483,0.4314310525165928,0.0872157446135181,0.1977931865630599,0.00037352248504631994,-10.973648229347463,0.22493738566324772,0
2415,0.4307578290079204,0.0771923389701641,0.200016348415381,0.0034830960239576937,-9.101045185695087,2.0975404293156235,0
13652,0.4249097161724622,0.0948504206609321,0.2207843567561243,0.0023377258945368557,-9.790793655581043,1.4077919594296677,0
5531,0.4389749010465605,0.081281944323466,0.1638561906518275,0.00105797338801251,-10.561467964727056,0.6371176502836544,0
7698,0.4309010536440804,0.0803649247125351,0.1726074730314976,0.0013004192634281043,-10.41546566616648,0.7831199488442309,0
20681,0.431969317631709,0.0982706407839168,0.2181349303865773,0.001880538563858017,-10.066114491777835,1.1324711232328752,0
22744,0.4364307974632056,0.0745729532351511,0.1863932301920165,0.002348525154419368,-9.784290279258814,1.4142953357518966,0
11194,0.4391285804309818,0.0732398112860669,0.1721667578121796,0.0014782391917558626,-10.308381484093982,0.8902041309167288,0
17592,0.4377403988814974,0.0871678939806914,0.196586890865266,0.0009453934596056937,-10.629264244168827,0.5693213708418838,0
23905,0.4385785672538173,0.0939915790651125,0.1974100233723971,0.002150494864855075,-9.903545256937612,1.2950403580730985,0
14844,0.4329637522389634,0.086858469993538,0.1835475484321678,0.00046543406997575824,-10.918298545047655,0.2802870699630553,0
3796,0.4422837089181065,0.0644149851039495,0.147265449098802,0.003116781812421966,-9.321641707652587,1.8769439073581236,0
14350,0.4441483340203509,0.0760277956384899,0.143816973816278,0.0030609640412354784,-9.355255490026842,1.8433301249838685,0
8809,0.44011581894835,0.0895195456942986,0.1961210169901418,0.0019501335357587598,-10.024204000009933,1.1743816150007778,0
11460,0.4324961649257109,0.0995253188209326,0.1965731144532073,0.0036688009294625823,-8.98921262508249,2.2093729899282195,0
1508,0.4329057646986621,0.1010040369529766,0.2190569097970383,0.0026716439869394924,-9.589706262618893,1.608879352391817,0
6406,0.4335941012701629,0.0841657228066991,0.1873134551436385,3.2587109767880324e-05,-11.178961470358216,0.019624144652494735,0
4713,0.4507706866165795,0.0821695673603187,0.1780042937289621,0.007809697562284211,-6.495540891309527,4.703044723701184,0
12216,0.4356988048443956,0.061762013464615,0.1493521953039331,0.003969166705779098,-8.808330629560935,2.3902549854497757,0
13861,0.4382012063299783,0.0843069904770933,0.1848747720760077,0.0003862189159797018,-10.966002365722801,0.2325832492879094,0
5992,0.4415508903845505,0.0723351231313967,0.1535031927857396,0.0015950149282492828,-10.23805846492561,0.9605271500851007,0
6051,0.4382315428447812,0.0834122680856174,0.1726832441925423,0.0005622346424893911,-10.860004684346814,0.3385809306638965,0
19487,0.4409254433143616,0.0612870282437188,0.139770914093288,0.0035701840925430844,-9.04860025063949,2.1499853643712203,0
20567,0.4412669980409848,0.0735396759217734,0.1528629618789903,0.0015386607742711516,-10.27199526009748,0.9265903549132304,0
360,0.4357792644881667,0.0812904249699534,0.1418956243523151,0.006196991830905736,-7.46672154463867,3.7318640703720405,0
2712,0.4322131089703334,0.0814814486078208,0.1656180584346948,0.0018757095403200543,-10.06902255748585,1.1295630575248605,0
21344,0.4262138584149942,0.0860892337297707,0.2231171775666223,0.004469492666707451,-8.507031462479414,2.691554152531296,0
11168,0.4223831315529458,0.104241319310173,0.2421329387483145,0.003248848848864675,-9.242110179835642,1.9564754351750686,0
19935,0.4256420721069012,0.0677671223719994,0.1467363760945833,0.006630889828874795,-7.205425678352135,3.993159936658575,0
9045,0.4190134263709293,0.1158836865115758,0.2502170834817341,0.0064526591918521205,-7.312757191559443,3.885828423451267,0
4588,0.4309739483188026,0.0874883455995219,0.1869775669646205,0.000730791220905733,-10.758498944791102,0.4400866702196087,0
23888,0.4478537094441351,0.0772518232177148,0.1611773174721412,0.0039052683909810357,-8.846810561705263,2.351775053305447,0
17910,0.429373228884732,0.0972556140521125,0.2060079073365096,0.0019995184754879308,-9.99446410568352,1.2041215093271909,0
4400,0.440929690816939,0.0762913104521647,0.1720241659025362,0.0012141185415810321,-10.467436456494468,0.7311491585162422,0
4856,0.4348350822482464,0.0785990039412448,0.1700564286309553,0.00044303003062050295,-10.93179038621551,0.2667952287951998,0
7739,0.4312967928489756,0.0900553363952685,0.1961038438703652,0.0005492650331983044,-10.86781505754737,0.3307705574633406,0
16648,0.4140109049930341,0.1246245354198564,0.289722214834192,0.008606309942316622,-6.015816341047855,5.1827692739628555,0
20967,0.4320321936663976,0.0965734186695255,0.2203194866855436,0.0017851461132017278,-10.123560373409232,1.0750252416014785,0
15274,0.4284263367962828,0.0731668943880868,0.1819506455655306,0.003392925725041502,-9.155346257557378,2.0432393574533325,0
21912,0.4304002748145177,0.0895940673873083,0.2115908282216334,0.0012016002130932025,-10.474975065803562,0.7236105492071481,0
12446,0.4078357612894311,0.1321814602644385,0.3064866978355768,0.013187139194708096,-3.2572146572030674,7.941370957807643,0
3889,0.4402961227095694,0.0709361168122987,0.1575997851052164,0.0015370416178546085,-10.272970325390462,0.9256152896202483,0
12305,0.4293376288011851,0.0899411538193038,0.196381713014332,0.0009555704388913241,-10.623135608795845,0.5754500062148651,0
18770,0.4345073571344064,0.091793184795255,0.1998376106713183,0.0006952310484176835,-10.77991348488821,0.41867213012250026,0
6078,0.4354343582449747,0.0885234177415699,0.1851262411924553,0.0005073407695179101,-10.893062089909973,0.3055235251007371,0
17268,0.4323194455016914,0.0792847817454183,0.1792992258781205,0.0005453091238176768,-10.870197328895475,0.32838828611523496,0
21040,0.4372193566182026,0.0953488251641145,0.1982192869433384,0.0021105440221324857,-9.927603883865917,1.2709817311447935,0
23972,0.4398598501410741,0.0654989566590241,0.1594782797288797,0.003289786916305695,-9.21745704051219,1.9811285744985199,0
13019,0.4356646614909361,0.0932829442011912,0.1904025800544939,0.0015190137696409437,-10.28382679912005,0.9147588158906608,0
1383,0.4365215585596387,0.0842250982006832,0.1681362722272582,0.0011850653824110695,-10.484932435801147,0.7136531792095635,0
23290,0.4404379560046411,0.0775508248803072,0.1330163989182377,0.005775282101420269,-7.720677565646222,3.4779080493644887,0
20310,0.4352078714591601,0.0910641131884372,0.1846033242604092,0.0012657646710590247,-10.436334860715128,0.7622507542955823,0
2531,0.4383579567340852,0.0781626319697257,0.1590578567478378,0.0010965583463789083,-10.538231881202428,0.6603537338082823,0
7555,0.4389712690448165,0.0886704539664299,0.1781405137634836,0.0014814111675071648,-10.306471302079647,0.8921143129310636,0
18662,0.4341431172895179,0.0891667181137901,0.1812223980106859,0.0010948794694150752,-10.539242910551968,0.6593427044587425,0
9620,0.4404939120836652,0.0972521019502773,0.2054835375739657,0.004211444603737654,-8.662429487989694,2.536156127021016,0
9486,0.4499152696598838,0.0818815488207747,0.1651160550378339,0.005672247613824862,-7.782725525811162,3.4158600891995485,0
1109,0.434937684475122,0.0782012401429799,0.1718543138918628,0.00035937407454726575,-10.982168483405403,0.21641713160530784,0
21729,0.4471282401440342,0.068426659138262,0.1422804730962936,0.003428552679570298,-9.133891500931798,2.064694114078913,0
16620,0.4334137184716026,0.1022742357691739,0.2404667606439647,0.00408117797703082,-8.740876798723804,2.4577088162869067,0
12203,0.4384130528822534,0.0646535946292419,0.1316341935280453,0.0036906321384385923,-8.976065745658826,2.222519869351885,0
6685,0.43833461905958,0.0804368858637404,0.201275780540321,0.0034265195905050956,-9.13511583884305,2.0634697761676613,0
17435,0.4263439179876835,0.0884756001965744,0.2258501387190478,0.003899716289498346,-8.850154069104285,2.3484315459064256,0
24764,0.433219906537489,0.0944100884303743,0.2172502186582184,0.0016704966942264442,-10.192602911956577,1.0059827030541335,0
7287,0.4342420428057715,0.0839457643082014,0.1875319753518298,1.0147401373306346e-05,-11.192474791626399,0.006110823384311459,0
1827,0.4418413448535605,0.081790140792046,0.159796654206104,0.002021262864342303,-9.98136950983572,1.217216105174991,0
16962,0.4387626499311192,0.0596064521011505,0.1308989316769634,0.004142456384133264,-8.703974590040108,2.4946110249706024,0
14278,0.4315841072336867,0.0834021462880326,0.1744400050094909,0.001167715456867629,-10.495380660605363,0.7032049544053471,0
24796,0.4303552171911402,0.0890846468966096,0.2406491214492619,0.0070188675619567605,-6.971783259304221,4.226802355706489,0
5745,0.4374355312779679,0.0712395081795228,0.1633971142108142,0.0013540460261722855,-10.383171321659312,0.8154142933513988,0
4214,0.4317007270050871,0.0845929048514938,0.1874361031630013,0.00029248665499901293,-11.022448471596954,0.1761371434137562,0
10083,0.4407186026602134,0.0769997653952423,0.1494316087402819,0.0021720533813041126,-9.890562594519784,1.3080230204909267,0
7481,0.4442561896706011,0.0759904070603728,0.149170465093578,0.00252151214158854,-9.68011652210797,1.5184690929027411,0
19445,0.4286912063777289,0.0707921985621591,0.1550963618955911,0.0040667109667747075,-8.749588915385187,2.448996699625523,0
24117,0.4453458910997235,0.0726699079855275,0.1502980371794156,0.002608849382806548,-9.627521533861993,1.5710640811487178,0
23934,0.4274079524264658,0.1116796378392877,0.2465971589029878,0.004424327735120933,-8.53423004366649,2.6643555713442204,0
22560,0.4348165414976456,0.0707413302176868,0.1760796897471786,0.0024852480418415318,-9.701954971243131,1.4966306437675794,0
10487,0.4167924337680269,0.1020489972575178,0.2153610576751667,0.00790208924274002,-6.439902090726513,4.758683524284197,0
9327,0.4246150616181608,0.0878525899400423,0.1637405648239581,0.008641788485765646,-5.9944509584268495,5.204134656583861,0
6985,0.4280504966773349,0.0865015267711933,0.1922232393085244,0.0012970714238757161,-10.417481754371828,0.7811038606388827,0
3607,0.4422755577779051,0.0807194418574381,0.1804420995770765,0.0018032032923252733,-10.112686236437264,1.0858993785734459,0
1149,0.4467286723545451,0.0683856902112963,0.1305337974175876,0.0037386593988608966,-8.947143453608264,2.251442161402446,0
21152,0.4277904034767235,0.0972199183340144,0.2031061377366708,0.002657112118994697,-9.598457436952884,1.600128178057826,0
5080,0.4317438138983185,0.1032862790130808,0.2403665413484215,0.003534143148796186,-9.070304313949784,2.1282813010609267,0
5974,0.4418996638901487,0.0629792640350281,0.1479280674400575,0.0035580162910223015,-9.055927770595925,2.142657844414785,0
11331,0.4346942801545732,0.077170494582507,0.1679442603152444,0.0006230922511886186,-10.823355882878213,0.3752297321324978,0
2807,0.4368588788095955,0.0811112278253629,0.1782423624533003,8.884863447324093e-05,-11.145080457066385,0.05350515794432553,0
13000,0.455944393708106,0.0719384356577341,0.1278421398261063,0.006853036332927132,-7.071647777807363,4.126937837203347,0
22593,0.4377131909193316,0.0686750476276306,0.1481720289464006,0.002089362879209887,-9.940359289778838,1.2582263252318722,0
20422,0.4353432784854703,0.0909637078206424,0.2018221762914566,0.0007910256847694983,-10.722225404721184,0.4763602102895259,0
6524,0.4393655917467134,0.0865591708939058,0.169195375024242,0.0018427410923226146,-10.08887634621024,1.1097092688004704,0
1931,0.4318997403953554,0.0916245074558228,0.1964390725575283,0.0007211239105443922,-10.764320654610808,0.4342649603999025,0
2009,0.4303877508740516,0.0802256110240672,0.1860456767741563,0.0009511711176946315,-10.625784905286134,0.5728007097245769,0
12534,0.4254112299760744,0.1169754526057334,0.2489003278067391,0.006399620564994106,-7.344697357258252,3.853888257752458,0
10485,0.4204958405794871,0.1122844270046485,0.2131249598275756,0.012226060057986465,-3.8359820328882175,7.362603582122492,0
5462,0.4374122447967644,0.0776658380458036,0.1570850140135868,0.0013239251911023992,-10.401310261524669,0.7972753534860413,0
3546,0.4396742562398908,0.0723936080453437,0.1523523755072376,0.0014692316785522392,-10.313805860276045,0.8847797547346659,0
12926,0.4397458527654804,0.0807799940602576,0.1833363582482702,0.000964256975256912,-10.617904526709042,0.5806810883016684,0
8229,0.4364143817389655,0.0920330269263545,0.1806254793304232,0.0021618184366868284,-9.896726136948386,1.3018594780623243,0
501,0.4320993014337431,0.0873218989518081,0.2137318358192218,0.0019742171809439277,-10.009700690565198,1.188884924445512,0
7414,0.4353376558099236,0.0926587000453869,0.1882255593388168,0.0014654025721075373,-10.316111770167897,0.8824738448428135,0
136,0.430236446845294,0.0872246622161654,0.1708138783511174,0.003342928815144111,-9.185454683833685,2.0131309311770256,0
15605,0.4262466295459074,0.0838696677786799,0.2032922174783133,0.0024985746669635195,-9.693929601058837,1.5046560139518732,0
12176,0.4313403306989712,0.0729152734892487,0.1805134963525297,0.0024878222159789225,-9.700404788793914,1.498180826216796,0
5159,0.4324356255648007,0.0869293687301875,0.1995955937721564,0.0003957615286147263,-10.960255749590031,0.23832986542067935,0
1105,0.4338041254472616,0.0909977763463573,0.2039273743709196,0.0006677972844515572,-10.796434255102827,0.402151359907883,0
11102,0.4321811671696096,0.0888759347514373,0.1905700910822361,0.0004656319674254465,-10.918179370066913,0.28040624494379784,0
2588,0.4334396350268547,0.0853517668259671,0.1922047235927564,9.890695480573052e-05,-11.139023278796452,0.05956233621425788,0
23229,0.4264926161998323,0.0859090240784572,0.2051960793969157,0.0020889331850033836,-9.940618054097762,1.2579675609129488,0
19530,0.4308278253723047,0.0631292232569954,0.1468249874365822,0.004710554517852331,-8.36186263128322,2.8367229837274905,0
14842,0.432356622605957,0.0913745342539375,0.1749526316185072,0.003453942552826601,-9.118601573440857,2.079984041569853,0
18860,0.4276707501680217,0.0923125101414391,0.2281085732864381,0.00281899614310726,-9.5009699479199,1.69761566709081,0
14626,0.4282540311550053,0.0861940343413923,0.2052121141209767,0.001488100919519134,-10.302442694998279,0.8961429200124318,0
13899,0.4187846387171332,0.1098507469413308,0.2492534716978446,0.004703629997532556,-8.366032617187841,2.8325529978228694,0
24583,0.4371360317350752,0.0713956228150548,0.1771991559772118,0.0024436909199741755,-9.7269809086974,1.471604706313311,0
13295,0.4301022584466536,0.0910192712978628,0.1943712260470684,0.001050659165453778,-10.565872631558067,0.6327129834526435,0
8207,0.424606994873778,0.0934305896505483,0.2258525917538333,0.002829028721353496,-9.494928271682149,1.7036573433285618,0
11388,0.4282654333132492,0.0814465089863211,0.1673785590351534,0.0033481228622570702,-9.182326798832449,2.0162588161782615,0
21656,0.4376955481410299,0.0777143901608953,0.1855860871573949,0.0012764451196579318,-10.429903033230229,0.7686825817804817,0
15054,0.4243686474706231,0.0947098926780487,0.2316539739935769,0.0031267648844640456,-9.315629844335296,1.882955770675414,0
23857,0.4258608415234591,0.0722293588718141,0.1635227790468268,0.004610739716172108,-8.421971678099132,2.7766139369115788,0
10961,0.4497109711841622,0.0713989543197085,0.111231102953139,0.00790193341154415,-6.4399959331676175,4.758589681843093,0
12299,0.4361802541641927,0.0812781146256634,0.1593892080697202,0.0018434238805895315,-10.088465167194597,1.1101204478161133,0
2802,0.4432686925368709,0.0779545277176779,0.1425737010928451,0.0036387465150127247,-9.007311566069008,2.191274048941702,0
2200,0.4316262496481192,0.0842807126764588,0.1821514945732799,0.0005275760304787178,-10.880876299546715,0.31770931546399517,0
5749,0.4323289304314579,0.0739947076067042,0.1642216462606607,0.0016534252249304313,-10.202883448809397,0.9957021662013137,0
10163,0.4294252207230014,0.0691626880266153,0.1803795067384405,0.004745815638172264,-8.34062818211923,2.85795743289148,0
11038,0.4216907802849575,0.1161436174129253,0.2445540624327389,0.006778411462811253,-7.116587303167513,4.081998311843197,0
1713,0.4343070326780227,0.0792885925171072,0.1683434771511825,0.0006723008262822973,-10.793722196348169,0.4048634186625417,0
3449,0.4425371280831795,0.0759228570785289,0.1569270960099057,0.0015940788633581062,-10.238622168578969,0.9599634464317415,0
6162,0.4357378687154847,0.0790322206862096,0.185433972576822,0.0005896163483736179,-10.84351526380809,0.3550703512026203,0
22545,0.4359136019539654,0.0838330581307695,0.1878492903561267,9.615622497451857e-05,-11.140679784098461,0.0579058309122491,0
5448,0.4297995986860327,0.0938461359561241,0.1934250520079893,0.0020211910432589627,-9.98141276090458,1.2171728541061295,0
8453,0.4303111735889471,0.0869224730776861,0.1977469224292717,0.0005601937490785487,-10.861233722079831,0.3373518929308794,0
15277,0.4275319831388602,0.0898770691775401,0.2058951302690263,0.0013504258759405212,-10.385351396919681,0.8132342180910292,0
6801,0.4330942484221521,0.0887971917048899,0.1731318989860236,0.0024586252297138242,-9.717987381603294,1.4805982334074166,0
11630,0.4300466507507465,0.0832982307053908,0.2035938446413367,0.0016500256211380243,-10.20493070973737,0.9936549052733401,0
4965,0.4295919983040062,0.0916435365785416,0.2131063503748208,0.0012003151500422729,-10.475748938153048,0.7228366768576624,0
12918,0.4355326188268019,0.0713533268493619,0.1799126579644588,0.0027287875103958006,-9.555294104613855,1.643291510396855,0
23071,0.4337181133290687,0.0858340537959995,0.1929639121413455,0.00010506905759748946,-11.135312425105825,0.06327318990488529,0
20879,0.4416572561650014,0.0696005963588211,0.1426800134634855,0.0023000225881263663,-9.813498803234427,1.385086811776283,0
19226,0.45175340630867,0.0666673772648106,0.1190136520071262,0.005405747320277107,-7.943213533117298,3.2553720818934124,0
2064,0.4447694624385164,0.0799637238551084,0.1857177268699199,0.004181615709489271,-8.680392619415704,2.5181929955950064,0
19327,0.4389943568346569,0.0558809941274645,0.144576998476471,0.005981877265233351,-7.596264771506072,3.6023208435046383,0
13014,0.4296570482369712,0.090773782220745,0.2252167855083886,0.0027751240469913196,-9.527389976161741,1.6711956388489693,0
18092,0.4301311814462136,0.0606994953415728,0.1399861332641381,0.0057552535041429445,-7.732738901952401,3.4658467130583093,0
761,0.4502402417006793,0.0719047000474388,0.1355382157973786,0.004550076191580604,-8.458503601003422,2.740082014007289,0
292,0.4396446599021698,0.0745715424903794,0.1837845330313905,0.002741137487762966,-9.547856877316478,1.650728737694232,0
19454,0.4286808449989169,0.0681949601821623,0.1686657859998945,0.004250589862624718,-8.638855988273672,2.559729626737038,0
1119,0.4513298497348021,0.0770477195268279,0.1451357875029638,0.005369651157460401,-7.964950849668557,3.2336347653421535,0
17439,0.4387755930475976,0.0911028931733939,0.2003388353605552,0.001790866756849659,-10.120115368950351,1.078470246060359,0
6592,0.4348203814389664,0.0838340004200386,0.1752697731009048,0.00042215546531647406,-10.94436116932583,0.2542244456848799,0
24590,0.4320045349493788,0.0883637535397217,0.2164366916118988,0.0021419669071682506,-9.908680842033334,1.2899047729773763,0
12426,0.4228718450492353,0.1055288040618472,0.2030287274763006,0.009049415930799816,-5.74897536999151,5.4496102450192,0
15244,0.4311203546448666,0.092718223245848,0.1848760016766894,0.0024737989576725,-9.708849675482693,1.4897359395280176,0
16866,0.4388850482657905,0.0725998788714333,0.1426763228935843,0.0025640382031429806,-9.654507083609444,1.5440785314012668,0
3403,0.4398866230989058,0.0672099647828402,0.1457729469871445,0.0022776399301282753,-9.826977768426204,1.3716078465845065,0
3678,0.4455416486139871,0.0827080052362983,0.1512304222374973,0.004283381173249003,-8.61910887269271,2.5794767423180005,0
6873,0.4352620615106808,0.098852041467612,0.2440737103578961,0.005718266574217278,-7.75501264357242,3.4435729714382903,0
17829,0.4488061233424859,0.0698588928605076,0.1441784318944617,0.003977068341510709,-8.803572219143657,2.3950133958670534,0
1866,0.4387370981755059,0.0862700691143198,0.1638585480588398,0.0025212943711046317,-9.680247664744051,1.518337950266659,0
13563,0.4498475532737024,0.0625715331370442,0.136282135738597,0.005009671060688311,-8.181732931338086,3.0168526836726244,0
16789,0.4363912737840308,0.0750839232302283,0.1578818970962971,0.0011667300984829897,-10.495974049083582,0.7026115659271284,0
2257,0.4336830805449566,0.0819079330110266,0.1722805961107476,0.0006373870407547424,-10.814747478505417,0.3838381365052932,0
9749,0.4416146416896188,0.0471501622920058,0.1205616632997678,0.0077216052601787755,-6.548590581558285,4.649995033452425,0
15531,0.431882724158134,0.0568959456438653,0.1487553038675861,0.00649475172964355,-7.287408823560764,3.9111767914499467,0
23253,0.4348066109236423,0.0676048804292847,0.1723405143879227,0.003551158091552906,-9.060057817703562,2.138527797307148,0
10414,0.4227252138959741,0.104849157640286,0.2421399594236792,0.0032202046019413617,-9.259359909838974,1.9392257051717365,0
20364,0.4469428964907291,0.059696234753702,0.1383566307206407,0.0050413014684048615,-8.162684918155316,3.0359006968553945,0
23992,0.4347815574018706,0.0876963504885632,0.1964666736893554,0.0002904300367532419,-11.023686978915874,0.17489863609483614,0
742,0.4405472878865582,0.0802399771725391,0.1920791062127431,0.0026094860718212007,-9.627138116080815,1.5714474989298957,0
17788,0.4279291601896783,0.0848514092098739,0.2027808948839509,0.001651029025756814,-10.204326453713305,0.9942591612974052,0
21971,0.4265653239365541,0.095566618337129,0.2173799745824053,0.0018638864882173725,-10.076142467362782,1.1224431476479282,0
18104,0.4350333233245402,0.0594574560917073,0.1546922220029976,0.005495264042585401,-7.889306048841823,3.309279566168887,0
9811,0.4478229769370309,0.0624332480127276,0.1289448878890646,0.0041087001366854545,-8.724302796117904,2.4742828188928065,0
16388,0.4326183162223593,0.0877035200367581,0.1787178521102433,0.0012555919693100466,-10.442460920130971,0.7561246948797393,0
7464,0.4341298464366746,0.095824297433672,0.2066229845566384,0.0014895249039241923,-10.3015851634115,0.8970004515992098,0
3511,0.4425045884102423,0.0941512496100373,0.1900188656903504,0.004123192684892335,-8.715575300355901,2.483010314654809,0
10314,0.4276769529775823,0.0904502833117525,0.2079445305769122,0.0013419596911153828,-10.39044978204333,0.8081358329673805,0
14935,0.4392022577394016,0.0747393440821825,0.1593161132397497,0.000961890978499791,-10.619329343544281,0.5792562714664289,0
19290,0.4378672645838853,0.0650918051019692,0.156858146409753,0.0030423462795991303,-9.366467213007487,1.832118402003223,0
4976,0.435819381907834,0.0800893935378084,0.1621665399494063,0.001204662576534235,-10.473130892951984,0.7254547220587266,0
12351,0.4271119754571098,0.0922322155383763,0.222855620307708,0.002263258895785871,-9.835638109898586,1.3629475051121247,0
10748,0.4250982015139976,0.0955090439646922,0.2376327820605915,0.0034627381042714954,-9.113304841847214,2.085280773163497,0
6125,0.4349049920782267,0.0860417126568499,0.2037499476919372,0.0011335362288640847,-10.515963588003032,0.6826220270076782,0
10107,0.4308685213107143,0.0900876010751488,0.1872123706656521,0.0012935389054901621,-10.419609057231133,0.7789765577795773,0
2620,0.4326463173732617,0.0916856764344,0.2039169198939247,0.0006408810235128209,-10.81264338202229,0.3859422329884197,0
2623,0.4377610136693932,0.0859430294941133,0.1980934371897853,0.0011918814673290204,-10.480827750318257,0.7177578646924534,0
15681,0.4250181917794015,0.0906184265838855,0.2177307346889268,0.00260625086147634,-9.629086378330552,1.5694992366801586,0
23644,0.4276713656369084,0.1044363461005065,0.241195016658615,0.0028966546476227595,-9.454203550501903,1.744382064508807,0
24089,0.4382837055210619,0.0773055698845048,0.159779374698374,0.0009418402763136304,-10.631403991553512,0.5671816234571985,0
19209,0.4316139290135496,0.099932771226912,0.2154237395794145,0.002235270503953834,-9.852492880199325,1.3460927348113856,0
15710,0.4208117203529068,0.1135030358117031,0.253675231070909,0.004820018652780764,-8.295942700568373,2.902642914442337,0
6358,0.4409979422282975,0.0820415025541907,0.181135045655365,0.0011704945123072969,-10.493707097459266,0.7048785175514443,0
14333,0.4341825027657266,0.0751819216947604,0.1908505267583657,0.002624155918505898,-9.618303850157233,1.5802817648534777,0
4101,0.434814461621277,0.0822599743447597,0.1912932610184637,0.0003800386990490553,-10.969724127851897,0.22886148715881305,0
15556,0.434083655693849,0.0668453326187461,0.1626203931044862,0.0030067177569741365,-9.387922913949604,1.8106627010611067,0
21945,0.4320652476688377,0.0919873648159115,0.2079063572111037,0.0008049357344802753,-10.71384869289887,0.48473692211184094,0
5907,0.4354889945121868,0.0855804144489243,0.1916274572615658,0.0001532710066004879,-11.10628493458872,0.09230068042199058,0
5264,0.4582044565631823,0.0631710442634206,0.0937873181938411,0.009639398498319213,-5.393684479516077,5.804901135494633,0
4308,0.4314897700429782,0.1070359762186489,0.2693300168709898,0.007528868469800916,-6.66465778362604,4.533927831384671,0
4890,0.4349339558656302,0.0993478861606485,0.2036667498209764,0.0029138734102993084,-9.443834312729408,1.7547513022813028,0
3742,0.4329628153521985,0.0833379038491647,0.1836410744795456,0.00014202841453969103,-11.113055288094802,0.085530326915908,0
1160,0.4331468821162022,0.1014080738081787,0.2029204677550678,0.0038292866392495143,-8.892567208967028,2.306018406043682,0
16970,0.4350298116156496,0.0640676844335385,0.1616385345827602,0.004016545654974115,-8.779798754254747,2.4187868607559633,0
17015,0.432970759394113,0.0756828997146643,0.1617256943774568,0.0015643540504715696,-10.256522621611127,0.942062993399583,0
22096,0.4458233244764969,0.0799576040875941,0.1760665997761782,0.003590349509912948,-9.036456520487816,2.1621290945228946,0
16106,0.4436359269761816,0.094213094775125,0.1926598763276785,0.004855437563827597,-8.27461322892244,2.92397238608827,0
1057,0.438520099305196,0.0896976439738749,0.2128391075949264,0.003302030365086083,-9.210083965341573,1.9885016496691374,0
9537,0.4343325576654617,0.0580003678287994,0.1495024962244664,0.005681796956946528,-7.776974856540682,3.4216107584700284,0
8231,0.4526776567194064,0.0530097161667112,0.0972581810909551,0.007056539430385297,-6.949097043784119,4.249488571226592,0
21080,0.4307772062749327,0.1141273784782777,0.2215282619800109,0.009487743396440904,-5.485012052834106,5.713573562176604,0
4859,0.4314666698082722,0.0881756661204582,0.1801134002673621,0.0015050707176058175,-10.292223385131622,0.9063622298790879,0
17208,0.4342551777750709,0.0573517233132148,0.1196165730517594,0.006771682482796926,-7.12063953357719,4.07794608143352,0
7163,0.4355417392486471,0.0864039912651413,0.1945049964018979,0.0002901180423441043,-11.023874863740865,0.1747107512698456,0
13854,0.4338065449363321,0.085233942166911,0.2134736252483447,0.0028473856564428185,-9.483873619946069,1.7147119950646417,0
5643,0.4396246880380022,0.0822718722641193,0.1655964528346647,0.0011307800247470023,-10.517623389951432,0.6809622250592788,0
22372,0.4375255480790805,0.0857304554251488,0.1882487366254948,0.0003688212087101522,-10.976479364956894,0.222106250053816,0
3881,0.426584464416199,0.0920407458805482,0.2079106039057345,0.00168945161193954,-10.1811881516502,1.0173974633605098,0
17747,0.4153334683960568,0.1164259976416683,0.2684432856800539,0.006430415361736889,-7.326152553802863,3.8724330612078477,0
4195,0.4352050510489142,0.0806569240136923,0.1547102840040846,0.002792690600310456,-9.51681129686689,1.6817743181438196,0
14587,0.4369280151908922,0.0913632840356166,0.193965895399481,0.0010078323693349285,-10.591663174138422,0.6069224408722889,0
2173,0.4336971054471196,0.0903904483543882,0.2145600849837974,0.0017156402156984262,-10.165417224063434,1.0331683909472762,0
1350,0.4368965052145085,0.0901778965136401,0.2001032767133181,0.0010149190924221493,-10.587395508795701,0.6111901062150089,0
15776,0.4535148775304299,0.0654708626775588,0.0996803845566566,0.008535226259883646,-6.058623342848047,5.139962272162664,0
4329,0.453728889696097,0.0584348728147954,0.1274103871409028,0.006716858578390884,-7.153654803668408,4.044930811342303,0
16727,0.4456518779956928,0.0753683549572011,0.1359315970117011,0.004188861383087755,-8.676029233162236,2.5225563818484744,0
12054,0.4283997434338403,0.0809643622017409,0.1935781007227508,0.001737358242776873,-10.152338503428494,1.0462471115822165,0
5616,0.4404207783959116,0.0858885607088453,0.1471551085940338,0.00611377087712753,-7.5168376809482425,3.681747934062468,0
8698,0.4336342915838818,0.0875416986479197,0.1682086318923813,0.0028107436881536197,-9.505939623687466,1.6926459913232446,0
9562,0.4306747332853013,0.0815311466849223,0.1962367664870005,0.001208964016299414,-10.470540541221894,0.7280450737888167,0
20613,0.4374233488077972,0.068553895376025,0.1626078092838507,0.002126350232591656,-9.918085293151123,1.2805003218595878,0
22291,0.4302544663034143,0.08307357251367,0.2027444706776156,0.00157777291839287,-10.24844170228333,0.9501439127273805,0
9761,0.4283143615494899,0.0859610663967173,0.2043737184449741,0.0014501477034259145,-10.325298339697854,0.8732872753128564,0
13255,0.4232932668549997,0.1117275435659965,0.2279303317526092,0.00693705474640883,-7.021051406684475,4.177534208326235,0
5544,0.4387735369761236,0.0755997615984969,0.1715204279840794,0.0007796908532312622,-10.72905130537032,0.469534309640391,0
5173,0.4411948773355989,0.0652096972497664,0.1491499845170045,0.002811051378879517,-9.505754330565239,1.6928312844454716,0
14169,0.433860603923465,0.0920184906693018,0.220690579087032,0.0024181741107926,-9.742347277731541,1.456238337279169,0
14178,0.4214902908045016,0.1009303833056604,0.221240745279419,0.004147659430888398,-8.700841285402669,2.4977443296080413,0
15714,0.4382729871782772,0.0853008078235313,0.1733307516496504,0.0008824138617654963,-10.667190919684867,0.5313946953258437,0
2435,0.4361798778544797,0.0975975584795437,0.2077977228833918,0.002440655964314139,-9.728808576425857,1.4697770385848532,0
2291,0.4328116916308673,0.0818794196619285,0.1893822381233861,0.0003388995718453454,-10.994498346519142,0.204087268491568,0
7235,0.4267339348444446,0.0919163425670064,0.2210159503707019,0.002205249917185047,-9.870571449962027,1.3280141650486836,0
17503,0.4342148533420103,0.0807480850838434,0.1811700846623932,0.0001150807142183384,-11.129283347991036,0.06930226701967435,0
8252,0.43400894291202,0.0886834923888224,0.2124507656756745,0.0017478993750224465,-10.145990573051677,1.0525950419590338,0
947,0.4394595750365622,0.0902524206382358,0.2128125932768168,0.003739988765742832,-8.946342901237307,2.252242713773404,0
9254,0.4420649920547949,0.0716340122042318,0.1631154823810761,0.0019972076641864627,-9.99585568952043,1.2027299254902797,0
19131,0.432833639507962,0.0946065148330035,0.2061789169576442,0.0010928658863505606,-10.540455501837581,0.6581301131731294,0
8694,0.4330197194373233,0.0917023789275707,0.1980318073956566,0.0006140532846278109,-10.828799200452611,0.36978641455809935,0
17759,0.4246945559851564,0.0988329449460597,0.2272478618111295,0.002491037458234058,-9.698468551442488,1.5001170635682222,0
7158,0.4416245567811527,0.0802600311357536,0.1727747379219667,0.0011301296461801356,-10.518015051659573,0.6805705633511376,0
7029,0.4304912023828299,0.0900724711060359,0.1920996520775272,0.00092606496930771,-10.640903972031278,0.557681642979432,0
7918,0.4329592110788645,0.0982571578212834,0.2282252011032221,0.0026737979963375436,-9.588409105788745,1.610176509221965,0
4941,0.4323437720375598,0.0915556041759953,0.2020398967700778,0.000589753329442548,-10.843432773021688,0.35515284198902286,0
6723,0.4353386894381859,0.0780649002760411,0.1706409228158395,0.00036953585997617755,-10.976048997860197,0.22253661715051365,0
2974,0.4322849082930535,0.0898630902760826,0.1990637160084136,0.0003976144784919595,-10.959139892532328,0.2394457224783828,0
10003,0.4308654510139071,0.0916359914099386,0.2066634890840836,0.0007664436233862038,-10.737028863262873,0.46155675174783717,0
12023,0.437113196596638,0.0860178663176177,0.1948579668033677,0.0006532582819323248,-10.805189725918519,0.3933958890921918,0
8087,0.4356202786575231,0.076564867721769,0.1962719599459111,0.0032182156001053755,-9.260557698167595,1.9380279168431152,0
24266,0.4275136317736817,0.0865217207702088,0.2002442254758517,0.0014196365106203398,-10.343672355233497,0.8549132597772129,0
18120,0.4212500090833089,0.0976259563468176,0.2197481091222587,0.00386705418331131,-8.869823377031105,2.328762237979605,0
16539,0.4298217138201762,0.0966998427121328,0.2177564220795442,0.0015439024958764974,-10.26883866524313,0.9297469497675799,0
22029,0.4284462883033061,0.0866851247344815,0.2160955892517496,0.002623112089126032,-9.61893245020458,1.57965316480613,0
466,0.4287813912289087,0.1050585141342478,0.2288252705986828,0.0031809934853239286,-9.28297306945845,1.9156125455522606,0
18668,0.4392723862925602,0.073995117466721,0.1544418841997669,0.0012835170250892255,-10.425644291165007,0.7729413238457035,0
3268,0.4363080563805013,0.0817932810689343,0.1798832185219208,3.541665543854527e-05,-11.177257501705043,0.02132811330566753,0
20528,0.445297083563941,0.0779347026563561,0.1650911342061232,0.002617565645650751,-9.622272550319046,1.5763130646916643,0
14557,0.4342212473346763,0.0909407026025586,0.2136046047352679,0.0016368782759496956,-10.212848116515996,0.9857374984947143,0
21779,0.4379729289225135,0.0862313941300904,0.1935638849531544,0.0007895372943708385,-10.723121721967198,0.47546389304351244,0
495,0.4432910760725951,0.0760297824833677,0.1605389309731028,0.0017254669526772781,-10.159499506619063,1.039086108391647,0
20972,0.4343485395669575,0.0861653603841156,0.1894230348692593,4.7170822142645294e-05,-11.17017907501075,0.02840653999995979,0
3676,0.4402098053754408,0.0864558482312713,0.1870680485900511,0.0012169210106861095,-10.465748793504595,0.7328368215061154,0
4947,0.4356807809479381,0.0777141195953888,0.1926168601082239,0.0019603240900665227,-10.01806718968066,1.1805184253300496,0
22846,0.4323823569339446,0.0821634731472777,0.1852698255436014,0.0002546838497734116,-11.045213538008229,0.1533720770024818,0
12004,0.4312294528332345,0.1036320615291986,0.2399424132275338,0.0033833019947996446,-9.161141723178847,2.037443891831863,0
5644,0.4301662796379119,0.0831551797687469,0.1894988613620909,0.0006989552466876619,-10.777670751301672,0.4209148637090383,0
10771,0.4220753190928197,0.087905438027941,0.2215417674621191,0.004836830755960811,-8.285818355480147,2.912767259530563,0
3864,0.4351952668521009,0.0766675423225661,0.166615630951366,0.0006440635837702263,-10.810726825957593,0.38785878905311755,0
9817,0.4380843541583146,0.0817293196019413,0.1563984584010632,0.002281042234239245,-9.824928881350884,1.3736567336598267,0
22081,0.435960548393281,0.0855947886930541,0.1875165100916374,9.242942135064238e-05,-11.14292408664408,0.055661528366631075,0
13526,0.4384852801029056,0.0895505584583285,0.2030981696949477,0.0018545477907827479,-10.08176628459077,1.1168193304199399,0
15282,0.4342014266652176,0.0663990664309713,0.1520519296145863,0.0029105155751614465,-9.445856420333733,1.7527291946769772,0
21622,0.4322974975842437,0.0821703070618621,0.1866036159482148,0.0002800031790329952,-11.029966092517252,0.1686195224934579,0
4496,0.4354968969916619,0.0714120843891581,0.1510495619626999,0.002033577989454559,-9.973953270766408,1.2246323442443021,0
17598,0.4353533900147796,0.0816988543937421,0.1655930000737378,0.0010957107452131958,-10.538742311492259,0.6598433035184517,0
15223,0.4302836981403961,0.0805069480337053,0.187496804686177,0.0009695489870330209,-10.614717646825039,0.5838679681856718,0
18974,0.4306533413494374,0.068510832828838,0.1633367357772834,0.0033099033846295486,-9.205342787757141,1.9932428272535692,0
5666,0.4318504058520609,0.1065257876869461,0.2650327276924748,0.006850904862764091,-7.072931361380744,4.125654253629967,0
20461,0.4374106227456986,0.0790769506796102,0.1740405785386048,0.0002268530021759994,-11.061973434266088,0.13661218074462234,0
10561,0.4287826838425825,0.0744737165229338,0.1834361981364917,0.0028895988672635042,-9.458452581956136,1.7401330330545743,0
11518,0.4368796351517037,0.084555035064228,0.2079664530142504,0.0028171708648590025,-9.502069140963714,1.6965164740469962,0
3600,0.442404970695906,0.0665467986000097,0.1460631786576947,0.0025822631236660032,-9.64353193180336,1.5550536832073512,0
10618,0.4254890434828666,0.1015344346637897,0.2444110472224312,0.003037583894167528,-9.369335148865144,1.8292504661455666,0
21607,0.4374519898763986,0.0967729365894506,0.2070850436747441,0.00263688920608976,-9.610635791245981,1.5879498237647294,0
7257,0.4318692920851739,0.0905504247250935,0.178632595620184,0.0024652143183219264,-9.714019394601852,1.4845662204088583,0
2032,0.4343353414660056,0.0939120882351743,0.1836948265254314,0.002615325658278917,-9.623621483578784,1.5749641314319263,0
13551,0.4257373695650502,0.0869375139905072,0.1839863845341903,0.0032216618184789177,-9.258482365671151,1.9401032493395594,0
13408,0.4184128650265233,0.1158505688754608,0.2669115829001428,0.0054463201098089815,-7.918780366248553,3.279805248762157,0
17366,0.4332933671546915,0.0917977861860984,0.1834099735873884,0.0018469754258439808,-10.08632640624557,1.1122592087651402,0
23140,0.4337021339781867,0.0874808572519123,0.1971606825239441,0.0002465642697151405,-11.050103195750692,0.14848241926001826,0
21502,0.4360599998695431,0.0894961784502694,0.1958962621707191,0.0005560694533941052,-10.86371739662715,0.3348682183835603,0
16641,0.4279438738189138,0.0932199553938515,0.2161281449701096,0.0015230558663334622,-10.281392625277743,0.9171929897329676,0
17467,0.4457065983276193,0.0741863650761739,0.1583133717211903,0.002774331441519774,-9.5278672877287,1.6707183272820103,0
14597,0.4333362898802289,0.0799856387133367,0.2018582678252925,0.0024636984608339216,-9.714932252686815,1.4836533623238957,0
860,0.449809265954937,0.059030078627124,0.128007312044579,0.005178169603559283,-8.080262141121098,3.118323473889612,0
14447,0.428398905083216,0.1022932662612433,0.2366509883626034,0.002612572595976561,-9.625279393508311,1.5733062215023992,0
17531,0.43382807777906,0.0952211829536049,0.2279486096348456,0.0030470208950910413,-9.363652132711582,1.8349334822991281,0
24941,0.4256964817872418,0.0980034143531445,0.2007853314678537,0.004077245614032587,-8.743244890305203,2.4553407247055077,0
23566,0.4540473784303855,0.0666152966371443,0.1365093850116959,0.006157571883535145,-7.490460463337029,3.7081251516736815,0
13439,0.4282908140061445,0.0809601199646718,0.1866961167006566,0.0015850994367322588,-10.244029630862592,0.9545559841481186,0
21890,0.4349497374445228,0.091137039042987,0.1979433241710315,0.0006270922903425106,-10.820947036327206,0.3776385786835039,0
24274,0.4298459556170161,0.085864077477958,0.1952121858601178,0.0006629545982830653,-10.799350548525412,0.39923506648529816,0
2394,0.4341823982460483,0.0835570807914133,0.1675350713850909,0.0014517664959984404,-10.324323493513829,0.8742621214968818,0
6432,0.4180294171142711,0.1066649149046363,0.2277932183811657,0.00656076400713303,-7.247655850943013,3.9509297640676975,0
11136,0.4329484000259924,0.0651390241643182,0.1423209941254951,0.003981523448112835,-8.800889328361837,2.3976962866488734,0
19034,0.4310045691597534,0.0661523040937762,0.1486770540827923,0.004051056987904068,-8.75901583136309,2.4395697836476202,0
15522,0.4324079606365218,0.0749078294089086,0.1701994436960527,0.0012677871948377465,-10.435116885280072,0.7634687297306382,0
6893,0.4434211471657345,0.0730910650557203,0.1618792774050851,0.002091429301161869,-9.939114878611734,1.2594707363989759,0
2297,0.4325567214587876,0.0803974444657421,0.1839615470116206,0.000389761838829535,-10.963868797235353,0.23471681777535736,0
17460,0.4492867051711718,0.0733672167251531,0.1483691136503657,0.0041885382324455215,-8.676223836334868,2.522361778675842,0
24427,0.4402615664489415,0.070653671762431,0.1556066457281115,0.0015764431892781804,-10.249242472792933,0.9493431422177778,0
11693,0.4263525695803953,0.0843090193364003,0.2144836769605199,0.0036823012343414597,-8.981082663951142,2.2175029510595685,0
8640,0.4356819060537005,0.0778274101361233,0.1668881945971128,0.0005392507356489737,-10.873845725044458,0.3247398899662528,0
18538,0.447250869557633,0.0799240157980692,0.1642835083499421,0.003742212171433713,-8.945003953561068,2.2535816614496422,0
18195,0.4303666277668865,0.0790060720805215,0.1832740239904546,0.0011157383533910816,-10.526681570827442,0.6719040441832682,0
2543,0.440087293034913,0.0711144095644577,0.1497097537127619,0.00170537750188683,-10.171597489260332,1.0269881257503783,0
11170,0.4241323848497496,0.098397907758696,0.2479477244013033,0.004142763648911042,-8.703789553426285,2.4947960615844256,0
24184,0.4380158065744153,0.0630162954528166,0.139712368496145,0.0032880743327383284,-9.218488368171958,1.9800972468387528,0
20038,0.4273378621024387,0.075331259152109,0.196774773522392,0.004657212350157019,-8.393985591017508,2.8046000239932027,0
14915,0.4234969597894965,0.0814954323886795,0.2140914656844178,0.005959170222047929,-7.609939083320628,3.588646531690082,0
1274,0.4381580208861394,0.0782158073333821,0.134082823130513,0.006316014244617732,-7.395045563546431,3.803540051464279,0
6009,0.4308165018478064,0.0968270816645462,0.2277920053018495,0.0022103550876421355,-9.867497086993382,1.3310885280173288,0
1623,0.4475403864677405,0.0642009947450044,0.1381021397063583,0.004005234444200817,-8.78661043034358,2.4119751846671296,0
19725,0.4297475697929541,0.0700821187519832,0.1764716538015637,0.003741003814681104,-8.945731632937175,2.2528539820735354,0
11880,0.4311700834401772,0.0946001727158192,0.2331434353928593,0.0032511415230722807,-9.240729518260817,1.957856096749893,0
17223,0.4290800483555063,0.0844815305695494,0.1892181223339934,0.0009889771288452288,-10.603017908248415,0.5955677067622958,0
4208,0.4432851600002439,0.0797298039798614,0.1618569091121392,0.0018683170390438114,-10.073474364210107,1.1251112508006038,0
23030,0.4499390263922335,0.0696456073393336,0.1291471197439641,0.004567137238933554,-8.448229340304568,2.7503562747061423,0
13289,0.4371708465725375,0.0727553538613011,0.1664289724415008,0.001061284733570237,-10.55947385341488,0.6391117615958297,0
2362,0.4532727135698217,0.0733919987551707,0.1303961387046697,0.006008652669762417,-7.580140469125461,3.618445145885249,0
1331,0.4355808936699897,0.081977447124415,0.1763991085300262,0.0001080168981561942,-11.133537218591698,0.06504839641901228,0
24464,0.430864356399183,0.0854614428077873,0.1867222752528508,0.000551187575234392,-10.866657291691931,0.3319283233187793,0
5218,0.4414039086975704,0.0724501832833478,0.1497935830305441,0.0017517640579365662,-10.143663238805622,1.0549223762050879,0
16263,0.4536023778335827,0.0689215443617427,0.126682877426009,0.00565221755093796,-7.794787744715845,3.4037978702948655,0
1179,0.4399312984480998,0.074464450791373,0.146917605306377,0.0021109933389227018,-9.927333302714388,1.2712523122963226,0
22929,0.4269678869999233,0.0923682842673646,0.225344151766908,0.002524203948532979,-9.678495500506774,1.5200901145039367,0
9184,0.4252884904292153,0.0783503419062311,0.185333679440097,0.003423295484382388,-9.137057414066433,2.0615282009442772,0
7269,0.4316852824261292,0.1028666688330115,0.2247299242600123,0.002946298336519271,-9.424307835940901,1.7742777790698092,0
10156,0.433195388217984,0.0686933696151527,0.1704644357343623,0.002978981773317874,-9.404625682597292,1.7939599324134186,0
14907,0.4298339731341292,0.0974958257510048,0.2366220728433895,0.0029733722307082075,-9.408003781372868,1.7905818336378427,0
5964,0.4391750667873192,0.0882824444385208,0.1792834844079665,0.0013207986662824175,-10.403193072727134,0.7953925422835759,0
24771,0.4307188263126295,0.0962492586737326,0.1901895192979621,0.003294138054060488,-9.214836760367335,1.983748854643375,0
20542,0.4428675885510986,0.0801467751721812,0.1507378636708847,0.0029475263158023177,-9.423568339764271,1.775017275246439,0
19343,0.426628009498518,0.0689415703025745,0.1609240116666057,0.0047814889376845224,-8.319145516278446,2.879440098732264,0
24202,0.4333301258913459,0.0821215682578971,0.1701674512435476,0.0009865260774423981,-10.604493945479776,0.5940916695309344,0
11704,0.4250826075593979,0.0928639262400964,0.2145523263818921,0.0022267971779448706,-9.857595565784885,1.3409900492258249,0
20619,0.4339216860053423,0.0914849263552877,0.1907295157225215,0.0008721650141064963,-10.673362834605037,0.5252227804056737,0
24056,0.4489142522479419,0.0852764054311904,0.1658276625518385,0.005608820412946836,-7.820921750447201,3.3776638645635098,0
5120,0.4404957240230691,0.0699667701898269,0.1848865540191553,0.005869603449737453,-7.6638767079948575,3.534708907015853,0
19381,0.4277584067596589,0.0773927555909148,0.1461409905553465,0.0072768279576919176,-6.816438027506121,4.38214758750459,0
8702,0.4330028225710911,0.0917955471870608,0.2056707351730574,0.000730407141261427,-10.758730239758702,0.4398553752520087,0
20732,0.4327203344836327,0.0842474952112313,0.1686693952147354,0.001841478235956533,-10.089636845566575,1.108948769444135,0
17930,0.4332203348998937,0.0815695942614598,0.1882209518793159,0.00029130601397027477,-11.023159460404973,0.17542615460573785,0
8079,0.4277728359265744,0.0843838779318167,0.2076409602108037,0.0022949491275634113,-9.816554070322713,1.3820315446879974,0
13564,0.4377188182624018,0.0821072594083994,0.1593389515577955,0.0018958848315783474,-10.056872881221857,1.1417127337888537,0
2983,0.439578354458882,0.0592019025596078,0.140505467526815,0.004213273720109595,-8.661327983605755,2.5372576314049553,0
2739,0.4386289969307863,0.0838063302703297,0.1780003891300272,0.00042602328075006044,-10.942031948658563,0.25655366635214705,0
17821,0.4422509719041119,0.0768172736604971,0.1685365013166169,0.001428655218724988,-10.338241237417744,0.8603443775929662,0
11342,0.4361195631779665,0.0740279419417559,0.1578456573681659,0.0012185283557647876,-10.464780841067109,0.7338047739436018,0
22869,0.4458875400295742,0.0859626010976571,0.1806543492189106,0.00410501558859115,-8.726521652140937,2.4720639628697736,0
6904,0.4372472282405737,0.0824427983678482,0.1815954366510325,0.00012953965264791512,-11.12057609222995,0.07800952278076068,0
18075,0.4279669942876255,0.0580940318509187,0.1651123767534039,0.008778511469887436,-5.912115592178096,5.2864700228326145,0
12181,0.4216222117989772,0.1011053428270253,0.2359616309524315,0.0033624016274163286,-9.173728044449497,2.0248575705612133,0
5610,0.4429879356527936,0.0635375136647898,0.1332134238159036,0.0032806361882120132,-9.22296766152354,1.9756179534871698,0
1067,0.4426545204986222,0.0698061790373229,0.1457091892269937,0.0022128343393235865,-9.866004067392279,1.3325815476184317,0
14783,0.4333388797776362,0.0920392711573423,0.1933009472322091,0.0008722419150639214,-10.673316524406827,0.5252690906038833,0
21977,0.4339129350732554,0.0832991395258112,0.1901257715073316,0.00013965269908300178,-11.114485957586737,0.08409965742397318,0
22363,0.4356041052355416,0.0760553140004546,0.1532101962469854,0.001965944567606407,-10.014682505827308,1.1839031091834027,0
7700,0.4342665592107705,0.0728623253648478,0.1467314662618069,0.003007397509843192,-9.387513562867985,1.811072052142725,0
8861,0.418792016389542,0.1191594939716041,0.2808714249222541,0.006339803943401351,-7.380719270312867,3.817866344697843,0
66,0.4353584020542135,0.0769179284793196,0.159654207974439,0.0012272822798521119,-10.459509177707263,0.7390764373034475,0
14415,0.4527066697940312,0.067590146738413,0.1330552865702386,0.005273482144010773,-8.022864381873962,3.1757212331367484,0
13757,0.4443139271622752,0.0880463717655956,0.1704625324843962,0.003722552733286606,-8.956842980118921,2.2417426348917893,0
10889,0.4166804270972616,0.0987116668906522,0.2222084231595672,0.006332901957196872,-7.384875686043841,3.813709928966869,0
2160,0.4447517919144568,0.0873451872623549,0.1832627526984702,0.0036358730995276678,-9.009041953376355,2.189543661634355,0
11821,0.4256458787934471,0.0954415895229308,0.2383480594600601,0.003517316612867853,-9.080437350521915,2.118148264488795,0
174,0.4459656975786188,0.078884070556216,0.1476496355571322,0.003662524538415513,-8.992992303816832,2.205593311193878,0
23606,0.4455570719518625,0.0630433014154759,0.1718216834801519,0.00982372566597214,-5.2826816005503865,5.915904014460324,0
11977,0.4301322803354553,0.0984896472321281,0.1999355289012114,0.0029841435183799747,-9.401517250076596,1.7970683649341144,0
22981,0.4341780910056096,0.0766587194497445,0.193555948043848,0.0024180054921054675,-9.742448820873323,1.4561367941373877,0
10622,0.426953727238856,0.1059627483386606,0.2371144739642944,0.003080879730909404,-9.343262147327867,1.8553234676828438,0
22718,0.4434395961264173,0.0732255868485682,0.1643584061068418,0.0022257342620971626,-9.858235659812783,1.3403499551979277,0
18233,0.421942479724578,0.0936417314564902,0.2110466476508417,0.0037187206242955905,-8.959150698161407,2.2394349168493033,0
19024,0.4295429288334231,0.0766240032689598,0.1715031383610665,0.002003584255810746,-9.992015669423031,1.2065699455876793,0
6880,0.4382254293357966,0.0719240924643622,0.152442854919258,0.0015039917805878082,-10.292873127200286,0.9057124878104243,0
13039,0.4405898961042278,0.0922980351624683,0.1846477809538504,0.00272242332443182,-9.559126653951374,1.6394589610593364,0
24330,0.436847103399116,0.0829728441765284,0.2079835423247138,0.0033726074018275006,-9.167582068486542,2.0310035465241683,0
13991,0.4290185844363745,0.0922486752019086,0.2043085117449366,0.0010705793268962515,-10.55387659593439,0.6447090190763198,0
7585,0.4280760362669339,0.0911818751086508,0.2041865756619835,0.0012157026133568448,-10.466482519373628,0.7321030956370826,0
9784,0.4431794723015519,0.0595014382388491,0.1371601023838196,0.004173730214696747,-8.685141309666765,2.5134443053439455,0
12192,0.4446114862950632,0.0645161646385975,0.1126059589919848,0.005810889653402284,-7.6992344933457435,3.499351121664967,0
16921,0.4381020249179811,0.071152693091633,0.1738658646499496,0.002237855826952773,-9.850935983841655,1.3476496311690553,0
407,0.4356764437414798,0.0774703940948408,0.1562357117726568,0.001682558051123969,-10.185339493563587,1.0132461214471231,0
23659,0.4381310080062336,0.085603873944716,0.1961742970448102,0.0011315145374010385,-10.517181062212808,0.6814045527979022,0
9016,0.4327577290099971,0.0847513747150634,0.1915939122064976,0.00014580208873399487,-11.110782759822492,0.08780285518821884,0
8588,0.4340356813173796,0.0829326260414154,0.1912325941964756,0.00024394068593575148,-11.051683132970084,0.14690248204062684,0
24063,0.4444944809160341,0.0797915593347839,0.1470413292517143,0.0036556865891527505,-8.997110156133736,2.201475458876974,0
10471,0.4260684494135153,0.0835050647390549,0.1950971169292096,0.002269014531544896,-9.832172032989442,1.3664135820212682,0
24311,0.4384356232270793,0.0779834784583878,0.1704542623220972,0.00041305968754374304,-10.94983869893832,0.24874691607239008,0
21431,0.4455816644813611,0.0828618256588172,0.1506878581494412,0.004422759873731066,-8.535174218799817,2.6634113962108934,0
10344,0.4252500308986943,0.0910493571472524,0.1846005412634497,0.0045104823526496435,-8.482347238198107,2.716238376812603,0
708,0.4350230793607938,0.0813605346113847,0.1909227447846414,0.0005303845868699459,-10.879184970758162,0.3194006442525481,0
7678,0.4326148813430908,0.0812595550909976,0.1851852650744413,0.0002985869867076148,-11.01877481680736,0.17981079820335033,0
16056,0.4428229802938,0.0731656335084991,0.1604968727548674,0.0018095617776845423,-10.108857120036642,1.089728494974068,0
3539,0.4371045628114741,0.0739929120824212,0.1558579530706986,0.0012623464814504948,-10.43839331412831,0.7601923008823999,0
10735,0.4198478261697427,0.0914013845369654,0.2116159704612689,0.004867178936586843,-8.267542506815216,2.931043108195494,0
19975,0.4366113896234578,0.0549346655694847,0.1283517165263973,0.005616005420940572,-7.81659489736932,3.381990717641391,0
19390,0.4425795022199669,0.062603609543511,0.1310854826932611,0.0034630692474542906,-9.113105425520754,2.0854801894899566,0
11233,0.4380980182990537,0.08645159915868,0.1864980369877717,0.000510243630312314,-10.89131397046823,0.3072716445424799,0
18113,0.4323997893550236,0.0786303212697253,0.1974552340303932,0.00220315603797121,-9.871832396049909,1.3267532189608016,0
2357,0.4301386661653325,0.1021777670678596,0.2318476765057363,0.0026220470454880866,-9.619573825599979,1.5790117894107318,0
3138,0.4410724377537565,0.08981853850785,0.1835354752451582,0.0021523687689488273,-9.902416781130379,1.2961688338803317,0
12718,0.4370239038830499,0.0930586055861754,0.2054447748111424,0.0016771816257468907,-10.188577207802888,1.0100084072078221,0
14928,0.4385044860192906,0.0730123588835408,0.1521191692626509,0.0014878799924433982,-10.302575738552088,0.8960098764586224,0
14255,0.4405938430522844,0.0905036054903484,0.2110636080021473,0.004108356602630548,-8.72450967429871,2.474075940712,0
19183,0.4325166367263299,0.0959096753718547,0.2101339299195638,0.001351796884106361,-10.384525767928407,0.8140598470823033,0
23639,0.4349273054914526,0.0828457448973582,0.2045366172629752,0.0021090571953852185,-9.928499259472082,1.2700863555386288,0
19085,0.4363845911822626,0.0824454750612808,0.1886201896718849,0.00031822591926185245,-11.006948138835298,0.19163747617541205,0
8917,0.4371830061105744,0.0670386706208625,0.172972004938677,0.004053285950891417,-8.757673537051003,2.440912077959707,0
19696,0.4550760507296027,0.0455412011137436,0.0943153457937816,0.008806509871886135,-5.895254793697504,5.303330821313207,0
19156,0.4366365006019017,0.0817594535512701,0.1748106389247253,0.0001601331316212185,-11.102152523491524,0.09643309151918622,0
3779,0.4439486615335185,0.0747745060090474,0.1478806850263179,0.0024145074484316293,-9.744555362863242,1.4540302521474686,0
8477,0.4386124631029232,0.0676552408083076,0.1592474276446974,0.0022867968309666312,-9.82146343015256,1.37712218485815,0
14974,0.4330246037457075,0.0841024908597284,0.170306005604181,0.0014429703731518365,-10.329620569208863,0.868965045801847,0
12690,0.4340652498116568,0.1050141946234997,0.2367033354326754,0.004381247388078638,-8.560173276069106,2.6384123389416043,0
24480,0.434671830397663,0.0851711188647145,0.2036253023342077,0.0012461626082887645,-10.448139335491533,0.7504462795191778,0
13180,0.4152688500627567,0.1019605747017515,0.2469704976301271,0.006190174513794817,-7.470826972155241,3.727758642855469,0
455,0.4403291498788159,0.0830526271148719,0.1806176374150955,0.0008714130605782454,-10.673815665338276,0.5247699496724341,0
15038,0.4202769705380806,0.1070988772047738,0.2302084583084207,0.005297912902349146,-8.00815203889487,3.19043357611584,0
9669,0.434314388702522,0.0875155862355435,0.2192899748902433,0.0034147497861071493,-9.142203682646384,2.056381932364326,0
12094,0.4333419442696308,0.0761592990942149,0.1740564263786068,0.0008014603083971952,-10.71594161444574,0.4826440005649708,0
24198,0.420346202518895,0.0993641185343846,0.2467820193150074,0.0044870042001677645,-8.49648591645953,2.70209969855118,0
19098,0.4368016961308589,0.0764364677340921,0.1650811408142149,0.0005859293660990565,-10.845735585708454,0.35285002930225673,0
19981,0.4345106129192005,0.0576880808274953,0.1410111061333008,0.005237459467546966,-8.044557444521468,3.1540281704892426,0
15276,0.4271637813488904,0.0849227711352478,0.20016909905663,0.0017394147551369403,-10.151100059874553,1.0474855551361575,0
7652,0.4443970457509599,0.0418657397475405,0.0966281906077684,0.009381629303255208,-5.54891456917193,5.64967104583878,0
12899,0.4447158275566554,0.0677130906799673,0.1725928201412453,0.006368492139415646,-7.363443073914543,3.8351425410961673,0
7143,0.4207382920322851,0.109662003794907,0.2610271240674116,0.004234054267302026,-8.648813818742193,2.5497717962685176,0
19568,0.4266099151915454,0.0770143471289728,0.1912992681020079,0.003465149218324742,-9.111852855117135,2.086732759893575,0
6587,0.4318590866541602,0.0941911846925089,0.1888276983424936,0.0022887254218010144,-9.82030202167605,1.378283593334661,0
507,0.4309810627280075,0.085513133958468,0.1853358462288983,0.0006008346242548988,-10.836759553644962,0.3618260613657487,0
11997,0.4186771377830331,0.1054083868339178,0.2752390531201427,0.0073163555163653065,-6.7926343046631965,4.405951310347514,0
23256,0.436666796339662,0.0703785097601002,0.1736162249052212,0.0023767928581047313,-9.767267305755892,1.4313183092548183,0
22910,0.4418666312929801,0.0766503655848469,0.1565704832009037,0.0015014685014263247,-10.294392660402718,0.9041929546079928,0
19053,0.4340947717450336,0.067643422409565,0.1569227883744296,0.0025817136852593885,-9.64386280676729,1.5547228082434206,0
22348,0.4336549322176916,0.0912505979834577,0.1699639783360838,0.004207260955306158,-8.664948905102156,2.5336367099085546,0
15257,0.4294165940258834,0.080296122695595,0.1710114782202327,0.002090748961237302,-9.939524583221553,1.259061031789157,0
11264,0.4283059477682036,0.0745612784963876,0.1671490622767786,0.003005918633133725,-9.38840415091573,1.8101814640949812,0
7229,0.4287869236259304,0.0938033655244349,0.2050706531111771,0.001325797557870804,-10.40018271150359,0.798402903507121,0
8163,0.4318695688481573,0.0779043858610062,0.1818292268335126,0.0008967396444439447,-10.658563851081833,0.5400217639288769,0
9542,0.4286959132860857,0.0791392595497067,0.184770515101305,0.001698607598530625,-10.175674363941514,1.0229112510691962,0
6235,0.434371377189462,0.0851909552627242,0.1856322894477307,2.812385914803305e-05,-11.18164926551428,0.01693634949643119,0
4422,0.4391582849449785,0.0721094510432359,0.1601296188441552,0.0012142405684519668,-10.467362971211982,0.7312226437987288,0
18161,0.4315684880697657,0.0691215294667751,0.1570153963241786,0.002957346083091767,-9.417654819506886,1.7809307955038243,0
17828,0.4472465912094939,0.067789196013845,0.1438415965446269,0.003583383632606747,-9.040651411807179,2.1579342032035314,0
23609,0.425600337903425,0.0992905815418834,0.2513658557610418,0.004360312376174465,-8.572780460469183,2.6258051545415277,0
17508,0.4380404584076108,0.1009028766382291,0.219084699122421,0.004502758754316882,-8.486998433471316,2.711587181539395,0
12418,0.4303221655092589,0.0938431676497447,0.2074814062669756,0.0010295664632327685,-10.57857477797257,0.6200108370381407,0
5632,0.4398238066289035,0.0766305371951305,0.163518991958925,0.000795400921406413,-10.719590612091114,0.4789950029195964,0
22686,0.429093727467256,0.0885843508248759,0.2057727287332047,0.0010206459848449226,-10.583946741288724,0.6146388737219866,0
7190,0.4303535098696096,0.0836463177414573,0.1593033171417668,0.004633769595063248,-8.408102952768521,2.790482662242189,0
10383,0.4182682038751035,0.103696365203314,0.2442108382923937,0.004533775172476079,-8.468320168326173,2.7302654466845375,0
18505,0.4441999347301741,0.085912216320289,0.1766812524321863,0.0028789583931546022,-9.464860336573578,1.7337252784371326,0
1454,0.4370019682478874,0.0825894031827911,0.1837728815932596,0.00014275955935128787,-11.112614988490238,0.08597062652047249,0
24524,0.4362227206186105,0.0746758306283951,0.1679547620167886,0.0007168688088836916,-10.766883101268258,0.4317025137424526,0
10911,0.4257081937954737,0.098056776314735,0.2252581033930208,0.002232384228123526,-9.85423101208044,1.3443546029302702,0
22889,0.4398828981858396,0.0699983263460005,0.1583246259234536,0.0016931985201764671,-10.178931741991141,1.0196538730195694,0
17793,0.4338698908761689,0.0815294762863028,0.186094768875864,0.0001631069641784223,-11.100361664446627,0.0982239505640834,0
4466,0.4388691739524998,0.0700405426176069,0.1609866216521571,0.0016601206907543768,-10.198851400837642,0.9997342141730687,0
15848,0.4339687294056987,0.0832918274204273,0.1920099309455996,0.0002475177182797026,-11.049529023549384,0.149056591461326,0
12943,0.4269598108971116,0.1144678846775289,0.269446589926613,0.005586904187719903,-7.834119827145426,3.364465787865284,0
20892,0.4381054169808093,0.0824173482310615,0.1830184946775985,0.0003266979072059184,-11.001846259040104,0.19673935597060677,0
15543,0.4303532283922429,0.0776973522423238,0.1767369232457557,0.0013539023915329676,-10.383257819264013,0.8153277957466969,0
1080,0.4395856500984787,0.0757134080966965,0.1571912036632117,0.0011142758502019371,-10.527562298647213,0.6710233163634971,0
20731,0.4354472098635849,0.0780618135568545,0.1738448282901482,0.00028311153917977657,-11.02809422018531,0.170491394825401,0
15138,0.4406417946498367,0.0766842682030271,0.1903135522207421,0.003594441189102534,-9.033992487781019,2.1645931272296917,0
5802,0.4324441983377153,0.0798536609278658,0.1778896121871643,0.0004947734677329756,-10.900630191219841,0.29795542379086903,0
3606,0.4343623387843044,0.0826688130811213,0.1799139286640229,7.173861249208424e-05,-11.15538421056761,0.043201404443101055,0
10818,0.4357070575576633,0.0677926350749343,0.1568012200490261,0.002265363804136794,-9.83437052200101,1.364215093009701,0
5521,0.4411718776489792,0.0663369185041748,0.1482767245151464,0.0024925254917708374,-9.697572449100749,1.5010131659099617,0
6188,0.4209916941746532,0.107754729876099,0.2212992519429718,0.006846480412490775,-7.075595790745292,4.122989824265418,0
7091,0.4354403031092436,0.0617693161023208,0.1552127753034904,0.0044085426138769,-8.543735934334812,2.6548496806758983,0
8226,0.4424966627957445,0.0972581215000109,0.2041240091951435,0.005454944334799219,-7.913586808429844,3.284998806580866,0
11484,0.4413132003189433,0.0754927437487307,0.1419442291791352,0.0030258732732251796,-9.376387352051623,1.8221982629590876,0
215,0.4363573023967607,0.0862992748013627,0.2226210814863146,0.00544007993211698,-7.922538237092496,3.276047377918214,0
17798,0.4410274875889622,0.0838482546751529,0.1701850114839104,0.001348890895494234,-10.386275770959946,0.8123098440507643,0
22565,0.4401637938607651,0.0709072303211986,0.1679944463661547,0.002087833424123995,-9.94128033641534,1.2573052785953696,0
2143,0.4336109668172282,0.0903702628076504,0.2194867802424061,0.0024651992145919748,-9.71402849015477,1.4845571248559395,0
7117,0.4406968198875327,0.0875899377651735,0.1776186562644663,0.0016631875643786582,-10.197004511927808,1.001581103082902,0
7293,0.4344820638657551,0.08492482126225,0.1832989981225924,6.848932666615525e-05,-11.157340949152882,0.04124466585782827,0
20800,0.4341538373539579,0.0925673997103213,0.1758532536986393,0.0034446507136127683,-9.124197172379175,2.0743884426315358,0
19274,0.4354743285944235,0.0772326158530109,0.1635477546497642,0.0008192173272855386,-10.705248235691254,0.4933373793194562,0
18446,0.443588010968878,0.0797344533946717,0.1665506902991894,0.0018598090164313767,-10.078597944289543,1.1199876707211676,0
15938,0.4442595004927483,0.085559322619429,0.1900966587468723,0.00376915396612192,-8.928779450071032,2.269806164939679,0
21057,0.4363287948900757,0.0813095404614238,0.1646752420889612,0.001014601182906098,-10.587586955732046,0.610998659278664,0
723,0.435966011604032,0.0929445910152165,0.1944421307141817,0.0012077401573673337,-10.471277556099508,0.727308058911202,0
2750,0.435124420379706,0.0772604748852022,0.1521278677781011,0.0024705573697312824,-9.710801778357583,1.4877838366531275,0
23425,0.4469679529532508,0.0463039836418724,0.1068687044467553,0.007565049572730501,-6.642869315650987,4.555716299359723,0
2139,0.430792710712768,0.0787088403619487,0.1991369831026005,0.0025793818163269565,-9.645267071630503,1.5533185433802075,0
51,0.438937022358482,0.0829956679085226,0.1888063120469069,0.0009107671210960614,-10.650116424081052,0.5484691909296586,0
435,0.4414562432865162,0.0654926404759136,0.1564996329203755,0.003288862735126674,-9.21801358772584,1.98057202728487,0
17541,0.4215226976169886,0.1008636499126453,0.2228043404314306,0.003970602565924163,-8.807465946335322,2.3911196686753886,0
875,0.4451236760750724,0.0809148528095075,0.1645344223760938,0.0026830175121138533,-9.582857060439864,1.6157285545708469,0
6484,0.4391325862471466,0.077198116841809,0.1696472351093612,0.0005717991789436003,-10.85424486556422,0.3443407494464896,0
3037,0.4410267107012297,0.0752420403399907,0.145182130258517,0.002464308693852702,-9.71456476685829,1.4840208481524204,0
9008,0.4269280667264921,0.0861601611911195,0.1894257153943015,0.0019337508950663784,-10.03406972032165,1.1645158946890604,0
18945,0.4533811076530238,0.0648194246550546,0.1074036690938238,0.006819809304763504,-7.091657284992878,4.1069283300178325,0
20945,0.4417521408204825,0.0942270214925688,0.2001481017947397,0.0038995578364637816,-8.850249490431707,2.348336124579003,0
5121,0.4365421136969265,0.0697377762677005,0.1805330045213534,0.003809446681436771,-8.904514945504266,2.2940706695064446,0
5719,0.4396595052010482,0.0718204955785114,0.1411251128985608,0.0026169373972600705,-9.622650885107992,1.575934729902718,0
3886,0.4319076434044789,0.0802961252948978,0.1734031641452171,0.0008827035202008155,-10.667016485711587,0.5315691292991236,0
16701,0.441207436658503,0.0787798972265826,0.1630643572574483,0.0011254477915002374,-10.520834491436059,0.6777511235746516,0
13960,0.4540255102734172,0.0372386775398518,0.0678224019117255,0.012624252363952645,-3.596188339386351,7.602397275624359,0
11608,0.424066424132263,0.0805097672164,0.2021957819578749,0.004414722920742807,-8.540014118046185,2.658571496964525,0
21404,0.4391609447246004,0.0711917771267329,0.1671379372402953,0.0017074550376405197,-10.170346385298012,1.0282392297126979,0
16292,0.4338668330085039,0.0868886628007002,0.1939966262262241,0.00013247860412671404,-11.118806238770793,0.07977937623991771,0
10512,0.4312445301105816,0.0766631993914376,0.1657271029356671,0.0017631307417783123,-10.136818156516384,1.0617674584943266,0
15519,0.4317802588327614,0.0723191423641194,0.1687338745697542,0.001988025455956261,-10.001385268050786,1.1972003469599244,0
3105,0.4449541536196374,0.0707110240023077,0.1510329315487098,0.0026211150983926983,-9.620135049493065,1.5784505655176453,0
2077,0.4358278974731893,0.0933873197728309,0.2066724092469433,0.0014173253320929856,-10.345064160215946,0.8535214547947643,0
14762,0.4305737857432516,0.0763048326025433,0.1921769951832506,0.0025928902101719385,-9.63713223927731,1.5614533757334002,0
12824,0.4398805384118176,0.0755198665502241,0.1873143389310559,0.003110554837611981,-9.325391627645155,1.8731939873655552,0
21626,0.4427995723510968,0.0732696179570921,0.1621834820517912,0.0018477052397473032,-10.085886908121612,1.1126987068890983,0
10905,0.4072537398958788,0.1272003651673167,0.2777359695771825,0.013764866404745103,-2.909304013386989,8.28928160162372,0
4399,0.44447154294974,0.0639972668285024,0.140100462313468,0.003343968366287977,-9.184828660164627,2.013756954846084,0
5501,0.4339163136010748,0.0897208331780753,0.2059752447964138,0.000817251216364946,-10.706432238979161,0.4921533760315491,0
18461,0.4328169022953047,0.0797315107156681,0.1740093142041044,0.0005840925809722068,-10.84684170826064,0.3517439067500696,0
1194,0.4389395299083902,0.0738397943430662,0.1568435470944288,0.0011179145278976718,-10.525371066041636,0.6732145489690744,0
290,0.43892829173248,0.0869110278398699,0.207327584017845,0.0029909543201286095,-9.39741574614861,1.8011698688621003,0
6483,0.4398708338132617,0.0776066736782274,0.1546189206421558,0.0015590191076442815,-10.259735354820707,0.9388502601900033,0
21554,0.4551314398070596,0.0697187743640759,0.1121469702724339,0.007627028501804802,-6.605545248612688,4.593040366398022,0
21953,0.4352205380967077,0.0779975564179293,0.1867413234510761,0.0009578555496240713,-10.621759501989018,0.5768261130216921,0
14960,0.4253518893366637,0.1058642187412634,0.2498156114088292,0.0032536395089911444,-9.239225216794352,1.9593603982163579,0
21676,0.4406297549701932,0.0488854634336046,0.1138852812729838,0.00699049418307932,-6.988869871014712,4.209715743995998,0
14646,0.4199199273643417,0.0993743064991791,0.2412892465422266,0.004222959443020571,-8.655495185642915,2.543090429367796,0
5478,0.4370892495275142,0.082340140441217,0.187193564495087,0.00035114865563198584,-10.987121877915397,0.21146373709531296,0
19960,0.4401138917929981,0.0525939955998819,0.1385806284924874,0.006921234652590115,-7.030578358038121,4.168007256972589,0
21418,0.4365761275984968,0.0756791201829494,0.1774445266624836,0.0008445687585305642,-10.68998145820028,0.5086041568104296,0
20589,0.4398323816432568,0.0811384998669792,0.18325823396885,0.0009439071592129316,-10.630159302801285,0.5684263122094251,0
3486,0.4363073998067353,0.0878474835737056,0.1941739791123569,0.00042049123624056937,-10.945363377633136,0.25322223737757454,0
16391,0.4284470740477902,0.0963086628689631,0.2167877038652858,0.0015862060193919372,-10.243363240429744,0.9552223745809663,0
5419,0.4357549432448694,0.0830825432336473,0.1827810354263493,0.0,-11.200571902212836,-0.0019862872021256806,0
23486,0.4419502676465076,0.0739884371257959,0.156767214921682,0.001480786211583852,-10.306847654125836,0.8917379608848748,0
22485,0.4355508446494001,0.0733288244687357,0.1902784999729382,0.0036278101502723197,-9.013897507724064,2.1846881072866466,0
1334,0.4427916230427863,0.0612581082307848,0.1324592800135855,0.003613301136995752,-9.022634918845592,2.1759506961651187,0
9779,0.4320162980423572,0.092696742798687,0.2015562292971205,0.0007647993895985699,-10.738019030292747,0.46056658471796297,0
16807,0.4473665251751467,0.0747529576177241,0.1252189364446817,0.0060144614402078125,-7.576642394203029,3.6219432208076814,0
4279,0.436534429435245,0.077809794824165,0.1750316132026982,0.00030535334685058646,-11.014700075869536,0.18388553914117445,0
21303,0.4290607579577831,0.0808685778309691,0.1892740256861971,0.0013401960427554902,-10.391511861214425,0.8070737537962849,0
22330,0.4377280447261963,0.0831033757425655,0.1671053084600196,0.0010093197507948406,-10.590767464481116,0.6078181505295941,0
23598,0.4326065163773389,0.0924459539873105,0.2029355803301291,0.0007089638859801235,-10.771643491239367,0.4269421237713438,0
9676,0.4266285866745715,0.0848862211657821,0.1936474869384962,0.001879410746387334,-10.066793669935823,1.1317919450748875,0
2634,0.432241141768924,0.0879099225810877,0.1878210871869132,0.0004590975053733017,-10.922114460642632,0.27647115436807823,0
11756,0.4276459190035503,0.1030837496688029,0.245182885762218,0.0030826543410112503,-9.342193466932812,1.856392148077898,0
20045,0.4309739126472754,0.0831866677610952,0.1933775747290515,0.0006077954946968795,-10.832567677487987,0.3660179375227237,0
17127,0.4373761639931292,0.0717458943037069,0.1570751465831787,0.0013111216830901944,-10.40902060758115,0.7895650074295606,0
23560,0.463866765145953,0.0422223891178755,0.0649122155157376,0.01344249712892526,-3.103436642677237,8.095148972333472,0
6951,0.4309568403826117,0.0854211204678414,0.2099335443089361,0.001854476643331608,-10.081809129994452,1.116776485016258,0
14911,0.4201719034957089,0.1004607708169721,0.2405288079478893,0.003951454442818748,-8.818997056038546,2.3795885589721646,0
24951,0.4330562789686595,0.0903150539855076,0.1995375233251616,0.0004247341749549774,-10.942808255571796,0.25577735943891433,0
17520,0.4446655660905831,0.0848938204017513,0.1595845253955397,0.00376682094542352,-8.930184408534325,2.268401206476385,0
22170,0.4296122882075388,0.0894578112454076,0.2466568254897116,0.008411602403495935,-6.133070339146039,5.065515275864671,0
16469,0.4350058493803576,0.0887566808007986,0.1903862214944787,0.00031306323751684775,-11.010057135431818,0.18852847957889196,0
4638,0.4411906762965495,0.0865620363632947,0.1677836459194555,0.002362333667410356,-9.775974713432289,1.4226109015784214,0
14636,0.4273934785582486,0.0785165043645975,0.1973237893012198,0.0032225838540414164,-9.257927110560093,1.9406585044506173,0
10128,0.4249913657868551,0.0797925541056962,0.1884989037527175,0.0033359159002138887,-9.189677901480374,2.008907713530336,0
19802,0.4260824129396595,0.078650068409627,0.1899502403124048,0.003093510976434023,-9.335655538730727,1.8629300762799836,0
11795,0.4261368431139028,0.1044381718001076,0.2474911482784123,0.0031222746214161533,-9.318333906530663,1.8802517084800474,0
6307,0.4312237538704288,0.0965472947635563,0.2182124454503857,0.001578463096122746,-10.248026073290655,0.9505595417200556,0
9697,0.4428568112686081,0.0471635669951498,0.1137955783409457,0.007370040515826775,-6.7603048896704205,4.43828072534029,0
5093,0.443185627386166,0.1006035560694712,0.2250661046449982,0.008492516965089668,-6.084343125455745,5.114242489554965,0
21989,0.433670648570611,0.0857835648234787,0.192978828068576,0.00010699809847973604,-11.134150745607906,0.0644348694028043,0
16450,0.4302826341862761,0.0888730029490638,0.1847634858713257,0.0014471842366861254,-10.327082956387972,0.8715026586227381,0
18525,0.4438105187437745,0.0760226311865017,0.1600122441689936,0.0019135787814632571,-10.04621748298345,1.1523681320272612,0
18285,0.4306267376121914,0.0658302841309819,0.1709432321733398,0.00491423383776107,-8.23920577508818,2.95937983992253,0
6977,0.4339932409185248,0.0931793929898239,0.1817339331109769,0.0026304611911828458,-9.614506778739509,1.5840788362712015,0
4943,0.4374017739137054,0.0847046212670872,0.2056013765834413,0.0024931486244420347,-9.697197195027455,1.5013884199832557,0
24294,0.440625449686841,0.0874250820895179,0.1772680312334773,0.0016168984563831536,-10.224880078604608,0.9737055364061025,0
14946,0.4220726142207003,0.0862089366642762,0.2060406773345386,0.0041563313181801065,-8.695619025072286,2.502966589938424,0
24688,0.4507927651844515,0.0784101896148996,0.1498800180790522,0.005301185686490726,-8.00618114948896,3.1924044655217507,0
8997,0.4253197648508679,0.0829463269686712,0.1760776161391243,0.0038934185422555426,-8.853946608662348,2.3446390063483626,0
13121,0.430626132027507,0.0740712708261528,0.1863506267860663,0.002799993934478373,-9.512413187087361,1.6861724279233492,0
6416,0.4330587178824625,0.0705892309128279,0.183830632671303,0.003834131750871252,-8.88964945492257,2.308936160088141,0
22465,0.4392860461090861,0.0834261883552999,0.2066365700519121,0.003999428067497783,-8.790107063740615,2.408478551270095,0
16741,0.438289405404843,0.0717705692294674,0.1590490033896597,0.0012340578689585056,-10.455428879034663,0.7431567359760471,0
4001,0.4345554459574733,0.081942467440211,0.1824346343508583,2.4340425215709422e-05,-11.183927671156876,0.014657943853833899,0
9545,0.4225556207401958,0.0747448769769561,0.1800512910082744,0.005436444952506862,-7.924727242689677,3.2738583723210333,0
11486,0.4346205403691509,0.0869324426130467,0.1685475610785324,0.0022608391358442522,-9.837095303232296,1.3614903117784145,0
8768,0.4230000684697118,0.1045200750197978,0.2495624188437947,0.003376738853264727,-9.165094084703801,2.033491530306909,0
7151,0.4346468065912218,0.0845974906336049,0.1848308900025289,3.4911379080771454e-06,-11.196483231712593,0.002102383298117516,0
14660,0.4307531178018226,0.0915457261997398,0.2116227724512172,0.0010327816679165072,-10.576638563246854,0.6219470517638559,0
7300,0.4326165964179598,0.0795820866988286,0.1881318110599118,0.0007254795424443296,-10.761697668065937,0.43688794694477373,0
2024,0.4463907486732245,0.0743926287885438,0.1336372941027203,0.004354965825514745,-8.576000183982117,2.622585431028593,0
24694,0.4362824142235746,0.101425749810917,0.2195128386440963,0.0038350103871041515,-8.889120335137042,2.3094652798736686,0
8022,0.4345617670239454,0.0882577192854507,0.2035511738034518,0.0007675470055864735,-10.736364400165062,0.4622212148456484,0
9203,0.4132740109763381,0.1272227463943855,0.2848018075027556,0.009838218866002741,-5.273953712256397,5.924631902754314,0
11279,0.4284327054936512,0.0776555100339999,0.1759879230141118,0.002164717049715677,-9.894980575535456,1.3036050394752543,0
15721,0.43744808358937,0.0797259006104562,0.1589759936596062,0.0013960676034991588,-10.357865686459919,0.8407199285507918,0
15374,0.4261384563600376,0.0891853303416349,0.2172398622867563,0.0025259099831679145,-9.677468116651728,1.5211174983589828,0
21305,0.4413412977047828,0.094758292007567,0.1825188331111645,0.00426914266865298,-8.627683381933261,2.570902233077449,0
16176,0.4521935830264728,0.0759649620000779,0.1235978476924162,0.007297274117695064,-6.8041252325283565,4.394460382482354,0
8099,0.4366387043142364,0.068673297191455,0.1566528732001061,0.0019384597456491303,-10.031234023457426,1.1673515915532846,0
8260,0.4257253095604106,0.0979980075877234,0.2452569000988946,0.00377524224951731,-8.925113050844848,2.2734725641658624,0
24351,0.4324274012096928,0.0907478465024276,0.2249734140712177,0.0030768174754981525,-9.345708460866367,1.852877154144343,0
1165,0.4409025242403772,0.0774344257831981,0.16653894737684,0.0009279664433551972,-10.63975889343957,0.5588267215711404,0
5076,0.4363757063920994,0.0805888427551894,0.2082068742194135,0.004333174391161738,-8.589123110899381,2.6094625041113293,0
3123,0.4350546182370007,0.0956265761023755,0.1712620210337103,0.006321748021997561,-7.391592649878774,3.8069929651319363,0
1708,0.4360026999537982,0.0783565903473171,0.1806077003892064,0.0003998526782231635,-10.957792035800043,0.24079357921066702,0
16647,0.4225767260022301,0.1169472667527113,0.2868486780151326,0.007009544839778827,-6.977397456140883,4.221188158869827,0
13654,0.4257822282413682,0.1087396862458208,0.2189172653697593,0.00636915800929227,-7.363042083250698,3.8355435317600124,0
18205,0.4312490775897176,0.0762030601482692,0.178956055802915,0.0013490321389701143,-10.386190713327599,0.8123949016831116,0
2215,0.4366336648680415,0.0755408108906079,0.1599676623683806,0.0009554330397909216,-10.623218351323201,0.5753672636875091,0
12183,0.4374750631381953,0.0891896820936514,0.1745428295024673,0.0018958072817392988,-10.056919582180306,1.141666032830404,0
24539,0.4423513692639031,0.0836659880783003,0.1975933980979597,0.0038421653085504376,-8.884811600350824,2.313774014659886,0
423,0.4378468117327769,0.0743897520071129,0.1569827178582962,0.001108037122308021,-10.531319296414424,0.6672663185962868,0
3817,0.4424192846015897,0.0768210793876709,0.1580397550506156,0.001549058436000807,-10.26573372848931,0.9328518865213997,0
20639,0.4324064412164083,0.0865757269636495,0.2016241102278872,0.000579435272054288,-10.849646366438295,0.34893924857241565,0
17033,0.4289718832610408,0.0683007841398647,0.1641742811645705,0.003957252733515696,-8.815505292080815,2.383080322929896,0
16366,0.432273865401559,0.0755043840789297,0.1544732809670168,0.0027535168980127424,-9.540401925368158,1.6581836896425521,0
119,0.4369774544690752,0.0795332384637004,0.1996272999786944,0.0029195030076861403,-9.440444136851847,1.7581414781588638,0
13668,0.4289876637260905,0.0854705339979484,0.1867303590831179,0.0011733921301476727,-10.49196213535455,0.7066234796561606,0
2609,0.4344757356854634,0.1003298713900212,0.2200770597231771,0.0028976980608382804,-9.453575201071114,1.745010413939596,0
15887,0.4441616107522493,0.0854298864418949,0.1872543143309239,0.003376954691865197,-9.16496410545902,2.03362150955169,0
863,0.4273038553526587,0.0752111336629906,0.1788707175955368,0.003056690399717273,-9.357829101492957,1.8407565135177535,0
15908,0.4362984007985623,0.0876729074161656,0.1817883507127452,0.0005753265518943961,-10.852120661315277,0.34646495369543295,0
1211,0.4331148816380994,0.101192458829568,0.2151148504971451,0.0028318767141954646,-9.493213194036473,1.7053724209742374,0
15341,0.4265462017239545,0.0878502419384193,0.1972088548433239,0.0017810312810813181,-10.12603834894394,1.0725472660667705,0
6062,0.4374385694381578,0.0873329641398795,0.167606773624862,0.002276781703132027,-9.827494597652208,1.371091017358502,0
10077,0.430329360663626,0.0956797993960661,0.239802458260537,0.0039310859540446046,-8.831263076956132,2.3673225380545784,0
11151,0.4192735524782297,0.1134081710379703,0.2254774821385854,0.00999584493942346,-5.179030385583779,6.019555229426931,0
7248,0.4363870079990852,0.0780138470339087,0.1588928526183361,0.0012546635841113268,-10.443019999029428,0.7555656159812827,0
23346,0.4434099083145367,0.075094536675887,0.1621469250286121,0.001834372002303269,-10.093916260284217,1.104669354726493,0
18810,0.4282130739342911,0.0836159693858459,0.2202326165860707,0.004798235280883823,-8.30906077222829,2.8895248427824196,0
7510,0.4305695971286415,0.1001676145942835,0.1955230255287529,0.004509314575054481,-8.483050480572551,2.7155351344381593,0
23757,0.4377708457744896,0.0713625012171306,0.16767351988124,0.0015223067460466131,-10.281843749816739,0.9167418651939716,0
13597,0.4329324016951698,0.0955297035548794,0.1718232595839799,0.006592058193238583,-7.228810312345332,3.9697753026653784,0
23504,0.4439934504070128,0.0708488948181909,0.1340603665749834,0.0033785106520940683,-9.164027097273195,2.0345585177375156,0
13489,0.4389071309771554,0.0828222602614511,0.1800487705475095,0.00042617174865311534,-10.941942540434681,0.2566430745760293,0
11763,0.433755055452152,0.0926107573632899,0.2329932874771929,0.004458296648638976,-8.513773768859842,2.6848118461508683,0
19952,0.4334442273603278,0.07789469895573,0.1703298372965583,0.000699645724021671,-10.777254941885667,0.421330673125043,0
16099,0.4440989488366714,0.0807417676316221,0.1547496437603845,0.002864804123148153,-9.473384119260523,1.7252014957501878,0
23134,0.4315678375447293,0.0869159038738761,0.1917592269604625,0.0003098663777725329,-11.011982302729656,0.1866033122810542,0
20471,0.445103719364246,0.0601388352491114,0.1320109891772684,0.004056267865958414,-8.75587781067229,2.4427078043384203,0
6304,0.4337137733569013,0.0880754129668467,0.2035851076447833,0.0006707083511263714,-10.794681194032774,0.4039044209779359,0
18694,0.4370765239629662,0.0719062309536871,0.156169986705371,0.0013574860256510314,-10.38109973421703,0.8174858807936811,0
8650,0.4306266743357595,0.101231265953831,0.2116104949265704,0.002875751122178268,-9.46679177357513,1.7317938414355805,0
8677,0.4344514785413106,0.0898400389096969,0.1937248370351483,0.0003934755212911345,-10.961632396329014,0.2369532186816965,0
20909,0.4440281505013954,0.0761581862519291,0.1448510821202656,0.0029420920585131274,-9.42684088071318,1.7717447342975312,0
306,0.4388313990307053,0.0847185176058957,0.1948386438735851,0.0013325587761320273,-10.396111067036484,0.8024745479742261,0
4891,0.4332647245235722,0.086422911429682,0.2128750005579066,0.0022299973909898053,-9.855668379110156,1.3429172359005541,0
11731,0.4375307298854027,0.1042337219519768,0.2238899446831779,0.005450625086793395,-7.916187884384725,3.282397730625985,0
3251,0.4359849067673711,0.084634244214758,0.1778122620706892,0.0002758307913541435,-11.0324787283398,0.16610688667091011,0
20140,0.4506162940567494,0.0726808870332412,0.1369013917971375,0.00470580588515899,-8.364722285162912,2.833863329847798,0
24467,0.4478283603701955,0.0664628714267623,0.1206615980402417,0.00467734649078746,-8.381860695897938,2.8167249191127723,0
8255,0.4332829008918497,0.0890745961172134,0.2175620608780906,0.0023577651113465613,-9.778725924131475,1.4198596908792354,0
22924,0.4239297820398267,0.0873857587050036,0.2001767817640691,0.002986630454149165,-9.400019603073726,1.798566011936984,0
966,0.4376350319365363,0.0825308665700641,0.171693634442713,0.000456087880210281,-10.923926874200312,0.2746587408103984,0
12461,0.4143216896958982,0.1231914704243906,0.2558636779102984,0.011371068147836571,-4.35086307146477,6.847722543545941,0
13483,0.4261189793399195,0.0835457370728144,0.1902355757244129,0.002279988583074205,-9.82556339613367,1.3730222188770398,0
1632,0.4362852932497664,0.0780995404069022,0.1836072848893125,0.0007028098524992002,-10.775349485544666,0.4232361294660443,0
23267,0.4486279358600674,0.0533076217936772,0.0849162454253962,0.009538206807488158,-5.4546226968862,5.74396291812451,0
11584,0.4330128999232678,0.0988043305682443,0.250178467833087,0.005911255424206351,-7.638793649759195,3.5597919652515158,0
19733,0.4397438529028142,0.0841107948727259,0.2024397319846222,0.0031139314414879967,-9.323358217398923,1.8752273976117877,0
1904,0.446102468066882,0.0627798498275997,0.1454497288260116,0.004501377078746932,-8.487830486434609,2.7107551285761016,0
12953,0.4381808723680939,0.0913793178310864,0.1995109171369544,0.001528277005925097,-10.278248425030254,0.9203371899804562,0
24168,0.4389483677612494,0.0738648847002526,0.1613544968092905,0.0009410362486760594,-10.63188818161445,0.5666974333962607,0
16833,0.4347594584251361,0.0681911861482727,0.1364718862061595,0.004106992849781004,-8.725330934096844,2.4732546809138665,0
11325,0.4318084081282035,0.0907884414577471,0.2087298732324876,0.0008416671379868453,-10.691728830755938,0.5068567842547722,0
21496,0.4390891465874962,0.0724305714681657,0.147647663843234,0.001885978200942137,-10.062838711085524,1.1357469039251864,0
17692,0.422843079143411,0.0968785118312854,0.2208063645658573,0.003068768301621119,-9.350555719602141,1.848029895408569,0
7406,0.4387881924942974,0.0791151449013411,0.1644554212368388,0.0007024998994200586,-10.77553614106901,0.4230494739417008,0
13488,0.4373936056698411,0.0777563003011302,0.1693137810157512,0.0003629851543988448,-10.979993870380072,0.21859174463063802,0
11453,0.4359266068349902,0.0887930329794348,0.1633050460069726,0.004034816176717448,-8.7687961411319,2.4297894738788095,0
6727,0.4320433509487593,0.1042093414176951,0.228912079116717,0.0033701663958640693,-9.169052056296605,2.029533558714105,0
7523,0.4367607838507524,0.088176013746827,0.2097300570574461,0.002214218694464606,-9.865170400775899,1.3334152142348117,0
23028,0.4307539544050903,0.0841669681130101,0.1967215937796132,0.0006878335854903774,-10.784368279547232,0.41421733546347816,0
1026,0.435112643109714,0.0914746108446226,0.1987224789290674,0.0007097059239828678,-10.771196631692533,0.42738898331817765,0
3255,0.4345059974992424,0.0889409886572211,0.1903494561593451,0.00032638594184755736,-11.00203412637055,0.1965514886401607,0
18584,0.4430047845524799,0.0687473861230974,0.1491432664603699,0.0023306357362380594,-9.795063389627902,1.4035222253828081,0
14210,0.4188729059790756,0.1108033215474213,0.2714458455323291,0.0053317598948771985,-7.987769185608596,3.210816429402114,0
10165,0.4252078305663091,0.0647777522938764,0.1474095396582753,0.006865172584409254,-7.064339257465404,4.134246357545306,0
3856,0.4366434703831429,0.0761809084124518,0.1749479708435206,0.0005824436737412455,-10.847834689664927,0.35075092534578367,0
18831,0.4244274330028066,0.0890081818691247,0.221361693869269,0.0035317701877020918,-9.071733324748745,2.126852290261965,0
8947,0.4295615438234302,0.0708436260237732,0.1577868226544546,0.003446386605661494,-9.12315180821807,2.07543380679264,0
8144,0.4361479327869073,0.0720857135636996,0.1850449345558714,0.003311919039394823,-9.204128948881433,1.9944566661292775,0
8070,0.4497691606578897,0.0401653217160289,0.0805547037026186,0.010606345741578208,-4.811383296373139,6.387202318637572,0
10631,0.4057364243604084,0.1214898218636856,0.270493731284701,0.013556343846692992,-3.034877495407055,8.163708119603655,0
4903,0.4371163257297721,0.0878942885841585,0.1963466258998648,0.0007332903362654672,-10.756993963168858,0.44159165184185234,0
19998,0.4219575434154574,0.0777610078703392,0.2031340036406154,0.0067049076076253706,-7.160851746898744,4.0377338681119666,0
12938,0.4316024080127613,0.1057807495854216,0.2614443082445866,0.006131290036953293,-7.506287542287286,3.6922980727234247,0
12237,0.4423184134583269,0.0733520927165005,0.1589492445521766,0.0016038907609172775,-10.232713387518354,0.9658722274923566,0
22597,0.4369354929453564,0.091750956262161,0.1921320266018772,0.0011336184398690673,-10.515914080063688,0.6826715349470227,0
848,0.4339937521137689,0.0718504601464036,0.1784644147485796,0.002316194268534897,-9.803760124417206,1.3948254905935045,0
19955,0.4288363672352113,0.078980954886944,0.1736152900734644,0.0020505512916008353,-9.963731850734941,1.234853764275769,0
12752,0.4491940878570502,0.0826986094769328,0.1693074027478154,0.00549888149403514,-7.887127598803489,3.3114580162072214,0
23541,0.4276055252694111,0.0818399106372086,0.1829967098187405,0.001927915757949547,-10.037583673405047,1.1610019416056634,0
21485,0.427896658438379,0.1020170538925657,0.2412512514300355,0.0028285904857864004,-9.495192179657474,1.7033934353532363,0
24305,0.4379144629703625,0.0856272040762933,0.1883586724395388,0.0004633360311346523,-10.919561996086967,0.27902361892374294,0
19303,0.433915274174881,0.0772179773601442,0.1823165202131784,0.0007823524277837112,-10.727448489889207,0.4711371251215031,0
15104,0.435579933354379,0.091344119451812,0.208929037844165,0.0014191934973429622,-10.343939140373394,0.8546464746373168,0
15167,0.4231557291765792,0.0951985681677097,0.2200676219364949,0.0029259378980833056,-9.436569008898603,1.7620166061121072,0
10939,0.4241958699309663,0.0913866972333447,0.2147166938898216,0.002650862919467102,-9.602220740798035,1.596364874212675,0
3543,0.4423340194032214,0.0710212570361271,0.1509239854280791,0.0019036422824050784,-10.052201299782363,1.1463843152283477,0
2849,0.4464020953362967,0.0679228150240714,0.1415453223123238,0.0032454821492166855,-9.244137625698876,1.9544479893118343,0
24160,0.4338860795713941,0.0765333361591242,0.1972917314438088,0.0032152188603972883,-9.262362352030312,1.9362232629803984,0
20031,0.4326344090961868,0.0622956727497191,0.1700704042504969,0.006495514990979902,-7.2869491832005435,3.911636431810167,0
19692,0.4405036759542446,0.0939703639890091,0.2024981555618636,0.0032336732598868124,-9.251249006672685,1.9473366083380252,0
4866,0.4376590382223115,0.0804163301052453,0.1831659860036944,0.0004260431984191004,-10.942019954123879,0.25656566088683164,0
23013,0.4337109586774749,0.0920461379056998,0.1799527228826846,0.0024536541690905276,-9.720980982859826,1.477604632150884,0
19292,0.4267183633924448,0.0826987670855083,0.2115561708991401,0.0037811051442079367,-8.921582381991097,2.277003233019613,0
12974,0.4438933816165775,0.0797504776290024,0.1622754456180132,0.0020731919818926,-9.950097497014015,1.2484881179966951,0
2511,0.4336005749552971,0.081413368365961,0.1796980861324524,0.00016250719783225865,-11.100722847184791,0.0978627678259194,0
5825,0.4352475607476126,0.0639518718606074,0.1365051964176045,0.003928048967155374,-8.833091967902476,2.3654936471082344,0
8851,0.4255114606522645,0.1138950182671733,0.286931876425958,0.007987284904698987,-6.388596773809586,4.8099888412011245,0
13245,0.431349414668453,0.1000576432035492,0.2399292407863732,0.003401045217601199,-9.150456652507058,2.048128962503652,0
16824,0.4347992730057206,0.0832311409028394,0.1790590798279216,9.857316380006056e-05,-11.139224289657054,0.059361325353656014,0
3264,0.4379910796517175,0.0763896252650119,0.1785631237430813,0.0009330527915260376,-10.636695865359801,0.5618897496509092,0
7027,0.4353884125085918,0.080543943021611,0.1729944164017459,0.00023423342567000579,-11.057528900851658,0.14105671415905263,0
4756,0.4458976721604746,0.0879899464134274,0.1779676781396612,0.004374163148751153,-8.564439445677449,2.6341461693332615,0
15613,0.4200973992961928,0.0979805510562648,0.2198597574214971,0.004470709889072333,-8.50629844418068,2.6922871708300296,0
13329,0.4228069853321152,0.1222397030783025,0.305659054689795,0.010603101530200052,-4.813336979096819,6.385248635913891,0
23968,0.4408574606915484,0.0611498136596368,0.1608624722294902,0.0060563483818574905,-7.551417837381666,3.6471677776290443,0
6800,0.4374627672402856,0.0833701755970089,0.1852131002054275,0.00024369363177263994,-11.05183191040596,0.14675370460475,0
3847,0.433788115242942,0.0836801410855488,0.1955125668881893,0.0004615953384751187,-10.92061025120347,0.27797536380724,0
12647,0.4491601199215732,0.064442043734868,0.1406743242397294,0.004710768646697729,-8.361733681662763,2.8368519333479476,0
17566,0.4351188167685197,0.0575993944326137,0.125800520353044,0.00563542142480949,-7.8049024683318535,3.393683146678857,0
13711,0.4230513411873504,0.0999623393997874,0.2455683304386203,0.0036049154214328936,-9.027684844917355,2.170900770093356,0
17567,0.4352323179123463,0.0621421754280559,0.1400378166494535,0.003918649826699938,-8.838752184264726,2.3598334307459847,0
11482,0.4428682793520517,0.0922817764489686,0.1903806180214496,0.0037249049891692155,-8.955426438117227,2.2431591768934833,0
14127,0.4400643624919312,0.0948688914009904,0.1717414262436787,0.0056381264724433364,-7.803273473111455,3.3953121418992556,0
10368,0.4334287249853549,0.0686362983319168,0.1496090217731357,0.002887319341095443,-9.459825325706037,1.7387602893046736,0
13511,0.4380889553323454,0.085804869133431,0.1663350420224531,0.001908124455043618,-10.049502109677972,1.1490835053327384,0
5038,0.4387151515076768,0.0733252360286998,0.141341048893817,0.0029113275717579435,-9.445367431319964,1.7532181836907466,0
12609,0.4539923567087907,0.0580737027633254,0.1094403174514127,0.0061799947697326685,-7.476957272492521,3.7216283425181897,0
1015,0.442576681760387,0.0771472464528727,0.1679848292005953,0.0015031798522181226,-10.293362075127478,0.9052235398832327,0
5271,0.4446899155329961,0.0796109880694075,0.1553211474464348,0.0027375075307107858,-9.550042858300424,1.6485427567102864,0
24303,0.4327709139439731,0.0822314026641363,0.1723789659220658,0.0008857724868652557,-10.66516833636095,0.5334172786497611,0
21434,0.4315762155201056,0.0938718553079325,0.1615615101851602,0.009196304567970135,-5.660518189094806,5.538067425915904,0
2726,0.4419809074952184,0.0814197345074816,0.1717008603671119,0.001288281654970338,-10.422775003686965,0.7758106113237453,0
14810,0.4340330515881835,0.0890058112011356,0.1706813111479261,0.0028207562776041513,-9.499909984817284,1.698675630193426,0
23601,0.4285221036879342,0.0745020053645424,0.1680624069737187,0.00285646725627668,-9.478404628369791,1.7201809866409192,0
214,0.4326578080806755,0.090687942303691,0.2284253225359917,0.0038196783336034803,-8.898353385808308,2.3002322292024022,0
20025,0.4335387595501951,0.0695826613780151,0.1549455564320713,0.0023807763593531486,-9.764868418426541,1.433717196584169,0
996,0.4381478635150715,0.0720834790124388,0.1538304843913479,0.00140471989059615,-10.35265522947936,0.84593038553135,0
13778,0.4471112740632726,0.0794105095299303,0.1563564291474284,0.003608441473751016,-9.025561435960991,2.173024179049719,0
1730,0.4409482860220859,0.0789071775045741,0.1753940576723892,0.0010536342670510426,-10.564081008289957,0.6345046067207534,0
11176,0.4223121517944432,0.1061109338731891,0.2656233446969401,0.0049258359231825095,-8.232218932615721,2.9663666823949892,0
9566,0.4354253493475901,0.0782166147769713,0.2010451418175556,0.0034432300494004983,-9.125052704526787,2.073532910483923,0
23329,0.4442149704077107,0.0943135131704921,0.1908739739967438,0.005259094617181197,-8.031528633159406,3.167056981851305,0
2331,0.4363035435437131,0.0870670287141795,0.1760476484298209,0.0009559255851997416,-10.622921737649284,0.5756638773614267,0
18430,0.4406109747066006,0.0792355446263711,0.1655825484630521,0.0009036260030926322,-10.654416846354707,0.5441687686560037,0
3981,0.4376217568229195,0.084910143902472,0.1683302092571691,0.001315666715491115,-10.406283562966845,0.7923020520438655,0
4936,0.4358121210168517,0.085936046700232,0.1981855438256362,0.0006623176955201582,-10.799734095027016,0.39885151998369395,0
1798,0.4393390231321103,0.0814338669356076,0.1633230553686647,0.0011738051617086861,-10.491713405376435,0.706872209634275,0
23041,0.4467885409921692,0.0729130224247242,0.1301396245182647,0.004536178525790699,-8.466872855157465,2.731712759853245,0
18684,0.4355419940017135,0.0826295694978587,0.1836462443907015,3.2149566526640946e-06,-11.196649549650733,0.00193606535997759,0
21868,0.4331681699476513,0.0863049319492037,0.2019705073199393,0.0006626250151618016,-10.799549025373858,0.39903658963685196,0
9610,0.4442054334865634,0.0795669890902416,0.1745395735240303,0.0024573220664154747,-9.718772154025727,1.4798134609849836,0
665,0.4353345191470253,0.0884976122245861,0.17521781173535,0.0015763353618130501,-10.249307407111695,0.949278207899015,0
5939,0.4372516010843304,0.0854182443104426,0.187355716017055,0.0002744865956994815,-11.033288210682857,0.16529740432785367,0
8615,0.427332276138955,0.0981950599904914,0.2284747764413562,0.0021130492529639025,-9.926095219471504,1.2724903955392062,0
225,0.4242266954294168,0.0895494889298578,0.220886759061458,0.003387364636452495,-9.158695177043437,2.039890437967273,0
3469,0.4403579612104553,0.0864544815342399,0.1461546940186853,0.006731968802222092,-7.144555340098076,4.054030274912634,0
21164,0.433054231775057,0.0859574152171282,0.171839622598656,0.0016920889097845834,-10.179599955741711,1.0189856592689992,0
24738,0.4449800346890004,0.0736510394954151,0.1854788936154741,0.006600173974108912,-7.2239229424956655,3.974662672515045,0
10945,0.4184174124108711,0.0773873449255719,0.1652588481995983,0.009016557357157756,-5.768762991748074,5.429822623262637,0
10091,0.4207818478116081,0.1017396536699181,0.2495569494315242,0.004104263233710784,-8.726974724570725,2.471610890439985,0
3235,0.4414959937620931,0.0716033307103763,0.1561382329313275,0.0016202231728030799,-10.222877915282426,0.9757076997282841,0
14763,0.4321981287324781,0.089242828639871,0.2182493106643697,0.0022466986062377376,-9.845610811371488,1.3529748036392224,0
11861,0.4242395320510346,0.1088509484771371,0.26497946269492,0.004476816750515913,-8.502620857147182,2.6959647578635284,0
6631,0.4405619124038632,0.087158660436007,0.1801313241608924,0.0014088549171461402,-10.35016509274318,0.8484205222675296,0
15051,0.4344806010983379,0.0874985171708456,0.1718413700167465,0.001886730953122228,-10.06238539939956,1.1362002156111508,0
284,0.4446554361983295,0.0691965603175954,0.1633911738842109,0.0038450277492411357,-8.883087822127669,2.3154977928830416,0
13660,0.4346333361983987,0.0829434925541541,0.1822891210011737,1.0827277494174909e-06,-11.197933590141822,0.0006520248688879349,0
22464,0.4326331135468138,0.0995705751549049,0.2482799232008269,0.0051793147302529,-8.079572539249652,3.1190130757610586,0
10330,0.4305240268645472,0.0706745205561968,0.1608011761625919,0.0029072742390941738,-9.447808371528687,1.7507772434820232,0
10524,0.4309604843295523,0.0795471616078296,0.1590208022638362,0.0031679689579382905,-9.290816514650944,1.9077691003597668,0
439,0.4437690312656406,0.0636914174563447,0.1431178333343395,0.0033889677587459264,-9.157729767591478,2.040855847419232,0
20530,0.4441161277876091,0.0705717447462518,0.1438447170420333,0.0025141005468249863,-9.68457982703994,1.5140057879707705,0
2329,0.4361313966151158,0.0929459416253655,0.1923070919535543,0.0013297800332964275,-10.397784441930616,0.8008011730800941,0
579,0.4360241095355607,0.0883233690188484,0.1969419164866588,0.000518530275073791,-10.886323705402031,0.3122619096086794,0
4033,0.4395914163838725,0.0737960973648215,0.1672895009894741,0.0011018119697444892,-10.535068119039712,0.6635174959709982,0
8626,0.4277180271344467,0.0878123416814094,0.186036459005977,0.0020948076571148124,-9.937080413254714,1.2615052017559965,0
22753,0.4350306994618361,0.0838541708158533,0.1963319664251807,0.0006194598143690693,-10.82554335719231,0.37304225781840117,0
12730,0.4435631516643638,0.0835059992223373,0.1456457842871769,0.005234841041660991,-8.046134275627823,3.1524513393828872,0
10129,0.4150739319868719,0.099948021152487,0.2533932647925041,0.007195116756592011,-6.865644982082196,4.332940632928515,0
13053,0.4335645554272679,0.1208007653879839,0.2688715441856199,0.010453184750580193,-4.903617724767492,6.2949678902432185,0
19396,0.4223856876731467,0.098827206386696,0.1710131884686775,0.014863395718952788,-2.2477633514327984,8.950822263577912,0
10076,0.4391944675164597,0.0710364088461369,0.1474642723393449,0.0018808437551221544,-10.065930703845835,1.1326549111648756,0
7182,0.4322749195815489,0.0924207492342095,0.2114968098028979,0.0010488537312815305,-10.566959874385342,0.6316257406253687,0
5041,0.4369558930334003,0.0780427035689603,0.1698721247350421,0.00032507672190869324,-11.002822546136684,0.19576306887402595,0
6616,0.4348072199906994,0.0927765236231894,0.1845906422294093,0.0019337621645904041,-10.03406293374956,1.1645226812611504,0
3331,0.4310514210145929,0.093948607626265,0.1921436823050927,0.0019019619542993164,-10.053213203017906,1.1453724119928044,0
17204,0.4433032033507624,0.0607018437224598,0.1262330652852634,0.00390813255430599,-8.845085746101866,2.3534998689088447,0
6561,0.4358344861717143,0.0789921171747432,0.1650394581356205,0.000720635195967588,-10.764614961335685,0.43397065367502563,0
1538,0.4362639027976003,0.0916724114102046,0.1746765527726211,0.0029859473749270994,-9.40043095730423,1.7981546577064798,0
17081,0.4266168497640038,0.0694986446336373,0.1692306679709921,0.00463382928597562,-8.408067006558282,2.7905186084524285,0
5408,0.4326367143579873,0.075152470437003,0.1707261233564611,0.0011572024006724132,-10.501711683423412,0.696873931587298,0
17493,0.434817735636645,0.1033741669505013,0.2289750548162882,0.004031835201332302,-8.770591301628807,2.4279943133819035,0
19853,0.4518951405457864,0.0621933176917569,0.1224551593557181,0.005121187459739267,-8.114577115382346,3.0840084996283643,0
12526,0.4218591663576412,0.1071024649497003,0.2698998417737934,0.005414594526318933,-7.937885694828726,3.2606999201819846,0
12026,0.442005941375979,0.071116899229634,0.152305195831258,0.0018070810633212331,-10.11035102047316,1.0882345945375498,0
1612,0.4396381430582532,0.0856998627956308,0.1857570916136811,0.0008975866199319472,-10.658053797578713,0.5405318174319973,0
21176,0.4374552321616861,0.086987643762789,0.1792325055503442,0.000698587155448528,-10.777892417959855,0.4206931970508556,0
10144,0.4327657856886332,0.086705167155986,0.2322678841270805,0.006601337170471306,-7.223222458965906,3.9753631560448044,0
20270,0.4379270470305458,0.0900547525213469,0.1801764193518046,0.0015675421359747897,-10.254602738211668,0.9439828767990424,0
3988,0.4326670590073165,0.0943309334281859,0.2080857137038489,0.0010609650296631043,-10.55966638094384,0.6389192340668703,0
13531,0.434742867264329,0.1047152981858544,0.2207747796183341,0.004461429711995704,-8.511887020112997,2.686698594897713,0
8701,0.434579923893803,0.078217179879451,0.1575529148697263,0.0018552062901432168,-10.081369732494084,1.1172158825166267,0
5273,0.4453507316576598,0.0797180781910436,0.1520206163960286,0.003253310303063874,-9.23942346649441,1.9591621485163007,0
16037,0.4411083803241533,0.0839632834087973,0.1497127161784094,0.004448585205760254,-8.519622055534972,2.678963559475738,0
3540,0.4336746950570263,0.0879281481646793,0.1860572631495999,0.0003857123908254167,-10.966307398079724,0.23227821693098605,0
1349,0.4390266464275399,0.0766982426196759,0.1724831022099059,0.0006765384464631044,-10.791170277138308,0.40741533787240236,0
878,0.4463217633883699,0.0429115056904951,0.0975112848797843,0.0088163747670918,-5.889314097149801,5.30927151786091,0
7008,0.4438503641426984,0.0769748241355376,0.162671231296752,0.001916221846742636,-10.04462581389288,1.1539598011178303,0
6437,0.4347858588248633,0.0884985405558144,0.2177746292891468,0.0029355282862628417,-9.43079362205855,1.7677919929521604,0
12019,0.4389927978196931,0.0530488295838806,0.1348453518754949,0.006239372278577897,-7.441199795656325,3.7573858193543854,0
2542,0.437209520717778,0.0918793910588563,0.1945681007630366,0.001185732673499729,-10.484530589275252,0.7140550257354583,0
24898,0.4307340826840463,0.0778446901538148,0.1808430071003007,0.0011828486726858391,-10.486267351128415,0.7123182638822954,0
21802,0.4371390284447209,0.0890933287990202,0.190373166869893,0.000644243232254404,-10.810618640608686,0.38796697440202443,0
7031,0.4314537181669045,0.0873628235374338,0.1844257160883514,0.0008011273955158241,-10.716142096494846,0.48244351851586487,0
12117,0.4451879699716551,0.0677124364867819,0.1266366337542638,0.003954425689328116,-8.817207754326507,2.3813778606842035,0
3157,0.4387780975608107,0.0792524825722837,0.1693448758521948,0.0004466845074776465,-10.929589639264197,0.26899597574651324,0
16657,0.4326347937019193,0.075626201663365,0.1606766556058603,0.001784389597860673,-10.12401595129234,1.0745696637183695,0
9661,0.4319059644344009,0.0783459849998594,0.1563013614022189,0.003027506158328516,-9.375404019264609,1.8231815957461013,0
10712,0.4237570137065808,0.0760082931063265,0.1893829776635814,0.004966005245455772,-8.208028736047256,2.9905568789634547,0
12282,0.438428313966314,0.0832998787369533,0.1631620673072583,0.0016028912307412527,-10.233315310330735,0.9652703046799758,0
4293,0.4351232454282397,0.0738133560465006,0.1704027273367498,0.0009885648355257794,-10.60326619365322,0.595319421357491,0
2071,0.4350996203648985,0.0830023612138827,0.1800810567732039,3.1806609045422514e-05,-11.179431492375755,0.019154122634954973,0
15802,0.4271065779228753,0.0841472246016997,0.1780852392357526,0.002788266053221038,-9.519475784534652,1.679109830476058,0
18350,0.4404154940988252,0.0653960260691147,0.1420532826205161,0.002667619226792894,-9.592129996293682,1.6064556187170282,0
19947,0.4328849485619284,0.0659094577180258,0.1455970185971648,0.0036553036781843866,-8.997340747317972,2.201244867692738,0
7487,0.4400078402639165,0.0888510870172818,0.1776835498712269,0.0018232788464637851,-10.100596622439602,1.0979889925711088,0
10478,0.4351177357497346,0.0750705033117773,0.1627057226339886,0.0009759420829447472,-10.610867687750956,0.5877179272597548,0
22254,0.4361371301873725,0.0793084208655913,0.1877445443496235,0.0007982473439608496,-10.717876480081609,0.4807091349291017,0
22146,0.4295014755489815,0.1018776886910063,0.2323306202598721,0.002519735630792613,-9.681186347111915,1.5173992678987958,0
9711,0.4303416673491406,0.0776312112911959,0.1941072918002428,0.0023419228240074874,-9.78826624055054,1.4103193744601707,0
15193,0.4360454819304711,0.0705108763262493,0.1591892846481251,0.0015741408658078411,-10.250628945209192,0.9479566698015187,0
6841,0.4373978589443975,0.0756540857335986,0.1716172837891731,0.0006094969431319849,-10.831543055468817,0.36704255954189335,0
20305,0.4347858683329726,0.0874023508489006,0.1910808518948708,0.0001393513478655831,-11.11466743302055,0.08391818199016043,0
19915,0.4343440201360116,0.081871537224872,0.1883737089287678,0.00021458068357256996,-11.069363895009943,0.1292217200007677,0
24162,0.433734762988173,0.077144014510701,0.1994584367406724,0.003361113363491928,-9.17450384438337,2.0240817706273404,0
16231,0.4203219714177381,0.1083002674737156,0.2401488893585283,0.004499808381880061,-8.488775164696985,2.709810450313725,0
24952,0.4356858637599716,0.0888348225787906,0.1766592385288824,0.0014598906629467358,-10.31943107351985,0.8791545414908608,0
14681,0.4307642740550571,0.0901919302853516,0.2054343194737262,0.0006955738554102204,-10.779707044548537,0.4188785704621729,0
17410,0.4386366864683945,0.0723420458286042,0.1690428982846958,0.0014103381779326347,-10.349271864579073,0.8493137504316373,0
7623,0.4253490427957671,0.0945679743934702,0.2079752304248138,0.0024041351407845775,-9.750801626097257,1.4477839889134536,0
12168,0.4436477621505474,0.0810419702423293,0.1430407596423284,0.004688862210023716,-8.374925863638204,2.8236597513725066,0
15420,0.4281122200854237,0.0974231760875703,0.2331781970995338,0.0024591597815784016,-9.717665471400473,1.4809201436102377,0
6519,0.4351499181454993,0.0853283211332883,0.2071377537040963,0.0018851668314005356,-10.063327322483234,1.1352582925274763,0
14218,0.426763221647114,0.1011861769662388,0.2093994842605208,0.003740871234031115,-8.94581147376602,2.252774141244691,0
15160,0.4278883825846561,0.0987952340317459,0.2200152774665893,0.001980785899125055,-10.00574497075187,1.1928406442588404,0
22893,0.4375039102923612,0.0667472440350131,0.1600008730664422,0.0026189804142246506,-9.621420568558719,1.5771650464519915,0
309,0.4305678169499463,0.0904974664905085,0.2352783474988731,0.004949563720335126,-8.217929916899852,2.9806556981108585,0
10178,0.4351909156460859,0.0588325195868994,0.1580539731190957,0.00632399082101695,-7.390242023428731,3.8083435915819797,0
19579,0.4509019535565714,0.0545069874099413,0.1157594907260621,0.0059176918248286395,-7.634917612339709,3.563668002671001,0
11396,0.4243371760562536,0.0907043740326841,0.2094071166902443,0.002557849242343587,-9.658234111346516,1.5403515036641942,0
5602,0.4367749184843441,0.0812901335583718,0.1776854664935635,8.115142018966253e-05,-11.14971576371365,0.04886985129706112,0
5480,0.436257459872701,0.0787687604242405,0.1993258304925657,0.002980246501186813,-9.403864056211187,1.794721558799523,0
3983,0.4326185134021663,0.0894291113344768,0.1876047512982518,0.0007111844137293897,-10.770306276676097,0.4282793383346135,0
13310,0.4274183259023076,0.1076374227137515,0.2475716559673749,0.0034450426208652335,-9.123961163580987,2.074624451429724,0
8026,0.4470916979684776,0.0637409329164836,0.1307375851752741,0.0038174070653258637,-8.899721156609157,2.298864458401553,0
16364,0.4274452687978461,0.0921139650372578,0.1868764065919663,0.003306283849761154,-9.207522492442155,1.9910631225685549,0
1102,0.4358620304737142,0.0885256494446327,0.1926394545678165,0.00035586619181363104,-10.984280950533638,0.21430466447707275,0
7681,0.4401406140996598,0.0701020403862652,0.1603147737073348,0.0017743193030015972,-10.130080340690954,1.0685052743197563,0
7763,0.4364551972409344,0.0831230745066797,0.1842356319658117,6.677475900495418e-05,-11.158373471645351,0.040212143365359054,0
5149,0.4311113916176868,0.0847297775533583,0.1746016898388856,0.0015562304728702816,-10.261414686696954,0.9371709283137566,0
9190,0.4078503437425493,0.1241477436616055,0.2530131149980359,0.0170946142988993,-0.9041107085291338,10.294474906481577,0
14884,0.4239100608447446,0.1041399359691335,0.2438674264568772,0.0030270352635500277,-9.3756875948046,1.822898020206111,0
13243,0.4325794789821613,0.0977283718825698,0.2344262209624451,0.0032709978400337018,-9.228771930150295,1.9698136848604157,0
4753,0.4468244235263388,0.0860217020744866,0.1861506424688483,0.00533475470975917,-7.9859656908872205,3.21261992412349,0
13959,0.4361100474674159,0.0628744906177542,0.141277886343489,0.0035512995623267767,-9.05997262319106,2.1386129918196506,0
21648,0.4309384774015637,0.0841164700474295,0.2041213926743907,0.0013868983721749687,-10.363387450222946,0.835198164787764,0
13276,0.4423532132189922,0.0580818463856544,0.1534168048283133,0.006828504515746432,-7.086420979001693,4.112164636009017,0
6633,0.435471855296645,0.0782679562570483,0.1668794184369547,0.0005692378071977905,-10.855787338339702,0.34279827667100804,0
4520,0.4380487952905332,0.0786831900187571,0.1588772604794163,0.001195121428055236,-10.478876627361586,0.719708987649124,0
5356,0.4327868499270693,0.0835147542893626,0.1837109107492538,0.00016996935397152308,-11.09622909390199,0.10235652110872095,0
5570,0.4337319074032736,0.0733401013299692,0.1550244012715751,0.0020477474483136787,-9.965420341265155,1.2331652737455556,0
14429,0.4409193453128927,0.0636886566988507,0.1542850872782051,0.003693818523899152,-8.97414688603482,2.2244387289758905,0
7002,0.4399088262064235,0.0982251304146525,0.2294004203457248,0.006200069719098857,-7.464868022692224,3.733717592318486,0
23943,0.4373663357372662,0.0689232330365103,0.1717162928826033,0.00286828866063072,-9.471285710776554,1.7272999042341564,0
11148,0.4211762167293134,0.1067968975491025,0.1967838388363451,0.012746271699704508,-3.522707594630152,7.6758780203805586,0
11673,0.4548385801768054,0.0592491378271802,0.1224313739602206,0.006524623035217265,-7.269420151791067,3.9291654632196433,0
19374,0.4345400065247724,0.0780926315781168,0.1895845807756636,0.0012343728051305845,-10.455239222663135,0.7433463923475756,0
4893,0.4346628463427466,0.0846863752921068,0.1802017218571071,0.00018094003962904417,-11.089622483993539,0.10896313101717148,0
6515,0.4413156229712034,0.0815614482944402,0.1716122137651088,0.0010658804644324664,-10.55670627789601,0.6418793371147,0
4420,0.4331172861270975,0.087602090722116,0.2013819152663256,0.00047688242731856365,-10.911404278507021,0.28718133650368927,0
22747,0.4359192470210672,0.0844820776416431,0.1913950775395447,0.00024339797627931394,-11.052009955842014,0.14657565916869686,0
16088,0.4426364302051644,0.0812660279396209,0.1802038292868337,0.001920644882012649,-10.041962236651447,1.1566233783592637,0
3012,0.4385007241552778,0.0764429764392981,0.1651620682321517,0.0006051323928798329,-10.83417141269661,0.3644142023140997,0
5495,0.4279600424480524,0.0911748285495372,0.2023639217902959,0.0012850129905267874,-10.424743412187063,0.7738422028236478,0
2398,0.4334932772344333,0.077659039964751,0.1773401615501653,0.000542673824397567,-10.871784321340993,0.32680129366971755,0
6892,0.4356362759098776,0.0896495123566585,0.1938697938877274,0.00047166265634449224,-10.914547654565153,0.2840379604455574,0
2028,0.4297347588971998,0.0929810206095681,0.198809903217113,0.0012631887523488047,-10.437886093756122,0.7606995212545886,0
11242,0.4236060214997839,0.1020914903833259,0.2321631324448844,0.0029283235887430977,-9.435132332282071,1.7634532827286389,0
12541,0.4218891587581265,0.0992472599796162,0.2041145302512074,0.005900680437795756,-7.645161967308615,3.553423647702095,0
18266,0.4268895037901355,0.0923530006456657,0.2307227787919634,0.0032377816162875986,-9.248774930853525,1.9498106841571854,0
17704,0.4165322769727816,0.1008328348433483,0.2411424592740497,0.005555716711895304,-7.852901104199072,3.3456845108116386,0
3641,0.4339218039511368,0.0994442183303296,0.1909110897104238,0.004478407424989638,-8.501662943843739,2.6969226711669716,0
14297,0.4433039225286534,0.0841350062722061,0.1871481342520518,0.0028149595391885342,-9.503400813982283,1.695184801028427,0
4921,0.4344932739097245,0.0906402540940821,0.2248790070986964,0.0036537831656732384,-8.998256408684606,2.2003292063261046,0
11429,0.4237719283485806,0.0965211191331495,0.237245474730897,0.003385416302776102,-9.159868474772791,2.038717140237919,0
15454,0.4333786602391541,0.0602565144343571,0.1519555059142874,0.0050464490812040215,-8.159584996164526,3.0390006188461847,0
11864,0.4337877076359111,0.0965494755177576,0.2270841893030695,0.0028175396312492135,-9.501847067725675,1.696738547285035,0
8727,0.427755172309006,0.0947283795674314,0.2529793094631836,0.006766387558562799,-7.123828167360139,4.074757447650572,0
2798,0.4396839625631788,0.0883849775963431,0.1701045273968302,0.0024466358123323147,-9.725207477606585,1.4733781374041257,0
18575,0.4372418113473359,0.0625985831563723,0.1674491773337277,0.005784273363952381,-7.715262975711872,3.483322639298838,0
23086,0.4377206045752927,0.0866897869688423,0.1981231885992759,0.0011147744571009097,-10.527262034709114,0.6713235803015962,0
12300,0.4312944406591829,0.0927175322504542,0.1981261762567103,0.0009509963943468504,-10.625890124689617,0.5726954903210935,0
3104,0.4439936688948683,0.0755273801265071,0.1577596354402374,0.0020035544636985785,-9.992033610404077,1.2065520046066336,0
22019,0.4427365050046276,0.0795026302233745,0.1776008449659796,0.0019187601271143041,-10.043097246875522,1.1554883681351882,0
6457,0.4366935754068496,0.0773398336831538,0.1727750411822101,0.0003426987569300644,-10.992210455442113,0.20637515956859787,0
11395,0.4253929889881411,0.0817089353833904,0.1900868333170294,0.002828883032809377,-9.495016006160117,1.703569608850593,0
10462,0.423117297606245,0.1166771964332538,0.2677163200816916,0.005270136153505654,-8.024879356572425,3.173706258438285,0
7845,0.4336146339556552,0.0820445094444756,0.1811906370510832,0.00011327368849856624,-11.13037154925737,0.06821406575333988,0
24142,0.4461744650101074,0.0742263999558403,0.157725683572591,0.0029709534048979022,-9.409460412167336,1.7891252028433744,0
336,0.4372969195868277,0.0755901040379333,0.1890950258351361,0.0025615438512926435,-9.656009196618971,1.5425764183917394,0
8569,0.4239294645299309,0.1033664304646964,0.2492068124149641,0.0033399725254588185,-9.187234978460367,2.0113506365503433,0
13642,0.4327990807213346,0.089077900954453,0.2123617233451085,0.0014606292797552762,-10.318986274235813,0.879599340774897,0
16698,0.4335709289885744,0.0735814603135347,0.1577962354474725,0.0018027582753985527,-10.112954228186302,1.0856313868244083,0
14744,0.4233309387502447,0.0723962418261335,0.1645332949605866,0.005807246204008437,-7.701428599495328,3.4971570155153824,0
23144,0.4429371344910924,0.0764232869326022,0.1686426389264418,0.0017530834777371663,-10.142868676624172,1.0557169383865386,0
17319,0.4386712303204667,0.0830637170076585,0.1624343169898847,0.0016482910209012665,-10.205975295961888,0.992610319048822,0
17261,0.4365537055791492,0.0722734228179928,0.1671294324742716,0.001200084885233581,-10.47588760494327,0.7226980100674396,0
9591,0.4340170916741256,0.085658239694786,0.2074392140156287,0.0016135211975368837,-10.226913883277689,0.9716717317330215,0
6966,0.4444873155729208,0.0710765670492859,0.1351927568311469,0.003304642195011199,-9.208511106360728,1.9900745086499825,0
4780,0.4453278258375711,0.0835816765391476,0.167703976406214,0.003141502967952092,-9.306754485816848,1.8918311291938625,0
4887,0.4323262539775038,0.093843936749554,0.2073869939992648,0.0009598931195049719,-10.62053246570482,0.5780531493058909,0
12813,0.4368906161755855,0.0888087533991977,0.2059668983535269,0.0016117043577939586,-10.228007994605129,0.9705776204055816,0
3971,0.4330347590766847,0.0904108538825264,0.1908218547780801,0.0006482839729049756,-10.808185283382628,0.39040033162808285,0
16642,0.4182395330179626,0.1050493634257776,0.244722077494179,0.004546993845546724,-8.460359807487174,2.738225807523536,0
445,0.4372716650387345,0.0944362789552134,0.2114186412663238,0.0023925592477387603,-9.757772695370692,1.4408129196400186,0
9263,0.4314523840402727,0.095166725740299,0.2184587110690363,0.0015282743667320274,-10.278250014367478,0.9203356006432326,0
19071,0.4313256370650089,0.0822629056274266,0.186524917659763,0.00046305763636516874,-10.919729647015993,0.27885596799471735,0
24715,0.4440256631995591,0.0670698703518789,0.1387021505333109,0.0028535777761508393,-9.480144689896079,1.7184409251146313,0
2961,0.4386950100745692,0.0763105272778835,0.1609921096999042,0.0008153280679539751,-10.707590369997037,0.4909952450136732,0
2651,0.4340982891947621,0.0906984776374162,0.208732949434131,0.0010694174164063602,-10.554576305104344,0.644009309906366,0
2585,0.4314000768113464,0.0861598764180196,0.18886620384754,0.00037514849733533644,-10.972669035408703,0.22591657960200706,0
19444,0.4265053423423764,0.0701446564835538,0.1469715192153657,0.006251016007403766,-7.434187875286557,3.7643977397241537,0
243,0.440904771525438,0.0713021534546995,0.174195378234493,0.002971874919295826,-9.408905470904578,1.789680144106132,0
8016,0.4352015031727702,0.076795814599861,0.1814362064928319,0.0007912456891682334,-10.722092916808764,0.4764926982019464,0
14945,0.4335146063652721,0.0813320329928865,0.1896761694133167,0.0003993139333403717,-10.958116471062514,0.24046914394819652,0
3591,0.4391319007071034,0.0742251928422173,0.1853843635982772,0.0030195485713952266,-9.38019612381687,1.818389491193841,0
17154,0.4299447673837979,0.0799793654281909,0.1900484718733291,0.001282791773147926,-10.426081042049235,0.7725045729614752,0
6465,0.4381289693181111,0.0803326383722433,0.1847893002137664,0.00067150584507677,-10.794200938595775,0.40438467641493503,0
12853,0.4277271355114541,0.0953213630313162,0.2201873249658686,0.0017100780300211163,-10.16876680422237,1.0298188107883401,0
919,0.4398030659702492,0.0853427255415328,0.1937637665203579,0.0015596248560206755,-10.259370569669583,0.9392150453411272,0
17101,0.428314061247587,0.0856246942096876,0.2115325268609705,0.002304731900959652,-9.810662828000277,1.3879227870104334,0
16874,0.4374897969648567,0.0646259785468415,0.1367997254803776,0.003331193759378546,-9.192521601811036,2.0060640131996745,0
14356,0.4477885839811961,0.0661543590827618,0.1585687441792888,0.006003708344945386,-7.583117969925915,3.615467645084795,0
3842,0.4316678940358815,0.0827594686243131,0.1879161917268105,0.0003593919410227268,-10.982157724111271,0.21642789089943903,0
16145,0.4471594593207505,0.0784706138327478,0.1519411577097986,0.0036473686523357694,-9.002119265455473,2.1964663495552372,0
13304,0.4392165193730535,0.0700432050850448,0.182029426495398,0.004582070585327758,-8.439236393342622,2.7593492216680886,0
5703,0.4344550715961291,0.0895507931438144,0.2032557624097999,0.0006745291481092246,-10.79238028814657,0.406205326864141,0
15896,0.4414415443808421,0.0809042115645943,0.1738641031122466,0.001082876036843058,-10.546471446583473,0.6521141684272376,0
13718,0.4310901232390761,0.0742157870305041,0.1807418022715416,0.002071134378545784,-9.951336597566442,1.2472490174442683,0
15666,0.4300662949352394,0.0945371158366211,0.2122347382129491,0.0011827959216452852,-10.48629911810799,0.7122864969027205,0
5784,0.4371665325861298,0.0893074878135455,0.194311746888446,0.0007341649470851551,-10.756467267510285,0.44211834750042556,0
18840,0.4297343298777401,0.081047644439266,0.2077564512261677,0.0032274384278594206,-9.2550036583267,1.9435819566840102,0
3071,0.4381440217844387,0.0840307406698618,0.1708937663573486,0.000817152376398456,-10.706491760974627,0.4920938540360833,0
8516,0.4290278638026552,0.0763367490482932,0.1750117034320131,0.0021066957171649576,-9.929921355218474,1.2686642597922368,0
18654,0.43888013302328,0.0685164897006965,0.1479774894777191,0.0020331921467003286,-9.97418562748893,1.22439998752178,0
20134,0.4432595330371537,0.0846698206234573,0.1653419133442255,0.0026278351110408755,-9.616088219282783,1.582497395727927,0
565,0.4397669851920759,0.0782629863554051,0.1593314977633642,0.001129504916029739,-10.518391267744015,0.6801943472666956,0
11158,0.4211972351977247,0.102603632208251,0.2263882800590152,0.00412416689743295,-8.714988623968965,2.483596991041745,0
12182,0.4229311566572339,0.1140220971964374,0.2522116018602948,0.004813147491886165,-8.300080553120706,2.8985050618900043,0
21678,0.43196447498334,0.0785858181238151,0.1853653404034156,0.0008805685020843944,-10.668302205882869,0.5302834091278417,0
19989,0.4306976884317514,0.0658526638549348,0.1595489908468297,0.004013215138871845,-8.781804410178944,2.416781204831766,0
11735,0.4291647372531088,0.0811683443169544,0.1766656210733457,0.0016631995627990456,-10.196997286410143,1.0015883286005671,0
13194,0.4271462392113735,0.0946790860762553,0.2019192949039645,0.0022115792157710937,-9.86675991000386,1.3318257050068496,0
13214,0.421068251280026,0.0885839431870623,0.1965938529443715,0.004871112507314883,-8.265173687931991,2.933411927078719,0
11717,0.4445322685052848,0.0733967808140397,0.1681883852036049,0.003068689173694896,-9.35060337089375,1.8479822441169595,0
20462,0.4360648233696779,0.0897146485739124,0.2034136046070945,0.0010249770302492626,-10.581338560872704,0.6172470541380068,0
656,0.4337389093048798,0.0962224432682392,0.2258329246531961,0.002669570356983899,-9.590955014487168,1.6076306005235423,0
21605,0.4376795104348312,0.0840873331488225,0.1982722318387795,0.0014695958639272821,-10.31358654575165,0.8849990692590612,0
18822,0.4274995191884592,0.0839410656141684,0.2018864724712511,0.001916787343502364,-10.04428526849648,1.1543003465142299,0
7889,0.4287299180807225,0.0833154117373081,0.2004439358994336,0.001576421159459511,-10.249255739276254,0.9493298757344562,0
2463,0.4314136900969993,0.0821450486860514,0.1939348686513927,0.0007484159570091154,-10.74788522748943,0.4507003875212803,0
288,0.4374465172470512,0.0814799376050107,0.2058802236808433,0.0037202188425537698,-8.958248462521949,2.2403371524887614,0
14323,0.4376013520279501,0.0870408452449685,0.1970875185377224,0.0009500899234963499,-10.62643600664172,0.5721496083689903,0
9852,0.4321120117968793,0.1027434103696125,0.2209548342819916,0.0030480455729569316,-9.36303506581594,1.835550549194771,0
22898,0.4528434614541898,0.0698320150090913,0.1217640066179037,0.0058951507882591,-7.648491954016792,3.5500936609939187,0
22994,0.431772724408906,0.0984769474642238,0.2369133259604861,0.0032876320652849614,-9.218754704172351,1.9798309108383592,0
592,0.435570212618079,0.0910081050367386,0.1996412016974455,0.0007459591560510343,-10.749364727135983,0.449220887874727,0
10139,0.4313792849940104,0.066071053713132,0.1729398999394114,0.004897683876890778,-8.249172256571969,2.9494133584387416,0
15450,0.4275716832218234,0.0706222317660733,0.1699635904883439,0.003961052670061726,-8.813216948469467,2.3853686665412432,0
13237,0.4308682445156024,0.1002689149845086,0.2278395098842765,0.0023448747632834324,-9.786488565765351,1.412097049245359,0
12140,0.4358906875190139,0.0927850344971365,0.1571590611556496,0.008378963325466017,-6.152725779384392,5.0458598356263185,0
2657,0.4353326529729283,0.0922871860785881,0.2019690691198506,0.0009418410177959058,-10.631403545028627,0.5671820699820831,0
8903,0.4201630297138996,0.1182179901006744,0.290648673393295,0.007333247427663666,-6.782461898667779,4.416123716342931,0
17178,0.4314517094500628,0.0618037343906439,0.1312157432419302,0.006039542791598186,-7.561538260351616,3.637047354659094,0
4152,0.4342877962686949,0.0883637142731279,0.1702552093658621,0.0025717120421587837,-9.64988585368268,1.5486997613280309,0
21562,0.4328228506511332,0.0705330486973556,0.1588166387046163,0.002248148804860027,-9.844737493432543,1.3538481215781673,0
23751,0.4354526257767505,0.0749394030820159,0.1729312068704253,0.0007754362334521912,-10.731613461835884,0.4669721531748259,0
6947,0.4401683652805804,0.0686054004498898,0.158142678050044,0.002092622272736177,-9.938396464278359,1.2601891507323515,0
7967,0.4377692524499967,0.0714417284320116,0.178019091599157,0.002648384745783804,-9.60371311122246,1.5948725037882507,0
5866,0.4330606901043358,0.0895603597495925,0.1741886738100429,0.002577988269643964,-9.646106273446247,1.5524793415644638,0
3482,0.4323970086609822,0.0842420968138213,0.175600074875056,0.0009203067340488156,-10.644371614374172,0.5542140006365379,0
22310,0.4399039724240904,0.0802295951672078,0.1827102552682908,0.001042845623950638,-10.570577991125027,0.6280076238856829,0
11019,0.4248862362331443,0.1093855698971903,0.2566550425218447,0.003788884048632446,-8.916897881071812,2.281687733938899,0
13036,0.4508019847402139,0.081365363790839,0.1571788227530054,0.005844050211829382,-7.679265014617308,3.519320600393402,0
2822,0.4435435117856948,0.0642082612469061,0.1403020310468411,0.0031427087286355388,-9.3060283698085,1.8925572452022106,0
15408,0.4361095770554243,0.0738046182178456,0.1752379784677921,0.001202055814463347,-10.474700700041907,0.7238849149688029,0
24803,0.4374339832974389,0.075019908906486,0.1621704361944621,0.0007777061477497629,-10.730246506409594,0.46833910860111594,0
24470,0.4378568301012288,0.0789375359710083,0.1515444620465854,0.002407137168452533,-9.748993787794738,1.449591827215972,0
6110,0.4407785672679336,0.0715392813534114,0.1675847197089401,0.0019985495193695487,-9.995047616622799,1.2035379983879118,0
9440,0.4422998513417345,0.1046097839199578,0.2382397815408939,0.009797104375592234,-5.298713094505284,5.8998725205054265,0
18685,0.4321632845006816,0.0907459640020087,0.182290213779381,0.0018363635193982316,-10.092716957252195,1.1058686577585153,0
1529,0.4327790680499112,0.0866655530990711,0.1787851045070531,0.0009396458068111294,-10.632725513690925,0.5658601013197853,0
16348,0.4328338481490615,0.0694476819144138,0.1627185955031018,0.0024109239753120027,-9.746713350956043,1.4518722640546677,0
1291,0.4363868059799386,0.0816258671692419,0.1557016578111167,0.002617283950711735,-9.622442188629117,1.5761434263815932,0
21452,0.42948188751923,0.0824609558945182,0.1887542572411461,0.000968957251954141,-10.61507399308792,0.5835116219227903,0
6169,0.4348136380101752,0.0959353602018571,0.1993364826635351,0.0017872069490021437,-10.122319326254683,1.0762662887560275,0
7734,0.4301700165420931,0.0858709235720481,0.1908861237783204,0.0006048513106706197,-10.834340682017276,0.36424493299343474,0
20451,0.4349761094100041,0.0827830103070028,0.1980111870152528,0.0010447694873173363,-10.569419429556707,0.6291661854540038,0
16607,0.4340577531714099,0.0954512191915756,0.2118958866040463,0.0015419792093085759,-10.269996879459915,0.9285887355507949,0
8084,0.4300679501482453,0.0707684472850432,0.1984216375568235,0.00741028609180019,-6.736068772685792,4.462516842324918,0
19564,0.4319124182222317,0.0598902693036274,0.1376019192407793,0.005397659080281491,-7.948084317694042,3.250501297316668,0
24035,0.4476188495900042,0.0834356278397207,0.1785601020705151,0.005089857439306903,-8.133444233617432,3.0651413813932784,0
1377,0.4361634828410652,0.0861280328949715,0.1927998026954243,0.00029826014333163026,-11.018971643765465,0.1796139712452458,0
21345,0.4252124989561955,0.0922491912122765,0.2305654741563156,0.0034764276258968134,-9.105060933304472,2.0935246817062385,0
15935,0.4401534960519125,0.0868219380025592,0.207245085913428,0.0036708806228654555,-8.987960221771441,2.210625393239269,0
1390,0.4334439174480657,0.0878988920237572,0.1791148828459156,0.001085031375009189,-10.545173489561556,0.6534121254491545,0
303,0.4418012812253923,0.0823466032444004,0.1747486471173356,0.0012804856600839858,-10.427469796580525,0.7711158184301858,0
3553,0.435832094670267,0.0840236499581711,0.1679833863814351,0.0012173748517548583,-10.46547548780655,0.73311012720416,0
8987,0.4269819188187808,0.0893063095517113,0.194529999545437,0.0018475474985352527,-10.085981900785429,1.1126037142252816,0
21150,0.4360784416434303,0.0765816806407695,0.1645153855754904,0.0006668510340900715,-10.797004092504903,0.4015815225058077,0
17228,0.4326085448617909,0.0664206455975109,0.1659019183329677,0.0036812626595217317,-8.981708099672197,2.2168775153385134,0
726,0.4355331883525542,0.0836670064586515,0.1836289287740907,0.0,-11.203473229161428,-0.004887614150717923,0
3639,0.4344863748121372,0.0940257107972101,0.1762332624462641,0.004124412945428328,-8.714840452453076,2.483745162557634,0
6563,0.4332821865165799,0.097981395621509,0.2080807628081571,0.001963676068026888,-10.016048609302262,1.1825370057084488,0
17202,0.4288245603983915,0.0801254983532447,0.1659394482490328,0.0030711797708325795,-9.349103518993747,1.8494820960169633,0
16617,0.4320171158230093,0.0834187795815205,0.1963674236404204,0.0006249008266355263,-10.822266748357297,0.3763188666534134,0
21834,0.4381398626940916,0.0885834709013733,0.2084309727637129,0.0025177883404032993,-9.682359016567798,1.5162265984429126,0
7400,0.4492120275314081,0.065081996869124,0.0982920449871624,0.008949089750927293,-5.809392371691709,5.389193243319001,0
1843,0.439173040797673,0.0843774384368678,0.1764767029067395,0.0006521629331080361,-10.805849351271178,0.39273626373953263,0
8143,0.4290785411504924,0.0864382423462408,0.210906563285956,0.001863212802026078,-10.076548165056211,1.1220374499544992,0
4120,0.4266891564526885,0.1005032394670875,0.2106940179223907,0.003314258996889966,-9.202719813039302,1.9958658019714086,0
15270,0.4256377928842448,0.1009282099175213,0.2312429405577873,0.00246007807859402,-9.717112467663817,1.4814731473468932,0
19974,0.4331915706435315,0.0714083430674493,0.1737862257376517,0.0021430339771683015,-9.908038246351039,1.2905473686596718,0
1846,0.4327462155510015,0.0909044094751571,0.172646808823178,0.0036285800865561886,-9.013433847672115,2.1851517673385956,0
10596,0.4277029142865594,0.0891004107185921,0.2266756309013429,0.0036309715815147758,-9.011993675673514,2.1865919393371964,0
13443,0.4299512629392178,0.0964278051329811,0.2094901324026635,0.001506359855868226,-10.29144705866638,0.9071385563443304,0
10899,0.4193845058300442,0.0925207880022975,0.2322654554984187,0.005559193575849175,-7.850807316758154,3.347778298252557,0
12324,0.4330170740964502,0.09889780280388,0.2152655886830133,0.0021172697344022727,-9.923553621310768,1.2750319936999421,0
11834,0.4315061492245888,0.0933841963047482,0.2261768272956924,0.0025002918321929283,-9.692895514295875,1.5056901007148351,0
13481,0.4334670171554822,0.0830211521089716,0.1843414877860261,6.744519193361116e-05,-11.157969733085366,0.040615881925344155,0
4031,0.4399316634023414,0.0751302539772029,0.1673489986047903,0.0009305550318509264,-10.638200030580979,0.5603855844297314,0
9899,0.4346507897686653,0.069908876389436,0.1604174969744012,0.0018993396627112306,-10.054792362072273,1.143793252938437,0
11556,0.4224618985128474,0.0860929194952042,0.2019192814354437,0.0038832275943931414,-8.860083655992483,2.3385019590182274,0
838,0.4275116939091186,0.0903819141412739,0.1914080629431175,0.0021007173784328434,-9.933521545137012,1.2650640698736986,0
20443,0.4401408485700122,0.071939801007416,0.1738397497279854,0.002393562436430846,-9.757168569378928,1.4414170456317823,0
4404,0.436964019327592,0.0989469418975972,0.206441086766948,0.0031597744996073717,-9.295751264519227,1.9028343504914833,0
24075,0.4676884378645949,0.0500188444053304,0.0696820808728329,0.014085558690054133,-2.7161812774134373,8.482404337597274,0
219,0.4419774113392109,0.0855412446615581,0.1886903539403475,0.0021427728089360104,-9.908195523360433,1.290390091650277,0
5822,0.4398414013970332,0.073343423223382,0.1730850470632105,0.0017085266748387666,-10.169701039222733,1.028884575787977,0
5144,0.4272712645639996,0.0906497779739218,0.1766517249438113,0.004910981008206124,-8.24116464772742,2.9574209672832907,0
14993,0.4340867230414624,0.0826101227296846,0.1757058549672687,0.00033380480347819326,-10.997566445289488,0.20101916972122247,0
7992,0.4317446520599969,0.0822563883280853,0.2048939035895984,0.0020621769115099346,-9.956730835658853,1.2418547793518577,0
21170,0.4339799097888676,0.0984231033546713,0.1770182126317797,0.0069605234195533865,-7.006918436934429,4.1916671780762815,0
11635,0.4193364176449201,0.1122630377664837,0.2508082265106746,0.00499272039487658,-8.191940719638888,3.0066448953718226,0
22664,0.4333830292062222,0.0969174576931382,0.2373038071930327,0.004067536390226725,-8.749091840641912,2.449493774368799,0
14792,0.429610522371269,0.08852526925247,0.1948018032354107,0.0007898216951156378,-10.722950454205344,0.47563516080536594,0
23851,0.4277689186945758,0.0775055943973622,0.1892743234638943,0.002661292365522913,-9.595940068486115,1.6026455465245952,0
14180,0.4251451446249201,0.1015745784761469,0.2181773389009996,0.0033055751225229443,-9.20794929205528,1.9906363229554298,0
1319,0.4310133020798025,0.093877983693343,0.2106695017834388,0.0010389156381992075,-10.57294465111475,0.625640963895961,0
9646,0.4477687256793908,0.0774569964490618,0.1605333511679929,0.003825364284295039,-8.894929273647,2.303656341363711,0
9580,0.4339161732893285,0.067325432391542,0.1403107090831252,0.003779665627319373,-8.922449267328647,2.2761363476820637,0
8332,0.438438086945748,0.0777557900975914,0.1518816579241065,0.002008598484836078,-9.988996071906874,1.2095895431038368,0
10141,0.4308038505514268,0.0684941852303239,0.1644642081860454,0.003289965288014052,-9.217349624045015,1.9812359909656951,0
7135,0.4300311358962846,0.0939330415513306,0.1977094059273415,0.0015294148588241032,-10.277563203479696,0.9210224115310144,0
10155,0.4262470578253685,0.0833984223961369,0.2079435879795197,0.003116984572668411,-9.32151960426771,1.8770660107430004,0
6812,0.4393766723961708,0.0820019130954338,0.1876336204264026,0.0010746523411800217,-10.55142380334107,0.6471618116696405,0
15708,0.4218279602542789,0.1162120926371629,0.2607472349195074,0.0051965764798268185,-8.069177414520682,3.129408200490028,0
7355,0.4397504888292651,0.0727316865271255,0.1553908453680564,0.0012899873615506085,-10.421747817388322,0.7768377976223881,0
20330,0.4351052842175209,0.0813325620414946,0.1961079311996576,0.001179575710779223,-10.488238347585451,0.7103472674252593,0
8637,0.4275448975542754,0.085031358622267,0.1845357438416258,0.0019439254449766948,-10.027942547932435,1.1706430670782755,0
10042,0.4309049406870738,0.0911853820971146,0.1846420034999229,0.0019749237916138348,-10.009275165561661,1.1893104494490494,0
14472,0.445678664939169,0.0818132239420374,0.1924506923460947,0.005774964842433302,-7.720868620830216,3.4777169941804944,0
10541,0.4316726173565953,0.0815925914836704,0.1964210279872838,0.0010743658512929112,-10.551596329196421,0.6469892858142892,0
10817,0.4327489995817952,0.0757917544825975,0.1695687018486365,0.0010714709727193386,-10.553339641698937,0.6452459733117735,0
20919,0.4425025483342369,0.0723102617125204,0.1439005857550444,0.002330624960214861,-9.79506987901096,1.4035157359997505,0
22713,0.4351395688914937,0.0884046161798215,0.185901802185939,0.0004304197617403172,-10.939384362556902,0.2592012524538081,0
1191,0.4388945356938925,0.0762312722778655,0.1519821086050581,0.0017031177456208473,-10.17295832746166,1.0256272875490495,0
2438,0.437867131220079,0.0763591425995375,0.1636150082116002,0.000644054441913796,-10.810732331236037,0.3878532837746729,0
22273,0.434964458092786,0.0936348750529469,0.210257163226661,0.0014498791449850828,-10.325460067133275,0.8731255478774358,0
454,0.438123718498612,0.0872120018954673,0.1927436200638623,0.0007849967219586624,-10.725856080750667,0.4727295342600435,0
21778,0.4411738859793612,0.0804366768105267,0.1576267993176672,0.0018409998491140298,-10.089924932870543,1.108660682140167,0
9874,0.4316286975068334,0.0987814420281147,0.2216707777451979,0.002024237162381702,-9.979578370474771,1.2190072445359394,0
16542,0.4304317212211293,0.0884234419058902,0.2017549110114352,0.0006127331659637985,-10.829594183493622,0.36899143151708813,0
23788,0.4442549722409283,0.0635463192720151,0.1408343156877125,0.003424092434108656,-9.136577486364331,2.0620081286463794,0
6331,0.4330716791339072,0.079250540688848,0.1705834123897814,0.0007584914093636514,-10.74181773221743,0.4567678827932795,0
19737,0.449276002589062,0.0848206990259876,0.1857915161546395,0.007517708057228843,-6.67137864817205,4.52720696683866,0
17568,0.4319581189225369,0.0711741589843293,0.1640017269296463,0.0022289219585001894,-9.856316010731694,1.342269604279016,0
12672,0.4256085734242016,0.0833454679123664,0.1864898029855851,0.0027212255002633827,-9.559847990544803,1.6387376244659073,0
1795,0.4427648879380746,0.071046581155283,0.1511450213058651,0.0019824705729926347,-10.004730450473602,1.1938551645371085,0
11247,0.4333806098307145,0.0996533807634068,0.2360078705921619,0.0035985342545832274,-9.031527620241755,2.167057994768955,0
7334,0.4333811601611455,0.0870433499505904,0.1901255954748301,0.0001286355191474668,-11.121120566616428,0.07746504839428248,0
19282,0.442147534021287,0.0809816727096386,0.1924970110334495,0.0033823584777381587,-9.161709914571965,2.0368757004387454,0
13619,0.4213805166732499,0.0940111186910942,0.2197005896261573,0.0037536264961840395,-8.938130181643077,2.2604554333676337,0
4485,0.4323402700883291,0.0815146304061831,0.1703569358263908,0.0011579330113436405,-10.501271705481246,0.6973139095294645,0
22219,0.430875174157249,0.0847001298080619,0.1871007282118966,0.000497526341615153,-10.898972394758028,0.29961322025268267,0
88,0.4293133092804059,0.0967022341501552,0.1974567492735744,0.00272848468287479,-9.55547646908617,1.6431091459245408,0
20618,0.4331608738961489,0.0830902736324745,0.1882563792399308,0.00012789782712193713,-11.121564808990824,0.07702080601988648,0
3232,0.436382384150517,0.0918470384065095,0.1971416817855037,0.0009874733000991226,-10.603923522555924,0.5946620924547865,0
1014,0.4425886714461765,0.0806188444226471,0.1617583168115562,0.0017822904258959354,-10.125280084705212,1.0733055303054986,0
20776,0.4265032909118811,0.0960600229526212,0.2033263816664683,0.002694856072624178,-9.575727811310783,1.6228578036999277,0
9630,0.4268883762187689,0.0965592163799534,0.2291331588458355,0.002252830422939515,-9.841918196138183,1.3566674188725276,0
10839,0.4234408743305786,0.1076796498053654,0.2257645140728631,0.005143374744786834,-8.101215804903417,3.0973698101072937,0
17792,0.4346452571865201,0.0723141319130932,0.1770335920538897,0.001920289458079328,-10.04217627498532,1.156409340025391,0
2742,0.4378334950910452,0.0783591466754349,0.1726703860798682,0.00031465779458749626,-11.00909688400621,0.18948873100450037,0
24253,0.4408189478995334,0.071913531584717,0.1456156628380883,0.002044657090209829,-9.967281372663457,1.231304242347253,0
12123,0.4322657468114211,0.0681597323504033,0.1473859721075413,0.003510261133777597,-9.084686200550227,2.1138994144604837,0
3745,0.4432885418876985,0.0778018998286655,0.1544386305843426,0.0021004291084902515,-9.933695142951997,1.2648904720587133,0
12235,0.4345912692757089,0.0856062732798272,0.1757813765774963,0.0007308132326902989,-10.75848568916802,0.44009992584268964,0
4843,0.4306657815949795,0.0823087695108575,0.1990211674380537,0.001291667715394329,-10.420735898653232,0.777849716357478,0
20548,0.4327377287997738,0.0993257929961679,0.2157036970094513,0.0021851014923118073,-9.882704947134645,1.3158806678760655,0
12214,0.4424311262078721,0.0873200359039,0.1716126623636467,0.0026050414647598706,-9.629814683978868,1.5687709310318425,0
21942,0.4347822252525424,0.0883348322628127,0.1786077462514985,0.0010972903742918802,-10.537791049789144,0.6607945652215665,0
10749,0.43366787972643,0.0997026302361191,0.2356815580698603,0.003664365826702414,-8.9918834694358,2.2067021455749103,0
2482,0.43213413578303,0.0765117482107931,0.1846908761281068,0.0013831325580093666,-10.365655245140832,0.832930369869878,0
19510,0.4296477550666837,0.0727025444154581,0.1815433818097713,0.0031321455262732028,-9.312389590936382,1.8861960240743283,0
8638,0.4254536604278002,0.0846783087412291,0.1853375479693969,0.0029373618984657396,-9.429689410259389,1.7688962047513215,0
10463,0.4354479095528534,0.0848098598170712,0.1756720275532452,0.000495500248194036,-10.900192519852235,0.2983930951584757,0
9132,0.4263803767438892,0.1035273088769186,0.2460411843994761,0.0030465112740725208,-9.363959029415728,1.8346265855949824,0
23112,0.4380077329359205,0.0792813596271935,0.1753533102767061,0.00028775208824411645,-11.025299654887734,0.1732859601229766,0
9011,0.4330946306570321,0.0815514750600825,0.1951038329386367,0.0008574234139947623,-10.682240310854466,0.5163453041562445,0
14629,0.420928682984368,0.0898144271946846,0.2334569203045001,0.00611672613090875,-7.515058010148942,3.6835276048617684,0
17483,0.4389896835937648,0.0792546587153,0.1838146595640067,0.001021687962657721,-10.583319256265698,0.6152663587450125,0
16920,0.4426670698738962,0.0621837554847829,0.1327355285530346,0.003454932590014421,-9.118005367360492,2.080580247650218,0
4956,0.4326380930786851,0.0987741931385386,0.238171833830055,0.0036779225229623593,-8.983719549090912,2.2148660659197983,0
7508,0.4299012701954868,0.0998111187910279,0.1903024953279843,0.005565919921557099,-7.846756672742921,3.3518289422677894,0
3648,0.4331291871581234,0.0970324613508505,0.2062624366491802,0.0017079985648906482,-10.170019070066466,1.028566544944244,0
14326,0.424821519743224,0.1047555927659041,0.2387693812282442,0.0029328526211797965,-9.43240492293811,1.7661806920726004,0
6191,0.4355961996980129,0.0789967820483414,0.172774077878479,0.0002336958251354377,-11.057852646981056,0.14073296802965451,0
1008,0.4432815155820755,0.0800832783246959,0.1573872586923408,0.002232738914074392,-9.85401741816384,1.3445681968468701,0
16194,0.450858892373457,0.080071339028933,0.1543121651526788,0.005618696702970373,-7.814974191874733,3.383611423135977,0
19977,0.4422557629613619,0.0499611407413467,0.1272885738901472,0.007002144245234405,-6.981854136677717,4.216731478332993,0
10863,0.4274146187492691,0.0902894310609665,0.2270251072784753,0.003283202630728547,-9.221422135100807,1.977163479909903,0
11471,0.4469843535735198,0.078751734907902,0.1448176348929199,0.004204040542916553,-8.666888255938252,2.5316973590724583,0
22180,0.4325098377195268,0.095348800318595,0.2066358860406558,0.0012287751331689402,-10.458610172866297,0.7399754421444129,0
13076,0.437353472841432,0.0942643778632436,0.1942364367609647,0.0019120437414380164,-10.047141892902502,1.1514437221082083,0
920,0.4370741766451151,0.0974693322460162,0.2055294675019485,0.0026825808862855046,-9.583119999021271,1.6154656159894394,0
6850,0.435106959694396,0.0893202197761578,0.1955524792723793,0.0003850276288710995,-10.966719765661255,0.23186584934945564,0
13890,0.4249734589273813,0.0887727976994617,0.2042896194713735,0.002354314859035848,-9.780803685888051,1.4177819291226594,0
21295,0.4421529207114705,0.0788007355147411,0.1463754511698227,0.003167363428102835,-9.29118116819546,1.9074044468152511,0
17424,0.4322072390306201,0.0932598990228463,0.2154320186943881,0.001355742201093231,-10.382149875380655,0.8164357396300552,0
4966,0.4315273712172897,0.0935235916441159,0.2144492689472999,0.001221320149990502,-10.463099606550895,0.7354860084598158,0
8385,0.4263489834252976,0.0992418239554614,0.2052364220935277,0.0036413460656278783,-9.005746101759144,2.192839513251567,0
4242,0.4369955371094728,0.076761378638811,0.1593595124474038,0.0010116670994196376,-10.58935387765826,0.6092317373524505,0
23800,0.4299517839959905,0.0787412055171949,0.1835593212140839,0.001301033767563502,-10.415095608246999,0.7834900067637118,0
17736,0.4209053195025379,0.0996735006245611,0.2580219037967005,0.005795727096727203,-7.708365472055206,3.490220142955504,0
13376,0.4407070254634614,0.0999100506172886,0.2357901679351472,0.0077117655408124475,-6.5545161170709525,4.644069497939758,0
2661,0.4340378027659153,0.0944879987600513,0.2105386766736242,0.0013470123260097817,-10.387407056292252,0.8111785587184581,0
16195,0.4458216970659141,0.0865644413909693,0.1499296438440343,0.006212395785059853,-7.457445194980967,3.741140420029743,0
24155,0.4328874464467452,0.0903736894480967,0.1754795730812597,0.002720455495446085,-9.560311691867977,1.6382739231427337,0
24907,0.4304397876049661,0.0826903603417802,0.199363435254646,0.0012620704622551813,-10.438559534472928,0.7600260805377825,0
691,0.4363462052637927,0.0837098622827217,0.1752358392344563,0.00032230756454114,-11.004490148606909,0.1940954664038017,0
7183,0.4321350066895493,0.0847047732643072,0.1974331721220004,0.0004930526777091068,-10.901666460854845,0.2969191541558658,0
23210,0.4336231514372762,0.0947718314204303,0.2173055047400425,0.0017666107058873827,-10.1347225021442,1.0638631128665104,0
5367,0.4364116493271299,0.0796778175884271,0.1719050100211786,0.00022281225272601467,-11.064406796791204,0.13417881821950672,0
19824,0.4286307077122624,0.0732827348208567,0.1686338737527404,0.002948120874412291,-9.42321029315475,1.775375321855961,0
9878,0.4480521058917258,0.0732681741351374,0.1298879606231455,0.004809895902345599,-8.302038679016164,2.8965469359945466,0
23897,0.4432725359607987,0.080974107107345,0.1546118241832709,0.002734340595527314,-9.551950004855863,1.6466356101548474,0
2254,0.4358971705723579,0.0754155764882147,0.1676676461068226,0.0006343021754840114,-10.81660520208807,0.3819804129226405,0
12680,0.4208321146573087,0.1082706464329309,0.2722254470739934,0.0055944171835788275,-7.829595457891469,3.3689901571192413,0
12632,0.4254097458092128,0.0882794702240196,0.2076474412165984,0.0022617363597061736,-9.836554989869821,1.3620306251408891,0
20689,0.4359364081384269,0.0832125471745672,0.1843375563267279,1.9491401504228414e-05,-11.186847781084246,0.011737833926463992,0
2789,0.4358968348114511,0.0845720180236897,0.1683220102997558,0.001308702370346632,-10.410477531609622,0.7881080834010881,0
21858,0.4307026275397709,0.0944363598071379,0.2207280922468748,0.0016576603780031143,-10.200333015306217,0.9982525997044931,0
2181,0.4350540202093717,0.0844671785531385,0.191346212565329,0.0001442040948018866,-11.11174508094581,0.08684053406490122,0
10328,0.44516760238564,0.0588778111844642,0.1226515808343107,0.004322944732451261,-8.595283470124548,2.603302144886163,0
16386,0.4345977437776222,0.080157970644515,0.1960666106532156,0.0014771921007258521,-10.309012048325778,0.8895735666849323,0
8711,0.4428621882221709,0.066581472351133,0.1590075446062437,0.003531714398164279,-9.07176692152882,2.1268186934818907,0
18689,0.4392407160935414,0.0690729887396064,0.1658631068534206,0.002365203161067831,-9.774246687872035,1.4243389271386757,0
22503,0.4373299867538012,0.0754746415110538,0.16390101149424,0.0006750918717522703,-10.792041412736962,0.4065442022737482,0
9569,0.4342762674926601,0.069961220543133,0.1501527895393477,0.0024919926869911616,-9.697893307199008,1.5006923078117023,0
21306,0.4451034317813184,0.0664257811598385,0.1340721750167965,0.0032299677364118723,-9.2534804941904,1.94510512082031,0
5466,0.4352276975000987,0.09010894147175,0.1724501064464344,0.0027497259386236824,-9.542684862884022,1.6559007521266889,0
12322,0.4378116781926868,0.0876303422534634,0.1986979842480302,0.0011565915241702007,-10.502079556761355,0.696506058249355,0
2191,0.4331320507177866,0.0889983753277149,0.1840983849479273,0.0008553323772578578,-10.683499545186415,0.5150860698242958,0
20937,0.4352880144720555,0.0905339578238335,0.1678162456846227,0.003980910277350438,-8.80125858331644,2.397327031694271,0
16017,0.4419207461491735,0.0750076428975586,0.1486485707440047,0.0020443125766913387,-9.96748884068286,1.2310967743278507,0
18714,0.4380331562436046,0.0811192955694567,0.1793533767322135,0.0002552270596281417,-11.044886413914014,0.15369920109669621,0
17443,0.4445365889784038,0.0787120837606795,0.1782994417714685,0.0031467215045292794,-9.303611853119609,1.8949737618911016,0
10913,0.4310881666015745,0.083891248892447,0.2065724301886121,0.0017942460278561995,-10.1180803525428,1.080505262467911,0
5830,0.4347433399100781,0.0620574698141071,0.1456031467739532,0.0039327541263041565,-8.830258494040988,2.368327120969722,0
23416,0.4424189601555913,0.0646452208331765,0.1546764601787029,0.003674226186536969,-8.985945504114627,2.212640110896084,0
4732,0.451843929222006,0.0800076091330431,0.1657316110547251,0.007043292419748545,-6.9570744696681714,4.241511145342539,0
9300,0.441583978790533,0.0675404831021286,0.1614674371229824,0.0030376271331212946,-9.369309110118861,1.8292765048918493,0
16255,0.4302082924654815,0.0800616166901262,0.1922118635581715,0.0013416660465331936,-10.390626616497148,0.8079589985135627,0
10779,0.4265325750762694,0.0936373246579657,0.2282537027548042,0.0026354926031543074,-9.611476833554509,1.5871087814562017,0
905,0.4248570146213569,0.0833554722349375,0.1803270952524321,0.0036806626293645482,-8.982069441278872,2.216516173731838,0
19479,0.433711632004746,0.0479207748932792,0.1141319729362949,0.009142958808077896,-5.692643312070714,5.505942302939997,0
22483,0.4339536653484189,0.0858454910670104,0.2005817223897825,0.0006407780012646845,-10.812705422611783,0.38588019239892724,0
20756,0.4415491984930046,0.0840859342792998,0.1743631747521448,0.0013689253396664972,-10.374210913620056,0.8243747013906546,0
7574,0.4335074070356989,0.0881914574830086,0.1829971466321097,0.0007090649377777805,-10.77158263726647,0.427002977744241,0
21005,0.4388034591376212,0.0802295681870221,0.1768075021996716,0.00039267245734522603,-10.962116006049298,0.23646960896141245,0
22067,0.4445595085869933,0.0760320568031989,0.1559013609674406,0.002247150425478192,-9.845338723230054,1.3532468917806568,0
6135,0.4343258166584295,0.0791835917783445,0.160579585988024,0.001603920673334395,-10.232695374088976,0.965890240921734,0
10940,0.4359654072740657,0.0755782691384504,0.153129265801322,0.0018408706253168418,-10.090002752183352,1.1085828628273582,0
13707,0.424011059329328,0.0993598417040863,0.2298742898157179,0.0026763025812876705,-9.586900830347755,1.6116847846629554,0
10722,0.4191463299622627,0.0964785852639802,0.217283170155331,0.005058588275786266,-8.15227470347077,3.0463109115399405,0
21866,0.4392994421993398,0.0787357507353341,0.1928120622363959,0.0026679207962210147,-9.591948389452131,1.606637225558579,0
5940,0.431766445096609,0.0910875459292862,0.2099212254815598,0.0009212693050801435,-10.643791948570987,0.554793666439723,0
22648,0.4385236451114145,0.0530051144019259,0.122353707430927,0.00592320729117318,-7.6315961668312795,3.566989448179431,0
20890,0.4395755106896236,0.07968738631973,0.1629935780921133,0.0009486700437013935,-10.627291066408722,0.5712945486019887,0
19515,0.4253707720997139,0.073487485436946,0.1756457726601762,0.004303474781278852,-8.607008386537998,2.591577228472712,0
23770,0.4320408450927798,0.0750005373641343,0.1847747386535883,0.0019461693952171812,-10.026591228210435,1.1719943868002751,0
15909,0.442027241763804,0.0781034027262163,0.15588892150274,0.00174137198265011,-10.149921406225614,1.0486642087850964,0
1801,0.4459950349464007,0.0588575219530906,0.1131376390956216,0.0050259918527111504,-8.171904456650369,3.0266811583603417,0
5373,0.4343284634993923,0.0926906084702317,0.2037583039951924,0.0008853547626684617,-10.66541989227128,0.5331657227394295,0
21954,0.4370631161444385,0.0773849295283899,0.195761528273254,0.0030549723008141015,-9.358863750519621,1.8397218644910893,0
10967,0.4159274385831192,0.1028864564715886,0.2154167736286735,0.008762712428572577,-5.921629865593013,5.276955749417698,0
13509,0.4450740565341389,0.0761204731257185,0.1464999827904287,0.002969289362530155,-9.410462508037917,1.7881231069727939,0
24491,0.4382543343040708,0.0873409730111536,0.1898358579245584,0.0007019293890573369,-10.775879705685925,0.4227059093247849,0
901,0.4380175581017795,0.079735781590817,0.1979327861419805,0.0028288684834459673,-9.495024767870321,1.7035608471403894,0
20142,0.4382366858844676,0.0951947599788644,0.2084636026717966,0.002688064186726127,-9.579817924004912,1.6187676910057984,0
504,0.4348387921665415,0.0744545918089599,0.1744680510558798,0.000993745147466839,-10.600146580051383,0.5984390349593269,0
10125,0.4290004002014619,0.075408507490019,0.170091679951758,0.0024343230841422504,-9.732622273235586,1.465963341775124,0
12882,0.4331380202264048,0.1100213845524479,0.241066739328697,0.005504602909769287,-7.883682129389856,3.314903485620855,0
14576,0.4347933003267311,0.0964251712870489,0.2198328178077376,0.0023874355295866708,-9.760858227867788,1.4377273871429228,0
6231,0.4331424207768943,0.0918074022023058,0.2045858636888659,0.0006954284133012991,-10.779794630621815,0.4187909843888953,0
15834,0.4302701900018796,0.0872063920321378,0.1922594017188293,0.0005973873451310513,-10.838835524931332,0.35975009007937864,0
21898,0.4276693848487073,0.0876231371926334,0.1914654796754448,0.0015749729951530967,-10.250127832138496,0.9484577828722145,0
24204,0.4505012085833366,0.0973820648916207,0.1621512175041725,0.01186634240094861,-4.05260607184258,7.1459795431681306,0
16998,0.4328641694627654,0.0710692597510599,0.1529783010803651,0.0025934256546090687,-9.636809791562172,1.5617758234485386,0
13002,0.4397536097099656,0.0901664343079948,0.1749427139477546,0.002537253920233955,-9.670636732601455,1.5279488824092553,0
7757,0.4377055394628148,0.0782621251142717,0.1545076653830469,0.00176134768992406,-10.137891920583218,1.060693694427492,0
14507,0.4347055870885985,0.0822601600189198,0.1935194103145774,0.0005816511831697182,-10.848311932038435,0.3502736829722757,0
2319,0.4354786559281784,0.083630352556434,0.177185863910585,0.00019870774456595556,-11.078922670039235,0.11966294497147523,0
23544,0.4306953060332089,0.0857602156910314,0.2071923435300983,0.0013844301018110495,-10.364873856811565,0.8337117581991453,0
18472,0.4377586565772565,0.0889804090911988,0.1736930362897688,0.001952740727867001,-10.022633933949045,1.1759516810616653,0
16997,0.4308755477425334,0.087430562137892,0.1759247182554207,0.0021486319058128455,-9.90466714157196,1.293918473438751,0
1481,0.4452424587090007,0.0782429716339011,0.1479961764637642,0.00328279687393816,-9.221666484170271,1.9769191308404395,0
2455,0.4382253818572096,0.0771827819342939,0.1519018877232327,0.0019134670373544668,-10.046284775927518,1.1523008390831926,0
795,0.4333370348247437,0.0655987825864906,0.1337681545405952,0.00490770203808995,-8.243139262362757,2.9554463526479537,0
14840,0.4399171781400738,0.0719002936749346,0.152280033396648,0.0015063195121104054,-10.291471353909037,0.9071142611016736,0
15665,0.4343317239068314,0.0874549929491978,0.2072009205899339,0.001256611092403896,-10.441847198350953,0.7567384166597577,0
24533,0.4310579418929276,0.0920844734616331,0.2080203528118793,0.0008244426181103335,-10.702101535547316,0.4964840794633947,0
4864,0.4295324487507552,0.0969030948309737,0.2046663576248555,0.0019627161614179838,-10.016626670574961,1.181958944435749,0
5655,0.437026930111442,0.0803587411995438,0.1784273022811952,0.00014138368751925238,-11.113443546409227,0.08514206860148299,0
13904,0.4316762680207411,0.0830655464620803,0.1950624222540583,0.000621183496315817,-10.82450534602474,0.3740802689859706,0
9348,0.4326720484634928,0.0708505201420227,0.1434011842298126,0.0039464187658778465,-8.822029569612637,2.3765560453980736,0
8568,0.4256968436167535,0.1021814194406122,0.241618321996259,0.002796938248188174,-9.51425333892036,1.68433227609035,0
22474,0.4344473943235307,0.0740410824420093,0.1674692702123951,0.0010158573352331672,-10.586830493586506,0.6117551214242045,0
9307,0.4225988353627727,0.0907958058593573,0.2230403274076029,0.0038590798778625705,-8.874625549569386,2.323960065441325,0
12201,0.4446699689447577,0.0780989658884022,0.1642956532542335,0.002286237115400764,-9.821800494080815,1.3767851209298954,0
9109,0.4389994191460404,0.0887792064139801,0.1954802473170544,0.0013496956360573753,-10.385791151571135,0.812794463439575,0
10394,0.4127266961782202,0.1116823020429762,0.2386222621545205,0.009757780825254764,-5.322393962356681,5.876191652654029,0
23713,0.4278234912421158,0.1043279446039293,0.2422576248408278,0.00294244026158797,-9.426631190821752,1.7719544241889587,0
22299,0.4292651180984788,0.0880099837034497,0.2286398137335082,0.004460886042603842,-8.512214420943112,2.6863711940675987,0
9429,0.435516601850046,0.0675320834336818,0.1109029090027417,0.010399332745916298,-4.936047711252293,6.2625379037584175,0
23932,0.4284250005563975,0.0993873462519333,0.2135594283737984,0.0022911812913584606,-9.818823082924307,1.3797625320864029,0
6984,0.4316939710411148,0.0877150063282684,0.1994102058257712,0.00039149075136191754,-10.962827636179075,0.23575797883163574,0
15861,0.4269310909061928,0.0940854734538742,0.209504268730595,0.001717503561924714,-10.164295106264623,1.0342905087460874,0
747,0.4422623530968876,0.08453509603768,0.1954933186402092,0.003251469640958875,-9.240531923785104,1.9580536912256061,0
9938,0.4374482670500463,0.0816023051150168,0.1571475881627556,0.002163407453511171,-9.895769221890921,1.3028163931197891,0
13591,0.4300491465869776,0.0930412894001308,0.2148507148232081,0.0012387545462753241,-10.452600512981096,0.7459851020296142,0
23461,0.4328316859391713,0.0866160056061601,0.1501473155571074,0.007662048940387476,-6.58445573937313,4.61412987563758,0
10879,0.4254046341747919,0.0881980265446765,0.2076588103979486,0.002274211848042647,-9.829042179145908,1.3695434358648022,0
3519,0.4496523752466113,0.0694395910215673,0.1529992083676829,0.0051734645022982915,-8.083095580122226,3.1154900348884844,0
10416,0.4368771557110518,0.0772242527128909,0.1728914035155961,0.0003636662943697967,-10.979583683977726,0.2190019310329845,0
19647,0.4378941763659473,0.0768651554674035,0.1769183687255728,0.0006773151150102801,-10.790702562878732,0.40788305213197873,0
15358,0.4190149608177316,0.0927261401015052,0.2221268736597028,0.005161352850311085,-8.09038928650707,3.10819632850364,0
8407,0.4282623773921009,0.0919809110154897,0.2296885423172001,0.0031246917157423306,-9.31687831844588,1.88170729656483,0
24015,0.4346659818901202,0.0846441365693625,0.1948036836841671,0.0003248133473857966,-11.002981151786953,0.19560446322375746,0
15176,0.4336783516369363,0.0810536504550889,0.1844401077380281,0.00018004556333390214,-11.09016114275552,0.1084244722551908,0
10153,0.4344768141486653,0.0737563492781753,0.1772374911516255,0.0014101135516002494,-10.349407135846482,0.8491784791642285,0
141,0.4339786169393004,0.0808264442521778,0.1947041524264272,0.0010211334368948957,-10.583653194864755,0.614932420145955,0
5678,0.4384975607842398,0.0812591968553694,0.1867831478755229,0.0008065573177305062,-10.712872166152703,0.48571344885800727,0
4447,0.4384029433607427,0.0760950692834928,0.1923118203446609,0.0033412322723424585,-9.186476351652216,2.0121092633584947,0
7923,0.4327718433648621,0.0838532336580281,0.2013371965738667,0.001039507412220396,-10.572588281400586,0.6259973336101243,0
3618,0.4331715841101573,0.0847588535016795,0.1819328058554487,0.00025798222353962905,-11.043227238383398,0.1553583766273121,0
23784,0.437465876350119,0.0727965322159259,0.1694630139709747,0.001182000292483197,-10.486778250558759,0.7118073644519516,0
1468,0.4390892133019264,0.0763106890016559,0.1657412730531835,0.0006564683335690191,-10.803256614387328,0.3953290006233825,0
17450,0.4439236712967852,0.0767903992092028,0.1634678722569144,0.0019600445116528436,-10.018235553407019,1.1803500616036917,0
17485,0.4383579920067219,0.0879497804369664,0.1955489387697821,0.0010726506520157243,-10.552629232051665,0.6459563829590458,0
18703,0.4359546482465462,0.0934577506699033,0.1868692361003806,0.0019524251322127501,-10.022823987464525,1.1757616275461853,0
11443,0.4293801642586494,0.0907549317957652,0.2027593249480513,0.0008706030636357632,-10.674303450148914,0.5242821648617966,0
23760,0.4319675042423202,0.0879410864055631,0.1989693521206884,0.0003489047409881093,-10.988473176200914,0.21011243880979613,0
2388,0.4344345480156428,0.0815246861066622,0.1785124329417294,9.573911624759201e-05,-11.140930969369304,0.05765464564140643,0
6450,0.4371075706027871,0.0895878015221344,0.197815233285919,0.0008963731113807434,-10.65878457939752,0.5398010356131895,0
16318,0.4350292623260756,0.0750084553926702,0.1827535544850357,0.0014993953185823508,-10.295641143017807,0.9029444719929032,0
969,0.4309533746694528,0.0860163071536207,0.1931563131727427,0.000392781014741514,-10.9620506321618,0.2365349828489105,0
6598,0.4304155305672629,0.091791166919817,0.2133897448365792,0.0011641115941037137,-10.497550927459054,0.7010346875516564,0
5305,0.4370449099542778,0.1013639202560903,0.2302393488432529,0.004765638663543135,-8.328690642395733,2.8698949726149774,0
14352,0.4356561985369493,0.0848711087999775,0.1925581866540801,0.0002549131915075029,-11.045075427098832,0.15351018791187876,0
19845,0.4381633012105689,0.0744863389173696,0.148872728780588,0.0019708388506465267,-10.011735140472304,1.1868504745384065,0
3380,0.4319648713824225,0.0770113158513203,0.1752829155570771,0.0009717736640541697,-10.613377933546412,0.5852076814642988,0
1430,0.4356211417155894,0.083414691662659,0.1845338291416641,0.0,-11.19879484545867,-0.00020923044795928547,0
18943,0.4561919357495205,0.0604546050403672,0.1109833773265682,0.006673539729852311,-7.179741663041814,4.018843951968896,0
5542,0.429850642950041,0.0838305127946164,0.1873308733192892,0.0007886077056183387,-10.723681525652653,0.4749040893580574,0
19628,0.4323950589116354,0.0642659210014524,0.1539155883527395,0.0039066119263637565,-8.846001476981762,2.3525841380289485,0
10490,0.4326616010519732,0.0927223479688718,0.1797575374975942,0.0030218986349687953,-9.37878090203627,1.81980471297444,0
4999,0.4454858585357215,0.1052282253493928,0.2173995776127375,0.011743627724304668,-4.126505554877386,7.072080060133325,0
4038,0.4351259423738526,0.0888244208364386,0.1766570960777923,0.001496308158128234,-10.297500248773076,0.9010853662376341,0
14610,0.4258461704478091,0.0767743292787147,0.1754516776540525,0.0035441536248036376,-9.064275947807163,2.1343096672035475,0
12223,0.4297146495041464,0.0979607605978863,0.2448240385472231,0.004072336864551162,-8.746200967434243,2.4523846475764675,0
1001,0.4369796001880278,0.0829705224727909,0.1693978425856589,0.0007215260217939993,-10.764078500906939,0.43450711410377174,0
6148,0.4332825746236635,0.0870607970396289,0.1868045196492427,0.00024565406682118074,-11.0506513251608,0.14793428984991053,0
5193,0.434204719787098,0.0796527791341197,0.1614914982070151,0.0015735749714480892,-10.250969730042609,0.9476158849681013,0
19991,0.4349337889472248,0.0616431902693863,0.1434468348272275,0.004009459257304205,-8.784066223629294,2.4145193913814165,0
3261,0.4432799485630483,0.0715594702228204,0.1673437154112447,0.0028870219273660212,-9.460004429961964,1.738581185048746,0
23415,0.4274971626994807,0.0847676267649842,0.2068732127457036,0.002171006373568137,-9.891193108591434,1.3073925064192764,0
18222,0.4290878614315374,0.0718981148117151,0.1515263526053741,0.0043262018697007455,-8.593322003366918,2.6052636116437924,0
2648,0.4331008577533602,0.0982023184810486,0.218691123946792,0.0020698327629210186,-9.952120437970954,1.246465177039756,0
18532,0.4444298895319625,0.0803750151787922,0.1784761714695124,0.0028760783119861303,-9.46659473799376,1.7319908770169512,0
21501,0.4428522550958465,0.0805274387076381,0.1648062690137725,0.0016820503164918608,-10.185645254275002,1.0129403607357084,0
3263,0.4391290973734171,0.0852940949694966,0.1810019968991442,0.0006485691828384667,-10.808013528322697,0.3905720866880138,0
861,0.4430531772095106,0.0753253725663009,0.1753441882431497,0.002658233096163027,-9.597782378064258,1.6008032369464527,0
14279,0.4357161906965683,0.0827257793492423,0.1567171428844219,0.0029206330005034733,-9.439763648687613,1.7588219663230973,0
21854,0.4447451241645025,0.0704937086486479,0.1599871393569561,0.003077297632231491,-9.345419307723974,1.8531663072867364,0
12614,0.445865880998126,0.0794584766443139,0.1686893072116266,0.0030689083845412877,-9.350471360863109,1.8481142541476014,0
21281,0.4422181331666723,0.080800216680581,0.1572069142402358,0.0021547500879526152,-9.9009827371502,1.2976028778605109,0
1300,0.4383083786015617,0.0779234757173556,0.1494001392676532,0.0024890673442765437,-9.69965496538222,1.498930649628491,0
18238,0.4298617597192164,0.0753452820364064,0.1597909588159507,0.002995716027317235,-9.39454821873277,1.8040373962779412,0
20122,0.4347022272707787,0.0813004210045709,0.1805354191435175,4.788349744850216e-05,-11.169749897848614,0.028835717162095875,0
5586,0.4295532438229701,0.0705508195614889,0.1512743615051085,0.004107509995818182,-8.725019505783246,2.4735661092274643,0
13478,0.4351948287562149,0.0851831916492741,0.1445783502321432,0.007698349631970823,-6.562595254423975,4.635990360586735,0
2088,0.4538820546861835,0.0664889596330422,0.1216621843003766,0.005735142331543481,-7.744849965591809,3.4537356494189018,0
1340,0.4532258404361528,0.0613082433662312,0.1179171942849212,0.005584957435493447,-7.835292172516546,3.3632934424941645,0
4870,0.4402021595553621,0.0771718971769227,0.1622547782349294,0.0009018518721153599,-10.65548523821819,0.5431003767925198,0
2545,0.434683756670331,0.0904471811652894,0.1873755558656442,0.0008204130334331005,-10.70452817458216,0.49405744042855027,0
4696,0.4450778777413903,0.0783616477493222,0.1784564125345847,0.0035905246354251082,-9.036351058898633,2.162234556112077,0
5525,0.4327491499667993,0.0911893510013144,0.1993166393638581,0.0005242983578348161,-10.882850132836799,0.31573548217391156,0
895,0.4366355331626634,0.0784727074404601,0.1853056396300813,0.0008220222697339914,-10.703559083239796,0.4950265317709146,0
11783,0.4212095575343231,0.1108311790164429,0.2627173235511918,0.004298573092504565,-8.60996021166865,2.5886254033420606,0
24174,0.4428268822801521,0.0621250062684228,0.1444313156351971,0.0037520172276935366,-8.93909929237021,2.2594863226405,0
17006,0.4298761104169525,0.0729345042329411,0.1708606833156217,0.0024792818429870134,-9.70554785045766,1.4930377645530495,0
16480,0.4319417220158899,0.086915548843603,0.1824975533176296,0.0007792208614480351,-10.729334337121378,0.46925127788933274,0
3410,0.4370253434156714,0.095325361374766,0.1931608323452901,0.0022960662661083426,-9.815881323075143,1.3827042919355677,0
7667,0.4368793718195236,0.0635573279206282,0.1356415622954396,0.0036412090621455446,-9.005828606043027,2.1927570089676838,0
1251,0.4358120494007663,0.0912674008629606,0.1570707902307977,0.0073423980556859385,-6.776951337920006,4.421634277090704,0
9976,0.4403820793695797,0.0616860988107183,0.1379008962316625,0.003441677935975283,-9.125987396145359,2.072598218865352,0
20311,0.4285299129193469,0.0969224420627066,0.2000419046847275,0.002696777408064968,-9.574570772073962,1.6240148429367487,0
10338,0.4321342095458181,0.0805571527012988,0.1815356027494037,0.00044094162276974347,-10.933048037417125,0.26553757759358554,0
10572,0.436249005483284,0.0715558859315025,0.1397645399387704,0.0034479243313461426,-9.122225780979498,2.076359834031212,0
17053,0.4241072072909879,0.0978333151561352,0.2480160381959517,0.004330822422900248,-8.590539479693986,2.608046135316725,0
19766,0.4378905035753243,0.0540752712979171,0.1246982400724808,0.005689258055464623,-7.772481740163423,3.4261038748472874,0
513,0.4329856422563913,0.0798609439101887,0.1671416548917884,0.0011651394111239508,-10.496931970146635,0.7016536448640753,0
5457,0.4364235100184684,0.0817513104542321,0.1774709065375514,6.673040792284674e-05,-11.158400180121708,0.04018543488900228,0
6403,0.4294664969941052,0.0855376314047586,0.1775611282527033,0.0019587429273753595,-10.019019374934018,1.1795662400766922,0
10605,0.4161380131749084,0.1142178995601144,0.2827678128964475,0.006867861473147961,-7.0627199932244595,4.135865621786251,0
1017,0.433508474661287,0.088213152931621,0.191581217675603,0.00020968334215637005,-11.072313102136587,0.12627251287412378,0
24335,0.4305268340336229,0.0997537318988037,0.223055066497555,0.002094002775619843,-9.937565117513481,1.2610204974972294,0
2985,0.4363763020942799,0.0781695842891598,0.1758776747139157,0.0002688166844849793,-11.036702663778966,0.16188295123174434,0
11064,0.4151905113732237,0.1119210769783241,0.2272572313450229,0.010808306172535566,-4.689761564976332,6.508824050034378,0
21920,0.4287496824311252,0.0902062751220039,0.2141259019298688,0.0015124165188810375,-10.287799701416183,0.9107859135945269,0
18187,0.4290654673762138,0.0673397809713886,0.167808824146295,0.004382529511130742,-8.559401174203797,2.639184440806913,0
13112,0.4378723885131481,0.0716955732841167,0.1642924136756722,0.0012767705029108104,-10.429707085566644,0.7688785294440663,0
3783,0.4395230987095868,0.0897249840455761,0.1887118580565315,0.0014468158702772072,-10.32730478875498,0.871280826255731,0
11644,0.4110647026377003,0.1216219686952533,0.2722255738504697,0.009611013594775626,-5.410778031446709,5.7878075835640015,0
2238,0.4358512483656693,0.0675617439718633,0.1600965506098084,0.002399048901612148,-9.753864588537557,1.4447210264731538,0
21944,0.4287566047120578,0.0944955740336924,0.2154515404992537,0.0013894148375889887,-10.36187202029837,0.8367135947123412,0
2616,0.4305917465648871,0.0922169424353011,0.202714679249814,0.0008072712961875036,-10.712442204225466,0.48614341078524426,0
7407,0.4415740511989193,0.0859086036195779,0.1725670025259586,0.0018257367386369998,-10.099116465657028,1.0994691493536823,0
7512,0.4324460574856802,0.0936113594863184,0.1928619446829514,0.0014630414421314692,-10.317533656199636,0.8810519588110743,0
17645,0.4337579361677267,0.0836551444332934,0.1846229344401881,3.190316615324009e-05,-11.179373345130893,0.01921226987981761,0
934,0.4336591003218044,0.0929609466893543,0.2039852681064688,0.0008508180919449648,-10.686218073727726,0.512367541282984,0
13834,0.4153042545412692,0.0956386360906281,0.2496410061648443,0.008381183541551597,-6.151388752506783,5.047196862503927,0
10539,0.4343286413110243,0.075050016809191,0.174243911601732,0.0008830748076489708,-10.666792894277975,0.5317927207327351,0
1978,0.4380391374646681,0.0900713625926138,0.1964560589223363,0.0011626316727247315,-10.49844214461278,0.700143470397931,0
16427,0.4318940337228888,0.0745996915230116,0.1783631068380881,0.0015981284622416537,-10.236183476874139,0.9624021381365715,0
19026,0.4308944351032334,0.078266608204995,0.1657120800814619,0.001948925513120713,-10.024931478180331,1.173654136830379,0
23762,0.430403079175902,0.0837656734817369,0.2031687318208676,0.001416312652478465,-10.345674001695707,0.852911613315003,0
14399,0.4337315761138698,0.0874536996600649,0.2276257564877567,0.005236624488751186,-8.045060273547634,3.1535253414630766,0
15319,0.4241236607620305,0.0878153356152792,0.2029604421190375,0.0028246722413087563,-9.49755176898469,1.7010338460260197,0
22288,0.428105993779085,0.0886834894474499,0.1929830758686481,0.0014098409979495122,-10.349571269220252,0.849014345790458,0
3098,0.4415138098869656,0.0812242507886775,0.164636380782801,0.001385082676360099,-10.364480872670342,0.8341047423403687,0
19921,0.4296421609153427,0.0667537931896824,0.1649314760325629,0.004247635663263661,-8.640635024095095,2.557950590915615,0
3432,0.4471803974021905,0.0596833363083193,0.1416227401033437,0.005541031858209844,-7.861744407424699,3.336841207586011,0
22508,0.4350367841823511,0.0845225085817504,0.1972664507636224,0.0006125911939224717,-10.829679679872266,0.3689059351384447,0
24843,0.4391378261727714,0.0911664037036097,0.2129987545331438,0.003493443144352528,-9.09481409036901,2.103771524641701,0
11985,0.4278805808798548,0.0803305579621801,0.199131347647871,0.002584850560838313,-9.641973762278344,1.5566118527323667,0
23615,0.4327446479355133,0.0898176907975878,0.186653456341458,0.0008741724354929724,-10.672153953917325,0.526431661093385,0
6547,0.4316823366257167,0.090730952938633,0.2081783506074494,0.0008029518008242052,-10.715043429140438,0.483542185870272,0
5635,0.4353850847377524,0.084301397518011,0.1960485134563742,0.0005699572396725789,-10.855354091971629,0.34323152303908167,0
10464,0.4278486611807943,0.0848411052041852,0.2189220608601536,0.003944168711608099,-8.823384565216113,2.3752010497945975,0
20213,0.4330148042532333,0.0824262344982782,0.186199732693344,0.00015244488238100497,-11.106782431338187,0.09180318367252305,0
1506,0.4311482523320015,0.0914794154264898,0.2216342994352723,0.002153947430651301,-9.901466101986774,1.2971195130239366,0
10453,0.4335153104872181,0.0895885075823333,0.2022807468006662,0.0005054680143035079,-10.894189873855463,0.3043957411552469,0
6564,0.4302075268582428,0.0949374136452054,0.2096191215374852,0.0011961448421360142,-10.478260321524596,0.7203252934861144,0
14675,0.4283907383880529,0.0908639060000419,0.2255461041621254,0.0028064995437723393,-9.50849547180832,1.69009014320239,0
22327,0.4310050166335542,0.0839171916785494,0.1825855421796399,0.0006482076760392204,-10.808231229793364,0.39035438521734633,0
536,0.4362068062896316,0.0822929761305681,0.1685487571089701,0.000728327223824368,-10.759982777984424,0.438602837026286,0
4532,0.4385997544544934,0.0716541199265479,0.1694709500235359,0.0016558939130205208,-10.20139679066368,0.997188824347031,0
15630,0.4361291165813682,0.077062261293609,0.1791511556483601,0.0005903665094271993,-10.84306351251339,0.35552210249731964,0
21244,0.4356289986540201,0.0811032569001797,0.1647511920279129,0.001056356890486006,-10.562441428821186,0.6361441861895241,0
5216,0.434067874927746,0.1045131015765154,0.2177794307285689,0.004298425801602074,-8.610048911096033,2.588536703914677,0
17959,0.4401117760600059,0.0832133219712138,0.2069385917175053,0.004613095974730831,-8.420552725662894,2.7780328893478163,0
24964,0.4352393264693948,0.0944844073535461,0.1853635165268865,0.0025916877371052354,-9.637856375463974,1.5607292395467365,0
9739,0.4394472769185186,0.0490552839989905,0.1129433303511434,0.007183443973543794,-6.8726743990715224,4.325911215939188,0
17259,0.4384413226652005,0.0838263752485136,0.1507438860453167,0.004304068750814357,-8.606650694672505,2.591934920338206,0
24058,0.447356715796916,0.0792742583417825,0.1532855908810391,0.0038057211523612636,-8.906758480509536,2.2918271345011743,0
18553,0.4194477132998013,0.1002650733547466,0.2266393827794293,0.0045327282674259796,-8.468950620559799,2.7296349944509117,0
22580,0.4466248729785369,0.0891244726632724,0.1632891571113254,0.005813731872303605,-7.697522892800286,3.501062722210424,0
22715,0.43989022668964,0.0746230935614454,0.1479379422540421,0.0019966330486852917,-9.996201726275297,1.2023838887354135,0
13922,0.4237361162213582,0.100883133209645,0.2253408234975436,0.002999377486329805,-9.392343267087359,1.8062423479233516,0
16177,0.4451630205525297,0.085124919135577,0.1847195406044748,0.0038356877285141955,-8.88871243624989,2.309873178760821,0
10812,0.4541205986426587,0.0681006284553614,0.1436345879993342,0.00678577856849523,-7.112150789814767,4.086434825195943,0
1568,0.4353930171134558,0.0718152985161571,0.1762652898258363,0.0020241731095923077,-9.979616943432404,1.2189686715783061,0
2837,0.4399894168075183,0.0713065038273286,0.1610569067886491,0.0014845481527280915,-10.304582191563657,0.8940034234470531,0
20880,0.4406441135632933,0.0667693856637503,0.1428728816156902,0.002449918270838857,-9.723230762242533,1.4753548527681772,0
16211,0.4365083873635571,0.089998323858379,0.1937595146428656,0.0006671187477230921,-10.796842873817598,0.4017427411931127,0
9964,0.4380779070058717,0.0718088091245367,0.1497356897327472,0.0017422095250751472,-10.149417033367186,1.0491685816435243,0
13799,0.4349781413618685,0.0810560200587371,0.1976674399432863,0.0014869348158356452,-10.303144929333499,0.8954406856772117,0
21587,0.4493403308508765,0.071286756719188,0.1200749300173001,0.00594080128713231,-7.62100096142102,3.5775846535896907,0
20394,0.437498058844645,0.0806266104270325,0.1993834632649931,0.0026004572586915096,-9.632575319200683,1.5660102958100275,0
8530,0.4326895376825747,0.0898163884124515,0.2064897062042256,0.000736066349853408,-10.75532223184334,0.4432633831673698,0
5932,0.4361473771215827,0.0898751219783334,0.1969706365746001,0.0006457574529092608,-10.809706768234046,0.38887884677666484,0
8609,0.4344930214603208,0.0876839723927279,0.1967894635903537,0.00027775255803196507,-11.031321429409562,0.16726418560114809,0
15352,0.4158415893829681,0.1159775030835051,0.2527453463476284,0.0073237136265209574,-6.788203208469271,4.410382406541439,0
18919,0.4318657850913923,0.0699913449582025,0.178283963855061,0.0034599997111993586,-9.114953917882056,2.083631697128654,0
19036,0.4278127259044298,0.0711280055283327,0.160498776587723,0.003991455335140854,-8.794908288953973,2.4036773260567372,0
24132,0.4524943797400925,0.0641919234377922,0.131524765794599,0.005392796197044461,-7.951012773907294,3.247572841103416,0
9284,0.4235194743782859,0.0963603173644344,0.2206767824577797,0.002793498584168006,-9.51632472434756,1.6822608906631498,0
10142,0.4273132714614021,0.0666553155495367,0.1776188504777571,0.006268639149412647,-7.423575117957749,3.7750104970529614,0
21538,0.4467883071985082,0.0752337601024692,0.1335401106443363,0.0046469059771014655,-8.400192148061855,2.7983934669488555,0
3782,0.4394589500505473,0.0851856703921367,0.1811280085258899,0.0007266640341004508,-10.760984360387994,0.4376012546227166,0
7544,0.4327569513911002,0.0956780804124973,0.216206944078412,0.0015693110012589362,-10.253537517378826,0.9450480976318847,0
14293,0.4414664021774275,0.0762349449013414,0.1871244122886171,0.003524988120687533,-9.075817524454845,2.1227680905558657,0
8206,0.4249907460895869,0.1025702968500368,0.2497028451360881,0.003424835127448901,-9.13613023216949,2.06245538284122,0
14659,0.4253082168326776,0.1006972203819337,0.2505622309416518,0.0038612020888499285,-8.873347541924778,2.3252380730859326,0
1535,0.4348366590180018,0.0998108767482753,0.2178287071860138,0.002818829187542994,-9.50107048951954,1.6975151254911705,0
4174,0.4322628724179527,0.0949247793492588,0.2213561719273141,0.001880591647018541,-10.066082524793707,1.1325030902170035,0
809,0.4373820452912453,0.0656615159310633,0.1523013684997501,0.002641706229786237,-9.607734951911425,1.5908506630992854,0
8619,0.4295931675286483,0.1022746761087775,0.2294899564677047,0.002532552247265214,-9.6734681070653,1.52511750794541,0
11059,0.4180128215930754,0.0914493754522446,0.1913138043711495,0.007999936230543144,-6.380978072728697,4.817607542282014,0
8582,0.4274724457831971,0.1009437257560584,0.2516636490493824,0.004113700251476866,-8.721291698274472,2.4772939167362384,0
17004,0.4336369306309103,0.0616860527681012,0.1576132163678113,0.004881177678763249,-8.259112383880732,2.9394732311299787,0
19516,0.4259117997611095,0.0687642839581759,0.1731588718660478,0.005324359607625622,-7.992225681091914,3.2063599339187965,0
22658,0.4315264928203218,0.0980884346099744,0.2136056004398935,0.00176677076545712,-10.13462611335207,1.0639595016586405,0
321,0.4302177606511741,0.0895199798893716,0.2248330087729251,0.0031267685060279915,-9.315627663408689,1.8829579516020214,0
2044,0.4362510494247568,0.0878049864891703,0.1677928010779315,0.0025156034142609614,-9.683674791638913,1.5149108233717978,0
22614,0.4407856838433299,0.0741673261381478,0.1483729347182731,0.0019043493987794713,-10.05177547024068,1.146810144770031,0
17506,0.4449278111535713,0.076668237984563,0.1723689072736738,0.0030481050418993704,-9.362999253277268,1.8355863617334425,0
16186,0.4486591511624878,0.0825445200438335,0.152630736188998,0.005161977596346505,-8.090013060856576,3.1085725541541347,0
431,0.4369330589262854,0.075832451554646,0.1467281988528683,0.002741235862414677,-9.547797635536245,1.6507879794744653,0
22809,0.432204357111446,0.0995586355890566,0.2271576424705361,0.0024805738196413624,-9.70476981469649,1.49381580031422,0
7535,0.4360151841002238,0.0810612053587712,0.1839665998609442,0.00015949122385190614,-11.10253908403673,0.09604653097398064,0
8108,0.433092614379345,0.0689281155602452,0.1601738215764608,0.002476737588101935,-9.707080015361306,1.491505599649404,0
19665,0.4307287198090694,0.0673963363647037,0.1680213186012961,0.0038803370265003993,-8.861824372578246,2.3367612424324644,0
15518,0.4336471642536721,0.0714888535199945,0.1686499417022896,0.0017642038105015953,-10.136171948368506,1.062413666642204,0
23511,0.4401044393661138,0.0875125523446544,0.1540876309204408,0.00524009141453532,-8.042972470929607,3.1556131440811033,0
12294,0.4265940033326317,0.0843125889384923,0.1689139557919131,0.00468285377111046,-8.378544180058693,2.8200414349520173,0
24183,0.4437000485461144,0.0618056084305176,0.1448761413309462,0.004079571551773363,-8.741844197239669,2.456741417771042,0
17044,0.4246367888480437,0.0960634855222197,0.2418491272554481,0.003922181180600445,-8.836625582665004,2.3619600323457064,0
2387,0.4349321230717737,0.0834489498370224,0.1936517765832631,0.00040689889481827833,-10.953548763699501,0.2450368513112089,0
6333,0.4283640141834856,0.0895585208068625,0.2095029104683649,0.0013002482038818124,-10.415568679207665,0.7830169358030457,0
16868,0.4417485700303646,0.07560125500143,0.1430727362771555,0.0028661937961798516,-9.472547250179835,1.7260383648308757,0
11892,0.4308209128592011,0.084834909669142,0.1895267777394957,0.0004530055178529671,-10.92578309051413,0.27280252449657993,0
8236,0.4292462229493599,0.0970947234590671,0.2468086462438921,0.004592481189435,-8.432967067760341,2.7656185472503694,0
5424,0.4316559333140858,0.0819696259750235,0.1706580800061795,0.001410053892872741,-10.349443062674812,0.8491425523358984,0
7968,0.4410990272260188,0.0867526716408475,0.2003524083932821,0.003021223362190953,-9.37918755518123,1.8193980598294797,0
5864,0.4328780808513035,0.0815688451500378,0.1593217435930353,0.0028308227886350824,-9.49384787406171,1.7047377409489997,0
13751,0.4368461823812528,0.0841161443361217,0.1906090680672758,0.0003795723172699107,-10.970004985637765,0.22858062937294576,0
19782,0.4442438250920362,0.0620293278480362,0.1372509012765435,0.0036484434966813357,-9.00147198801766,2.197113626993051,0
15404,0.4296973129501226,0.0728399268620217,0.1717837101663255,0.0025716272733026097,-9.649936901974701,1.548648713036009,0
17016,0.4300200153112042,0.0742159813884304,0.1664834659957579,0.002333270389183914,-9.793476786492894,1.4051088285178164,0
2951,0.4256786722589319,0.1017242384801562,0.2379106395072611,0.0026284833916272402,-9.61569782099055,1.582887794020161,0
21362,0.4333681613645559,0.0805651414683538,0.1887564593172791,0.000489515780853465,-10.903796400453983,0.2947892145567277,0
10017,0.430706747115323,0.0886710373002696,0.1867980821601334,0.0010396088235287034,-10.57252721092831,0.6260584040824,0
599,0.4373895976057921,0.0947764192486287,0.2247637751017723,0.004115859050138559,-8.719991657322254,2.4785939576884566,0
9916,0.4500302868883795,0.0606214532487753,0.149871828352064,0.008035281645210985,-6.359692861024288,4.838892753986422,0
11865,0.4238918779660326,0.1018232400607329,0.239256544196719,0.0028764274275990937,-9.466384498566635,1.7322011164440756,0
13148,0.4300939194059403,0.0984723296110934,0.244582282958554,0.003990206067540469,-8.795660605077565,2.4029250099331456,0
9774,0.4304158844344544,0.0734502673497628,0.1773708549416874,0.0023114104868028856,-9.80664094524985,1.3919446697608606,0
11701,0.4229873529484347,0.0877021959740935,0.2115000111370021,0.0036176846425727306,-9.019995146612326,2.1785904683983848,0
8039,0.4335108325724147,0.0814714995309943,0.1898371931133158,0.00038549933038112803,-10.966435704302897,0.23214991070781288,0
11225,0.4432453705961161,0.0571230010119279,0.1417214674078992,0.0055395455043253635,-7.862639498270179,3.3359461167405318,0
18548,0.445438028777916,0.0854058927908444,0.163633227088266,0.003858794289973422,-8.874797532236384,2.3237880827743265,0
4164,0.4363958981425205,0.0775758237313544,0.1590732375071192,0.0011803812671296752,-10.487753236924837,0.7108323780858736,0
14623,0.4251023648177062,0.0892659096383688,0.225168748272861,0.0037492848710207896,-8.940744733250673,2.2578408817600373,0
4927,0.4412196134642397,0.087659398500751,0.1805472083523891,0.001752102860128393,-10.143459210179937,1.055126404830773,0
8807,0.4368233939959902,0.0937076898428058,0.209126376592541,0.001947723495689256,-10.025655339980833,1.1729302750298771,0
15894,0.4389093324129222,0.0872181340596304,0.168744403402627,0.0020933833227224715,-9.937938155605844,1.2606474594048667,0
1738,0.4451502636388014,0.0772659741195918,0.1571238285196892,0.0025032824935033665,-9.691094520879131,1.507491094131579,0
5418,0.4364525564628759,0.0818920253353081,0.185849381442627,0.00021113901472124985,-11.071436487757977,0.12714912725273386,0
17095,0.4339379184227166,0.0689756260192146,0.1570597322074253,0.0023040509200445668,-9.811072918618267,1.3875126963924433,0
14829,0.4301179807999553,0.1138295055031256,0.2402977416479689,0.006298725379983127,-7.4054570171206695,3.793128597890041,0
8021,0.4343336828674412,0.0807262423313274,0.1964103231216556,0.0013158839148892146,-10.406152764241916,0.7924328507687939,0
11969,0.4377945639188794,0.0895418537094249,0.1979536228052356,0.0011170515841420385,-10.52589073572723,0.6726948792834797,0
9672,0.4390582707273127,0.0775483619352618,0.177111399742743,0.0007893122734257628,-10.723257230872635,0.4753283841380753,0
23063,0.4299790876300678,0.0882604608820359,0.2025225549965325,0.000721733896654847,-10.763953317471895,0.4346322975388155,0
8763,0.4337871271828735,0.0839223317468613,0.1964561810981782,0.0005095722653795297,-10.891718270286454,0.3068673447242567,0
2721,0.4396761171563531,0.0822141147415266,0.1832032131754604,0.0007893375064759697,-10.723242035384885,0.4753435796258252,0
19223,0.4374174373656813,0.0926102251547802,0.1958020106142363,0.001407875244846534,-10.350755057028337,0.8478305579823733,0
14555,0.4427681496857372,0.0839917930983406,0.1734252221541056,0.0018627118599064785,-10.076849835277583,1.121735779733127,0
12907,0.4437426602878495,0.0751798492689334,0.1840691737181603,0.004668001310417559,-8.387488417186782,2.811097197823928,0
8239,0.4301987935981932,0.0912723413561294,0.214286608966059,0.0012834545705723331,-10.42568190163376,0.7729037133769499,0
7877,0.4378043347201938,0.0837183827702369,0.2095364435887876,0.0038507819649611615,-8.879622600374166,2.3189630146365445,0
8193,0.4294424995710916,0.0961289191216877,0.2266610777565855,0.002023546963761172,-9.979994012047918,1.2185916029627926,0
20907,0.4424676519918192,0.0768388536224757,0.1472622671332933,0.0025629655769686573,-9.655153025251796,1.5434325897589147,0
20382,0.4264814009138838,0.0951593966811108,0.215755236070489,0.0018560553450724226,-10.080858426739528,1.1177271882711821,0
1607,0.4328774517344357,0.0962407473128679,0.201627085052619,0.001646946886683659,-10.206784741307198,0.9918008737035127,0
8423,0.4281647198840922,0.08447425912891,0.1879163833506486,0.0013976951571196329,-10.356885564322504,0.8417000506882069,0
14700,0.4281824573044329,0.0851137855952896,0.2048193058005111,0.0016933921155724344,-10.178815157731856,1.0197704572788542,0
16463,0.4399640830853772,0.0713553257450001,0.1534329096966286,0.0014997655818619476,-10.295418168344384,0.9031674466663269,0
5809,0.4352026883039482,0.0890200596332212,0.2020206570282839,0.0007116745423834279,-10.770011118385789,0.42857449662492186,0
19289,0.4353530164380628,0.0731622573316331,0.1669816785873374,0.0010636695399085722,-10.558037709341809,0.6405479056689014,0
6705,0.4506581594788201,0.0757617763181284,0.1274870625206854,0.006314225336543905,-7.396122854262327,3.8024627607483836,0
12029,0.4407846857294318,0.079063289297567,0.1667823735320004,0.0008910619890851472,-10.661982967746113,0.5366026472645977,0
5225,0.4428338484251884,0.0752563912139228,0.1406781775115752,0.0032005293557294183,-9.271208456104258,1.9273771589064523,0
7175,0.4324212209249684,0.0819530929980278,0.1904501795035147,0.00042506580094503347,-10.94260854849603,0.25597706651467966,0
24713,0.4403621885286415,0.0690208923054164,0.156375784157935,0.0019369279852934833,-10.032156458340614,1.1664291566700964,0
18967,0.4288991318717171,0.0693551017472833,0.1663985075374987,0.0037282062964052827,-8.953438371940006,2.2451472430707042,0
15815,0.4383992257421365,0.0779421488911225,0.1802207807960684,0.0007961432283789638,-10.719143590569118,0.47944202444159245,0
13303,0.4423952546631637,0.0765471988949702,0.1825277658383837,0.003036017215797043,-9.370278611577405,1.8283070034333058,0
17658,0.4326424549739051,0.0701887145238507,0.1590282173989154,0.002351305952006076,-9.782615666981764,1.4159699480289465,0
20503,0.4505341346938082,0.0682365431257509,0.136520416405654,0.004512456256463287,-8.48115854198525,2.71742707302546,0
8943,0.4328151484680774,0.0860146452887454,0.1875571357851578,0.00016381429141622825,-11.099935707921786,0.09864990708892485,0
2170,0.4299430608324655,0.1003821607648188,0.236948302795744,0.002776783164304596,-9.526390846187248,1.6721947688234629,0
24223,0.4385549746784502,0.0862978994368135,0.1719717657813687,0.0013176779555459323,-10.405072382655128,0.7935132323555827,0
13924,0.4504660729890682,0.0718030817536306,0.1586993246766252,0.005966551453372356,-7.60549406342608,3.5930915515846307,0
19321,0.4319641153056293,0.064439964802179,0.1753300432652438,0.006198841876921625,-7.465607436302945,3.732978178707765,0
6486,0.4305879498847014,0.1010060105852903,0.208492562192862,0.0030640554935268956,-9.353393799702502,1.8451918153082083,0
2194,0.4358085364767114,0.0818083163722277,0.1800467503891136,1.5674126436003895e-05,-11.189146566053235,0.009439048957474938,0
22056,0.4327996482403154,0.0793412624341462,0.194425223461278,0.0014454488715765334,-10.328128003223304,0.8704576117874065,0
9685,0.4306750613311815,0.0629763763850458,0.1310339110573616,0.00643083752684286,-7.32589832355152,3.87268729145919,0
22103,0.4567268938107957,0.0679682629222579,0.1235273670930559,0.006821989020774038,-7.090344647493057,4.108240967517653,0
16143,0.4457448514704955,0.0752138736274943,0.1350961842188172,0.004284422157414186,-8.618481986049984,2.5801036289607264,0
15841,0.4320167575481126,0.0985682563823285,0.2258106328870243,0.002275398104898423,-9.828327808454596,1.3702578065561148,0
57,0.4328133512231203,0.0850704225790315,0.2085590092820386,0.001802714998475471,-10.112980289797925,1.0856053252127857,0
22562,0.4359334298684464,0.0696971042462786,0.1681935985844292,0.0021018105325821845,-9.93286324143021,1.2657223735805,0
4468,0.4327452107161996,0.0972154538268755,0.1932198519751872,0.0029209582589800076,-9.43956777616506,1.7590178388456508,0
23806,0.4419980807192924,0.0502153254921939,0.1220354875995751,0.006504339922673458,-7.281634758652423,3.9169508563582873,0
24506,0.438496255761831,0.067683101225806,0.141052931522071,0.0026129714610139045,-9.62503919469211,1.5735464203185998,0
1134,0.443570728921014,0.0701117684022477,0.1384324778661434,0.002798622013143806,-9.513239365994087,1.6853462490166233,0
17394,0.4331651600907757,0.0810499982085916,0.1683674973562503,0.0011021202519596865,-10.534882469719232,0.6637031452914783,0
1761,0.4362371790430941,0.0989784819484665,0.1683879136896459,0.00956151243534307,-5.44058791394596,5.757997701064751,0
12488,0.4316953286160158,0.0893933896523125,0.1965328452569921,0.000408421852437271,-10.952631629874881,0.245953985135829,0
23184,0.4340873001525502,0.0915968193749458,0.2121289832990514,0.0013832746157399142,-10.365569697159648,0.8330159178510623,0
24134,0.4528081121232418,0.0640234958263327,0.1339168206301204,0.005725903923960571,-7.750413387695122,3.448172227315588,0
18562,0.4304160890559753,0.0839988234696148,0.2161936293066034,0.003583016535309966,-9.040872479907568,2.157713135103142,0
24011,0.4343386792037103,0.0854123227277837,0.1935619278597366,0.00015942242236584544,-11.102580516686768,0.09600509832394266,0
17992,0.4391615748665048,0.0721759971115473,0.1682325255277058,0.0014859213434200355,-10.303755248242629,0.8948303667680815,0
17090,0.4337669607477564,0.0689634777539728,0.167040864780393,0.0025176644679108413,-9.682433613294165,1.516152001716545,0
22536,0.4378035357732344,0.0876434406816026,0.1676096643569272,0.0024000002057758983,-9.753291707706733,1.4452939073039772,0
7395,0.4368763513056217,0.0853883820828135,0.1692045633286197,0.0013440340792462038,-10.389200573597579,0.8093850414131314,0
8004,0.4308215679557215,0.0901689498148314,0.2177537337491172,0.0018399585514194733,-10.090552008322458,1.1080336066882523,0
10104,0.4229472175909966,0.0885836940000141,0.1982540171532322,0.0036211781657860638,-9.017891326869684,2.1806942881410265,0
19482,0.4236740790969952,0.097044441646997,0.2310395956878583,0.0028799677775622956,-9.464252479486293,1.7343331355244178,0
8690,0.434210897760851,0.0728745692859271,0.1635799038933622,0.0013407199575299555,-10.39119635672836,0.8073892582823508,0
24293,0.4406765726437756,0.0863701650741684,0.1705609254388979,0.0018663554388518705,-10.074655651111314,1.1239299638993963,0
8576,0.4225056329649223,0.1157203534787153,0.2565608162528606,0.005182408246847025,-8.077709605790366,3.1208760092203445,0
15491,0.4274494618978461,0.0818111638583311,0.1876070600627089,0.001841225847465631,-10.089788835365283,1.1087967796454272,0
2370,0.4358190403532744,0.0815473968692225,0.1762125502316535,9.333505150919266e-05,-11.142378710961497,0.05620690404921369,0
18639,0.4400213815480191,0.0728561348915756,0.1537857226200673,0.0013809056344614187,-10.3669963112908,0.8315893037199107,0
4141,0.435002099926538,0.0820504028832095,0.166614720765389,0.0010823777098327098,-10.546771541971035,0.6518140730396755,0
4766,0.4417947393936245,0.0757328196198544,0.1607335746803843,0.0012853099771816092,-10.424564565117912,0.7740210498927986,0
19525,0.4304096922791539,0.0622035500212952,0.1532450096411432,0.0050700463528722765,-8.145374583644957,3.0532110313657537,0
6370,0.4354030296948392,0.0776787648188205,0.1759612847471196,0.00033956360667323213,-10.994098460932186,0.20448715407852447,0
10544,0.4267761117012238,0.0876451559997397,0.1950931312797821,0.0017564388858304183,-10.140848030600049,1.0577375844106616,0
24130,0.4509526102747266,0.0601570607536858,0.1311489805912788,0.005534246340544285,-7.865830685132649,3.332754929878061,0
19395,0.4314259294291852,0.0827363954540923,0.166879171269714,0.002231803994106711,-9.854580432337695,1.3440051826730155,0
9873,0.4285798883162749,0.0918418380863387,0.1926943218639997,0.0018846002748609141,-10.063668506085172,1.1349171089255385,0
6238,0.431898342447979,0.0835243120298567,0.1765558932903656,0.0008478258047441691,-10.688020046264981,0.5105655687457293,0
17292,0.4325436948407212,0.0911340014125814,0.2052014236619556,0.0006503673489141258,-10.806930662384929,0.39165495262578176,0
2437,0.4403996259334696,0.067654019497899,0.1527130185172573,0.002181523689186972,-9.884859520724019,1.3137260942866913,0
6503,0.4448451766366842,0.0747585861360122,0.170535221111217,0.0031840138603424313,-9.281154182276062,1.9174314327346487,0
14387,0.4299381520092203,0.0864759321669179,0.2177616844847847,0.002875255488840432,-9.467090246817635,1.731495368193075,0
110,0.432444300139477,0.0920954285626259,0.2266830934802919,0.0030326803367751866,-9.372288099288319,1.8262975157223913,0
10284,0.440797970319922,0.0641859981674052,0.1516747560348976,0.0032387046215907756,-9.248219091759061,1.950366523251649,0
10774,0.4209871693031692,0.0938384829089302,0.2267919779693977,0.004101271976881978,-8.72877607661205,2.4698095383986605,0
5656,0.4366029759821356,0.0932792033906787,0.1814787129804721,0.0026196515029442737,-9.621016435077648,1.5775691799330627,0
15942,0.4383700761423961,0.0988113388817733,0.2118101880576201,0.003770814124430065,-8.92777969320345,2.270805921807261,0
5215,0.4304488944888832,0.0946907070481227,0.2049513256090575,0.001208907164126122,-10.470574777927157,0.7280108370835539,0
11688,0.422029601128864,0.1095653061421082,0.2627996997290002,0.004218488721108422,-8.65818748005411,2.5403981349566003,0
7220,0.435930931039976,0.0791846338726781,0.173703083605153,0.00018565443203672914,-11.086783449810513,0.11180216520019748,0
21320,0.4459584111737706,0.0765625475200759,0.1574147562810908,0.0028088683032941016,-9.507068991220347,1.6915166237903634,0
18579,0.4322926430546662,0.0788780250451551,0.1707509169537032,0.0009563362190433964,-10.622674451590333,0.5759111634203773,0
8791,0.4178821586481135,0.0958510648109633,0.2314866939385248,0.005428089569168741,-7.9297589025215025,3.268826712489208,0
23326,0.4424846571820061,0.0971954149237779,0.1992037391881262,0.005266425761144295,-8.027113776161505,3.1714718388492056,0
19338,0.4368268583475401,0.0790692228917291,0.195581866583005,0.0022197940766898634,-9.86181287358,1.3367727414307105,0
2105,0.4303510149988395,0.0892734725546737,0.2171638622852392,0.0019367693258143534,-10.03225200399014,1.1663336110205709,0
21101,0.4383159701973498,0.0827819000102215,0.1877009692360511,0.0006385726596107468,-10.814033492021231,0.3845521229894793,0
17027,0.4344463308950952,0.079572085607568,0.1835325710367881,0.0003146114528312029,-11.009124791277994,0.18946082373271622,0
15258,0.4296612237558235,0.0679765710644134,0.1573178481544722,0.0038333420478106834,-8.890125018640969,2.3084605963697413,0
15212,0.4292286706523655,0.0857239030685127,0.1829934300430934,0.001421426229120369,-10.342594576474289,0.8559910385364216,0
11338,0.4199584909916332,0.1034047984825278,0.2586422636171769,0.004890743242462082,-8.253351946485527,2.9452336685251836,0
11846,0.4280839111830747,0.105173286010241,0.2353295913516648,0.0029791508129292906,-9.40452388597249,1.794061729038221,0
17827,0.4407076963967788,0.0863422901838623,0.1745054957645626,0.001535497169842284,-10.273900400853368,0.9246852141573427,0
17074,0.4215943886490803,0.0853839848005702,0.1886265917077784,0.00497841141610761,-8.200557668831127,2.998027946179583,0
17852,0.4433321676008211,0.0775919808778153,0.1857277128045021,0.003842436394285527,-8.884648350964287,2.313937264046423,0
16164,0.449226624525556,0.0776524032471187,0.1569498201856366,0.004533931610190001,-8.468225960636415,2.730359654374295,0
22859,0.4347895948465539,0.0783578120950798,0.1743297945395668,0.00030091121881733806,-11.017375150882641,0.1812104641280694,0
5170,0.4388421120027859,0.0771687879799757,0.1873396109568582,0.0020553955668313945,-9.960814600370053,1.237771014640657,0
17408,0.4280204155116703,0.0723130371675208,0.1620606188852802,0.0036806201919627876,-8.982094997325934,2.2164906176847765,0
2010,0.4368575926699921,0.0730875719616599,0.1709661815463642,0.001152690250625361,-10.504428926095372,0.6941566889153385,0
14679,0.4227201592662691,0.0960192627709386,0.2122630975580121,0.0034909198776558476,-9.096333616065065,2.102251998945645,0
19764,0.4375994995971247,0.0697576362938534,0.1518820201568688,0.001772964629615399,-10.130896132784116,1.0676894822265943,0
760,0.4273484128533578,0.1086712102321945,0.2326806032682729,0.004196968767914308,-8.671146919458351,2.527438695552359,0
19917,0.4313442361153111,0.0656554366030129,0.1471792793585553,0.004094242875737904,-8.73300904168968,2.46557657332103,0
910,0.4487323680676524,0.0803069145093478,0.1730641532660712,0.0054320261196300216,-7.927388289225807,3.271197325784903,0
2933,0.4387937079912014,0.0824518056321771,0.1735907677451446,0.0004666257050277021,-10.917580935575723,0.28100467943498764,0
3069,0.4400115356366046,0.0835953219451545,0.1730841730287177,0.0008772615609546326,-10.670293664823228,0.5282919501874819,0
16405,0.4348360571601112,0.0852315762433589,0.1811799715028742,0.0001802446020942699,-11.090041280470931,0.10854433453977919,0
11646,0.423891612419136,0.0901995140571086,0.1957321857905441,0.003444321552610293,-9.124395395025262,2.0741902199854483,0
5011,0.4322675596262373,0.0998699028944904,0.2091464795049053,0.0025093864250491154,-9.687418698246933,1.5111669167637771,0
9473,0.437868091454431,0.0797202353461824,0.1702481650353579,0.0003321358087339805,-10.998571523509618,0.2000140915010924,0
23718,0.423066377546903,0.1008475866969245,0.2229472251436928,0.003359775381181944,-9.175309585014578,2.0232760299961328,0
17773,0.4303574567175819,0.0749604917211186,0.1646382851057333,0.0022646252268447783,-9.834815297487967,1.363770317522743,0
14191,0.4317867636777042,0.0900423798022051,0.1884646798895094,0.0009304196106217947,-10.638281582022897,0.5603040329878137,0
21058,0.4387887795738595,0.0829535808734378,0.1490955790117132,0.0042657406639873,-8.629732088680909,2.568853526329802,0
8815,0.4260156139671661,0.1025374613365742,0.234457846024031,0.002580146198126677,-9.644806756520808,1.5537788584899026,0
1595,0.4464790324039482,0.0659505340665108,0.1322173378275797,0.003534435657402674,-9.070128163587057,2.128457451423653,0
9460,0.4281201893327404,0.1032113489735275,0.2338057625832924,0.0026249926832632737,-9.617799945614737,1.5807856693959739,0
14199,0.4338143430734638,0.0837068979181608,0.1756962577098371,0.0005072701056149586,-10.893104644118159,0.30548097089255144,0
20696,0.4424415343600811,0.0766056250186106,0.1671991279525757,0.0014728362344164116,-10.311635176033398,0.886950438977312,0
2962,0.4374100438416531,0.0727292175820118,0.1485289857178433,0.0019721336112277755,-10.010955428214366,1.1876301867963441,0
15832,0.4294583999380664,0.0833297730978154,0.1933723849487847,0.0009516551734467514,-10.625493404132238,0.5730922108784728,0
7760,0.433196139674442,0.0753849722736796,0.1524376691708715,0.0027257703162582823,-9.557111076251447,1.6414745387592635,0
12657,0.4249330424689714,0.0933855902526757,0.2225267981714866,0.002521403562428885,-9.680181909101492,1.5184037059092184,0
2347,0.4233305317219309,0.0994781812104855,0.2149811542532239,0.003670746128558299,-8.988041215015622,2.2105443999950882,0
15573,0.4280352192328635,0.0756339330625203,0.1867100911759475,0.003001503019348074,-9.391063258896658,1.8075223561140525,0
24099,0.4464551819769758,0.0812717990871057,0.1330342317648654,0.007123942898032392,-6.908506288463741,4.290079326546969,0
16200,0.4498785547290359,0.0590877481522736,0.1166446997102702,0.005012952509448005,-8.179756824049386,3.018828790961324,0
15256,0.4334161632803132,0.0838953974216859,0.179032879797673,0.00032116446450225006,-11.00517853001524,0.19340708499547077,0
14577,0.4348501362471993,0.0972877692669636,0.2175304604496085,0.0023166689692671297,-9.803474256910013,1.3951113581006975,0
21921,0.4325547665667621,0.0790970421875632,0.1967229474806598,0.0018855542757141546,-10.06309400129245,1.1354916137182602,0
3632,0.4341404657409929,0.0801542875926001,0.1736337448477148,0.0003399600621745298,-10.99385971315243,0.20472590185828032,0
2483,0.4340484274793273,0.084457003476103,0.179860204464154,0.00023418023965885302,-11.057560929773025,0.14102468523768508,0
20090,0.4236421159423269,0.0870167464294078,0.1809826457843785,0.004938466914173998,-8.224612477299894,2.973973137710816,0
144,0.4357440271738032,0.0917673295683785,0.2143089183795622,0.002101047298972018,-9.933322865093562,1.2652627499171487,0
15737,0.4430141611392922,0.0759335425762236,0.1708485634353119,0.0020134439683846803,-9.98607809388592,1.21250752112479,0
19596,0.4329105974157958,0.0564670211209695,0.1507950644254086,0.006738938879865211,-7.140357919311699,4.058227695699012,0
14388,0.431921487357029,0.0904119927502758,0.2252097636807102,0.0031205051778083505,-9.319399475633332,1.8791861393773779,0
20378,0.430867870476582,0.0850277425876904,0.1890982121433229,0.00044952284597221643,-10.927880375521971,0.2707052394887395,0
5406,0.4384304917485084,0.0824742597004407,0.1490298814950743,0.004116774646770092,-8.719440279772403,2.4791453352383073,0
22551,0.4406295761967366,0.0841927902714065,0.1657428450997963,0.0017364615809400497,-10.152878478336227,1.0457071366744835,0
11438,0.4137676074816477,0.1023699331303117,0.2344728883844701,0.007488283625429105,-6.689098209988626,4.509487405022084,0
3588,0.441246311241378,0.0728280885725784,0.1737399246844607,0.0024241751734172504,-9.738733403354413,1.4598522116562975,0
22957,0.4295758372246873,0.1132667919995996,0.2664814553406732,0.006007150776423746,-7.581044917919498,3.6175406970912123,0
21805,0.4328263083333959,0.085344901798771,0.1907991435979135,0.00010842693345025322,-11.133290292982752,0.06529532202795885,0
24258,0.4459529069775929,0.0707887346471194,0.151954524578403,0.003007715806213275,-9.38732188296592,1.8112637320447895,0
7928,0.4326160640713253,0.0766735830233197,0.1822319934376109,0.0010750222063122803,-10.55120106843426,0.6473845465764505,0
13455,0.4348118153910503,0.092499439933818,0.20016592166826,0.0008536429780973853,-10.6845169110632,0.51406870394751,0
11441,0.4312110574226399,0.0939467208443124,0.2068830655279118,0.000976898826604365,-10.610291531224481,0.5882940837862289,0
8410,0.4257270878052913,0.0979287490379928,0.2633014828550291,0.0076079757929449505,-6.6170188993092625,4.581566715701448,0
13004,0.4320462474043572,0.1066485475207871,0.2661525036096207,0.0071648610257124224,-6.883865156978873,4.314720458031838,0
16615,0.4349793813255507,0.0874973433790087,0.1980801155287024,0.00040982448884326197,-10.951786954175745,0.2467986608349655,0
469,0.4280100559890208,0.092046573549977,0.1867443084685977,0.003041980172572485,-9.366687684761514,1.8318979302491964,0
13850,0.4373386295632616,0.1082889868020095,0.2635994069420742,0.009868615573277879,-5.255648640564681,5.942936974446029,0
15513,0.4401833685577327,0.0744364913800688,0.1701862242342304,0.0012502199317185635,-10.445695992020587,0.7528896229901232,0
3765,0.4386369140872745,0.0725641708071312,0.1366074430207709,0.0036554321067870515,-8.997263406875872,2.2013222081348385,0
10312,0.4289599348716268,0.101888338124758,0.2236501074194531,0.0024821634785918,-9.703812512947003,1.4947731020637072,0
13485,0.4340929181027969,0.0879138085084956,0.1905812660762348,0.00017860131436100735,-11.09103087778143,0.10755473722928066,0
24675,0.4335148397147189,0.0848631121818701,0.1955928863021027,0.0003019824958444174,-11.016730021704507,0.18185559330620293,0
1069,0.4421264880441169,0.0820607100280405,0.1839124617215286,0.0019259606837627957,-10.03876103030845,1.1598245847022604,0
4115,0.4390107096972301,0.0976433913544926,0.2103270088273243,0.0037114107080269353,-8.963552771719803,2.2350328432909077,0
5613,0.43108462961622,0.0786203503280837,0.1631424821558431,0.002251425164793631,-9.84276445066414,1.3558211643465707,0
6444,0.4352660477783123,0.096984259194621,0.2303688978202288,0.0037612048564042554,-8.933566449595357,2.265019165415353,0
24111,0.4438998605851281,0.078308192480142,0.1664395810660185,0.0019667199459756203,-10.01421556852031,1.1843700464904003,0
1995,0.4353869592027531,0.0675912153866294,0.1545018947716069,0.002366666280928678,-9.773365588689023,1.4252200263216874,0
810,0.4358116347215276,0.0697246818918009,0.1590125767833115,0.0017732143502825377,-10.1307457495642,1.0678398654465102,0
2577,0.4325495046452751,0.0806488486230767,0.1880337919995916,0.0005024137257421986,-10.896029183968098,0.3025564310426123,0
18180,0.4287787335100335,0.0808645625873975,0.1836678917310577,0.0014386172135669145,-10.332242066911434,0.8663435480992767,0
12016,0.4286590320957346,0.1126078715631026,0.2549980636024479,0.004869183234102607,-8.266335507340388,2.9322501076703222,0
21078,0.437388292187293,0.1030157393673457,0.2134037618916666,0.00491381584238211,-8.23945749430597,2.95912812070474,0
8310,0.4235895627955278,0.09491499397153,0.2292644733847804,0.0030922947091505167,-9.33638798187397,1.8621976331367396,0
24635,0.4402669448334807,0.0768315464542319,0.1610536494977423,0.0009650222521490924,-10.617443672569527,0.5811419424411834,0
2927,0.4422565203584891,0.0665390479486401,0.1413836413663067,0.0026130423734263063,-9.624996490830107,1.5735891241806037,0
17415,0.4304892111178539,0.0855472183187106,0.1916401907500635,0.0005052474977869741,-10.894322670168163,0.3042629448425469,0
12049,0.4332779121866542,0.0897007714823987,0.1784862773213968,0.0018046826006411164,-10.111795388473682,1.086790226537028,0
3242,0.4393918169117937,0.0725814351982154,0.1559133957303549,0.001258429021996099,-10.440752430710019,0.7578331843006918,0
5416,0.4377765506717293,0.0761372829882943,0.1441469567561753,0.0031431504312785857,-9.305762373940125,1.8928232410705856,0
12448,0.4185612185658523,0.1016880534849576,0.2270130654501646,0.00512878781884398,-8.11000013548004,3.0885854795306695,0
19861,0.4466114704061351,0.0762100242069591,0.1501326260579821,0.0032053904046885325,-9.268281104503702,1.9303045105070087,0
8620,0.4209768137865453,0.1054903272013194,0.2661612453307886,0.005257806920378503,-8.03230409156933,3.1662815234413806,0
10473,0.4254299455147194,0.0871640461835536,0.2022997185980726,0.002242592124160113,-9.848083758462476,1.3505018565482345,0
8396,0.4320218372222503,0.0813144268083562,0.1758360864500813,0.000692598139045082,-10.781499038033392,0.41708657697731866,0
19066,0.4314014180505942,0.0663723354169144,0.1619957579898612,0.0037303591673886758,-8.952141900669703,2.246443714341007,0
7905,0.422178502854757,0.1103840471053751,0.2514954203498765,0.003938796351616998,-8.82661983125663,2.3719657837540797,0
8745,0.4320563550743079,0.0994356925324779,0.2373313021873332,0.003335752577647189,-9.189776255268015,2.0088093597426955,0
21309,0.4447193843950453,0.0758607577077519,0.1387005677400121,0.0038002365328566544,-8.910061349873803,2.288524265136907,0
7473,0.4450955252351029,0.0827257270420932,0.1570222713338657,0.0034839143693749177,-9.100552373385014,2.0980332416256964,0
9456,0.4347088681407506,0.0757084425579917,0.1615734010378541,0.001122291968122858,-10.522734946398053,0.6758506686126573,0
22077,0.4416483577171007,0.0860308802386416,0.1814130163365638,0.0016390108123497708,-10.21156389084855,0.9870217241621599,0
20421,0.4324705101259491,0.1025503211834252,0.2184982696546743,0.003112571806933043,-9.324176997136401,1.874408617874309,0
2643,0.4291923354518123,0.1034527951834844,0.2167009958880736,0.0034385337507005062,-9.127880842575127,2.070704772435583,0
20982,0.4316850731070382,0.1056720639928956,0.2493272709891179,0.004423943072409855,-8.53446168976025,2.664123925250461,0
19019,0.422467688657439,0.0859836810438383,0.1969296209411726,0.003960622541417027,-8.813475974409567,2.3851096406011436,0
21106,0.4311173044008632,0.0996267919478059,0.2227480735169343,0.0021232570065393215,-9.919948051644473,1.278637563366237,0
13091,0.4410572019907007,0.0721435351803663,0.1642787097906896,0.001652840550667816,-10.203235543008173,0.9953500720025374,0
11352,0.424633384554517,0.0787930321016485,0.2010316546975933,0.004698698554012927,-8.36900236079702,2.8295832542136896,0
7200,0.4315301840810302,0.0950705462967921,0.2042424955057394,0.0012226295179293724,-10.462311097658306,0.7362745173524043,0
15760,0.4376331839539741,0.0931658426178045,0.2227472070864061,0.00408769119165378,-8.736954503471965,2.461631111538745,0
20714,0.4335321479499314,0.0861711954778866,0.1722734782905436,0.001563771388026983,-10.256873504281533,0.9417121107291777,0
24553,0.4336233352107155,0.070906045577128,0.1635684922375114,0.0018551221135539825,-10.081420424119553,1.117165190891157,0
19821,0.4292841270003778,0.0882927878383099,0.204341485900488,0.0009313090890055758,-10.637745933031841,0.5608396819788695,0
1734,0.4398390058280036,0.0801732136099296,0.1674580945809164,0.0007287464243960316,-10.759730332992667,0.4388552820180429,0
19086,0.4444443715241874,0.071116911341096,0.1424013055250096,0.002660642240224026,-9.596331577674825,1.6022540373358858,0
13804,0.4397494632091008,0.077069171224866,0.1782175744472364,0.0011713858805216604,-10.49317031040138,0.7054153046093301,0
23432,0.4316302471284957,0.0857654667648098,0.1958374210634301,0.0003448837050047284,-10.990894667163225,0.20769094784748532,0
23554,0.4372071847709183,0.0967426537856648,0.2096934761060137,0.0026251075481991404,-9.61773077329068,1.580854841720031,0
20581,0.4345803922564235,0.0895686458541603,0.2100025665581209,0.0013938179775205275,-10.359220424144025,0.839365190866685,0
5460,0.4358686053406203,0.076902769690571,0.1615725365779319,0.0009329506887368183,-10.636757352245853,0.5618282627648572,0
12965,0.445330034591411,0.070867834264554,0.1669190923373887,0.0041233993473441715,-8.715450847040527,2.483134767970183,0
1561,0.4359185360697712,0.0955589423360428,0.2112613588028797,0.0020136910975013154,-9.985929271312601,1.212656343698109,0
4955,0.4306693400028397,0.1002366940658572,0.2368761262968359,0.002908494195063998,-9.447073707037358,1.7515119079733523,0
20408,0.4383087742763939,0.087547278389145,0.1874272753761392,0.0006937615325186031,-10.78079843580218,0.41778717920853126,0
19865,0.4469264180595258,0.0681456001649888,0.1096908702962309,0.007223289780766851,-6.848679025124262,4.349906589886448,0
13505,0.4380540101640848,0.0780991161237336,0.1637381448638657,0.0006573440629725097,-10.802729245111165,0.39585636989954587,0
15496,0.4261262163497297,0.0831060165020266,0.1847306058829345,0.002556141194515458,-9.659262707558065,1.5393229074526449,0
24230,0.4303457987413586,0.0835940511582221,0.1859472931792724,0.0006775313330908708,-10.790572355108843,0.40801325990186754,0
8126,0.4407899837341664,0.0663471257020647,0.1787957892213273,0.006829915842230782,-7.085571070087461,4.113014544923249,0
22791,0.4287619533675775,0.0949344972653026,0.2231362500569774,0.0018074470564570819,-10.110130617304826,1.0884549977058846,0
8216,0.4285394049107496,0.0957290928481645,0.2313026081586123,0.0024945969059156016,-9.69632503160648,1.5022605834042295,0
5552,0.4375311566373301,0.0828505749455884,0.1728806638085019,0.0004082103178879842,-10.952759017195321,0.2458265978153893,0
8639,0.4301712945643446,0.0904335285820846,0.1930807869177054,0.0010077190608977805,-10.591731409130011,0.6068542058806994,0
2960,0.439481665994021,0.0718252487314178,0.1495119300210524,0.0016885928287113127,-10.181705315842297,1.0168802991684132,0
12247,0.4365273416256264,0.0878912601961642,0.169217288219824,0.002256815055036902,-9.839518627805088,1.3590669872056225,0
17060,0.4304413121342584,0.0655295533580686,0.1768825904134282,0.006035985483386417,-7.563680491786639,3.6349051232240717,0
16423,0.4313442549924467,0.1010549975203324,0.211494141556686,0.002802944887759006,-9.510636106074212,1.687949508936498,0
6871,0.4348556591871009,0.0959412414728394,0.2425077455333468,0.005896911948494469,-7.647431373208574,3.551154241802136,0
5535,0.4356510395912678,0.0892507968920981,0.1961983210659259,0.0004705474192524177,-10.915219256746893,0.28336635826381773,0
1579,0.4334965691775992,0.0845696420163155,0.1818430466790125,0.00019695250320862022,-11.079979686465109,0.11860592854560181,0
3093,0.4402047813525109,0.0840363131879074,0.1770982756683478,0.0008597772252213964,-10.680822832215668,0.5177627827950424,0
20395,0.4425669758790743,0.0721768957293723,0.1764806415283751,0.0037163815791477484,-8.960559284582754,2.2380263304279566,0
4287,0.4351146781459552,0.0795404940772569,0.1650261978478337,0.0008813101734493889,-10.667855567127393,0.530730047883317,0
138,0.4328585298347275,0.0925951793360451,0.2089292913626645,0.00093458986787573,-10.635770229154469,0.5628153858562417,0
5255,0.4380938865620504,0.0854917531992616,0.186058871141887,0.0004318805139225858,-10.938504689203528,0.26008092580718234,0
10581,0.417833579689585,0.0958660667615606,0.2600917320337023,0.009010726028695718,-5.772274651237681,5.426310963773029,0
23111,0.4389378070818946,0.0771572826521223,0.1730580940107066,0.0006131083019149147,-10.829368274469426,0.36921734054128486,0
24392,0.4268944821439543,0.0941032019191037,0.2214978287150947,0.001946344463708194,-10.026485800959716,1.1720998140509948,0
15664,0.4257442015934143,0.1120930386986732,0.2574017889337922,0.004258152485561429,-8.63430173330846,2.5642838817022504,0
13448,0.4354154093113636,0.0601406860561855,0.1406922932369768,0.004322105449148308,-8.595788891349654,2.602796723661056,0
10661,0.4266215807495467,0.0842479780184169,0.217761587826983,0.004220921805713117,-8.65672226253177,2.5418633524789396,0
9408,0.4307762375942682,0.0846725577726605,0.1746971418138538,0.001655117767897087,-10.201864189714472,0.9967214252962382,0
22739,0.4348005900872421,0.0894495623111281,0.2136950859256236,0.0019993657001330816,-9.99455610787961,1.2040295071311,0
15808,0.4218233520600244,0.0839144794551403,0.2196668109278173,0.006428077176922948,-7.327560622126193,3.871024992884517,0
23007,0.4242518626805063,0.1127142217558444,0.2422707722428216,0.005057424032839673,-8.152975817259545,3.0456097977511654,0
22847,0.4269655573672621,0.0892029650689077,0.2093137811301744,0.0016796961447841199,-10.187062949997593,1.0115226650131177,0
7057,0.4311145567524045,0.0828305461710975,0.1764898334990843,0.0010240880279654844,-10.581873923153603,0.6167116918571072,0
12774,0.436803131346391,0.0849574433863657,0.2108118146083893,0.0032725917982913593,-9.227812039333308,1.970773575677402,0
6344,0.4364746097755914,0.0750510248007454,0.1742500764462088,0.0007972826326256393,-10.718457434788084,0.4801281802226267,0
17721,0.43421130812326,0.0729323985605414,0.1825298846450655,0.0023432320405272454,-9.78747782284341,1.4111077921673,0
4863,0.4319460790785221,0.0953951875695171,0.1975831485691639,0.0016985101477200314,-10.175733049379321,1.0228525656313892,0
22091,0.4473356065188382,0.0835419132381151,0.1536501648674237,0.004874043093502936,-8.263408872098964,2.9351767429117466,0
12963,0.4280477656827096,0.0995565748904586,0.2490613830126214,0.004098714742287835,-8.730316057971038,2.4682695570396724,0
11929,0.4406373588723144,0.0838780469788327,0.1983785796270112,0.0028820703558149574,-9.462986294787271,1.7355993202234394,0
22871,0.4443869762588748,0.0925158252049704,0.2042933674570516,0.00595026603344843,-7.6153012368326864,3.583284378178024,0
9074,0.4289054528833829,0.0958258027025044,0.2050285258419037,0.001746790907717358,-10.146658098428814,1.0519275165818964,0
4330,0.4513360949896413,0.0829719132674751,0.1625608333298534,0.00662151403803902,-7.211071833439327,3.9875137815713835,0
3874,0.4277337396948246,0.0831994965293304,0.1825533546188005,0.0019034504156732947,-10.052316843030148,1.1462687719805622,0
21879,0.4350941362996196,0.0897378055810897,0.2058726421171462,0.001021112043033974,-10.583666078370669,0.6149195366400413,0
7770,0.4235393522555625,0.0816547354948416,0.1824336527017865,0.0041687655910533075,-8.68813103453706,2.5104545804736507,0
8103,0.4342378677128684,0.0751350662504244,0.1750987266044831,0.0009017346050504989,-10.655555857118124,0.5430297578925867,0
4642,0.4420569583292795,0.0865508804584225,0.1613902834775456,0.003448687152562574,-9.121766405662022,2.076819209348688,0
10514,0.4247351353339506,0.0761383572724521,0.1865497213838911,0.00427384479483229,-8.624851734543409,2.5737338804673016,0
11371,0.4363084236038982,0.0751973558053537,0.1516623127701474,0.0019419813290966056,-10.029113305680632,1.1694723093300787,0
8060,0.4364738244795159,0.0588204216278706,0.142412166293226,0.004606299196433089,-8.424645784588215,2.7739398304224956,0
7550,0.4351651562789143,0.0959114256575257,0.2061526040146211,0.001699350714389884,-10.175226855303297,1.0233587597074134,0
21686,0.4364909365124752,0.0586690866890951,0.1606960983351493,0.006941650602435575,-7.018283755790815,4.180301859219895,0
2079,0.4314273688842316,0.0988244127302011,0.2270534141210239,0.002264428352095401,-9.83493385659271,1.3636517584180012,0
13876,0.4295138207312273,0.0871067418266205,0.2258877466585243,0.004278680491167417,-8.62193965043862,2.5766459645720907,0
8348,0.4383618518315794,0.0878342497371229,0.16841513414616,0.0023523625159085604,-9.78197939813176,1.4166062168789502,0
22523,0.4374207059134521,0.0857648645626725,0.1820374882615,0.0003362966460951158,-10.996065843354733,0.202519771655977,0
16441,0.4310215238266045,0.0780562604511942,0.1623653179556912,0.0023291602834742023,-9.795951915755936,1.4026336992547748,0
23720,0.4367622786573954,0.0861412440252116,0.1934024509513491,0.0004530502224740018,-10.925756169134601,0.27282944587610913,0
20284,0.4433621701142661,0.0897128418378901,0.1901680759120898,0.003449760627194857,-9.121119953073414,2.077465661937296,0
21500,0.4392576744589588,0.0774493173559487,0.1681010143259554,0.0005779777905539083,-10.850524070168252,0.34806154484245866,0
12040,0.4236416327465479,0.1098447545804719,0.2331161944170949,0.004992840487022555,-8.191868399458883,3.006717215551827,0
13258,0.429932078954314,0.0769620871161371,0.1852323583394371,0.001805339359563457,-10.111399884478832,1.0871857305318784,0
13823,0.4198371295636577,0.1073185604484853,0.2333312811786783,0.005125800200086519,-8.111799296653908,3.0867863183568023,0
13345,0.4168084070316004,0.1120412191984805,0.2757613734021351,0.006115063020984188,-7.516059544496882,3.6825260705138287,0
17137,0.4241692917980845,0.0861053177584713,0.1837554625821332,0.0040247409395968905,-8.774863506788762,2.4237221082219484,0
831,0.4268472504600928,0.0905498327928507,0.1901613166142903,0.0026015430618921294,-9.631921442277418,1.566664172733292,0
13189,0.4299013062841362,0.1001278456113827,0.242162773571936,0.003325394831326993,-9.19601374958737,2.0025718654233398,0
20637,0.4364834876690365,0.0821448977717692,0.2060896544994503,0.0031324605330094015,-9.312199892070735,1.8863857229399752,0
19771,0.4318226682791813,0.0652408948237473,0.1522259372756099,0.0038015798335837092,-8.909252406461292,2.2893332085494187,0
8128,0.431010196877265,0.0670822664661241,0.1748515532317801,0.00469316229609458,-8.372336327110604,2.826249287900106,0
12494,0.4229403932845141,0.1151827606128628,0.276806177310167,0.005653475245356939,-7.7940303539137,3.40455526109701,0
22280,0.4259405381891084,0.0989975759693591,0.2335781504024193,0.0024585544875441274,-9.718029982944163,1.4805556320665474,0
16664,0.4286018397993179,0.0728036071928574,0.1807149003076184,0.0033700177784973004,-9.169141554528395,2.029444060482316,0
1013,0.4399669784422537,0.0866577730859776,0.1814042234885225,0.0010843756621271511,-10.545568363624929,0.6530172513857817,0
22152,0.4380018449856077,0.0778203703678408,0.1751271963334345,0.0004370819887175572,-10.935372331209527,0.2632132838011838,0
7996,0.4314447284391129,0.0747678909841449,0.1700590362156803,0.0015810302931654825,-10.246480092487909,0.9521055225228015,0
19415,0.4330333245021241,0.0567968589942894,0.1294546815444323,0.006126347431971396,-7.509264007393145,3.6893216076175657,0
6664,0.4344357069092524,0.105684574841964,0.2355381123881406,0.004649561075910569,-8.398593232310576,2.7999923827001343,0
3323,0.4436107951225119,0.0896287168477743,0.1985457768620735,0.004389728971596122,-8.555065617764491,2.6435199972462193,0
9171,0.4349313130595167,0.0700588661673093,0.1758545085924447,0.002776085490625845,-9.526810989283385,1.6717746257273252,0
10240,0.450013077012133,0.0587927531417859,0.1109118125287755,0.005385533451084936,-7.955386441234628,3.243199173776082,0
21401,0.4332372276282166,0.0799175947745874,0.1820389662592487,0.00031543420772857747,-11.00862932355365,0.18995629145705983,0
19888,0.454562315981514,0.0588228143808822,0.1305275615208738,0.007409849479035155,-6.736331703400397,4.462253911610313,0
16319,0.4334134131875892,0.083900228420769,0.1993324700143174,0.0008034959574770863,-10.71471573487894,0.48386988013177046,0
5189,0.4363325758313848,0.081399075658746,0.1883322372548014,0.00043977580420624435,-10.93375010005145,0.2648355149592607,0
9629,0.4392070036266441,0.1092052101592868,0.2444397052677426,0.008888174504673977,-5.8460758828263995,5.352509732184311,0
3916,0.4251946966527064,0.1123074340895408,0.2288586824770838,0.006759787019528431,-7.127803049874038,4.070782565136672,0
10926,0.4182051809978485,0.093217926806309,0.222744115021416,0.005558129324707573,-7.851448214907703,3.3471374001030076,0
8621,0.4306997910097045,0.0984769919630243,0.244160262463567,0.0040638294526360395,-8.75132417974825,2.44726143526246,0
2915,0.446749653436203,0.0652863578239082,0.1480345212774002,0.004229764490918953,-8.651397146716596,2.547188468294115,0
15438,0.4386681473526898,0.0524182651573421,0.1291826454548285,0.006142065631496768,-7.499798417368138,3.698787197642573,0
22251,0.429728246899246,0.0831097857393743,0.2149785725678599,0.003752885126806819,-8.93857663853978,2.26000897647093,0
7893,0.4274247498526764,0.0832949202669656,0.2031608760221877,0.0022193119888746487,-9.86210318963099,1.336482425379721,0
9780,0.4389822812702935,0.0721968576614152,0.1371248872214745,0.0034185077732290653,-9.139940601219157,2.058645013791553,0
670,0.4386596748317833,0.0851986939330269,0.1780002490286922,0.0006078030910796707,-10.832563102902643,0.36602251210806713,0
23669,0.426840578071694,0.0977316041401868,0.2298156549233167,0.0022268153226624406,-9.857584638931758,1.341000976078952,0
23513,0.4437946988480453,0.0771514799439136,0.1545712568329764,0.0021442354466541394,-9.907314714526535,1.2912709004841751,0
2711,0.4350436447576284,0.0904292452705747,0.1728616149915771,0.002844320138289958,-9.485719692583228,1.7128659224274827,0
11174,0.4249442187370996,0.0967662628174215,0.2455323146998692,0.0042234566945218155,-8.655195737933111,2.5433898770775993,0
20272,0.4401351662866745,0.0735809636103389,0.1563725949194116,0.0012267213704383628,-10.459846960577568,0.738738654433142,0
22109,0.4324580246045253,0.0877721746118334,0.1885434045680017,0.0003620192154731734,-10.980575564348573,0.2180100506621372,0
5493,0.4287132647822575,0.0921774049917008,0.1888961805092626,0.0024420379776933588,-9.727976320031882,1.4706092949788285,0
13113,0.4464333657131688,0.0942687587807474,0.1887939515639404,0.006847303996158169,-7.075099823930883,4.123485791079827,0
4243,0.4340004413430761,0.0878731144001315,0.193710116360864,0.0001659787595679011,-11.098632252770141,0.09995336224056928,0
21887,0.4312095088718736,0.0915755001047985,0.1866472920932585,0.001734178770039342,-10.154253200170992,1.0443324148397188,0
1558,0.4366338334665478,0.0880024310848106,0.1862310990594468,0.00044556161766080713,-10.93026584996074,0.26831976504997,0
19862,0.4437070961689072,0.0859186103100525,0.1686593699957178,0.0029004796239406974,-9.451900127796108,1.7466854872146023,0
13070,0.433951106723517,0.0981607889510358,0.2091852670166715,0.0020853714137439674,-9.942762973205708,1.2558226418050022,0
15360,0.4422199311959482,0.0822897485853871,0.1896936935860634,0.0026674481406033027,-9.592233025379615,1.6063525896310953,0
3912,0.4279475572778108,0.0990703036379735,0.2117529994797848,0.002406116317458627,-9.749608550126094,1.448977064884616,0
17728,0.4237284499622051,0.0860229040105311,0.200122714520424,0.0031883627241167532,-9.278535271535306,1.9200503434754044,0
10518,0.4228657771611717,0.0824284610697315,0.2155920653443387,0.006016896620332251,-7.575175914746666,3.6234097002640446,0
984,0.4374421907817088,0.0827848794577404,0.1840745488310113,0.0002175529351996204,-11.067573988010263,0.1310116270004471,0
1365,0.436961765944977,0.0992651420409824,0.1970308094091231,0.0038114777532181534,-8.903291822412916,2.2952937925977945,0
13388,0.4259670024744647,0.1197912669044854,0.2582254085904721,0.007069150701747541,-6.941502463742275,4.257083151268436,0
5233,0.4398661012919013,0.0836154859899373,0.1452543780961759,0.005444930507541861,-7.919617192714406,3.2789684222963045,0
18117,0.4315924339808727,0.0836741226480603,0.1847639056036033,0.00037855591416113723,-10.97061706942715,0.22796854558356117,0
12025,0.4313857630224075,0.0855955089490951,0.168092524383955,0.0028467633268308783,-9.484248390412466,1.7143372245982444,0
14286,0.4293057606545312,0.1101673166538867,0.2465815047930097,0.0042967579676775804,-8.611053290263861,2.5875323247468494,0
9828,0.447389549406855,0.06080063211605,0.1484187278520601,0.0062655484319169815,-7.425436365783867,3.7731492492268437,0
5836,0.4340941828833032,0.0746071957364911,0.1542334755574384,0.00207950671468527,-9.946294728660273,1.252290886350437,0
4690,0.4407134881534073,0.0798428677502072,0.1753364311423918,0.0008932160690389355,-10.660685768426895,0.5378998465838158,0
15323,0.4288327779394891,0.0920942373891961,0.20998752401579,0.0011363808237665727,-10.514250556616027,0.6843350583946837,0
7498,0.438486587359343,0.0986231387806031,0.2038684137185069,0.0036560476929217768,-8.996892697370182,2.2016929176405284,0
15235,0.4366314905981491,0.0710323370139058,0.1619003702778189,0.0014003450370991975,-10.355289791380345,0.8432958236303651,0
8073,0.4366586838100983,0.0586896949558308,0.1586851537032442,0.006542012426212124,-7.258948160665354,3.9396374543453563,0
24411,0.426647168894303,0.0989176824487242,0.2386792918731983,0.002795672060137444,-9.515015844636325,1.683569770374385,0
9565,0.4375660346772809,0.0752001998739943,0.1823495206223821,0.0016590143634214948,-10.199517637511226,0.9990679774994842,0
7715,0.4267335786964789,0.0936119765098621,0.2082624374184797,0.0017594175798197973,-10.139054243972776,1.0595313710379344,0
1722,0.4359857379427838,0.0859910889264208,0.1656864049601183,0.002223027193264924,-9.859865872210461,1.338719742800249,0
22366,0.4399617552985747,0.0900422800235822,0.2072140136327727,0.0031393650302686516,-9.308041964168156,1.8905436508425542,0
9515,0.4271226975244165,0.0609617662799972,0.1608199122423637,0.006945370250504127,-7.016043762361708,4.182541852649003,0
16375,0.4311030115719511,0.0944983192664401,0.1971360204916932,0.0015443617284623616,-10.268562112742515,0.9300235022681953,0
6894,0.4362791463554324,0.0846278934455153,0.150824025062422,0.005102277063888147,-8.125965064367747,3.072620550642963,0
22053,0.4335362469460582,0.0813938049060263,0.2005611231234398,0.0016883246478552247,-10.181866815894017,1.0167187991166937,0
5688,0.434702448715899,0.0929029689012326,0.1945940156837993,0.0010500473253537937,-10.566241085180122,0.6323445298305881,0
10324,0.4292092950059126,0.074908245792231,0.1770569224602573,0.002305162687493118,-9.810403405875784,1.3881822091349267,0
23685,0.4291366147245888,0.1067931287948079,0.2499159111904895,0.003775896124659219,-8.924719283479135,2.2738663315315755,0
251,0.4363078498778511,0.0852890816881766,0.1962748790232132,0.0006438783807968682,-10.810838356251784,0.38774725875892635,0
11946,0.4327282093935345,0.0992004766737272,0.2021435405948176,0.002789637711734489,-9.518649763900312,1.6799358511103986,0
23055,0.434914815550509,0.0840070763340074,0.1880885549082603,2.5956819179703658e-05,-11.182954269428684,0.015631345582026057,0
20052,0.428830998226856,0.0754782457801899,0.1692735575488439,0.0025493831504586817,-9.663332440501023,1.5352531745096876,0
22908,0.4309441673727496,0.0910634597981048,0.218909129070595,0.001836948756712039,-10.092364523980757,1.106221091029953,0
7379,0.4282921176205974,0.086595068338986,0.193027268223096,0.0011753249597365623,-10.490798174275731,0.7077874407349789,0
6855,0.4351084016014553,0.0766526637229684,0.1937686295502111,0.002556670220587697,-9.658944125019126,1.5396414899915847,0
6805,0.4394460017308268,0.0772026832270314,0.1731981747561564,0.0007187825102605422,-10.765730659308584,0.4328549557021262,0
10594,0.4266439705533335,0.0810255958439511,0.1882394977131747,0.002305156716516356,-9.810407001632282,1.3881786133784288,0
13147,0.4095815250301269,0.1181063177369373,0.2800153645667724,0.009353885424691804,-5.56562209217804,5.632963522832671,0
24535,0.4310776931725565,0.0947415753955595,0.2143936433633667,0.0012505203197462108,-10.445515096625186,0.753070518385524,0
9994,0.4249491096774058,0.0919428229568164,0.1924346048985519,0.0036382626888874442,-9.007602928940303,2.1909826860704076,0
2128,0.4409960999903602,0.0774512823913354,0.1932058384538221,0.004110998866999696,-8.722918487520882,2.475667127489828,0
11036,0.4256018971239447,0.1038667817198915,0.2081176338857616,0.005668647682990436,-7.784893424834332,3.413692190176378,0
7373,0.4323110352936173,0.0893325311614061,0.187005457525326,0.000792013411578634,-10.721630589964132,0.4769550250465784,0
18010,0.4266442465209726,0.079608901217443,0.1848404440339883,0.0025294367574685193,-9.675344272913367,1.523241342097343,0
7380,0.4317078112676115,0.1081955274211787,0.2425473830066757,0.004412615506635521,-8.541283214924634,2.657302400086076,0
23010,0.4347024318539996,0.0797379994929416,0.1819180971531739,0.000214350097369066,-11.069502755345967,0.1290828596647433,0
18259,0.4336217764379633,0.054085308094233,0.127942429289608,0.006619425763363244,-7.212329404442201,3.9862562105685093,0
5732,0.428931647628523,0.093390815419315,0.1905794683192685,0.0025380925208884496,-9.67013172247117,1.52845389253954,0
11759,0.4326712415863719,0.0776419015081643,0.1899098660939422,0.001466714450904875,-10.31532174922192,0.8832638657887912,0
15375,0.4259076946149611,0.0887066880142138,0.2237465113747655,0.0035529636035185937,-9.058970528028631,2.1396150869820794,0
9715,0.4279626367468734,0.0760890428598317,0.1945049522973525,0.003713276271319457,-8.962429318790972,2.236156296219738,0
6944,0.4407711295373465,0.0733997391467156,0.1582779482810749,0.0012635301500677502,-10.4376805020891,0.7609051129216109,0
2180,0.4357480471413424,0.0830975801889404,0.1932169986623468,0.0005247314519574906,-10.882589321068831,0.315996293941879,0
12914,0.4391098928750517,0.0694936214715873,0.1580959507797641,0.0017332398017970436,-10.15481865223907,1.04376696277164,0
18064,0.4291380297732358,0.0752073524910723,0.1890780484527235,0.0030293655212548292,-9.374284300231919,1.8243013147787916,0
11462,0.4411351751361747,0.0770568451800619,0.1336992737442359,0.005274865560754296,-8.022031280365944,3.1765543346447664,0
7213,0.4349790206173781,0.0881062304568438,0.1855158195611524,0.00039219236521109566,-10.962405120289677,0.23618049472103309,0
22111,0.4329341360707324,0.0715203562690201,0.153914790036222,0.002457284229506803,-9.71879493962943,1.479790675381281,0
5361,0.4290691609501529,0.0918342609878348,0.1945900795709118,0.0015158381636893089,-10.285739167261873,0.9128464477488372,0
6040,0.4441061018770588,0.0790585864372006,0.1701610912165922,0.0021670659284850962,-9.89356606725072,1.30501954775999,0
9249,0.4250666179969263,0.0847963731041212,0.2120675080857691,0.003570948803943322,-9.04813973704247,2.15044587796824,0
12491,0.4304705721451054,0.0938635278233403,0.19260235509693,0.001949967336242031,-10.024304086313403,1.174281528697307,0
10452,0.4332091039270886,0.0868704594269151,0.184884889317881,0.0003352933414788171,-10.996670039156724,0.20191557585398634,0
18344,0.4391252533389766,0.0777721775553829,0.1553610334316116,0.001478442797222712,-10.308258871712523,0.8903267432981874,0
16198,0.435048659463026,0.0940486158725552,0.1779002691489294,0.0037038746921875566,-8.968091003738195,2.2304946112725155,0
12402,0.4327448366896529,0.0953514237918942,0.2405837893940653,0.004817639644168569,-8.297375353217467,2.901210261793244,0
2019,0.430309925104969,0.0784452088855361,0.1496440288288794,0.005272928496574349,-8.023197791539816,3.175387823470894,0
4457,0.4351399981620343,0.0762351027713042,0.1766977741975841,0.0006391303718943407,-10.813697634481066,0.3848879805296441,0
3839,0.4326494727253936,0.0808727816068072,0.1868552747216035,0.0003952964670597586,-10.960535812329317,0.23804980268139353,0
12626,0.4415540702906975,0.0796067800142767,0.1646082767898529,0.001199745244065521,-10.476092138805262,0.7224934762054485,0
1188,0.4334869889990981,0.0770462893338605,0.1748932411551085,0.0006302060617018518,-10.819071905331983,0.37951370967872755,0
24418,0.4302017373251819,0.0844948845072275,0.2136615939802537,0.0028505655923601286,-9.481958644274048,1.7166269707366624,0
3090,0.444245612285403,0.0653578496153503,0.1564867143596499,0.004213268243970987,-8.661331281367875,2.537254333642835,0
8199,0.4280092787662216,0.1064386726768518,0.2417143029941197,0.0032094192639814567,-9.265854902299454,1.9327307127112565,0
20944,0.4389208879440641,0.0869805254510516,0.2015724175928373,0.0020142932307857376,-9.985566663190625,1.2130189518200858,0
19872,0.4495884703171854,0.075198598391146,0.1489217193303278,0.004391080077939947,-8.554251973764732,2.6443336412459786,0
11414,0.4263562954408488,0.0965328764515287,0.2233302691868053,0.0020376229214256656,-9.971517389503052,1.227068225507658,0
15576,0.4210688305164766,0.083938455732326,0.2254961356266374,0.00783055913276115,-6.482977933758711,4.715607681251999,0
109,0.4347922787680084,0.0994143769953298,0.2383800266658452,0.0044868087817122974,-8.496603598575716,2.701982016434995,0
5088,0.4355333421352544,0.089525124807693,0.1730715403484203,0.002329576902558717,-9.795701025350565,1.402884589660145,0
21545,0.4411209115435676,0.1030800800033305,0.1966527024263861,0.007667870726287937,-6.580949826468908,4.6176357885418025,0
20978,0.4305632111902359,0.1016310616985647,0.2342105801630205,0.0027290172672000033,-9.555155743746854,1.6434298712638569,0
524,0.4303286501650838,0.0913321302208916,0.2300437577771728,0.003498877212162149,-9.091541663525787,2.1070439514849237,0
20178,0.4277299192328248,0.0972526278493562,0.2322765658989114,0.002393911100257702,-9.756958602019992,1.4416270129907183,0
268,0.4308733726262796,0.1067393798142024,0.2294787603387374,0.003962412416489454,-8.81239810136156,2.3861875136491495,0
6024,0.4319137361945888,0.0845777732593248,0.171770036042826,0.0016715619355095652,-10.191961417538119,1.0066241974725916,0
3350,0.436267896140133,0.0838521272376305,0.1687772901969639,0.0010202777660506966,-10.584168484761316,0.6144171302493948,0
5685,0.4293227850737208,0.1109242982406728,0.2337963172974287,0.0052641073132695575,-8.028509958786696,3.1700756562240144,0
23367,0.4498537330050241,0.0641424524042997,0.1250840139508175,0.004483414004543284,-8.498647952883362,2.6999376621273488,0
1295,0.424446721895601,0.1080460460186443,0.2426777952719508,0.00346462969125204,-9.112165717304,2.08641989770671,0
10196,0.4202808354600455,0.0946543319225126,0.2133302958038796,0.004558255094977022,-8.453578218406028,2.7450073966046826,0
8456,0.4287097284157252,0.106106433766715,0.2280109840194205,0.0035865857971925565,-9.038723049903327,2.1598625651073835,0
3266,0.4389935630895848,0.0811489126486518,0.1889007615993128,0.0012243442760422392,-10.46127846047475,0.7373071545359604,0
11990,0.4295185786832182,0.0978605944358926,0.2447078775282057,0.00403989421462606,-8.765738117539772,2.432847497470938,0
17354,0.4347294909279789,0.08273273858705,0.1714685011408726,0.0006443405978333866,-10.810560006497845,0.3880256085128657,0
5309,0.4479038969994787,0.0684365593424203,0.1327366071608956,0.0038013330866774344,-8.909400998865337,2.2891846161453735,0
13192,0.4278733999597723,0.0900524017798657,0.1975830907037615,0.0013854774223198128,-10.364243154386346,0.8343424606243648,0
13868,0.430896912017518,0.0932542604125137,0.2000498578646304,0.0010320744358746827,-10.57706446244413,0.6215211525665811,0
13066,0.4393385380461936,0.1051538913581629,0.2214442462504361,0.006855156926624572,-7.070370744104032,4.128214870906678,0
6170,0.434292826642511,0.0924497282225569,0.2264270933877977,0.0034232593802005825,-9.137079156212065,2.061506458798645,0
11275,0.4270606306720563,0.0976654705019596,0.2145004655387059,0.0020754802152463145,-9.948719509746908,1.249866105263802,0
21284,0.4442882770368968,0.076481286945923,0.1375739114370656,0.004122619317793613,-8.715920585315644,2.4826650296950667,0
14864,0.4299637983572581,0.079824553608149,0.1946960766605354,0.001694873069910495,-10.177923318524241,1.020662296486469,0
16102,0.4459383740640282,0.0721311647956898,0.1532138219632644,0.0028918676118333915,-9.457086330946575,1.741499284064135,0
24797,0.4363904549373152,0.0659117706095338,0.1604703159532279,0.0030004265909513994,-9.391711490259146,1.8068741247515643,0
13999,0.4388436302125094,0.0739045901570013,0.1577816927850168,0.0010608350821654287,-10.559744636073239,0.6388409789374716,0
12423,0.4288783365354203,0.0969240015336636,0.2147255577959815,0.0016186805402621594,-10.223806897458026,0.9747787175526845,0
15559,0.4265852446198533,0.072629848641787,0.179471500989853,0.004138740476518541,-8.706212330946437,2.492373284064273,0
14366,0.4340488581459085,0.0835460814072544,0.1975249045710435,0.0007062737101165294,-10.77326353059431,0.4253220844164005,0
20711,0.4361592613764107,0.0767271610345525,0.1664900280104655,0.0005433885488127325,-10.871353910193463,0.3272317048172475,0
20425,0.4321795754511883,0.0957831226432368,0.2159349780855237,0.0014860408728933217,-10.303683266907349,0.8949023481033613,0
364,0.4328498866566255,0.0870334814439104,0.1854089056920219,0.00037758474471683755,-10.971201913244007,0.22738370176670308,0
9047,0.4395439662365404,0.0831409814665844,0.1822253490748454,0.00066511631185408,-10.79804875219806,0.40053686281265044,0
7961,0.4388726864564857,0.0883539739826089,0.218642334122534,0.004968899133350858,-8.206286020137014,2.992299594873696,0
12248,0.4268679856409876,0.0961221129587607,0.2141300453057264,0.0018753775552145878,-10.069222480822978,1.1293631341877326,0
13710,0.4251441232534129,0.0853126976935046,0.2240612162719406,0.005289278532033234,-8.013351706286965,3.1852339087237453,0
8960,0.4463036486665936,0.0737408400289957,0.1636325071845558,0.0035020130131909787,-9.089653266137079,2.1089323488736316,0
12719,0.4366313903990848,0.082864042438527,0.1898223772738502,0.00040201201525629513,-10.956491670637453,0.24209394437325749,0
16357,0.4332372323945156,0.078426442269714,0.1598552820856949,0.0019224992795392115,-10.040845507811003,1.1577401071997073,0
7477,0.4402338349402451,0.1040481805955412,0.2024576158551006,0.007376322147258548,-6.7565220551463145,4.442063559864396,0
23702,0.4356088684711564,0.0894809496062955,0.225307732984817,0.004521809670382007,-8.475525862406021,2.723059752604689,0
12147,0.4328358077598153,0.0828907955984456,0.1720846970240282,0.000999340541146992,-10.596777001842419,0.6018086131682914,0
21296,0.4462922005732917,0.0797813467907634,0.1547780124229608,0.003387986815180487,-9.15832049744022,2.04026511757049,0
24298,0.4385911804390575,0.0882839598209163,0.1871613066321945,0.0008798398759794634,-10.668740988707814,0.5298446263028964,0
24269,0.4337067775769045,0.0799574887897094,0.1788024879709419,0.00023765146459560715,-11.0554705381806,0.14311507683011016,0
3212,0.4278467604043081,0.105395730697325,0.2249763998519721,0.0035592360117923253,-9.055193247743267,2.1433923672674435,0
19404,0.433782271566461,0.0596278233654681,0.1472262101322583,0.0049303498248074035,-8.229500635133526,2.9690849798771843,0
21221,0.4328389752573394,0.0912659321174645,0.1828921752986221,0.0017946521569672436,-10.117835779259698,1.0807498357510124,0
4828,0.434229996138548,0.0967277681283103,0.2152784307145337,0.0019338707166000697,-10.033997563105917,1.1645880519047935,0
2625,0.4399280006391672,0.0848979761113098,0.191848754776991,0.0014389307312791847,-10.332053264744548,0.8665323502661622,0
14392,0.4369779201930251,0.0760685589794502,0.1902194723072914,0.0024835193380708703,-9.702996006581902,1.4955896084288085,0
12993,0.4432440656262097,0.1021694991556538,0.1946736398155664,0.008390865264300697,-6.1455583634643975,5.053027251546313,0
5593,0.4480680493546245,0.0686499292692043,0.1390013838597165,0.0036868623228874246,-8.97833595023408,2.220249664776631,0
22345,0.4232402308428167,0.1054004579156379,0.2226014978697198,0.004701279355517025,-8.367448187309511,2.831137427701199,0
11589,0.4282985671112643,0.0961711726922964,0.2279526014927695,0.002116961793578263,-9.923739065043515,1.2748465499671955,0
7014,0.4379322675199551,0.0757105898558579,0.1756138552703833,0.0008566571016456871,-10.68270178855207,0.5158838264586407,0
23607,0.4392380191662092,0.0553332077496976,0.1379263876167128,0.0055154042163229056,-7.877177520550532,3.3214080944601783,0
21268,0.44128417945964,0.072806554680952,0.1356565270114297,0.0035200887214148517,-9.07876797083448,2.11981764417623,0
1219,0.4355164580444298,0.0896196046509908,0.1753312200831011,0.0019757959311835086,-10.008749958104039,1.1898356569066717,0
11779,0.4204639585078257,0.1203643974454452,0.2947049583887182,0.007978631396439409,-6.393807966181266,4.804777648829444,0
14101,0.4433957989059496,0.1018509531592994,0.1998544663232456,0.00807437928584339,-6.336148037294698,4.862437577716013,0
9665,0.4263154762979206,0.0870493413825625,0.2131373677285237,0.0025777534569812227,-9.646247678980297,1.5523379360304137,0
17709,0.4223729139905346,0.0881763484639276,0.2213597104744953,0.0045886090004012845,-8.435298922234724,2.7632866927759867,0
8774,0.4199345205868949,0.0887561484988434,0.2228260122110738,0.00571290417013914,-7.758241914104974,3.4403437009057365,0
14789,0.427233341918886,0.1010398739803892,0.2254958481967966,0.002342879047746555,-9.787690397123207,1.4108952178875036,0
16596,0.434527452766957,0.0953103088976858,0.2211475994317586,0.0024033944060564594,-9.751247700804626,1.4473379142060843,0
16671,0.4322641847527934,0.0901399067647235,0.1930498569573195,0.0005483391999546107,-10.868372599643854,0.33021301536685677,0
21387,0.4325155269579752,0.0810333868515573,0.1705276919061994,0.0010282072948251673,-10.579393276993436,0.6191923380172746,0
8248,0.4377548252649829,0.0838777731031884,0.1772601659959529,0.0003159386109619035,-11.008325569029715,0.19026004598099533,0
5725,0.4378790144892511,0.0706214293039511,0.1645755135453506,0.001580407621407573,-10.246855068996574,0.9517305460141365,0
20715,0.4275985847139337,0.1091171405814624,0.246353829375182,0.0037242610230483,-8.95581423821359,2.242771376797121,0
24570,0.4409818002246773,0.0757218716344523,0.1771895945368395,0.0018358974716997534,-10.092997613852766,1.105588001157944,0
15818,0.4169429149576366,0.0980305780752939,0.2358342983078942,0.00565735533070697,-7.791693744232283,3.406891870778427,0
4321,0.4349807101948557,0.099254949094126,0.2307756157150315,0.003647407984208286,-9.002095579575958,2.1964900354347527,0
5993,0.4439484673279583,0.0600708464783587,0.135144517703156,0.004013670397401764,-8.781530250877642,2.417055364133068,0
21274,0.4419102051228267,0.0809712817271701,0.1736232116900991,0.0012577966765372546,-10.441133232776943,0.7574523822337671,0
7548,0.4309132625046822,0.0909978340071516,0.2129669485812997,0.0011737291829960054,-10.491759160193563,0.706826454817147,0
7073,0.4351342711441934,0.0659508470759852,0.1506909376501309,0.0028433385678364458,-9.486310799947567,1.712274815063143,0
3993,0.4365939910909583,0.0762115761259433,0.1520782257284136,0.00195562601142488,-10.020896399620085,1.1776892153906253,0
1757,0.4335434585222178,0.0916536946264011,0.1805358400732983,0.0022048750619576563,-9.870797189932784,1.3277884250779266,0
681,0.4358921124910876,0.0829241713764442,0.1663128220932817,0.0011802550787347289,-10.487829228300983,0.7107563867097273,0
1393,0.4370070662574117,0.0820003371841885,0.1816010848441245,0.00011029334047266186,-11.132166331954938,0.06641928305577238,0
7245,0.428799376387629,0.1088182572434874,0.228988661444712,0.004666911145419013,-8.388144920809808,2.810440694200903,0
4758,0.4364361666560688,0.0916478458821836,0.1871091472449741,0.0012945057363454614,-10.419026826137488,0.7795587888732225,0
1867,0.4397337188950069,0.0848324447859307,0.1620391120669418,0.0023360227953251396,-9.791819271707368,1.4067663433033424,0
15568,0.4263605157281586,0.08317693302336,0.1967556655937091,0.002227738937529786,-9.857028432754252,1.3415571822564587,0
3670,0.4367775395113678,0.086788032306504,0.1631357295205672,0.0029728457645634893,-9.408320822308752,1.790264792701958,0
23197,0.434463434475186,0.0853085413126295,0.2130200340297845,0.0028758248105069995,-9.46674739804037,1.7318382169703401,0
13568,0.4280765919970617,0.0877549225028727,0.1683718127191894,0.005217975546558508,-8.056290773638374,3.142294841372337,0
13025,0.4323729441738272,0.0832777626195325,0.1706736847417683,0.0013974551334181072,-10.357030107974037,0.8415555070366736,0
20116,0.4403607688795824,0.0851644684444647,0.1889736193805303,0.001356292272620553,-10.381818619147799,0.8167669958629116,0
6445,0.4368009402548731,0.0917156371338737,0.1998731400041679,0.001135353364995667,-10.514869298188641,0.6837163168220695,0
11107,0.4266418687638162,0.0819080976622451,0.219927102447958,0.005954022010073754,-7.613039366138054,3.5855462488726566,0
21429,0.4359165782672985,0.0892659479478043,0.1842939635709322,0.0007622048603384846,-10.739581470713752,0.45900414429695857,0
8884,0.418076819336434,0.1238127646094027,0.2929866869471211,0.007994971516959291,-6.383967851761625,4.814617763249085,0
13765,0.4280106230317073,0.1127545655902356,0.2301495814012867,0.006680077169373763,-7.175804779416978,4.022780835593732,0
19831,0.4365977785257841,0.0667640738505679,0.1552077842649067,0.0024353811061256893,-9.731985126320858,1.4666004886898527,0
21318,0.4465658754581279,0.0763783355746736,0.1441640212321065,0.003605060203688478,-9.027597656211546,2.1709879587991647,0
10799,0.433091823867845,0.0845236872751484,0.1833604961952091,0.00017649850562825238,-11.092297201276887,0.10628841373382336,0
21753,0.4353748131460002,0.0813683339617376,0.1980637279011347,0.0015193545618310503,-10.283621572105972,0.9149640429047388,0
280,0.4392429971506815,0.0790640967888441,0.188329122258118,0.001743367019982405,-10.148719983286453,1.0498656317242574,0
339,0.4388135145347462,0.0734083744669209,0.1313533362209208,0.005004668507248189,-8.184745497749777,3.0138401172609335,0
3806,0.4412676237107155,0.0711946309480395,0.1331863096121822,0.0036310271924416266,-9.011960186453987,2.1866254285567237,0
17621,0.4199140288821173,0.0968822076299683,0.187929046020974,0.00965876345305496,-5.382022792559786,5.8165628224509245,0
3774,0.4394592320576521,0.0770790650357293,0.1759207152545421,0.0008961927789604644,-10.658893176616676,0.5396924383940345,0
11099,0.4492564358457394,0.0706111263567934,0.1350732317321941,0.004158831599338221,-8.694113341399563,2.5044722736111478,0
11427,0.4297562237753716,0.0877849677811084,0.2112106417823286,0.001506258704119684,-10.291507972830274,0.9070776421804361,0
10616,0.4253968519567357,0.099190302391844,0.2432342820135921,0.00325785008882633,-9.23668958143592,1.9618960335747904,0
10114,0.4345967567101441,0.0858832300781685,0.2114019536620993,0.002387731528901171,-9.760679975380649,1.4379056396300616,0
24755,0.4304333939172595,0.0950007159366246,0.2046997811860832,0.0012899497831548264,-10.421770447314078,0.7768151676966326,0
12878,0.4418237415654569,0.0796645738735639,0.1890509510787186,0.002914378835234036,-9.44352994293102,1.7550556720796902,0
19225,0.4517179627951265,0.0611265133136563,0.1270149433530246,0.005304360507143812,-8.004269254258432,3.1943163607522784,0
4324,0.4385233482865811,0.0929709372127281,0.2086737271995015,0.0025766312333987767,-9.646923488466662,1.5516621265440484,0
9884,0.4218715201631453,0.0925256345014534,0.2085182343382793,0.0038326047346705933,-8.890569032848378,2.308016582162333,0
13378,0.4238108748970908,0.135542419688988,0.3343159489853653,0.01888728731037525,0.17544727444063754,11.374032889451348,0
23424,0.4433958705315741,0.0511605985882667,0.1187355591796792,0.0060566272909313495,-7.551249876735592,3.6473357382751184,0
5805,0.43361219839294,0.100667938905277,0.2128652957644111,0.0027931663670700234,-9.516524787391914,1.6820608276187965,0
21641,0.4460932760222849,0.0706041684416675,0.1609447022158016,0.003820458974024762,-8.897883279663334,2.300702335347376,0
15713,0.4120517279207701,0.1169169235774777,0.2764546901067635,0.007872414476892936,-6.457772405144089,4.740813209866621,0
5488,0.4305516185671266,0.0789588078655532,0.1931388433830109,0.0016854242469838332,-10.183613453955994,1.0149721610547164,0
18878,0.4261447595408758,0.1026561339490208,0.2587703081573938,0.004735253477072552,-8.34698877619278,2.8515968388179296,0
20314,0.4394570278404375,0.088916445835362,0.1921138050448695,0.0013606661973286566,-10.379184616568793,0.8194009984419175,0
2158,0.4489330828811976,0.0820041261445339,0.1758813783779819,0.005876571639864715,-7.659680423881369,3.5389051911293414,0
21618,0.4444047222807757,0.077006649706869,0.1805704725417733,0.003784658985788588,-8.919442238181244,2.2791433768294667,0
21407,0.4382739587224526,0.0755710614393287,0.1809044059412107,0.0014901375671451255,-10.301216214101283,0.8973694009094277,0
17921,0.4305115241409852,0.0907022963803406,0.2214841197635326,0.002247852752423342,-9.844915777910167,1.3536698371005436,0
23792,0.437793576215187,0.0658873026228211,0.1409167039213588,0.002845244592966004,-9.485162980668099,1.7134226343426118,0
4962,0.4311636986815344,0.0933287250749099,0.2244649811405442,0.002224063299083274,-9.859241923336215,1.339343691674495,0
10239,0.4344744080664477,0.0821925411215134,0.1736323646044796,0.0004021623771506413,-10.956401121841138,0.2421844931695727,0
19070,0.4352902651682831,0.0863097936474235,0.159323640518931,0.003913721403598331,-8.841720108960827,2.3568655060498838,0
24486,0.4344097195444354,0.0930451365721024,0.2102113024296888,0.0012792335678841872,-10.428223813694105,0.7703618013166054,0
17756,0.4344037974244644,0.0743414545243917,0.1666410567396641,0.0009922038740003303,-10.601074743784567,0.5975108712261434,0
16610,0.4346491214441071,0.0928740469883248,0.2024633060944814,0.0009265292099468212,-10.640624403652236,0.5579612113584744,0
14687,0.4243759504249352,0.0976285280134657,0.2438561249763964,0.0037709190285903195,-8.927716519315672,2.270869095695039,0
15445,0.4263697781020097,0.0765430360265458,0.18423946084994,0.0032834193745754445,-9.221291610711429,1.9772940042992815,0
16334,0.4366051385808941,0.0816766977745658,0.1700326381561646,0.0004660178112555307,-10.917947012696505,0.28063860231420534,0
6969,0.4313805252411703,0.0988329481080185,0.199478320715138,0.003007754209575721,-9.387298756240503,1.8112868587702078,0
11920,0.4368767556151121,0.1075225672013406,0.2444397027226608,0.006826877640084287,-7.087400692868709,4.111184922142002,0
14619,0.4255487917698768,0.0949643036853039,0.2082527202409211,0.002373868585812923,-9.76902831932434,1.4295572956863705,0
9241,0.4221696788557729,0.0808609317681716,0.1924828926715721,0.004720925537171713,-8.355617143887526,2.842968471123184,0
18867,0.4263975313773246,0.1046306497683837,0.269673318866138,0.006448445298760155,-7.315294822180137,3.8832907928305733,0
11750,0.4402242936752945,0.078331640160899,0.1925461183706485,0.0031922470773736457,-9.276196091695866,1.9223895233148447,0
20074,0.4293352577412743,0.0698643267839734,0.1807602129018476,0.004457279441602333,-8.514386336779207,2.684199278231503,0
18813,0.4230841282658504,0.0964805926225747,0.2337469249915371,0.0032650786614879996,-9.232336493464814,1.9662491215458964,0
26,0.4370702913661534,0.0795840824438233,0.1338589537408067,0.007412553524033427,-6.7347033119729,4.463882303037811,0
3258,0.4352894556747455,0.0829322221547459,0.192228697438788,0.000396210077260062,-10.95998563101976,0.23859998399094984,0
8950,0.4359343256408922,0.0570829671180742,0.1463916778566985,0.0056428315435190736,-7.800440052288061,3.3981455627226493,0
14088,0.4438647920045524,0.079502107446267,0.1759767243473339,0.002385762693302127,-9.761865619485567,1.4367199955251433,0
24892,0.4323253185427904,0.0857932938144879,0.1698451282825989,0.002219106293305663,-9.862227060683958,1.3363585543267522,0
12765,0.4417256718152688,0.0825961761019128,0.1741627881034138,0.001267392247619722,-10.435354724762979,0.7632308902477316,0
19091,0.4426817650476246,0.0743510260629342,0.15849505999617,0.0016182588039479725,-10.224060869488493,0.974524745522217,0
13537,0.4400331313300227,0.0905012084633485,0.1909560605888482,0.0018246039979618889,-10.099798608596997,1.0987870064137137,0
22953,0.4400099502864102,0.0818968168332709,0.2001677225867664,0.003439053433749202,-9.127567886458623,2.0710177285520874,0
5004,0.4442464586335166,0.0875563605843327,0.1935662253421727,0.004184276274867305,-8.67879041166522,2.51979520334549,0
14151,0.4463586098816957,0.0678180671577944,0.1392354864488428,0.0032474650209157662,-9.242943528973905,1.9556420860368053,0
10190,0.4301286080697529,0.0581965505714549,0.1436692546398567,0.00623465139838614,-7.444042736820179,3.7545428781905317,0
6826,0.4321331952751619,0.1144601821252792,0.2621750777249775,0.0070096041961661675,-6.977361711383538,4.221223903627172,0
18275,0.4233640642855427,0.080737186282746,0.1862693213332852,0.004112023692538604,-8.7223013316957,2.4762842833150103,0
8693,0.4287456106759085,0.0870060234357599,0.1743427435887255,0.0032376227175399653,-9.248870620591918,1.9497149944187928,0
17880,0.4366320213491305,0.0944148560842784,0.1909198226809803,0.0020263507865982086,-9.978305533832884,1.220280081177826,0
9279,0.4494844432352133,0.064906728164808,0.1120784494976221,0.0057489358385716715,-7.736543436442261,3.462042178568449,0
19593,0.4280005132081194,0.0721610328921058,0.1667911709602077,0.003465433138823516,-9.111681876562196,2.0869037384485143,0
16235,0.4314754154303073,0.0958034068068842,0.2025694422718906,0.0015042165503505078,-10.292737769558318,0.9058478454523922,0
10513,0.427556636620783,0.0776119211719321,0.1819394356592061,0.0024497396626877482,-9.723338321096891,1.475247293913819,0
5274,0.4449870656518589,0.0795061208590309,0.1477666528435176,0.0035729690498485477,-9.046923133355916,2.1516624816547942,0
6762,0.4314137543592563,0.0815393214436202,0.1728136159629006,0.001180020893578183,-10.487970255947198,0.710615359063512,0
22617,0.4456579113495212,0.066565695007044,0.1332561292507175,0.0033442820830103404,-9.18463973815272,2.0139458768579903,0
16249,0.4344381572332217,0.0621342321855294,0.1595797473356856,0.00478794954983597,-8.315254898537052,2.883330716473658,0
12464,0.4241010440045117,0.1084924278121184,0.2564530330395164,0.0037038318611324617,-8.968116796845555,2.2304688181651553,0
1028,0.4593828457344386,0.041648554537335,0.077826210944096,0.011228005960387127,-4.437015942363968,6.7615696726467425,0
23090,0.428663242936853,0.0847680251915634,0.1914744515794835,0.0010815272401891005,-10.547283699674729,0.6513019153359814,0
227,0.4285122887771123,0.1005753237287088,0.2385242766706889,0.002716775454685845,-9.56252783354855,1.63605778146216,0
2693,0.4407305944704501,0.07554409569856,0.145897895348896,0.002412756307322355,-9.745609910096185,1.4529757049145253,0
5724,0.4374058238264556,0.0695384622726291,0.1530867510025954,0.0017686763454213157,-10.133478562153739,1.0651070528569715,0
19956,0.433980545866198,0.0697282413439269,0.1544661210200656,0.0022694569837883537,-9.831905585707394,1.366680029303316,0
24146,0.4298176778371775,0.0816601936736141,0.2004463354949585,0.0017950985129521902,-10.117566981122106,1.081018633888604,0
22460,0.4452133257241358,0.0851632530834291,0.193607224852698,0.00505032215064124,-8.157252611506097,3.0413330035046133,0
10363,0.4298065566895788,0.0749244217230929,0.1817620195644312,0.0022694183994744223,-9.831928821402837,1.3666567936078735,0
1238,0.4375340647325967,0.0884633726205786,0.1887880256519141,0.0006352376457930778,-10.816041856495472,0.38254375851523825,0
5177,0.4233703402672032,0.1041789407276034,0.218961465898869,0.004704239890591188,-8.36566533608527,2.8329202789254406,0
8910,0.4234016834819242,0.1035778754085121,0.2271510299021004,0.0035284228392033763,-9.073749117238751,2.124836497771959,0
1899,0.4473207636913766,0.068492425553132,0.1396144236488743,0.00346755923590806,-9.110401528687545,2.0881840863231655,0
17889,0.4454942600924594,0.0784369151919766,0.169231042366925,0.002909476989209336,-9.446481862758773,1.7521037522519372,0
20975,0.4357226165969369,0.0937983431523793,0.2068200101956369,0.0014495731383277243,-10.325644346099756,0.8729412689109548,0
13915,0.4251039373187045,0.0873027671901487,0.2131781409950266,0.002919306927208235,-9.440562217641746,1.758023397368964,0
23726,0.4230522945065053,0.0937880377948547,0.2180845659645818,0.0030089342404752747,-9.386588134855783,1.8119974801549272,0
7282,0.4322455241888402,0.0810671605162963,0.1679741835563086,0.0014384266013730044,-10.332356854669307,0.8662287603414036,0
14776,0.4374406813867716,0.0723659648551929,0.1464740304393305,0.0022096887170311866,-9.867898379202312,1.3306872358083979,0
995,0.4427392877057263,0.0802190264338053,0.1692727567877354,0.0015260942582697252,-10.279562888204007,0.9190227268067037,0
4322,0.4369096737303392,0.0936343647727564,0.2157318652535809,0.002666873454365755,-9.592579104732334,1.6060065102783767,0
5933,0.435832153427207,0.0929255832459286,0.1944143330840667,0.0011832211443444593,-10.48604304655646,0.7125425684542499,0
18801,0.4356802743084731,0.0807461354387637,0.1748166917948537,0.00013459389683217625,-11.117532397355275,0.08105321765543572,0
14639,0.4319253204813349,0.1031774182085104,0.2241220475226319,0.0030889067503940804,-9.338428230094404,1.860157384916306,0
8511,0.4350832208058854,0.0829191900201569,0.2008455981888491,0.0014570373976902063,-10.321149326243853,0.877436288766857,0
20335,0.4359933846572839,0.0799573497026313,0.1891100376801708,0.0007670720013084564,-10.73665045046927,0.46193516454144046,0
13756,0.4440212839575141,0.0926924969561125,0.1876154611762684,0.004549528128734092,-8.458833647597158,2.739751967413552,0
4521,0.4315696538538939,0.082104091957032,0.1815469651157612,0.0005012611812720129,-10.896723252867195,0.30186236214351503,0
8279,0.4405252974033071,0.0705572719421124,0.1344798728289042,0.003380737647324263,-9.162685987955767,2.0358996270549437,0
9550,0.4505484890640192,0.0313968245648944,0.075988508952643,0.013973764640877554,-2.783504295869394,8.415081319141317,0
1605,0.4398670587725534,0.0770257923671952,0.1630973506658527,0.0008129984391756269,-10.708993285826596,0.48959232918411466,0
12810,0.4386381948977906,0.0822783231909333,0.1901936894661513,0.0010516656136477784,-10.56526654267553,0.6333190723351798,0
14716,0.4263853842844345,0.1026576369564843,0.2293938764097177,0.002627369579479951,-9.616368565062356,1.5822170499483548,0
11459,0.4480168178438009,0.0679535149298829,0.1313141406043603,0.0038787764496498534,-8.862764160920158,2.335821454090553,0
8221,0.4323218983297773,0.097837805703403,0.2370194989371895,0.003532841628040652,-9.0710880972235,2.1274975177872104,0
12912,0.4354270760025123,0.0811813195187214,0.2032919222542145,0.0025937034763815234,-9.636642485695248,1.5619431293154626,0
14068,0.4304203763593798,0.0747351030375601,0.1717302180164789,0.0018994425242386316,-10.054730418269731,1.1438551967409794,0
20214,0.4390911475072887,0.075905550052008,0.1642321618996425,0.000714150770689783,-10.768519919478532,0.43006569553217844,0
13461,0.4403520351650598,0.0894085752378773,0.1880361245240347,0.0017045214153463494,-10.17211302949158,1.0264725855191301,0
19940,0.4371783078629805,0.0556615075047834,0.1307566267430804,0.005280544668390084,-8.01861128913212,3.1799743258785895,0
10733,0.4261026528393847,0.0870979340953307,0.2022250573584584,0.0019542815319524725,-10.021706052879818,1.1768795621308925,0
18263,0.4253435397257476,0.1022023809953708,0.2575690538851479,0.004576222381269307,-8.442758215413306,2.755827399597404,0
19005,0.4287879685141394,0.0722905894537227,0.1724593920242679,0.0030707533526379014,-9.349360310479534,1.849225304531176,0
6270,0.4312386713063603,0.0827651414520584,0.1866211427728337,0.00044823448969015533,-10.928656231074157,0.2699293839365531,0
829,0.4327811673475093,0.0687437611008591,0.1502323051754097,0.0030305725661391295,-9.373557410870442,1.8250282041402688,0
24060,0.4374731726658724,0.0871305156408697,0.1782997438823157,0.0008061102330130064,-10.713141403137223,0.48544421187348696,0
18418,0.4394807985667938,0.0902818216832721,0.2021643347009629,0.0022287096215329537,-9.856443881272831,1.3421417337378792,0
20520,0.426574962844508,0.0917627426377141,0.1882317258112767,0.003380358224791854,-9.162914478383836,2.035671136626874,0
21727,0.4441596984928315,0.0721423341562375,0.1381844036865806,0.0030728222751960146,-9.348114393433058,1.8504712215776529,0
8980,0.4212367873306241,0.1119009218739697,0.2451785311000791,0.004878093502876537,-8.260969692312369,2.937615922698342,0
21643,0.4272723795288554,0.0868401933729426,0.213772890909247,0.002457290743509539,-9.718791016859571,1.4797945981511393,0
9357,0.4168891799609768,0.1011077762171203,0.2576576583589559,0.006422505442737521,-7.330915952451555,3.8676696625591553,0
14707,0.4240067460834476,0.0892331530775738,0.2067492495933802,0.0027842873794348883,-9.521871764738501,1.6767138502722094,0
17835,0.4427039114726026,0.0794775756137093,0.1543393904844125,0.0022797116603877504,-9.825730160565842,1.3728554544448688,0
22419,0.4353172600357687,0.1024063334912649,0.2222230907463593,0.003801015643823924,-8.90959216477482,2.288993450235891,0
2,0.4422808661118458,0.0740352408056893,0.1599270902902383,0.001528777974365718,-10.277946738958212,0.9206388760524984,0
9903,0.4473331076683733,0.0651578628428456,0.1185716699817685,0.004750227932825031,-8.337971072939187,2.8606145420715237,0
6218,0.4242690067284196,0.1092352406753604,0.237078371343777,0.004190936593708137,-8.674779529408548,2.5238060856021622,0
18443,0.4376908441801588,0.0839560645952662,0.1865431891341339,0.00033151386104964014,-10.998946063977021,0.19963955103368924,0
12153,0.4319537225597818,0.0772932882601008,0.1799818912689157,0.0009531422176707903,-10.624597897560312,0.5739877174503984,0
12052,0.4361709904080938,0.0846966493444886,0.188647817742854,0.00013144380887740475,-11.119429398412835,0.07915621659787497,0
1942,0.4372846494312231,0.0795712269398258,0.1779004198288166,0.0002223455981558739,-11.064687818853375,0.13389779615733488,0
18702,0.4389051294388452,0.0852295628289764,0.1739287852736935,0.0009023563308071267,-10.655181450296864,0.5434041647138468,0
12847,0.4514815749955634,0.0614630448073265,0.127820720862005,0.005210985430207826,-8.06050026184953,3.1380853531611805,0
8371,0.4259198218761602,0.0929505411046672,0.2049595108460615,0.0021131268182130658,-9.926048509232995,1.2725371057777153,0
20027,0.4321060218589296,0.0600538823197751,0.1556113424612503,0.00567334926093664,-7.782062107593605,3.4165235074171054,0
24157,0.4368550196136748,0.0731813426758618,0.1555150912597525,0.0013367754641518078,-10.393571753294209,0.8050138617165015,0
3906,0.4297160169159173,0.0994997948387865,0.2064856588720356,0.0027180805089159063,-9.56174192239618,1.63684369261453,0
7316,0.4306102218835755,0.09044485768019,0.1878383357570678,0.0013923582534922788,-10.360099478337144,0.8384861366735663,0
18302,0.422051953548505,0.0817828273469542,0.1925129868792322,0.0046467636656852065,-8.400277848814032,2.798307766196679,0
8299,0.4456237467747008,0.0727656533552767,0.1661755360607302,0.003603696863976371,-9.028418667215941,2.170166947794769,0
10355,0.4321033153521132,0.066027647773347,0.1617848660364582,0.0036665310764195788,-8.990579543620928,2.208006071389782,0
19704,0.4365963563556941,0.0614151214402489,0.1556734808910725,0.004565141542261896,-8.44943116030168,2.7491544547090303,0
18825,0.4201879293346681,0.0859357413172213,0.2074606044766293,0.005329443319154532,-7.989164240813058,3.2094213741976523,0
12573,0.4368543632211044,0.0733371146973943,0.1862536066133768,0.003002917332515611,-9.390211551384658,1.8083740636260526,0
24073,0.4490320609101674,0.0573563996164868,0.1129803607907577,0.005207158644722223,-8.062804774046484,3.1357808409642267,0
14658,0.4242258643259186,0.1037481276449929,0.2300687607265867,0.0031545426686301645,-9.298901903180509,1.8996837118302015,0
13166,0.4181755629011381,0.1041408988908044,0.2546892961202808,0.0048775839392793926,-8.261276554437032,2.9373090605736785,0
18226,0.4288337784255405,0.0883395181445317,0.1838413551835038,0.0019896941106002214,-10.000380394640981,1.1982052203697293,0
16248,0.4298167442112124,0.0715601825633929,0.1727647885308937,0.0029139437367454767,-9.443791961739635,1.7547936532710757,0
17079,0.4272621877519986,0.0600767795236012,0.1382670889456659,0.007262023417460048,-6.825353406657365,4.373232208353345,0
2622,0.4393682373117604,0.0898545007320137,0.2017378828593554,0.002115765862066694,-9.924459261868108,1.2741263531426021,0
5410,0.4382521279942331,0.0746819723203571,0.1491387449863758,0.0019463079714655902,-10.02650777679779,1.172077838212921,0
5627,0.4416355419775382,0.0663287040680391,0.1509309290509895,0.0026380004107165508,-9.609966617437994,1.5886189975727163,0
11982,0.4255117133457403,0.1034625425020734,0.2417797745544178,0.0028167040610991385,-9.502350252868794,1.6962353621419162,0
6092,0.4331032915584503,0.0914417083318048,0.2324010510396985,0.004515819985529362,-8.479132885023505,2.7194527299872053,0
24743,0.4364671601040323,0.0859561330752839,0.1787127468272265,0.00044511959382808865,-10.93053203925138,0.2680535757593301,0
12871,0.4299719512121231,0.1019478995789146,0.234454100678622,0.002668950210990102,-9.591328469966179,1.6072571450445317,0
3379,0.4375453921642186,0.0788339295154653,0.1729776024070346,0.0002563671337065675,-11.044199854756453,0.15438576025425732,0
23743,0.4533000016151887,0.0616999501493175,0.0987918073561487,0.007655729672321831,-6.588261238894304,4.610324376116407,0
16491,0.4374079969007561,0.0869174812461817,0.2019078541043034,0.0014462998467060348,-10.327615541113103,0.8709700738976078,0
17904,0.4280542143869675,0.1027601202250584,0.2046445786542694,0.004948291584125109,-8.2186960046315,2.9798896103792103,0
6725,0.4383083458616949,0.0823502121438789,0.177664355032938,0.0002790343003025954,-11.030549556853044,0.1680360581576661,0
20898,0.433171103273287,0.0943412601211514,0.1870237826737718,0.0024131171066686325,-9.745392634657758,1.4531929803529522,0
11289,0.4342644712414586,0.0957125793759681,0.2041668631847359,0.0014927662324408554,-10.299633216763567,0.8989523982471432,0
10929,0.4318517753079047,0.0831271692470982,0.211744933561862,0.003053342443059913,-9.359845260219592,1.8387403547911187,0
4158,0.4349580259511783,0.0819904943894771,0.1737300400303819,0.0003137779998448204,-11.009626701452978,0.1889589135577321,0
7624,0.4292830635153041,0.0894849262588554,0.1904131471230573,0.001313143139232409,-10.40780327508293,0.7907823399277802,0
17115,0.4338998453782944,0.0732257490135342,0.1670837957383229,0.0012700077650494594,-10.433779645145673,0.7648059698650371,0
17358,0.4381958478993006,0.0710825337877907,0.173411715359929,0.0022252447153808625,-9.858530467656843,1.3400551473538673,0
24560,0.459790873890304,0.0527498487090981,0.0838068446208794,0.009821221417662018,-5.284189673264833,5.914395941745878,0
6900,0.4390253674536193,0.0802278104194012,0.1756803795167516,0.00041892639676961767,-10.946305732949536,0.252279882061174,0
11799,0.4360413844855136,0.0863891629554924,0.1934828152013958,0.0003113867133277146,-11.011066747926922,0.18751886708378862,0
3531,0.431804835484969,0.0907640739171723,0.1880796559974549,0.001159735675203404,-10.50018613095206,0.6983994840586512,0
14622,0.4353535917794064,0.0702816859692421,0.1788473666429352,0.0031040802238710545,-9.329290677224146,1.8692949377865649,0
24292,0.4420460223498421,0.0842635493894451,0.1758006926250267,0.0015641238102260745,-10.256661273609252,0.9419243414014584,0
8914,0.4242052359564791,0.0884270190958092,0.222797023087332,0.00397830495411806,-8.80282752392955,2.395758091081161,0
15803,0.4212815812384519,0.0801692026577048,0.2014454502258495,0.005868791914677939,-7.664365419068405,3.5342201959423054,0
5196,0.4374270504410849,0.0800552835778386,0.1561576426991415,0.0019174642981720567,-10.043877602506589,1.1547080125041216,0
20228,0.428230197661774,0.0974646059437363,0.2070495932455299,0.0022229130228998742,-9.859934626259983,1.338650988750727,0
22324,0.4288044215134406,0.0850723821542089,0.1801426312348215,0.001825429583522999,-10.099301436230695,1.0992841787800156,0
5519,0.4250662546704742,0.0913913783505074,0.2106773719197572,0.0022334524327174703,-9.853587733139186,1.3449978818715245,0
9215,0.4232005253193702,0.0921490859380093,0.2358684510428254,0.0047068651679617966,-8.36408437897552,2.834501236035191,0
907,0.4428183106812516,0.0852704111146968,0.1821838065593898,0.0021607341727229597,-9.89737908693444,1.3012065280762712,0
7040,0.4322949311483914,0.0839019130451934,0.1738885539106994,0.0010993527395911087,-10.536549081561626,0.6620365334490845,0
2717,0.4315940448009462,0.1011524889032732,0.1893016656143382,0.006279852208399168,-7.4168225494386055,3.781763065572105,0
9706,0.4298750702359645,0.0677922185671137,0.1539379124983353,0.003929877379224584,-8.831990887653687,2.3665947273570236,0
6572,0.4346634264120906,0.0982642685176841,0.2101670549866786,0.002245762381884009,-9.846174611054112,1.3524110039565986,0
3710,0.4409684902510019,0.0857461470289201,0.1697884939755045,0.0018289042616552599,-10.097208965104103,1.1013766499066069,0
10841,0.4319973795389906,0.0956215932004743,0.2227649489882546,0.0019545839344510306,-10.021523944358465,1.177061670652245,0
24665,0.4368447068675526,0.0991981598783211,0.2041588483042747,0.003281249583313146,-9.222598271470863,1.9759873435398472,0
8522,0.4257583076218381,0.0967339494282019,0.2202260628837251,0.0021308350257910405,-9.91538452492994,1.2832010900807695,0
645,0.4366361943613205,0.0865614684441567,0.2007777914268999,0.0010909947816992252,-10.541582291804513,0.6570033232061974,0
853,0.4370079660683889,0.0675604271327087,0.1497343060847651,0.002252543857068716,-9.842090767751348,1.3564948472593628,0
22307,0.4376080477449642,0.0667110989247782,0.1769759739309085,0.005131001770031063,-8.108666881360287,3.089918733650423,0
20602,0.4386667330153413,0.0938132687561768,0.2244668597749496,0.004876723780417732,-8.261794547043483,2.9367910679672278,0
15961,0.4322376644605667,0.0734710685245939,0.1886265510108982,0.0031577264910099254,-9.29698458705848,1.9016010279522302,0
13713,0.4267877990682494,0.0932302014027623,0.2124675384239386,0.0016710795472631636,-10.192251914510495,1.0063337005002158,0
22906,0.4403573428255685,0.0762825373092683,0.1749064394615705,0.0012417252453535163,-10.450811540935256,0.7477740740754548,0
14070,0.434900714102869,0.0805248472651069,0.1938572957454121,0.0010685987932794099,-10.55506928465281,0.643516330357901,0
9498,0.4532513561483619,0.0536439931571926,0.0678094052832384,0.014147452049948049,-2.6789087406269965,8.519676874383714,0
3159,0.4375391385420105,0.0913834732927699,0.1960085237951307,0.0011830188804262398,-10.48616485104963,0.7124207639610809,0
8725,0.4265449233015641,0.0818245581381189,0.188633269600163,0.002249173145322935,-9.844120629722914,1.3544649852877964,0
21745,0.4426130852675781,0.0785407381657766,0.1582980204516319,0.0017346520591438428,-10.153968182754125,1.0446174322565849,0
10112,0.4339093955578467,0.0910731397163992,0.21013380164817,0.0011610589513750384,-10.499389246441824,0.6991963685688862,0
10775,0.4213826412047354,0.0950538495881139,0.2290257526100127,0.003815360363424335,-8.900953692248624,2.2976319227620863,0
16682,0.434002513679384,0.0764848340518992,0.1704513991287987,0.0006844036630779577,-10.7864337985223,0.4121518164884108,0
1659,0.4485396752185875,0.0681195336046825,0.1378923614261675,0.0038545429311043294,-8.877357724963232,2.321227890047478,0
22823,0.4346142555235025,0.0830813589017245,0.190735057210766,0.00020873500616352,-11.072884195517847,0.12570141949286295,0
3526,0.440657027149673,0.073091570428658,0.143198060232337,0.002419952019538978,-9.741276610873806,1.4573090041369046,0
19623,0.4259040318225037,0.0796022427184828,0.2038833644644301,0.004209046548842635,-8.663873610419689,2.5347120045910216,0
4636,0.438628267368339,0.090312973072457,0.1871954811499971,0.0013216780086980344,-10.402663527674319,0.7959220873363915,0
11803,0.4367744168831348,0.0857209906537495,0.1928199519757337,0.0004290647194298671,-10.940200376818368,0.2583852381923428,0
15957,0.4333907034277884,0.091249292026172,0.2110909737826026,0.0011639071511067814,-10.497674044205938,0.700911570804772,0
8866,0.4280640061985089,0.1059898255462703,0.247621356187719,0.003363191971965389,-9.173252094423043,2.025333520587667,0
13951,0.4408450043945706,0.0659654008477905,0.14938151401325,0.0025717338579226163,-9.64987271610441,1.5487128989063006,0
17496,0.4520203570460992,0.0709767211686461,0.1589441772575969,0.007316444913025718,-6.792580469480885,4.406005145529825,0
5979,0.4336704519114369,0.0837994760005552,0.1682228850433393,0.0015266002067668362,-10.279258203113345,0.9193274118973651,0
16063,0.4386170483050419,0.1013135495363503,0.1869065032550534,0.0068774726510791254,-7.056932086676579,4.141653528334132,0
22911,0.4413774649802379,0.0870346872709371,0.1869183209090546,0.0017863161730989866,-10.122855756619359,1.0757298583913517,0
3167,0.4460320678616178,0.0630327767925287,0.1538280772642039,0.005588222556183396,-7.83332589808522,3.3652597169254905,0
8261,0.4281450660086072,0.0978379265093567,0.2303696723268526,0.002200611789513081,-9.873364557083208,1.3252210579275019,0
12968,0.4360218836471117,0.102639549398073,0.2570601278097499,0.008136511633086166,-6.298731580954251,4.899854034056459,0
15821,0.4325992118536648,0.1018104204826089,0.2481031041588692,0.004760154103683392,-8.33199347584152,2.8665921391691906,0
24442,0.4384627837118692,0.0733087220380197,0.1694828830877279,0.0011445910580413264,-10.509306306383763,0.6892793086269471,0
22190,0.4208097864554353,0.0997782556761139,0.2080348508113182,0.005995034271739033,-7.58834154662665,3.61024406838406,0
16413,0.4373908703365545,0.0581492664764191,0.1399245164335617,0.004644085504375048,-8.401890652935895,2.796694962074815,0
11895,0.4289323650854941,0.0937883732033631,0.2117502063272936,0.001234383356994917,-10.455232868269833,0.7433527467408769,0
14541,0.4362773323861529,0.0861062848168981,0.2085277969036982,0.0022686451527018313,-9.832394475050107,1.3661911399606037,0
5079,0.43721142882885,0.0805505098278734,0.1870596241153153,0.0006336281143560796,-10.817011125570495,0.3815744894402151,0
17220,0.426248144199458,0.0813885332281907,0.1883990803253653,0.0024487714662853313,-9.723921374530853,1.4746642404798571,0
5899,0.4365364121764261,0.082441698939346,0.1870824392912909,0.00023841514807118578,-11.055010643605714,0.14357497140499653,0
20721,0.4345121577414379,0.0854262065120946,0.1900867532789438,3.876134502847287e-05,-11.175243310425179,0.023342304585531437,0
7529,0.4325530318553265,0.0928033993359892,0.2143563305874512,0.0013091453972234547,-10.410210738280062,0.7883748767306482,0
16207,0.4336892511367599,0.0887756384863347,0.1966538628599359,0.0002635277572614666,-11.039887686127681,0.15869792888302925,0
15180,0.4396346436276179,0.0682455252033239,0.1645525572100709,0.002631698319823627,-9.613761772767106,1.5848238422436047,0
302,0.4353793464987395,0.0789251413086794,0.1850579242346331,0.0005567483471960541,-10.863308562880677,0.3352770521300332,0
13800,0.428172691176053,0.0893475544613526,0.2256500207498229,0.0033249228863999904,-9.196297957532828,2.0022876574778827,0
22517,0.4382441301703956,0.0771773582922178,0.163258965900634,0.0006661029817292329,-10.797454573932722,0.40113104107798847,0
10326,0.4291952436097514,0.0780911860912266,0.1877349639189057,0.001865692836098178,-10.075054674294966,1.123530940715744,0
18054,0.4323511542905123,0.0618382272618675,0.1482228256672754,0.0045535032306875615,-8.456439818371463,2.7421457966392477,0
19626,0.4244992909853337,0.0767396275830497,0.1647231138181883,0.0052249081777289985,-8.05211590333287,3.14646971167784,0
3937,0.4369141950851276,0.0928734235015868,0.1692090699724751,0.004808215509997858,-8.303050620938595,2.895534994072115,0
5684,0.4373987830235197,0.0845839846568652,0.185340790573397,0.00023111661964382528,-11.05940585934068,0.13917975567003005,0
19948,0.4318500010567225,0.0689904732937504,0.1489513853283753,0.003458829915178787,-9.115658375763873,2.082927239246837,0
20878,0.4407542208724582,0.068109439838354,0.1403572439975538,0.0024989234537229105,-9.693719559669223,1.5048660553414877,0
10725,0.4338263529961116,0.0825031124013237,0.1826570160644721,5.724574512806918e-05,-11.164111898527871,0.03447371648283948,0
14001,0.4386081828116002,0.0548176260837878,0.1021151769337977,0.008440607161912271,-6.115603507051165,5.082982107959546,0
14728,0.4300446351823767,0.1074540507592664,0.2688373227943491,0.006690035678592126,-7.169807707973196,4.028777907037514,0
22264,0.4338058147512443,0.0882465289798353,0.2031131794383015,0.0006254050201312118,-10.821963120138573,0.3766224948721373,0
21255,0.4327365742166696,0.0940577651974704,0.1900103613940773,0.001922648983116487,-10.040755355457009,1.1578302595537018,0
20353,0.4302590829719913,0.094791816341107,0.2073303084112456,0.0011898603998489374,-10.482044848761909,0.7165407662488015,0
5352,0.4390089867185536,0.0755621657903845,0.1676462872395928,0.0007153821308113218,-10.767778387341545,0.430807227669165,0
1945,0.4340422872240056,0.0894784162367378,0.1876725169093981,0.0005725445693571986,-10.853795987176317,0.34478962783439293,0
15610,0.4227223549138557,0.084671616900522,0.1961301927859745,0.00391463826812543,-8.841167967876984,2.357417647133726,0
21410,0.4358266071629138,0.0735619958069273,0.1821385179506114,0.0020469722182743073,-9.96588718924707,1.2326984257636404,0
20233,0.4364419957961407,0.0811108659476584,0.1735933502301983,0.0001815042841905907,-11.089282692678076,0.10930292233263472,0
6435,0.4328870373379122,0.0872580314412437,0.2024718470957028,0.0005856822128162287,-10.845884422834793,0.35270119217591756,0
7701,0.4371590578240978,0.0738960572310463,0.1641363696768148,0.0008383580208391264,-10.693721600106809,0.5048640149039016,0
10110,0.4302154379451315,0.0956358034597604,0.2220218546942964,0.0017045271717992555,-10.17210956292258,1.02647605208813,0
4649,0.435637548448666,0.0917385985255232,0.1878859583513428,0.001193166668096134,-10.480053795035294,0.718531819975416,0
10545,0.4341326186611283,0.0767747230748187,0.1799897608013903,0.0007343119830652583,-10.756378721598628,0.44220689341208264,0
5976,0.4354286843471741,0.0852409686760107,0.1642691635183136,0.0023096081347895613,-9.80772633198332,1.3908592830273907,0
14805,0.441264860238287,0.0656918721977175,0.1451835514853881,0.002612374647153135,-9.625398599426614,1.5731870155840966,0
367,0.4385497409154806,0.0854380783160698,0.159638359211226,0.0029901061423860064,-9.397926523656356,1.8006590913543548,0
13042,0.436801952252033,0.0921463086942331,0.1721178112227072,0.003730072727190152,-8.952314396602302,2.246271218408408,0
13260,0.4341783056412218,0.0674921403408647,0.148623515361483,0.0028717074157470534,-9.469226916811325,1.7293586981993858,0
20124,0.4394519301767743,0.0864416374657477,0.2012555473689168,0.0022890846455891215,-9.820085695047801,1.378499919962909,0
19599,0.4270476408428547,0.072553093151436,0.1699892736012437,0.0037435887346770344,-8.944174979270231,2.254410635740479,0
12929,0.4361378425920033,0.058559081175305,0.1458808170732553,0.0049410701819069544,-8.223044774520341,2.9755408404903694,0
2057,0.436694837463189,0.0840578017620846,0.1814744748056177,9.860204823988663e-05,-11.139206895281506,0.05937871972920483,0
21597,0.4496252939326737,0.0731728572888642,0.1494154371337849,0.0043925614983425605,-8.553359853890367,2.6452257611203436,0
8757,0.4301763922186587,0.0930181968932322,0.2035766501722681,0.0009709098046578032,-10.613898154636114,0.584687460374596,0
22613,0.4438955863088578,0.0853443715650919,0.1736627144336826,0.0026273173377716107,-9.616400025319146,1.582185589691564,0
18168,0.4359752537442689,0.0768489426836459,0.1779247463592742,0.0005590915432598519,-10.861897476753903,0.33668813825680743,0
16696,0.439636433495765,0.0601003754373789,0.1313257023849685,0.003935987254151923,-8.828311485882962,2.3702741291277487,0
7289,0.429553208440378,0.0976910138799822,0.227111918778379,0.0020201791871163667,-9.98202210648482,1.2165635085258906,0
24169,0.4417348256058675,0.0655813145390587,0.1619162854955456,0.004009873201655059,-8.783816943963895,2.414768671046815,0
4008,0.4354557238952735,0.0822601443696065,0.1670631458015655,0.0009894805286309865,-10.602714758006368,0.5958708570043427,0
2407,0.4319049523465951,0.0910033016732219,0.2103098711796919,0.0009600647027923725,-10.62042913726373,0.5781564777469796,0
701,0.4414717143690302,0.0817434473283295,0.1857680595656008,0.0018208865692510988,-10.102037265516113,1.0965483494945971,0
6342,0.4483698744883415,0.0735732038477448,0.1504607140259543,0.0038160244175033365,-8.900553795068536,2.2980318199421745,0
19339,0.436271613113045,0.0546308349376966,0.142326294483674,0.00634970168945092,-7.3747587907983,3.8238268242124107,0
24407,0.4291750984548937,0.085446517235757,0.2086189682588692,0.001819057743570456,-10.103138594844083,1.0954470201666275,0
10319,0.4254895952458346,0.0858910146088621,0.1796540739751939,0.0037831215914495,-8.920368065881616,2.278217549129094,0
19663,0.4281467975928243,0.079465399164841,0.1965363840365805,0.0025154270948734682,-9.683780972186677,1.5148046428240338,0
5310,0.4405976522445736,0.0718392929926432,0.1803364711765155,0.0037236769851639075,-8.956165949181745,2.2424196658289652,0
18529,0.4478271492597865,0.073318505446996,0.1544782942439774,0.00371939123651188,-8.95874685163338,2.23983876337733,0
13644,0.445927896676321,0.0940562599928721,0.2098389538702002,0.008232631048050502,-6.240847917241536,4.957737697769175,0
8253,0.4327408624196638,0.0930876573247227,0.2291847567586062,0.003299660511191529,-9.211511104967126,1.987074510043584,0
18146,0.4279734908034172,0.0727492852993148,0.1833896899101146,0.0038592281957639126,-8.874536231677396,2.324049383333314,0
2610,0.4313803013895555,0.1012627425397631,0.2314859291966817,0.0027123531059845443,-9.565190997334362,1.6333946176763483,0
16679,0.4322394931475938,0.0798346061668632,0.1649027323633547,0.001700665404038744,-10.17443514164639,1.0241504733643207,0
9272,0.4266843909200009,0.1033931925557225,0.2454377710693399,0.0030201518561274975,-9.379832822286385,1.8187527927243252,0
4481,0.4263576227866539,0.0964070585947484,0.2275115571826252,0.0022211068235384462,-9.861022329888577,1.3375632851221333,0
20269,0.4336331093536935,0.0929678174567815,0.1872650874689981,0.001736674287869133,-10.15275038500194,1.0458352300087697,0
15988,0.4440102813051743,0.0805742862877129,0.1418684306042299,0.004757364340371292,-8.333673487329891,2.864912127680819,0
2539,0.4314827268510767,0.0875328674609588,0.1839041314846403,0.0008774987326829542,-10.670150838646338,0.5284347763643726,0
14611,0.4237426705120082,0.0898808158880188,0.1999982510704934,0.003138430351609823,-9.308604833024434,1.8899807819862762,0
8440,0.4303236215783566,0.0940902488007418,0.2243991212009793,0.0020294071954080036,-9.976464946894435,1.2221206681162755,0
19543,0.4256571677583426,0.0814060369772718,0.2047207644689594,0.003665413628505845,-8.991252477172168,2.2073331378385426,0
22036,0.4313996070967462,0.0759867324693499,0.1787825047187902,0.0013557387208189945,-10.382151971221788,0.8164336437889226,0
19823,0.4281763618802673,0.0780381675713554,0.170157617777997,0.0026806930586887887,-9.584256859641952,1.6143287553687582,0
7437,0.4333558585831672,0.0858051496957725,0.1805979405077038,0.0004654993753125107,-10.91825921779881,0.2803263972119012,0
10176,0.4316585152176971,0.0788589566369924,0.190628761534276,0.001262160634126829,-10.438505232453958,0.7600803825567528,0
3026,0.4402184934188184,0.0728472030587541,0.1466401664253778,0.0019819978481695724,-10.005015128076945,1.1935704869337656,0
24069,0.4399459802395309,0.0715376010226333,0.1560976099135906,0.0014062045603611486,-10.351761152820306,0.8468244621904049,0
4579,0.4308608865352971,0.0912177647398059,0.1985333494975481,0.0007127978052892223,-10.769334683012934,0.4292509319977764,0
21045,0.4364829487684181,0.0931533834601502,0.213201483501005,0.0021889620465627467,-9.88038009919327,1.318205515817441,0
22390,0.4355230812814648,0.0905676507054852,0.1982895805116443,0.0006439705275523705,-10.810782864946415,0.38780275006429576,0
7842,0.4357208065033388,0.0793464137363107,0.1581950856659456,0.0016870248804896763,-10.182649543266214,1.0159360717444965,0
10213,0.4365839958231962,0.0700595158110898,0.1912085734470485,0.006224603984871072,-7.450093346942021,3.7484922680686896,0
15763,0.4329777401825793,0.0822074344163909,0.2010065132764632,0.0014577715585784698,-10.320707210340599,0.8778784046701116,0
22318,0.427352258122518,0.1000313562193374,0.2259010686897809,0.002173494017929404,-9.889695034870346,1.308890580140364,0
12723,0.4322659866926129,0.0801644038907422,0.1514816630079765,0.004437545038443535,-8.52627050769763,2.6723151073130804,0
757,0.4394184821781084,0.0854085595076382,0.1841944967364649,0.0007608934361847366,-10.740371217870749,0.4582143971399617,0
10424,0.4303703729302338,0.0987106386468084,0.2148251201895163,0.0018851091534584808,-10.063362056471188,1.135223558539522,0
19270,0.4334881620223071,0.0909539643595763,0.2152999138085858,0.0017008532908967097,-10.174321995101474,1.0242636199092363,0
15233,0.4285356313357867,0.0924003141498314,0.2116163589655766,0.0012441113826885271,-10.449374595328342,0.7492110196823685,0
5089,0.4347788206268651,0.0820757923132556,0.1900070209431272,0.00030522659241064573,-11.014776408121229,0.18380920688948166,0
14746,0.4222476595311105,0.1083196979923837,0.2455364451040098,0.00370058173622476,-8.97007404073069,2.22851157428002,0
10515,0.4228972921417532,0.0829163709619569,0.1993121738033402,0.004108415694986392,-8.72447408854265,2.474111526468061,0
21059,0.4392129144980892,0.0836982637388828,0.1570235818063393,0.0027962761136129024,-9.514652080164279,1.6839335348464317,0
1338,0.4429803497524543,0.0718592320120734,0.1371487991796184,0.0030797054623575237,-9.343969298593723,1.8546163164169869,0
4412,0.4328527231218281,0.0923957563081268,0.2133776798007837,0.0012676072846720624,-10.435225228215085,0.7633603867956253,0
13594,0.4341404795792991,0.0774863632049373,0.1609769878398257,0.0013889131293786676,-10.362174151863973,0.836411463146737,0
12936,0.4303164869930866,0.0955260805736408,0.2602873080093391,0.009044304830441538,-5.752053303980707,5.446532311030003,0
12283,0.4301055889726025,0.0914292444544867,0.1915173043442263,0.0014006296041184935,-10.355118423487035,0.8434671915236756,0
22634,0.4440956816945829,0.0851232173302399,0.1805858046152407,0.0028140528284468407,-9.50394684039824,1.6946387746124696,0
19776,0.4314713276372809,0.0634259290685703,0.1495795224768805,0.0043749259588999195,-8.563980077024985,2.634605537985726,0
12872,0.4387405885285458,0.0819967422146535,0.1840666162636084,0.0005682232665749409,-10.856398300529367,0.3421873144813432,0
17802,0.4376250677829312,0.0949346671977948,0.1828958392697059,0.0033415371281320188,-9.186292765744932,2.012292849265778,0
4462,0.4296966194798973,0.0865639155930309,0.1857542090688671,0.0010966936750762617,-10.538150385483679,0.6604352295270317,0
10644,0.4085023496910932,0.1151167310785355,0.2561933252700646,0.01121123563617973,-4.447115127914923,6.751470487095787,0
19787,0.4342492992392406,0.0552096112055754,0.1445706262137776,0.006499900256193963,-7.284308351303721,3.91427726370699,0
23243,0.4361247294900148,0.085767806873531,0.1850479390263518,0.0001237315254398322,-11.124073779791178,0.07451183521953197,0
7898,0.431524216991671,0.0858073304737594,0.2235722608440808,0.004525061644564339,-8.473567504877083,2.725018110133627,0
23556,0.4437566213978152,0.0748256345992225,0.1608465073135456,0.001961051095498303,-10.017629382834395,1.1809562321763156,0
15844,0.4364794866859586,0.0750012842852542,0.1630459051550208,0.0007879711062145384,-10.72406488946966,0.4745207255410495,0
24086,0.4419128173058965,0.0850643302972672,0.1868674367040428,0.001951722902988601,-10.023246873936264,1.1753387410744462,0
16857,0.4370910123035976,0.0758674192900731,0.1422425376941188,0.0036253656860035905,-9.015369578145439,2.1832160368652715,0
16484,0.4322250613414148,0.0861319790667118,0.1877555837352887,0.000254276031892678,-11.045459128278136,0.15312648673257456,0
4674,0.4464773320910468,0.0743948044735121,0.1503719679344467,0.003019125099588413,-9.380451140970964,1.8181344740397467,0
14865,0.4240591683757053,0.0901825404127346,0.2282509300224294,0.0041292837382737105,-8.71190723302825,2.486678381982461,0
11884,0.4215940271740471,0.1043791705495716,0.2496094444949115,0.003609596850420855,-9.024865661494998,2.173719953515713,0
12087,0.4317748181340958,0.081142313874912,0.1860694940725338,0.00047792173046875793,-10.910778404181176,0.2878072108295342,0
23817,0.4365165085426273,0.0727653948556639,0.1727647741119592,0.0013588294996539285,-10.38029068645681,0.8182949285539003,0
4666,0.4450942377521958,0.0718172061214143,0.1399316379004937,0.002996890413701428,-9.393840996507617,1.8047446185030935,0
19312,0.4305412372516438,0.0669710240223344,0.1862036661336638,0.007018758289820056,-6.971849063612503,4.226736551398208,0
22684,0.4324285710083569,0.0926877535949122,0.1993135001085795,0.0007918137542854011,-10.721750824732764,0.4768347902779464,0
13132,0.4198823490724129,0.1222694259207983,0.2843414586384741,0.00709142826372417,-6.928086787978197,4.2704988270325135,0
20398,0.4345604217504128,0.0863497594850768,0.1752935918851033,0.000977688265224012,-10.609816126753923,0.5887694882567871,0
15767,0.4332986421115469,0.1014466009317637,0.2310100995148625,0.0032161301586996083,-9.261813562958999,1.9367720520517118,0
18893,0.4345402868650748,0.0698325159030423,0.1753787387070938,0.00283919049204991,-9.488808795008937,1.709776820001773,0
17757,0.4251117034510166,0.0870354724402657,0.2199186716060757,0.00380503973802624,-8.907168832135502,2.291416782875208,0
19768,0.4373251633767029,0.0673638634692841,0.1639002227631831,0.0026807136623496646,-9.584244451999044,1.614341163011666,0
6733,0.4365183036747288,0.0748733846044484,0.1725589061950353,0.0007617851596771649,-10.739834216862372,0.45875139814833865,0
6422,0.4353248955678476,0.0818525158235614,0.185808307127988,0.00011144323634174255,-11.131473858058637,0.06711175695207316,0
1216,0.443100069634028,0.0854975498637623,0.17895518660949,0.002238066784858723,-9.850808943779144,1.347776671231566,0
14448,0.4311397571071831,0.1021236165140221,0.2359154317930639,0.002985714650936827,-9.400571105027725,1.7980145099829858,0
4408,0.450789065163916,0.0526716407750531,0.0988287572872629,0.006779081356179307,-7.116183889534022,4.0824017254766884,0
20941,0.4429968273221328,0.0718073248953721,0.1663972900023405,0.0025784075997561324,-9.645853750444454,1.5527318645662564,0
12327,0.4337216452604618,0.0863791382575288,0.1701526125982685,0.001954633114939595,-10.021494327585804,1.177091287424906,0
10865,0.4230057598320889,0.0908830039425409,0.2304882470107489,0.004488553833123257,-8.495552718594071,2.703032896416639,0
9918,0.4364526300283337,0.0439356358011635,0.107520883131768,0.00988172408639556,-5.2477546186820145,5.950830996328696,0
21189,0.4359369227407799,0.0745071421387666,0.1599059350168538,0.0010686246663470856,-10.555053703742864,0.6435319112678464,0
1132,0.4375731436321862,0.0693379010814918,0.1365646701824734,0.0033901974860688655,-9.156989218735186,2.0415963962755246,0
7398,0.4444675430799451,0.0784765074778945,0.161605948544299,0.0022105583024248023,-9.867374709884182,1.3312109051265288,0
8156,0.4296268335512136,0.0775406221086841,0.1883727629097699,0.0019383085709766912,-10.031325061713376,1.167260553297334,0
24188,0.4359001886201461,0.0636565749085506,0.1468028002096874,0.0033053612461888026,-9.208078089612009,1.9905075253987015,0
20399,0.4370234849912808,0.0883952033470523,0.1819323980063552,0.0007969442481850705,-10.718661211841562,0.4799244031691483,0
4367,0.4525899573140984,0.0737469635790552,0.1320725050512423,0.0057502425211563065,-7.735756544685415,3.462829070325295,0
12735,0.4442787158575393,0.0792196745176564,0.1562839874834777,0.0024611054725883932,-9.716493765100003,1.4820918499107076,0
1239,0.4438677858403949,0.0741907609209212,0.1586870536927717,0.002016939121590731,-9.983973292552303,1.2146123224584073,0
3234,0.4355132662267114,0.0850085237069337,0.183616795543356,5.270155625021057e-05,-11.166848435167744,0.03173717984296687,0
20312,0.4287225772152994,0.1064400218494623,0.2355553408260017,0.0033355554197162718,-9.189894984906307,2.008690630104404,0
8781,0.4282246276589818,0.0873138109640691,0.2084497827176142,0.0015599997248791032,-10.259144821490137,0.9394407935205731,0
16041,0.4486441604954519,0.078465948862354,0.138039759348992,0.00532590077699424,-7.991297580047078,3.207288034963632,0
5389,0.4370057812598611,0.0843565778145329,0.1880000278425405,0.0002459607117410451,-11.050466661828972,0.14811895318173818,0
23998,0.4376158815654075,0.0868284345745587,0.1872713403554684,0.00044240015489605504,-10.932169700994198,0.26641591401651255,0
19546,0.4294973782024452,0.0659182419242394,0.156493400410871,0.004349365768584544,-8.579372570427042,2.6192130445836685,0
22961,0.4390763821330544,0.0914961006014736,0.1973651783661794,0.0017958567685582793,-10.1171103552414,1.0814752597693111,0
8238,0.4317638135519618,0.0951278140917017,0.2197598404903094,0.0016598376098584194,-10.199021873778943,0.9995637412317677,0
10928,0.4256186726652169,0.0917617352455948,0.2091140421180364,0.002016818790776465,-9.984045756459723,1.214539858550987,0
10474,0.4297914163257816,0.115976693853664,0.2477669013752398,0.0067192425809880245,-7.152219143612899,4.046366471397811,0
11770,0.4393111011679958,0.0713827047981563,0.1382550303578196,0.0030389174416487995,-9.368532078913256,1.830053536097454,0
24514,0.4365670723915417,0.0790920986320316,0.1696436871359969,0.00032109837915106186,-11.005218326993258,0.19336728801745195,0
8798,0.4351235886100311,0.0870121498608093,0.1790786771815889,0.0006555254235741451,-10.803824440201446,0.39476117480926476,0
2917,0.4410407583368183,0.0686552577090869,0.1614938421656017,0.0024797932952518656,-9.705239850966457,1.4933457640442533,0
16146,0.4346376949961908,0.0962892471533881,0.2051462588944791,0.001697080089679667,-10.176594238544162,1.0219913764665485,0
10322,0.4392732241837436,0.0657434932181434,0.1428775928986035,0.0026117778014287216,-9.625758023349587,1.5728275916611238,0
11480,0.43708968738673,0.079349074950069,0.1518452853199397,0.002579049259195522,-9.645467339444954,1.5531182755657564,0
185,0.4310208369743601,0.0898761403472857,0.2055829540757654,0.0006855540374302099,-10.785741036480685,0.41284457853002543,0
8731,0.4270360727214376,0.1087496886928166,0.2568383774360511,0.003997480717288778,-8.79127976922026,2.40730584579045,0
7661,0.4336034312231545,0.0686309248775316,0.1593006577345429,0.0024319959386462824,-9.734023693618234,1.4645619213924768,0
20906,0.4441411744626026,0.0749201654077966,0.1431775211670214,0.002926320559193204,-9.43633856818057,1.76224704683014,0
1193,0.4355518065771785,0.0806103232206451,0.1554771323120467,0.002530935750098535,-9.674441570942742,1.5241440440679686,0
17983,0.438442793440598,0.0732937006478691,0.167616538334343,0.0010546617301808777,-10.56346226409237,0.6351233509183398,0
4062,0.4258287513693517,0.1094391585761517,0.215753954684841,0.007483205792551049,-6.692156110110177,4.506429504900534,0
21841,0.447151465894566,0.0595411936441533,0.1227726368532548,0.004406421987053245,-8.54501298798694,2.6535726270237703,0
21128,0.4467185553731599,0.057085015907235,0.1252706872669916,0.004809009860318799,-8.30257225861331,2.8960133563974004,0
17560,0.4361875530547269,0.0632138151593085,0.144721365730293,0.0033852081006971093,-9.159993855260481,2.038591759750229,0
5709,0.4345411673650157,0.0971896286377475,0.206727770873815,0.0019241469724612448,-10.039853257670527,1.1587323573401829,0
5269,0.4365124546258185,0.0841900063748341,0.1903856883910324,0.0002946581869810321,-11.021140762566107,0.17744485244460328,0
19747,0.4371538013218922,0.0642970173102329,0.1603137361025002,0.0036931956667511485,-8.974521974186464,2.2240636408242462,0
9024,0.4266110093621669,0.1025478808234287,0.2147889187984225,0.0036547131939231488,-8.997696340331286,2.200889274679424,0
2629,0.4337000483030442,0.0952554270664068,0.2122523169418258,0.0014649558864766677,-10.316380766820156,0.882204848190554,0
4310,0.432496433709448,0.0970153901220439,0.2207407302370939,0.0019194335286598903,-10.042691720597373,1.155893894413337,0
11852,0.4214898975408114,0.1087724566222365,0.272489503769116,0.005501299008993147,-7.885671757411803,3.3129138575989074,0
2355,0.4306462989961565,0.0820809876462259,0.1829047943829748,0.0007162318886325324,-10.767266658301388,0.4313189567093225,0
10078,0.4258632892148177,0.0879285982624713,0.2235061413373197,0.003818182114333917,-8.899254417645341,2.299331197365369,0
6068,0.4378642564593717,0.0788493460888893,0.1508483076937116,0.0025142166199766313,-9.684509927121402,1.5140756878893082,0
14656,0.421403753369904,0.1042909112761315,0.2345262476577526,0.0037330731255774477,-8.950507539461954,2.248078075548756,0
11595,0.4314396734938994,0.0812610076371882,0.2093790964385445,0.003379027203776252,-9.163716026883588,2.0348695881271226,0
29,0.4486220462170402,0.07812598694556,0.1423587430177269,0.0047445971270618625,-8.341361976507917,2.857223638502793,0
10491,0.4347504032031952,0.0795566619852489,0.1614734715630545,0.0014246552881690576,-10.340650018570434,0.8579355964402762,0
21092,0.433864171340061,0.0721425358825079,0.167481282797408,0.0015203202170920415,-10.28304004896197,0.9155455660487402,0
17753,0.4242036871216291,0.0884934735459409,0.2250837308092389,0.004275655345344925,-8.62376141062657,2.574824204384141,0
17213,0.4298356940928919,0.0642474912175682,0.1329857040272594,0.006550177221586856,-7.254031273999642,3.9445543410110684,0
6701,0.4352742252863162,0.0911813558598355,0.2097362931452048,0.0014235326673758843,-10.34132606725938,0.8572595477513296,0
5575,0.4343320253196236,0.0900676837975845,0.1879233393356463,0.0006855672838840521,-10.785733059390106,0.41285255562060463,0
10982,0.4242841246827378,0.0852308247503366,0.1986482686000698,0.002973874863861882,-9.407701092801064,1.7908845222096463,0
8392,0.4444568402152792,0.0672505628347317,0.151653917591704,0.0031414599150423233,-9.306780412526367,1.8918052024843437,0
3714,0.4373736699591089,0.0883032815766102,0.1630988231468293,0.0036419268285436983,-9.00539636299587,2.1931892520148395,0
10331,0.4375642699012616,0.0592492308271982,0.1474534377208556,0.004700668885276323,-8.36781581599444,2.83076979901627,0
4781,0.442457319249113,0.0968271402006391,0.201845501282473,0.005188148979721063,-8.07425250348415,3.1243331115265605,0
15121,0.4270586297162846,0.1066639015609649,0.2453011470745829,0.0032145899652600645,-9.262741076293741,1.9358445387169692,0
18277,0.426595826576912,0.0816165069689303,0.1887234671277805,0.0022479243681986527,-9.84487265047898,1.3537129645317307,0
9121,0.4322372899880406,0.0720148174090881,0.1624495747225296,0.0020320579496971494,-9.974868647438026,1.2237169675726847,0
5895,0.4335591178084764,0.0873654610716836,0.2000105167974243,0.00041149771517899825,-10.950779327666897,0.24780628734381338,0
8244,0.427847904703015,0.0917028574116025,0.2181576367237688,0.0017963339733252529,-10.116822979790104,1.0817626352206062,0
17664,0.4171583616845552,0.0972992955012806,0.2287075014617158,0.005658492881733027,-7.7910087044713485,3.407576910539362,0
2171,0.432741238378437,0.0968091867018637,0.208092878138766,0.0015762971855719343,-10.249330397063344,0.9492552179473659,0
4210,0.4346511069112609,0.0908598080904324,0.2064263027843783,0.0009613545246415522,-10.619652399138609,0.5789332158721017,0
23654,0.4343312688644166,0.089452230368384,0.1996449429296468,0.00043937778333633315,-10.933989790505175,0.26459582450553576,0
3762,0.4369118378224583,0.0925292993138071,0.1966802013464436,0.0012532454189683648,-10.44387402622315,0.7547115887875595,0
8122,0.4346571610860326,0.0917209227518211,0.2245238132678708,0.003366769136257992,-9.171097905542108,2.027487709468602,0
18422,0.4403627410430077,0.0890817673558896,0.1932736205220261,0.0018367020913333764,-10.092513067288406,1.1060725477223041,0
16317,0.4330887856400649,0.0782374987473608,0.1796555066660902,0.0005448971760152692,-10.870445406227933,0.32814020878277717,0
10970,0.4176208505185026,0.0919151311447327,0.2044040358260913,0.006680994508492854,-7.175252352531112,4.023333262479598,0
24276,0.4301953930035361,0.0950713045505079,0.2114403408670866,0.0012222643019034283,-10.462531032846593,0.7360545821641171,0
21516,0.4459972312200086,0.0577569550837783,0.10240742832683,0.0065986588222409735,-7.224835375652172,3.973750239358538,0
4220,0.4337531971587699,0.0984980820792991,0.2029270341749391,0.002451603624694607,-9.722215832471484,1.4763697825392263,0
12897,0.4350196529010115,0.1036768789529244,0.2413259257069821,0.004952536491801942,-8.21613969684968,2.98244591816103,0
5103,0.4316341143507562,0.0922153946898413,0.191087356683794,0.0013098812963894344,-10.409767575575984,0.7888180394347266,0
17409,0.4404564453598004,0.0741157510388671,0.1568132835946535,0.0012190327286421196,-10.464477104823727,0.7341085101869833,0
20934,0.4489384667754422,0.0685456351012291,0.1407005221952495,0.00401309926490677,-8.781874190146185,2.416711424864525,0
2533,0.4366996755430277,0.0808083145870581,0.1714381136918204,0.0002806435585015952,-11.029580452323513,0.16900516268719734,0
13607,0.4213336700257877,0.1090475723826042,0.2450364393057998,0.00405410583906751,-8.75717979568268,2.441405819328031,0
11050,0.4179285599731837,0.105425097972856,0.2162955961408299,0.00835533592494983,-6.1669543356692165,5.031631279341494,0
20459,0.4331900029269348,0.0911103999706463,0.1835795102239567,0.0015751861047639518,-10.249999496306934,0.9485861187037763,0
19406,0.4315852223386117,0.0602788184967427,0.1525219635382874,0.005427099174779862,-7.930355323710397,3.2682302913003136,0
22704,0.4339822188962315,0.0863913268111932,0.1876002236265167,9.010225815248586e-05,-11.144325517687086,0.054260097323624024,0
23364,0.4431915909260548,0.0687468120468335,0.1461511725142616,0.002378873333896162,-9.76601443128596,1.4325711837247503,0
10400,0.4255769868189154,0.0946264886775866,0.2226994744096344,0.0022401291772205017,-9.849566959254403,1.349018655756307,0
8020,0.4310914308191648,0.0751650099997758,0.1663485645818449,0.0018344324057910516,-10.093879884956973,1.1047057300537375,0
2914,0.4403466841981924,0.0672741136833235,0.1565137690700205,0.0024383688058272662,-9.730185916401979,1.4683996986087315,0
2671,0.435053589179861,0.0995659801576674,0.191864153577015,0.004385783624676544,-8.557441528337892,2.641144086672819,0
14341,0.4321762758373488,0.0952975069744838,0.2346473403353641,0.0035736688616703916,-9.046501702657729,2.152083912352982,0
16282,0.4352526720967509,0.0868079382049683,0.1705911486148929,0.001732154789734597,-10.155472052734384,1.0431135622763268,0
1665,0.4409823725633373,0.0845101574188606,0.1634158633956222,0.0021833165349605752,-9.883779858702704,1.3148057563080062,0
16116,0.4397025782931774,0.1004372014514626,0.2000050180114835,0.005168459086155456,-8.086109870469931,3.112475744540779,0
24948,0.4370986195537927,0.0884656951184168,0.1962438849111866,0.0007380880723078806,-10.75410473897035,0.4444808760403607,0
2110,0.4415658440459822,0.0762746819555642,0.1946309126425731,0.005370196073859816,-7.964622697883333,3.2339629171273776,0
8752,0.4314002384349249,0.0917199978854353,0.20999771604925,0.0009107650752822792,-10.65011765608186,0.5484679589288497,0
447,0.437262868510653,0.0856354481703651,0.1989130542055633,0.0011637695009842277,-10.497756937900276,0.7008286771104348,0
12941,0.4406169734849985,0.1002962937634038,0.2240674538888378,0.006308181982226,-7.399762196940018,3.7988234180706923,0
9489,0.4317248204505158,0.0761460923785075,0.1829311110836529,0.0014406300815689326,-10.331029906240563,0.8675557087701478,0
7155,0.4335597886265601,0.0870762159909492,0.1907748646777223,0.00011355423140119305,-11.13020260471023,0.06838301030048122,0
24417,0.4311750375090912,0.0928974568977487,0.2196803961911767,0.0016977793103439198,-10.17617316384447,1.0224124511662396,0
19820,0.4329615656320604,0.0758412055571699,0.1804982834966545,0.0011489447626272901,-10.506684480478436,0.6919011345322748,0
21588,0.4455633873658863,0.083517099723901,0.1714034509401562,0.0032425852016080225,-9.245882184186206,1.9527034308245046,0
7054,0.4323232682004678,0.0734397213048881,0.1785362704371474,0.0019059902107508226,-10.050787363848222,1.147798251162488,0
4577,0.4316558028462969,0.0826926549295179,0.1744417830015184,0.0010450432432043298,-10.569254572189358,0.6293310428213523,0
21957,0.4312522938540298,0.0908002580769388,0.2040879441335994,0.0006205029573856462,-10.824915170476876,0.37367044453383436,0
2517,0.4405611945303211,0.0791492949047734,0.1739132496012134,0.0008390517799083894,-10.693303814410987,0.5052818005997235,0
845,0.4257267057229787,0.0866570329666224,0.1999305065105631,0.002133316907844821,-9.913889921303515,1.2846956937071958,0
11193,0.4405669705680217,0.0756470738645943,0.1689776409491074,0.0010553667870415394,-10.563037674801684,0.635547940209026,0
18758,0.4401727829271731,0.0825076805616911,0.1589387732305389,0.002091713292309336,-9.938943857511747,1.2596417574989633,0
13640,0.4226218802475119,0.1057686035132978,0.2402035485477137,0.003380267549853051,-9.162969083352737,2.0356165316579737,0
21384,0.4270531397542469,0.0963316775067205,0.2133095732270801,0.0018832254872224667,-10.064496411096556,1.1340892039141544,0
2683,0.4356424053925373,0.09227978963621,0.2198004438046501,0.002819859360830757,-9.500450113249284,1.698135501761426,0
22579,0.4397597910820085,0.0940968467522447,0.1777781149178826,0.00404275482233369,-8.764015443149548,2.4345701718611625,0
2782,0.4419026491550996,0.0769137068902083,0.1464872399016331,0.00264046305868583,-9.608483596687718,1.5901020183229928,0
20625,0.4284422932357484,0.0933685632178168,0.1966490959999525,0.0019226989751452643,-10.040725249970171,1.1578603650405395,0
14395,0.4290692487446045,0.0916902005983319,0.2374027136770576,0.004699459340494339,-8.36854421080866,2.830041404202051,0
10751,0.4356892223002221,0.0741309362003495,0.1697094149332483,0.0008606841839015364,-10.680276656489754,0.5183089585209562,0
23477,0.4404722752246405,0.0820067585044559,0.1470172379733167,0.004196296366010616,-8.67155184374641,2.5270337712643,0
17334,0.4392878028010045,0.0796590813167579,0.1595040969003753,0.0012801377127943658,-10.427679332436622,0.7709062825740887,0
13809,0.426905834815914,0.0992073575242707,0.2279617566536418,0.0021598784149882274,-9.897894429156977,1.300691185853733,0
10072,0.4311803814811122,0.0644929617391137,0.1470372829571636,0.004331493083777801,-8.590135603861865,2.608450011148845,0
13739,0.4391538621327183,0.082682955944678,0.1755870255315955,0.0004914155964776285,-10.902652320574324,0.29593329443638616,0
11314,0.4417438161111636,0.0894609822917158,0.199765632029506,0.0032276462387070843,-9.254878513440763,1.943707101569947,0
24893,0.4357364432681643,0.0794298112332791,0.1721339432399446,0.00023928204884164398,-11.054488590983066,0.14409702402764424,0
1871,0.4369372918646189,0.083716500670942,0.1657851671780462,0.0013635754748567426,-10.377432632933175,0.8211529820775354,0
4074,0.4326400565748702,0.100476655838044,0.1898117020644964,0.005500704269425678,-7.886029912994967,3.312555702015743,0
8641,0.434123303231682,0.0698494189892383,0.1520908200685297,0.0023774327564581093,-9.766881955292503,1.4317036597182078,0
1804,0.4429074163045994,0.0723819003713154,0.1284342114492615,0.0046710836616922395,-8.385632207546989,2.8129534074637217,0
16426,0.4355662877971397,0.069582388048641,0.1624218557572338,0.0018719526413949156,-10.071284983594728,1.1273006314159826,0
16529,0.4329293165095184,0.1024885015538393,0.2253654832537849,0.0031090743060678094,-9.326283212243862,1.8723024027668487,0
23898,0.4431375814429545,0.0803048686491983,0.1797789302767825,0.0022440826887289056,-9.847186131918722,1.3513994830919884,0
5178,0.4261837757071328,0.1088836635693886,0.2262603463769249,0.005123740398160129,-8.113039721203581,3.0855458938071294,0
17937,0.43449018139273,0.0756665229438057,0.1802514812193827,0.0010340355949301637,-10.575883441197831,0.6227021738128791,0
10695,0.4483736576289777,0.0204247575864749,0.0460291801913397,0.0225482216587431,2.3800829640552283,13.578668579065939,0
24159,0.4329598616334386,0.0807024538338315,0.2053472557071487,0.0028367924123965174,-9.490252932348566,1.708332682662144,0
6127,0.431975462363427,0.0952038059283594,0.2417215018568654,0.0048505445471510224,-8.277559831666045,2.921025783344666,0
9985,0.4348193634522941,0.0894081031177535,0.2108146070354305,0.0015798982424187027,-10.247161819949074,0.9514237950616362,0
22895,0.4403093223790024,0.0762012947606714,0.1741302812025139,0.0011818623291762558,-10.486861332854533,0.7117242821561778,0
18105,0.4294235107859117,0.0753837910205567,0.1780142155015372,0.0021234213483571824,-9.91984908405793,1.2787365309527807,0
19811,0.4339160913481001,0.074457747385173,0.1618119180952018,0.0013279229624988175,-10.398902780630237,0.7996828343804729,0
19427,0.4311447317454488,0.0611356397170979,0.1402995425898433,0.005283321217594116,-8.016939235255517,3.1816463797551933,0
15696,0.4359167068815824,0.0756426111939673,0.179867800298763,0.001013649526265714,-10.588160048826323,0.6104255661843876,0
24139,0.4455277369884497,0.0799899119227529,0.1581379385595582,0.0029371959065647595,-9.429789371535463,1.768796243475247,0
5459,0.4337227853488892,0.087516387980899,0.1771169125391588,0.0011927966568742782,-10.480276617918099,0.7183089970926115,0
13855,0.4376737025065312,0.0814725910259879,0.1982061200677395,0.0021328869541748087,-9.914148841872853,1.2844367731378572,0
14473,0.4480999109997887,0.06030139438255,0.1348784609840962,0.00486476596429567,-8.268995612586846,2.929590002423865,0
6536,0.4341932163583137,0.0883345079369334,0.1950155453707714,0.00022100221527886254,-11.065496811737063,0.13308880327364747,0
12178,0.4447011266019182,0.0395930905561444,0.0904148199557415,0.010484206548733962,-4.884936219758719,6.313649395251991,0
12721,0.434230360813389,0.0847655121083374,0.1707626756759494,0.0012505798197407674,-10.445479265386751,0.753106349623959,0
18320,0.4235480048990209,0.0847237464007067,0.2057181279356103,0.003673591565251419,-8.986327676697464,2.212257938313247,0
23699,0.4239878226857561,0.1032451630020631,0.2359266585852927,0.0029002455741881763,-9.452041073901242,1.7465445411094684,0
6793,0.435006452684022,0.0940711593892948,0.1934571797243271,0.0015120833878476967,-10.288000314837658,0.910585300173052,0
4182,0.4316967318287417,0.0956296572015945,0.2158032928245527,0.0014189118406183977,-10.344108755670502,0.8544768593402079,0
10448,0.4421467438960706,0.0735954451766643,0.1274957587940277,0.005352977923343825,-7.974991567009225,3.2235940480014857,0
11989,0.4321622965512299,0.1060947373433665,0.2591870599933255,0.005944537862630104,-7.6187507741968075,3.579834840813903,0
22674,0.4332675803798676,0.0779024471455877,0.1723269729712585,0.0006381139129079935,-10.814309751920247,0.3842758630904637,0
23640,0.4335426714976003,0.073666274958512,0.1790367049886073,0.001679106125039845,-10.187418263276124,1.0111673517345867,0
5778,0.4316622881005836,0.0899128859181828,0.1805291229725175,0.0019460648874787346,-10.026654163370724,1.1719314516399866,0
14125,0.4299539917136133,0.0922698743731641,0.2094548155867737,0.0009674631353305323,-10.615973758699484,0.5826118563112264,0
4020,0.437632059571437,0.0773001449937774,0.1709511706447558,0.00038764865673893807,-10.965141367626478,0.23344424738423264,0
16500,0.4337492077804876,0.0871914693714981,0.1915235845300148,0.00011154763175750664,-11.131410990539713,0.0671746244709972,0
2725,0.4412353045003222,0.0804624000609413,0.1716635343390645,0.0009867451205222472,-10.60436203647911,0.5942235785316008,0
968,0.4312553644408832,0.0932311024031991,0.2065548302685736,0.0008749331323041117,-10.671695857928917,0.5268897570817934,0
frankfurt_000000_000294,0.4460368120553437,0.0444009482812347,0.3852227169252508,0.3161791497418304,179.20631420068932,190.40489981570002,1
frankfurt_000000_000576,0.4479629603637181,0.0442364017035483,0.4508027604096901,0.48033260099294883,278.06046529000605,289.25905090501675,1
frankfurt_000000_001016,0.4371024915134519,0.0894891441836444,0.4851576780464121,0.318646195940831,180.6919835901635,191.8905692051742,1
frankfurt_000000_001236,0.4428358151913889,0.0428863811992005,0.3434706943459773,0.234387078352997,129.9506590721784,141.1492446871891,1
frankfurt_000000_001751,0.4532333386654499,0.0561138551945213,0.3658878885490573,0.24135434485502857,134.1463869732491,145.3449725882598,1
frankfurt_000000_002196,0.4476519502808564,0.0534704500176442,0.415891373858496,0.3448125198077545,196.44949409803488,207.64807971304558,1
frankfurt_000000_002963,0.443656569929978,0.0396298745892922,0.3943791310708276,0.3555406818761562,202.91005490828607,214.10864052329677,1
frankfurt_000000_003025,0.435787380415413,0.0597806135808588,0.4177745788172614,0.29777002869279573,168.12023577996288,179.31882139497358,1
frankfurt_000000_003357,0.4421288671173032,0.0530349174624386,0.4336077813831107,0.37687214380735806,215.755983791482,226.9545694064927,1
frankfurt_000000_003920,0.4422239742314969,0.045034446314152,0.4419236280144816,0.43986259304309555,253.68919408023677,264.8877796952475,1
frankfurt_000000_004617,0.4378819847318063,0.0556521327213199,0.428290188350691,0.3436720554095924,195.76269988768692,206.96128550269762,1
frankfurt_000000_005543,0.4337948262860249,0.0800116621506562,0.4768715239458351,0.33387155320555945,189.8607811753805,201.0593667903912,1
frankfurt_000000_005898,0.4366513290928749,0.048254213238058,0.4342300675757066,0.39300254177694927,225.46980208688575,236.66838770189645,1
frankfurt_000000_006589,0.4397602788090236,0.058283329761823,0.3694091766349974,0.2152808572711646,118.44478300820208,129.64336862321278,1
frankfurt_000000_007365,0.4451819274921276,0.0607502074006951,0.4134813877182542,0.30118935477721154,170.17937358545072,181.37795920046142,1
frankfurt_000000_008206,0.4368265960312653,0.0529366783283029,0.4775831134592973,0.4789418681130979,277.22295796267395,288.42154357768464,1
frankfurt_000000_008451,0.4400285098727579,0.05397200770957,0.4548902802453235,0.4202272562496211,241.8646814959574,253.0632671109681,1
frankfurt_000000_009291,0.4434647114538495,0.0555280468442022,0.4491452239878814,0.40487227619635546,232.61782432304966,243.81640993806036,1
frankfurt_000000_009561,0.4372364921579428,0.0629715545199768,0.4632724474715455,0.3891112016954622,223.12641474154893,234.32500035655963,1
frankfurt_000000_009688,0.444080360761488,0.0568113769081917,0.3729048928508748,0.2341988981248846,129.8373358580756,141.0359214730863,1
frankfurt_000000_009969,0.4431755828477474,0.0517729968674689,0.4024308682942208,0.31384788919089157,177.80241570830535,189.00100132331605,1
frankfurt_000000_010351,0.4384727067644163,0.0449120447674052,0.4495283513016325,0.4530098642398751,261.6065563007269,272.8051419157376,1
frankfurt_000000_010763,0.4367899506792783,0.0521659528078298,0.4364192183851546,0.37817286079601425,216.53928303216847,227.73786864717917,1
frankfurt_000000_011007,0.4449739977263742,0.0582485571821471,0.3758712876366382,0.23563550406936473,130.70246820837994,141.90105382339064,1
frankfurt_000000_011074,0.4471055583525405,0.036648928489581,0.4766993068684033,0.5977460968901392,348.76754683402964,359.96613244904034,1
frankfurt_000000_011461,0.4352932998604136,0.0421894323617201,0.4469602929992079,0.456224456307276,263.5424021053651,274.7409877203758,1
frankfurt_000000_011810,0.4347890692512351,0.0473967140196071,0.4586442550347244,0.45621181753398954,263.53479096350657,274.73337657851727,1
frankfurt_000000_012009,0.4430588900936543,0.0580187586913794,0.4141249630488005,0.31049166832163666,175.78128022580552,186.97986584081622,1
frankfurt_000000_012121,0.4421690786544428,0.0640382833651872,0.4085449861278456,0.2710098313740195,152.0050912687249,163.2036768837356,1
frankfurt_000000_012868,0.4413499755787921,0.0561970413217835,0.4513127576122335,0.4023384821640036,231.09195900499338,242.29054462000408,1
frankfurt_000000_013067,0.444849956589181,0.0499625725381623,0.466042878000868,0.4818579510014906,278.9790398253523,290.177625440363,1
frankfurt_000000_013240,0.450102725384492,0.0501265950462723,0.4612214284724263,0.48083525620581613,278.3631671459823,289.561752760993,1
frankfurt_000000_013382,0.4414627796947455,0.0693159421760112,0.3315576790715484,0.12170156540994712,62.09079601630791,73.28938163131862,1
frankfurt_000000_013942,0.4338196344124699,0.0628820467235552,0.5142326154830674,0.5171312490941452,300.2208225140122,311.4194081290229,1
frankfurt_000000_014480,0.4308176347219075,0.0637923761967474,0.4760519519712172,0.4048476979549087,232.6030231648957,243.8016087799064,1
frankfurt_000000_015389,0.4374542931588204,0.0564453148645968,0.4106510724111022,0.3003389569403652,169.66725912420168,180.86584473921238,1
frankfurt_000000_015676,0.4372014577616117,0.0672978644901502,0.4518686927406507,0.34106546480220606,194.19299605406857,205.39158166907927,1
frankfurt_000000_016005,0.4438609279515797,0.0461087503194069,0.4808585980756322,0.5433955754784157,316.0373507006659,327.2359363156766,1
frankfurt_000000_016286,0.4383564485848981,0.0369579395946197,0.4687015198964727,0.5528711084247782,321.74357105967977,332.94215667469047,1
frankfurt_000000_017228,0.4445828938626897,0.0388534696909726,0.4383649355810775,0.4701628976588125,271.9362115368009,283.1347971518116,1
frankfurt_000000_017476,0.4488702641709675,0.0316288441523001,0.4389084345024379,0.5236755537119138,304.1618403392771,315.3604259542878,1
frankfurt_000000_018797,0.4434825243628904,0.0486012850595379,0.3930857954669101,0.30891128649213345,174.8295652118243,186.028150826835,1
frankfurt_000000_019607,0.4442668088974341,0.0586504801331895,0.4525634350613907,0.3992382663764834,229.22499125297108,240.42357686798178,1
frankfurt_000000_020215,0.4413687632430786,0.0434177343943246,0.366960193741442,0.2750058014374348,154.41148739007693,165.61007300508763,1
frankfurt_000000_020321,0.441696319433581,0.0502554916733445,0.460571533710975,0.45853787581527966,264.9355566192311,276.1341422342418,1
frankfurt_000000_020880,0.4508371119626936,0.0538640519689611,0.3712713890855887,0.2555149834001338,142.67400483074752,153.87259044575822,1
frankfurt_000000_021667,0.4465025840026648,0.0433374038602787,0.4028955180916586,0.3618199168831651,206.69144629163634,217.89003190664704,1
frankfurt_000000_021879,0.4468237169447913,0.0486037078435294,0.3635905212760067,0.2546367602163621,142.14513378577695,153.34371940078765,1
frankfurt_000000_022254,0.442889795421054,0.0536071473540792,0.4380013099059398,0.3860963999999423,221.31088384626887,232.50946946127956,1
frankfurt_000000_022797,0.4401997766469959,0.0466336445608141,0.4146601860464089,0.360885337971855,206.12863750388686,217.32722311889756,1
frankfurt_000001_000538,0.4462079902789893,0.0443750367692202,0.4533771878466797,0.4823759765027814,279.2909977572899,290.4895833723006,1
frankfurt_000001_001464,0.4464203721813393,0.0512501731013161,0.4692975309274053,0.48722849037163873,282.2132094774761,293.4117950924868,1
frankfurt_000001_002512,0.4411991626029272,0.0752168126384296,0.3859001398433768,0.18546352213080336,100.48861254342799,111.6871981584387,1
frankfurt_000001_002646,0.4388326160278885,0.0758326509113566,0.4476127138295557,0.2969604922616349,167.63272829188784,178.83131390689854,1
frankfurt_000001_002759,0.4450024098785015,0.061069665552389,0.3973181980588481,0.26597720563062693,148.97441514329725,160.17300075830795,1
frankfurt_000001_003056,0.4386385694962129,0.0704925515687283,0.3894226001019619,0.20369528643525187,111.46788571399122,122.66647132900194,1
frankfurt_000001_003588,0.4439611916628874,0.0481674009898794,0.3805569012931609,0.28540640408882817,160.6747900382068,171.8733756532175,1
frankfurt_000001_004327,0.4266163713008007,0.0579652841701612,0.4478029533764013,0.36051520437918694,205.90574092867647,217.10432654368716,1
frankfurt_000001_004736,0.4418010722444511,0.0538351965615302,0.4222862427838679,0.34581033357097174,197.05038327676547,208.24896889177617,1
frankfurt_000001_004859,0.4386716384801437,0.0580057724258472,0.4098401786000006,0.2935559118315772,165.58247040413988,176.78105601915058,1
frankfurt_000001_005184,0.4453341126977421,0.0480689770857335,0.4784251354498368,0.5282924927691087,306.9421875549559,318.1407731699666,1
frankfurt_000001_005410,0.4443209019786381,0.0369111927732922,0.4996791769195862,0.6599979803966208,386.25598859898673,397.45457421399743,1
frankfurt_000001_005703,0.4345130234864522,0.0549407156174247,0.4550090137391641,0.40513473447553905,232.77587820609207,243.97446382110277,1
frankfurt_000001_005898,0.4439861650512354,0.0472292237786343,0.4454724591343935,0.4406348557805404,254.15425513589034,265.35284075090107,1
frankfurt_000001_007285,0.4390360488378472,0.0533500148814746,0.4883957644730061,0.510914825656776,296.4772566186307,307.6758422336414,1
frankfurt_000001_007407,0.4382179886408124,0.0764520625932937,0.5015859261887238,0.4198031245711744,241.60926696337597,252.80785257838667,1
frankfurt_000001_007622,0.4464968088643821,0.0428070316138428,0.4084750232138041,0.377576393156169,216.1800867938941,227.3786724089048,1
frankfurt_000001_007857,0.4518385122053458,0.0431048694661789,0.4464382183760139,0.4845316893215591,280.5891803971823,291.787766012193,1
frankfurt_000001_007973,0.4464341102518683,0.0341575287614501,0.5271450822143816,0.7754231612838873,455.76569542498817,466.96428103999887,1
frankfurt_000001_008200,0.4437034304957259,0.0572357280950966,0.3631634210423396,0.21414239858182327,117.75919664722493,128.95778226223564,1
frankfurt_000001_008688,0.4373177542055482,0.0588337263427773,0.3749402383808903,0.21970036779898805,121.10623762964616,132.30482324465686,1
frankfurt_000001_009058,0.4444910581399684,0.0721211353538882,0.3792648692610966,0.190339225966487,103.42478939481873,114.62337500982945,1
frankfurt_000001_009504,0.4415125352820009,0.0830390106798938,0.4179206980113321,0.2158063647954604,118.76124665736312,129.95983227237383,1
frankfurt_000001_009854,0.4416445829616728,0.0692886392048876,0.3648733395865387,0.17114975003437477,91.86877678186488,103.0673623968756,1
frankfurt_000001_010156,0.4371495586657288,0.0646818517740311,0.4891541213077723,0.4457498364617714,257.23452587785505,268.43311149286575,1
frankfurt_000001_010444,0.4387770819144988,0.0381624099248505,0.506858234734111,0.6611942283214932,386.9763759694887,398.1749615844994,1
frankfurt_000001_010600,0.4470687448774918,0.0502905272865469,0.4406504779103257,0.41879490041762096,241.00210858779724,252.20069420280794,1
frankfurt_000001_010830,0.4361958892273849,0.0554363260734281,0.4912504335404525,0.5007582296311639,290.3608961618951,301.5594817769058,1
frankfurt_000001_011162,0.4393645056840486,0.044338475210191,0.5329040558723407,0.704350643500043,412.96541704062224,424.16400265563294,1
frankfurt_000001_011715,0.4385811125764996,0.0332274738410012,0.5600965405082511,0.878345771739446,517.7462825337916,528.9448681488024,1
frankfurt_000001_011835,0.4342310195957677,0.0499200814895586,0.5719437654294922,0.7843602623670192,461.1476690237089,472.3462546387196,1
frankfurt_000001_012038,0.4431175558044043,0.0519079688491041,0.5142932579350437,0.605086189363814,353.18779267639206,364.38637829140276,1
frankfurt_000001_012519,0.4431826311924037,0.065610377642985,0.5048172985748728,0.4971771601691575,288.2043555655175,299.4029411805282,1
frankfurt_000001_012699,0.4481174509592123,0.0722473172124346,0.4727678903749806,0.39229314100831925,225.0425968698736,236.2411824848843,1
frankfurt_000001_012738,0.4413795081159949,0.0476922086712604,0.553586877649841,0.7555114898211777,443.774772515884,454.9733581308947,1
frankfurt_000001_012870,0.4293704417282066,0.0633175551987596,0.6239528470069564,0.8598475656666424,506.60655660012947,517.8051422151402,1
frankfurt_000001_013016,0.4299274973832375,0.0437116154410036,0.6196802001688828,0.9980926846508821,589.8585612047873,601.057146819798,1
frankfurt_000001_013496,0.4490677175562063,0.0467169242659576,0.4211994725303216,0.3936573878826396,225.864154172564,237.0627397875747,1
frankfurt_000001_013710,0.4476243866193912,0.0438266621245893,0.4624769116851582,0.5138953319535132,298.27213462780264,309.47072024281334,1
frankfurt_000001_014221,0.446068914320152,0.0449075651562822,0.4408535815661136,0.44592466681843135,257.33980972269984,268.53839533771054,1
frankfurt_000001_014406,0.4467189844681037,0.0451795306735822,0.4476002451454369,0.4635690913643195,267.96538351752065,279.16396913253135,1
frankfurt_000001_014565,0.4464006601489481,0.045664098547269,0.4277940677938792,0.4094406677404019,235.36893594749833,246.56752156250903,1
frankfurt_000001_014741,0.434960953531108,0.0623849838470041,0.4804338069758901,0.4308382014720508,248.25465364837888,259.4532392633896,1
frankfurt_000001_015091,0.4412571663541449,0.0522238878651077,0.4132711675675645,0.33214378959330715,188.82031200540288,200.01889762041358,1
frankfurt_000001_015328,0.4501005702070043,0.0488253436902787,0.4103995613083186,0.3598142985230267,205.48365139674053,216.68223701175123,1
frankfurt_000001_015768,0.4475042884602901,0.0497842277108486,0.4251602363256684,0.3842047902115742,220.17174556805315,231.37033118306385,1
frankfurt_000001_016029,0.4394170581641112,0.0526319927334466,0.4570641308496014,0.43171235910515876,248.781076395391,259.97966201040174,1
frankfurt_000001_016273,0.4431204553120313,0.0514361083152506,0.4606940020348006,0.45543314789389017,263.0658716342791,274.2644572492898,1
frankfurt_000001_016462,0.4327369773172664,0.0541691924985634,0.5740203197324428,0.7575385745852296,444.9954946024998,456.1940802175105,1
frankfurt_000001_017101,0.4441763627229025,0.0435949676809696,0.4972498498890058,0.608308874345695,355.1285120806085,366.3270976956192,1
frankfurt_000001_017459,0.4404430697659782,0.044097319304036,0.5535956111087845,0.7785903045516375,457.6729672899746,468.8715529049853,1
frankfurt_000001_017842,0.4386692713806518,0.0492717408027228,0.481014318707668,0.5133892881818092,297.9673921622342,309.1659777772449,1
frankfurt_000001_018113,0.4496124254930289,0.0366907566766633,0.3962756571238175,0.3864671894360117,221.5341753741421,232.7327609891528,1
frankfurt_000001_019698,0.4425483489328307,0.0568355415525357,0.4081824752610374,0.3020474095002729,170.69609906755252,181.89468468256322,1
frankfurt_000001_019854,0.4399252532682802,0.0576995407952602,0.4124624661122624,0.30262120092216055,171.0416395571415,182.2402251721522,1
frankfurt_000001_019969,0.4375351772819863,0.0638874632801772,0.4056331665674633,0.25783266604786664,144.06972663184192,155.26831224685262,1
frankfurt_000001_020046,0.4432514466640278,0.0501130616193739,0.3503880640494986,0.21820232143925536,120.2041055084197,131.4026911234304,1
frankfurt_000001_020287,0.4383229720460801,0.0501359903310037,0.3396834816677403,0.19323316799796555,105.16753790630673,116.36612352131745,1
frankfurt_000001_020693,0.4444359780437182,0.0403694736017521,0.4029454237374655,0.37303405956810454,213.44466742019063,224.64325303520133,1
frankfurt_000001_021406,0.4416882065843732,0.0529416969538614,0.474125186618259,0.4797850190849881,277.7307083202271,288.9292939352378,1
frankfurt_000001_021825,0.4386444991621999,0.0533066876506717,0.4828942014772253,0.49504958236948093,286.9231159957094,298.1217016107201,1
frankfurt_000001_023235,0.4508624151702501,0.0498997839894874,0.4500549136684753,0.45426546960015285,262.3626890597243,273.561274674735,1
frankfurt_000001_023369,0.4440597210446648,0.0447290319464927,0.4649578197789742,0.5071230579913496,294.1938323540976,305.3924179691083,1
frankfurt_000001_023769,0.4450897880236437,0.0375091502211402,0.4924094691889116,0.6351463964384823,371.29022201483804,382.48880762984874,1
frankfurt_000001_024927,0.4355944524491365,0.0630968514517828,0.3897619860380636,0.2277484439566152,125.95283531248946,137.15142092750017,1
frankfurt_000001_025512,0.4384930347251932,0.0350567812071848,0.4878530025750775,0.6223072558326141,363.5584178058125,374.7570034208232,1
frankfurt_000001_025713,0.4426544281606375,0.0415068910157257,0.4531370150710946,0.49043729263738695,284.1455686303078,295.3441542453185,1
frankfurt_000001_025921,0.437434730434661,0.051029666984951,0.4430455974830465,0.40128505438535217,230.45757874677275,241.65616436178345,1
frankfurt_000001_027325,0.4453975092052467,0.0629374923314653,0.4442146713324113,0.360740343737212,206.04132114307177,217.23990675808247,1
frankfurt_000001_028232,0.4400913425646645,0.058078475644099,0.4328199676018899,0.3463366508470202,197.36733456308244,208.56592017809314,1
frankfurt_000001_028335,0.4340027265253952,0.0485447932846024,0.4603209854259004,0.45275507485148875,261.4531206677656,272.6517062827763,1
frankfurt_000001_028590,0.4380820456596357,0.0664836869280683,0.3976010601920994,0.2327494551007546,128.96447294468177,140.16305855969247,1
frankfurt_000001_028854,0.4401426779347926,0.0527411591143805,0.4305574338553924,0.36729738385390276,209.99000835892858,221.18859397393928,1
frankfurt_000001_029086,0.4336184763143052,0.0696507861979928,0.4366454550265323,0.290689424275488,163.85625513540452,175.05484075041522,1
frankfurt_000001_029236,0.4454210124265939,0.0533421860857951,0.5170022196737605,0.610527176516808,356.4643863879327,367.6629720029434,1
frankfurt_000001_029600,0.4507850350285639,0.0589995557150107,0.4236047252605232,0.3438813481251951,195.88873716300705,207.08732277801775,1
frankfurt_000001_030067,0.4508109136570477,0.0558017397657509,0.4437955656755017,0.4074558637427902,234.1736755812546,245.3722611962653,1
frankfurt_000001_030310,0.4396924382515464,0.0493260818326164,0.3726886828334993,0.2578872735669407,144.10261159344347,155.30119720845417,1
frankfurt_000001_030669,0.435864853580233,0.065151183182593,0.4731518155625828,0.3998023618045392,229.5646927593897,240.7632783744004,1
frankfurt_000001_031266,0.4444918309347266,0.0492784096212201,0.4138440222243144,0.353759897975861,201.83765661634945,213.03624223136015,1
frankfurt_000001_031416,0.4480950646337029,0.0559787596274096,0.487324529752034,0.5148264464653276,298.8328571342795,310.0314427492902,1
frankfurt_000001_032018,0.4403795026195681,0.0641353817114843,0.5004732353773335,0.4863712431757657,281.69697029288477,292.89555590789547,1
frankfurt_000001_032556,0.4468452903605497,0.0541195062290816,0.3629635420440205,0.23112312124973006,127.98508535943442,139.18367097444514,1
frankfurt_000001_032711,0.4408498437852807,0.0705468983065734,0.3825266125171021,0.1950125942620991,106.23911862194983,117.43770423696054,1
frankfurt_000001_032942,0.440735497798028,0.0650546907502768,0.4328037697615257,0.3152324081966503,178.63618100497237,189.83476661998307,1
frankfurt_000001_033655,0.4444667781184994,0.0600668893894547,0.3298509971256917,0.15102911590172888,79.75201535283652,90.95060096784724,1
frankfurt_000001_034047,0.4362484761953268,0.0495065975556311,0.4921422635366406,0.5385020936307394,313.09046782835276,324.28905344336346,1
frankfurt_000001_034816,0.4360271139942308,0.0394353793419424,0.5256151229705023,0.7067219147829704,414.3934102255945,425.5919958406052,1
frankfurt_000001_035144,0.4497353743238687,0.0456690648819967,0.4772840264619684,0.5504963872697652,320.31350034192474,331.51208595693544,1
frankfurt_000001_035864,0.4384770927965984,0.061281013359087,0.3588383691328834,0.18418237376248497,99.71709763829307,110.91568325330378,1
frankfurt_000001_037705,0.4371935900606579,0.0536319294870053,0.5647645738103535,0.740923447580448,434.98976969826833,446.18835531327903,1
frankfurt_000001_038245,0.4480373194392651,0.0542017019669062,0.4135580332511552,0.3369262333356357,191.70032709297533,202.89891270798603,1
frankfurt_000001_038418,0.4443133419142018,0.0570545878295117,0.3941991518121422,0.2751822358280849,154.51773719340267,165.71632280841337,1
frankfurt_000001_038645,0.434789796162464,0.0707684986052533,0.4195906940648033,0.25299883125174505,141.15876355653253,152.35734917154323,1
frankfurt_000001_038844,0.4418826322204094,0.0636487604709569,0.4751296387179626,0.42519748585673683,244.85778230977328,256.056367924784,1
frankfurt_000001_039895,0.4445504186240091,0.05734781512783,0.432046400498354,0.3569695621366236,203.7705348073088,214.9691204223195,1
frankfurt_000001_040575,0.4399610654653517,0.0616639087500425,0.4683917432902048,0.4140381011383274,238.13753674314262,249.33612235815332,1
frankfurt_000001_040732,0.4403991489937965,0.0607509874957645,0.4221767184293859,0.3106712282336864,175.88941223606827,187.08799785107897,1
frankfurt_000001_041074,0.4402124857235504,0.0429490227030412,0.4981171252137079,0.605662587771401,353.53490310774134,364.73348872275204,1
frankfurt_000001_041354,0.4441349028986588,0.0503990975512409,0.3810979094702016,0.27695201066799213,155.58350576594782,166.78209138095852,1
frankfurt_000001_041517,0.4460804538218989,0.0484327360078982,0.430053354655646,0.3998908464616453,229.61797872807318,240.81656434308388,1
frankfurt_000001_041664,0.4415609935341173,0.0370512800763972,0.4029444437792453,0.3852885407943277,220.82438639305022,232.02297200806092,1
frankfurt_000001_042098,0.4456033566439401,0.0425931815823016,0.4206804383234092,0.4063899648968422,233.53178517468567,244.73037078969637,1
frankfurt_000001_042384,0.4373423334292662,0.0577668382176105,0.4388653031059779,0.3568201703919846,203.6805702407189,214.8791558557296,1
frankfurt_000001_042733,0.442056360577808,0.0398795645032232,0.522909559637876,0.7090202017759027,415.7774518519773,426.976037466988,1
frankfurt_000001_043395,0.4449333095127703,0.0578501939339157,0.4154217291078175,0.3177872025741162,180.1746928514629,191.3732784664736,1
frankfurt_000001_043564,0.4476316774813415,0.0291239058095273,0.5324094222958128,0.8344217611424424,491.2949910933057,502.4935767083164,1
frankfurt_000001_044227,0.4501277897768809,0.0388535843090515,0.4134365128397307,0.41803032760507064,240.54167844907897,251.74026406408967,1
frankfurt_000001_044413,0.4436047361867862,0.0387858050337227,0.4709067281457813,0.558861867612464,325.3512406478949,336.5498262629056,1
frankfurt_000001_044525,0.4414308904149663,0.0428138886432668,0.5097116006640782,0.6451905474346967,377.3388674290899,388.5374530441006,1
frankfurt_000001_044658,0.438786641664457,0.0573296928425074,0.3825248644343022,0.24187043494432478,134.45717938896834,145.65576500397904,1
frankfurt_000001_044787,0.4427500558206639,0.0446027031860525,0.5004732862795758,0.6081909109508798,355.05747384677795,366.25605946178865,1
frankfurt_000001_046126,0.442119716440246,0.0465324438661185,0.4566844583779547,0.4699785652738136,271.8252055159195,283.0237911309302,1
frankfurt_000001_046272,0.4340786265707598,0.0586713486217561,0.5085892425030496,0.5262440019397138,305.7085746128539,316.9071602278646,1
frankfurt_000001_046504,0.4477652230886458,0.0469475193162567,0.4424072955484073,0.4426865302965153,255.3897853123349,266.58837092734564,1
frankfurt_000001_046779,0.4418535248723568,0.0460160797913911,0.4403848154770955,0.42980387186977737,247.63177442165536,258.8303600366661,1
frankfurt_000001_047178,0.4397632541130817,0.0524557294183196,0.4168639897650426,0.33645833142220993,191.41855387351364,202.61713948852434,1
frankfurt_000001_047552,0.4415836414964538,0.0552057122791957,0.3808899817173819,0.2517938223469554,140.43310027360943,151.63168588862013,1
frankfurt_000001_048196,0.4440538189657188,0.0568152430280292,0.3986325670268542,0.2848327361288348,160.3293238980796,171.5279095130903,1
frankfurt_000001_048355,0.4416190686565472,0.0592272742446512,0.3348092034180135,0.15726018607857584,83.50440159884892,94.70298721385963,1
frankfurt_000001_048654,0.4476827775380697,0.0500080104332179,0.3734226511968834,0.26958560334508236,151.14741297024787,162.34599858525857,1
frankfurt_000001_049078,0.4490723786054881,0.0426215946963942,0.3294192707381161,0.21955888677690455,121.02103694561107,132.2196225606218,1
frankfurt_000001_049209,0.4447240276947201,0.0447326249162581,0.3242933664939269,0.19608997699938036,106.8879246938325,118.08651030884322,1
frankfurt_000001_049298,0.44443520005348,0.042954521288804,0.3684986356667888,0.28494172011716873,160.3949546817577,171.5935402967684,1
frankfurt_000001_049698,0.4321077492153852,0.0401068109272494,0.5705918830943139,0.8475370881921236,499.1931163649555,510.3917019799662,1
frankfurt_000001_049770,0.432492053907605,0.020688788406927,0.5691161364825322,0.9999999999983394,591.0071574608849,602.2057430758956,1
frankfurt_000001_050149,0.4429580373603924,0.0326257575054178,0.5092286828380448,0.7169989676711759,420.5823104967768,431.7808961117875,1
frankfurt_000001_050686,0.441026901877839,0.0563779160865969,0.5020169832356013,0.5363962764764151,311.8223326441488,323.0209182591595,1
frankfurt_000001_051516,0.4465746201908461,0.0309404237166607,0.4407839569480585,0.5279459550964176,306.73350057826883,317.93208619327953,1
frankfurt_000001_051737,0.4441484467703765,0.0495903355085917,0.3109316190251985,0.1568616672886757,83.26441129484701,94.46299690985772,1
frankfurt_000001_051807,0.439749572547977,0.0694907781028534,0.3835226085887832,0.19868395626944768,108.45003390768946,119.64861952270017,1
frankfurt_000001_052120,0.4413290532131467,0.0639473228359907,0.4016551491502074,0.2560648545237012,143.00514037931194,154.20372599432264,1
frankfurt_000001_052594,0.4304554142186448,0.0574597327442497,0.4370963028203783,0.3434175698108533,195.6094471985959,206.8080328136066,1
frankfurt_000001_053102,0.4373439119942172,0.0527063399055851,0.3816774561169039,0.25758712731793415,143.92186179852874,155.12044741353944,1
frankfurt_000001_054077,0.4567597364285203,0.0280677700319498,0.4339761982218424,0.5511706092790881,320.71952070804787,331.91810632305857,1
frankfurt_000001_054219,0.4422801694051448,0.0533515496556098,0.5064730484961785,0.5705477148456395,332.38852496443235,343.58711057944305,1
frankfurt_000001_054415,0.4398510792845426,0.0666591293755629,0.459763632401303,0.367799318430683,210.2922762437145,221.4908618587252,1
frankfurt_000001_054640,0.4336531521282127,0.0721587096687036,0.5274938889618408,0.5014651490855376,290.7866071172117,301.9851927322224,1
frankfurt_000001_054884,0.4396144258338312,0.0617763208288452,0.4193570671562634,0.29859392226465137,168.6163892206185,179.8149748356292,1
frankfurt_000001_055062,0.4497090213863645,0.0384998360103216,0.4327774167710556,0.46873332673656515,271.0753157172878,282.2739013322985,1
frankfurt_000001_055172,0.4394895479811324,0.029999124982692,0.5739170529039948,0.9581300248610354,565.7928179707135,576.9914035857242,1
frankfurt_000001_055306,0.4429779077051327,0.0457111540756235,0.5555945897702181,0.7808847729702011,459.0547093489422,470.2532949639529,1
frankfurt_000001_055387,0.4469209299023258,0.04680096415519,0.4088057564419798,0.3591691523144814,205.09514064483025,216.29372625984095,1
frankfurt_000001_055538,0.4467901124312881,0.0482368324910282,0.5023412559672666,0.6012662399166011,350.88739718101704,362.08598279602774,1
frankfurt_000001_055603,0.4426407790645773,0.0508253359874803,0.470721743320836,0.4846249266536451,280.6453284540337,291.8439140690444,1
frankfurt_000001_055709,0.4465156574899004,0.0408177361819124,0.4892652936207531,0.6076245421511818,354.7164033029002,365.9149889179109,1
frankfurt_000001_056580,0.4442093253142681,0.0514354226197512,0.3953525555985913,0.30207917463291395,170.71522821285856,181.91381382786926,1
frankfurt_000001_057181,0.4367725228811501,0.041869164539856,0.4874113669132908,0.5731984362258765,333.98480460290784,345.18339021791854,1
frankfurt_000001_057478,0.4512144071962653,0.0399209147200584,0.4315450362019932,0.46109867194882437,266.4776827577008,277.6762683727115,1
frankfurt_000001_057954,0.4489815498924103,0.0249592187951855,0.4750995029115677,0.6751111478737292,395.3572248497843,406.555810464795,1
frankfurt_000001_058057,0.4408922986252599,0.0463027304089723,0.405649994776691,0.34307720214069337,195.40447583286786,206.60306144787856,1
frankfurt_000001_058176,0.4367607730357976,0.0521997457675725,0.4392580845771563,0.3847659277483466,220.5096658153535,231.7082514303642,1
frankfurt_000001_058504,0.4474099092515197,0.0490893865569173,0.3712665942024438,0.2687004902816221,150.6143928001597,161.8129784151704,1
frankfurt_000001_058914,0.4359161895223473,0.0348676207505113,0.5538237187914306,0.8364553821511129,492.5196493439689,503.7182349589796,1
frankfurt_000001_059119,0.4372364123842159,0.04015180894964,0.5075291580173954,0.6464923563682596,378.1228242452703,389.321409860281,1
frankfurt_000001_059642,0.4502127788756605,0.0535979205274639,0.3807598325743789,0.27412879430588755,153.88334865873978,165.08193427375048,1
frankfurt_000001_059789,0.4408544876001725,0.0667104487088161,0.4118494425154704,0.26426477567368634,147.9431799886107,159.1417656036214,1
frankfurt_000001_060135,0.4395692954684003,0.0606128228817399,0.4176334621722039,0.300000159966301,169.46323364068314,180.66181925569384,1
frankfurt_000001_060422,0.4395337099904828,0.0618025060642489,0.3389036384423137,0.15234026606056944,80.54159750852648,91.7401831235372,1
frankfurt_000001_060545,0.4422919608299918,0.0534304786537115,0.2748422033199978,0.09598958428826063,46.606893318943584,57.80547893395429,1
frankfurt_000001_060906,0.4383024611771403,0.0486307410750824,0.447142117832517,0.425947107124782,245.30920854252267,256.5077941575334,1
frankfurt_000001_061682,0.4412811330544476,0.0611811071419794,0.3994859984616628,0.2630421886088647,147.2069310367636,158.4055166517743,1
frankfurt_000001_061763,0.4420689061614745,0.0621004270185313,0.4318234557313668,0.32905655682983936,186.96116270502745,198.15974832003815,1
frankfurt_000001_062016,0.4395265449873447,0.0614027643081456,0.3269654148210962,0.13626177125810554,70.8590355984507,82.05762121346142,1
frankfurt_000001_062250,0.4402100680464111,0.0610261152651574,0.3738156281219105,0.21334305337475382,117.27782637282671,128.47641198783742,1
frankfurt_000001_062396,0.4460338104723739,0.0580206110040468,0.3787351266084848,0.24387750550923612,135.66584880991854,146.86443442492924,1
frankfurt_000001_062509,0.4470177458287127,0.0435887381128098,0.2876680627670942,0.14684345929674442,77.23138890676714,88.42997452177785,1
frankfurt_000001_062653,0.4452953449943906,0.0561709460291047,0.480471906907331,0.48750932869429275,282.3823319282544,293.5809175432651,1
frankfurt_000001_062793,0.4366143155164698,0.0674770552549194,0.3815571976997234,0.1978615445457156,107.95477284448424,119.15335845949495,1
frankfurt_000001_063045,0.4368446295928768,0.063885388855883,0.4427164132659955,0.3354675555162347,190.82190293283315,202.02048854784385,1
frankfurt_000001_064130,0.4418599491462502,0.0382469065835115,0.580107323716663,0.9222873527081411,544.2081549530183,555.406740568029,1
frankfurt_000001_064305,0.4516516359193905,0.0303556320220662,0.4051360292902581,0.44701883465658265,257.9987238787246,269.1973094937353,1
frankfurt_000001_064651,0.4417744889664789,0.0518254791626199,0.3573662869514719,0.2217945115487082,122.3673430225562,133.5659286375669,1
frankfurt_000001_064798,0.4439348613876612,0.0530730056301892,0.3318411173469774,0.17678206315922648,95.26058809245797,106.45917370746868,1
frankfurt_000001_064925,0.4446711086783319,0.0735551655198154,0.3413583337147737,0.12798510048368755,65.8747769245395,77.07336253955022,1
frankfurt_000001_065160,0.4406045157952725,0.0506708023600954,0.3882351481844378,0.28447701680611776,160.11510767901598,171.31369329402668,1
frankfurt_000001_065617,0.4493602747067124,0.047873025436376,0.3456548798006767,0.22841977135750247,126.35711252878865,137.55569814379936,1
frankfurt_000001_065850,0.4389326523573157,0.0419186961808974,0.4505612104861267,0.47371060839237006,274.0726633153248,285.2712489303355,1
frankfurt_000001_066092,0.4420007933926517,0.053584458789504,0.5237549800055712,0.6207529809924311,362.6224245707343,373.821010185745,1
frankfurt_000001_066438,0.4519881799051223,0.0373617052391926,0.4254379788189799,0.46120117327068655,266.53940964239916,277.73799525740986,1
frankfurt_000001_066574,0.4349533656271562,0.0633748971599159,0.5478950005690932,0.6164264092207808,360.01693820201217,371.21552381702287,1
frankfurt_000001_066832,0.4450690423525011,0.0525416832128021,0.5179965160766086,0.6176312974643144,360.74252882203393,371.94111443704463,1
frankfurt_000001_067092,0.4347713800476059,0.0675702399297392,0.4797690081296143,0.401891326162083,230.8226790925855,242.0212647075962,1
frankfurt_000001_067178,0.4400826500423189,0.0606452153037949,0.4422738977180424,0.355892166961108,203.1217212450499,214.3203068600606,1
frankfurt_000001_067295,0.4351525250027837,0.0632894803505387,0.503756342545245,0.48839180090302964,282.9137617604615,294.1123473754722,1
frankfurt_000001_067474,0.4465038128922909,0.0514368846246334,0.3891470889790916,0.29328844710441965,165.42140160937512,176.61998722438582,1
frankfurt_000001_067735,0.4420955596832479,0.0593493940457506,0.3825100410881649,0.23885936972096206,132.6438986186802,143.8424842336909,1
frankfurt_000001_068063,0.4407582451487958,0.0523202074961172,0.4075171272881733,0.31808657641356597,180.3549774969065,191.5535631119172,1
frankfurt_000001_068208,0.4362187766721375,0.0472573097315969,0.4985243174412418,0.5708626811916784,332.57819950689293,343.77678512190363,1
frankfurt_000001_068682,0.4443007780287236,0.0501280837171066,0.3658568241769127,0.2483586107868336,138.36439614341992,149.56298175843062,1
frankfurt_000001_068772,0.4502371382102396,0.0377995092244906,0.3985232221988793,0.3874002738381401,222.0960841598793,233.29466977489,1
frankfurt_000001_069633,0.4447343061504797,0.0614196396835073,0.352079452005418,0.18168916212659428,98.21567127245355,109.41425688746426,1
frankfurt_000001_070099,0.4386106691284614,0.050971152963606,0.3986182578512098,0.30168136076119223,170.4756624146321,181.6742480296428,1
frankfurt_000001_071288,0.4429909471060871,0.0494682499309583,0.3840812456995405,0.2852033111138315,160.55248628228523,171.75107189729593,1
frankfurt_000001_071781,0.4437507930699446,0.0449447033686034,0.4307075379260829,0.4149834803814499,238.70684955273666,249.90543516774736,1
frankfurt_000001_072155,0.4402463212948321,0.0458899061343135,0.4345604014392602,0.41273184652765266,237.3509027146736,248.5494883296843,1
frankfurt_000001_072295,0.4439455098550479,0.0596060239035535,0.3790953388103208,0.23455186842780906,130.0498966016323,141.248482216643,1
frankfurt_000001_073088,0.4393159801730621,0.0650004199174199,0.4743800573125007,0.41069482005347835,236.12419367312614,247.32277928813684,1
frankfurt_000001_073243,0.4404168399171431,0.0449492606305573,0.4132433962115633,0.3665073951231874,209.51427260832577,220.71285822333647,1
frankfurt_000001_073464,0.4431528690623161,0.0566081952436389,0.3907990716020922,0.26810638428293637,150.25661875575472,161.45520437076541,1
frankfurt_000001_073911,0.4427986309058489,0.059984405843117,0.3665964089648816,0.20844504528490507,114.3282177714827,125.52680338649341,1
frankfurt_000001_075296,0.4436671748043492,0.0544547132668113,0.343810298981819,0.1910070663658819,103.82696671879312,115.02555233380383,1
frankfurt_000001_075984,0.4404152180138952,0.0859063833974221,0.4087421172890113,0.1880947967052476,102.07318120377053,113.27176681878124,1
frankfurt_000001_076502,0.4374177788972085,0.0676322455946852,0.4974876603822017,0.4526324270304301,261.3792614455482,272.5778470605589,1
frankfurt_000001_077092,0.4403757924830866,0.0501294259238335,0.405081218841779,0.32242405479204983,182.96703188690137,194.16561750191207,1
frankfurt_000001_077233,0.4439349077197305,0.0558919799090977,0.3785117488325051,0.2482836402088083,138.3192484307713,149.517834045782,1
frankfurt_000001_077434,0.4393527103487102,0.0639094118675196,0.3933816284554017,0.23689135960308214,131.45875162325947,142.65733723827017,1
frankfurt_000001_078803,0.4403042113579712,0.0606650923410331,0.4572171517487444,0.3920183184427694,224.87709714257232,236.07568275758302,1
frankfurt_000001_079206,0.4388115510814533,0.0559398246861039,0.4558268325689967,0.40980769411474904,235.58996133799087,246.78854695300157,1
frankfurt_000001_080091,0.4472509250814612,0.0585450911957792,0.3477868121959078,0.18873637267589694,102.4595419379157,113.65812755292642,1
frankfurt_000001_080391,0.4366692734897232,0.0648078854428412,0.3486930358926775,0.15385085314032274,81.45128172337168,92.64986733838239,1
frankfurt_000001_080830,0.4426219710661152,0.056257894266937,0.3956188105216209,0.2784371949937921,156.47789229647236,167.67647791148306,1
frankfurt_000001_082087,0.453064473157063,0.0338736639016189,0.4730137083123372,0.6200427778616011,362.1947361665973,373.393321781608,1
frankfurt_000001_082466,0.4428071084999859,0.0612262757064982,0.3705037708005246,0.21075099084909454,115.7168714334603,126.91545704847101,1
frankfurt_000001_083029,0.4391583927644627,0.0519984523931092,0.441302794570222,0.39507397870887506,226.71723330371304,237.91581891872374,1
frankfurt_000001_083199,0.4385222639017533,0.0593341870548659,0.39205598491407,0.25155863276565377,140.29146775703774,151.49005337204844,1
frankfurt_000001_083852,0.4386852390236992,0.0658019433927305,0.3634485170242501,0.1762130940283978,94.91795161423946,106.11653722925017,1
lindau_000000_000019,0.4396229291618063,0.0593575495080248,0.3900244327409998,0.24922418150513903,138.88564780102266,150.08423341603336,1
lindau_000001_000019,0.4465181980282849,0.0616730302425768,0.3069116130444828,0.11734722353443708,59.46858633155554,70.66717194656626,1
lindau_000002_000019,0.4447161402694434,0.056747433274042,0.3548899060168617,0.2030622956867778,111.0866950499456,122.28528066495632,1
lindau_000003_000019,0.443788355732587,0.063007703279798,0.3524846200869851,0.17543591492305793,94.44992989360443,105.64851550861515,1
lindau_000004_000019,0.4404473619474347,0.0593362141622865,0.4040724097680932,0.2787039889220864,156.63855713230924,167.83714274731994,1
lindau_000005_000019,0.4371028738377066,0.0612863303549284,0.2937240860064594,0.09203881561043185,44.22771773158678,55.42630334659749,1
lindau_000006_000019,0.4419879073596155,0.063058602709533,0.3257073796256522,0.1324730443973238,68.57744252393825,79.77602813894896,1
lindau_000007_000019,0.4369496288007653,0.0686408003339905,0.3879353642539135,0.20525197133516726,112.40533030088136,123.60391591589207,1
lindau_000008_000019,0.4426373783452089,0.0539466509932345,0.3634167158552043,0.22566468103146445,124.69798131175298,135.89656692676368,1
lindau_000009_000019,0.4349498623104748,0.0609757975089527,0.4795575595147314,0.43607184385076325,251.40638314605016,262.6049687610609,1
lindau_000010_000019,0.4512506530914573,0.0435616686484924,0.4320400500196917,0.4425188355643618,255.28879858154832,266.48738419655905,1
lindau_000011_000019,0.4465407285550508,0.0479155893331206,0.4547703616482278,0.4669744101388997,270.0160860405804,281.2146716555911,1
lindau_000012_000019,0.4410214867601388,0.046718699552158,0.4126607541170957,0.3572560317893183,203.94304847737877,215.14163409238947,1
lindau_000013_000019,0.4301376645679591,0.0688912861966548,0.4582458786515732,0.3360642332843926,191.18122571158415,202.37981132659485,1
lindau_000014_000019,0.4384016504238928,0.0673934187163649,0.5320839668945725,0.5528958063381553,321.7584442849575,332.9570298999682,1
lindau_000015_000019,0.4380456791826708,0.0527748809342803,0.4131440698686358,0.3237609955933724,183.77214531561165,194.97073093062235,1
lindau_000016_000019,0.4358273384661441,0.0624522289672302,0.3791743803913368,0.21132502554783558,116.06255842576756,127.26114404077828,1
lindau_000017_000019,0.4460963652336425,0.0536240912962094,0.384926078239252,0.2743107960307764,153.99295114271774,165.19153675772844,1
lindau_000018_000019,0.4488462577503456,0.0355227271786316,0.40032729325315,0.40077148179791544,230.1483023851315,241.3468880001422,1
lindau_000019_000019,0.4524209327121001,0.0253018651438941,0.3535657136153753,0.3519970022071202,200.77603065996777,211.97461627497847,1
lindau_000020_000019,0.4479077971302924,0.0615039263550798,0.345427993542273,0.17591067520486364,94.73583326189264,105.93441887690335,1
lindau_000021_000019,0.451393084849649,0.0561780374371489,0.2834114675760799,0.10977204638606386,54.90677114798033,66.10535676299104,1
lindau_000022_000019,0.4422159260644017,0.0543843956740043,0.4149586363283105,0.32744458141477645,185.99042185237778,197.18900746738848,1
lindau_000023_000019,0.4422413365832667,0.0447572780876718,0.4527413360929356,0.4697872975963626,271.71002302209354,282.90860863710424,1
lindau_000024_000019,0.4385338249639225,0.0553811514251698,0.4686831335274226,0.44509905083227724,256.84261903426176,268.04120464927246,1
lindau_000025_000019,0.4257316617072128,0.0780311173880799,0.4668635981371183,0.3070349078003941,173.69959918747176,184.89818480248246,1
lindau_000026_000019,0.4315789126471112,0.0891479244831095,0.3661598213242354,0.1030954627156804,50.88609411754199,62.0846797325527,1
lindau_000027_000019,0.4297953350065105,0.0866603954434888,0.3605347694313185,0.10035674505404507,49.23682261303907,60.43540822804978,1
lindau_000028_000019,0.4363124121598575,0.0644769898259338,0.350959474631887,0.1579753084923979,83.93505242345559,95.1336380384663,1
lindau_000029_000019,0.4431637488374089,0.0486599243838786,0.4538199734861058,0.4527386435146143,261.44322562233333,272.64181123734403,1
lindau_000030_000019,0.4391000641618418,0.072470355528838,0.4681127909081737,0.3585726275281883,204.73590999263686,215.93449560764756,1
lindau_000031_000019,0.4505523037269872,0.0448653566869268,0.4960569350028785,0.6135761743977058,358.3005104224386,369.4990960374493,1
lindau_000032_000019,0.4414325172253247,0.0527688297756219,0.3584639621843825,0.21954800550892192,121.01448418353998,132.2130697985507,1
lindau_000033_000019,0.438323778620452,0.0641700259306224,0.3871681877747612,0.222690000469646,122.90661159360668,134.1051972086174,1
lindau_000034_000019,0.4420775655335387,0.0546214765980976,0.3959238530254287,0.2852490861211104,160.58005225455796,171.77863786956866,1
lindau_000035_000019,0.4392946464507383,0.0621185778958888,0.356706106549753,0.1788059761463498,96.47940011679154,107.67798573180225,1
lindau_000036_000019,0.4477275533408687,0.0365485032652076,0.3635852430203922,0.3099731054177274,175.4689986669247,186.6675842819354,1
lindau_000037_000019,0.4404054222987675,0.0753092166573451,0.4898219827060366,0.40073935274362354,230.1289540841173,241.327539699128,1
lindau_000038_000019,0.430415408951154,0.0784563598610485,0.3895723472540524,0.16558687843566852,88.51878355712464,99.71736917213535,1
lindau_000039_000019,0.4420585299372236,0.0754959497739896,0.4264493822575976,0.26082681301791427,145.87281913282087,157.07140474783156,1
lindau_000040_000019,0.4588464487789112,0.0259036825780854,0.3559265519198138,0.36774464378467353,210.2593508578869,221.4579364728976,1
lindau_000041_000019,0.4356415499747991,0.0660431261214611,0.2933274283385744,0.07854972056102077,36.10450722392131,47.30309283893202,1
lindau_000042_000019,0.4357594486543241,0.0587731513777661,0.4521017879896251,0.38038857610223775,217.87359951459965,229.07218512961035,1
lindau_000043_000019,0.4384266185864177,0.065063408686945,0.4576676672119117,0.36760080499290826,210.17273031140863,221.37131592641933,1
lindau_000044_000019,0.4460371281078412,0.0626838271463965,0.2174260070230939,0.031490005682804696,7.764876656698361,18.96346227170907,1
lindau_000045_000019,0.4529637531601396,0.030264451068985,0.3671710284319909,0.3585628100587046,204.7299978561313,215.928583471142,1
lindau_000046_000019,0.4493904694981618,0.045371145124415,0.4100957722399264,0.37454172832548305,214.35259420454156,225.55117981955226,1
lindau_000047_000019,0.4534248788715583,0.0456096273590313,0.4687882127578285,0.5365289617455796,311.90223647526136,323.10082209027206,1
lindau_000048_000019,0.4513676483711015,0.046375662754227,0.3873678232512629,0.32229329975227466,182.88829045101252,194.08687606602322,1
lindau_000049_000019,0.4514386321851562,0.0301667856643918,0.3167645090808326,0.25197911913370097,140.54468706276128,151.74327267777198,1
lindau_000050_000019,0.4468575733773872,0.0455364956087181,0.4410227318173506,0.4446871210508766,256.5945525541579,267.79313816916857,1
lindau_000051_000019,0.438985662476124,0.0703161306699138,0.3900313732136602,0.20595099810670767,112.82628823726749,124.0248738522782,1
lindau_000052_000019,0.4475197167794463,0.043378765277412,0.4105620669143717,0.3817189092487129,218.6747337756125,229.8733193906232,1
lindau_000053_000019,0.427224635596608,0.0570692754969739,0.4404798170434514,0.3488758106548725,198.89643118196113,210.09501679697183,1
lindau_000054_000019,0.4372498738596933,0.0598714556957343,0.3728347769935969,0.2118059358621186,116.3521653789337,127.55075099394442,1
lindau_000055_000019,0.4362074190393809,0.0392232587471264,0.5658201064038265,0.8469278261797782,498.82621528208256,510.02480089709326,1
lindau_000056_000019,0.4380468376013148,0.0445465390211492,0.4835417092636535,0.5477764297066644,318.6755262765,329.8741118915107,1
lindau_000057_000019,0.4451464256285292,0.0741151484030537,0.3898725651711733,0.2031525054204621,111.14101986965171,122.33960548466243,1
lindau_000058_000019,0.4488798003565062,0.0415988956561971,0.2780284834179795,0.14228659796169657,74.48722084039628,85.68580645540699,1
munster_000000_000019,0.4401496753095925,0.04769844901749,0.4439203888658974,0.4263154529520019,245.53102851511292,256.72961413012365,1
munster_000001_000019,0.4429397300270739,0.0452294329963533,0.319077520264716,0.18338606043943703,99.23755318186495,110.43613879687567,1
munster_000002_000019,0.4461152117493291,0.0388555232601677,0.4165361497667051,0.41717981406474447,240.02949431052988,251.22807992554058,1
munster_000003_000019,0.4419431976998247,0.05605569752864,0.3299596694547834,0.16088083016218416,85.68477425963523,96.88335987464595,1
munster_000004_000019,0.437419871246121,0.0720911321369005,0.3678374976160131,0.1606184585032345,85.52677253979515,96.72535815480586,1
munster_000005_000019,0.4357993923969753,0.0709784352910084,0.4426522934311104,0.30140009991558464,170.30628551810452,181.50487113311522,1
munster_000006_000019,0.440210023466533,0.0660222183720341,0.431147102266655,0.3063107906863788,173.26353170275146,184.46211731776216,1
munster_000007_000019,0.4458946255280046,0.0556160191953666,0.4023630261539909,0.30148001275915703,170.35440949144945,181.55299510646014,1
munster_000008_000019,0.438753752957035,0.058459618938231,0.3069408845921816,0.11732439224857488,59.4548372000875,70.65342281509821,1
munster_000009_000019,0.4411706622432058,0.0623577011321713,0.3857081256718271,0.23148310159908245,128.20186759320927,139.40045320821997,1
munster_000010_000019,0.4352404214774008,0.0663237890602426,0.4267571900658776,0.2869075774443339,161.5788052542464,172.7773908692571,1
munster_000011_000019,0.4389576687913821,0.0477921500165165,0.346345458064772,0.21450870651233922,117.97978938671623,129.17837500172695,1
munster_000012_000019,0.4366907624662479,0.0628543248190407,0.3825417786683846,0.21698035550309253,119.4682306038181,130.6668162188288,1
munster_000013_000019,0.4497751634533183,0.0351259297006669,0.4050140851953495,0.41635186060870966,239.53089598430537,250.72948159931607,1
munster_000014_000019,0.4435419381914903,0.0583632446558359,0.3256667551708205,0.14898789721176164,78.52278173486235,89.72136734987306,1
munster_000015_000019,0.4492236514317146,0.0365936959362298,0.3953250465021355,0.3839036352464575,219.9903883185037,231.1889739335144,1
munster_000016_000019,0.4406905495005753,0.0642239268816775,0.3375120838340643,0.14405067027428575,75.54955531824041,86.74814093325112,1
munster_000017_000019,0.4379700439471598,0.0606894719487481,0.3472371732656322,0.1669191848726648,89.3211061450221,100.51969176003281,1
munster_000018_000019,0.4425822612557222,0.0447067518501533,0.4218833113152885,0.3922415488201345,225.0115277578508,236.2101133728615,1
munster_000019_000019,0.4418101027266497,0.043430293686456,0.3129857289989384,0.17902894757244375,96.61367479012736,107.81226040513808,1
munster_000020_000019,0.4396867126992704,0.0457834688874871,0.3852292160685339,0.29913484072608476,168.94213342463,180.1407190396407,1
munster_000021_000019,0.4378241231484061,0.0523813708363939,0.4002462350625264,0.2974303321458778,167.9156685685055,179.1142541835162,1
munster_000022_000019,0.4396213705306909,0.0547538078850799,0.3577518853054904,0.20804185205062414,114.08541249022898,125.28399810523969,1
munster_000023_000019,0.4392805822361458,0.0586453428163073,0.4465470206783615,0.37421338705850504,214.1548652078783,225.353450822889,1
munster_000024_000019,0.4395690445249549,0.0536596217446778,0.3358549815437999,0.17545459977458863,94.46118201850476,105.65976763351547,1
munster_000025_000019,0.4428401828864861,0.0447595157809087,0.3659371062384328,0.26919888254970065,150.91452748630172,162.11311310131242,1
munster_000026_000019,0.4377323642901732,0.064542244336676,0.531112972483906,0.5651597971663446,329.14388999473545,340.34247560974615,1
munster_000027_000019,0.4361759395176133,0.0591020913249316,0.3917548141610562,0.24851019805215813,138.45568286517567,149.65426848018637,1
munster_000028_000019,0.4418485017078004,0.0597119830542263,0.3812940084228002,0.2347179454947046,130.14990916511016,141.34849478012086,1
munster_000029_000019,0.4395069734179281,0.0517456755383987,0.3901577920568794,0.281908392909421,158.56826761662063,169.76685323163133,1
munster_000030_000019,0.4395648583259719,0.0643611751806083,0.3819474872878374,0.21435772278392912,117.88886611835652,129.08745173336723,1
munster_000031_000019,0.4407973733635638,0.0618040167376536,0.3886665673280827,0.23862413791386708,132.50224067349325,143.70082628850395,1
munster_000032_000019,0.4396204546718423,0.0508484313086419,0.3798912697317979,0.2653405066147285,148.5909913393118,159.7895769543225,1
munster_000033_000019,0.4385784849824952,0.0655984146366119,0.3846297982761202,0.21303720271891793,117.0936413513585,128.2922269663692,1
munster_000034_000019,0.4403572443408878,0.0595118807583347,0.3404656359761787,0.1633372919660029,87.16406966554392,98.36265528055463,1
munster_000035_000019,0.4440412873730091,0.0498344637384534,0.3298079030185209,0.18526220344209401,100.36737727289852,111.56596288790924,1
munster_000036_000019,0.4423377445795259,0.0542723776049149,0.3275610553148204,0.16376755344502927,87.42317559923835,98.62176121424906,1
munster_000037_000019,0.440225314868955,0.0578554148653578,0.31996383290186,0.1382658874866728,72.06592590108751,83.26451151609822,1
munster_000038_000019,0.4348496220871106,0.0597688102578191,0.4628874681861972,0.400019979361138,229.69574330176783,240.89432891677853,1
munster_000039_000019,0.4427073532764988,0.0372640639978689,0.3347620595781255,0.2420035271945349,134.5373283064039,145.7359139214146,1
munster_000040_000019,0.4371914911183592,0.0555515956360425,0.3836423357812536,0.24910394594788654,138.81324125792315,150.01182687293385,1
munster_000041_000019,0.4472788080895303,0.03784990781517,0.3314292151797444,0.23981331950427226,133.21837265679656,144.41695827180726,1
munster_000042_000019,0.4490114062174503,0.0455027052995698,0.3738163597716752,0.2925827519210588,164.99642791709354,176.19501353210424,1
munster_000043_000019,0.4383961830610438,0.0608044700250033,0.392836215233156,0.24682829443467982,137.44283084742844,148.64141646243914,1
munster_000044_000019,0.4480306655648124,0.0360558283224526,0.38997212369326,0.37168416611928484,212.63175383276953,223.83033944778023,1
munster_000045_000019,0.4457099303375588,0.0475407115879585,0.3990978570139478,0.3311324750962671,188.21129260722844,199.40987822223914,1
munster_000046_000019,0.433896497545613,0.0502110941090181,0.483480880295307,0.5052949158951515,293.0929146846065,304.2915002996172,1
munster_000047_000019,0.448809460268838,0.0330022123128042,0.4584160592685935,0.5708221572249894,332.5537957414206,343.7523813564313,1
munster_000048_000019,0.4425603479368811,0.0452356704347255,0.4362812525209626,0.42503692031300505,244.76108881719776,255.95967443220846,1
munster_000049_000019,0.4469350484352463,0.0447591186883963,0.3636936935019301,0.2714659614164638,152.27977539987475,163.47836101488545,1
munster_000050_000019,0.44336968981463,0.0710966569026589,0.3815375939479166,0.19569115148170685,106.6477496766039,117.84633529161461,1
munster_000051_000019,0.4400432869721175,0.0665162645707116,0.4234819708461405,0.28749631793746244,161.9333481603903,173.131933775401,1
munster_000052_000019,0.4325908864448052,0.0558141207800316,0.4701743087263715,0.4355007816657753,251.06248621859638,262.2610718336071,1
munster_000053_000019,0.4408860667663506,0.0574300482035918,0.366999468068907,0.21589784979512586,118.81633944956707,130.01492506457777,1
munster_000054_000019,0.4355066633470095,0.0562062594564612,0.3718131103599203,0.22212484992159928,122.5662746878699,133.7648603028806,1
munster_000055_000019,0.4358083726269912,0.0454263949850867,0.4169801944214901,0.3653737983025149,208.83161409258304,220.03019970759374,1
munster_000056_000019,0.4529334046987436,0.0396965105508473,0.4362912587340478,0.47921734378196934,277.3888509925463,288.587436607557,1
munster_000057_000019,0.4464552881966464,0.043740801709787,0.4129268574598728,0.38331543499352383,219.6361707481078,230.8347563631185,1
munster_000058_000019,0.4442176232313401,0.0575704980244323,0.2868439642798677,0.1007645253784169,49.48239026628954,60.680975881300256,1
munster_000059_000019,0.4423944587825623,0.0580882258491977,0.3868239143588136,0.25275769151893923,141.01354782455286,152.21213343956356,1
munster_000060_000019,0.4474780274081494,0.0448471718030513,0.2833346739502816,0.1373402896643956,71.50852557673272,82.70711119174344,1
munster_000061_000019,0.443139698821677,0.0387850274941013,0.3775532852845392,0.32141522431927266,182.359508382404,193.5580939974147,1
munster_000062_000019,0.4426430862787976,0.0567784199378766,0.3954358242945445,0.2758589752441384,154.9252735563166,166.1238591713273,1
munster_000063_000019,0.4494774047037845,0.0319346194818226,0.3951147718317704,0.4085860948201296,234.85430722703236,246.05289284204306,1
munster_000064_000019,0.4363949600746472,0.0852766982875393,0.4425116800479021,0.244534549519838,136.06152448655726,147.26011010156796,1
munster_000065_000019,0.4410656546851117,0.0630428968095533,0.3910738949603645,0.23873574967769096,132.56945391866293,143.76803953367363,1
munster_000066_000019,0.432734889309404,0.0584847795436541,0.3892595294769714,0.24185959872711188,134.4506537567295,145.6492393717402,1
munster_000067_000019,0.4381750129643095,0.0516128615530951,0.336387871356325,0.18213699119355736,98.48535650849549,109.6839421235062,1
munster_000068_000019,0.4381043812965768,0.0607224479696591,0.3433817305715642,0.1609790013397272,85.74389350655628,96.94247912156699,1
munster_000069_000019,0.4371681557498904,0.0545790469939978,0.349303577100412,0.19121266603000006,103.95078001729975,115.14936563231046,1
munster_000070_000019,0.4363310149897396,0.0495349965062298,0.4083558287109463,0.3260829159008223,185.17041905972485,196.36900467473555,1
munster_000071_000019,0.4386121886390185,0.0469683197946795,0.358592667504207,0.23963377218612114,133.1102482306519,144.3088338456626,1
munster_000072_000019,0.4408115268937655,0.0629698318169592,0.3353413647593131,0.14495945195862703,76.09682886775383,87.29541448276454,1
munster_000073_000019,0.4499392638101481,0.0513575785785152,0.3756352442740518,0.2726792492915556,153.01042432626062,164.20900994127132,1
munster_000074_000019,0.4424030929603524,0.0575753485864868,0.3073437607062703,0.12435489192347962,63.68864448101538,74.88723009602609,1
munster_000075_000019,0.4456002609388659,0.055891152318052,0.3140886952678992,0.14286047835594912,74.83281490965439,86.0314005246651,1
munster_000076_000019,0.4364566921839565,0.0543554793421954,0.394215665728473,0.274099283818282,153.86557727362273,165.06416288863343,1
munster_000077_000019,0.4462109475716918,0.038122436147897,0.4465826586105892,0.5000920963215814,289.95974685720967,301.15833247222037,1
munster_000078_000019,0.4380431535920581,0.0625606869064014,0.4301508226356147,0.31565814693664246,178.89256331924597,190.09114893425667,1
munster_000079_000019,0.4434101718820122,0.0616640488850742,0.3228132752635519,0.13448709360810138,69.790314525508,80.98890014051871,1
munster_000080_000019,0.4360429246048569,0.0628249803809547,0.3718580507594519,0.19739955998122688,107.67656308653625,118.87514870154696,1
munster_000081_000019,0.4468203968508892,0.0538382505076221,0.2827036539054179,0.10900088254988947,54.44237185698291,65.64095747199362,1
munster_000082_000019,0.4442972040779364,0.0624462110852355,0.3430750332144555,0.16318777606461793,87.07403033104856,98.27261594605928,1
munster_000083_000019,0.4417084956079649,0.044754319084941,0.4365312334674242,0.4266068390892811,245.70650292043544,256.90508853544617,1
munster_000084_000019,0.4461090020620577,0.0446194776832963,0.4360623739528099,0.4352382050691804,250.9043610841293,262.10294669914003,1
munster_000085_000019,0.4406269793039449,0.0521168569375864,0.4768897597326311,0.4896461588494144,283.6691433196486,294.8677289346593,1
munster_000086_000019,0.4427163965514901,0.0651370095434154,0.3980785562625215,0.24679143627162464,137.42063464995735,148.61922026496805,1
munster_000087_000019,0.4406914596267771,0.0651806239348936,0.3085098995991209,0.10254706660348722,50.55584682929822,61.75443244430893,1
munster_000088_000019,0.4418280782226268,0.0631092547799249,0.3064451113875758,0.10684008255844757,53.14112569249608,64.33971130750679,1
munster_000089_000019,0.440393961635566,0.0569439004933764,0.3457121837593606,0.18062337363621017,97.57384732263898,108.7724329376497,1
munster_000090_000019,0.439468971735387,0.0450393507311743,0.4440311842014265,0.43990584240357383,253.7152390935012,264.9138247085119,1
munster_000091_000019,0.4369366990873902,0.0661221622053651,0.435293646187248,0.3088890182424169,174.8161551439567,186.0147407589674,1
munster_000092_000019,0.4367519511957574,0.0497252902096414,0.3713125488253226,0.2495762073146041,139.0976397651938,150.2962253802045,1
munster_000093_000019,0.4405671665316481,0.0427715435309575,0.3695575645400984,0.282001118454469,158.62410747237845,169.82269308738915,1
munster_000094_000019,0.434773985373282,0.0660049103313807,0.4402493269261219,0.31657804417495117,179.44653071919603,190.64511633420673,1
munster_000095_000019,0.4418964319168602,0.0665687588731419,0.3962476956558898,0.23622049478154752,131.05475297490307,142.25333858991377,1
munster_000096_000019,0.4429278296739566,0.0657926537250309,0.3360620652015263,0.14018785677345422,73.2233468436047,84.42193245861542,1
munster_000097_000019,0.4402357035237583,0.0681810225673733,0.4440385851469348,0.3251724673437247,184.6221417098646,195.8207273248753,1
munster_000098_000019,0.4487505218143582,0.0264951971951209,0.3587970191091948,0.3508785447146498,200.10248913461473,211.30107474962543,1
munster_000099_000019,0.4397985223691746,0.0598981547332945,0.3005540685636872,0.10622255867609129,52.76924926405398,63.9678348790647,1
munster_000100_000019,0.4492179192687554,0.0445821546770753,0.2391941668319088,0.08747571287204892,41.47979105628267,52.67837667129338,1
munster_000101_000019,0.4363491508416024,0.0407348501725229,0.3820563931571006,0.3118271745626783,176.58552975407582,187.78411536908652,1
munster_000102_000019,0.437263882446789,0.0517521454369721,0.4738624904020028,0.47650327379268514,275.7544224578867,286.9530080728974,1
munster_000103_000019,0.4385227892008493,0.0522865497173372,0.4078881572057286,0.3153258354078927,178.6924434081422,189.8910290231529,1
munster_000104_000019,0.4446645946106157,0.0573013064808949,0.391744739007601,0.2698190901162602,151.28802004478362,162.48660565979432,1
munster_000105_000019,0.4351511782844141,0.0496445795615314,0.4354115350477788,0.38611102728931224,221.3196924839331,232.5182780989438,1
munster_000106_000019,0.4454947513301025,0.037585765214275,0.3243473346985009,0.2255207791246886,124.61132275705285,135.80990837206355,1
munster_000107_000019,0.4386296865175117,0.0545181263101191,0.3620503738246526,0.21522647562122282,118.41203406628914,129.61061968129985,1
munster_000108_000019,0.4424172103579077,0.0488470519237766,0.3794907259940432,0.27764148137061717,155.99870898275188,167.19729459776258,1
munster_000109_000019,0.444275717781935,0.0480476501792078,0.4250530253229568,0.38592869986020933,221.20989385900688,232.40847947401758,1
munster_000110_000019,0.4382149355936304,0.0556287732204147,0.4079136420932149,0.29944344390965116,169.12797603410547,180.32656164911617,1
munster_000111_000019,0.4431958844245224,0.0544752879476326,0.3678415764601411,0.23259188343077244,128.8695823800723,140.068167995083,1
munster_000112_000019,0.4482603568575374,0.0533912141975569,0.3898210267197682,0.28958294862167727,163.18992914210494,174.38851475711564,1
munster_000113_000019,0.4460246854404522,0.0471549216130114,0.3932624147218739,0.32069933516572735,181.92839582273254,193.12698143774324,1
munster_000114_000019,0.4446477992575512,0.0606585839263996,0.2970120057099361,0.10521611959014047,52.16316586643734,63.36175148144805,1
munster_000115_000019,0.4398783013005928,0.0408566554936061,0.4235247374664956,0.4118892381183396,236.8434790914204,248.0420647064311,1
munster_000116_000019,0.4416747816079182,0.0480904528424487,0.2792367732126999,0.1157874661893638,58.52929150054604,69.72787711555675,1
munster_000117_000019,0.4396870136782326,0.0397968567939687,0.3159114127786753,0.19530571317313772,106.41563651358172,117.61422212859243,1
munster_000118_000019,0.4459475521857451,0.0506136917228051,0.3542729900797418,0.22744782837045135,125.77180288004315,136.97038849505387,1
munster_000119_000019,0.4367177914908137,0.0579705643215679,0.4262361538568992,0.32600423153343894,185.1230348817962,196.3216204968069,1
munster_000120_000019,0.4442795865697332,0.0585469249300439,0.344701812712845,0.17885541037321645,96.5091696921152,107.70775530712591,1
munster_000121_000019,0.4531750461764805,0.0314055004635325,0.3535468833822333,0.32325406662478157,183.4668697793942,194.6654553944049,1
munster_000122_000019,0.4480422236050108,0.0482522672483533,0.3834965163013248,0.2986128213272774,168.62777034467064,179.82635595968134,1
munster_000123_000019,0.4398204115867843,0.0657340200236429,0.3955671521089578,0.23462730633300652,130.0953257413879,141.2939113563986,1
munster_000124_000019,0.4380079030622798,0.0491035531884778,0.3909332506334407,0.2932264557620759,165.38407006699467,176.58265568200537,1
munster_000125_000019,0.4425498124076547,0.0497066677865989,0.4482264558188186,0.4312384876242893,248.49570826813104,259.69429388314177,1
munster_000126_000019,0.4400966709884821,0.0640963607523566,0.3491274987551996,0.16112866078767846,85.83401928561824,97.03260490062895,1
munster_000127_000019,0.4313325841661014,0.072508582913368,0.4324623467510354,0.26640770107623496,149.23366197301084,160.43224758802154,1
munster_000128_000019,0.4487928202666384,0.0578246956359428,0.3789707189526534,0.2504165810282312,139.60371764187093,150.80230325688163,1
munster_000129_000019,0.4387266273190482,0.0655777509333684,0.3852638106655159,0.2144791528251967,117.96199198658992,129.16057760160064,1
munster_000130_000019,0.4518975298851235,0.0410956863516392,0.3974356149537635,0.37166839788344047,212.62225811058585,223.82084372559655,1
munster_000131_000019,0.4403841998779557,0.0557181156216579,0.363542540118301,0.21560679843442052,118.64106664861994,129.83965226363065,1
munster_000132_000019,0.4353061997522255,0.077571223485008,0.3366467189553091,0.09905996972921254,48.45589706494451,59.65448267995522,1
munster_000133_000019,0.4513964839562321,0.0358338193384819,0.3568516486569189,0.3058785603326663,173.00324010141367,184.20182571642437,1
munster_000134_000019,0.4440831551007891,0.0291794889542565,0.3865157258050435,0.39266443252881594,225.26619075587243,236.46477637088313,1
munster_000135_000019,0.436696058521946,0.0593256555943656,0.4222000639463212,0.3107926368758333,175.96252521762827,187.16111083263897,1
munster_000136_000019,0.4347002831445232,0.0434572308105311,0.4262471079733166,0.3961148420728842,227.3440471992777,238.5426328142884,1
munster_000137_000019,0.4427619454477319,0.0537722162262675,0.3995115122923487,0.2977360941532935,168.09980020538595,179.29838582039665,1
munster_000138_000019,0.4418029721147957,0.069059216647322,0.3694958404959548,0.1796803388152718,97.00594633754841,108.20453195255912,1
munster_000139_000019,0.4494810395711158,0.0384620219399596,0.397621869487213,0.38023947215680604,217.78380826234525,228.98239387735595,1
munster_000140_000019,0.4518332479308622,0.0528273791617095,0.3933864386278905,0.3072096075867376,173.80480440212213,185.00339001713283,1
munster_000141_000019,0.438906739567969,0.0605246246092925,0.4224601958588719,0.3096296771934109,175.26218421790662,186.46076983291732,1
munster_000142_000019,0.4431043698277861,0.0392268916354078,0.5143588157930924,0.6882507509035607,403.26996925609944,414.46855487111014,1
munster_000143_000019,0.437870586610148,0.0512182081466278,0.5016981998673843,0.5591890326941633,325.5482613390284,336.7468469540391,1
munster_000144_000019,0.4392688923760639,0.0508614022452224,0.4894748712976914,0.5291233769613867,307.4425507873775,318.6411364023882,1
munster_000145_000019,0.4517416042798778,0.0388718187891108,0.4373026221548703,0.4836078404789504,280.0328333184284,291.2314189334391,1
munster_000146_000019,0.4471947012437192,0.0641977029260357,0.3538368599790387,0.179316991224655,96.78713633174581,107.98572194675653,1
munster_000147_000019,0.4512631304032883,0.0392237450598536,0.409085789908346,0.40784708301398,234.40927007316745,245.60785568817815,1
munster_000148_000019,0.4475236410927373,0.0436606460573683,0.4248219039985201,0.4150635958115085,238.75509552482703,249.95368113983773,1
munster_000149_000019,0.4390765965055559,0.061130347885488,0.3302142537283526,0.14121134269722874,73.83969594486007,85.03828155987078,1
munster_000150_000019,0.4450631528155385,0.0524089213219316,0.3884194714363461,0.2847881939235345,160.30250032623843,171.50108594124913,1
munster_000151_000019,0.4444466908329249,0.0541868238684658,0.3989732691708937,0.29783485215493066,168.15927284114667,179.35785845615737,1
munster_000152_000019,0.4312560621409944,0.0635289154977032,0.4640999528553495,0.37764007775213143,216.21843802332825,227.41702363833895,1
munster_000153_000019,0.4297495023738873,0.0777561749748632,0.4795479114203376,0.3429483387165207,195.32687353875852,206.52545915376922,1
munster_000154_000019,0.4411646673266278,0.0624043604383532,0.3602127613290922,0.1862164473974767,100.94202846312638,112.14061407813709,1
munster_000155_000019,0.4472176042902309,0.0482937915980267,0.4264558673215214,0.39427602003075357,226.23669800501023,237.43528362002093,1
munster_000156_000019,0.4410506785545169,0.0356786262018485,0.4632414876497028,0.5505887685390257,320.3691328728262,331.5677184878369,1
munster_000157_000019,0.4433229985012642,0.0588643382793253,0.3333728159524889,0.15858346008663804,84.30128480616837,95.49987042117908,1
munster_000158_000019,0.4409911681975551,0.0488315365463557,0.2842529831531178,0.11921574465910187,60.59382048388918,71.79240609889989,1
munster_000159_000019,0.4356589245343866,0.0692750384523746,0.5530642254072181,0.597733894655414,348.7601985781997,359.9587841932104,1
munster_000160_000019,0.4385576103982038,0.0739072435971669,0.462842253525483,0.3385961683755391,192.70597156457046,203.90455717958116,1
munster_000161_000019,0.4496783764753311,0.0395853198070875,0.2938783086516622,0.17325373683097725,93.13580971413685,104.33439532914757,1
munster_000162_000019,0.4428881655566176,0.0674323798811185,0.325425666975423,0.12066156255396525,61.46450032361925,72.66308593862996,1
munster_000163_000019,0.4428306560042488,0.0553116059041819,0.3648231264233311,0.2231598248271455,123.18954251993031,134.388128134941,1
munster_000164_000019,0.4409533454063349,0.0617455340755415,0.4062709906263657,0.2737935569854444,153.6814668190752,164.8800524340859,1
munster_000165_000019,0.4445471548911164,0.0552544160004767,0.3615166012582891,0.22014378811436874,121.37326789016537,132.57185350517608,1
munster_000166_000019,0.4313547614363418,0.0438404205561443,0.4048328732781154,0.3399020300661051,193.4923689742934,204.6909545893041,1
munster_000167_000019,0.4316239491215137,0.041448960825468,0.580358987899095,0.8714742713486532,513.6082255349011,524.8068111499118,1
munster_000168_000019,0.4383085920555911,0.0607017869522057,0.3637557914573545,0.19430561669627888,105.81337267158636,117.01195828659708,1
munster_000169_000019,0.4365046693190247,0.0602526110284948,0.3836475716545575,0.22893961430512827,126.67016493734694,137.86875055235765,1
munster_000170_000019,0.4475956362399357,0.0534454895204947,0.3796399923654636,0.2672911115817444,149.7656568529231,160.9642424679338,1
munster_000171_000019,0.4487255797745056,0.0442385095704643,0.3530177807524212,0.2559352764478348,142.92710771784837,154.12569333285907,1
munster_000172_000019,0.4443698672506688,0.0481975139470066,0.3378030685431814,0.20523819788143577,112.39703584794225,123.59562146295296,1
munster_000173_000019,0.4443194452440808,0.0534775526189116,0.3945213849186672,0.29138510070145607,164.2751954744457,175.4737810894564,1
