uq_map_name,dataset_name,mean,above_threshold_mean_0.3,above_threshold_mean_0.5,above_threshold_mean_0.7,above_threshold_mean_0.9,above_threshold_mean_0.95,above_quantile_mean_0.3,above_quantile_mean_0.5,above_quantile_mean_0.7,above_quantile_mean_0.9,patch_aggregation_10,patch_aggregation_20,patch_aggregation_40,patch_aggregation_80,patch_aggregation_100,class_mean_w_equal_weights,class_mean_weighted_by_occurrence
ADE_val_00001380,ade20k_resnest_semantic_cityscapes_0_00_dropout_pu,0.16122106182195844,0.4274465155391096,0.5557273269611651,0.0,0.0,0.0,0.22668339433838713,0.3030117274453923,0.40151984611536295,0.5126116101701385,0.6540818463149786,0.634872048530285,0.592822732907491,0.545448879586174,0.5157082642469941,0.2905368975200675,0.16122106182195844
ADE_val_00001347,ade20k_resnest_semantic_cityscapes_0_00_dropout_pu,0.18063308320351906,0.4013159339957662,0.5634396343315096,0.7080266229369231,0.0,0.0,0.2433479081459901,0.28215220680723546,0.325588271443278,0.432632819201635,0.6922550699035418,0.6486895099220952,0.5773192747711079,0.517463296106094,0.4596762765733792,0.38913219167277613,0.18063308320351906
ADE_val_00000346,ade20k_resnest_semantic_cityscapes_0_00_dropout_pu,0.19211977830667054,0.4840229457226126,0.5780960807523298,0.7109232054002845,0.0,0.0,0.2714100037738169,0.3605668468883913,0.48048609881607907,0.5969754407875887,0.7159730315635335,0.6950790506563159,0.6396799047765052,0.5021930706648964,0.48648611171617157,0.3452922624896138,0.19211977830667046
ADE_val_00000060,ade20k_resnest_semantic_cityscapes_0_00_dropout_pu,0.07553528661389368,0.35868143119616663,0.0,0.0,0.0,0.0,0.10298678272421409,0.12955134885499697,0.16545635243966186,0.21504995128256413,0.43059413027363214,0.365520666760361,0.2627981076855084,0.1932105344298599,0.177636873409483,0.1849511856180482,0.0755352866138937
ADE_val_00001188,ade20k_resnest_semantic_cityscapes_0_00_dropout_pu,0.08473936027539251,0.36072783674375364,0.5209321374987593,0.0,0.0,0.0,0.11903052583674187,0.1592959868932528,0.22092822764851858,0.3169921125292645,0.4961274184467036,0.4068709689759247,0.3684023317542482,0.24997243080895593,0.20828968403695966,0.18415300694240944,0.08473936027539254
ADE_val_00001801,ade20k_resnest_semantic_cityscapes_0_00_dropout_pu,0.06662207111078859,0.3617608267258934,0.5443837714004355,0.0,0.0,0.0,0.09207088133353072,0.12163808392929547,0.1805857270112795,0.3182466930617438,0.5710850893241737,0.5014208314658822,0.40428087739473434,0.32530449801963207,0.28442930248173265,0.23987346376052737,0.0666220711107886
ADE_val_00000105,ade20k_resnest_semantic_cityscapes_0_00_dropout_pu,0.058424762794066255,0.3864162013973849,0.5185602310359693,0.0,0.0,0.0,0.08176773498912596,0.10899175808109608,0.1563813010655284,0.23588290333002998,0.5218285118558489,0.48682349900230115,0.3631843166119831,0.2521973245266652,0.20668579881539495,0.2304259546716957,0.05842476279406626
ADE_val_00001755,ade20k_resnest_semantic_cityscapes_0_00_dropout_pu,0.058753261150999415,0.3053762920937048,0.0,0.0,0.0,0.0,0.07813858415589428,0.09797664486885575,0.13086603375232045,0.19751444928486525,0.28215952324340143,0.25401172686807366,0.16213441758176597,0.11245633151848491,0.09587686836727627,0.13027128402482369,0.05875326115099941
ADE_val_00001577,ade20k_resnest_semantic_cityscapes_0_00_dropout_pu,0.08155918991318176,0.4195479082137031,0.5810137510718322,0.0,0.0,0.0,0.1130495971012791,0.1461783410930643,0.19944901060300915,0.3179542497754961,0.6763728443358993,0.653634445268808,0.611257366630507,0.3240114389101436,0.24505329711109844,0.30399095770311746,0.08155918991318176
ADE_val_00001216,ade20k_resnest_semantic_cityscapes_0_00_dropout_pu,0.35788994538137603,0.44418104828128985,0.5720249718191027,0.7210218641240556,0.0,0.0,0.44258361947696434,0.4843089678378433,0.5331024707699341,0.6114679539610558,0.7545030849221926,0.7020509113812962,0.619218609312039,0.5354612643495839,0.5192424980792806,0.4467902661264155,0.3578899453813761
ADE_val_00001356,ade20k_resnest_semantic_cityscapes_0_00_dropout_pu,0.23844552984682435,0.43694218332777524,0.5583432357272746,0.7080737487558151,0.0,0.0,0.31393913966517195,0.3775724278940945,0.45371260543284087,0.5502163187390589,0.6627504128072007,0.6077793713347299,0.53238282656773,0.45312226913185755,0.4091952085723297,0.37724984958135255,0.23844552984682435
ADE_val_00001069,ade20k_resnest_semantic_cityscapes_0_00_dropout_pu,0.26504212253599757,0.47978550852922214,0.5836415660858595,0.7256160960485405,0.0,0.0,0.3601813452130481,0.44009389788485687,0.5271817439661672,0.621072106309733,0.7656187563635478,0.7427299677931356,0.6839081998953475,0.6052120630078612,0.5521201329017464,0.4924030249704882,0.26504212253599757
ADE_val_00000308,ade20k_resnest_semantic_cityscapes_0_00_dropout_pu,0.15770092175729433,0.3709465311739739,0.5261888924205717,0.0,0.0,0.0,0.20985454546092333,0.24778174894079483,0.2993249594963495,0.3887860377305784,0.5156798924664148,0.4573053649941031,0.4238626956493863,0.290696784690799,0.2554003349470698,0.22693226104497424,0.15770092175729433
ADE_val_00000203,ade20k_resnest_semantic_cityscapes_0_00_dropout_pu,0.05441374993358659,0.35522565464359157,0.0,0.0,0.0,0.0,0.07267009185946437,0.09061451594027485,0.11903643475744329,0.1799957985896229,0.3536226680978033,0.2527488994667229,0.1584115510053301,0.09572247075533571,0.07514336217256824,0.04665647250238544,0.054413749933586594
ADE_val_00000348,ade20k_resnest_semantic_cityscapes_0_00_dropout_pu,0.24785161249145152,0.42309674644967277,0.5537645249886142,0.0,0.0,0.0,0.33796832883340355,0.40104586813789067,0.4593985279005564,0.537208073947632,0.6872319042792598,0.6653801877068944,0.6389241511650621,0.5003931647424134,0.46004681748883725,0.37339287074684846,0.24785161249145152
ADE_val_00001915,ade20k_resnest_semantic_cityscapes_0_00_dropout_pu,0.3225300633879965,0.4302720083447071,0.553713775720568,0.7298642659139458,0.0,0.0,0.4046435851514073,0.4498244847273049,0.49563563080672546,0.5623373767036617,0.7300556168445327,0.6728635597662013,0.5722638792262589,0.512818859536666,0.48147282016471554,0.3890115549575804,0.3225300633879965
ADE_val_00001957,ade20k_resnest_semantic_cityscapes_0_00_dropout_pu,0.1941522947620982,0.3987112232126718,0.5542555020497087,0.0,0.0,0.0,0.26263697657371654,0.3135971595220639,0.37798033710907264,0.47194707166298555,0.611873218993345,0.5635554789656004,0.4973413581251689,0.33747604078633875,0.2889032565686142,0.273693353079498,0.1941522947620982
ADE_val_00001952,ade20k_resnest_semantic_cityscapes_0_00_dropout_pu,0.044394443285322306,0.3575971782037671,0.5135067127934081,0.0,0.0,0.0,0.06166229646523528,0.08035448818158963,0.10943551156280906,0.2001369363444556,0.42983389816707634,0.29120971008005914,0.24613322241576824,0.20899657813524672,0.20404801096871375,0.13667872064177533,0.04439444328532232
ADE_val_00000949,ade20k_resnest_semantic_cityscapes_0_00_dropout_pu,0.12344766484510276,0.4061351024662043,0.5487457949659915,0.0,0.0,0.0,0.1742811534219551,0.23271403862433843,0.31452463345253767,0.4436602963675838,0.62747247663763,0.5854169142646188,0.5413817483703336,0.4515551498926903,0.39983474546228465,0.27962090506851167,0.12344766484510274
ADE_val_00001276,ade20k_resnest_semantic_cityscapes_0_00_dropout_pu,0.05049381820254143,0.4397901161026087,0.5736565899769093,0.7148003608389457,0.0,0.0,0.07050082320999944,0.09568872101065173,0.1471419988945319,0.29531893717053465,0.7072453128801793,0.6736394484202134,0.5918120599806275,0.37735196179263114,0.29586559631198844,0.28965906136259556,0.050493818202541424
ADE_val_00001446,ade20k_resnest_semantic_cityscapes_0_00_dropout_pu,0.12923839310280144,0.4372067111993259,0.5775175779774508,0.7303437244318238,0.0,0.0,0.18160590641381918,0.24422143803931928,0.34986590387837946,0.507358559189366,0.7452767001586136,0.6756634757860114,0.5862426358085009,0.4950749665133117,0.42008689062509247,0.35827576481329415,0.12923839310280144
ADE_val_00001031,ade20k_resnest_semantic_cityscapes_0_00_dropout_pu,0.134836186341549,0.4181089417946562,0.563293016895448,0.70563936622095,0.0,0.0,0.19170086546756515,0.2400668314525882,0.31945749149080666,0.4606770165894199,0.6571791709536425,0.6436916614023102,0.5984917258505255,0.5128430634893487,0.44970018887831975,0.33380470499816134,0.13483618634154904
ADE_val_00000725,ade20k_resnest_semantic_cityscapes_0_00_dropout_pu,0.10763736524958324,0.3818510227635624,0.5466206398939752,0.0,0.0,0.0,0.146313262826823,0.1859386866744214,0.24776655273582102,0.36693823324195673,0.5535797702657882,0.48783196755066255,0.4295521346758773,0.31570145594462995,0.2705692020705158,0.2351654074197816,0.10763736524958327
ADE_val_00000908,ade20k_resnest_semantic_cityscapes_0_00_dropout_pu,0.10649824873548379,0.4114294347648369,0.5495141593257764,0.0,0.0,0.0,0.1505995324654125,0.20741752513278763,0.3235348730021157,0.46049093334595936,0.6471817645125789,0.6220306304103468,0.5787484708177503,0.46006466778084887,0.4365797522329031,0.2836210553292393,0.10649824873548382
ADE_val_00001108,ade20k_resnest_semantic_cityscapes_0_00_dropout_pu,0.14602232719482353,0.3743834483534,0.5576569157631663,0.0,0.0,0.0,0.20304300788656932,0.24824577155458522,0.29966716930068693,0.3892881410622765,0.6486083727103373,0.6066895272457384,0.4910399440492354,0.33789544811034106,0.2996229665392918,0.23204129550350508,0.14602232719482355
ADE_val_00000148,ade20k_resnest_semantic_cityscapes_0_00_dropout_pu,0.04601696301136304,0.34944710906737797,0.0,0.0,0.0,0.0,0.06342137007821383,0.08445955830642102,0.12606124403381155,0.22428996454842404,0.3957063233007422,0.3251340037564752,0.2523379189611477,0.12957371400929185,0.09970809490687772,0.167959780984147,0.046016963011363037
ADE_val_00000694,ade20k_resnest_semantic_cityscapes_0_00_dropout_pu,0.05217705902187892,0.34528142070605533,0.0,0.0,0.0,0.0,0.07098867609068489,0.09253277183389436,0.13247051190770434,0.21233223591549008,0.406558392898288,0.31296657414045975,0.23903075699398946,0.16594642040935234,0.14222890728345577,0.09418250240459847,0.05217705902187893
ADE_val_00001296,ade20k_resnest_semantic_cityscapes_0_00_dropout_pu,0.34974635224571915,0.49470496625224214,0.588650422885584,0.7214864869698632,0.0,0.0,0.4617551718619349,0.5258260955717244,0.5836080869880368,0.6541865856203969,0.762197481941591,0.7084419932539844,0.6686281396721873,0.6073804439395646,0.6047271531788344,0.4857245207639742,0.3497463522457192
ADE_val_00000393,ade20k_resnest_semantic_cityscapes_0_00_dropout_pu,0.09986646987140962,0.36603629097955426,0.5312090565202804,0.0,0.0,0.0,0.13829951838757037,0.17083602037721976,0.21458088816241302,0.3081983956391461,0.4174953620562649,0.35579443539460753,0.3136826025830994,0.24081506305074626,0.2061636088514445,0.15656319568998517,0.09986646987140962
ADE_val_00000089,ade20k_resnest_semantic_cityscapes_0_00_dropout_pu,0.17780032557004471,0.42159672257752423,0.5642702139102777,0.7492972468536746,0.0,0.0,0.24278028308977512,0.3034002273836046,0.3828258487742509,0.5045590839966685,0.7456511035752936,0.661618274770698,0.5085066693011625,0.347984822985279,0.2851225730885137,0.3044175353347978,0.1778003255700447
ADE_val_00000080,ade20k_resnest_semantic_cityscapes_0_00_dropout_pu,0.11200588472678963,0.3876045134703279,0.5319128031078094,0.0,0.0,0.0,0.15439983558069437,0.20114611718202322,0.27034203582863403,0.3843577288259924,0.5467394535171856,0.5069824652815897,0.40267323776484565,0.23061302735059053,0.19564697765396524,0.26289521508221053,0.11200588472678963
ADE_val_00000114,ade20k_resnest_semantic_cityscapes_0_00_dropout_pu,0.035529178609597735,0.3361358165841471,0.0,0.0,0.0,0.0,0.04980703878672656,0.06710635214273847,0.09632644650295472,0.1742749777798443,0.29953640112108465,0.26307798818271183,0.166426157390399,0.10394939360091357,0.08393295398845248,0.12112167018446103,0.035529178609597735
ADE_val_00001045,ade20k_resnest_semantic_cityscapes_0_00_dropout_pu,0.06494182941423897,0.4270354744008834,0.5534235470100584,0.0,0.0,0.0,0.08967287195029977,0.11853440895624098,0.17384831627444533,0.31105636645593276,0.6173397569720527,0.5757756409857776,0.5321741891490459,0.3692220046909432,0.323399856352503,0.2458099748363587,0.06494182941423897
ADE_val_00000193,ade20k_resnest_semantic_cityscapes_0_00_dropout_pu,0.2838809219723734,0.41508391159118885,0.5449914361835906,0.0,0.0,0.0,0.3598688625911565,0.4066641923570753,0.4567431224737884,0.52567070252685,0.6417594511415247,0.603506805809466,0.5696487279916631,0.5012590869776468,0.4714362024646384,0.36737809310111436,0.2838809219723734
ADE_val_00001493,ade20k_resnest_semantic_cityscapes_0_00_dropout_pu,0.13265239779930943,0.37792054242849255,0.5474251851518436,0.0,0.0,0.0,0.1852858835833084,0.24599146615207723,0.33044425079959,0.4185476748776983,0.58896666608946,0.4988893295465278,0.4193199216576631,0.3570122220070832,0.34677643728396323,0.19742997198827042,0.13265239779930943
ADE_val_00000941,ade20k_resnest_semantic_cityscapes_0_00_dropout_pu,0.048964661201218326,0.3275891172698907,0.0,0.0,0.0,0.0,0.06784724443334841,0.09000712164774288,0.13128662755015366,0.2100391913905851,0.3205108521928174,0.2621320035450502,0.18806835085673765,0.1240661317945709,0.10196492011133841,0.062328289846293974,0.048964661201218326
ADE_val_00000720,ade20k_resnest_semantic_cityscapes_0_00_dropout_pu,0.11394914222754911,0.4482639627092162,0.5724470081778232,0.7678478169151514,0.0,0.0,0.15842807942417758,0.2123387534743472,0.320801375018602,0.5053947904121217,0.8151258547692234,0.7608801889582024,0.6527648278975134,0.5307822500040352,0.5087524300324431,0.44204249065012213,0.11394914222754908
ADE_val_00000640,ade20k_resnest_semantic_cityscapes_0_00_dropout_pu,0.07124985427581718,0.39335554377791826,0.5392353806520118,0.0,0.0,0.0,0.10007391114834867,0.1357990976456319,0.20260387455408402,0.32004569639692315,0.5622977074135829,0.5247812355218854,0.42716587426401564,0.2965830014946822,0.23340953806252315,0.2190226343656583,0.07124985427581718
ADE_val_00001776,ade20k_resnest_semantic_cityscapes_0_00_dropout_pu,0.19556860324505781,0.5245859566719793,0.6161556288525432,0.7296021107859492,0.0,0.0,0.27711421608385195,0.3816699465024979,0.5305635962411781,0.6671329777151046,0.7629914241117502,0.7205691440861854,0.6702361782813806,0.6087637033244754,0.586697183020885,0.3995105642682802,0.19556860324505776
ADE_val_00001721,ade20k_resnest_semantic_cityscapes_0_00_dropout_pu,0.09637590935240628,0.36189475422778417,0.5028930244766783,0.0,0.0,0.0,0.13199337079366064,0.1647545470792983,0.19686541754729336,0.2689199244671069,0.39433220074724806,0.27856558285465466,0.2237298406627931,0.18743473221275042,0.17492319935740097,0.22242562984578007,0.09637590935240628
ADE_val_00000835,ade20k_resnest_semantic_cityscapes_0_00_dropout_pu,0.1710037920324418,0.441394250557813,0.5575654900537836,0.7072625194673888,0.0,0.0,0.23168247997996366,0.2927698958673707,0.3837798632826349,0.5205242291964264,0.6869785969104147,0.6254165391354376,0.5683412520225396,0.5279875367138743,0.5297214002561603,0.36422292477086815,0.17100379203244173
ADE_val_00000833,ade20k_resnest_semantic_cityscapes_0_00_dropout_pu,0.07472956548705395,0.35306445184088425,0.5210702551369895,0.0,0.0,0.0,0.10285431051372192,0.13574558279760318,0.19995821379580037,0.31346846812149903,0.5227150629039043,0.4538024309044834,0.3481185840543059,0.2504917529731904,0.2419876072748937,0.21374373231993385,0.07472956548705398
ADE_val_00000215,ade20k_resnest_semantic_cityscapes_0_00_dropout_pu,0.22355677781349265,0.43986793466518154,0.5585281449533422,0.7207998463109191,0.0,0.0,0.29359498043278986,0.3484432780782527,0.4255625886379232,0.541536151603374,0.6886594869667215,0.6420054068943857,0.6004282148491197,0.5391837573215728,0.5277902207799396,0.39157741667988694,0.2235567778134927
ADE_val_00000612,ade20k_resnest_semantic_cityscapes_0_00_dropout_pu,0.24859712677524928,0.411947187200728,0.5693925739434175,0.7180409126355007,0.0,0.0,0.30930047981772113,0.3527534376908123,0.4128605891309899,0.5207718416170434,0.6827172219576407,0.6368184144673614,0.5789123055459536,0.42564565035742397,0.39960180873996426,0.424460423718836,0.24859712677524926
ADE_val_00001261,ade20k_resnest_semantic_cityscapes_0_00_dropout_pu,0.053890601084841734,0.3186285869789209,0.0,0.0,0.0,0.0,0.07526898823857014,0.1015611183915592,0.15237533325791894,0.23468406431542768,0.27517091847281266,0.24467151797194797,0.2151547449758068,0.1384037156302517,0.11931231719328568,0.12067759554107081,0.05389060108484174
ADE_val_00001669,ade20k_resnest_semantic_cityscapes_0_00_dropout_pu,0.17048982655136258,0.4288197110913886,0.5613379638031564,0.7077589614324106,0.0,0.0,0.235425382586723,0.2966370544763812,0.3808395912220698,0.5049914949634154,0.702796830670338,0.6724166005235901,0.6173792631795504,0.5383726071020332,0.503883244313561,0.35998911727668376,0.17048982655136252
ADE_val_00001074,ade20k_resnest_semantic_cityscapes_0_00_dropout_pu,0.1395080397577018,0.444972287958339,0.5478586218895634,0.7432985951737766,0.0,0.0,0.19819406573011653,0.27335304792141085,0.40434064185567453,0.5270293119876043,0.715117381070072,0.6143088748780293,0.5945509448951378,0.5637161509218678,0.5510968182608936,0.3587774435456019,0.1395080397577018
ADE_val_00001067,ade20k_resnest_semantic_cityscapes_0_00_dropout_pu,0.05669972240316698,0.4069291192402184,0.5494116775601029,0.0,0.0,0.0,0.07775427947683995,0.10312275627924951,0.15525265101793023,0.2956443972063421,0.5159369429130183,0.4526430065615128,0.3151268690834096,0.17256369810650207,0.14922634507333193,0.24925632594445635,0.05669972240316699
ADE_val_00001302,ade20k_resnest_semantic_cityscapes_0_00_dropout_pu,0.09303197666753438,0.3728951729271561,0.5255302500803313,0.0,0.0,0.0,0.13067281224653057,0.17177192775766137,0.2327301581060217,0.3351683081091996,0.5267629085103906,0.46814351272389226,0.373824661232724,0.31182136286738915,0.29367682129792655,0.19244526779805438,0.09303197666753438
ADE_val_00001507,ade20k_resnest_semantic_cityscapes_0_00_dropout_pu,0.17486240935621716,0.4068951311572955,0.5569732190885667,0.0,0.0,0.0,0.2281492569841999,0.2723552205606995,0.33454091202818176,0.4511863919893565,0.6430475304890793,0.6055014601380383,0.47858492021066373,0.32244640490502346,0.2803789774863704,0.28245670026389486,0.1748624093562172
ADE_val_00000196,ade20k_resnest_semantic_cityscapes_0_00_dropout_pu,0.0823718002559892,0.3376064553514155,0.5326695267183565,0.0,0.0,0.0,0.11183404744758456,0.1413666586863653,0.1910420575906249,0.26199061350398745,0.4676314138645843,0.3738694941641171,0.3197911755177343,0.24365984083025602,0.18946980369297078,0.1991791899877974,0.0823718002559892
ADE_val_00000338,ade20k_resnest_semantic_cityscapes_0_00_dropout_pu,0.08322458162747275,0.38594429378450085,0.5142407502503975,0.0,0.0,0.0,0.11559079888409621,0.1550131458830133,0.23032967900131632,0.376832278336161,0.5359792823907356,0.516123491670433,0.48821529903632666,0.4174185700063777,0.3918984188888185,0.2626273724586159,0.08322458162747276
ADE_val_00001470,ade20k_resnest_semantic_cityscapes_0_00_dropout_pu,0.10453654883512675,0.43904172493916754,0.6020327634448835,0.7205237319854668,0.0,0.0,0.14798351595728335,0.2008887171311285,0.28911803347857074,0.43192234259225204,0.7211762408220107,0.685979011123571,0.6394362615036493,0.465140458062799,0.4027215087717757,0.29957075710547154,0.10453654883512677
ADE_val_00000023,ade20k_resnest_semantic_cityscapes_0_00_dropout_pu,0.0849034723416327,0.3985365630619308,0.5451630231299166,0.0,0.0,0.0,0.11865004697089968,0.15354236607621238,0.1928686422578502,0.2698960931203793,0.5660940238094372,0.5125002302283472,0.37887788717519105,0.21018974086299502,0.1816024484238108,0.25940869584518933,0.08490347234163272
ADE_val_00001857,ade20k_resnest_semantic_cityscapes_0_00_dropout_pu,0.15550428235718655,0.47461731270365226,0.600488420606532,0.7151638216757848,0.0,0.0,0.21967994539334287,0.30198685397049657,0.4273962457903108,0.5987465327267483,0.7329525653687756,0.6978784201910561,0.6622420643712001,0.6442240871211602,0.6309382646952709,0.355305039484355,0.15550428235718658
ADE_val_00001675,ade20k_resnest_semantic_cityscapes_0_00_dropout_pu,0.1675781724223885,0.3970228763669765,0.5484789206077066,0.0,0.0,0.0,0.21981384546839247,0.2664963216058799,0.33140226995024874,0.4415386377900104,0.6429910372083282,0.6264821023479354,0.5669627044745117,0.41834724146334457,0.4134292076427858,0.3363372653751997,0.16757817242238848
ADE_val_00001848,ade20k_resnest_semantic_cityscapes_0_00_dropout_pu,0.03989552403964192,0.3828814262026403,0.5281964516874488,0.0,0.0,0.0,0.055289213221630565,0.07423806267778073,0.10890605164469727,0.2093555603285319,0.530529418273442,0.477134572796319,0.4090710142580795,0.20174835657678802,0.17293424424976264,0.19708516708242987,0.03989552403964194
ADE_val_00001611,ade20k_resnest_semantic_cityscapes_0_00_dropout_pu,0.218479336069543,0.3810001233167676,0.5281016067370032,0.0,0.0,0.0,0.2694590468493331,0.3075737034248801,0.36307101907797007,0.4392807059888581,0.5329780648957378,0.5120619888143956,0.47945760118898006,0.41993008747621546,0.36900997594463775,0.26132999261053114,0.218479336069543
ADE_val_00001390,ade20k_resnest_semantic_cityscapes_0_00_dropout_pu,0.0772916503088919,0.4369441964521664,0.5443456951284094,0.0,0.0,0.0,0.1089593459290097,0.1472053562609661,0.21318252977372837,0.3791720033141016,0.614726379717331,0.5561162850020477,0.49574443981505345,0.32110434971766677,0.27602118159215705,0.29362796712217537,0.07729165030889186
ADE_val_00001329,ade20k_resnest_semantic_cityscapes_0_00_dropout_pu,0.09171785860979485,0.34550129878758035,0.516913542662287,0.0,0.0,0.0,0.12805516485687088,0.1690846545588335,0.23106061284034488,0.315131530092789,0.4365892418402778,0.3670439173454894,0.33353677154293526,0.2708917609332851,0.25194706251974225,0.20212834049386824,0.09171785860979485
ADE_val_00001718,ade20k_resnest_semantic_cityscapes_0_00_dropout_pu,0.08326187289402699,0.3751813435036966,0.5320660210948727,0.0,0.0,0.0,0.11318571266520308,0.14568342273747942,0.20077896719649918,0.30313275593418687,0.4906936767095903,0.4587379940441361,0.35801788409468926,0.2014134893810609,0.16000024899276757,0.23296100577681347,0.08326187289402699
ADE_val_00001871,ade20k_resnest_semantic_cityscapes_0_00_dropout_pu,0.044464436905364724,0.30805150061700753,0.0,0.0,0.0,0.0,0.060618123441263425,0.07934729683295377,0.11367397044211794,0.18800511222762714,0.2782412671618982,0.2317433420758012,0.1766176202732705,0.1279475806533215,0.11400469516753026,0.10563938842767069,0.04446443690536472
ADE_val_00000088,ade20k_resnest_semantic_cityscapes_0_00_dropout_pu,0.13585246331398884,0.3854231202001667,0.552193096145526,0.0,0.0,0.0,0.18353134151282446,0.2243609134347827,0.27310364214850524,0.36390935303545474,0.5842924405801143,0.5560824543762724,0.4333833569914905,0.25696611976254036,0.20670286043372388,0.2850008217913483,0.13585246331398887
ADE_val_00001913,ade20k_resnest_semantic_cityscapes_0_00_dropout_pu,0.28152030213757295,0.45622955360022005,0.6087402708812932,0.7353076006913516,0.0,0.0,0.37523480429733164,0.4399780403008672,0.5149981484276313,0.6414853926233347,0.785588722613197,0.7587802444193612,0.7070104563711374,0.6386465285153422,0.6075101714163411,0.4995819538397746,0.28152030213757284
ADE_val_00001702,ade20k_resnest_semantic_cityscapes_0_00_dropout_pu,0.20945183731236225,0.3906774867459136,0.5717463667282865,0.7399708968642573,0.0,0.0,0.2851175158377537,0.32225228478977597,0.3675246249438664,0.4695214105740248,0.7468206967754147,0.6174557927096944,0.5398069485051615,0.4572387923354741,0.4405574142151579,0.3822126246619523,0.20945183731236222
ADE_val_00000689,ade20k_resnest_semantic_cityscapes_0_00_dropout_pu,0.08172767335718645,0.3419400386254251,0.0,0.0,0.0,0.0,0.11382658698832437,0.14782866399265032,0.20188935142843287,0.2900418384680583,0.42963582647337406,0.40413756104565624,0.2665752187173009,0.17058185912347731,0.16468738956952733,0.20153914626592556,0.08172767335718648
ADE_val_00001526,ade20k_resnest_semantic_cityscapes_0_00_dropout_pu,0.056231440232171206,0.38008242365505607,0.538898371243186,0.0,0.0,0.0,0.07863731186044728,0.10476507549199192,0.1555894125946011,0.2910785513072539,0.584358297622031,0.4820361517376611,0.3948713367368275,0.291760043491407,0.2577813107655526,0.2186100540350019,0.05623144023217122
ADE_val_00001959,ade20k_resnest_semantic_cityscapes_0_00_dropout_pu,0.1080156801429197,0.3751749486167672,0.5345090186830453,0.0,0.0,0.0,0.151738610055192,0.20481953911317863,0.28503097713872355,0.388577365075531,0.5810819342916779,0.5051160444360855,0.44545063583936634,0.3670446990451939,0.3326477130515075,0.2660122213113374,0.10801568014291973
ADE_val_00000598,ade20k_resnest_semantic_cityscapes_0_00_dropout_pu,0.0985128492253295,0.36519302683668736,0.5149496281605017,0.0,0.0,0.0,0.13910304519721728,0.1843353317636615,0.23555865498769113,0.3352703003309957,0.5277861345942538,0.5039013357053825,0.4340319026058209,0.3386858781237984,0.3067743654578425,0.248796428772655,0.09851284922532956
ADE_val_00001811,ade20k_resnest_semantic_cityscapes_0_00_dropout_pu,0.07826016326315767,0.4447662870439472,0.5541505444515328,0.7099639083305832,0.0,0.0,0.10844071163654881,0.14579325343636765,0.2229836507608877,0.39594487294932407,0.673488693126385,0.5901966557037419,0.5294265888444792,0.4843459638023813,0.47392299644395963,0.3069999499102183,0.07826016326315768
ADE_val_00001186,ade20k_resnest_semantic_cityscapes_0_00_dropout_pu,0.2250183059887253,0.4043602306899405,0.5451701448400729,0.0,0.0,0.0,0.2944788264431788,0.34692499456790427,0.4090793882379773,0.4971245740078604,0.6239278569428253,0.6175173120412345,0.5956525374614908,0.5090622508862398,0.46860183753079293,0.34571948155493465,0.2250183059887253
ADE_val_00000515,ade20k_resnest_semantic_cityscapes_0_00_dropout_pu,0.09660407489097582,0.39636663893919627,0.5278700145945765,0.0,0.0,0.0,0.13319395949463478,0.169658837942631,0.21745707776948714,0.31191266803525464,0.5750050079384027,0.5466232612033634,0.4711605598477081,0.2888097821410114,0.2490748916841991,0.2466403811264006,0.09660407489097579
ADE_val_00000059,ade20k_resnest_semantic_cityscapes_0_00_dropout_pu,0.27456320125999517,0.36431738771541083,0.5331742039326269,0.0,0.0,0.0,0.3286426068466187,0.358524061038721,0.3868300696551006,0.4256115855319069,0.5415994459589314,0.4690610495587036,0.4341851013356305,0.40707365601648526,0.38465905253354976,0.3152458178078578,0.2745632012599952
ADE_val_00001497,ade20k_resnest_semantic_cityscapes_0_00_dropout_pu,0.19660109546891424,0.36239132254683176,0.5243595790534622,0.0,0.0,0.0,0.2554610964720849,0.2931935678858692,0.33662109280922625,0.40117963247530847,0.5362723163930334,0.5065824586706016,0.45948655658594106,0.4066941537217614,0.3958696975201087,0.2560780644712876,0.1966010954689143
ADE_val_00001496,ade20k_resnest_semantic_cityscapes_0_00_dropout_pu,0.4103689057381032,0.5010957094121586,0.5900266872777046,0.716710193058977,0.0,0.0,0.5026518771964514,0.5558946698573889,0.6051159088256107,0.66492642944077,0.7310754821760653,0.7021268405689217,0.6653083506741797,0.621628924873451,0.6064250316288088,0.554404616734195,0.41036890573810314
ADE_val_00001963,ade20k_resnest_semantic_cityscapes_0_00_dropout_pu,0.43135271742763015,0.4942477743012164,0.5883433150285265,0.708400829331403,0.0,0.0,0.5241326155206883,0.5649964620577871,0.6098083111727465,0.6557916758364055,0.7087696198563971,0.6998479761756982,0.6830549541324727,0.6526100465735865,0.6490725895517759,0.5111557010488481,0.43135271742763015
ADE_val_00000200,ade20k_resnest_semantic_cityscapes_0_00_dropout_pu,0.05986416069857719,0.33847347507223136,0.5060444296458714,0.0,0.0,0.0,0.08262051752957425,0.10926920819207395,0.15928082852970302,0.27204697577847986,0.41506645241914425,0.3459025947854732,0.27938043343921976,0.14772756065133413,0.12135044987293632,0.17386049199891065,0.0598641606985772
ADE_val_00000130,ade20k_resnest_semantic_cityscapes_0_00_dropout_pu,0.05667469500604884,0.3847712106678346,0.5694877480861168,0.0,0.0,0.0,0.07923431753102708,0.10759819175699176,0.1631853692125591,0.2809341480712375,0.6410762667683315,0.5890032741655324,0.4280894865297217,0.328427582624877,0.3031009630470102,0.2250400507868394,0.05667469500604884
ADE_val_00001886,ade20k_resnest_semantic_cityscapes_0_00_dropout_pu,0.1421638036259379,0.37481929347406995,0.5294287515798849,0.0,0.0,0.0,0.18934817861507916,0.22699142469837744,0.2750000557060993,0.3666002585610453,0.5354719719968217,0.3896277356340427,0.30889176908028276,0.22189773035677166,0.19625676109932155,0.260897388372695,0.1421638036259379
ADE_val_00000485,ade20k_resnest_semantic_cityscapes_0_00_dropout_pu,0.1409425842362926,0.4134095127984892,0.5559456870646519,0.0,0.0,0.0,0.19719992638452322,0.2551684469124991,0.3279943722343737,0.4555997865813634,0.6673777785897645,0.6248222429261596,0.5842681458452162,0.48641393850133036,0.4213357246063456,0.2956073407476104,0.14094258423629258
ADE_val_00001885,ade20k_resnest_semantic_cityscapes_0_00_dropout_pu,0.11758236077549213,0.3740864371079212,0.5409564355696261,0.0,0.0,0.0,0.16002900500698175,0.20221964004793175,0.26742471300006315,0.3810972924276028,0.5933170055760695,0.5509487825475196,0.48411546645766335,0.3782714407881223,0.3685586311748016,0.21178961368605398,0.11758236077549214
ADE_val_00001487,ade20k_resnest_semantic_cityscapes_0_00_dropout_pu,0.09977542693037285,0.39545210695248223,0.5397870733030478,0.0,0.0,0.0,0.13836480817517752,0.17876368642284238,0.2313084380760806,0.3302385676578321,0.5996893027084645,0.5365131297856193,0.48766592732130754,0.32565736906517573,0.2555495970064277,0.19288368373674752,0.09977542693037281
ADE_val_00000092,ade20k_resnest_semantic_cityscapes_0_00_dropout_pu,0.10635688571542147,0.3694837455979044,0.5650298660555553,0.0,0.0,0.0,0.14622205172980812,0.1875181791881561,0.24511488810767543,0.3300644771727106,0.6579910227028714,0.6235360596224743,0.4233457800428328,0.28662196595576334,0.2608267506371043,0.2246910654095106,0.10635688571542146
ADE_val_00001478,ade20k_resnest_semantic_cityscapes_0_00_dropout_pu,0.08197733228538087,0.38347461764423924,0.5402505454415263,0.0,0.0,0.0,0.11443375258243704,0.1511461831933559,0.20635292045431425,0.302669856018704,0.5933378714561769,0.48983080595759754,0.4036260833462123,0.25254520661797064,0.24140187012439265,0.1504585312765003,0.08197733228538086
ADE_val_00001029,ade20k_resnest_semantic_cityscapes_0_00_dropout_pu,0.16312446850940357,0.42316619938011274,0.5743626172612916,0.0,0.0,0.0,0.22757716261797117,0.28866970869860953,0.3650376129470147,0.49910321846323075,0.65772433037536,0.6434088169555529,0.6238176206649839,0.5059005091823701,0.472129356442053,0.28054745991808405,0.16312446850940357
ADE_val_00001867,ade20k_resnest_semantic_cityscapes_0_00_dropout_pu,0.043950031667468706,0.32226807737957097,0.0,0.0,0.0,0.0,0.06066121943784281,0.07868266601221331,0.1047403799581081,0.16494824988506457,0.22776340262207145,0.1838738609175755,0.14138765930565994,0.09147126116787002,0.07976302276961232,0.053757535573779866,0.043950031667468706
ADE_val_00000696,ade20k_resnest_semantic_cityscapes_0_00_dropout_pu,0.04571962474341333,0.3661491158378755,0.5541817469871605,0.0,0.0,0.0,0.06308112690276203,0.083293384026543,0.12423232416918197,0.23265935391558867,0.5447487295035293,0.40017904174873936,0.28445579876293275,0.17154300411402734,0.14605324278349213,0.16447812361814895,0.04571962474341333
ADE_val_00001912,ade20k_resnest_semantic_cityscapes_0_00_dropout_pu,0.1914119625639617,0.39789001114606043,0.5504137821227157,0.0,0.0,0.0,0.27070494227161335,0.3318462856761593,0.3925538394651249,0.479650596116748,0.6629132967626059,0.6376541872503894,0.5503399417493196,0.45517071228542016,0.4268800179273647,0.3065801232823522,0.19141196256396173
ADE_val_00001691,ade20k_resnest_semantic_cityscapes_0_00_dropout_pu,0.056051644472418026,0.3862157919400594,0.5570551420471669,0.0,0.0,0.0,0.07773513050689548,0.104700951219034,0.1577858801188838,0.25405403220860673,0.5638404392874001,0.40403917208296114,0.3140921127139922,0.2165052681876214,0.20030106539764728,0.16888287383173203,0.056051644472418026
ADE_val_00001859,ade20k_resnest_semantic_cityscapes_0_00_dropout_pu,0.0673619313351418,0.3552252690880641,0.5719916318377529,0.0,0.0,0.0,0.09181605075496538,0.11782643723091311,0.15955634957998935,0.24893011292168707,0.6047368386643495,0.5070677613232436,0.284600396282111,0.18532646383678447,0.16446623460854934,0.1942909575048909,0.06736193133514182
ADE_val_00001896,ade20k_resnest_semantic_cityscapes_0_00_dropout_pu,0.15659750958334898,0.4120264336762218,0.5441950883112322,0.0,0.0,0.0,0.21599371942992038,0.2841854394429542,0.3726730600747911,0.48258685140148666,0.6534936409042575,0.6397580912484306,0.5998319568131594,0.5196938760278028,0.5000004552082863,0.30465478392989953,0.15659750958334903
ADE_val_00001684,ade20k_resnest_semantic_cityscapes_0_00_dropout_pu,0.1666148490295177,0.43719615845598364,0.5436929424937621,0.0,0.0,0.0,0.22535600668953482,0.28198660596582464,0.36553687066779345,0.5018625188311042,0.5928492900120691,0.5501292540748414,0.47035667059204544,0.35708711516186803,0.31855031325614647,0.35729992485095025,0.1666148490295177
ADE_val_00000683,ade20k_resnest_semantic_cityscapes_0_00_dropout_pu,0.19132653945771846,0.45577721944317456,0.5468544731320915,0.0,0.0,0.0,0.2669598216111461,0.3440207220541852,0.45250504379904977,0.5454554959803382,0.6148685357818936,0.6015761664850845,0.5795140432278024,0.495250967240721,0.4576218034257533,0.42556048190013157,0.19132653945771846
ADE_val_00001312,ade20k_resnest_semantic_cityscapes_0_00_dropout_pu,0.0699723811316317,0.44370738923406966,0.5491229243302855,0.0,0.0,0.0,0.09870879172927162,0.13488035064662063,0.20840986173450254,0.3817017210984477,0.630303990652601,0.6015053622901196,0.5469389627675822,0.5113809406689183,0.48259506859984186,0.17467306342244265,0.06997238113163172
ADE_val_00000136,ade20k_resnest_semantic_cityscapes_0_00_dropout_pu,0.1515985744114012,0.3539869651858928,0.5282369789535728,0.0,0.0,0.0,0.1989099235903131,0.23514127024972897,0.27539112178682745,0.3397888901409488,0.44215709677112797,0.3649156686806587,0.2663878744733368,0.21715578625732995,0.21005683904847433,0.22196241329008984,0.15159857441140118
ADE_val_00000893,ade20k_resnest_semantic_cityscapes_0_00_dropout_pu,0.4697975520951653,0.557636929912527,0.6135916320189242,0.7279301559499556,0.0,0.0,0.5829307461961843,0.6251510642436224,0.6655786574329036,0.7134373932732254,0.8025974982469074,0.7730503945821701,0.7255594234784604,0.7047397549276517,0.6945595711223885,0.5686797297002018,0.4697975520951654
ADE_val_00001666,ade20k_resnest_semantic_cityscapes_0_00_dropout_pu,0.22504181618134633,0.3606716935945135,0.5816514961946294,0.7138475374170499,0.0,0.0,0.30602460526704206,0.3489482471651578,0.37887625701908995,0.43414799465921133,0.6877326811194078,0.5896359381113971,0.41091459911446443,0.35892780999629925,0.3446808422238412,0.3111664760101798,0.2250418161813464
ADE_val_00001727,ade20k_resnest_semantic_cityscapes_0_00_dropout_pu,0.1971969924097112,0.4214641321668794,0.5568314899711576,0.7029843171599706,0.0,0.0,0.2639518078384874,0.3137778883387447,0.3837211463495028,0.49881790935734843,0.6849010762218516,0.6428833229073403,0.5699532325002755,0.4612031849733238,0.419268336199154,0.3446026801113355,0.1971969924097112
ADE_val_00000726,ade20k_resnest_semantic_cityscapes_0_00_dropout_pu,0.11055204138696666,0.39725941342100374,0.5531898676068223,0.0,0.0,0.0,0.1545835315375021,0.20568228791970594,0.28605356089751177,0.4155468090950834,0.6526690998525863,0.5966953741989784,0.509719103394821,0.3752905391243237,0.2866220784693362,0.296759832294776,0.11055204138696666
ADE_val_00000056,ade20k_resnest_semantic_cityscapes_0_00_dropout_pu,0.08399833605949215,0.39580539275986126,0.5253816235784295,0.0,0.0,0.0,0.11478965088456024,0.14703094197909447,0.20183978252308943,0.3353244257998921,0.557210522859554,0.5295168441281117,0.5056207051089894,0.3362615171357816,0.2691569994354136,0.2631513048833538,0.0839983360594921
ADE_val_00001869,ade20k_resnest_semantic_cityscapes_0_00_dropout_pu,0.0454824879451648,0.32733880361779394,0.0,0.0,0.0,0.0,0.06271020268031596,0.08334460865409807,0.12450111360106209,0.2292089063226335,0.34392222121570243,0.26204979688675273,0.21607314416313347,0.1278549525215003,0.1067693897084592,0.11831479615067755,0.045482487945164796
ADE_val_00001658,ade20k_resnest_semantic_cityscapes_0_00_dropout_pu,0.2159996264690639,0.3875693703799062,0.5530263723743437,0.0,0.0,0.0,0.2757801460858258,0.31908095298253675,0.3741554181491838,0.45526742696367906,0.638321212604873,0.48853685629691873,0.3873855213381912,0.319935662256105,0.29182579660235203,0.3059795334705329,0.2159996264690639
ADE_val_00001278,ade20k_resnest_semantic_cityscapes_0_00_dropout_pu,0.09474172920619157,0.3453814999987738,0.0,0.0,0.0,0.0,0.13407902137412753,0.18146794714139364,0.2463554541307061,0.3417089022468664,0.41015405268085414,0.38246757782171775,0.34854242278300446,0.2661826302571974,0.21967626323728187,0.16849480606657463,0.09474172920619156
ADE_val_00000707,ade20k_resnest_semantic_cityscapes_0_00_dropout_pu,0.17728577297327705,0.40492166284331055,0.5594651314726217,0.7233604958773219,0.0,0.0,0.2521637262040972,0.3128447690322688,0.37328559623323315,0.48896173027977363,0.7024818849244727,0.6529588024847502,0.5868972623071269,0.5091641195426587,0.48364791462179146,0.3995834550111821,0.17728577297327702
ADE_val_00000367,ade20k_resnest_semantic_cityscapes_0_00_dropout_pu,0.14643918135272127,0.4368307450282944,0.547362956461305,0.0,0.0,0.0,0.20398457020564062,0.27425130794826624,0.3773982132650026,0.5117733379602182,0.6431375075786224,0.6008373748173839,0.557959149057829,0.4813393068659243,0.4086458920247645,0.36708636329923566,0.14643918135272127
ADE_val_00001580,ade20k_resnest_semantic_cityscapes_0_00_dropout_pu,0.12986060261804466,0.4148794532652134,0.5484840707624178,0.7084607655699569,0.0,0.0,0.18349250050454527,0.24513639732280093,0.33148565792725426,0.46292455420248846,0.6584607472002344,0.6026960553573165,0.5193330077074616,0.4504285925561179,0.41215437008765593,0.3285941629658536,0.12986060261804463
ADE_val_00000559,ade20k_resnest_semantic_cityscapes_0_00_dropout_pu,0.11264484571390558,0.43370245044580685,0.7068185546760596,0.7650882012460136,0.0,0.0,0.1578889954195719,0.20214973382142268,0.24205958048388385,0.3162024516130173,0.7866838468138156,0.7153576328701419,0.4411777320619699,0.2773408596060465,0.2540434713394341,0.2798177694929107,0.11264484571390558
ADE_val_00001667,ade20k_resnest_semantic_cityscapes_0_00_dropout_pu,0.06309296772784574,0.4369092424743263,0.5381311241785479,0.0,0.0,0.0,0.08596200436383142,0.11299747290516371,0.16515429479433674,0.30710519099878053,0.49432165464853134,0.3354471793735233,0.2618519246083551,0.15996469290693527,0.12918001068677917,0.295774514583266,0.06309296772784574
ADE_val_00001862,ade20k_resnest_semantic_cityscapes_0_00_dropout_pu,0.043487148473586305,0.32841010575950935,0.0,0.0,0.0,0.0,0.059122400828813856,0.07772094220265954,0.11396350291750977,0.20099052464986006,0.34635164165101473,0.2768772302556491,0.1598178603977079,0.09842664407170548,0.08533650478222929,0.1552297058988818,0.043487148473586305
ADE_val_00001195,ade20k_resnest_semantic_cityscapes_0_00_dropout_pu,0.12915068162127472,0.40237227872109516,0.5468288964084818,0.0,0.0,0.0,0.1811590108755246,0.24349584104238273,0.33652741663144875,0.4488177597738176,0.661029365495771,0.5745754466439756,0.5145145609933569,0.3899067556959712,0.35071245889444985,0.2798049004840494,0.12915068162127466
ADE_val_00000948,ade20k_resnest_semantic_cityscapes_0_00_dropout_pu,0.339518587933581,0.45478489921719983,0.5660896325008229,0.7140482094421422,0.0,0.0,0.43369983904786924,0.4840145465790031,0.5380835649816217,0.6031907775272461,0.6803221684624137,0.6437232213314672,0.5928948132355017,0.551390003838153,0.5234237589345618,0.41142375688362237,0.33951858793358103
ADE_val_00000807,ade20k_resnest_semantic_cityscapes_0_00_dropout_pu,0.07166575519268745,0.38445589274640324,0.5226503491288171,0.0,0.0,0.0,0.10070110005210188,0.1378771166859578,0.2145852868328626,0.35344327397425834,0.5277162159097079,0.4843702418137017,0.41772087428322935,0.3234204799142609,0.30042256277042406,0.21884529865920682,0.07166575519268746
ADE_val_00001559,ade20k_resnest_semantic_cityscapes_0_00_dropout_pu,0.0298644982170931,0.0,0.0,0.0,0.0,0.0,0.0406720740311843,0.052694935888883784,0.07664672249736248,0.14320515297473682,0.21193004761787368,0.1538094633802393,0.11785894462200337,0.06401712078190862,0.055457211838094884,0.03553885934838566,0.029864498217093097
ADE_val_00000985,ade20k_resnest_semantic_cityscapes_0_00_dropout_pu,0.08260223074250188,0.34006715694347434,0.540485516684518,0.0,0.0,0.0,0.11620334477494426,0.15854611068080102,0.24404115702733445,0.33352101446914184,0.5221653879024588,0.41058254039501135,0.387089781586484,0.3480961741256279,0.3327734111837667,0.20744532006362779,0.08260223074250189
ADE_val_00001381,ade20k_resnest_semantic_cityscapes_0_00_dropout_pu,0.21371603366097908,0.4491290549745157,0.5731877502645027,0.7351697408629579,0.0,0.0,0.3006025765420545,0.37879165650185886,0.4627961690296986,0.574350574022061,0.7641723067370155,0.7410370824252227,0.6790088550418336,0.5811572680046986,0.5545684765674225,0.3749898646466986,0.21371603366097913
ADE_val_00000282,ade20k_resnest_semantic_cityscapes_0_00_dropout_pu,0.028854662486942646,0.3525995795132255,0.5145706562464534,0.0,0.0,0.0,0.04020786225408251,0.054101325256204584,0.08266721914041356,0.16677240645274063,0.44756001765434333,0.3695740484426126,0.23775741621491803,0.15007406714995902,0.1261054552011381,0.11853159298820626,0.02885466248694263
ADE_val_00001433,ade20k_resnest_semantic_cityscapes_0_00_dropout_pu,0.12207323110356941,0.4528031982569037,0.5762302556818206,0.7382011155204742,0.0,0.0,0.17140492683286868,0.22606604557728674,0.31222966540005026,0.4894913624033778,0.7838184626201118,0.7257099567404244,0.6332595811050878,0.5101363233190042,0.48904285466630326,0.3572878202609368,0.1220732311035694
ADE_val_00001891,ade20k_resnest_semantic_cityscapes_0_00_dropout_pu,0.040284377986382014,0.3757883462162741,0.5230601173269026,0.0,0.0,0.0,0.053676247671912675,0.0689748457353899,0.09851243192188035,0.18439823088109916,0.3775680501026894,0.2412284946129381,0.1375832856522422,0.08717657227770591,0.07714910293390934,0.17887589023874778,0.040284377986382014
ADE_val_00001779,ade20k_resnest_semantic_cityscapes_0_00_dropout_pu,0.05651270439045545,0.39325354718738487,0.5363522155862359,0.0,0.0,0.0,0.07649877329105534,0.10033622298717336,0.14888537094758963,0.2879746177487828,0.5914267339404394,0.5332716085066646,0.44751031130419777,0.29612090430570975,0.23734699797474199,0.2543888714691155,0.056512704390455464
ADE_val_00001584,ade20k_resnest_semantic_cityscapes_0_00_dropout_pu,0.17363537794851103,0.37423419278608916,0.5378246509767101,0.0,0.0,0.0,0.24576720922790357,0.3001590338616575,0.34819114213532526,0.4228848275778926,0.5732325781830877,0.5456629231320589,0.48118559709257575,0.4303340637281645,0.4186691743043216,0.2658249022571395,0.17363537794851108
ADE_val_00000156,ade20k_resnest_semantic_cityscapes_0_00_dropout_pu,0.055967745730734944,0.36921738638182466,0.5495612191853944,0.0,0.0,0.0,0.07819455365999518,0.10587052638328683,0.1601258104512045,0.27293857020516454,0.5652209614499084,0.45444533558682026,0.39503848359398885,0.2691367958229791,0.21907635732194122,0.2307601180137909,0.055967745730734965
ADE_val_00000533,ade20k_resnest_semantic_cityscapes_0_00_dropout_pu,0.045086611656672194,0.3781946856633065,0.5169017993000447,0.0,0.0,0.0,0.0634431997288465,0.08585115967937769,0.13210697071317096,0.2584380094589245,0.5141063180886601,0.49054351048717443,0.42953817948549705,0.30937090011822493,0.25299672588963673,0.25401717112529076,0.0450866116566722
ADE_val_00001105,ade20k_resnest_semantic_cityscapes_0_00_dropout_pu,0.05871579674072412,0.42580057124415616,0.5533355389561843,0.0,0.0,0.0,0.08196901290432425,0.10989570398511818,0.16467950371949436,0.31726817456721323,0.6528885836735536,0.6297251608986718,0.5117946074029944,0.3366005517920362,0.275906335313798,0.26882789591235856,0.05871579674072411
ADE_val_00001794,ade20k_resnest_semantic_cityscapes_0_00_dropout_pu,0.05733023112606871,0.3482359959309191,0.0,0.0,0.0,0.0,0.07800714859101675,0.10195993040731567,0.1475276155470157,0.23119565123895464,0.4339237698315708,0.3633795158613783,0.2896856450627377,0.17977664118679154,0.16958619054363336,0.20068860053154994,0.057330231126068706
ADE_val_00000073,ade20k_resnest_semantic_cityscapes_0_00_dropout_pu,0.07420143712611961,0.3590497947514467,0.5566478002428049,0.0,0.0,0.0,0.10261002830049959,0.13680622543830073,0.20216251345682387,0.30880277926266514,0.5848762243865554,0.4516808888450421,0.31975192398072527,0.22786842201957988,0.20482398293195989,0.1892901501694689,0.07420143712611961
ADE_val_00001247,ade20k_resnest_semantic_cityscapes_0_00_dropout_pu,0.20688169122696662,0.4320925355635981,0.571941060022626,0.7182518842332791,0.0,0.0,0.275610941779469,0.3362356236248889,0.4156257936264452,0.5370526562925112,0.7233520845714994,0.6911930995270427,0.6061797757206212,0.4757104607024268,0.44735798484675926,0.38587145246034316,0.2068816912269666
ADE_val_00001308,ade20k_resnest_semantic_cityscapes_0_00_dropout_pu,0.11894225387108652,0.38339962022854207,0.5431968338311225,0.0,0.0,0.0,0.1664884585525084,0.21385282823530935,0.2766411999213986,0.3850068940130958,0.620926935411009,0.5595633951778064,0.47132242772332683,0.4404847091917543,0.40596860289349745,0.23615450140804803,0.11894225387108658
ADE_val_00001303,ade20k_resnest_semantic_cityscapes_0_00_dropout_pu,0.13238383438459417,0.3980038204351963,0.5328650414408427,0.0,0.0,0.0,0.18407545476947734,0.23892698781403987,0.31668547054010887,0.43482218433154407,0.5412623988532157,0.516477237737334,0.4101412240583241,0.32472600170115234,0.31744388376072596,0.3375426706183281,0.13238383438459422
ADE_val_00001734,ade20k_resnest_semantic_cityscapes_0_00_dropout_pu,0.14977239125454037,0.3713725153329503,0.5348750054395263,0.0,0.0,0.0,0.2077091214988145,0.27054518821398293,0.3509296148676575,0.41945532106901784,0.5396279036426165,0.4777645617132286,0.427913831035923,0.386868807150612,0.375013996252849,0.25854068111823864,0.14977239125454037
ADE_val_00001285,ade20k_resnest_semantic_cityscapes_0_00_dropout_pu,0.08944796850336902,0.389836336254279,0.5277865741169383,0.0,0.0,0.0,0.12086224932742541,0.15748333913372842,0.22334802680631255,0.3565904575440413,0.4854613550470587,0.44263674430252486,0.41057157343055606,0.2522394761178871,0.2055655556006529,0.3215422175292212,0.08944796850336902
ADE_val_00000728,ade20k_resnest_semantic_cityscapes_0_00_dropout_pu,0.21736440562650322,0.45183318470527417,0.5739675289610586,0.7101344194957073,0.0,0.0,0.29883346786184917,0.37026582969361976,0.46095881465278343,0.5715041467592451,0.7134247405141472,0.6882173046507467,0.6006254147718516,0.5132432699245538,0.4711005706611307,0.4184096576790613,0.2173644056265032
ADE_val_00000301,ade20k_resnest_semantic_cityscapes_0_00_dropout_pu,0.29075675855511757,0.5543923754255775,0.631261671342205,0.7438622849652282,0.0,0.0,0.37974809417453725,0.473955316961407,0.6052058708931588,0.7160017992438369,0.8285832787353171,0.8041539586250768,0.7635563099612749,0.7298637836781958,0.7116675221648164,0.4986001540484342,0.2907567585551177
ADE_val_00000366,ade20k_resnest_semantic_cityscapes_0_00_dropout_pu,0.05085691557970819,0.3205557376121543,0.0,0.0,0.0,0.0,0.06904981113785186,0.09090519269754058,0.13058620674511032,0.21110285055563885,0.34214150353966083,0.30397423546664465,0.2557780972738937,0.14711989101982442,0.1266963060370612,0.13683434767823738,0.05085691557970819
ADE_val_00001444,ade20k_resnest_semantic_cityscapes_0_00_dropout_pu,0.073638431389031,0.358748949480842,0.0,0.0,0.0,0.0,0.10165367940921959,0.1338804870316904,0.18400195020969518,0.26087432198331534,0.42695249223019,0.3499118378059714,0.27587433673379425,0.19697537465617063,0.17442174156640275,0.11280900112189068,0.073638431389031
ADE_val_00001674,ade20k_resnest_semantic_cityscapes_0_00_dropout_pu,0.0663378844734557,0.45457848306559756,0.5833256624987526,0.7338004809703305,0.0,0.0,0.0920400850018163,0.1237227061559747,0.1905332027010538,0.3864304842373143,0.6736091848764058,0.5857049402082616,0.5030042226348589,0.37438193275138787,0.3086128769000167,0.26296445359216253,0.0663378844734557
ADE_val_00000771,ade20k_resnest_semantic_cityscapes_0_00_dropout_pu,0.16824356855664488,0.37744063812797274,0.5670182676506023,0.7181023774651858,0.0,0.0,0.2108887584511502,0.24160601015081548,0.2912271607935454,0.3883663609057656,0.5560764457170146,0.4720666196633492,0.32073196764018647,0.2614147530477645,0.2411837434342365,0.30704752309719063,0.16824356855664485
ADE_val_00000626,ade20k_resnest_semantic_cityscapes_0_00_dropout_pu,0.2103507521658959,0.34268250833188835,0.5091814869657931,0.0,0.0,0.0,0.2525871665251458,0.2793700856749867,0.3069201724405663,0.35625145112094025,0.46313986853603767,0.4326404373147181,0.3553177285661082,0.31534881040321866,0.29484419467437617,0.28426112582905755,0.2103507521658959
ADE_val_00000553,ade20k_resnest_semantic_cityscapes_0_00_dropout_pu,0.11302187910347532,0.3364512140387973,0.0,0.0,0.0,0.0,0.16064468381112298,0.21621050621056434,0.2865161060131681,0.3383414908904565,0.39744046222469415,0.3731536389292303,0.32428619503827716,0.29982061367638285,0.258883929555018,0.19175476087049442,0.11302187910347533
ADE_val_00000755,ade20k_resnest_semantic_cityscapes_0_00_dropout_pu,0.09579771733358224,0.3403128009781112,0.5255004115794504,0.0,0.0,0.0,0.13194077298105525,0.1625561114005239,0.19497181833961602,0.2592347170913223,0.5491403292077284,0.45145419152374644,0.32924404006877844,0.2972224625704899,0.27796987391366496,0.14055571153166385,0.09579771733358224
ADE_val_00001833,ade20k_resnest_semantic_cityscapes_0_00_dropout_pu,0.12750491813580841,0.3790496899896516,0.5263614732007013,0.0,0.0,0.0,0.17885105066407372,0.23455977743839695,0.3104514721082801,0.40734011201720227,0.5458953955494251,0.4930710605010513,0.447640307183774,0.42038399944472316,0.40981851481844517,0.2747212093081097,0.12750491813580841
ADE_val_00001708,ade20k_resnest_semantic_cityscapes_0_00_dropout_pu,0.16044378479393565,0.5254334553298301,0.6174582074917826,0.7258315620934914,0.0,0.0,0.22537696498833826,0.3028671475426284,0.4364979679135378,0.6368269791118204,0.7667228579553911,0.74764253609245,0.7022171821404533,0.6549326585263938,0.6548269995447223,0.4610886927193972,0.16044378479393565
ADE_val_00000470,ade20k_resnest_semantic_cityscapes_0_00_dropout_pu,0.13670822519442202,0.3764192696695649,0.5799788531281214,0.7156701973723483,0.0,0.0,0.19100095721380414,0.24721296691268085,0.30905386561482556,0.39998063590690386,0.7111808337978088,0.667160764062896,0.6081316867146608,0.41611269534514334,0.32922056843523423,0.2975219366361037,0.13670822519442202
ADE_val_00001314,ade20k_resnest_semantic_cityscapes_0_00_dropout_pu,0.14156141915630036,0.39596052627360406,0.5300388601575234,0.0,0.0,0.0,0.19589453865363401,0.2516392497923006,0.3276843675118099,0.4369918582593191,0.550493919196563,0.5057162495597946,0.4165508065256855,0.2969280847170289,0.2619828302338484,0.30954457428120863,0.14156141915630036
ADE_val_00001689,ade20k_resnest_semantic_cityscapes_0_00_dropout_pu,0.156932707718351,0.42221843537723525,0.5631523897131173,0.7200914310966732,0.0,0.0,0.2180844940463117,0.2800472462667502,0.3604056911017695,0.4915835752965447,0.7036626976034555,0.6430914617505888,0.5668214338162813,0.44795799296098915,0.3871650962970596,0.33448509541209215,0.15693270771835102
ADE_val_00001244,ade20k_resnest_semantic_cityscapes_0_00_dropout_pu,0.06683271025108341,0.3992904023434094,0.5450503006427532,0.0,0.0,0.0,0.09434070682546791,0.1295326007199749,0.20375489227386895,0.36256726953472485,0.6067357392556708,0.5523644752591452,0.4874809091889932,0.36487950601342645,0.29113529026021684,0.2941728037702931,0.06683271025108341
ADE_val_00000942,ade20k_resnest_semantic_cityscapes_0_00_dropout_pu,0.04884564281585544,0.339181129078234,0.0,0.0,0.0,0.0,0.06572160027008844,0.0817141468266255,0.10663765793754784,0.1701177062209897,0.3897590107395277,0.2994975630314356,0.22183601288173613,0.1655239318274964,0.14392489122595536,0.055817462826511614,0.04884564281585543
ADE_val_00001591,ade20k_resnest_semantic_cityscapes_0_00_dropout_pu,0.16788507121349555,0.5022014126971428,0.5993105891464804,0.7092793340230046,0.0,0.0,0.2372690268276693,0.31787079599664636,0.4312691193730753,0.6123736109946492,0.7178526813565655,0.7011224045783839,0.6879192879572174,0.6669372526022034,0.6318940444303984,0.4803872186284297,0.1678850712134956
ADE_val_00000093,ade20k_resnest_semantic_cityscapes_0_00_dropout_pu,0.04768321725432467,0.37681321806113366,0.5370105401526364,0.0,0.0,0.0,0.06626691193617508,0.08948328517847083,0.13801491112263503,0.2797958783005722,0.5344068666469785,0.48136612850692584,0.42128202651940766,0.29091634553734036,0.23686026205303534,0.2180896483241973,0.04768321725432468
ADE_val_00000605,ade20k_resnest_semantic_cityscapes_0_00_dropout_pu,0.1601598561066146,0.3785196701280049,0.5403834038919016,0.0,0.0,0.0,0.21765270792373484,0.2649651480344266,0.3229013191606621,0.4136756323594196,0.5430092863198287,0.4671349526981647,0.3880823513106562,0.28321661046810953,0.276976928953858,0.24257219373528344,0.1601598561066146
ADE_val_00000482,ade20k_resnest_semantic_cityscapes_0_00_dropout_pu,0.13971299192067388,0.43155930672498966,0.5781427509738091,0.0,0.0,0.0,0.19261376029776836,0.24112468179048557,0.30366961925747543,0.4418188682158429,0.6581928400913698,0.6203912243283594,0.551866528299267,0.37625148280930887,0.3009377210408128,0.2560881809077549,0.13971299192067388
ADE_val_00000493,ade20k_resnest_semantic_cityscapes_0_00_dropout_pu,0.1464637289853206,0.4120431921104833,0.5451132647988661,0.0,0.0,0.0,0.2012238253602948,0.2457386642099267,0.30572699001341863,0.43317551536700716,0.6442413741128905,0.603972087766247,0.5238316800625683,0.4357668650518972,0.4015689271730942,0.30826492871969186,0.14646372898532056
ADE_val_00000050,ade20k_resnest_semantic_cityscapes_0_00_dropout_pu,0.09268684570791319,0.3828722297828473,0.514043372382314,0.0,0.0,0.0,0.12755103112455504,0.164963087191306,0.23166661042279962,0.36341936519255075,0.5057376807795397,0.46657593362281546,0.4338165202629618,0.3368196350909557,0.30202737412483743,0.26770422934574367,0.09268684570791316
ADE_val_00000692,ade20k_resnest_semantic_cityscapes_0_00_dropout_pu,0.03802029770295031,0.3588212752142122,0.5033936702919101,0.0,0.0,0.0,0.05256973560901706,0.06966473200597739,0.10354327204987099,0.18144165927220693,0.47798268092742974,0.41349748801291164,0.30501409613033337,0.1454489168831773,0.1105583054024218,0.14791575988284875,0.03802029770295032
ADE_val_00000980,ade20k_resnest_semantic_cityscapes_0_00_dropout_pu,0.07188611802620137,0.38589548166147747,0.564758316810003,0.7040453998848383,0.0,0.0,0.10052347530895317,0.13698891106959832,0.20948096620952422,0.27872746974705365,0.5301671663579411,0.3214662720824995,0.2358388182679553,0.16381589490562487,0.13509227745356905,0.09460985297065955,0.07188611802620137
ADE_val_00001023,ade20k_resnest_semantic_cityscapes_0_00_dropout_pu,0.12453130075327803,0.41451968284806745,0.5633148054317298,0.7286923029681734,0.0,0.0,0.17025916950071815,0.20966099889679188,0.25918903446404895,0.3840170507628469,0.5893904092330841,0.5163084732980443,0.385005096775594,0.26796109300040205,0.2357727085291833,0.3508200798045532,0.12453130075327801
ADE_val_00001202,ade20k_resnest_semantic_cityscapes_0_00_dropout_pu,0.020623965896489342,0.3644047175883161,0.5024923797842975,0.0,0.0,0.0,0.02772593408934741,0.03560172138678785,0.05045928357855092,0.09754067500018589,0.2857124829617756,0.2007523225422371,0.07748390274977963,0.044765916553627036,0.03830141311485716,0.030612173636046847,0.020623965896489342
ADE_val_00000573,ade20k_resnest_semantic_cityscapes_0_00_dropout_pu,0.04633425550864362,0.4053737831602331,0.557341924261545,0.0,0.0,0.0,0.06454715522082383,0.0873135587716892,0.13616316743668008,0.29203556347910015,0.6194455373861798,0.5014391997403003,0.37731128311399,0.2482184617534158,0.2072136944316865,0.23344440307638858,0.046334255508643625
ADE_val_00000137,ade20k_resnest_semantic_cityscapes_0_00_dropout_pu,0.08754534581968132,0.3914750233311868,0.5517646763223202,0.0,0.0,0.0,0.12359798995314127,0.16512430843273268,0.2385851005727643,0.3711252176552542,0.5953027362816478,0.511109721747073,0.44873264257005524,0.3606834232692069,0.2994918387845576,0.23607153613443554,0.08754534581968128
ADE_val_00001251,ade20k_resnest_semantic_cityscapes_0_00_dropout_pu,0.17948962806186963,0.3572389773143683,0.5219475282016249,0.0,0.0,0.0,0.24170044562162873,0.292165444026966,0.33873674799244863,0.3985377352898636,0.51470481559522,0.475447215861231,0.3938322814627972,0.29810762762555765,0.26444724297404676,0.28880430319387507,0.1794896280618696
ADE_val_00001063,ade20k_resnest_semantic_cityscapes_0_00_dropout_pu,0.06476735151434353,0.35805027092231817,0.5105069033327093,0.0,0.0,0.0,0.09078033400406363,0.12289604288395714,0.18621143878431903,0.2998610134801553,0.4585648121045572,0.37888413341984395,0.3091010523882581,0.18685371019463204,0.15312397965888275,0.14091327532916237,0.06476735151434354
ADE_val_00000962,ade20k_resnest_semantic_cityscapes_0_00_dropout_pu,0.10189282338786854,0.388558124893881,0.5259644972040862,0.0,0.0,0.0,0.1426175287453344,0.1879946040545724,0.25756817683893196,0.3735846802261834,0.5560317105490826,0.5413611415918357,0.4740429509060137,0.33098901855200813,0.32579480198971483,0.2096139911376286,0.10189282338786851
ADE_val_00000305,ade20k_resnest_semantic_cityscapes_0_00_dropout_pu,0.263033400192959,0.45985727160707857,0.5890408411166028,0.7291905996978169,0.0,0.0,0.3555389372065708,0.4239430460272258,0.5037449087038397,0.6144874655921351,0.768538215219272,0.7353328769712495,0.6903958977768542,0.6334184094809152,0.5911964393535108,0.4202583633721664,0.2630334001929589
ADE_val_00000320,ade20k_resnest_semantic_cityscapes_0_00_dropout_pu,0.10998419995563859,0.3886105313179279,0.5304467956531093,0.0,0.0,0.0,0.15189928248041856,0.19617520416083006,0.2593432912244806,0.3727110797219728,0.5272375635069255,0.4778007739028592,0.3673419075359348,0.21016911286404752,0.17719390469079363,0.22544932940886758,0.10998419995563859
ADE_val_00000403,ade20k_resnest_semantic_cityscapes_0_00_dropout_pu,0.20990483781070865,0.44337749774201596,0.5908203284912998,0.7149433128195385,0.0,0.0,0.29715786954262563,0.3723598666447886,0.4520516329665329,0.590278360768152,0.7357126470997158,0.717906552722333,0.6756044833234007,0.6488689405746692,0.6278845481758084,0.43054464391827707,0.20990483781070865
ADE_val_00001749,ade20k_resnest_semantic_cityscapes_0_00_dropout_pu,0.2040681043961566,0.35492809846614964,0.536305316763574,0.0,0.0,0.0,0.2655556354926338,0.30150876145163813,0.33973568556997213,0.3934466678180876,0.472455859007708,0.44424927322810975,0.36757769936089574,0.29665605100966497,0.2779509855844181,0.25982535859123074,0.20406810439615664
ADE_val_00000558,ade20k_resnest_semantic_cityscapes_0_00_dropout_pu,0.06407431757220965,0.3152717732594416,0.0,0.0,0.0,0.0,0.08728653976012808,0.11110012306877284,0.13923758679015844,0.16593130341901335,0.21499268562149657,0.16769499935200458,0.1615440386579756,0.1375827583360908,0.11078681581694991,0.07342607585245933,0.06407431757220966
ADE_val_00001349,ade20k_resnest_semantic_cityscapes_0_00_dropout_pu,0.2057600309015135,0.3599295688581089,0.0,0.0,0.0,0.0,0.2768797580419035,0.3076217089194803,0.34759249815625004,0.39796772868230507,0.44751104788137575,0.43185269746461197,0.3985338996552482,0.3505324435198017,0.33210324844231615,0.29185327378587017,0.2057600309015135
ADE_val_00000334,ade20k_resnest_semantic_cityscapes_0_00_dropout_pu,0.07568095178776879,0.3836774645818375,0.5310676073958419,0.0,0.0,0.0,0.1067649782537341,0.14708587319846045,0.2342957030695086,0.35757665768088215,0.5443422792697095,0.4839595294067327,0.3457584329844979,0.28582712213453987,0.24274302702073491,0.2107313584064973,0.07568095178776879
ADE_val_00001291,ade20k_resnest_semantic_cityscapes_0_00_dropout_pu,0.07130700051864494,0.4094351301997744,0.5501618684406595,0.0,0.0,0.0,0.10069691414101313,0.138124424229299,0.20867317775923339,0.3589655171457899,0.6356277387677792,0.5996762530875028,0.5544508155137112,0.49125619316969,0.4455167702757262,0.2867183915497802,0.0713070005186449
ADE_val_00001464,ade20k_resnest_semantic_cityscapes_0_00_dropout_pu,0.0850059626368449,0.37203508416499614,0.5258109381975572,0.0,0.0,0.0,0.11872363245683451,0.1562783717549969,0.22138651883190558,0.3371068223650427,0.5279447330313431,0.46639162052939975,0.4220472850484912,0.30929182004595474,0.28003578132445783,0.162873741739645,0.08500596263684491
ADE_val_00000560,ade20k_resnest_semantic_cityscapes_0_00_dropout_pu,0.06831486770740762,0.4545415898169757,0.5709206168666312,0.0,0.0,0.0,0.09522706666989776,0.12893063468087218,0.19378357360286178,0.3335589587549283,0.6212524535136676,0.471550117533895,0.2638084328000589,0.17108599627742066,0.15690460096861153,0.3580650384107176,0.06831486770740762
ADE_val_00001117,ade20k_resnest_semantic_cityscapes_0_00_dropout_pu,0.044496532649793245,0.3422273725149199,0.5105443626597967,0.0,0.0,0.0,0.06214581571858945,0.08435686765962395,0.12993330837062717,0.21329988288132795,0.42622443636518786,0.3373174096446416,0.2450115449046258,0.19482242806348357,0.1703053177225285,0.10112239846448833,0.04449653264979325
ADE_val_00000723,ade20k_resnest_semantic_cityscapes_0_00_dropout_pu,0.10674271582862464,0.38334435239146236,0.5199618990534225,0.0,0.0,0.0,0.14910993566138098,0.1842867596692195,0.219061738510446,0.29207861062148205,0.44587360231755213,0.39966538833925286,0.22484318960037078,0.18474242640155716,0.15196298844032688,0.20168213682367447,0.10674271582862464
ADE_val_00000078,ade20k_resnest_semantic_cityscapes_0_00_dropout_pu,0.07747077420820189,0.36464314786312585,0.5190364162391233,0.0,0.0,0.0,0.10673854292989514,0.13836849411463734,0.18888509748258897,0.2917674237624726,0.5038194016056216,0.43435705243476036,0.34463750168366725,0.22752943970922143,0.18182119868775096,0.1895199909395493,0.07747077420820192
ADE_val_00001104,ade20k_resnest_semantic_cityscapes_0_00_dropout_pu,0.14156166906477452,0.40328715718254254,0.5837596354126806,0.7138148616001735,0.0,0.0,0.19806723385398414,0.2580381649577288,0.33138670037446766,0.45034653967775184,0.6620723906599788,0.611677167414894,0.4901647841683144,0.2618182555497539,0.2234137347856798,0.3348995016414258,0.14156166906477446
ADE_val_00001506,ade20k_resnest_semantic_cityscapes_0_00_dropout_pu,0.08135137469040257,0.39493773734810655,0.565045846329802,0.70996495806935,0.0,0.0,0.11385975824975027,0.15131087354135062,0.20568189752416555,0.3030508539600657,0.6771192744231326,0.6056609462267591,0.5069073187666936,0.32103262019028045,0.2732688472249843,0.19541625608075597,0.08135137469040259
ADE_val_00000911,ade20k_resnest_semantic_cityscapes_0_00_dropout_pu,0.10366681146171779,0.39166746264759617,0.5447289949989386,0.0,0.0,0.0,0.146700138257502,0.20153886895692363,0.28867852845481934,0.4076613737614961,0.5709580407049589,0.525641548862928,0.4546064541123323,0.3090206091233083,0.27182576653883944,0.24551496173619172,0.10366681146171779
ADE_val_00001829,ade20k_resnest_semantic_cityscapes_0_00_dropout_pu,0.08172743886072462,0.37717546864008034,0.5408873315985264,0.0,0.0,0.0,0.11213900348813247,0.1466959053199461,0.2018628521493832,0.30601443671576095,0.5659209122324879,0.48395941654697866,0.3898347510840864,0.34384208629595664,0.31764071004704153,0.2063777695104922,0.0817274388607246
ADE_val_00001107,ade20k_resnest_semantic_cityscapes_0_00_dropout_pu,0.10997637487175567,0.34480423848187014,0.0,0.0,0.0,0.0,0.15009922854041136,0.18690189688927,0.2308722444239561,0.30161406705907834,0.44274267063140804,0.39024566390261906,0.33433181196935385,0.2720840159073618,0.25268510738300004,0.14248750842143504,0.10997637487175564
ADE_val_00001144,ade20k_resnest_semantic_cityscapes_0_00_dropout_pu,0.050089488996216625,0.3661497192674702,0.5256272234401521,0.0,0.0,0.0,0.07001858625825245,0.09513288355811755,0.1478702218599741,0.2542523275182884,0.5206460685244185,0.4542037454990568,0.37555543864228186,0.2958846667587195,0.24972644181607193,0.18158043902525015,0.050089488996216625
ADE_val_00001099,ade20k_resnest_semantic_cityscapes_0_00_dropout_pu,0.1827572496136396,0.42262583080269905,0.5939806818612554,0.7116308777128881,0.0,0.0,0.25299668473627235,0.3201961812892688,0.40248088482199723,0.5262154329658815,0.6935003273756917,0.6743016182179709,0.626066915758018,0.400631609357673,0.36308540462625893,0.3114162043286173,0.18275724961363962
ADE_val_00000534,ade20k_resnest_semantic_cityscapes_0_00_dropout_pu,0.16718071313277785,0.3887984481696445,0.5528173359190418,0.7036776188426005,0.0,0.0,0.22716097874124638,0.2716556318664701,0.325812227216576,0.42516070687529933,0.6596609859127222,0.5794576248894969,0.45272218435545253,0.29343598216707145,0.2554276583681144,0.2770321491589932,0.16718071313277785
ADE_val_00000026,ade20k_resnest_semantic_cityscapes_0_00_dropout_pu,0.23971205425536604,0.4491219638433157,0.5927777032265157,0.7212642180649458,0.0,0.0,0.3255434896191852,0.39485998161670344,0.47490541524751656,0.5936203084660453,0.7518083463421149,0.7358584596418776,0.6927425006837216,0.5979148215747055,0.536647629658583,0.27870001191208926,0.23971205425536596
ADE_val_00001306,ade20k_resnest_semantic_cityscapes_0_00_dropout_pu,0.12533473835418402,0.35796790181668625,0.5236606155557928,0.0,0.0,0.0,0.16668827536402525,0.19764257779474187,0.23502954686856592,0.3068674594807443,0.4926529448808193,0.4234370711232522,0.311692843880927,0.21832238162232298,0.2023731556306695,0.24530415477837506,0.12533473835418404
ADE_val_00001488,ade20k_resnest_semantic_cityscapes_0_00_dropout_pu,0.09055850891536453,0.39104874350665775,0.550015626216761,0.0,0.0,0.0,0.12810071496585232,0.17456487443020563,0.23980775263801096,0.36130188620958464,0.6387347359780662,0.5767869954725475,0.49328077130670117,0.3347329846630462,0.32946897850545204,0.2484274216017136,0.09055850891536456
ADE_val_00001021,ade20k_resnest_semantic_cityscapes_0_00_dropout_pu,0.03604369733330597,0.0,0.0,0.0,0.0,0.0,0.0508388670809354,0.06939569176590754,0.10432665679450596,0.16388228648122205,0.2382132444572944,0.22302679522932542,0.19556481711586574,0.14169127730480702,0.12635266749480017,0.11099297015160153,0.03604369733330596
ADE_val_00001169,ade20k_resnest_semantic_cityscapes_0_00_dropout_pu,0.07115764810927104,0.38620430705230335,0.5224573780932913,0.0,0.0,0.0,0.09900793065280131,0.13259871446326596,0.19328220196361437,0.31415307845879237,0.55327486680761,0.5250096252413635,0.46972874071138904,0.2749335250876454,0.2233035792467622,0.21550619858945597,0.07115764810927105
ADE_val_00000923,ade20k_resnest_semantic_cityscapes_0_00_dropout_pu,0.1679564000370852,0.3617385834043826,0.5107026720941711,0.0,0.0,0.0,0.20678981196305682,0.2364666970235338,0.2778654920727059,0.35825022243798155,0.4830256113726523,0.4158723690240857,0.375744542416652,0.26048531302391087,0.24034346155801728,0.29822023972170797,0.16795640003708523
ADE_val_00001351,ade20k_resnest_semantic_cityscapes_0_00_dropout_pu,0.061124329350160586,0.3586093661786756,0.5173220894492536,0.0,0.0,0.0,0.08424519469106984,0.11338921783311581,0.170255670696161,0.240991633598864,0.3776301973746011,0.2965878555558585,0.22847295489247216,0.18932269756130343,0.16382949208795078,0.1957668825896119,0.06112432935016059
ADE_val_00000415,ade20k_resnest_semantic_cityscapes_0_00_dropout_pu,0.03663293458933364,0.4029444611544464,0.5236001850277052,0.0,0.0,0.0,0.04980033990425676,0.06575905285037907,0.1002274844514189,0.2333830213562096,0.4685198774914297,0.34377754107768227,0.1929786004347921,0.10284198410260925,0.08266972038969832,0.17425406667620652,0.03663293458933363
ADE_val_00000767,ade20k_resnest_semantic_cityscapes_0_00_dropout_pu,0.06199569216888745,0.3396486534839263,0.0,0.0,0.0,0.0,0.0861581820178553,0.11487036272034873,0.16182878220806882,0.19996702552561843,0.3442957914627192,0.2273415539238419,0.18329795279636815,0.16067900366156987,0.1507103480046668,0.14314364690432008,0.06199569216888747
ADE_val_00001558,ade20k_resnest_semantic_cityscapes_0_00_dropout_pu,0.07842752301084355,0.47030428947442254,0.546757587289399,0.0,0.0,0.0,0.10780491633267598,0.14302594270366217,0.21342517297841457,0.3872707590037907,0.585225719075588,0.5368385716373135,0.3839579912740367,0.22556905662994733,0.18289738865633584,0.36298973685296365,0.07842752301084353
ADE_val_00000349,ade20k_resnest_semantic_cityscapes_0_00_dropout_pu,0.059530669612214066,0.3141080322089562,0.0,0.0,0.0,0.0,0.08105252327738056,0.10098228955974961,0.1323216540839207,0.21251011270532835,0.29585128961930923,0.2818483801723819,0.20270130590323376,0.09870883424565907,0.08263868320592832,0.1485956410168741,0.05953066961221406
ADE_val_00000100,ade20k_resnest_semantic_cityscapes_0_00_dropout_pu,0.11437732778594327,0.3823427896909996,0.5388074737487774,0.0,0.0,0.0,0.1613839823933883,0.2107979539816596,0.26123722814405714,0.35354546201165243,0.6081421972141977,0.5391105304410602,0.43495455363801233,0.33101336986129665,0.29513780657234495,0.255558321195919,0.11437732778594328
ADE_val_00000341,ade20k_resnest_semantic_cityscapes_0_00_dropout_pu,0.37602956682756117,0.4591489676941234,0.5968845544150156,0.7380564069534112,0.0,0.0,0.4546275396986158,0.5038143959813881,0.5665961398577435,0.6649982134743928,0.7916691914839719,0.7826490302488573,0.7602587850850242,0.7004424955246202,0.6721412515109384,0.5450705956757301,0.3760295668275611
ADE_val_00000484,ade20k_resnest_semantic_cityscapes_0_00_dropout_pu,0.16506280061164125,0.40614620725303013,0.530681119610416,0.0,0.0,0.0,0.21419279510731315,0.2521668093053127,0.3072711237880878,0.42883797310776856,0.56285056616044,0.514265223194994,0.3965340422856963,0.25205970562736796,0.22917053227717207,0.2953913041129879,0.16506280061164127
ADE_val_00001044,ade20k_resnest_semantic_cityscapes_0_00_dropout_pu,0.2618545131621687,0.4794588263935062,0.5880854103131047,0.7369035615815945,0.0,0.0,0.3358325713324564,0.4007468619136711,0.49493976830628167,0.6145530728694795,0.7787137177426,0.7700907672894343,0.7462912630742201,0.684436985448476,0.649520161871173,0.4273043066985127,0.2618545131621687
ADE_val_00001275,ade20k_resnest_semantic_cityscapes_0_00_dropout_pu,0.19069781539417383,0.5524778667190803,0.6501874800062939,0.7471008982987204,0.0,0.0,0.26699569204787055,0.35011376788764503,0.4939493946157825,0.6976644544464312,0.8423045638698725,0.8349953258165916,0.8139759815435318,0.7549128451437581,0.7348335254079409,0.5045773116795687,0.19069781539417374
ADE_val_00000730,ade20k_resnest_semantic_cityscapes_0_00_dropout_pu,0.24031832464022668,0.36867703176047284,0.5449716662111316,0.7078212381980014,0.0,0.0,0.29826057267135786,0.3290498980025574,0.36557197295304494,0.4411644419569426,0.5704063634317023,0.4875525093723543,0.4290098463825133,0.3328081834285817,0.3192533471670643,0.33975449610650055,0.24031832464022668
ADE_val_00000194,ade20k_resnest_semantic_cityscapes_0_00_dropout_pu,0.06197806207125077,0.35142481298198863,0.0,0.0,0.0,0.0,0.08132545081066571,0.1003469380219353,0.1312999450690502,0.1882816384259978,0.3994141712103756,0.3058245364597892,0.2580133114620825,0.2093337873691711,0.18586278018956545,0.11567566422478712,0.06197806207125074
ADE_val_00001111,ade20k_resnest_semantic_cityscapes_0_00_dropout_pu,0.21311595876658634,0.4804000987701156,0.6522361742220951,0.7392372020501585,0.0,0.0,0.28935217183540224,0.3571918311643368,0.4439661977906846,0.6509309353094818,0.800589654523765,0.7783440345104193,0.7457453075377147,0.7002580816529458,0.6511023337866358,0.4159806607280617,0.21311595876658634
ADE_val_00000873,ade20k_resnest_semantic_cityscapes_0_00_dropout_pu,0.10834654360487025,0.37623709912976433,0.519724752073198,0.0,0.0,0.0,0.15160569159063353,0.20214375700353807,0.2734019713336067,0.3723032550335905,0.5071366292671224,0.47496405346966514,0.36165126726494146,0.2527806205476949,0.23782387939609143,0.25505561386115416,0.10834654360487027
ADE_val_00000971,ade20k_resnest_semantic_cityscapes_0_00_dropout_pu,0.07526661482217081,0.3712686982299322,0.550535955871103,0.0,0.0,0.0,0.10452252047292902,0.13679416619328538,0.19375172490205475,0.3006628713829268,0.6118253310086295,0.5010519868753528,0.41022415008974994,0.2955931411534293,0.2792673922695074,0.15517296689857019,0.07526661482217079
ADE_val_00001500,ade20k_resnest_semantic_cityscapes_0_00_dropout_pu,0.09785390393454906,0.3448518588154514,0.0,0.0,0.0,0.0,0.1342557969527864,0.1680790263637233,0.21301882657689558,0.2866906552493921,0.3898589049747696,0.35487590224161897,0.2915953672944826,0.19918483505993204,0.15569001450029107,0.15080445893246888,0.09785390393454906
ADE_val_00001746,ade20k_resnest_semantic_cityscapes_0_00_dropout_pu,0.1441795956708194,0.3959198019283884,0.5469023841368554,0.0,0.0,0.0,0.2037296641310472,0.2659403574239599,0.3377243518880987,0.4433294664007249,0.6155632122817025,0.585603327768763,0.4844900558587424,0.4327390043140473,0.3755863669184429,0.32854824919382564,0.1441795956708194
ADE_val_00000519,ade20k_resnest_semantic_cityscapes_0_00_dropout_pu,0.1133044734174454,0.3929205576526662,0.5484152990663972,0.0,0.0,0.0,0.1593937323494641,0.21284547609347107,0.29563833842915954,0.42243600258232067,0.6312487027482089,0.5775280888249724,0.5173418476150163,0.44934717049245243,0.4116296861098821,0.27971836688245283,0.1133044734174454
ADE_val_00001109,ade20k_resnest_semantic_cityscapes_0_00_dropout_pu,0.23244355980854756,0.40311634317633543,0.5621388473808732,0.729690401616093,0.0,0.0,0.30328050790104455,0.3474650506531463,0.4041433678841747,0.500586143155044,0.7375416405578892,0.6368833196212648,0.5842692026526529,0.48339307594042746,0.4475696491146821,0.36446668749944094,0.23244355980854764
ADE_val_00000307,ade20k_resnest_semantic_cityscapes_0_00_dropout_pu,0.11717379098957911,0.3685242429430493,0.540551789775981,0.0,0.0,0.0,0.15810869115603213,0.18992570385673038,0.22919794171021202,0.30722481088877884,0.43093065230640504,0.3655789131590317,0.2569209232666554,0.19331397359146593,0.18340730067092326,0.1556134911391875,0.1171737909895791
ADE_val_00000206,ade20k_resnest_semantic_cityscapes_0_00_dropout_pu,0.02697395265789205,0.32841639855400945,0.0,0.0,0.0,0.0,0.037097146746390565,0.049804210915401666,0.07533112656502869,0.13811937330473234,0.2678680518359122,0.22899290365324376,0.15511808149304865,0.08846924300405823,0.07004207967043984,0.09036052305105323,0.026973952657892052
ADE_val_00000151,ade20k_resnest_semantic_cityscapes_0_00_dropout_pu,0.05622830197210348,0.3958318515171414,0.5532496838399169,0.0,0.0,0.0,0.07895789857959064,0.10711462105217592,0.16460794910437887,0.29282725080721134,0.6245038250849021,0.6025813322722935,0.5254344681058961,0.3968072994533998,0.3469141852606509,0.17611272542384993,0.05622830197210347
ADE_val_00000356,ade20k_resnest_semantic_cityscapes_0_00_dropout_pu,0.27132949345213686,0.4446800736732642,0.5608578557623328,0.0,0.0,0.0,0.37833327682369033,0.4424180381831656,0.5034467536604381,0.5798116401675895,0.6847725549241065,0.6668894247089869,0.6392778019479969,0.5628806390842714,0.5225631395131076,0.40890430053176985,0.2713294934521368
ADE_val_00000293,ade20k_resnest_semantic_cityscapes_0_00_dropout_pu,0.4482759771336059,0.536636493290664,0.6147752027558371,0.7361000711396231,0.0,0.0,0.5620041567226821,0.6090568923209112,0.6598259994288479,0.7262837453477953,0.8167678004484603,0.8048263812631065,0.7749863767081294,0.7345864548020424,0.7276216498627986,0.5638618855392703,0.44827597713360584
ADE_val_00001806,ade20k_resnest_semantic_cityscapes_0_00_dropout_pu,0.11953079346900572,0.3846774032875662,0.5408575506794132,0.0,0.0,0.0,0.16514405489750156,0.2146991619145488,0.28641325060819384,0.39655664435423454,0.5981815958407775,0.5475304992213073,0.4815948786118362,0.32542747183389215,0.3239101971040477,0.2506181196741607,0.1195307934690057
ADE_val_00000498,ade20k_resnest_semantic_cityscapes_0_00_dropout_pu,0.2573909714527023,0.49065421227045225,0.5909189001930478,0.7397434364940351,0.0,0.0,0.3586517177069549,0.43495367918702654,0.5323179705060989,0.6368412210086787,0.8029512598970788,0.7946981742033503,0.750868412362706,0.6241572515341793,0.58627226977272,0.367562982869282,0.2573909714527023
ADE_val_00001851,ade20k_resnest_semantic_cityscapes_0_00_dropout_pu,0.04813913104952386,0.35817998592440664,0.0,0.0,0.0,0.0,0.0644948640417442,0.08216229070922376,0.11095070930741303,0.17431498103687387,0.39802136538628025,0.37510050721860394,0.317947816403162,0.18837065010768705,0.16400877719768633,0.06341642702098435,0.04813913104952385
ADE_val_00001106,ade20k_resnest_semantic_cityscapes_0_00_dropout_pu,0.11225239734457759,0.3979442230157095,0.5350284451518905,0.0,0.0,0.0,0.1576710091404326,0.2073487119386992,0.27955494800241765,0.4153482035545737,0.6398638045861257,0.5779727074841613,0.503216303160781,0.45390842088611905,0.4269869016305238,0.3403956213729843,0.1122523973445776
ADE_val_00000312,ade20k_resnest_semantic_cityscapes_0_00_dropout_pu,0.08445897240785336,0.40869416973721395,0.5422190317313968,0.0,0.0,0.0,0.11393568641610116,0.14536651799460462,0.19821517741427438,0.3104869113072041,0.620325921741583,0.5766962043652998,0.5251918652542521,0.34651416942743896,0.2880534943830506,0.2718677027068116,0.08445897240785337
ADE_val_00001455,ade20k_resnest_semantic_cityscapes_0_00_dropout_pu,0.18248878038267782,0.42612906925843014,0.5709593422336736,0.7145099757243146,0.0,0.0,0.2564853077204876,0.3299478448551316,0.42300654356023765,0.5228929997424779,0.7306393813800592,0.7143275394412401,0.6892340237378295,0.5214421278644311,0.47307668234651856,0.36334965458586044,0.1824887803826778
ADE_val_00000011,ade20k_resnest_semantic_cityscapes_0_00_dropout_pu,0.17864614997711656,0.4451494094438121,0.5716859722569053,0.7211153443015609,0.0,0.0,0.2445036259536997,0.2997319043265012,0.3794688900735371,0.5310365520363439,0.6807504566869188,0.6456221033782521,0.5805638214498196,0.5409559485101032,0.47805724091836166,0.3649380645055317,0.17864614997711656
ADE_val_00000695,ade20k_resnest_semantic_cityscapes_0_00_dropout_pu,0.03479377871750277,0.3203149668238212,0.0,0.0,0.0,0.0,0.04862906069823976,0.06570882778989509,0.10153177437531954,0.1908222546104421,0.3246775867326424,0.26692868434853023,0.17974206757803177,0.09838125844587621,0.08767655821403844,0.11568832214440865,0.03479377871750278
ADE_val_00000552,ade20k_resnest_semantic_cityscapes_0_00_dropout_pu,0.057544064236746004,0.35194201620920307,0.0,0.0,0.0,0.0,0.07933994152392206,0.10071707520052088,0.13658957053197343,0.2300172589418208,0.43537853069425736,0.3464187791827502,0.21194301713666197,0.12779205369713587,0.1202788242318861,0.13124889050665411,0.057544064236746
ADE_val_00000529,ade20k_resnest_semantic_cityscapes_0_00_dropout_pu,0.14921446031874364,0.4012340257329705,0.567807099235768,0.0,0.0,0.0,0.20848908407561131,0.2715366215605525,0.3498328276879057,0.45977589779660705,0.667944291136441,0.63766189799533,0.6268145948265306,0.49372018036001103,0.44261157061526685,0.270168007472802,0.1492144603187436
ADE_val_00001147,ade20k_resnest_semantic_cityscapes_0_00_dropout_pu,0.0684228547536743,0.39486749173677177,0.5432919578125174,0.0,0.0,0.0,0.09669032138753102,0.1296296971285444,0.17296827536197454,0.26575597767374126,0.5937523436245202,0.5606769007380319,0.46322073255730367,0.2654198521392648,0.2259098477381299,0.18956233802153333,0.0684228547536743
ADE_val_00001467,ade20k_resnest_semantic_cityscapes_0_00_dropout_pu,0.08961510909175409,0.43373960454657906,0.5818490218963103,0.7223431345560052,0.0,0.0,0.1257861173096883,0.1705878154118788,0.25225003583395517,0.3805754496751227,0.7191336309415662,0.6584619096408325,0.5787172098851592,0.4503647170973817,0.3844184483263692,0.246030262499979,0.08961510909175407
ADE_val_00001683,ade20k_resnest_semantic_cityscapes_0_00_dropout_pu,0.0948611609087028,0.3794816477876448,0.5442641014178645,0.0,0.0,0.0,0.1292619722953589,0.16506999084702698,0.22682591869989918,0.35007514137941403,0.4173805659320966,0.36097132962450124,0.27338368755664555,0.21393964377516958,0.16306995171953373,0.28630719744656397,0.09486116090870281
ADE_val_00000372,ade20k_resnest_semantic_cityscapes_0_00_dropout_pu,0.20616461267627664,0.4097456237162376,0.5627040065388698,0.7309317163795845,0.0,0.0,0.27274152792380074,0.3248023583734405,0.39585809069066386,0.4925120157486337,0.7348056041700427,0.6871095668038688,0.639061408402558,0.489717301456811,0.48379711173965434,0.2865750705581795,0.20616461267627664
ADE_val_00001387,ade20k_resnest_semantic_cityscapes_0_00_dropout_pu,0.15726069109731544,0.36529501907848294,0.5232384088081411,0.0,0.0,0.0,0.21344168338211145,0.26005528612011686,0.3116840879163739,0.388835535468897,0.5335618370444651,0.47959911471129,0.39708883372052767,0.30384034324717674,0.295702859222736,0.27844467550333035,0.1572606910973154
ADE_val_00001743,ade20k_resnest_semantic_cityscapes_0_00_dropout_pu,0.23999201186089406,0.42531569597110963,0.5603435262625334,0.0,0.0,0.0,0.30740351916804665,0.3629224131132211,0.43472875125182553,0.5291225200987422,0.6760957347705613,0.6566831556947734,0.6192219875509403,0.5821718116512489,0.5417970638570936,0.32400468898225276,0.239992011860894
ADE_val_00001974,ade20k_resnest_semantic_cityscapes_0_00_dropout_pu,0.03429115725594202,0.39207188971052803,0.5105760303038498,0.0,0.0,0.0,0.04588788180901139,0.05882516997065929,0.08167159036683348,0.15673838991316089,0.40133104289379484,0.2844175551906624,0.14382299605020807,0.08258055725934405,0.07248416515343994,0.14827870697733989,0.03429115725594202
ADE_val_00001211,ade20k_resnest_semantic_cityscapes_0_00_dropout_pu,0.13814831664107186,0.4055168860655024,0.5502742011539967,0.0,0.0,0.0,0.19512808273179058,0.2600803996436669,0.356249906699397,0.47636529842557546,0.6034660089265195,0.5717518210351231,0.5470333796022352,0.37730914284362027,0.29818261142847635,0.35706769885455114,0.13814831664107183
ADE_val_00001907,ade20k_resnest_semantic_cityscapes_0_00_dropout_pu,0.09096501180203913,0.36909747354671923,0.5412064657465822,0.0,0.0,0.0,0.12870238601899212,0.17569122350786995,0.24924718175211247,0.3505294079517627,0.5587459960222284,0.5162595217253849,0.4352940300908269,0.30764934349976825,0.27154236663265413,0.23727874908426785,0.09096501180203914
ADE_val_00000779,ade20k_resnest_semantic_cityscapes_0_00_dropout_pu,0.0474597937940863,0.38058137799716907,0.5161421869988737,0.0,0.0,0.0,0.06612402949701064,0.088162062264295,0.13285245456378736,0.2393995027726784,0.47064660086932214,0.411645479491835,0.3185175352486142,0.19915090391945448,0.1713001477339398,0.13335271268159216,0.04745979379408628
ADE_val_00000808,ade20k_resnest_semantic_cityscapes_0_00_dropout_pu,0.09834540910140206,0.3635645247391906,0.540819909932477,0.0,0.0,0.0,0.13453690878288485,0.1692379252745082,0.20950102301164833,0.29073646348258286,0.5459035982974677,0.46325449919204476,0.4134156150120611,0.309416579752647,0.2370637692801679,0.2356454921325095,0.09834540910140205
ADE_val_00001204,ade20k_resnest_semantic_cityscapes_0_00_dropout_pu,0.03677620531617991,0.32958952461538743,0.0,0.0,0.0,0.0,0.05077179440741001,0.06622402536859678,0.09397646701675047,0.1565934777897557,0.2636430246829084,0.2104701652568664,0.1419229565013687,0.07691971142055662,0.063553312730135,0.056203363234767476,0.036776205316179894
ADE_val_00001735,ade20k_resnest_semantic_cityscapes_0_00_dropout_pu,0.06643021917441817,0.44427567851493266,0.550795514495432,0.0,0.0,0.0,0.09231503827577435,0.12490970179002325,0.1959454173169988,0.41070834403788137,0.6328970011676932,0.5854717998514812,0.5231305935302025,0.45982830217871973,0.39773355245702213,0.2885417642537982,0.06643021917441819
ADE_val_00001199,ade20k_resnest_semantic_cityscapes_0_00_dropout_pu,0.11667553099645103,0.381617658958484,0.5267059856851842,0.0,0.0,0.0,0.16445645350643576,0.22452536736248505,0.31077512233215476,0.407033328052031,0.5504232187314592,0.5297824984432755,0.45819116246910474,0.3469803913301974,0.2945938668292289,0.24773546592760448,0.11667553099645103
ADE_val_00000444,ade20k_resnest_semantic_cityscapes_0_00_dropout_pu,0.13320096827793135,0.3547522424354071,0.5190668560993308,0.0,0.0,0.0,0.1819112033439937,0.2188636151312678,0.26131263578461805,0.3342843577514795,0.47526451914551143,0.4234851721586343,0.32414611352260825,0.2358305068840352,0.2057168128391299,0.20166034048513665,0.13320096827793135
ADE_val_00000774,ade20k_resnest_semantic_cityscapes_0_00_dropout_pu,0.052542179673901235,0.33855290254338255,0.0,0.0,0.0,0.0,0.07332074187719735,0.09855985337625729,0.14481451080857988,0.2342002320184929,0.34986819932556323,0.2727258881208991,0.23865991755061586,0.1659067162445773,0.12777955616879627,0.10960519234807478,0.05254217967390122
ADE_val_00001392,ade20k_resnest_semantic_cityscapes_0_00_dropout_pu,0.0661471703817832,0.36006623221752393,0.0,0.0,0.0,0.0,0.09306330525777938,0.12511337969514386,0.17877890219729425,0.2810902443034706,0.44684698073122997,0.4204627526131312,0.3726669695546309,0.21090060326546867,0.1574647831121739,0.14744571628932732,0.06614717038178318
ADE_val_00001549,ade20k_resnest_semantic_cityscapes_0_00_dropout_pu,0.3147135513796877,0.5695802823155717,0.6198895225872667,0.7323927349188905,0.0,0.0,0.4442877969181874,0.5751557832656228,0.6442042617275774,0.7127945465057212,0.7883279470288808,0.774086503629271,0.7610733988202355,0.7134951190687344,0.7043671738010661,0.4927238938606066,0.3147135513796877
ADE_val_00000359,ade20k_resnest_semantic_cityscapes_0_00_dropout_pu,0.22238650007292987,0.4095963049570082,0.5703479575252771,0.7189572807085652,0.0,0.0,0.2891338022570413,0.33235697485616095,0.3945959091951862,0.5098128987283732,0.7158910135996075,0.6544633768771746,0.5493652001860897,0.4350452416654765,0.3713604325264694,0.4215961424177499,0.22238650007292993
ADE_val_00001714,ade20k_resnest_semantic_cityscapes_0_00_dropout_pu,0.10712489925306215,0.3671332212297857,0.522000198150721,0.0,0.0,0.0,0.14427122256605412,0.1820691973781717,0.23609367412193552,0.3300724024729764,0.5247077311387165,0.49000208647053617,0.3994462154885428,0.3139444516803785,0.2366793862079644,0.16798911924876708,0.10712489925306216
ADE_val_00000453,ade20k_resnest_semantic_cityscapes_0_00_dropout_pu,0.39079425092492975,0.4768722377517838,0.5808376767036904,0.7242504020052314,0.0,0.0,0.48208475311936555,0.534845122176988,0.5866515441575403,0.6467150171461515,0.7567650539574418,0.7449493353789347,0.7133687651689635,0.6507228412809714,0.6291917941513253,0.4668028924248355,0.3907942509249298
ADE_val_00000134,ade20k_resnest_semantic_cityscapes_0_00_dropout_pu,0.07352481137257176,0.40098747463257156,0.5255441610441215,0.0,0.0,0.0,0.1029535251504399,0.13880911932356335,0.20018604491495762,0.3283336556247963,0.565218470029945,0.5277664272886661,0.4474585477132951,0.3864530372002282,0.3485560030992654,0.2307197834987051,0.07352481137257176
ADE_val_00001469,ade20k_resnest_semantic_cityscapes_0_00_dropout_pu,0.15963094676231845,0.47159440344232023,0.5898878189785027,0.7168947878806033,0.0,0.0,0.22477872276023672,0.2961447228218767,0.4062662766253495,0.5699788163454651,0.7349031649592378,0.7177525620560747,0.6549555160651839,0.5960604845108106,0.5962710632104975,0.41310380361545435,0.15963094676231843
ADE_val_00001932,ade20k_resnest_semantic_cityscapes_0_00_dropout_pu,0.12427508198236621,0.3921676209097833,0.5544305555318682,0.0,0.0,0.0,0.17399234935425573,0.2300243153615813,0.32016146385012717,0.43196586598113984,0.6113400860497747,0.571220688757455,0.4970848444687002,0.4047417721571924,0.383400251479316,0.29689753309954325,0.12427508198236625
ADE_val_00001929,ade20k_resnest_semantic_cityscapes_0_00_dropout_pu,0.16970164126125847,0.3934820532150045,0.5334760172181929,0.0,0.0,0.0,0.23502739396351152,0.2952789928529091,0.3628417102740222,0.4556336018149267,0.6488874250693558,0.5693586877913651,0.5037627200022375,0.4176210054191276,0.3868852575992282,0.2936034873416179,0.16970164126125853
ADE_val_00000789,ade20k_resnest_semantic_cityscapes_0_00_dropout_pu,0.094082653054453,0.38355582848269854,0.5482795054082161,0.0,0.0,0.0,0.1284429971361762,0.1664964252052151,0.22825578862464896,0.3492957982387004,0.6213422902348207,0.5408688909418088,0.44609027856254874,0.3236544916386759,0.2697175903114955,0.27099027857061697,0.09408265305445296
ADE_val_00000063,ade20k_resnest_semantic_cityscapes_0_00_dropout_pu,0.43551732733187454,0.4955352284024931,0.5679198522714802,0.7118002763743595,0.0,0.0,0.5166586237763202,0.5506704945589699,0.5849498463406005,0.6305485176011131,0.6970763277325657,0.6690569762553236,0.6463076094505611,0.5863623483875668,0.5740895949796321,0.5109687270275688,0.4355173273318746
ADE_val_00000523,ade20k_resnest_semantic_cityscapes_0_00_dropout_pu,0.23901577476068775,0.42047729788126836,0.5516271561293626,0.0,0.0,0.0,0.29716525738496924,0.3471069333555079,0.419056231714795,0.5250109268706624,0.6295124794726238,0.5735173281902152,0.5290823259708315,0.423225684920872,0.38352947130979587,0.33710246343444644,0.2390157747606877
ADE_val_00000116,ade20k_resnest_semantic_cityscapes_0_00_dropout_pu,0.16233097331197544,0.42445473604208594,0.5612159293571015,0.0,0.0,0.0,0.22858956775095307,0.29705974450809913,0.37827251778368215,0.5035199535465696,0.6306123676336466,0.5941655924466591,0.49526806898037634,0.3497235112314138,0.3206745586129372,0.3178544210982389,0.1623309733119754
ADE_val_00001849,ade20k_resnest_semantic_cityscapes_0_00_dropout_pu,0.05329220598320052,0.33652279563868476,0.0,0.0,0.0,0.0,0.07123245648074628,0.09137371303309227,0.12777645295640258,0.2020673582603647,0.39597255217465416,0.3570619368551668,0.23267401442543056,0.1827348286477364,0.16180956450729014,0.16511612329415126,0.053292205983200516
ADE_val_00001355,ade20k_resnest_semantic_cityscapes_0_00_dropout_pu,0.2533836056821206,0.4881074444343684,0.5707009014920583,0.7205646869712018,0.0,0.0,0.3605694164680383,0.46620880801424314,0.5407285639377405,0.6115367731616104,0.755760690530224,0.7176663996559602,0.6718856709771325,0.607520347753164,0.5913138397889203,0.4165604372979428,0.2533836056821207
ADE_val_00000300,ade20k_resnest_semantic_cityscapes_0_00_dropout_pu,0.17813778043862868,0.38909160904707935,0.5518462892414271,0.71358263298547,0.0,0.0,0.24113587029410566,0.29230302414392223,0.35148146160833044,0.446428732326541,0.6464093805479749,0.6025509923585654,0.5522488844476648,0.4575830394195367,0.4254269889532171,0.2576318900952884,0.17813778043862866
ADE_val_00001087,ade20k_resnest_semantic_cityscapes_0_00_dropout_pu,0.1882932528803647,0.38227648000241427,0.5776053594528143,0.7076521610867507,0.0,0.0,0.2547766260066346,0.30835434049517785,0.3648639892891748,0.44744213351833156,0.6543810479615785,0.5716043574395149,0.4182932972907684,0.34817756642050385,0.32394957270128655,0.3061442745519165,0.18829325288036475
ADE_val_00001744,ade20k_resnest_semantic_cityscapes_0_00_dropout_pu,0.23501483784651675,0.49169613669175655,0.6024425676968364,0.7309410679806702,0.0,0.0,0.32378784353012213,0.4119664499831836,0.5188915379556077,0.6460875782781487,0.7816517475742135,0.7653806784891762,0.7090258339512578,0.6049478622044004,0.6049558532242729,0.5503962593977151,0.23501483784651678
ADE_val_00000333,ade20k_resnest_semantic_cityscapes_0_00_dropout_pu,0.1951652397886433,0.4007340165224629,0.5530914285323147,0.0,0.0,0.0,0.2552762875899066,0.30253774077266476,0.36872376827985115,0.46588929756712466,0.6181124668768158,0.5433385226383869,0.5078701653133159,0.42133875785580294,0.3901740491610932,0.2835217506734528,0.19516523978864328
ADE_val_00001271,ade20k_resnest_semantic_cityscapes_0_00_dropout_pu,0.10415313566639696,0.3330675730224748,0.0,0.0,0.0,0.0,0.14471005594437364,0.18447058879476105,0.22926402177370855,0.2859675070472164,0.36803799902606327,0.33079379202747566,0.2541829883331407,0.19855721869753784,0.1762504781484896,0.13283929214885393,0.10415313566639696
ADE_val_00001081,ade20k_resnest_semantic_cityscapes_0_00_dropout_pu,0.09040030867428696,0.3947094772069439,0.5315238490523733,0.0,0.0,0.0,0.12490493849420979,0.16545460652189065,0.23777826641512462,0.3715014467172776,0.5728139254158521,0.5357767287819281,0.5119142638570091,0.44795333781001795,0.404082952395516,0.28589416243349997,0.09040030867428694
ADE_val_00001476,ade20k_resnest_semantic_cityscapes_0_00_dropout_pu,0.04249998612746008,0.35274795161006134,0.5210805343175767,0.0,0.0,0.0,0.0600487628501792,0.08199434036404613,0.1262668903097026,0.21761197874528826,0.4593649385728958,0.3672401706737617,0.3022531918279897,0.21017523358039475,0.18941701754297566,0.10127092835422581,0.04249998612746007
ADE_val_00001286,ade20k_resnest_semantic_cityscapes_0_00_dropout_pu,0.058080773622384375,0.385977316810597,0.537245248999039,0.0,0.0,0.0,0.08028590962173458,0.10539953003031846,0.14936086899633608,0.26203702748864743,0.4917689847001628,0.44711893538640696,0.32388635909235197,0.18579096079488613,0.16240682435148243,0.20119808140534817,0.05808077362238438
ADE_val_00000296,ade20k_resnest_semantic_cityscapes_0_00_dropout_pu,0.15359881733490724,0.3739222112287794,0.5251346819035325,0.0,0.0,0.0,0.20912600029633102,0.25576781087281114,0.3150806522599697,0.40370761698897634,0.5611665899028568,0.5494071201499812,0.5088542596788654,0.4352052196611119,0.3883102089437532,0.29536768814017245,0.15359881733490724
ADE_val_00001311,ade20k_resnest_semantic_cityscapes_0_00_dropout_pu,0.1083024858726443,0.39128255450244975,0.5345035392181904,0.0,0.0,0.0,0.15102862644189544,0.1963809045199059,0.2621079012264107,0.3786014475206025,0.5648940634546038,0.5396614913002259,0.47995181872133075,0.353209367193383,0.3032521922789451,0.1851081562401006,0.10830248587264431
ADE_val_00000168,ade20k_resnest_semantic_cityscapes_0_00_dropout_pu,0.0863961950573489,0.39065410163822917,0.5476230433545815,0.7030778730883253,0.0,0.0,0.12050383740708806,0.16153531247027536,0.24161829524471592,0.38064473540877214,0.626370658530203,0.5593437932332701,0.47032344250204433,0.37592833927706176,0.35197640840070904,0.26098652719742754,0.0863961950573489
ADE_val_00001700,ade20k_resnest_semantic_cityscapes_0_00_dropout_pu,0.2032745455772346,0.37073596364682404,0.5217976756744008,0.0,0.0,0.0,0.25317495295285125,0.27874001412953514,0.3194784617530081,0.3985159114947953,0.4580508230302368,0.4117731104019546,0.36699613880053517,0.32086571696576754,0.30279452914001026,0.28332511008651573,0.20327454557723457
ADE_val_00001711,ade20k_resnest_semantic_cityscapes_0_00_dropout_pu,0.13388561946316244,0.47185484982027054,0.5717635769378873,0.0,0.0,0.0,0.18494415565640415,0.23610361009028366,0.30646422310695787,0.4839920167082065,0.6492378469034991,0.6425013730243186,0.6273222241421845,0.5034341869187178,0.40393341201493393,0.3609910892101308,0.13388561946316244
ADE_val_00000864,ade20k_resnest_semantic_cityscapes_0_00_dropout_pu,0.04364677792704239,0.32237257181412887,0.0,0.0,0.0,0.0,0.06065832960215822,0.08093227893480283,0.12035178902768831,0.2015696215051395,0.3146507371891143,0.2740069273989217,0.1873247502148401,0.12559468589223924,0.10186716469309032,0.09530239573116057,0.043646777927042385
ADE_val_00001521,ade20k_resnest_semantic_cityscapes_0_00_dropout_pu,0.09121149634632197,0.3689952615754833,0.5288233132608218,0.0,0.0,0.0,0.12759022822713414,0.1661403617504841,0.21734108747196448,0.3125414090478288,0.5144848231172737,0.4510655962606367,0.35927527262241077,0.2685185767537375,0.24934260864980493,0.21698915812710762,0.09121149634632197
ADE_val_00001704,ade20k_resnest_semantic_cityscapes_0_00_dropout_pu,0.30865106234025574,0.44651836287299196,0.549950272319092,0.0,0.0,0.0,0.4162919101469945,0.46748358484395075,0.512279841605582,0.5716679103274602,0.6630544136252583,0.652071667123533,0.6343372085643463,0.606492219504024,0.5929086573712893,0.407601887624506,0.3086510623402558
ADE_val_00001910,ade20k_resnest_semantic_cityscapes_0_00_dropout_pu,0.10951520363376124,0.40315993772089226,0.5530876170175958,0.0,0.0,0.0,0.15469724016804853,0.2115714815739811,0.3022293307311723,0.4334585303418017,0.6605632743984926,0.6297581987404353,0.588806459988221,0.5161889527069513,0.4776969966764768,0.3045144581813213,0.10951520363376122
ADE_val_00001137,ade20k_resnest_semantic_cityscapes_0_00_dropout_pu,0.0629804412721292,0.3508871607616842,0.0,0.0,0.0,0.0,0.0886548997464816,0.1209581424113897,0.18826450760826371,0.3201668306989016,0.42861753945353337,0.3843816664341567,0.32127848040499934,0.24021446244802605,0.20173264037333782,0.18148391423051113,0.0629804412721292
ADE_val_00001978,ade20k_resnest_semantic_cityscapes_0_00_dropout_pu,0.0653369762701921,0.3627653812428557,0.518153391344576,0.0,0.0,0.0,0.09168107498364914,0.12572944881255774,0.20193796436639574,0.3599876874386451,0.43842926397146775,0.4098381879978603,0.355588456276654,0.175712621291152,0.14147161257679128,0.25225870116334626,0.0653369762701921
ADE_val_00000173,ade20k_resnest_semantic_cityscapes_0_00_dropout_pu,0.04221140687372333,0.4665590016805821,0.6178245321894007,0.7262352074140542,0.0,0.0,0.05904524996035372,0.08012792560601725,0.12665890909010005,0.28831006644819035,0.7502481997472803,0.7210894170250765,0.6334126779637279,0.4171725073122503,0.2829519015659743,0.2828574096666303,0.04221140687372333
ADE_val_00000204,ade20k_resnest_semantic_cityscapes_0_00_dropout_pu,0.07254502249336205,0.33539515700003797,0.0,0.0,0.0,0.0,0.09818930308064802,0.12731007480608048,0.18102912544282326,0.2770479789002637,0.3369929228035622,0.30023326330839234,0.21844917926728932,0.11640105541540295,0.09734089086085732,0.20209879258498398,0.07254502249336207
ADE_val_00000138,ade20k_resnest_semantic_cityscapes_0_00_dropout_pu,0.07858482703953275,0.37148296087798,0.5384910203278207,0.0,0.0,0.0,0.10870252765121459,0.14125888314923848,0.19282925117446514,0.2903881388057119,0.5193583070279975,0.4877928456908493,0.4306134955650954,0.32883147909345406,0.27604804555551066,0.16997450427266503,0.07858482703953276
ADE_val_00000973,ade20k_resnest_semantic_cityscapes_0_00_dropout_pu,0.05755508334894544,0.384904497887285,0.570071108085408,0.0,0.0,0.0,0.08065691502430572,0.10969388062565474,0.16805017399800348,0.30795329033864466,0.6508312156033478,0.6130099130547049,0.5228759158595601,0.38910297766069674,0.3174160942865163,0.21938481481147784,0.057555083348945456
ADE_val_00001359,ade20k_resnest_semantic_cityscapes_0_00_dropout_pu,0.24028867108346177,0.43373479723743275,0.5711957835918868,0.7108052127880818,0.0,0.0,0.3304946077690886,0.4003442031630656,0.4671132633337172,0.5613925417867606,0.6524118283852467,0.6264984945209197,0.5666636900204606,0.49792091646018477,0.4486319198271949,0.39294181887884644,0.2402886710834618
ADE_val_00000417,ade20k_resnest_semantic_cityscapes_0_00_dropout_pu,0.06264801325508117,0.4184607332888285,0.5211814360161446,0.0,0.0,0.0,0.08650049861634232,0.11616787428820746,0.1816691401365682,0.39563491843255383,0.5189182778203756,0.491135842788035,0.44092630121329746,0.21817041599382855,0.1683384956811198,0.31646588837714057,0.06264801325508117
ADE_val_00000806,ade20k_resnest_semantic_cityscapes_0_00_dropout_pu,0.049186677995348205,0.36385798127135754,0.537303239326808,0.0,0.0,0.0,0.0683751188442987,0.09135676148701499,0.13509258502561117,0.24046274321882136,0.5445628674806184,0.42923060648522193,0.3450703402454327,0.2450479421630175,0.20096895737868914,0.1508489966765757,0.04918667799534821
ADE_val_00000131,ade20k_resnest_semantic_cityscapes_0_00_dropout_pu,0.07082613337576195,0.3592319476220058,0.0,0.0,0.0,0.0,0.09849527263073436,0.1310792971074815,0.1833024002440715,0.2837650873777684,0.4226810264555738,0.371063088128533,0.29633593442151507,0.2592447090784682,0.21751831635280355,0.11337854226192456,0.07082613337576195
ADE_val_00001062,ade20k_resnest_semantic_cityscapes_0_00_dropout_pu,0.12673987168140885,0.33615635569858776,0.0,0.0,0.0,0.0,0.15796222656510814,0.18105877776239535,0.20638778871845084,0.24353810196043588,0.31077667359707334,0.2722096023877561,0.23382749831569058,0.19945172093238983,0.1924189280421972,0.16046507934354515,0.12673987168140882
ADE_val_00001786,ade20k_resnest_semantic_cityscapes_0_00_dropout_pu,0.17894568544385786,0.3987590559226337,0.5759421809918959,0.7336231446173037,0.0,0.0,0.23917451078263854,0.2894061669068964,0.3500805641023201,0.45901890582807164,0.7429172864354818,0.6980861272230711,0.637184458202949,0.5612916519710729,0.5274762752587753,0.3384827544563775,0.17894568544385792
ADE_val_00000618,ade20k_resnest_semantic_cityscapes_0_00_dropout_pu,0.1167851821097837,0.3863883433187129,0.5479870324099857,0.0,0.0,0.0,0.16130848725607402,0.20617764920745776,0.26682644424672686,0.37942118817600845,0.6166288072555225,0.5583157165888442,0.48926179894270333,0.3376641727403193,0.29741226840449925,0.23499830602859526,0.11678518210978368
ADE_val_00001267,ade20k_resnest_semantic_cityscapes_0_00_dropout_pu,0.10048625140678959,0.39068355312371533,0.5305229992471052,0.0,0.0,0.0,0.13901164581061176,0.1810457547796935,0.23919601011532965,0.35458393495895124,0.49455504267225076,0.4739939128075425,0.32991894366605545,0.18225282810070947,0.1740642494538961,0.17237595095263195,0.10048625140678959
ADE_val_00000149,ade20k_resnest_semantic_cityscapes_0_00_dropout_pu,0.03802597053701402,0.3503967910872407,0.5081264079211815,0.0,0.0,0.0,0.053433717174324095,0.07289065663925431,0.11356450730754662,0.18760982394959844,0.411687378682989,0.29827776460834277,0.21775542015143984,0.1692857621597205,0.1524732228647633,0.12971092833587122,0.03802597053701403
ADE_val_00001722,ade20k_resnest_semantic_cityscapes_0_00_dropout_pu,0.15664879526366143,0.40008605802766184,0.5452141431687664,0.0,0.0,0.0,0.21480863611418363,0.26181630519548355,0.32288698225695517,0.4376600938156563,0.6455263467986917,0.602106983945004,0.48418310373209267,0.4255518946965477,0.40083300024787816,0.29148947340916226,0.15664879526366138
ADE_val_00001002,ade20k_resnest_semantic_cityscapes_0_00_dropout_pu,0.15250152693542682,0.42425917656209045,0.5597775414678734,0.7063306508962973,0.0,0.0,0.20978132315489834,0.2761093808972229,0.36266121719122607,0.4864502500558315,0.6867132335622691,0.6162699765816115,0.4885520480302137,0.3615661267130628,0.3426168061494045,0.35937304846421325,0.15250152693542685
ADE_val_00000065,ade20k_resnest_semantic_cityscapes_0_00_dropout_pu,0.19779104226680733,0.4022990778243785,0.556113144528573,0.7138586484844037,0.0,0.0,0.26450395902176455,0.3156380269156372,0.3795154116721066,0.4822790820567072,0.7026040282632432,0.6610322915819182,0.5918913986034343,0.4515763351924347,0.4122704055485382,0.3435495519751789,0.1977910422668073
ADE_val_00000979,ade20k_resnest_semantic_cityscapes_0_00_dropout_pu,0.15155374983738742,0.3973638309461132,0.5400464193222299,0.0,0.0,0.0,0.20817603992956948,0.2662124281107352,0.32274234550834285,0.4279584684878701,0.5604799196353448,0.49089028851256006,0.46122116830155874,0.36526686582618334,0.34353929335934325,0.30446063391152245,0.15155374983738742
ADE_val_00000155,ade20k_resnest_semantic_cityscapes_0_00_dropout_pu,0.1319499383400491,0.3450663554590172,0.0,0.0,0.0,0.0,0.17905485332755902,0.21857302334668846,0.25850301490575683,0.3216263145286425,0.3839477731987324,0.33222616609475986,0.28704752633845015,0.23703498426930497,0.2156010395067331,0.1603180067486432,0.13194993834004912
ADE_val_00000454,ade20k_resnest_semantic_cityscapes_0_00_dropout_pu,0.1411950468277476,0.41354417576271796,0.5460778901662938,0.7038113415425792,0.0,0.0,0.19854015642396713,0.2695468039565441,0.36749302957543534,0.47695974121650414,0.6532280091907835,0.6428005784775189,0.5935771029981222,0.44903248363072945,0.41843990223271366,0.3113108958240034,0.14119504682774758
ADE_val_00000624,ade20k_resnest_semantic_cityscapes_0_00_dropout_pu,0.30406732567326894,0.41585005999527375,0.552365743990632,0.7084931442003625,0.0,0.0,0.37597271420703376,0.4215691062217041,0.46782050005725506,0.541252753404656,0.6938140807039811,0.6685813913776845,0.6259442016670996,0.5664159160843211,0.545128827318433,0.4055138397047935,0.30406732567326894
ADE_val_00001836,ade20k_resnest_semantic_cityscapes_0_00_dropout_pu,0.07656437700591628,0.3578771360559844,0.511583499993468,0.0,0.0,0.0,0.10371674260149084,0.13434550570162174,0.18030162156584487,0.2597762592462673,0.4301164002577098,0.41441812169558495,0.3436993265060573,0.2679663023172541,0.23667500833051933,0.16627077093318438,0.07656437700591628
ADE_val_00001319,ade20k_resnest_semantic_cityscapes_0_00_dropout_pu,0.10957737536748718,0.36719910087918706,0.5532221628555227,0.0,0.0,0.0,0.15161458460430116,0.19383045633807022,0.24963105971586114,0.34364590792848515,0.4501873089851866,0.40479455208252224,0.3399371441971218,0.2688028208449918,0.24992532808267032,0.21476739538964906,0.1095773753674872
ADE_val_00001459,ade20k_resnest_semantic_cityscapes_0_00_dropout_pu,0.07051911802961015,0.42948946610285627,0.5471695528164378,0.0,0.0,0.0,0.09925450058845929,0.13501573080423082,0.20867902854165468,0.4102031377992661,0.6333944829193673,0.5710818848803723,0.521613930400897,0.3861648460139069,0.31142134254449827,0.2323840557962226,0.07051911802961015
ADE_val_00001222,ade20k_resnest_semantic_cityscapes_0_00_dropout_pu,0.15681364662999497,0.4244899860802533,0.5429121423617808,0.0,0.0,0.0,0.2192993392451009,0.2815800922551594,0.34111447774878356,0.4666017556412889,0.5980309296451898,0.5202279310757122,0.43051398772209865,0.31673279557374384,0.2907725340555697,0.26609544627418263,0.156813646629995
ADE_val_00001191,ade20k_resnest_semantic_cityscapes_0_00_dropout_pu,0.19306024747425976,0.37086726096133743,0.536817525388297,0.0,0.0,0.0,0.26553642959213003,0.317222197232394,0.36175447253643284,0.42978322817956355,0.5160353685142425,0.4633420348232545,0.39445189899951943,0.3457996823789263,0.3368902686325487,0.2967898223527341,0.19306024747425973
ADE_val_00001747,ade20k_resnest_semantic_cityscapes_0_00_dropout_pu,0.09168986723930907,0.3927687708987167,0.5128150908926212,0.0,0.0,0.0,0.12170665141864724,0.15058748830739865,0.1980763241303146,0.30067507483105815,0.5095648208842422,0.4938068183677086,0.3235187228314252,0.1575057290464535,0.13298338034634827,0.18506705679545982,0.09168986723930905
ADE_val_00000079,ade20k_resnest_semantic_cityscapes_0_00_dropout_pu,0.06960375502902362,0.33231473230555936,0.0,0.0,0.0,0.0,0.09855009012661724,0.13480918775724257,0.19785532166692774,0.2628505890100968,0.4348079162977344,0.34992415783843567,0.33474165856803545,0.2753945007766065,0.258615269038746,0.12204555054886393,0.06960375502902359
ADE_val_00001931,ade20k_resnest_semantic_cityscapes_0_00_dropout_pu,0.2413231396844422,0.4875442445751095,0.5878900842736211,0.7155052214275802,0.0,0.0,0.340293957430817,0.4377955704921711,0.5330580827467624,0.6285543286580956,0.6996978349340972,0.6657666379432422,0.59176985566666,0.4932756817499957,0.48982315908265345,0.47125957597762635,0.24132313968444222
ADE_val_00001482,ade20k_resnest_semantic_cityscapes_0_00_dropout_pu,0.09238023842063632,0.41921545147000944,0.5332293387729989,0.0,0.0,0.0,0.1272274626043783,0.16580728636489353,0.23871192691958903,0.40270889957468653,0.5424091486443205,0.46961150729235657,0.3105291687715976,0.16218773890585667,0.12861373986972996,0.240915977033896,0.09238023842063632
ADE_val_00001524,ade20k_resnest_semantic_cityscapes_0_00_dropout_pu,0.12749475750158143,0.37665318128469866,0.5390700385898274,0.0,0.0,0.0,0.17947065034348658,0.23204771650767905,0.29167092104461495,0.3867934722898148,0.5409981227653101,0.4845940351226718,0.4101587917868341,0.265178926391269,0.2383758090671034,0.26154827561961685,0.12749475750158143
ADE_val_00000956,ade20k_resnest_semantic_cityscapes_0_00_dropout_pu,0.08673180585797212,0.336671655306421,0.0,0.0,0.0,0.0,0.12073039784386885,0.15179193118783768,0.18733573021805539,0.2624171499901763,0.3638068903530911,0.3142789261565257,0.2794721002876031,0.18956985602517487,0.16697487412229695,0.1151821371442846,0.08673180585797212
ADE_val_00000638,ade20k_resnest_semantic_cityscapes_0_00_dropout_pu,0.03585428460420013,0.3576150883458466,0.0,0.0,0.0,0.0,0.04795377896790452,0.06223053287500673,0.09211151373084776,0.20150890650709158,0.46513570909646035,0.39254459594968893,0.27750335053925346,0.19541415487603853,0.1555496215606674,0.17180369100114748,0.035854284604200135
ADE_val_00000784,ade20k_resnest_semantic_cityscapes_0_00_dropout_pu,0.04649832968687944,0.35751029989247113,0.5298916072885785,0.0,0.0,0.0,0.06388117171184794,0.08381210937745674,0.1226746167325068,0.23442639932035603,0.540945323314425,0.4748679106391202,0.3398397598423683,0.22904658366705907,0.177267697554758,0.1946132538611519,0.04649832968687946
ADE_val_00001941,ade20k_resnest_semantic_cityscapes_0_00_dropout_pu,0.2890253156037271,0.46179377439218333,0.5950777400930302,0.720968820196171,0.0,0.0,0.3656891604912615,0.42253964644404524,0.5042009035883556,0.6239588940345361,0.7251926853059507,0.6928481488333847,0.6355126439444355,0.4665968601292608,0.45839673282092464,0.4894034206116983,0.2890253156037271
ADE_val_00000420,ade20k_resnest_semantic_cityscapes_0_00_dropout_pu,0.14726248153404287,0.4406348952566095,0.5751740743663157,0.7202615238758456,0.0,0.0,0.20734250464871068,0.2730155431380078,0.35427048847317677,0.5064590857597612,0.7327968021352491,0.7127286456988196,0.6321525015324279,0.534554315443684,0.4914441449598663,0.3348708377403421,0.14726248153404287
ADE_val_00000413,ade20k_resnest_semantic_cityscapes_0_00_dropout_pu,0.02963689815479952,0.39122276562939223,0.523068629548747,0.0,0.0,0.0,0.040784481431108445,0.05494254660635976,0.08662013480591288,0.2236892752900541,0.4964396948140368,0.40413167830160274,0.34649759145011644,0.15395270642246262,0.10821869553905533,0.20629446579677047,0.029636898154799522
ADE_val_00001422,ade20k_resnest_semantic_cityscapes_0_00_dropout_pu,0.14016616568662904,0.42857083573213955,0.6236563435408932,0.7261357349288465,0.0,0.0,0.1989424661800472,0.27258615076139275,0.365215986846474,0.5086843331775833,0.749956601784985,0.7419943867549628,0.7215599324626294,0.640683891758963,0.6044224739068182,0.3186989256388484,0.14016616568662904
ADE_val_00000391,ade20k_resnest_semantic_cityscapes_0_00_dropout_pu,0.06636466138455921,0.41976364002140615,0.5486635205082492,0.0,0.0,0.0,0.08859192907292711,0.11351553939989573,0.16237015329504068,0.2923431925241924,0.6253010675776103,0.5732201289343835,0.5315638878802015,0.44358131814261065,0.36026858096096137,0.20700100825993584,0.06636466138455924
ADE_val_00000561,ade20k_resnest_semantic_cityscapes_0_00_dropout_pu,0.08648922645818484,0.35393973679489826,0.5104106150356488,0.0,0.0,0.0,0.11733885162130554,0.149217477255113,0.20447699732727653,0.31145697069808176,0.4687447604992429,0.4008710146998293,0.37195590115320715,0.3503211631717668,0.33130197914926757,0.19312845064978956,0.08648922645818481
ADE_val_00001352,ade20k_resnest_semantic_cityscapes_0_00_dropout_pu,0.04701969994608615,0.341384232798158,0.0,0.0,0.0,0.0,0.0637927290624585,0.08309929890282337,0.11999952315080827,0.20399042936462414,0.3528411235493305,0.2606232957496306,0.19737038214277,0.11368903892475536,0.10151859606586715,0.1130940010185913,0.04701969994608615
ADE_val_00000117,ade20k_resnest_semantic_cityscapes_0_00_dropout_pu,0.09900963913570841,0.3738417764481623,0.5333400489775171,0.0,0.0,0.0,0.1370491571909523,0.17036230988262324,0.21549301127683287,0.3152140950902715,0.5288146097421599,0.4412489242327852,0.39716226956258516,0.3416030837896301,0.293481771353836,0.22337776803200202,0.09900963913570841
ADE_val_00000259,ade20k_resnest_semantic_cityscapes_0_00_dropout_pu,0.18665993753477428,0.381967750568877,0.533146326220704,0.0,0.0,0.0,0.2513273377647215,0.2914862039832523,0.34094840530835135,0.4289647964703587,0.5555897965984364,0.5143616224952414,0.4325115454310412,0.3401989756139456,0.34024576375883364,0.35909006423348844,0.18665993753477428
ADE_val_00001951,ade20k_resnest_semantic_cityscapes_0_00_dropout_pu,0.012157340251268139,0.3148030857373713,0.0,0.0,0.0,0.0,0.01645206459220121,0.021362020589311772,0.03098364948913137,0.0638978253622094,0.2655198646100616,0.19291032772551478,0.14244451896610844,0.05988434237757777,0.048494652506645704,0.012157340251268139,0.012157340251268139
ADE_val_00001639,ade20k_resnest_semantic_cityscapes_0_00_dropout_pu,0.06419232871137066,0.39100772241249654,0.5327450094666706,0.0,0.0,0.0,0.08905307629584105,0.11797162688204972,0.1710467827262071,0.2808306707882666,0.5761435040681843,0.5182566217947159,0.41955086278079995,0.31381302415556056,0.2800989564569892,0.1738262504289847,0.06419232871137069
ADE_val_00000950,ade20k_resnest_semantic_cityscapes_0_00_dropout_pu,0.08531314869209966,0.3509394429183795,0.5303615756793498,0.0,0.0,0.0,0.1200421063095697,0.16069408490343276,0.21502776016273795,0.2848808542359971,0.5331203437231635,0.4801311954867182,0.37767754432393014,0.27833774155607416,0.257050076290406,0.14765781846349216,0.08531314869209966
ADE_val_00000631,ade20k_resnest_semantic_cityscapes_0_00_dropout_pu,0.07983593737634757,0.36273850029255644,0.5135998512771245,0.0,0.0,0.0,0.11126421138131205,0.14780675729573375,0.20889917408806694,0.3170847762158366,0.5170247957931303,0.4879815283451803,0.3973032126152687,0.2955720475454975,0.2587670019662915,0.21604270727172217,0.07983593737634759
ADE_val_00000848,ade20k_resnest_semantic_cityscapes_0_00_dropout_pu,0.07851541522641783,0.34121140373768516,0.0,0.0,0.0,0.0,0.11047818881652276,0.1408335545439997,0.17271075333647706,0.223124861190479,0.4053337393645552,0.3212122336028886,0.2342405219759288,0.16781672231351558,0.15244564438788602,0.15012588745282673,0.07851541522641786
ADE_val_00000102,ade20k_resnest_semantic_cityscapes_0_00_dropout_pu,0.10029201481496468,0.3635533513439289,0.5194692610616974,0.0,0.0,0.0,0.14079047648841542,0.18800105093899766,0.2551087059586513,0.3587023316411391,0.5203729587444534,0.49653441552246264,0.43135338041111,0.3198249328765587,0.27503920581050717,0.1848645624561985,0.10029201481496469
ADE_val_00001824,ade20k_resnest_semantic_cityscapes_0_00_dropout_pu,0.05134492847811676,0.3757932167432121,0.520239611311831,0.0,0.0,0.0,0.07034582174337489,0.09219695449409387,0.13550090613363758,0.24854496627878517,0.5145649910734041,0.42974588825724785,0.3815321952055675,0.26148101318552286,0.2181632589087402,0.15864746256004475,0.051344928478116766
ADE_val_00000280,ade20k_resnest_semantic_cityscapes_0_00_dropout_pu,0.08156863279311667,0.3909471669731759,0.5321658562880017,0.0,0.0,0.0,0.11395498369546636,0.15069907157648482,0.2069368527236339,0.3167679695851816,0.5561137056734062,0.49421815181558587,0.3764323872815342,0.3100060193118235,0.3034078492941948,0.255864319959989,0.08156863279311664
ADE_val_00000096,ade20k_resnest_semantic_cityscapes_0_00_dropout_pu,0.02379129327663934,0.3641579791372752,0.0,0.0,0.0,0.0,0.03328952591624711,0.04509333659591778,0.0699589385886823,0.15836589434179035,0.43239671163491167,0.4161130179596389,0.3819358976240693,0.29202785418446364,0.22435777906632193,0.20576585520993879,0.023791293276639352
ADE_val_00001606,ade20k_resnest_semantic_cityscapes_0_00_dropout_pu,0.0481572169038053,0.4453253246662012,0.5564184524520294,0.0,0.0,0.0,0.06637516862173039,0.08866386275827046,0.13611656591628626,0.28615714980725304,0.6057305574093663,0.5216482734307735,0.4404819856992745,0.18591324266502032,0.13593527913315553,0.2516140478643144,0.0481572169038053
ADE_val_00001601,ade20k_resnest_semantic_cityscapes_0_00_dropout_pu,0.07393721270621126,0.33409075852525094,0.0,0.0,0.0,0.0,0.09810144090318539,0.12400536096582421,0.1684259514098673,0.2647993530037228,0.35828694481908413,0.32515475548317885,0.25833985476698607,0.15849144034138196,0.14477053587792138,0.17958230847102646,0.07393721270621126
ADE_val_00000497,ade20k_resnest_semantic_cityscapes_0_00_dropout_pu,0.12373843582170864,0.33015709384709574,0.0,0.0,0.0,0.0,0.17352716341586677,0.2167370138853807,0.2530820191839039,0.29850417913017563,0.41684013002565373,0.343020696429138,0.3096777011836644,0.25251223959560987,0.23664990181934978,0.21571720337638645,0.12373843582170867
ADE_val_00001143,ade20k_resnest_semantic_cityscapes_0_00_dropout_pu,0.16479992303130858,0.4078803743434255,0.5403147489708418,0.0,0.0,0.0,0.229647941757983,0.2977508144905801,0.3789717155843468,0.47785009012475665,0.6295054705696327,0.5338678859324957,0.43609889555734105,0.3738333796055157,0.3176760907920699,0.32320422635818447,0.1647999230313086
ADE_val_00001890,ade20k_resnest_semantic_cityscapes_0_00_dropout_pu,0.06615121095233402,0.36147483597358254,0.550258226179291,0.0,0.0,0.0,0.09267027760501048,0.1260691408319348,0.1926925287504318,0.27409970325226973,0.6192090575702395,0.47952153744412435,0.30018983710543473,0.2628571888021323,0.25304308763858957,0.14346797958841487,0.066151210952334
ADE_val_00000054,ade20k_resnest_semantic_cityscapes_0_00_dropout_pu,0.3833325807145669,0.4437081944769293,0.5794626990299532,0.7112819953192244,0.0,0.0,0.44569279721990407,0.488060438347308,0.5383009228945961,0.6217386590012437,0.7370906583334336,0.7100122329308302,0.6779847446371143,0.5954467143546756,0.5656306455596883,0.4519687657886447,0.3833325807145669
ADE_val_00001130,ade20k_resnest_semantic_cityscapes_0_00_dropout_pu,0.05302051991616974,0.37547774457401145,0.5235117358851491,0.0,0.0,0.0,0.07463433045370242,0.10231113313021555,0.16163348532391514,0.2635983098201148,0.5298001559540245,0.453832353400686,0.3754038913859833,0.2725353511359205,0.2394425962597683,0.17455204878972339,0.05302051991616975
ADE_val_00001532,ade20k_resnest_semantic_cityscapes_0_00_dropout_pu,0.18321320232127292,0.45409478595607145,0.5814220599622776,0.7091248354561516,0.0,0.0,0.2404881510391864,0.28343822586709577,0.3562365103904059,0.5228057568589226,0.7124600076037214,0.6997590884876078,0.6535137059113266,0.4858082205921911,0.4330757063572357,0.36274233579481163,0.18321320232127292
ADE_val_00000772,ade20k_resnest_semantic_cityscapes_0_00_dropout_pu,0.1501456191173189,0.4566601398502975,0.5864594462504908,0.7182928737986143,0.0,0.0,0.21041584363951474,0.27389692489729006,0.35473794815718424,0.5203163173284215,0.705187762568979,0.6790289352158267,0.5069207137474249,0.43708134799190246,0.40037875988700217,0.34461693013935396,0.15014561911731894
ADE_val_00001492,ade20k_resnest_semantic_cityscapes_0_00_dropout_pu,0.16388246401068307,0.34883964040521276,0.5190619991254357,0.0,0.0,0.0,0.2307106001498421,0.29093231706534073,0.33020541065651005,0.38038879144868526,0.43506840458032675,0.40974092983339716,0.36275716633052096,0.3293785230752313,0.30977442269746885,0.20910505738337615,0.16388246401068302
ADE_val_00000407,ade20k_resnest_semantic_cityscapes_0_00_dropout_pu,0.03446853488704195,0.35208492240890643,0.512059632290834,0.0,0.0,0.0,0.047549666343434445,0.06402368244872918,0.10080280838993197,0.23788548238250184,0.3330041338663291,0.2900815785202192,0.21440915268335825,0.1326790134653153,0.10197483792730952,0.16982739365330796,0.03446853488704194
ADE_val_00000318,ade20k_resnest_semantic_cityscapes_0_00_dropout_pu,0.08726007746406084,0.3898964471636952,0.5585609335929698,0.0,0.0,0.0,0.12120647694876079,0.1619898454049068,0.2407490882663825,0.37794271861292555,0.6610959410335137,0.6039945203003323,0.5454783000237533,0.3962281802649433,0.3484906959509251,0.20461480740070012,0.08726007746406088
ADE_val_00001034,ade20k_resnest_semantic_cityscapes_0_00_dropout_pu,0.0336792640181315,0.35420570311189087,0.0,0.0,0.0,0.0,0.04605536518355941,0.06085570588805911,0.09030784410926308,0.16928282901782182,0.36322882287089236,0.19082723817758412,0.10099000449915822,0.06366442916405518,0.05332901779669766,0.15811581105764813,0.03367926401813151
ADE_val_00000330,ade20k_resnest_semantic_cityscapes_0_00_dropout_pu,0.11402506739250964,0.43900500464159403,0.5543355421388939,0.0,0.0,0.0,0.1597352241442662,0.21354368760841766,0.30526850962373553,0.47152992000590177,0.5970862127913311,0.551725125376542,0.49858964339107037,0.3137279353957169,0.25974862887348843,0.3341044070560091,0.11402506739250966
ADE_val_00001842,ade20k_resnest_semantic_cityscapes_0_00_dropout_pu,0.06548336490237415,0.3778576185966693,0.534707694028753,0.0,0.0,0.0,0.09163806034866476,0.12461025770266888,0.1910323592069875,0.3289317468003866,0.5691463929731708,0.5168416609614958,0.45788062069225377,0.30689320108881296,0.2577049484647918,0.21722740526140386,0.06548336490237416
ADE_val_00000358,ade20k_resnest_semantic_cityscapes_0_00_dropout_pu,0.27041090647520993,0.44506673273029523,0.590706622785149,0.7238050815062587,0.0,0.0,0.3482431513691534,0.4068610410048902,0.48072785674962903,0.6015150380876108,0.7651127045268921,0.7191555344771519,0.6741726947885802,0.6379852070690403,0.6057655422463456,0.44169660695623403,0.27041090647520993
ADE_val_00001466,ade20k_resnest_semantic_cityscapes_0_00_dropout_pu,0.14297782823610364,0.42849045571853217,0.5657151854801932,0.7099968611309466,0.0,0.0,0.20105974968373436,0.2693949914707147,0.37273529843334224,0.502028828221372,0.7048158515239128,0.6861272068354972,0.6326938152468715,0.5715612974843027,0.5450027272707313,0.30181029349723487,0.1429778282361036
ADE_val_00000816,ade20k_resnest_semantic_cityscapes_0_00_dropout_pu,0.030791220446768273,0.34086752619827093,0.0,0.0,0.0,0.0,0.04169380105081325,0.053944066059031084,0.07798171036232603,0.1532006311770119,0.4033763559363506,0.30335269057081726,0.24071846219119342,0.132921369874608,0.11359401922236559,0.08285961357380196,0.03079122044676827
ADE_val_00001307,ade20k_resnest_semantic_cityscapes_0_00_dropout_pu,0.1315554188723908,0.4202202171316155,0.5588908213891297,0.0,0.0,0.0,0.18392932308959936,0.23806607053294296,0.315693402622702,0.4562509680040626,0.6544042529976332,0.6260860405645271,0.5799679280445431,0.5207899303734602,0.4841037012101453,0.3289236471759627,0.13155541887239083
ADE_val_00000809,ade20k_resnest_semantic_cityscapes_0_00_dropout_pu,0.03476266018579877,0.3505798476982331,0.5175046318300159,0.0,0.0,0.0,0.04759240822310532,0.06310261539358222,0.09537176104509613,0.20547981985397282,0.45980215137204467,0.3786885070802926,0.2588790868490625,0.15803464963677968,0.12526265396703626,0.2077399220051534,0.03476266018579877
ADE_val_00000786,ade20k_resnest_semantic_cityscapes_0_00_dropout_pu,0.04184282229249124,0.37966822853726456,0.5226244105128761,0.0,0.0,0.0,0.05844836338656334,0.07898095358930868,0.12198114874036194,0.23994310654534298,0.5161652996816118,0.4385422957363497,0.3316924051717855,0.24776124415666578,0.2184711725521318,0.14192119864829117,0.041842822292491234
ADE_val_00000997,ade20k_resnest_semantic_cityscapes_0_00_dropout_pu,0.027243131271584856,0.31217240071069213,0.0,0.0,0.0,0.0,0.03660735846357,0.046501475517347644,0.06528817609904268,0.12703690342637136,0.2799381768201745,0.24605920125685535,0.18470537446232815,0.1216568503605648,0.10556331812795539,0.03418365998741118,0.027243131271584852
ADE_val_00001799,ade20k_resnest_semantic_cityscapes_0_00_dropout_pu,0.042331863462713185,0.371598820840832,0.519033099209319,0.0,0.0,0.0,0.05824702731782707,0.0774479114374926,0.11551965021903257,0.21879356613836012,0.46846151826274385,0.414249837780118,0.3051407467553496,0.175798489168934,0.14298980603425254,0.14804091353792262,0.042331863462713205
ADE_val_00000345,ade20k_resnest_semantic_cityscapes_0_00_dropout_pu,0.07972216995326034,0.40696351497820066,0.5382145543000986,0.0,0.0,0.0,0.112053292311582,0.1449115513172347,0.18862068832836373,0.29153584747760275,0.589471924249932,0.5272894842278989,0.4031619111175358,0.2638382476064582,0.23629735512718197,0.2627266885267832,0.07972216995326031
ADE_val_00001342,ade20k_resnest_semantic_cityscapes_0_00_dropout_pu,0.21220078782975102,0.4189910544136762,0.5649495030243276,0.0,0.0,0.0,0.28750345206558914,0.344542769680701,0.41401773505202494,0.52397657965927,0.6616743972647785,0.6204776038236531,0.5572739751708832,0.42219569590304135,0.37915065570086465,0.3037762398749793,0.212200787829751
ADE_val_00000869,ade20k_resnest_semantic_cityscapes_0_00_dropout_pu,0.04437155629101592,0.3489553468554957,0.5029673007670353,0.0,0.0,0.0,0.05990094797203066,0.07635049293792433,0.10689327175870794,0.19023150578938172,0.3525500510168467,0.25703623077264437,0.16192485478605176,0.11497954008770009,0.09552509880897433,0.08181212844616362,0.04437155629101591
ADE_val_00001731,ade20k_resnest_semantic_cityscapes_0_00_dropout_pu,0.1299299287544815,0.33069853332576715,0.0,0.0,0.0,0.0,0.18355501248907014,0.23790996570915246,0.2737114534394716,0.3182448403807413,0.3954862996562553,0.32225742118377637,0.2861750088432127,0.25876565376478355,0.25376462809184525,0.19778387252462842,0.12992992875448148
ADE_val_00001757,ade20k_resnest_semantic_cityscapes_0_00_dropout_pu,0.059118517284219546,0.3612173224567442,0.5286153048180692,0.0,0.0,0.0,0.08098816369339473,0.10436526937923976,0.1407328855010547,0.2063202791340517,0.29799084861584707,0.2552359251264506,0.2298047237006285,0.16562692819538335,0.1357853542147263,0.08975971846419062,0.05911851728421954
ADE_val_00001567,ade20k_resnest_semantic_cityscapes_0_00_dropout_pu,0.05715149938306154,0.40013019626917967,0.5527771702498243,0.0,0.0,0.0,0.08058891710594612,0.11009817968878943,0.17102084054486258,0.31627471635838617,0.6194917371436169,0.5873612805469217,0.5330103239382851,0.3660564753620534,0.3073460264474739,0.21702479891468177,0.05715149938306155
ADE_val_00000831,ade20k_resnest_semantic_cityscapes_0_00_dropout_pu,0.13289840306637402,0.38636020470602667,0.541696920457609,0.0,0.0,0.0,0.18345420462457668,0.23477138748275947,0.29698503101288226,0.4034435937689529,0.6117797940754874,0.5151904744623903,0.44888032588159765,0.376493062160921,0.33580322324316014,0.26454385229930294,0.13289840306637402
ADE_val_00000382,ade20k_resnest_semantic_cityscapes_0_00_dropout_pu,0.08362415021670261,0.39121821909615456,0.5320492570732058,0.0,0.0,0.0,0.1177035272401455,0.16014550523637056,0.24280700311569742,0.3916241045908954,0.5694993423899813,0.5339853820069559,0.45594058119122044,0.3700944309597381,0.30931589530686326,0.27333972791682415,0.08362415021670262
ADE_val_00001956,ade20k_resnest_semantic_cityscapes_0_00_dropout_pu,0.4104408477583571,0.498008898104488,0.6016512739597695,0.7259252965887715,0.0,0.0,0.5009031615498952,0.5564655432215867,0.615090071833101,0.682377720197391,0.7571133493294347,0.7374708806146542,0.6751727736788713,0.6434973426969097,0.6315318904266077,0.4347261588675546,0.41044084775835704
ADE_val_00001967,ade20k_resnest_semantic_cityscapes_0_00_dropout_pu,0.1049616321402142,0.3843978193427661,0.5460534884881304,0.0,0.0,0.0,0.14694924787614183,0.18981670739584802,0.24519050142060694,0.3544134524499564,0.6111272309475834,0.5517200896605562,0.4911694011824037,0.34769970713618165,0.30739672459099804,0.22054414634602781,0.10496163214021421
ADE_val_00000876,ade20k_resnest_semantic_cityscapes_0_00_dropout_pu,0.030661970390369893,0.34860007698364515,0.0,0.0,0.0,0.0,0.04217387582448369,0.054574663751776366,0.0769921016332113,0.14164406677599933,0.31287781911834145,0.21039476109014046,0.1770434768756381,0.10879824379687042,0.08533357399691956,0.07726880826777624,0.0306619703903699
ADE_val_00000541,ade20k_resnest_semantic_cityscapes_0_00_dropout_pu,0.17357021031273362,0.36579474962062536,0.5187915881847268,0.0,0.0,0.0,0.23776470242423084,0.26694224467457306,0.3096890297384642,0.38728193274692085,0.46201886444884394,0.42293111451108467,0.34559046642947,0.26633168889293984,0.2571856113481268,0.19582185440119232,0.1735702103127336
ADE_val_00001609,ade20k_resnest_semantic_cityscapes_0_00_dropout_pu,0.06982911538078572,0.3559911945001805,0.5121275779932435,0.0,0.0,0.0,0.095519464550666,0.11992869957973407,0.164717137826968,0.2496041128989919,0.477215203670745,0.36102839017792926,0.22582567656756347,0.15180371088077754,0.1304019132261624,0.12004768932692782,0.0698291153807857
ADE_val_00000930,ade20k_resnest_semantic_cityscapes_0_00_dropout_pu,0.26823474302381234,0.48459374824972307,0.5806130315335358,0.7176276672741058,0.0,0.0,0.34908717258653876,0.42142032736393886,0.518187690197823,0.6165839772864679,0.7415060864045034,0.7188949745828894,0.6991284408801333,0.6484885492045562,0.628270346943426,0.4792142142309507,0.26823474302381234
ADE_val_00001923,ade20k_resnest_semantic_cityscapes_0_00_dropout_pu,0.18594628570557561,0.4346685527719849,0.561909797654925,0.7227227474159524,0.0,0.0,0.2629509665039267,0.3611561255087391,0.45857464781202945,0.5416312622803348,0.7461491862940067,0.7270297726671864,0.6726716666905168,0.5777849418673757,0.5380216188882773,0.4653941236631047,0.18594628570557564
ADE_val_00000431,ade20k_resnest_semantic_cityscapes_0_00_dropout_pu,0.08423830791419634,0.4074894425416587,0.5449152881599315,0.0,0.0,0.0,0.11841031686690494,0.15990261371578748,0.22337163856085113,0.34476019703051103,0.6021651489181129,0.5341021685667878,0.38281730289929194,0.2792293331980193,0.23997407885210587,0.18959548816358474,0.08423830791419634
ADE_val_00000820,ade20k_resnest_semantic_cityscapes_0_00_dropout_pu,0.036257604667849,0.4096541183018885,0.6145424808706796,0.7136791656372918,0.0,0.0,0.04971693858850122,0.06588446515637636,0.09888205067633944,0.20320584468913894,0.6546683230532918,0.5123244485591278,0.4083889814707255,0.28979527257261184,0.2585808305318223,0.19120854308850155,0.036257604667849
ADE_val_00001925,ade20k_resnest_semantic_cityscapes_0_00_dropout_pu,0.0896370017428211,0.3733433945593993,0.5326574909871891,0.0,0.0,0.0,0.12714911828387587,0.1756960673538697,0.2508694321675777,0.3536430003973918,0.5585271517101286,0.4718769053013528,0.418891558386626,0.3399107586311919,0.2903118733700406,0.22353477927509946,0.08963700174282112
ADE_val_00001564,ade20k_resnest_semantic_cityscapes_0_00_dropout_pu,0.1268106425840552,0.37791620909571494,0.5422957826437182,0.0,0.0,0.0,0.17434408240472074,0.22362321564748183,0.2916509223303967,0.39115310340727916,0.5708398157854782,0.5350562071307727,0.36868898371588427,0.2882866836897757,0.2536565590823153,0.29556194192179985,0.1268106425840552
ADE_val_00001491,ade20k_resnest_semantic_cityscapes_0_00_dropout_pu,0.19092420100470245,0.40784076919703294,0.5514991898824806,0.0,0.0,0.0,0.2664717546603809,0.3218107110849506,0.3705543411566821,0.4811530519660185,0.6474962587004716,0.5877846452906743,0.49496383479801204,0.3756991367015612,0.3515138278038519,0.24381139566626456,0.19092420100470242
ADE_val_00001893,ade20k_resnest_semantic_cityscapes_0_00_dropout_pu,0.3138374165893,0.4945583936594691,0.5704922044179503,0.7376046244351571,0.0,0.0,0.4444603069138045,0.5196296071006364,0.5677567872529491,0.6224645689813819,0.7409687990324184,0.6672290666076587,0.6321384789979337,0.5552374186427483,0.4990214580887934,0.46265166619969145,0.3138374165893
ADE_val_00001682,ade20k_resnest_semantic_cityscapes_0_00_dropout_pu,0.2454557716513902,0.42079383215464317,0.5400961881373332,0.0,0.0,0.0,0.34606040397785937,0.4114805242347021,0.46205114410169773,0.5267135314594068,0.621277727912866,0.5548249809881269,0.4850746528613465,0.39682880709603835,0.3992757212127097,0.36451294576649007,0.2454557716513902
ADE_val_00000591,ade20k_resnest_semantic_cityscapes_0_00_dropout_pu,0.3001776214851322,0.43965850249919936,0.5678732267116424,0.7203363227522338,0.0,0.0,0.37149471595289707,0.4218759918237838,0.48992611665485225,0.5836723373977489,0.7443160474479946,0.7321088823511549,0.676761207151037,0.6074441639173539,0.5805772408641671,0.39348766506256255,0.30017762148513233
ADE_val_00000122,ade20k_resnest_semantic_cityscapes_0_00_dropout_pu,0.07793678603668779,0.3610042090543173,0.5190376389405496,0.0,0.0,0.0,0.10660544693658676,0.1387637163848934,0.19060546564264558,0.29008126953267077,0.5192063841784518,0.4550107829099044,0.34406490419702995,0.2658501125205954,0.23625591518601005,0.18983277625908954,0.0779367860366878
ADE_val_00001880,ade20k_resnest_semantic_cityscapes_0_00_dropout_pu,0.21400264049484125,0.460632518618288,0.5847287583187037,0.7239799845296323,0.0,0.0,0.30383835897610967,0.3980441981796122,0.4859251760275473,0.6029260413768369,0.7532882831082145,0.7141545576455731,0.6463769005813442,0.5459258957641517,0.5328944794403817,0.44346821335442255,0.21400264049484125
ADE_val_00000483,ade20k_resnest_semantic_cityscapes_0_00_dropout_pu,0.07973371757961659,0.4331685175385626,0.5733759931075445,0.7285599719901591,0.0,0.0,0.11131938002670352,0.14950538182201517,0.22382278299672353,0.37479143047220503,0.6965566073455142,0.6279051136651822,0.5948405660720009,0.31102821879817444,0.22285692186455194,0.207157368173898,0.07973371757961659
ADE_val_00001417,ade20k_resnest_semantic_cityscapes_0_00_dropout_pu,0.053150894684013524,0.3877606330797155,0.5249137882260183,0.0,0.0,0.0,0.07396993167374341,0.10040837580820339,0.1567439794914796,0.31521340105786727,0.5357975529083872,0.4969471843560821,0.4041122492347131,0.28786754495832695,0.2560577342943185,0.23707756680696568,0.05315089468401351
ADE_val_00001937,ade20k_resnest_semantic_cityscapes_0_00_dropout_pu,0.17526891264157335,0.42452740362017577,0.5461245910597949,0.7131905021950546,0.0,0.0,0.2395676335869965,0.3046490793392973,0.38718295463660374,0.5043951712555846,0.6695582763840703,0.6229966587544721,0.5805431344501923,0.5314574879975891,0.4940514174791153,0.26434712364784746,0.17526891264157332
ADE_val_00000511,ade20k_resnest_semantic_cityscapes_0_00_dropout_pu,0.07610903532108708,0.3557163072301706,0.5126006021162403,0.0,0.0,0.0,0.10534408585736126,0.13872223910519327,0.192821262628125,0.27716479340599315,0.47672478102160487,0.4278525470147396,0.34428046130150847,0.21806379401659218,0.16802311097182232,0.17571168361753528,0.07610903532108709
ADE_val_00000872,ade20k_resnest_semantic_cityscapes_0_00_dropout_pu,0.12387762230188029,0.36860212416399013,0.5283851932603606,0.0,0.0,0.0,0.17167098242618864,0.22296514983502566,0.2873910742774843,0.3780071033338909,0.5200836632995766,0.4868243635169394,0.4258065255579009,0.3295874155352129,0.2662517671382258,0.2217461139953178,0.12387762230188028
ADE_val_00001429,ade20k_resnest_semantic_cityscapes_0_00_dropout_pu,0.06004086687557659,0.37696032992812695,0.5373049188299452,0.0,0.0,0.0,0.08358993315603808,0.11009145169011791,0.15951857228384037,0.27319045113848067,0.5760947029751972,0.5423937288198268,0.4464292406707884,0.2765008967008875,0.2327109550697568,0.19334692847249596,0.06004086687557658
ADE_val_00000104,ade20k_resnest_semantic_cityscapes_0_00_dropout_pu,0.07571308992585431,0.4129970911827368,0.6576906401900797,0.71482661980193,0.0,0.0,0.10598680487665964,0.14112829863748164,0.19676172350732465,0.31316575466745916,0.7221108892178042,0.6972685524880494,0.6790489397931145,0.3822718707396738,0.27297001795817666,0.18509828279056684,0.07571308992585431
ADE_val_00002000,ade20k_resnest_semantic_cityscapes_0_00_dropout_pu,0.4108324594653819,0.4938877151010754,0.6386217289980719,0.7559550623331657,0.0,0.0,0.4960013855649932,0.5547178400638586,0.6333813053093975,0.7422686398156368,0.8344230814813591,0.8042954452037933,0.7803046437945527,0.693959707239439,0.6819784246347598,0.5615297188846696,0.410832459465382
ADE_val_00000082,ade20k_resnest_semantic_cityscapes_0_00_dropout_pu,0.14730315105061384,0.4788696310317427,0.5625451409261706,0.7195663334252738,0.0,0.0,0.20928038375095068,0.2877430566919505,0.41768371060467074,0.5609322460854602,0.7047576248125036,0.6359842176169002,0.5848959637211167,0.5116523733517986,0.45772196295561635,0.38218026997028265,0.14730315105061387
ADE_val_00000819,ade20k_resnest_semantic_cityscapes_0_00_dropout_pu,0.06688741486707615,0.418854322691586,0.5438410058062628,0.7004605815381314,0.0,0.0,0.0937722129719415,0.1268211348057194,0.18852742371860712,0.346283437829813,0.6592224969507883,0.6012652641815406,0.5379850821925047,0.44203925553694007,0.3891627713602214,0.29311826489272724,0.06688741486707615
ADE_val_00001977,ade20k_resnest_semantic_cityscapes_0_00_dropout_pu,0.29887463101995165,0.41129276918996244,0.543512525295983,0.7310167077555432,0.0,0.0,0.3806850093395502,0.4228807531344623,0.4654206143147936,0.5295250962778365,0.7485417807253734,0.6984775870645052,0.6139936703725538,0.5368616286731906,0.4893251611595333,0.31008631673877163,0.2988746310199516
ADE_val_00001371,ade20k_resnest_semantic_cityscapes_0_00_dropout_pu,0.09918075473598315,0.36236246808166184,0.5285974664253109,0.0,0.0,0.0,0.1376509477170456,0.1770565175842038,0.23309480389362316,0.32326344295348536,0.4900533815410466,0.39791464716555713,0.2789478015779007,0.2125809406036845,0.1937043056874573,0.15788159428342347,0.09918075473598315
ADE_val_00000169,ade20k_resnest_semantic_cityscapes_0_00_dropout_pu,0.053147633628862344,0.3769103443467104,0.5495643160744336,0.0,0.0,0.0,0.0740563437769375,0.10008147076091724,0.15267026718320784,0.24303990680737428,0.5105186043465221,0.4145551653173722,0.26962355652206715,0.2032368489505204,0.18400685521428242,0.1522961793886196,0.05314763362886234
ADE_val_00000629,ade20k_resnest_semantic_cityscapes_0_00_dropout_pu,0.1833867950351225,0.42089363083627795,0.5471359891927244,0.0,0.0,0.0,0.24653680444833803,0.30039457934288755,0.3779665754275938,0.49579481900061123,0.6092233959188933,0.5983090957800518,0.557981756755011,0.48959874579431156,0.45395226731709265,0.286182302630387,0.18338679503512256
ADE_val_00000287,ade20k_resnest_semantic_cityscapes_0_00_dropout_pu,0.0414635308569477,0.33272969103749084,0.0,0.0,0.0,0.0,0.05579290393735557,0.07182678741520539,0.10133470487948332,0.17817398653047242,0.38745794530110544,0.3356592027930045,0.28518970734947235,0.17614844571384589,0.13497967226541752,0.15253846362910245,0.04146353085694768
ADE_val_00000457,ade20k_resnest_semantic_cityscapes_0_00_dropout_pu,0.3189154088260717,0.44978892562415224,0.5772330313944984,0.7254880882177093,0.0,0.0,0.40915951715520027,0.46359480450714924,0.5261903170284746,0.6138055716553505,0.7207975140589237,0.6702177539636933,0.6072054680651983,0.5023477538113389,0.46108089207842784,0.45197498861193247,0.31891540882607167
ADE_val_00000066,ade20k_resnest_semantic_cityscapes_0_00_dropout_pu,0.08051199802015532,0.3337209681471326,0.0,0.0,0.0,0.0,0.1136039758920183,0.13974724234009964,0.16137107134711526,0.19446387384666355,0.24473347619261923,0.2145347420170766,0.1964181315425256,0.17428363146153653,0.16430395791540395,0.08563445672720225,0.08051199802015528
ADE_val_00001075,ade20k_resnest_semantic_cityscapes_0_00_dropout_pu,0.3171272458363489,0.5768174655889491,0.6427074288750132,0.7442725975027945,0.0,0.0,0.43076376359192664,0.5397110714054741,0.651900860192956,0.7336831164250326,0.8587754097676801,0.8462891337853405,0.8102871520340302,0.7367595581412401,0.7209332471276703,0.4797211575951567,0.3171272458363489
ADE_val_00001535,ade20k_resnest_semantic_cityscapes_0_00_dropout_pu,0.07727577982764704,0.37842242662273534,0.5182693937810905,0.0,0.0,0.0,0.10831494061904005,0.1440068261818493,0.20355787257539928,0.3122270659187123,0.5138693410355423,0.4713865957201403,0.40229804846361716,0.2633269695286337,0.21161862928749006,0.13536140821784748,0.07727577982764705
ADE_val_00001810,ade20k_resnest_semantic_cityscapes_0_00_dropout_pu,0.04933527868833478,0.336869356603156,0.0,0.0,0.0,0.0,0.06907125396676209,0.09257658626183317,0.13186928480676285,0.21820125748018407,0.387267689033855,0.3355058808393767,0.2665078986397458,0.17889903600312412,0.16962518134870028,0.11317963089589354,0.049335278688334774
ADE_val_00001581,ade20k_resnest_semantic_cityscapes_0_00_dropout_pu,0.1257812406777098,0.385394017010559,0.5395597360537795,0.0,0.0,0.0,0.1744740626702336,0.22464051511771732,0.29316787088821894,0.40708233877078065,0.6348705350497562,0.5761800047267517,0.47980521233942014,0.3904288421049635,0.3619135696638459,0.34496351621361954,0.1257812406777098
ADE_val_00000846,ade20k_resnest_semantic_cityscapes_0_00_dropout_pu,0.07613631122414523,0.36238804662705854,0.5038164365234489,0.0,0.0,0.0,0.10499553419896343,0.13661182800083255,0.18894137829810245,0.29143029788607644,0.47916681010701345,0.45770035634958284,0.4033808988908882,0.3161678105911349,0.29658749853659117,0.20025245817712933,0.07613631122414524
ADE_val_00001924,ade20k_resnest_semantic_cityscapes_0_00_dropout_pu,0.06947146043916275,0.4512812904865305,0.5611217961316975,0.0,0.0,0.0,0.0974537657123899,0.13059224820322798,0.19341745565142623,0.35488135865039266,0.6023401816387028,0.5764870110937397,0.40407249942430584,0.21648658924637756,0.18452036159193255,0.2665008699538504,0.06947146043916276
ADE_val_00000733,ade20k_resnest_semantic_cityscapes_0_00_dropout_pu,0.20593944881421292,0.36339151583078994,0.5234065587400648,0.0,0.0,0.0,0.26333701457099945,0.29472190785845137,0.3342330053643916,0.4031345828806871,0.5487377617063192,0.5243994756120148,0.4698774305378911,0.40480178072746975,0.3872363984597421,0.2754184828039829,0.2059394488142129
ADE_val_00000522,ade20k_resnest_semantic_cityscapes_0_00_dropout_pu,0.05958749897214119,0.3950573797747127,0.5503630587162383,0.0,0.0,0.0,0.08285693038260085,0.11094250982191055,0.16311889136356203,0.2651673507500487,0.6278119292768876,0.5612628981420852,0.43378464980219844,0.3488571441670196,0.2858945633623479,0.18888070316860273,0.059587498972141176
ADE_val_00001274,ade20k_resnest_semantic_cityscapes_0_00_dropout_pu,0.10128703674079627,0.5200552330114174,0.6240889646381098,0.7303257051916372,0.0,0.0,0.14041864614640748,0.18954824903177836,0.2962380066017533,0.5655164999439558,0.7642770053777908,0.7509417410474757,0.7259866550442235,0.6879068886552737,0.6017050140159189,0.4636546449343086,0.10128703674079627
ADE_val_00000667,ade20k_resnest_semantic_cityscapes_0_00_dropout_pu,0.24539584672816675,0.5329755168986454,0.6115772573970114,0.7361030833164747,0.0,0.0,0.3417772868595608,0.4376096284314719,0.5641214019193839,0.6699375237822622,0.7578017882386588,0.7221719047398335,0.660370151106879,0.6174332823373216,0.5744213409538517,0.4082430751787085,0.24539584672816678
ADE_val_00001989,ade20k_resnest_semantic_cityscapes_0_00_dropout_pu,0.18500809250515163,0.374807632862044,0.5446878500259402,0.702913138490691,0.0,0.0,0.25782093793135363,0.3298254912949098,0.3798032219926525,0.44008441629126166,0.6615040438077331,0.611266997359265,0.49034577038405397,0.4464435120208928,0.4336688828329984,0.264177605216796,0.18500809250515157
ADE_val_00001665,ade20k_resnest_semantic_cityscapes_0_00_dropout_pu,0.13408692979386086,0.35102662715192046,0.5313274353539149,0.0,0.0,0.0,0.17229490364253852,0.1946806644935878,0.22197428210530626,0.28737751512316406,0.5313887164417396,0.4654548890310143,0.35509821913980544,0.24437214970201002,0.2157707747281565,0.24074131159672424,0.13408692979386086
ADE_val_00001101,ade20k_resnest_semantic_cityscapes_0_00_dropout_pu,0.032482553305167125,0.3555464995722712,0.5173682505968865,0.0,0.0,0.0,0.04515824049000658,0.05991943924513227,0.08858846520390284,0.16807710117435404,0.36135040576213157,0.2642940067482568,0.1374643859571953,0.08769206513926794,0.06506093859983388,0.09725392918343706,0.032482553305167125
ADE_val_00000142,ade20k_resnest_semantic_cityscapes_0_00_dropout_pu,0.039312742381482656,0.36642340455715233,0.0,0.0,0.0,0.0,0.05541949648238314,0.07592467331144767,0.11797624990831654,0.19579873546295587,0.40452092002508666,0.29793526789319497,0.19158597657637239,0.09733018721646354,0.07508961933832241,0.13020192030456185,0.039312742381482656
ADE_val_00000983,ade20k_resnest_semantic_cityscapes_0_00_dropout_pu,0.20920050052540817,0.5248256789643218,0.6634603651830697,0.7564774948429921,0.0,0.0,0.29114718516921007,0.3688552279826675,0.4785947951251822,0.6965877332725214,0.8232018430185118,0.7835568474648439,0.7323735344003284,0.5805875485310089,0.5159674243787513,0.5379095630208819,0.20920050052540817
ADE_val_00000679,ade20k_resnest_semantic_cityscapes_0_00_dropout_pu,0.29026862306174517,0.42527163289669456,0.547687084619061,0.7083514738428404,0.0,0.0,0.37245626377939106,0.4236370234828366,0.4755645546407174,0.5418437061348046,0.68519095026999,0.631181992433021,0.5916960476773696,0.5496688156564867,0.5145614603789673,0.40037529601040034,0.29026862306174517
ADE_val_00000313,ade20k_resnest_semantic_cityscapes_0_00_dropout_pu,0.14451764373303927,0.4269146995190492,0.5994501578740421,0.7191323164268689,0.0,0.0,0.19712296496956058,0.24762531992619738,0.31757655601838153,0.45813985565246773,0.7207057592869929,0.6989194415370201,0.6437815865377052,0.5395783890016405,0.48636070161925393,0.24185604724044196,0.14451764373303924
ADE_val_00001427,ade20k_resnest_semantic_cityscapes_0_00_dropout_pu,0.3424138329242423,0.47566883183217723,0.5784374349108556,0.722062703837343,0.0,0.0,0.42498636708119836,0.48774939886948804,0.5552790803776981,0.6281806273913366,0.7326881065640509,0.6886982613552918,0.6061470721162163,0.48769552540705413,0.43163346576787465,0.46936739206703354,0.3424138329242424
ADE_val_00000394,ade20k_resnest_semantic_cityscapes_0_00_dropout_pu,0.06930973302593621,0.33184163190843646,0.0,0.0,0.0,0.0,0.09560657301937477,0.12740177461601918,0.18863646407711188,0.2914234334208804,0.3918109781954125,0.3619243259531917,0.3050321666163349,0.26158531601397145,0.2111536919873915,0.20687338618837192,0.0693097330259362
ADE_val_00000411,ade20k_resnest_semantic_cityscapes_0_00_dropout_pu,0.05550630739859774,0.3683348592202283,0.5067343574645473,0.0,0.0,0.0,0.0777832238247401,0.1049429908725202,0.15828438985030488,0.2656554060293503,0.45411798885875404,0.34418805450056317,0.24035938682610936,0.14111239070871956,0.11313612519307958,0.20174145483826372,0.055506307398597736
ADE_val_00000479,ade20k_resnest_semantic_cityscapes_0_00_dropout_pu,0.1815395987554215,0.4182628244293786,0.5616534249426051,0.7224083052414746,0.0,0.0,0.25488613308853075,0.31933852820349135,0.3933957000165799,0.5063150536782643,0.6872640096228809,0.6209751300649696,0.5762483249959972,0.490818012382541,0.45822602980525134,0.38164607000906087,0.18153959875542158
ADE_val_00000616,ade20k_resnest_semantic_cityscapes_0_00_dropout_pu,0.09664699618443245,0.3562325808419446,0.5226308841920946,0.0,0.0,0.0,0.1321703341882729,0.17096561235261196,0.22592311543729554,0.29654839057717386,0.5342675969371713,0.47452494111743737,0.3467089469710746,0.28338167551632804,0.26291242897739064,0.16805934243570164,0.09664699618443244
ADE_val_00001472,ade20k_resnest_semantic_cityscapes_0_00_dropout_pu,0.140883685335063,0.3965526755520152,0.5557787167816806,0.0,0.0,0.0,0.1981303549258592,0.2585047760472123,0.3316982037983258,0.4420652751721503,0.6675291994438821,0.6494647271869612,0.5545896373085812,0.4703630130165539,0.4343677318688439,0.2607973919405516,0.140883685335063
ADE_val_00000706,ade20k_resnest_semantic_cityscapes_0_00_dropout_pu,0.07693945592084916,0.38551516837611954,0.5523145453090792,0.0,0.0,0.0,0.10817774859673883,0.146701745970813,0.212345844896747,0.31257028905816014,0.6333408488713439,0.5700891099343426,0.511225895637544,0.3565283638672885,0.3053131934500605,0.23412201558314094,0.0769394559208492
ADE_val_00000783,ade20k_resnest_semantic_cityscapes_0_00_dropout_pu,0.08419830052516647,0.38081740708349493,0.5209683625449226,0.0,0.0,0.0,0.11562762264659913,0.1519273488524487,0.2058715041716289,0.298602169761881,0.5338197851350263,0.4709684184805645,0.3633722842481003,0.27665410955930886,0.24563116259188328,0.23936541606840614,0.08419830052516647
ADE_val_00000800,ade20k_resnest_semantic_cityscapes_0_00_dropout_pu,0.10162543957514572,0.36740476204331274,0.5249194567073683,0.0,0.0,0.0,0.1362127824798645,0.17050334110251153,0.2183474861956635,0.31039569574846587,0.5214168194574494,0.4849530329896096,0.39603961634383206,0.289508829665339,0.2551493902628658,0.201479003516718,0.1016254395751457
ADE_val_00001366,ade20k_resnest_semantic_cityscapes_0_00_dropout_pu,0.10151908849006783,0.340915436345698,0.5262582194777574,0.0,0.0,0.0,0.14328897130200693,0.195969307084206,0.28369123471970015,0.34487148068049284,0.5068777652133395,0.4154966504715753,0.3208749753646761,0.28761178221651856,0.27351801801886577,0.19394375318473622,0.10151908849006783
ADE_val_00000549,ade20k_resnest_semantic_cityscapes_0_00_dropout_pu,0.07144857298505009,0.3625797742852399,0.5112501734225265,0.0,0.0,0.0,0.09792332528119062,0.13011433099638722,0.19571058394814808,0.31931991981646074,0.4891507721112797,0.4501109613094293,0.38372410654100814,0.22196992052590508,0.1750793232827468,0.1899000465597163,0.07144857298505009
ADE_val_00001861,ade20k_resnest_semantic_cityscapes_0_00_dropout_pu,0.06625287777622811,0.40144727416694365,0.5370815357581048,0.0,0.0,0.0,0.09055907232244438,0.11866340174083717,0.1728042390382527,0.3111677181707253,0.5626490404526975,0.4859576953539152,0.38238405202768555,0.25091433046904427,0.20097079867961132,0.2124816384560625,0.06625287777622811
ADE_val_00000810,ade20k_resnest_semantic_cityscapes_0_00_dropout_pu,0.10522948114270332,0.3774023779614498,0.560806395979687,0.0,0.0,0.0,0.1460808390260034,0.19513389349877727,0.2692723294455105,0.37573408462093466,0.5949700303657788,0.5183178660696383,0.4382765637278767,0.3618252534752463,0.3471474404239049,0.27099560748544227,0.10522948114270332
ADE_val_00000433,ade20k_resnest_semantic_cityscapes_0_00_dropout_pu,0.05429204785281078,0.4061200800628699,0.5720110576244316,0.7113245315695218,0.0,0.0,0.07664126626474928,0.10488457798648927,0.16263203087652747,0.2844214991914482,0.6656191820203129,0.6124652449223515,0.5106155060882833,0.4129832586618102,0.35965412322759166,0.2034800316102887,0.054292047852810776
ADE_val_00001082,ade20k_resnest_semantic_cityscapes_0_00_dropout_pu,0.09496983608565661,0.3990667455270395,0.571899192501587,0.0,0.0,0.0,0.13262158325920723,0.17701751165196436,0.2522794534040554,0.3896657985793508,0.6551559100230445,0.5961502161452579,0.5219680397007456,0.43611067670027803,0.3432817589953922,0.23159155122630556,0.09496983608565661
ADE_val_00001563,ade20k_resnest_semantic_cityscapes_0_00_dropout_pu,0.15900003037299495,0.44022703196370927,0.5811193271003584,0.7104215366325738,0.0,0.0,0.22505171562482978,0.3086465158567149,0.4279778617269947,0.5550089176994868,0.7027168849245062,0.6788829858739628,0.6372011332836647,0.563024690995682,0.5233183067935934,0.41116399063142134,0.15900003037299498
ADE_val_00001996,ade20k_resnest_semantic_cityscapes_0_00_dropout_pu,0.09691464730446625,0.36305126051010045,0.5238570871178257,0.0,0.0,0.0,0.12762922566462756,0.15839185185552618,0.2070874369340208,0.2929216136690504,0.46225277814028765,0.3995333741882476,0.309895156882137,0.21141250847930088,0.18531316720552152,0.1803543962171186,0.09691464730446624
ADE_val_00001364,ade20k_resnest_semantic_cityscapes_0_00_dropout_pu,0.045432460428652816,0.33729158090925937,0.0,0.0,0.0,0.0,0.0604420450124554,0.07608035321826485,0.10235088728516879,0.16265612146286995,0.25451393757727164,0.20931166715196511,0.1453491888605026,0.07438676879062787,0.06868110661780481,0.09577622783201789,0.045432460428652816
ADE_val_00001357,ade20k_resnest_semantic_cityscapes_0_00_dropout_pu,0.12708629335398255,0.4063319065334025,0.5403118007253298,0.0,0.0,0.0,0.16584075822483618,0.20474721682674185,0.2655274307143582,0.40203311508675493,0.6188309151203142,0.562736135707823,0.4759661009671462,0.3407291958637066,0.30523993245348635,0.3439239982953899,0.12708629335398255
ADE_val_00001694,ade20k_resnest_semantic_cityscapes_0_00_dropout_pu,0.08878855181915245,0.366632166924832,0.5222766682024568,0.0,0.0,0.0,0.12446094909149104,0.16805572714265898,0.24297742320910026,0.3435722626035902,0.5050455361448237,0.46972248111389575,0.3956180350183896,0.30271148928454095,0.2879690683078003,0.12914174115965812,0.08878855181915245
ADE_val_00000632,ade20k_resnest_semantic_cityscapes_0_00_dropout_pu,0.13827243621863008,0.40890145088601476,0.5382031554164084,0.0,0.0,0.0,0.18761752794693845,0.23170725204030487,0.30493750229634514,0.43982464434878416,0.5472032773080996,0.49930803263226237,0.397027995554851,0.285444373302923,0.2495659323066624,0.3739068787634364,0.13827243621863008
ADE_val_00000643,ade20k_resnest_semantic_cityscapes_0_00_dropout_pu,0.07455113824719226,0.36627784365680177,0.5120279190799238,0.0,0.0,0.0,0.10496549418275249,0.14301465284463752,0.20677850157101427,0.3183704342657071,0.42473967211603986,0.3320364948544086,0.20304906328623598,0.16400200521319874,0.1467175430581364,0.1953515439194671,0.07455113824719227
ADE_val_00000336,ade20k_resnest_semantic_cityscapes_0_00_dropout_pu,0.4226134336378476,0.47548135142355974,0.554807617241528,0.7050375839354595,0.0,0.0,0.49800549398352306,0.5293206067763315,0.5604836075890886,0.6051631145752306,0.6838331725448873,0.6640679362088702,0.6275738774241983,0.5828269097501195,0.5565394350511588,0.4898196456233562,0.4226134336378476
ADE_val_00000563,ade20k_resnest_semantic_cityscapes_0_00_dropout_pu,0.26289820745329734,0.5129755770987267,0.6171632887902514,0.7267680395976086,0.0,0.0,0.3669704017732152,0.45256519203560786,0.5608326453906463,0.6788181572903792,0.7773270355489899,0.7554514013925571,0.7283768888777764,0.6762867140911497,0.6451267544909539,0.5652135123631601,0.26289820745329723
ADE_val_00001280,ade20k_resnest_semantic_cityscapes_0_00_dropout_pu,0.05224276417211998,0.3570332045125515,0.5302055330437475,0.0,0.0,0.0,0.07314785070722454,0.09728550767195228,0.14117050307284354,0.22778655347113458,0.35097166735635205,0.30777242628606755,0.19936559789332278,0.1245992689929043,0.10560123308782526,0.11322063095483988,0.05224276417211998
ADE_val_00000217,ade20k_resnest_semantic_cityscapes_0_00_dropout_pu,0.1402855830651865,0.34999667426609027,0.5123371743702043,0.0,0.0,0.0,0.18637838722490183,0.22902014112889127,0.26463390149069543,0.3258452653537188,0.4861556932352567,0.45411034782218324,0.3964627118561062,0.3267165452166862,0.28470873165404326,0.23975394485091503,0.14028558306518643
ADE_val_00000486,ade20k_resnest_semantic_cityscapes_0_00_dropout_pu,0.16917644949153113,0.4021341651835131,0.5553657330683841,0.7197834085896252,0.0,0.0,0.2244944040415759,0.273156156859401,0.33371077713830305,0.44673293215130266,0.5952912753215729,0.5620069518995389,0.42175411445466515,0.27244493972742106,0.25017367685085995,0.2337564885818198,0.1691764494915311
ADE_val_00001350,ade20k_resnest_semantic_cityscapes_0_00_dropout_pu,0.26023035557288055,0.40452623814616134,0.5377485485924423,0.0,0.0,0.0,0.3705796047211027,0.4204844231867879,0.45251938788204116,0.5068297974070475,0.6046401862251757,0.567835696471411,0.49107873184176026,0.4462857331961703,0.4326218543694497,0.3148178819998384,0.2602303555728806
ADE_val_00000157,ade20k_resnest_semantic_cityscapes_0_00_dropout_pu,0.08321988405951661,0.3629563869052856,0.52127111671709,0.0,0.0,0.0,0.11434701832647721,0.1492794472777853,0.2057187159743639,0.3125777927164736,0.5335530552173361,0.48243089364185815,0.39144490406649946,0.3171257035316219,0.248782548709537,0.132624888820342,0.08321988405951664
ADE_val_00001607,ade20k_resnest_semantic_cityscapes_0_00_dropout_pu,0.21603375233320293,0.48993090720172616,0.6313945473388562,0.7269332240110304,0.0,0.0,0.2953050034612437,0.36755223498666506,0.4683914987585062,0.6505276200754447,0.7757956787488258,0.7597437348316243,0.7192029472910767,0.6597923237118748,0.6256818357514989,0.4142508400073556,0.2160337523332029
ADE_val_00000606,ade20k_resnest_semantic_cityscapes_0_00_dropout_pu,0.18497796734660274,0.41009870450908137,0.547689410914871,0.0,0.0,0.0,0.24907676798748915,0.30465843048022057,0.37662932130843874,0.4855867259662786,0.6669336758438869,0.654772324134543,0.6108861250118085,0.4977863122261484,0.41769652408378405,0.3527990164144589,0.1849779673466027
ADE_val_00001224,ade20k_resnest_semantic_cityscapes_0_00_dropout_pu,0.06471736025200438,0.3998388982215637,0.5508664950033055,0.700457250762779,0.0,0.0,0.08990488303504567,0.12006801440584722,0.17460437084419259,0.2999774115013533,0.6546251438332744,0.5909759195632702,0.49891408009208504,0.3652369818267364,0.2867778468774789,0.23237667121561553,0.0647173602520044
ADE_val_00001322,ade20k_resnest_semantic_cityscapes_0_00_dropout_pu,0.06902921405626032,0.35986465752980323,0.5204539588675016,0.0,0.0,0.0,0.09686160294574273,0.13043976223325893,0.1812377365490264,0.2651922414505769,0.5090446991387606,0.4423913142173881,0.35994816566182863,0.21020426857546198,0.1753055594704715,0.20993932982540459,0.06902921405626031
ADE_val_00000475,ade20k_resnest_semantic_cityscapes_0_00_dropout_pu,0.0849898299895284,0.3879462682165591,0.5410560594390533,0.0,0.0,0.0,0.11911132831204328,0.16017788283222345,0.23239017567982145,0.3648260988053524,0.5842240197928268,0.5440486346649159,0.44621455529267173,0.39677555448220014,0.34458427605620967,0.2493017368647282,0.08498982998952843
ADE_val_00000578,ade20k_resnest_semantic_cityscapes_0_00_dropout_pu,0.08440135502553298,0.4190869941534225,0.5496869234639397,0.0,0.0,0.0,0.11853047434306109,0.16017754052531835,0.22997826813583372,0.36709233714705297,0.6225349067058272,0.5891063937808783,0.5482788602065947,0.40513333352593794,0.3655836298878516,0.2823380859436783,0.08440135502553299
ADE_val_00001315,ade20k_resnest_semantic_cityscapes_0_00_dropout_pu,0.046318286032985774,0.3404883590277926,0.0,0.0,0.0,0.0,0.06485798464092224,0.0882100264532386,0.13386581284381469,0.23390183934407785,0.44287498829931743,0.36937854212993027,0.30266981268843457,0.22271569676039904,0.1980121053250021,0.09808021939962416,0.04631828603298578
ADE_val_00001652,ade20k_resnest_semantic_cityscapes_0_00_dropout_pu,0.1658623913615029,0.3957618926032694,0.5624413914667956,0.0,0.0,0.0,0.23432454962284427,0.307352490279042,0.37268320345959316,0.4767270496487006,0.6621422022838885,0.6458663640043718,0.5870962647443667,0.5189459362406194,0.4866669837201449,0.3206651425702214,0.1658623913615029
ADE_val_00001072,ade20k_resnest_semantic_cityscapes_0_00_dropout_pu,0.12736788737502008,0.40705641425913275,0.5433377636968328,0.0,0.0,0.0,0.17707381815273246,0.2286627940349487,0.2953348691493641,0.42589525301785325,0.5842415135008021,0.5684674762748541,0.5356195659238852,0.35682533006828576,0.3201390921208687,0.25490658091022395,0.12736788737502006
ADE_val_00000967,ade20k_resnest_semantic_cityscapes_0_00_dropout_pu,0.10732420985892976,0.3958065282278837,0.5650543733332646,0.7197285805431424,0.0,0.0,0.14916746478669732,0.1938665363845126,0.25648139410009263,0.3778300470636284,0.7210192827917824,0.6760527049596096,0.473875730179801,0.3388001833461396,0.31008796577591696,0.24478229111572158,0.10732420985892978
ADE_val_00000163,ade20k_resnest_semantic_cityscapes_0_00_dropout_pu,0.1117244895373407,0.4256908205452682,0.5549110915025521,0.0,0.0,0.0,0.15561675700800054,0.20043760624852328,0.260755323842446,0.4000138824733732,0.6467117169300067,0.6186375632542424,0.5827417277224669,0.4880537314063148,0.4157645678933531,0.2202561439490809,0.11172448953734067
ADE_val_00001015,ade20k_resnest_semantic_cityscapes_0_00_dropout_pu,0.06208374465665614,0.3292320746781672,0.0,0.0,0.0,0.0,0.08663017060849564,0.1127380535599281,0.15306629105756744,0.20834573755528954,0.38499384959107524,0.33097263783158487,0.2532234346891707,0.19288658182693186,0.1821154683985594,0.10650395889401407,0.062083744656656135
ADE_val_00001294,ade20k_resnest_semantic_cityscapes_0_00_dropout_pu,0.3455753329084869,0.5062085175897847,0.5851090217585121,0.7205282243107808,0.0,0.0,0.48074586107031664,0.5429784048714512,0.5937606604849733,0.6539444131537264,0.7420901702186383,0.7215158373983462,0.6669410141070302,0.6077882632410103,0.6006963333349361,0.508346362569364,0.3455753329084869
ADE_val_00000331,ade20k_resnest_semantic_cityscapes_0_00_dropout_pu,0.058026456102589864,0.37065754494753955,0.5169394588493046,0.0,0.0,0.0,0.08221624139863108,0.11278389238606763,0.1701280178975249,0.3018711429398552,0.5049282662062189,0.47304165216385824,0.4281067855732082,0.30824878203560346,0.25863893181545095,0.23998384151319466,0.05802645610258987
ADE_val_00000120,ade20k_resnest_semantic_cityscapes_0_00_dropout_pu,0.06086695303869819,0.3874054747819163,0.5310476928005371,0.0,0.0,0.0,0.08511420667587409,0.11539746689014077,0.17781001570979477,0.2940258356876187,0.5656536110868248,0.5101548635149606,0.4037779734902205,0.30268010024348974,0.26505208770447997,0.21150874002359565,0.060866953038698185
ADE_val_00001404,ade20k_resnest_semantic_cityscapes_0_00_dropout_pu,0.06995083160852822,0.37089410682459156,0.5518268145674917,0.0,0.0,0.0,0.09681051472919742,0.1274169070729462,0.1855102205128799,0.30121134546385536,0.5819960265694717,0.5527458430891742,0.4021117772683369,0.27106474446729345,0.23017757604622888,0.22905542708628196,0.06995083160852822
ADE_val_00001775,ade20k_resnest_semantic_cityscapes_0_00_dropout_pu,0.0986570345395136,0.3950970544301443,0.5373923513148421,0.0,0.0,0.0,0.13932483817412802,0.18824364777035513,0.2629171329092552,0.39629761928900314,0.5670480163968267,0.4865100518674318,0.4320313737857859,0.31815482628061603,0.2638506360926894,0.17436350587825838,0.0986570345395136
ADE_val_00001225,ade20k_resnest_semantic_cityscapes_0_00_dropout_pu,0.17933853317556928,0.39526903488108395,0.5454933008589313,0.0,0.0,0.0,0.24289274173226041,0.29343800980557005,0.3554324420672025,0.4506450639513875,0.6388284221238765,0.6156626712559795,0.5845307950872747,0.4974940487109984,0.45717758145239257,0.2951401254874415,0.1793385331755693
ADE_val_00001030,ade20k_resnest_semantic_cityscapes_0_00_dropout_pu,0.2684844470836054,0.41820605100323616,0.5543263360442157,0.7160430239288678,0.0,0.0,0.35377374266770134,0.40606898161444427,0.45960234328564636,0.5351584192875813,0.7270096527618019,0.7099514932683736,0.6611113884558599,0.5311531883390956,0.5060463701611428,0.38853972580901974,0.2684844470836054
ADE_val_00000224,ade20k_resnest_semantic_cityscapes_0_00_dropout_pu,0.12953028959015928,0.37512437251836594,0.5396651908339434,0.0,0.0,0.0,0.17455600230434581,0.21384272505490665,0.2644338678546783,0.3499733669095675,0.4974333395682582,0.44430423530384866,0.3792023232888591,0.2596084648246355,0.2285227886016533,0.2743407397362293,0.12953028959015928
ADE_val_00000360,ade20k_resnest_semantic_cityscapes_0_00_dropout_pu,0.03947699330869268,0.3387825200463587,0.0,0.0,0.0,0.0,0.054657748110670555,0.07366795234893223,0.11386926124716677,0.20071253603554776,0.43505610140991285,0.3257748401983181,0.2373489054932067,0.15878064567212713,0.13866132795661554,0.06857471039827605,0.039476993308692684
ADE_val_00000419,ade20k_resnest_semantic_cityscapes_0_00_dropout_pu,0.1754108708258714,0.32953002221437167,0.0,0.0,0.0,0.0,0.2356113941848645,0.26760840597884317,0.2987160924544392,0.3387816549223876,0.3821776347789474,0.3448272693678083,0.3245086179264937,0.27522996104296094,0.2599471913431567,0.27309576742511404,0.1754108708258714
ADE_val_00000565,ade20k_resnest_semantic_cityscapes_0_00_dropout_pu,0.1012599337076999,0.37603718902911776,0.5215296784301849,0.0,0.0,0.0,0.14166002516356624,0.17847310010718667,0.21976191414567336,0.30494796352019404,0.5308501362529929,0.48926404636850274,0.26395950005389784,0.20485001227813054,0.19029207524762315,0.16713862027978074,0.1012599337076999
ADE_val_00001614,ade20k_resnest_semantic_cityscapes_0_00_dropout_pu,0.1085406440128209,0.32930816663814316,0.0,0.0,0.0,0.0,0.15069507824231787,0.18727308240660662,0.2245400449117219,0.2822610329039632,0.3404372916322497,0.30857664264914797,0.26944517681275776,0.21204661904507244,0.19652544170860725,0.14899556701855737,0.10854064401282092
ADE_val_00000342,ade20k_resnest_semantic_cityscapes_0_00_dropout_pu,0.3472993958559587,0.44735336598820374,0.5647336037863079,0.7188765625521029,0.0,0.0,0.42828659533237323,0.4753236007528055,0.525439325783103,0.5984242291768942,0.7370927158009515,0.7204331285438973,0.6911961026076304,0.6380417630880678,0.603665254937413,0.4762649055905617,0.34729939585595876
ADE_val_00000055,ade20k_resnest_semantic_cityscapes_0_00_dropout_pu,0.06704781759412962,0.35636184102497215,0.5045518654207939,0.0,0.0,0.0,0.09195664613922455,0.11568847166275581,0.15376758786711708,0.23372909047757215,0.49549188271822603,0.43917430652311545,0.28207203323191843,0.2137445910071688,0.18405964633473496,0.14704370063627537,0.06704781759412963
ADE_val_00000954,ade20k_resnest_semantic_cityscapes_0_00_dropout_pu,0.1885386173208182,0.39213646580669187,0.5458024564176504,0.7018878663591115,0.0,0.0,0.2581737335990734,0.31416096781476405,0.378491862718664,0.461042518147898,0.5969406893128876,0.5500600529939492,0.4660776082184573,0.4070944830759596,0.37929143567581275,0.20011692425149713,0.1885386173208182
ADE_val_00000039,ade20k_resnest_semantic_cityscapes_0_00_dropout_pu,0.12656120363941553,0.42162069479764913,0.5430243723810053,0.0,0.0,0.0,0.17591476219867552,0.22940231550987214,0.3119688862479873,0.4589926998688061,0.6620163327591487,0.5845800531507449,0.4576530910934671,0.4023891501909912,0.355764404125616,0.343318129455737,0.12656120363941553
ADE_val_00001997,ade20k_resnest_semantic_cityscapes_0_00_dropout_pu,0.08492755180838948,0.3388874950229692,0.0,0.0,0.0,0.0,0.11245234338500805,0.13879838883213186,0.17804688964465207,0.2522036268283915,0.36172778040886017,0.3295694196766084,0.21851884703195407,0.14334635087718114,0.1351595125333989,0.17694044199805065,0.0849275518083895
ADE_val_00000731,ade20k_resnest_semantic_cityscapes_0_00_dropout_pu,0.11155307064904366,0.394863398788175,0.541028575944681,0.0,0.0,0.0,0.15417164671045389,0.185015783691584,0.22583561558553103,0.3163507471991897,0.601982586266101,0.5165419416172409,0.3959310419481745,0.2635347513729861,0.2488398077459501,0.2120460069338802,0.11155307064904363
ADE_val_00001550,ade20k_resnest_semantic_cityscapes_0_00_dropout_pu,0.26587168338707284,0.4221148591041353,0.5684987654782342,0.7184732967525699,0.0,0.0,0.35045868991248313,0.40365399963566134,0.4598599039193804,0.5362751622035152,0.7118108104622233,0.6564874764494245,0.555444563001535,0.4485391143457481,0.42142414256321725,0.36040289947839205,0.26587168338707284
ADE_val_00000240,ade20k_resnest_semantic_cityscapes_0_00_dropout_pu,0.12647503831363457,0.40332192586789595,0.514517685218356,0.0,0.0,0.0,0.16479636077745652,0.1960608424222687,0.2402688934080352,0.3536755749228446,0.5276715996980382,0.5051144771278477,0.45336207385340166,0.39888608282458676,0.32815674642952825,0.2650661501604882,0.12647503831363452
ADE_val_00000428,ade20k_resnest_semantic_cityscapes_0_00_dropout_pu,0.4064267937905397,0.5451915078747858,0.6544080588018785,0.7445176964854727,0.0,0.0,0.514435993601169,0.5954059760796506,0.681257012198504,0.7533466465597892,0.8404833767974749,0.8085757358677057,0.7648225887298894,0.749575630012397,0.741804631360193,0.5469145297509578,0.40642679379053975
ADE_val_00000628,ade20k_resnest_semantic_cityscapes_0_00_dropout_pu,0.22432800579451073,0.40361668436252085,0.5761774272284093,0.7354264284047958,0.0,0.0,0.288688836523866,0.3381580043430689,0.39626959692139635,0.5044848247443737,0.7028071570255803,0.6415126105919821,0.5020202734926016,0.4033825596894549,0.38323239727490943,0.45159288870487074,0.22432800579451073
ADE_val_00001759,ade20k_resnest_semantic_cityscapes_0_00_dropout_pu,0.09671392157850113,0.348978727304393,0.0,0.0,0.0,0.0,0.12961939507325082,0.15148199095624526,0.173379347910388,0.21553321943854511,0.31406549200498757,0.25571993070974464,0.20861363351312223,0.14881134835428209,0.13451284648191944,0.20532049171515773,0.09671392157850114
ADE_val_00000856,ade20k_resnest_semantic_cityscapes_0_00_dropout_pu,0.06741115842676894,0.3780975973814918,0.5299582337581945,0.0,0.0,0.0,0.09390168644725437,0.12465108379140558,0.17993117300305603,0.3005747151775434,0.5618222292397113,0.4536555337785975,0.401362631907758,0.28111828159671176,0.23376533898562885,0.25159917104587437,0.06741115842676895
ADE_val_00000668,ade20k_resnest_semantic_cityscapes_0_00_dropout_pu,0.29532103634697643,0.44252060345180566,0.5574091839326681,0.702637861803447,0.0,0.0,0.3849715565693021,0.4419112793839708,0.5001980950434871,0.5729875176675275,0.6865989346752785,0.6618210811615637,0.6188439215006742,0.5639221069548718,0.5384620380083575,0.4238724318282622,0.2953210363469764
ADE_val_00000615,ade20k_resnest_semantic_cityscapes_0_00_dropout_pu,0.2709564816968989,0.4090853068375631,0.615731427250004,0.7375331379827142,0.0,0.0,0.32886056751462617,0.36916055728023217,0.42524009610214053,0.5429918171765216,0.8036857358315728,0.756726474657142,0.6583854513803594,0.5214872951993036,0.49558818306113733,0.5273594179230761,0.2709564816968988
ADE_val_00000793,ade20k_resnest_semantic_cityscapes_0_00_dropout_pu,0.045789193786201304,0.35240879818563847,0.0,0.0,0.0,0.0,0.06142550998293947,0.07860551090402079,0.11146225592826169,0.2073566939535491,0.3971234892262018,0.36158659556270356,0.2843249330491428,0.17348980378980033,0.12952702700981103,0.1888048779171718,0.045789193786201325
ADE_val_00000998,ade20k_resnest_semantic_cityscapes_0_00_dropout_pu,0.10547745519178117,0.38060469126765994,0.5258367895322746,0.0,0.0,0.0,0.14785073210137903,0.19209551031967764,0.25044595792115576,0.34795821268058746,0.5054832947153054,0.483188621481174,0.4464295814284373,0.2693942529251676,0.24855740766187318,0.23020549398777795,0.10547745519178121
ADE_val_00000599,ade20k_resnest_semantic_cityscapes_0_00_dropout_pu,0.18102285907365856,0.40537478310605746,0.5541330965760908,0.7127672219932975,0.0,0.0,0.23836231304856467,0.2810782459473141,0.34354710224919,0.46027521468161753,0.6932490765227137,0.6394069408071791,0.5140950869223455,0.36583252992475174,0.32672824099168374,0.3751088510429131,0.1810228590736586
ADE_val_00000988,ade20k_resnest_semantic_cityscapes_0_00_dropout_pu,0.05722233739194677,0.4379358867208688,0.6067306321726446,0.7228583102733135,0.0,0.0,0.07934942239823363,0.1057355545264096,0.15635450772035173,0.269737651875246,0.7334716448194847,0.7143626790022509,0.5837631137239474,0.3906929903288268,0.285083895152469,0.3038881116112441,0.057222337391946765
ADE_val_00001964,ade20k_resnest_semantic_cityscapes_0_00_dropout_pu,0.3116365715978243,0.4389285887821974,0.5621858862104063,0.7182916737237794,0.0,0.0,0.38698871008289104,0.43931774824892494,0.4937594137660838,0.5680777906534386,0.7356384907172714,0.6903600213412748,0.6467587002226063,0.5703372648334889,0.5499143855986504,0.44729996296292723,0.3116365715978244
ADE_val_00000284,ade20k_resnest_semantic_cityscapes_0_00_dropout_pu,0.24246851463316946,0.379277204229539,0.5781593132633857,0.7213443492009686,0.0,0.0,0.32530306355901206,0.3732977252894079,0.40668213652367075,0.45693152445902196,0.7229750498422916,0.6281202499916209,0.5158498453828543,0.42530087112809667,0.41275364912853385,0.39018145992488207,0.24246851463316954
ADE_val_00001070,ade20k_resnest_semantic_cityscapes_0_00_dropout_pu,0.0975701251057744,0.374654650524812,0.5130537050064314,0.0,0.0,0.0,0.1333303945916142,0.16655028670325306,0.2081444199851156,0.29384479825836857,0.44515714445023924,0.4108062305689018,0.39871942748540884,0.22833905924633188,0.18353357761511893,0.2127146941161932,0.09757012510577441
ADE_val_00000530,ade20k_resnest_semantic_cityscapes_0_00_dropout_pu,0.26180706781803204,0.4300782061679233,0.5579716462886412,0.0,0.0,0.0,0.3379688775853751,0.3940820392124601,0.4608328368898661,0.5499176208644126,0.6555724448929807,0.6436255817932262,0.6200013208214478,0.5215041970013621,0.49245598740284624,0.32631517663501614,0.2618070678180321
ADE_val_00001118,ade20k_resnest_semantic_cityscapes_0_00_dropout_pu,0.04146263317833666,0.426549191214678,0.5589368673339652,0.0,0.0,0.0,0.05646267976642068,0.07383930904747017,0.1079909012967607,0.21036065231220732,0.6106962557390194,0.4644141913055623,0.30420315663902475,0.18743724454993552,0.16234628472968754,0.20721060498893198,0.041462633178336664
ADE_val_00000572,ade20k_resnest_semantic_cityscapes_0_00_dropout_pu,0.12342017644359851,0.39393656225761187,0.5472881442078916,0.0,0.0,0.0,0.16892633316190378,0.2129107388965476,0.2711191820213908,0.3942365480785512,0.5944955005112323,0.5479714791273796,0.4844258019866594,0.41863824375587266,0.4084042594803211,0.2585930326411978,0.1234201764435985
ADE_val_00000448,ade20k_resnest_semantic_cityscapes_0_00_dropout_pu,0.1406186361420839,0.41015678101414815,0.56392480826133,0.713563832120569,0.0,0.0,0.190064852385582,0.2394777555786457,0.31429657183390663,0.44608955349973933,0.6440472893572847,0.57949704562692,0.45929653421644195,0.3497424995402581,0.2879857812866429,0.3153113690183367,0.14061863614208395
ADE_val_00000673,ade20k_resnest_semantic_cityscapes_0_00_dropout_pu,0.10700363070828271,0.41644529297158267,0.5564694620280838,0.0,0.0,0.0,0.15189595828255711,0.20687068053052937,0.28651730074262854,0.43105483948471485,0.6251736530489324,0.5714624631976865,0.5256774957652236,0.4617836026056307,0.43083264354219963,0.2627674195528546,0.10700363070828267
ADE_val_00000961,ade20k_resnest_semantic_cityscapes_0_00_dropout_pu,0.08062976236304553,0.3932867535144722,0.5185191719564403,0.0,0.0,0.0,0.11339708334769028,0.15248164452487628,0.2196807731074474,0.34824925202830936,0.5437741022870071,0.5229351152168505,0.4912089574258794,0.4330961261477895,0.39521579215873237,0.21870705822821113,0.0806297623630455
ADE_val_00000837,ade20k_resnest_semantic_cityscapes_0_00_dropout_pu,0.0653301353134443,0.3885727107212948,0.543510081533626,0.0,0.0,0.0,0.09051442382585403,0.12248872495002602,0.18521027494953385,0.30123207783414796,0.5963022558098534,0.5418608855347555,0.43096256679957223,0.34127300364535534,0.3145964369533074,0.261131509809217,0.0653301353134443
ADE_val_00001834,ade20k_resnest_semantic_cityscapes_0_00_dropout_pu,0.06320198898769094,0.37823334273054177,0.522070100054399,0.0,0.0,0.0,0.08767244527055851,0.11597430854051709,0.15817059847914736,0.22281435251880868,0.4917695506940604,0.3732195303495069,0.28947895598592865,0.19177033817129988,0.1832734593028783,0.11666659586790037,0.06320198898769096
ADE_val_00000352,ade20k_resnest_semantic_cityscapes_0_00_dropout_pu,0.10641518248310217,0.37173709143396505,0.5300701628291232,0.0,0.0,0.0,0.1451722710238176,0.1756244691375881,0.2190366519816912,0.31066550397651954,0.5267554594692277,0.478333920110053,0.45183819282982074,0.27351776316252646,0.22642019242363248,0.1944218665144653,0.10641518248310214
ADE_val_00001093,ade20k_resnest_semantic_cityscapes_0_00_dropout_pu,0.1131904837058052,0.3662388147475602,0.5367602180445846,0.0,0.0,0.0,0.15517204519765865,0.19435529421307587,0.24418236884381372,0.3316266987349596,0.5564953135571732,0.49760361035070083,0.3266997048694775,0.21515955816371593,0.19778240443491463,0.18758168102468228,0.11319048370580519
ADE_val_00000757,ade20k_resnest_semantic_cityscapes_0_00_dropout_pu,0.08377726986682367,0.3174555417091825,0.0,0.0,0.0,0.0,0.11474714378114341,0.1488432187106428,0.1918651355724479,0.24540225909270416,0.30718235468949906,0.27181948627626407,0.23065170501110724,0.2031666169104349,0.18418731514878078,0.15983116081540624,0.08377726986682366
ADE_val_00000249,ade20k_resnest_semantic_cityscapes_0_00_dropout_pu,0.023690061252408245,0.37868815338641126,0.525432534501587,0.0,0.0,0.0,0.03227415752579038,0.04197848814085649,0.061004664849635196,0.12251858379292212,0.5006186335526652,0.4320162619687952,0.2695284285129742,0.15539714128497492,0.12878954948450771,0.06089320747527944,0.023690061252408245
ADE_val_00001904,ade20k_resnest_semantic_cityscapes_0_00_dropout_pu,0.45855088769849556,0.4821532651884978,0.553641447814789,0.0,0.0,0.0,0.5150101055405447,0.5409136785875166,0.5680639019777839,0.6038838679316118,0.6392739190371518,0.6104633424697439,0.5897288300754595,0.5597630867472622,0.5427901320148463,0.4940029698365785,0.4585508876984955
ADE_val_00000639,ade20k_resnest_semantic_cityscapes_0_00_dropout_pu,0.12285452700134661,0.4589219676368866,0.5612518684575601,0.7076607865922784,0.0,0.0,0.1737654866876762,0.23476921390866082,0.3491632360048071,0.5307508933015777,0.672930784924094,0.6507113049546698,0.6329623098212388,0.5575009857932353,0.5104366738142595,0.3898747292014562,0.12285452700134664
ADE_val_00000729,ade20k_resnest_semantic_cityscapes_0_00_dropout_pu,0.11008757841346498,0.4706376654678954,0.5907691243077199,0.7229117130626568,0.0,0.0,0.15660837482000053,0.21559854790966632,0.31260705358225327,0.5143746853430067,0.6904604167392511,0.6578375235638902,0.605708413433435,0.5178280242987975,0.41934761580240565,0.37462821113651135,0.11008757841346502
ADE_val_00000995,ade20k_resnest_semantic_cityscapes_0_00_dropout_pu,0.04866795401298554,0.38266346321188627,0.5389900547004012,0.0,0.0,0.0,0.06795690763403006,0.09211163542958217,0.14449757394791235,0.2814908426189529,0.5539209727516685,0.5141983395605317,0.41873943071670056,0.2544072555503853,0.20967888599970655,0.24844804700527506,0.04866795401298554
ADE_val_00000126,ade20k_resnest_semantic_cityscapes_0_00_dropout_pu,0.08354476427293432,0.4121937181796626,0.5393364939542097,0.0,0.0,0.0,0.11720339849699425,0.15775755868443694,0.231843521676914,0.37222991771813757,0.6123934627879523,0.5159034024810455,0.46645858391660155,0.3425238109550232,0.32571768948823593,0.2912253227380123,0.08354476427293428
ADE_val_00000649,ade20k_resnest_semantic_cityscapes_0_00_dropout_pu,0.16740280582854772,0.39544871893226946,0.5394805346744924,0.0,0.0,0.0,0.23118667137367555,0.2920164391194605,0.3684152848385199,0.46120255587275244,0.5921482855149158,0.5384316053563268,0.4669817608232101,0.41626250211100824,0.3958027761158431,0.2911748416931637,0.16740280582854758
ADE_val_00001971,ade20k_resnest_semantic_cityscapes_0_00_dropout_pu,0.10801430175414407,0.3822098602184089,0.5309096831968164,0.0,0.0,0.0,0.1511745509717074,0.20209878121453942,0.27911353763691304,0.38876904847690885,0.5758505033736403,0.547483474502189,0.49932973258907426,0.4082111729466391,0.354869685208758,0.2522209979178825,0.10801430175414407
ADE_val_00001089,ade20k_resnest_semantic_cityscapes_0_00_dropout_pu,0.06723127823411042,0.38605447585227576,0.5341927113600469,0.0,0.0,0.0,0.09313013073880191,0.12221130156524496,0.173200585550966,0.28129728290893374,0.5552380291310509,0.4906064860515422,0.3248764193096328,0.17972902628365994,0.1477240562052937,0.14238359768180148,0.06723127823411043
ADE_val_00000229,ade20k_resnest_semantic_cityscapes_0_00_dropout_pu,0.43321927152041584,0.5142306400829113,0.6230341014287732,0.7503472003532565,0.0,0.0,0.5253305289668491,0.5849703160839153,0.6494698611700916,0.737756064211827,0.850611990568693,0.8367228196058032,0.8120163968594273,0.7750322516777958,0.7562054418993982,0.5957083420008292,0.4332192715204157
ADE_val_00001053,ade20k_resnest_semantic_cityscapes_0_00_dropout_pu,0.08128747330742328,0.37359680434940445,0.5432433437255432,0.0,0.0,0.0,0.11180875342183338,0.14461420152485283,0.19686246583931932,0.28938042061764185,0.49577928937556565,0.404927110904515,0.24179511098612752,0.14145867959954525,0.13392835084575697,0.25288091921813377,0.0812874733074233
ADE_val_00000469,ade20k_resnest_semantic_cityscapes_0_00_dropout_pu,0.1888384482904529,0.4113076763492976,0.5268777005630402,0.0,0.0,0.0,0.2530457577142011,0.30781409577046065,0.38109541510018896,0.48141898186283977,0.6179419635348797,0.5653547488224419,0.51520764434168,0.4976868597126833,0.4769743041276545,0.32005547074508806,0.18883844829045293
ADE_val_00000830,ade20k_resnest_semantic_cityscapes_0_00_dropout_pu,0.0761229760938598,0.38303936938448313,0.5121300493543092,0.0,0.0,0.0,0.10670435849687426,0.14412642961770977,0.21582869876728,0.33795444052799717,0.5195209297554498,0.5123593247509735,0.4866659837660693,0.3922843331765726,0.3570112818936584,0.2248479905509121,0.07612297609385982
ADE_val_00001612,ade20k_resnest_semantic_cityscapes_0_00_dropout_pu,0.2023034766824215,0.4902410709027124,0.6007663606506939,0.714314577707302,0.0,0.0,0.28221902462974124,0.3703064629563117,0.4883110908169378,0.6285342968913256,0.7326443615880487,0.7028380524650548,0.6823924931892625,0.6289693033343245,0.5430143168442657,0.4219791109474454,0.20230347668242155
ADE_val_00000858,ade20k_resnest_semantic_cityscapes_0_00_dropout_pu,0.05622742669287815,0.3672121306222509,0.5232414831788603,0.0,0.0,0.0,0.07850000469235836,0.10382680538509627,0.14714440294034328,0.25207888453676724,0.537686392786441,0.5048567044382959,0.3503909061560542,0.2520057582682973,0.21950227835109495,0.18771003547347528,0.056227426692878155
ADE_val_00001966,ade20k_resnest_semantic_cityscapes_0_00_dropout_pu,0.1438364176895031,0.40873838113599203,0.5391123510220541,0.0,0.0,0.0,0.19581017692659003,0.24343024484931094,0.31482974404495506,0.44438400848698006,0.621171297744733,0.5868887775881333,0.545634971295041,0.4627659190564558,0.44419160617915066,0.24641161694711394,0.14383641768950306
ADE_val_00001605,ade20k_resnest_semantic_cityscapes_0_00_dropout_pu,0.14143677756502487,0.4205891151071643,0.5586368995563201,0.7121434254223039,0.0,0.0,0.20073521082402604,0.2690322493993928,0.35043331817611567,0.4803198893945268,0.705869375292031,0.6707104869813655,0.6129838952978213,0.5424435645311902,0.49468390836978826,0.3089403132188906,0.14143677756502485
ADE_val_00000294,ade20k_resnest_semantic_cityscapes_0_00_dropout_pu,0.1562916637894085,0.38664095043566443,0.5414039689229333,0.0,0.0,0.0,0.20812470104886252,0.24637580895703282,0.2934125830232885,0.39905524697824546,0.5713686287134169,0.49219122316602154,0.4552611776941384,0.41492825061502153,0.37052108625032587,0.2746630592405468,0.15629166378940848
ADE_val_00001277,ade20k_resnest_semantic_cityscapes_0_00_dropout_pu,0.2080389914684526,0.3650615257559139,0.5269465120821214,0.0,0.0,0.0,0.2643078492442465,0.297189777617465,0.33892869156776095,0.40703093632264964,0.5424553893227118,0.5089190927452736,0.4751843846458301,0.43036295870991004,0.39862703708436886,0.2952007163148927,0.20803899146845264
ADE_val_00000018,ade20k_resnest_semantic_cityscapes_0_00_dropout_pu,0.23299623445708126,0.3970101170326493,0.5617114336952941,0.7216102128772683,0.0,0.0,0.31819296017929466,0.36925954520598975,0.4202438321324693,0.5031042206829834,0.6432304747527812,0.5960160400236584,0.47637024779137527,0.4084248966107696,0.37644632006111195,0.3343612312847174,0.23299623445708126
ADE_val_00001813,ade20k_resnest_semantic_cityscapes_0_00_dropout_pu,0.08131718649499069,0.4187628192255057,0.5550800630124857,0.0,0.0,0.0,0.11386005012173539,0.15448562982283107,0.22904413887318822,0.37751337745634767,0.6572462970209684,0.6301761095774612,0.5405589626818816,0.39986490254259777,0.36171027575512416,0.31130584816642537,0.08131718649499069
ADE_val_00001955,ade20k_resnest_semantic_cityscapes_0_00_dropout_pu,0.14080399639051572,0.3505558266471888,0.0,0.0,0.0,0.0,0.18267886261206417,0.2100598590565646,0.24758162049775326,0.3166526187122804,0.4465474850247489,0.4085868585817212,0.31181489234836063,0.22059427373203275,0.2083997971701629,0.2147676016032618,0.14080399639051572
ADE_val_00001800,ade20k_resnest_semantic_cityscapes_0_00_dropout_pu,0.03470099451698118,0.37167452530776773,0.5206229773117901,0.0,0.0,0.0,0.04829010112152583,0.0653658714304314,0.1024466647604804,0.21557789386715256,0.5199878878059702,0.41972986242509586,0.29813552232279417,0.1974759706209979,0.1601709629099272,0.2310368747448437,0.03470099451698118
ADE_val_00001384,ade20k_resnest_semantic_cityscapes_0_00_dropout_pu,0.16005844746023737,0.38780834517991924,0.539421438294638,0.0,0.0,0.0,0.2237367096396017,0.2799033679256807,0.34213284771220925,0.43761053474090544,0.6252183439651346,0.5687508305681528,0.5093872950276512,0.3579305747170132,0.30142608489010647,0.2879838673169047,0.16005844746023734
ADE_val_00000476,ade20k_resnest_semantic_cityscapes_0_00_dropout_pu,0.09259024342655611,0.4020807589185571,0.54057034427922,0.0,0.0,0.0,0.12955851190888723,0.17373432410761694,0.2538942365991103,0.39070375517472267,0.590513885469327,0.5583385852165881,0.507691562358417,0.4665263325582558,0.3741166847752495,0.21443787376373277,0.09259024342655611
ADE_val_00001552,ade20k_resnest_semantic_cityscapes_0_00_dropout_pu,0.17624270424691013,0.3718673109634387,0.5182117118800338,0.0,0.0,0.0,0.2370899174451031,0.28636999595593843,0.3413305550094395,0.4130451582435099,0.47229452981065484,0.43811093671540396,0.4008078862023162,0.32960539007090717,0.31342328648867873,0.22851725836463738,0.17624270424691013
ADE_val_00000031,ade20k_resnest_semantic_cityscapes_0_00_dropout_pu,0.02933350462301195,0.337619927854024,0.0,0.0,0.0,0.0,0.03978969318898518,0.05246902264611916,0.07972463696210082,0.1926306381061469,0.4227258663050171,0.3292064286561093,0.3073520031745583,0.15756375883517962,0.11958010521462688,0.1344235085679799,0.029333504623011954
ADE_val_00000418,ade20k_resnest_semantic_cityscapes_0_00_dropout_pu,0.04350200689125574,0.36877747778359904,0.5191683055990488,0.0,0.0,0.0,0.05916371672197144,0.07862159439990787,0.12134071108783831,0.24819742098184894,0.5028196141879129,0.4550092041223873,0.3786268907919634,0.2687783497462821,0.23089222834118883,0.1838186596653317,0.043502006891255725
ADE_val_00000596,ade20k_resnest_semantic_cityscapes_0_00_dropout_pu,0.10002403897647684,0.34160323292892725,0.0,0.0,0.0,0.0,0.13529633670702948,0.1671946423908837,0.20142734425696932,0.25097470567345387,0.411086019802489,0.391608448199423,0.3166801950941683,0.2513014287382195,0.24123758916834936,0.15733155957282136,0.10002403897647684
ADE_val_00000409,ade20k_resnest_semantic_cityscapes_0_00_dropout_pu,0.0496074448108582,0.3833163231922917,0.5380016284095854,0.0,0.0,0.0,0.06911831535467669,0.09356073475661027,0.14720473874100587,0.2734704655843155,0.5089019461516723,0.3666630950786193,0.25556822442565125,0.1477381402237716,0.13570895804989633,0.2308150301958185,0.049607444810858194
ADE_val_00000024,ade20k_resnest_semantic_cityscapes_0_00_dropout_pu,0.01255457400428868,0.0,0.0,0.0,0.0,0.0,0.016800125847968042,0.02143567296861509,0.030644266118178373,0.06239182013898056,0.23399939205559758,0.19997035511493835,0.158563336679718,0.09650986855327241,0.07229776414449886,0.011190742977976498,0.012554574004288681
ADE_val_00000865,ade20k_resnest_semantic_cityscapes_0_00_dropout_pu,0.06957361752201324,0.3969476793431641,0.5351115439915944,0.0,0.0,0.0,0.09545882947987146,0.12546488022424973,0.18107968723803763,0.2760762365459713,0.4347735959885041,0.3257125095181538,0.2506255831188644,0.18827560386342518,0.14304305585365945,0.19563568086270605,0.06957361752201324
ADE_val_00001942,ade20k_resnest_semantic_cityscapes_0_00_dropout_pu,0.11366338494391587,0.34844614801818535,0.5184727805672252,0.0,0.0,0.0,0.15526327412351298,0.20197642818867187,0.26614960865230386,0.3407645151135734,0.42869608175337914,0.39049960750903473,0.3212477472850626,0.26857420679746835,0.21879928373440424,0.22760235336918455,0.11366338494391585
ADE_val_00000503,ade20k_resnest_semantic_cityscapes_0_00_dropout_pu,0.12905343271254183,0.4127494283658357,0.5333189836552471,0.0,0.0,0.0,0.18337168466723192,0.2549585541594697,0.37501643193695405,0.4788336052279906,0.6208371457965359,0.5650589311246438,0.5326398644793175,0.47833036491255904,0.45761996005690664,0.28880803409661693,0.1290534327125418
ADE_val_00000270,ade20k_resnest_semantic_cityscapes_0_00_dropout_pu,0.13956482537056003,0.35455886030308387,0.5121521309725288,0.0,0.0,0.0,0.19194024846270263,0.23776996460342542,0.28686946835843324,0.35915225205218804,0.4468572062115615,0.420955924995759,0.3867748006146953,0.2975294028932864,0.2393010596897566,0.17885518439847997,0.13956482537056003
ADE_val_00000209,ade20k_resnest_semantic_cityscapes_0_00_dropout_pu,0.09234860512144613,0.40301568088277273,0.5739240639952865,0.7005901962818423,0.0,0.0,0.1286048618020477,0.17395237357090124,0.2512663875643687,0.3755623823211135,0.6416430966903165,0.5790259876893313,0.4017309663060294,0.261168792082435,0.225101832495503,0.30749120118830414,0.09234860512144613
ADE_val_00000238,ade20k_resnest_semantic_cityscapes_0_00_dropout_pu,0.1782071811313638,0.3456942821468696,0.5272680657725506,0.0,0.0,0.0,0.24075579381929912,0.2808104372360861,0.3179207723031752,0.36903769706372413,0.48804205311314824,0.41919594371593294,0.3775550295814034,0.32963580523376484,0.3196658287903044,0.24255465563361545,0.17820718113136375
ADE_val_00001368,ade20k_resnest_semantic_cityscapes_0_00_dropout_pu,0.08710901094077084,0.4398738321185307,0.5596314080473388,0.7028378808111677,0.0,0.0,0.1217734991510055,0.1618801583519577,0.23247829038233017,0.3915704948744909,0.6817681969837769,0.6493702286888338,0.600219327503328,0.48418936233704474,0.44071769942260897,0.3214726886410979,0.08710901094077082
ADE_val_00000627,ade20k_resnest_semantic_cityscapes_0_00_dropout_pu,0.10174992348708088,0.3232599066576093,0.0,0.0,0.0,0.0,0.13008051908682805,0.15675321997393354,0.18949431444648546,0.22073513962176428,0.2626688039399353,0.24158203924227803,0.22101005357774184,0.18323666656612964,0.18055938190765544,0.1471996266048652,0.10174992348708087
ADE_val_00001726,ade20k_resnest_semantic_cityscapes_0_00_dropout_pu,0.34207258508726646,0.5273000615518849,0.6067111912787966,0.7377793317790907,0.0,0.0,0.46506817675525797,0.5473214529610262,0.6174815804397027,0.6974850572767861,0.7934518643251451,0.77997317835459,0.7311525798115802,0.6841673132665871,0.6677423459080264,0.563905856106349,0.34207258508726646
ADE_val_00001055,ade20k_resnest_semantic_cityscapes_0_00_dropout_pu,0.05149489938302933,0.36499274345088095,0.5167319019396112,0.0,0.0,0.0,0.0708603230887239,0.09507992543811286,0.14673837020006325,0.2664780447985295,0.4333342870685021,0.37655292476187385,0.2849854639121233,0.1826718106531566,0.14700301487260922,0.23989587871436832,0.05149489938302933
ADE_val_00000164,ade20k_resnest_semantic_cityscapes_0_00_dropout_pu,0.10384009919283821,0.38974754466906625,0.5395258297496202,0.0,0.0,0.0,0.14560383770027563,0.19512405147809242,0.266326717525407,0.3709103315037086,0.6005183935992668,0.5576741195629626,0.48750501772016647,0.38360767833134113,0.3489564702150384,0.17492408298754392,0.10384009919283821
ADE_val_00000655,ade20k_resnest_semantic_cityscapes_0_00_dropout_pu,0.14637778537597734,0.3783201089478808,0.5651725788917983,0.7012802853523408,0.0,0.0,0.20046435501342683,0.2450075758296396,0.3000472705206416,0.39228759204704633,0.6476937617832386,0.6262277725500133,0.5487931605151067,0.40969071786616307,0.35837379868459285,0.3054895867416359,0.14637778537597734
ADE_val_00000838,ade20k_resnest_semantic_cityscapes_0_00_dropout_pu,0.08277802456567204,0.3520493041116254,0.5077869644235322,0.0,0.0,0.0,0.11482560338258183,0.15210288085052037,0.189898457608902,0.25778787133896475,0.46572165957226785,0.4283985709510956,0.30617300782385537,0.23306492229168402,0.20979420162918141,0.13242248133693815,0.08277802456567204
ADE_val_00001819,ade20k_resnest_semantic_cityscapes_0_00_dropout_pu,0.06544295062630337,0.40846773488694454,0.5455307584316704,0.0,0.0,0.0,0.08949647967676023,0.1173847843374274,0.17108597361999453,0.31343849942704294,0.5850028602275384,0.5027827855669293,0.3743857647463676,0.20919626657637946,0.16975247952307956,0.24589267408950907,0.06544295062630338
ADE_val_00000829,ade20k_resnest_semantic_cityscapes_0_00_dropout_pu,0.06738196849892304,0.3564661845969685,0.5146874422121722,0.0,0.0,0.0,0.09480213785438472,0.1287418868998047,0.1844012201277542,0.2758241193341867,0.4914841919877372,0.4045749396103572,0.32589124934710256,0.2401191749879083,0.19983432523024258,0.1858946389872626,0.06738196849892306
ADE_val_00001534,ade20k_resnest_semantic_cityscapes_0_00_dropout_pu,0.19038206213924536,0.4365061487254035,0.577801428202043,0.7192778802110013,0.0,0.0,0.26433677917392484,0.32997154454220007,0.418362530206959,0.5448526259305203,0.7568582233572474,0.7192251409015085,0.6476936216527613,0.5590761085837689,0.5106659668322809,0.3294247478631014,0.19038206213924538
ADE_val_00000910,ade20k_resnest_semantic_cityscapes_0_00_dropout_pu,0.0719562821949354,0.40570329067724664,0.5271879234168866,0.0,0.0,0.0,0.10049270708228049,0.13596728149705256,0.20472379330632964,0.3406303817635654,0.5262105993414666,0.4952691305144661,0.40867391761466487,0.2811388537378818,0.20752159259310643,0.15768400889601616,0.07195628219493541
ADE_val_00000604,ade20k_resnest_semantic_cityscapes_0_00_dropout_pu,0.37098059418232393,0.4887158127376085,0.5859937242889957,0.7278501740730676,0.0,0.0,0.46713784165390265,0.5259382288921133,0.5826168046674556,0.6532628918960737,0.7901330783366046,0.7625371991395766,0.7081242962281997,0.6260977413627314,0.590979975676813,0.4935358761880203,0.370980594182324
ADE_val_00000216,ade20k_resnest_semantic_cityscapes_0_00_dropout_pu,0.22188199807823122,0.41226076497212305,0.5589920325959421,0.0,0.0,0.0,0.29170405983289377,0.3503212382777164,0.4175266487787207,0.506931739784679,0.673076702385679,0.6519477432474241,0.5924773729002334,0.46901620531531335,0.44445310400131405,0.2917359235085635,0.2218819980782312
ADE_val_00001825,ade20k_resnest_semantic_cityscapes_0_00_dropout_pu,0.1005768199649864,0.39003123983365073,0.5564596724075053,0.7238112146201918,0.0,0.0,0.13925776670316461,0.18214194909500864,0.2484740693562401,0.3725718341186842,0.7116796887805783,0.6485185054174251,0.5530588551861215,0.3843958240639327,0.3313495931009837,0.2654531720852771,0.10057681996498638
ADE_val_00001175,ade20k_resnest_semantic_cityscapes_0_00_dropout_pu,0.10982905336027028,0.37417048724840696,0.5400662528122717,0.0,0.0,0.0,0.1544964169138754,0.20899184207137642,0.27612291736445477,0.36542801469424735,0.6048018506409764,0.5254227565941934,0.42239828407328983,0.3472713448299217,0.3116593371958049,0.19999188308114413,0.10982905336027031
ADE_val_00001293,ade20k_resnest_semantic_cityscapes_0_00_dropout_pu,0.2474056048397352,0.40718008998396715,0.5531832187020169,0.7081686150080357,0.0,0.0,0.3162110592721924,0.3670197159393131,0.4258328778720034,0.5040109091579374,0.6933373611025531,0.6440857712324056,0.49766428286234693,0.42393139959718745,0.4073944191402352,0.37426430482382783,0.2474056048397352
ADE_val_00000208,ade20k_resnest_semantic_cityscapes_0_00_dropout_pu,0.023780767412919925,0.37326666372110595,0.5269784536678754,0.0,0.0,0.0,0.03329142778963835,0.045476788817101814,0.07241745725262232,0.18546716421583728,0.4178063027826817,0.3371563709833902,0.15872920956119368,0.06875890709686032,0.05526010089847625,0.23820643641985295,0.023780767412919925
ADE_val_00000245,ade20k_resnest_semantic_cityscapes_0_00_dropout_pu,0.06670105047858475,0.37116616000696917,0.5221788672469454,0.0,0.0,0.0,0.09405272875914644,0.1284058680615764,0.19471706061432906,0.3135718131035112,0.5367757569018128,0.5124669484072892,0.44495461085582283,0.31484091970069394,0.2662884517701995,0.19048250771300837,0.06670105047858474
ADE_val_00000175,ade20k_resnest_semantic_cityscapes_0_00_dropout_pu,0.05859582701792497,0.35578879951288717,0.5083826112848738,0.0,0.0,0.0,0.0812373383644932,0.10679391748346763,0.15241241751744927,0.243750489282223,0.44498331961153936,0.3956384276458757,0.3368734624786856,0.23851168699060338,0.21852711284395313,0.14328255659158382,0.05859582701792499
ADE_val_00001852,ade20k_resnest_semantic_cityscapes_0_00_dropout_pu,0.03275722493341237,0.3721890106510272,0.5421458450298291,0.0,0.0,0.0,0.04548268338218584,0.06137907919284887,0.0956403128959265,0.20269131371948018,0.5649301552604967,0.49658015765515756,0.3766402002654762,0.1794944101424894,0.13388316826303362,0.12395320760044884,0.03275722493341237
ADE_val_00000184,ade20k_resnest_semantic_cityscapes_0_00_dropout_pu,0.07089509693662098,0.37587106846706086,0.5419276317044085,0.0,0.0,0.0,0.09883084607720417,0.13306491893360833,0.1961130204797522,0.3110389704634774,0.5583721842939984,0.49236735052214003,0.3798920910807967,0.27872430900918166,0.2515592122356914,0.20679884316144506,0.07089509693662097
ADE_val_00000634,ade20k_resnest_semantic_cityscapes_0_00_dropout_pu,0.41155434952510367,0.5555166783534881,0.6210366582076219,0.745667576143066,0.0,0.0,0.5328442970240295,0.6089975926699088,0.6580894942634548,0.7219268483189518,0.8385280265697105,0.8141023424765923,0.7926653044319468,0.7138801601417613,0.709780054839807,0.6079280034828388,0.4115543495251039
ADE_val_00000396,ade20k_resnest_semantic_cityscapes_0_00_dropout_pu,0.14928400450245863,0.43010909091135485,0.5596219787340949,0.0,0.0,0.0,0.2087592444798008,0.2753815924228283,0.36983572462897435,0.5018264744987486,0.6632990333803346,0.6462399233074123,0.5968658109997554,0.46730684005160744,0.44141188561206335,0.373417062808556,0.14928400450245866
ADE_val_00000804,ade20k_resnest_semantic_cityscapes_0_00_dropout_pu,0.03691640492359513,0.3748670058130357,0.5452988625560534,0.0,0.0,0.0,0.04968974249075399,0.06458860935799021,0.0940720493950307,0.1966354966997092,0.5286805505545664,0.4915831518810147,0.3496930937516969,0.23724456541158312,0.1932811481538414,0.23247731051187542,0.036916404923595124
ADE_val_00000642,ade20k_resnest_semantic_cityscapes_0_00_dropout_pu,0.11151391760983377,0.4273041942318714,0.5795139351746699,0.7450083842130538,0.0,0.0,0.15622311720129278,0.20666145746609418,0.2957186933487433,0.45955430488433463,0.7797603434749634,0.7515175996308343,0.6510931124173059,0.5102461447089993,0.4618959207652016,0.29787007077330174,0.11151391760983377
ADE_val_00001670,ade20k_resnest_semantic_cityscapes_0_00_dropout_pu,0.06619002504131546,0.3725349415354094,0.5359722228718545,0.0,0.0,0.0,0.09148553944562725,0.12223964990114203,0.18541517239306352,0.29965768530931414,0.4860341865504035,0.41345458405768554,0.3151600527915727,0.17747316911953528,0.1388630417795242,0.20347286431922523,0.06619002504131548
ADE_val_00001627,ade20k_resnest_semantic_cityscapes_0_00_dropout_pu,0.1492508085200595,0.3715977356566736,0.5277711070933526,0.0,0.0,0.0,0.20722227047988595,0.25409332374106075,0.3167678800336367,0.4030007254811394,0.5368261187009652,0.4976782959695576,0.4405784921642449,0.37378487108034497,0.34327089153457924,0.22093428689264674,0.1492508085200595
ADE_val_00001502,ade20k_resnest_semantic_cityscapes_0_00_dropout_pu,0.061048978901270444,0.3704895291580064,0.5070440787352218,0.0,0.0,0.0,0.08686646438792191,0.12088093107750558,0.1917847647042802,0.28642320331427373,0.47271163757395185,0.4483721619170218,0.4307470171744688,0.37781284955421107,0.34939282376931136,0.13878059308484092,0.06104897890127042
ADE_val_00001345,ade20k_resnest_semantic_cityscapes_0_00_dropout_pu,0.09813686767626707,0.3902696010609953,0.5613246976115056,0.0,0.0,0.0,0.13805318307858475,0.18802854178723102,0.24304733135607415,0.34816166100632895,0.6268399252838678,0.5883876639679061,0.49322932190530955,0.3614974620886705,0.3398649968211981,0.24804403347577433,0.09813686767626706
ADE_val_00001206,ade20k_resnest_semantic_cityscapes_0_00_dropout_pu,0.05372215761721646,0.39009514659393335,0.5464698209291876,0.0,0.0,0.0,0.07411021755729683,0.09800384065292925,0.14703853519910717,0.2785034204126797,0.4571190588479862,0.3169535624070069,0.25132800397247546,0.1587172325657733,0.1279460063513942,0.2429571923832816,0.05372215761721645
ADE_val_00000171,ade20k_resnest_semantic_cityscapes_0_00_dropout_pu,0.10893460497580988,0.3800315531183362,0.5429614284889237,0.0,0.0,0.0,0.15339051474760637,0.20580295067416704,0.280187394540285,0.38803747209773815,0.5841764287229426,0.5391011433644671,0.46172756402590004,0.33851280969869796,0.3159840538558618,0.24342550405128002,0.10893460497580984
ADE_val_00001944,ade20k_resnest_semantic_cityscapes_0_00_dropout_pu,0.14546916457386042,0.402747518683585,0.5476674369059339,0.0,0.0,0.0,0.19978981970681822,0.22346619341390714,0.2536309884699522,0.3466958872262729,0.5214314720140495,0.42507687303220315,0.3207231093687893,0.23350005642911978,0.2150863239909031,0.32058397812640316,0.14546916457386042
ADE_val_00000592,ade20k_resnest_semantic_cityscapes_0_00_dropout_pu,0.02922703024959588,0.3562935474181587,0.5173790847195217,0.0,0.0,0.0,0.04015117053461011,0.05368800585159173,0.08330557120985375,0.1936380286455925,0.46232638446897384,0.4052857226096853,0.3244487639287273,0.20410735454190118,0.1728579614409296,0.13791771793360125,0.029227030249595876
ADE_val_00000826,ade20k_resnest_semantic_cityscapes_0_00_dropout_pu,0.06648005422023763,0.36066142783214444,0.5048877351112147,0.0,0.0,0.0,0.0930552383671162,0.12652429182294694,0.1927058808054772,0.2967786240755979,0.48793727929201514,0.45814498761813527,0.39715035628990875,0.2894764230864739,0.25695550227705877,0.20176686255978177,0.06648005422023763
ADE_val_00000972,ade20k_resnest_semantic_cityscapes_0_00_dropout_pu,0.18131266053170456,0.3766975665314858,0.5197230796682855,0.0,0.0,0.0,0.24391755979973218,0.29461874377881736,0.3612855128775568,0.4302047339228356,0.5446034215738333,0.4984636390294071,0.4464006152439338,0.3913309574536109,0.37962630140887055,0.29742215498214813,0.18131266053170456
ADE_val_00000145,ade20k_resnest_semantic_cityscapes_0_00_dropout_pu,0.1233590821071227,0.3697101549977341,0.544214614347249,0.0,0.0,0.0,0.1711520411243413,0.22040284566598176,0.27742691870472824,0.3598525650481784,0.561182613787252,0.4358094951670187,0.2965759303169256,0.22835163319970925,0.20675295185309778,0.24335385877342458,0.1233590821071227
ADE_val_00000981,ade20k_resnest_semantic_cityscapes_0_00_dropout_pu,0.11082699338212651,0.3534455915116449,0.521935600836419,0.0,0.0,0.0,0.1474228619834204,0.18417749583509116,0.23576357582855467,0.32042809650277004,0.46543970444252997,0.41247856778888503,0.34633316167666606,0.2270583348763791,0.21544697618191544,0.17053244732294098,0.1108269933821265
ADE_val_00001529,ade20k_resnest_semantic_cityscapes_0_00_dropout_pu,0.10561247517228158,0.38180223214797837,0.5163964083843839,0.0,0.0,0.0,0.14883590193747798,0.19952279987478377,0.28100778928165193,0.398653008827005,0.5069996920517119,0.4767731878935379,0.37809345246722126,0.3019205369425276,0.2593509849799938,0.22167104102634755,0.10561247517228159
ADE_val_00001793,ade20k_resnest_semantic_cityscapes_0_00_dropout_pu,0.09560660180047718,0.3785037578139794,0.5424086931509013,0.0,0.0,0.0,0.13122980293175554,0.16226257994182278,0.19614926433212423,0.2628853048146825,0.5845588973742256,0.486494079312664,0.34196930264446096,0.2298143264021756,0.22127040923242836,0.1500725759049266,0.0956066018004772
ADE_val_00000525,ade20k_resnest_semantic_cityscapes_0_00_dropout_pu,0.1447330002952977,0.3800483762240161,0.5383483172305755,0.0,0.0,0.0,0.20361911834980373,0.2614789584636122,0.32377406485562243,0.4155275423575339,0.5900031886285297,0.5395325653132754,0.4917027258537305,0.42743881011877244,0.3983932574792347,0.24276239258842752,0.14473300029529773
ADE_val_00000792,ade20k_resnest_semantic_cityscapes_0_00_dropout_pu,0.08736810587386479,0.4085532268662373,0.5734277725115766,0.7121350396869944,0.0,0.0,0.12254987791694288,0.16249721710270693,0.23100895241662564,0.3793278684688186,0.7130413401974155,0.6713178730188215,0.6223411553251474,0.42287099031671405,0.33573083416863075,0.30374190556908065,0.08736810587386482
ADE_val_00000350,ade20k_resnest_semantic_cityscapes_0_00_dropout_pu,0.22240301526446016,0.40629878443096584,0.5228881420250377,0.0,0.0,0.0,0.3118178824176536,0.3779810738000435,0.4336783846986024,0.4943460957092338,0.550941929893579,0.5297327492688756,0.46132903920846624,0.44747285309976015,0.4213304084057673,0.2867795564352162,0.22240301526446019
ADE_val_00001282,ade20k_resnest_semantic_cityscapes_0_00_dropout_pu,0.045314123525423196,0.34610660663899073,0.0,0.0,0.0,0.0,0.06285201292797811,0.08379232229119546,0.12102695088479064,0.16345366867528419,0.23685067731514775,0.18746414256855395,0.15973336928196885,0.11959115512347501,0.10637033199681024,0.07322567017969314,0.04531412352542319
ADE_val_00000914,ade20k_resnest_semantic_cityscapes_0_00_dropout_pu,0.10511882576003855,0.38828099274243577,0.5325402597705023,0.0,0.0,0.0,0.14807025507346155,0.20081181244843693,0.27959060131703833,0.39886138297344914,0.5916841224607413,0.5474075943245436,0.48917084186173043,0.3785619872866033,0.34209213659730797,0.23466560699070566,0.10511882576003855
ADE_val_00001850,ade20k_resnest_semantic_cityscapes_0_00_dropout_pu,0.10002113418927146,0.38602496072043485,0.542971172636519,0.0,0.0,0.0,0.1378316000453517,0.18181786895558397,0.2566192595716956,0.381106290829449,0.6229238456261447,0.5965155520018661,0.4894046749826102,0.3536198984800328,0.3365197927073577,0.27460226472331895,0.10002113418927142
ADE_val_00000095,ade20k_resnest_semantic_cityscapes_0_00_dropout_pu,0.07048716793899194,0.3657342625046541,0.5339188275527949,0.0,0.0,0.0,0.0994879371766904,0.13552054058456742,0.19391774433150197,0.2912366094888369,0.48350013979972367,0.37623266292011176,0.3221193026732005,0.18889646618874067,0.1444343255714659,0.14807675016684974,0.07048716793899196
ADE_val_00001115,ade20k_resnest_semantic_cityscapes_0_00_dropout_pu,0.09941570716400291,0.40324906325980997,0.5645353231943441,0.7029295393871344,0.0,0.0,0.14050699644969908,0.191052569270928,0.2640298471569817,0.38288653362987385,0.6807031296999376,0.6321331165090945,0.5167918886501026,0.4079739550669163,0.3530563294897917,0.303176396890989,0.0994157071640029
ADE_val_00000165,ade20k_resnest_semantic_cityscapes_0_00_dropout_pu,0.06910225359780062,0.4201796922081497,0.545204436630328,0.7008457143338713,0.0,0.0,0.09695955571803024,0.1301665278686049,0.19732537225538282,0.36375599623737376,0.6559210781007597,0.5976270538628047,0.5120061368565954,0.3913960976354081,0.339876581516752,0.23142049781188656,0.06910225359780062
ADE_val_00001832,ade20k_resnest_semantic_cityscapes_0_00_dropout_pu,0.08616770164467971,0.3858623558655207,0.5288270935333674,0.0,0.0,0.0,0.11886235348619906,0.15197561504158932,0.19244659891908567,0.2851159143022014,0.5506178311770455,0.5187089368051374,0.43207623037832305,0.2827285772838901,0.2427117507035116,0.2132242958561421,0.08616770164467973
ADE_val_00001778,ade20k_resnest_semantic_cityscapes_0_00_dropout_pu,0.04977918697878396,0.41197569484462393,0.5339353918498058,0.0,0.0,0.0,0.06971118413700696,0.0955075144454985,0.15253393781451358,0.29281324739878023,0.5684432505940665,0.48233112889050817,0.46034804433755544,0.4262884254657225,0.37375130129795864,0.23862486787875772,0.04977918697878396
ADE_val_00001213,ade20k_resnest_semantic_cityscapes_0_00_dropout_pu,0.25967803090411445,0.46739038010503076,0.5895147243454957,0.7371772846005243,0.0,0.0,0.351001950646955,0.41799534475076894,0.5036154659251554,0.6216971289568014,0.8303485516060499,0.797641990067576,0.7533088608762539,0.6920214792303941,0.6590094143518822,0.4082756764840424,0.25967803090411445
ADE_val_00001326,ade20k_resnest_semantic_cityscapes_0_00_dropout_pu,0.23272722848336427,0.42902282119710583,0.5498949157273778,0.0,0.0,0.0,0.2941745792461336,0.34777660721651493,0.4228357979876187,0.5202898912868212,0.6156565667774523,0.5932545697162649,0.49955483422362884,0.36906183995209785,0.34190633101914397,0.39192192996800707,0.2327272284833643
ADE_val_00000957,ade20k_resnest_semantic_cityscapes_0_00_dropout_pu,0.2628141824730336,0.37700217403070696,0.5388254187882522,0.0,0.0,0.0,0.3144121063799281,0.3484771539490584,0.3896872940924521,0.4527260096131982,0.5986411353029379,0.5823879033526063,0.5517471513032526,0.4633603393780069,0.4280954471428421,0.36182417353616125,0.2628141824730337
ADE_val_00001602,ade20k_resnest_semantic_cityscapes_0_00_dropout_pu,0.15048162979780919,0.4034136084017394,0.5754311399481522,0.7013828256506875,0.0,0.0,0.1950913534243098,0.23461357039504244,0.28955272951822014,0.406159096151365,0.6455704776688097,0.5715300032922839,0.46042632658414184,0.31029921040097713,0.28421276687813024,0.2949519657933294,0.1504816297978092
ADE_val_00000761,ade20k_resnest_semantic_cityscapes_0_00_dropout_pu,0.06287654120536847,0.4013802863650737,0.5336441892400552,0.0,0.0,0.0,0.08366602720123585,0.10748738423449966,0.1499274754941478,0.2287391431665542,0.3409375293626155,0.2734550161981742,0.2040867498959761,0.14154668378878577,0.12890865960697978,0.1576566722246908,0.06287654120536848
ADE_val_00000097,ade20k_resnest_semantic_cityscapes_0_00_dropout_pu,0.07692569425017241,0.3511375470413724,0.523382455595327,0.0,0.0,0.0,0.10707549179818088,0.14208518749671653,0.19708561738866848,0.28266952766574405,0.49251653107296434,0.43571763247201867,0.3304404524489935,0.2354893958597219,0.2186793180326193,0.14412461016622397,0.07692569425017239
ADE_val_00001897,ade20k_resnest_semantic_cityscapes_0_00_dropout_pu,0.046590094675863364,0.34601348089076345,0.0,0.0,0.0,0.0,0.057692636480320046,0.06679964563384541,0.07998744414630175,0.10838700079181611,0.20596736388527695,0.13092491737749745,0.10166625755718817,0.07610634106362729,0.06968269698662816,0.046590094675863364,0.046590094675863364
ADE_val_00000770,ade20k_resnest_semantic_cityscapes_0_00_dropout_pu,0.17773558580160784,0.36755552314115486,0.5821523075810568,0.7132108532742178,0.0,0.0,0.2388988971616401,0.2774222699262813,0.3205338434174329,0.39643624840170466,0.6935333748529123,0.6517153463672847,0.5832546384285281,0.4400125367269199,0.40311977572028423,0.2042911026777487,0.1777355858016078
ADE_val_00001523,ade20k_resnest_semantic_cityscapes_0_00_dropout_pu,0.1299029514204619,0.4348279840513503,0.552295089905774,0.0,0.0,0.0,0.18274575541937815,0.24637003275324856,0.3500433853208918,0.5008230112583728,0.6586078266265926,0.6373454581588065,0.5877461232380761,0.5212206070984573,0.48403265186059824,0.30782919937226283,0.12990295142046188
ADE_val_00000424,ade20k_resnest_semantic_cityscapes_0_00_dropout_pu,0.08254412555951261,0.41728373320478174,0.5819134666681148,0.7099631527664507,0.0,0.0,0.11627800499081734,0.15839743987393567,0.23443769911761403,0.3718047151842254,0.7157058600801969,0.6999562942986748,0.6550081714749046,0.5541869333606215,0.495820550349717,0.29899218922535614,0.08254412555951259
ADE_val_00001073,ade20k_resnest_semantic_cityscapes_0_00_dropout_pu,0.1483927023373823,0.365063413546193,0.5425758300881746,0.0,0.0,0.0,0.20467891745316438,0.246996036231313,0.2965126629486635,0.3786381742751803,0.5924917189065447,0.5633546013315762,0.4608374401711066,0.3391871438030906,0.3218317747267171,0.28375560108494124,0.14839270233738228
ADE_val_00001588,ade20k_resnest_semantic_cityscapes_0_00_dropout_pu,0.0658754876906368,0.3473472931284639,0.5290229754167001,0.0,0.0,0.0,0.09212720064075867,0.12436625825930162,0.1773043359076057,0.2657068136868673,0.4459847341130079,0.38283105665211103,0.33446485255677516,0.2390308044389514,0.22922160372068925,0.15260145681195353,0.0658754876906368
ADE_val_00000735,ade20k_resnest_semantic_cityscapes_0_00_dropout_pu,0.17122168027581242,0.39257247954065977,0.5295059345976284,0.0,0.0,0.0,0.23971411432348233,0.3010535188628734,0.3782127091115272,0.4532934204013225,0.5533443358374835,0.509991451036881,0.45832920093698576,0.39434320044001,0.3588321736198114,0.32639373689511814,0.1712216802758124
ADE_val_00000813,ade20k_resnest_semantic_cityscapes_0_00_dropout_pu,0.05591534614089913,0.44013729202909424,0.5548548618714869,0.0,0.0,0.0,0.07650398030563803,0.10189627199275011,0.15703155228826443,0.3389391074700038,0.645321777238102,0.5904815878923856,0.5262152863817772,0.40857386025321296,0.39094957515656736,0.2889121733291259,0.05591534614089915
ADE_val_00001462,ade20k_resnest_semantic_cityscapes_0_00_dropout_pu,0.13155543610712267,0.406718661377461,0.5628561470318696,0.0,0.0,0.0,0.18276447268039944,0.2352436311485215,0.312803022323807,0.4438508532935444,0.6726058026004418,0.6394141735858568,0.5346569009937369,0.4394245753447486,0.3922796807807867,0.2804299389859659,0.13155543610712267
ADE_val_00001102,ade20k_resnest_semantic_cityscapes_0_00_dropout_pu,0.06072841025673823,0.3643094906669525,0.5398028734844725,0.0,0.0,0.0,0.08495493285413104,0.11508195386786346,0.17484944799172203,0.29862392593025106,0.5530937863506302,0.47029604758850896,0.3942129671827471,0.2675053036916321,0.22398308754262045,0.14214725013011303,0.06072841025673823
ADE_val_00000657,ade20k_resnest_semantic_cityscapes_0_00_dropout_pu,0.3555041082625961,0.5047605472709626,0.6084175608031612,0.7475521227936971,0.0,0.0,0.4662291047596141,0.5362654913944852,0.6023294504321223,0.7031713022485949,0.826094900245493,0.8123682878926304,0.7809514098566512,0.7076837736457615,0.6764498160038696,0.5650627999571728,0.3555041082625961
ADE_val_00000501,ade20k_resnest_semantic_cityscapes_0_00_dropout_pu,0.08412344280794341,0.3725208755350609,0.5235279362144227,0.0,0.0,0.0,0.11875105484026055,0.1616715471118705,0.22481467579528658,0.3313011613656111,0.5111370698513191,0.411559992763292,0.36526862433523816,0.2831713509247083,0.261127257252343,0.22337993742917395,0.08412344280794347
ADE_val_00000344,ade20k_resnest_semantic_cityscapes_0_00_dropout_pu,0.19620895665830496,0.464183086010542,0.5984948966749934,0.7247237714883076,0.0,0.0,0.2753491437833701,0.3454094196913476,0.4415595016450407,0.5910917508985861,0.732460134975836,0.668971691752427,0.5849532640903703,0.509115398261889,0.45363360391620655,0.42373673403699075,0.19620895665830498
ADE_val_00001938,ade20k_resnest_semantic_cityscapes_0_00_dropout_pu,0.03945213065183078,0.35885224407985716,0.0,0.0,0.0,0.0,0.053880293019935493,0.06942281591177363,0.09498802507675287,0.15213940694050038,0.25215508633882733,0.16684170288402292,0.12743985760989074,0.07883731852786463,0.06908733143608684,0.06981154972146375,0.039452130651830786
ADE_val_00001123,ade20k_resnest_semantic_cityscapes_0_00_dropout_pu,0.08686433726349344,0.40782843143475644,0.5549610684448466,0.0,0.0,0.0,0.12131315943123462,0.1632657001901056,0.23039231253269638,0.35349433370089517,0.5927934176830089,0.5035861545748126,0.433885431768066,0.2299601003904849,0.17738729371218484,0.22022616664729122,0.08686433726349344
ADE_val_00001060,ade20k_resnest_semantic_cityscapes_0_00_dropout_pu,0.30551733854174895,0.4222453216218661,0.5577085882091691,0.0,0.0,0.0,0.38295557720366774,0.4283593261229045,0.4807954142235122,0.5595770910949373,0.6822234387940829,0.6765698062866279,0.6298467723542531,0.49395158895709707,0.4542833052579868,0.3354293860650129,0.305517338541749
ADE_val_00001785,ade20k_resnest_semantic_cityscapes_0_00_dropout_pu,0.051734476827901776,0.35222040388467707,0.0,0.0,0.0,0.0,0.07229774886518239,0.09679527714384946,0.1408316777338033,0.21545235671217686,0.42336650192638425,0.38821487714459046,0.32873721140311934,0.18504323770976863,0.16702076961452084,0.19836480194050876,0.05173447682790178
ADE_val_00000912,ade20k_resnest_semantic_cityscapes_0_00_dropout_pu,0.25485392804464374,0.5517734298915605,0.634676877017486,0.740782887736871,0.0,0.0,0.3535091010563188,0.4606514992080968,0.596688659141174,0.7148281669437975,0.802872970498247,0.7918032446047957,0.7574442591246953,0.6460570888645036,0.5824977122024554,0.5499078206161293,0.2548539280446437
ADE_val_00000890,ade20k_resnest_semantic_cityscapes_0_00_dropout_pu,0.05899748860892189,0.4017221970514583,0.5582860416139754,0.0,0.0,0.0,0.08393400104224803,0.11634699213089204,0.1793154338426978,0.29606992435691437,0.6428540367081862,0.5806829492770728,0.46357801288167894,0.3510525022351924,0.31222048089632215,0.29094128193397784,0.058997488608921886
ADE_val_00001615,ade20k_resnest_semantic_cityscapes_0_00_dropout_pu,0.22478602466309297,0.44743158691001533,0.5836403187995411,0.7344502274947521,0.0,0.0,0.3034697116200266,0.36717747851700205,0.4522406195761269,0.5708140296418021,0.7553300255595926,0.7304033170783442,0.664778837584549,0.4986387467495975,0.4015627219573856,0.4270690508732907,0.22478602466309297
ADE_val_00001425,ade20k_resnest_semantic_cityscapes_0_00_dropout_pu,0.17445868913640614,0.374040430833024,0.5617661419178761,0.0,0.0,0.0,0.23544360394966585,0.2803474636735347,0.34173056384038336,0.42227655238440226,0.6554873811729075,0.5734892717014255,0.45237957165794884,0.39179263702815276,0.37881897335456566,0.28352947129301365,0.17445868913640614
ADE_val_00001814,ade20k_resnest_semantic_cityscapes_0_00_dropout_pu,0.04973640313378235,0.35290321552512044,0.5033603692672257,0.0,0.0,0.0,0.06750910363004294,0.08781724733775567,0.12892606914465052,0.2314618125612211,0.4243849911718715,0.3887431059378014,0.3278102198948188,0.2397899551308523,0.2077491618044773,0.14038880839374912,0.04973640313378234
ADE_val_00000722,ade20k_resnest_semantic_cityscapes_0_00_dropout_pu,0.07521580532612346,0.41757771408110356,0.5589421722842659,0.7188358679703065,0.0,0.0,0.10546734289295356,0.13877528569807204,0.19917027081943475,0.34541083316095006,0.7014565423707855,0.6156622196980065,0.5393417476319435,0.3877042428431895,0.32938362464361964,0.2897950379820804,0.07521580532612344
ADE_val_00001150,ade20k_resnest_semantic_cityscapes_0_00_dropout_pu,0.05656450411384283,0.37537995686579995,0.5185014596084326,0.0,0.0,0.0,0.07952310312828091,0.10850827875700737,0.16574345728536463,0.2958629233144313,0.49118918759390623,0.4410422487300009,0.40509462802791313,0.3437686824921663,0.29485225512805274,0.10919481032545486,0.05656450411384284
ADE_val_00000889,ade20k_resnest_semantic_cityscapes_0_00_dropout_pu,0.11216369521261628,0.423640160881265,0.5578946483922285,0.7088926357469467,0.0,0.0,0.15803263276345172,0.21186145427973307,0.2956024115766814,0.44736989088604373,0.673603146656517,0.6254344418150439,0.5490819766554628,0.44738103944447916,0.4348804110158337,0.32658670460743927,0.11216369521261632
ADE_val_00000186,ade20k_resnest_semantic_cityscapes_0_00_dropout_pu,0.21273461156403692,0.49289698364651424,0.5884466810057631,0.7195615718581156,0.0,0.0,0.29397861136598796,0.37798264149770067,0.4973247261143306,0.6204104041466326,0.7290859439184345,0.6974091892432263,0.6430932497970412,0.4850837084481915,0.4075088602477646,0.4869431603645407,0.21273461156403692
ADE_val_00001292,ade20k_resnest_semantic_cityscapes_0_00_dropout_pu,0.09651597948407463,0.3768585251585806,0.5411948215295626,0.0,0.0,0.0,0.13619906767309756,0.18251042920966265,0.25130898325388135,0.3697355271397766,0.6078108650052488,0.5463082063746052,0.5201783660158675,0.34646191266594345,0.3037982570271131,0.2570072539575526,0.0965159794840746
ADE_val_00000107,ade20k_resnest_semantic_cityscapes_0_00_dropout_pu,0.17679808767194372,0.4009052421762242,0.5626727205914656,0.7060790704400626,0.0,0.0,0.24498723515712084,0.2984190975965913,0.35886615554030915,0.46796626404366876,0.6884657034083727,0.6682788723977899,0.5808438401054286,0.46149497891977936,0.42491132219605005,0.3140284090434902,0.1767980876719437
ADE_val_00001681,ade20k_resnest_semantic_cityscapes_0_00_dropout_pu,0.15302601574976166,0.44150389537214235,0.5465817475409508,0.0,0.0,0.0,0.21516108132228765,0.27515653037650434,0.37222840629435017,0.50853691394282,0.6067394573526139,0.505391716861076,0.4588508625266778,0.3445739988797027,0.2871997107665719,0.3268440583895777,0.15302601574976166
ADE_val_00000421,ade20k_resnest_semantic_cityscapes_0_00_dropout_pu,0.2556784835221818,0.3967197655149608,0.5625466191822045,0.7033516259691704,0.0,0.0,0.3152376472251278,0.35528297989822233,0.4068033438680037,0.5026076302670835,0.6950701022904195,0.658166260504058,0.5839444494982408,0.48672716898664214,0.4448966638343781,0.3426403198057916,0.2556784835221818
ADE_val_00001994,ade20k_resnest_semantic_cityscapes_0_00_dropout_pu,0.12175349104518435,0.3611726242005187,0.5196195664182808,0.0,0.0,0.0,0.16963883252990142,0.2234781706255384,0.2889248117723996,0.37241751909659265,0.5435320962389323,0.5087069492394454,0.4769670456954641,0.38233256185961095,0.3307397675483446,0.256925746406349,0.12175349104518435
ADE_val_00001530,ade20k_resnest_semantic_cityscapes_0_00_dropout_pu,0.12191757830464332,0.4089543783435575,0.5432662373347341,0.0,0.0,0.0,0.17078478008125555,0.22878840825057684,0.309157679868453,0.4358102656380576,0.5817229224994075,0.5445683902035432,0.45196797382977816,0.3078188820137996,0.2788851820994582,0.29665844317140916,0.12191757830464331
ADE_val_00001009,ade20k_resnest_semantic_cityscapes_0_00_dropout_pu,0.22807260587529946,0.44753636934160146,0.5722044543885082,0.7231363472804903,0.0,0.0,0.30055806178620614,0.3619485502286995,0.4488243956330753,0.5608569788395406,0.7478347299193056,0.7207273954089003,0.6765344736596027,0.6025134199226588,0.556566411126831,0.4168476628214688,0.22807260587529943
ADE_val_00000008,ade20k_resnest_semantic_cityscapes_0_00_dropout_pu,0.15502957749558602,0.4391266148864558,0.5683612699957723,0.7217089195416618,0.0,0.0,0.21775584210947485,0.29077647169089815,0.3975574596637293,0.5266742874334206,0.7236028381872995,0.6766479241505288,0.5893851452995086,0.5079421188718214,0.46208228884351754,0.4520545202450437,0.15502957749558602
ADE_val_00000751,ade20k_resnest_semantic_cityscapes_0_00_dropout_pu,0.37542089065336176,0.49074425249009473,0.5830410249093105,0.7340163075524347,0.0,0.0,0.4745442889288577,0.5328525640401544,0.5850180574949844,0.6566294381899481,0.7926244121758163,0.7840894405848947,0.7633640434224038,0.6948545474981535,0.6733774503828025,0.4772492142236152,0.37542089065336165
ADE_val_00001092,ade20k_resnest_semantic_cityscapes_0_00_dropout_pu,0.12941031837011469,0.3805749747385337,0.5525479570119901,0.0,0.0,0.0,0.18148790928918504,0.23508280443913507,0.30333135511782855,0.40550276637843774,0.6106155220269043,0.5751466690259566,0.4924253995426321,0.4184588591412309,0.40301104876961374,0.23491110591131753,0.12941031837011469
ADE_val_00000946,ade20k_resnest_semantic_cityscapes_0_00_dropout_pu,0.1345290582041828,0.42092800471416164,0.5659314369329471,0.7120957577567876,0.0,0.0,0.19032181526701183,0.2555594533000221,0.34351702440656506,0.47691043606422445,0.6901569398045737,0.6438353961354334,0.5627964382654924,0.4006394384004346,0.3830827492345975,0.29377185493871716,0.13452905820418282
ADE_val_00001190,ade20k_resnest_semantic_cityscapes_0_00_dropout_pu,0.05994364891491072,0.383568682925305,0.5331739607795106,0.0,0.0,0.0,0.08272281839110175,0.10932440506577822,0.15430072165821376,0.24461693919143376,0.5701076533123792,0.46562823361354305,0.3800468488699705,0.24065405591522787,0.2065420937769703,0.21753195780260742,0.059943648914910726
ADE_val_00001207,ade20k_resnest_semantic_cityscapes_0_00_dropout_pu,0.023009499927331437,0.0,0.0,0.0,0.0,0.0,0.031040462120943992,0.03997723861419074,0.05398116457840104,0.08590262024278511,0.15482541458977747,0.11336918803041318,0.0753520953561736,0.054325983739632815,0.045745772124796656,0.028870368807402437,0.023009499927331437
ADE_val_00001006,ade20k_resnest_semantic_cityscapes_0_00_dropout_pu,0.09801267110182142,0.44888829439421124,0.5687446994455405,0.0,0.0,0.0,0.13452549634976976,0.1762634307197018,0.24445699579585742,0.3712313797544203,0.6680079303577979,0.61945760514215,0.5629004541865374,0.4125187909941034,0.3829493692487514,0.3236454197605384,0.0980126711018214
ADE_val_00000991,ade20k_resnest_semantic_cityscapes_0_00_dropout_pu,0.06014923459998861,0.3505027021388699,0.5084351650287663,0.0,0.0,0.0,0.08506844295835045,0.11632061235943268,0.16994905343536804,0.2666548796312907,0.4203718129889896,0.38541591146636195,0.2989737919197087,0.23974887755892912,0.18530038308111865,0.081920422488827,0.06014923459998861
ADE_val_00000243,ade20k_resnest_semantic_cityscapes_0_00_dropout_pu,0.16050782532094032,0.4478617318228973,0.5826743519986228,0.7147223577808588,0.0,0.0,0.22332518044696595,0.28334481512615395,0.37364000376172124,0.531534314981619,0.7245178816393689,0.690789333898157,0.6411664822759636,0.5575073764256985,0.49253203081108565,0.3768937084742459,0.16050782532094032
ADE_val_00000205,ade20k_resnest_semantic_cityscapes_0_00_dropout_pu,0.07417054523580051,0.351523539341745,0.5035460705670083,0.0,0.0,0.0,0.10411608753911628,0.14216867898232774,0.22554758592186536,0.3300338459957212,0.46995334684850126,0.4408600167763991,0.37353107821381815,0.22893314268630305,0.1833084934410576,0.20458531579554723,0.0741705452358005
ADE_val_00001348,ade20k_resnest_semantic_cityscapes_0_00_dropout_pu,0.13163280933565086,0.3712153427490381,0.5138128458026886,0.0,0.0,0.0,0.17646911283591513,0.21401248317348887,0.2684443283631481,0.37466337559752094,0.4619844953675458,0.4152254242599416,0.3463710652161771,0.25619147985537993,0.23444332579942093,0.2786604751247779,0.13163280933565086
ADE_val_00001737,ade20k_resnest_semantic_cityscapes_0_00_dropout_pu,0.39838263154792536,0.4870478956910721,0.5753358082307459,0.7189086171118106,0.0,0.0,0.4995184301008886,0.5407268346020526,0.5833273652888593,0.6449389296541826,0.7401164812176091,0.7059636310004263,0.6434423288677619,0.5907637128247534,0.5742606875690357,0.4784344975944456,0.39838263154792564
ADE_val_00001791,ade20k_resnest_semantic_cityscapes_0_00_dropout_pu,0.08932832521458504,0.3973781879231737,0.5803941122506426,0.7024639893822421,0.0,0.0,0.1236692591816995,0.16399247763422609,0.22423694698078148,0.3515945914152786,0.6802443843897857,0.6307238505879895,0.4567128093156855,0.31034259266818276,0.2635703311811622,0.2708485685150119,0.08932832521458506
ADE_val_00000315,ade20k_resnest_semantic_cityscapes_0_00_dropout_pu,0.11216800635342901,0.3748085957974415,0.5347646128228243,0.0,0.0,0.0,0.15710253777487532,0.20486599820408222,0.2722280605462239,0.3751138280396214,0.5708719534852029,0.5442483888759962,0.450179122563891,0.33610649025453115,0.3179935707035957,0.2835025471733561,0.11216800635342901
ADE_val_00001445,ade20k_resnest_semantic_cityscapes_0_00_dropout_pu,0.048018828016414876,0.3746040701693578,0.5425695069811017,0.0,0.0,0.0,0.06711616647139441,0.088420916313698,0.12376708140958619,0.20175099562301735,0.421507098013419,0.29986454429106774,0.21669773626721092,0.13116294969069128,0.11227153023916678,0.12290640813268261,0.04801882801641487
ADE_val_00000905,ade20k_resnest_semantic_cityscapes_0_00_dropout_pu,0.0965349671380251,0.3501457287192517,0.5076148853442398,0.0,0.0,0.0,0.1290667431881488,0.1612567024439005,0.2096037260652071,0.2978188704546515,0.42724654164314496,0.3766209113588031,0.3023897187688264,0.22566824492761295,0.20640526533382814,0.15475140437458135,0.09653496713802512
ADE_val_00000704,ade20k_resnest_semantic_cityscapes_0_00_dropout_pu,0.17473275872130126,0.3856092514550469,0.5207127581448213,0.0,0.0,0.0,0.24120803610897093,0.29811486306893276,0.3584079352994015,0.4417477050746828,0.5208664920998602,0.48422921369242095,0.4472290173036281,0.35653736050793666,0.32151259241735003,0.25715291653637756,0.17473275872130123
ADE_val_00000002,ade20k_resnest_semantic_cityscapes_0_00_dropout_pu,0.09991062104962099,0.45460644915779325,0.5544461553314518,0.0,0.0,0.0,0.14135547593283476,0.19416425343979854,0.29356877487538735,0.48335836640569313,0.6469322380495833,0.6136094080095263,0.5627744787609852,0.40601553859197526,0.3385181474666786,0.3608028198611693,0.09991062104962098
ADE_val_00001515,ade20k_resnest_semantic_cityscapes_0_00_dropout_pu,0.06744721151864946,0.37501683970333644,0.5401754184201601,0.0,0.0,0.0,0.09384385492492406,0.12371720594698392,0.17291230823207931,0.2589948163306723,0.5366245768151707,0.43687959813710464,0.3442411046963803,0.2667999012261924,0.24031012092725063,0.1836997977227291,0.06744721151864945
ADE_val_00000450,ade20k_resnest_semantic_cityscapes_0_00_dropout_pu,0.1375228872619208,0.40711975859483707,0.5361218630874873,0.0,0.0,0.0,0.19261197930789786,0.2571759493798727,0.34629913296416465,0.4601771019883237,0.5711102381055588,0.5186081551561766,0.3950622817050776,0.31300520248701313,0.26101582859876465,0.31794049521146195,0.13752288726192077
ADE_val_00000509,ade20k_resnest_semantic_cityscapes_0_00_dropout_pu,0.11243939156006677,0.37861120100627843,0.5658526551968097,0.0,0.0,0.0,0.15592124595357687,0.19934459676716185,0.24340936864716464,0.32896855013321474,0.607375988982922,0.5282451499351216,0.37579617912954855,0.31560845964175305,0.2907180606016754,0.23334579559530133,0.11243939156006678
ADE_val_00000135,ade20k_resnest_semantic_cityscapes_0_00_dropout_pu,0.0686798566665197,0.39243658642052115,0.5303031134306805,0.0,0.0,0.0,0.09625986549523133,0.1311274087797354,0.1967279823186714,0.32419038856422966,0.5517990349842197,0.5286863639471187,0.45614749366231466,0.2736485856835762,0.2381636285353205,0.22685759984489995,0.0686798566665197
ADE_val_00001586,ade20k_resnest_semantic_cityscapes_0_00_dropout_pu,0.06637454705096574,0.3621983422704186,0.5240476642554331,0.0,0.0,0.0,0.09353729436707132,0.12866640254969383,0.20315304146275734,0.3209335158486683,0.5224052425075687,0.4326375109311807,0.3682772504188348,0.29853740433153775,0.2586033019604793,0.2531539246703056,0.06637454705096571
ADE_val_00000601,ade20k_resnest_semantic_cityscapes_0_00_dropout_pu,0.28074797626521225,0.4799662381949253,0.5620214458239866,0.7027699236474166,0.0,0.0,0.3960376938633662,0.4823342386898469,0.5397533443506942,0.6013892914661343,0.6885525110272552,0.6679796870481977,0.6312261484326496,0.5933173451887646,0.5785221570920384,0.45319417879095136,0.2807479762652122
ADE_val_00000524,ade20k_resnest_semantic_cityscapes_0_00_dropout_pu,0.13585638448147128,0.37994353371218836,0.5470661211894593,0.0,0.0,0.0,0.18216475173986527,0.21433781346290498,0.25364749593531494,0.33795623220116566,0.6385699810785632,0.5285457158910972,0.4806904883993838,0.3052398483891958,0.2523907200822161,0.19378061165277588,0.13585638448147133
ADE_val_00001975,ade20k_resnest_semantic_cityscapes_0_00_dropout_pu,0.09774423893705979,0.33815423585690346,0.0,0.0,0.0,0.0,0.1359861353869064,0.1836964820259056,0.27351088207107255,0.3486225703374323,0.3858874311921619,0.3674181192502602,0.34883053504428524,0.28645358486975814,0.2633709275973834,0.23169746515572937,0.0977442389370598
ADE_val_00001589,ade20k_resnest_semantic_cityscapes_0_00_dropout_pu,0.147579742965828,0.4173540793453362,0.5774784885850304,0.7327497153686556,0.0,0.0,0.20929283371782242,0.287405169550941,0.3739145012421873,0.49204830792133264,0.736566042182439,0.6806262435091794,0.6476699886418129,0.5701227178962989,0.533747090456208,0.30319493902930855,0.14757974296582801
ADE_val_00001095,ade20k_resnest_semantic_cityscapes_0_00_dropout_pu,0.11312121232419392,0.39428649768862706,0.5305197346543717,0.0,0.0,0.0,0.1576166792881578,0.20793132008150667,0.2844084074758545,0.4058205382186232,0.5754420151811298,0.5362339081518391,0.471278595805166,0.4085374153312308,0.3893649815843796,0.24922082781432944,0.11312121232419388
ADE_val_00000764,ade20k_resnest_semantic_cityscapes_0_00_dropout_pu,0.1626979483037581,0.43417399056816003,0.5487350831931208,0.0,0.0,0.0,0.2170017289039017,0.26978542842137565,0.3552976398291741,0.4954407029377692,0.6195743855757345,0.5750455735703749,0.5139247767356406,0.4030719012467139,0.34242974334272375,0.29892993521741834,0.16269794830375808
ADE_val_00001386,ade20k_resnest_semantic_cityscapes_0_00_dropout_pu,0.06396963715299556,0.381464056129014,0.5362095828582741,0.0,0.0,0.0,0.09046943312604037,0.11816408795702577,0.15893764472413432,0.2660137931960472,0.48562030440512244,0.4308132577016368,0.27644480380112724,0.15439700180644883,0.1293989175678656,0.16441442980361837,0.06396963715299556
ADE_val_00001330,ade20k_resnest_semantic_cityscapes_0_00_dropout_pu,0.08723689727344541,0.4179714669123889,0.5391280890675852,0.0,0.0,0.0,0.1232303766006849,0.1685663376404788,0.2436800654315522,0.40073749684758625,0.6208766873340437,0.5552594757556322,0.4816336127262769,0.4099307978850261,0.3942588483485479,0.29384264596504545,0.08723689727344541
ADE_val_00000933,ade20k_resnest_semantic_cityscapes_0_00_dropout_pu,0.06870356651422728,0.3485833134944092,0.5259145203277917,0.0,0.0,0.0,0.09519035428830672,0.1250375357707641,0.17731717125105306,0.27040785073358603,0.5111942226255899,0.4309698539263923,0.3497051299842576,0.23073066592338484,0.20309900772473882,0.17080579705764606,0.0687035665142273
ADE_val_00001582,ade20k_resnest_semantic_cityscapes_0_00_dropout_pu,0.0890839656134616,0.3974074223770925,0.5426569418061219,0.0,0.0,0.0,0.12368023508612223,0.16042366590547763,0.21112535879224642,0.31269328859818624,0.5825086200489197,0.5597346349779642,0.42876771369062744,0.29500505975554114,0.26743513787111745,0.2871893151419495,0.08908396561346162
ADE_val_00000380,ade20k_resnest_semantic_cityscapes_0_00_dropout_pu,0.16534408986863597,0.4111188427995876,0.5495550216254589,0.0,0.0,0.0,0.22582450902954807,0.2869394788957487,0.37090287529817517,0.47898096453971906,0.6175997268432523,0.548274173270371,0.4173126146447319,0.32707724361915835,0.3168769571665551,0.3473628537607425,0.165344089868636
ADE_val_00001490,ade20k_resnest_semantic_cityscapes_0_00_dropout_pu,0.22107204177153578,0.4044271029022704,0.5559875518778897,0.7288637414764906,0.0,0.0,0.29756446852329316,0.35376908216634184,0.4139579565193085,0.504260087431539,0.740739216776408,0.6449874004030905,0.6034322402769566,0.4996538765127051,0.46187360145487627,0.3245012758862811,0.22107204177153578
ADE_val_00001400,ade20k_resnest_semantic_cityscapes_0_00_dropout_pu,0.22439570886866644,0.5443057331279976,0.6357284033896754,0.7271601789459167,0.0,0.0,0.31808185268865413,0.4113366663653276,0.5437141366325587,0.6877272802136599,0.7361865617124722,0.7210286227616959,0.6930431458348287,0.6485397955043933,0.5523945033252392,0.5160545828265595,0.22439570886866636
ADE_val_00000028,ade20k_resnest_semantic_cityscapes_0_00_dropout_pu,0.05437776300565593,0.3156900011210076,0.0,0.0,0.0,0.0,0.07475348653020635,0.09744730239934325,0.13612409486845914,0.19604571286593683,0.3289875410439301,0.3100897767178813,0.2768192523338283,0.20029633866917337,0.17308188729602295,0.13178577302408143,0.05437776300565592
ADE_val_00001695,ade20k_resnest_semantic_cityscapes_0_00_dropout_pu,0.043030854576738255,0.42783239732850437,0.5462498959680738,0.0,0.0,0.0,0.05984942236350095,0.07992220257711441,0.1219529094662778,0.25663208044812413,0.6001871156343741,0.5760647584720858,0.47158445921807884,0.3297015436669939,0.29914392328288386,0.16156450517361937,0.043030854576738255
ADE_val_00000464,ade20k_resnest_semantic_cityscapes_0_00_dropout_pu,0.17804608460851395,0.3983099422294897,0.5752745181486192,0.7144096889008482,0.0,0.0,0.24244472949122506,0.29813930186815935,0.37048206600629563,0.4791611485656927,0.725040224298273,0.7070310003258591,0.6411105599852732,0.5173330044696512,0.46072269941334615,0.336869359433885,0.178046084608514
ADE_val_00000252,ade20k_resnest_semantic_cityscapes_0_00_dropout_pu,0.23870499191095537,0.4626098726017742,0.5779402043967303,0.7395968038750284,0.0,0.0,0.3315398668151642,0.41308045455066045,0.4966604197179562,0.5970638549996446,0.7853850328531254,0.7410422809328538,0.6540649580943796,0.5065830481792708,0.4583175692485036,0.4266368237373625,0.23870499191095534
ADE_val_00001388,ade20k_resnest_semantic_cityscapes_0_00_dropout_pu,0.12849788915219365,0.4055257497620201,0.6132487518188823,0.7358254762304144,0.0,0.0,0.18250562348287128,0.22173407856401578,0.256950159847424,0.3394799259297045,0.7664294537612046,0.5832971577089401,0.38807092156916556,0.3499069653871951,0.3305608465829104,0.24199828347582522,0.12849788915219365
ADE_val_00000853,ade20k_resnest_semantic_cityscapes_0_00_dropout_pu,0.05561661681813342,0.3583726323502348,0.5038593033426925,0.0,0.0,0.0,0.07643769695408459,0.10127015917215426,0.14457329775048758,0.206643754497013,0.47807416305160694,0.4183742213329038,0.2928269331758955,0.16956798371106022,0.15617419084423131,0.1371528759064815,0.05561661681813341
ADE_val_00001930,ade20k_resnest_semantic_cityscapes_0_00_dropout_pu,0.18689705011549668,0.3911944289525511,0.5463877957391416,0.7150104843095637,0.0,0.0,0.2369463379835867,0.2802138533753853,0.3407993678903437,0.4406378323330133,0.6890084404047592,0.5834475795981032,0.5086241458370564,0.46472912490673673,0.4318744047556722,0.3105985279840615,0.18689705011549668
ADE_val_00000641,ade20k_resnest_semantic_cityscapes_0_00_dropout_pu,0.07274850568043939,0.41924096043724934,0.5425303813107405,0.0,0.0,0.0,0.10274943863575146,0.1401461934559314,0.21800024987208472,0.38532582126923953,0.5887184790739813,0.563317280707491,0.46530127603973775,0.3318270646384694,0.3017183879132335,0.24155401065968493,0.07274850568043939
ADE_val_00000239,ade20k_resnest_semantic_cityscapes_0_00_dropout_pu,0.20113483096485282,0.40337431308728894,0.5485009174835868,0.7194793898188171,0.0,0.0,0.26691430302357355,0.3225171766839947,0.3911684133873089,0.4814545601960094,0.6192886473989337,0.5873911428512553,0.5091264064186677,0.42740055479213657,0.3577417825100005,0.3849189626989755,0.20113483096485285
ADE_val_00000857,ade20k_resnest_semantic_cityscapes_0_00_dropout_pu,0.10690692219864807,0.37518169726130396,0.5320588631688585,0.0,0.0,0.0,0.14451573875835685,0.17879731215361178,0.2280764959994781,0.3212214281381573,0.5686064866600087,0.5117227153232695,0.45626085312939535,0.34472081407759925,0.27919226205206543,0.2520546230421384,0.10690692219864806
ADE_val_00000986,ade20k_resnest_semantic_cityscapes_0_00_dropout_pu,0.23197225771722998,0.4457024511420493,0.5769758953535392,0.7267431215375962,0.0,0.0,0.3213187153401243,0.41443054315432887,0.48825575343194466,0.5881534231809232,0.6745553206405641,0.6084838102181402,0.534713673568923,0.43733675260798305,0.3677426051081661,0.463992577979646,0.23197225771722998
ADE_val_00001777,ade20k_resnest_semantic_cityscapes_0_00_dropout_pu,0.02844768429024697,0.3712552125914043,0.5753245408803308,0.0,0.0,0.0,0.0391314138822559,0.052207716490652756,0.08022295605330826,0.16771496465158103,0.6041414506744937,0.49409034508811006,0.3204580048615718,0.19406641368722158,0.17479996336812909,0.10278938160878714,0.028447684290246963
ADE_val_00001892,ade20k_resnest_semantic_cityscapes_0_00_dropout_pu,0.20435487945595376,0.42094144167423275,0.5358830114561399,0.0,0.0,0.0,0.28662551066998276,0.36042064795592765,0.43389123818072795,0.5114083055976253,0.590621827333645,0.5707922604024727,0.5508030085471867,0.4902580349100406,0.47505667537327256,0.35658580896041125,0.20435487945595385
ADE_val_00000226,ade20k_resnest_semantic_cityscapes_0_00_dropout_pu,0.10128918848052937,0.3835450970559709,0.6138103926456598,0.7247616784333922,0.0,0.0,0.14346972883128523,0.1984738657995123,0.30941524623208033,0.41498113314157375,0.6813468358203546,0.666501205949883,0.626897455997054,0.4379104070767741,0.3978267074660939,0.3823346281741759,0.10128918848052937
ADE_val_00001008,ade20k_resnest_semantic_cityscapes_0_00_dropout_pu,0.11362189574420407,0.4069008037213966,0.5511662937359161,0.0,0.0,0.0,0.16030245993760533,0.2128336361175719,0.282593745334286,0.4142078810818586,0.6097946034313414,0.5842148677738086,0.51898126462611,0.38383728541389545,0.3594956626209604,0.23867432886696466,0.11362189574420406
ADE_val_00000732,ade20k_resnest_semantic_cityscapes_0_00_dropout_pu,0.12227439148559316,0.38420617666867996,0.5105669517822153,0.0,0.0,0.0,0.17177529096265523,0.23319450547161324,0.3182938491488955,0.41580993428245916,0.5087861191525326,0.48728332746870157,0.44824234930443757,0.37151750400320366,0.3335062044700307,0.29227911498911574,0.12227439148559315
ADE_val_00000141,ade20k_resnest_semantic_cityscapes_0_00_dropout_pu,0.049409288179961625,0.3656872520074383,0.5213928903881149,0.0,0.0,0.0,0.06956588723632652,0.09550896527619766,0.14709980880891446,0.24735984506355096,0.492706201599578,0.42306906255733645,0.3397950327857664,0.27224044231368844,0.24350921593126426,0.14609513283027947,0.04940928817996162
ADE_val_00000235,ade20k_resnest_semantic_cityscapes_0_00_dropout_pu,0.21758903863389065,0.39251836206476026,0.5406902182330098,0.0,0.0,0.0,0.26670113417770097,0.3093313283056806,0.3709822289121328,0.45599353801413617,0.6086205964780533,0.5493234253785776,0.5055575237651567,0.4731840770138133,0.4508394435160555,0.3208530881601664,0.21758903863389073
ADE_val_00001424,ade20k_resnest_semantic_cityscapes_0_00_dropout_pu,0.100833189790453,0.37729282571870043,0.5727739954925034,0.0,0.0,0.0,0.1392701417135283,0.1807727493372836,0.24429771105485795,0.36550813252633896,0.6260431652777603,0.5313788292135407,0.3909759176481372,0.24061363012990486,0.2053903447774639,0.26446918993962254,0.10083318979045303
ADE_val_00000940,ade20k_resnest_semantic_cityscapes_0_00_dropout_pu,0.07035154750223163,0.4182153849569089,0.5409042074775103,0.0,0.0,0.0,0.09840487522456756,0.1334810724771363,0.20682190352778113,0.38095134197107156,0.608334596597475,0.5871594319918823,0.5443169203223472,0.4636676742873226,0.4471248006688707,0.2696501231596899,0.07035154750223165
ADE_val_00001566,ade20k_resnest_semantic_cityscapes_0_00_dropout_pu,0.06105787723007352,0.3949186086485894,0.5164494577681018,0.0,0.0,0.0,0.0854872703608444,0.11578583463468481,0.17234500728084182,0.3176845743352194,0.5338785419155417,0.5231740241196726,0.48424002766425334,0.4138689500203908,0.37175102881740585,0.2644953276925441,0.06105787723007351
ADE_val_00000368,ade20k_resnest_semantic_cityscapes_0_00_dropout_pu,0.1614054318742257,0.41394439751130774,0.5427603963304822,0.0,0.0,0.0,0.22520527325336276,0.30000781367470597,0.40607575410660673,0.5025236471116941,0.6303647768269559,0.5708137251084057,0.5103468822233281,0.4484450775521908,0.426875098989329,0.37030528928548617,0.1614054318742257
ADE_val_00001270,ade20k_resnest_semantic_cityscapes_0_00_dropout_pu,0.07016513446169251,0.3966736233052217,0.5575799702109642,0.0,0.0,0.0,0.09613438871180562,0.12624352140681505,0.1792020073229841,0.27188192406941647,0.5713364762631158,0.43186168945771786,0.20874608910338316,0.1514701342715727,0.12618187509554,0.1625507960290723,0.07016513446169252
ADE_val_00001163,ade20k_resnest_semantic_cityscapes_0_00_dropout_pu,0.15915549787264457,0.38556613829729686,0.5279787332851297,0.0,0.0,0.0,0.223884652847366,0.2806289612839204,0.3371559391202918,0.4271392663151559,0.5923237369615506,0.5658784744668549,0.4979684377138951,0.4570231864570692,0.4351402758867198,0.27831405288968825,0.1591554978726446
ADE_val_00000567,ade20k_resnest_semantic_cityscapes_0_00_dropout_pu,0.08594500055805994,0.3730884847897359,0.5505334104354799,0.0,0.0,0.0,0.11522259498728336,0.14754630253684067,0.20193508292257542,0.2797176410323412,0.5383298912092237,0.4541214202711047,0.36629991883578455,0.31291122333238286,0.29014038035779816,0.2393633262942888,0.08594500055805995
ADE_val_00000686,ade20k_resnest_semantic_cityscapes_0_00_dropout_pu,0.12341800567964273,0.44526373659242835,0.5814992499434027,0.7186988991106371,0.0,0.0,0.16995771740078763,0.22697620054572568,0.287034436861847,0.4136721463865496,0.7130709317572956,0.6615030399358333,0.5536101524387286,0.4016381773692428,0.3691046795019497,0.3165939070450039,0.12341800567964271
ADE_val_00000395,ade20k_resnest_semantic_cityscapes_0_00_dropout_pu,0.14315422878483022,0.38919760188274805,0.5393357223401947,0.0,0.0,0.0,0.20069214937583627,0.25422731550500244,0.31954649431966015,0.4236924156908955,0.5886671009125215,0.5573288092794226,0.45264158808242927,0.3975737399865076,0.3446254545059036,0.26582607212465237,0.14315422878483022
ADE_val_00000861,ade20k_resnest_semantic_cityscapes_0_00_dropout_pu,0.08623161071742301,0.36327437514292604,0.0,0.0,0.0,0.0,0.11793780250370013,0.1518158210341422,0.19896989520830077,0.29102920528420567,0.45471282465363916,0.4148342531253569,0.3340937813429228,0.2025976466978667,0.16686505280360114,0.17210903697935037,0.08623161071742301
ADE_val_00000302,ade20k_resnest_semantic_cityscapes_0_00_dropout_pu,0.08635224940517362,0.3894785450160676,0.5471799943376691,0.0,0.0,0.0,0.11764843017286544,0.1495154835829534,0.19543765821819686,0.2793696140341535,0.47362308842793516,0.40082708055363026,0.25884069030275597,0.1500764244838813,0.12319262919475119,0.18986380899937938,0.08635224940517364
ADE_val_00001633,ade20k_resnest_semantic_cityscapes_0_00_dropout_pu,0.32110230567540926,0.42604862191859366,0.5695804018864801,0.7166374696409346,0.0,0.0,0.3860578937632386,0.43051706513576954,0.48739814570106044,0.5764587316624711,0.7068792502008066,0.6530841786978691,0.5868837220361905,0.49043646728909396,0.4513953245799181,0.4629300268118129,0.3211023056754093
ADE_val_00000929,ade20k_resnest_semantic_cityscapes_0_00_dropout_pu,0.20133890901388204,0.4668751739939153,0.5750858254848995,0.7120653483811775,0.0,0.0,0.2827691010211852,0.3686635249444688,0.4701651212400961,0.5898570595181997,0.7158698755475715,0.682213891483404,0.6444654292148555,0.5360033814500165,0.5367729735013236,0.43898434994066976,0.20133890901388196
ADE_val_00000172,ade20k_resnest_semantic_cityscapes_0_00_dropout_pu,0.0997323650763923,0.36071446837162274,0.5188742086460475,0.0,0.0,0.0,0.14104645490730175,0.19131933271605256,0.2487580145582088,0.33590687147424053,0.5073906751164455,0.48151761663080994,0.4020096565584672,0.3042284892217759,0.28032342389124804,0.20769004912729488,0.09973236507639228
ADE_val_00001250,ade20k_resnest_semantic_cityscapes_0_00_dropout_pu,0.15708912262373625,0.35872643340363386,0.5113131444895036,0.0,0.0,0.0,0.21389441238998283,0.2604741029506096,0.3147296211710487,0.3849945284508342,0.47038491612464084,0.4414815321413345,0.3679058117044788,0.32652005330350703,0.29002419414888575,0.27380003226883276,0.15708912262373623
ADE_val_00000202,ade20k_resnest_semantic_cityscapes_0_00_dropout_pu,0.03334162135097088,0.3324997893902504,0.0,0.0,0.0,0.0,0.04258756049159871,0.051901598876484656,0.06897010192983478,0.12507645449663543,0.253014841120739,0.1977509320955211,0.13701812104683841,0.06338681943909556,0.05630828725152355,0.1271937544737945,0.033341621350970886
ADE_val_00000697,ade20k_resnest_semantic_cityscapes_0_00_dropout_pu,0.11790805804601048,0.40478505463037173,0.5429939357469128,0.0,0.0,0.0,0.15948479081195618,0.20015516396724903,0.2564554296781423,0.3770728005021771,0.5953501822248917,0.5628491660452294,0.5199239891261351,0.3734274293088552,0.3157063922883365,0.2396896739160997,0.1179080580460105
ADE_val_00000012,ade20k_resnest_semantic_cityscapes_0_00_dropout_pu,0.14552867581653048,0.5065526613010027,0.562486352705952,0.7028913813902646,0.0,0.0,0.20609026708842645,0.2831176718738016,0.42592885431224115,0.577370713855557,0.6740662391043283,0.6519864638677636,0.6244898535231662,0.5762528739578263,0.5546902778093938,0.3904685725021468,0.1455286758165305
ADE_val_00001338,ade20k_resnest_semantic_cityscapes_0_00_dropout_pu,0.19598189084448547,0.4490742848798312,0.5608723892094194,0.7014811498507098,0.0,0.0,0.2743673226855117,0.35976201554895915,0.4563401557692669,0.5579178491921436,0.694664486653738,0.6825860210511248,0.6257739437319334,0.5840659038646429,0.555294221366809,0.32417067993605714,0.1959818908444855
ADE_val_00000242,ade20k_resnest_semantic_cityscapes_0_00_dropout_pu,0.25359068487531666,0.5090426291950276,0.6050976996467109,0.7271987507855341,0.0,0.0,0.33517191484485653,0.4104023638300857,0.5215263517915956,0.652206792499281,0.7753081579187555,0.7348636519712329,0.7010604375846882,0.6063117980498695,0.5739952261902237,0.48865033444300643,0.2535906848753166
ADE_val_00001148,ade20k_resnest_semantic_cityscapes_0_00_dropout_pu,0.1388957821579757,0.3837947207690356,0.5258307904730227,0.0,0.0,0.0,0.19450059770044711,0.2612718622194776,0.35844113576451164,0.4381126439875803,0.5344430850223347,0.48574907146650614,0.41240270600485185,0.36031203323478245,0.3157027025484101,0.31278023427495383,0.1388957821579757
ADE_val_00001844,ade20k_resnest_semantic_cityscapes_0_00_dropout_pu,0.07854688238888334,0.38192268202255764,0.5349908031626676,0.0,0.0,0.0,0.10797897916699596,0.14260805402271953,0.20162481061927984,0.32261874200735796,0.6061818979300848,0.5549114861012339,0.4844879387160721,0.3346098849902722,0.3074753386897211,0.2184327227820622,0.07854688238888333
ADE_val_00000401,ade20k_resnest_semantic_cityscapes_0_00_dropout_pu,0.22959838664900745,0.4177387119595199,0.5635540859851682,0.7231609487328319,0.0,0.0,0.30432318166017397,0.34598317582208543,0.4102570534990679,0.5209468475961426,0.6400539885279686,0.6200422631581646,0.48759308178483346,0.34327579855524165,0.32173681338657456,0.3083308791769676,0.22959838664900742
ADE_val_00000924,ade20k_resnest_semantic_cityscapes_0_00_dropout_pu,0.3037887263866563,0.4709018006141328,0.5826689206315111,0.7263154170206031,0.0,0.0,0.41741039435965427,0.4857917375571527,0.5454386503803982,0.6329087253680868,0.7557582657257673,0.7410430688991373,0.613352899408699,0.5693637994349029,0.5401868801768274,0.527115589620934,0.3037887263866563
ADE_val_00000989,ade20k_resnest_semantic_cityscapes_0_00_dropout_pu,0.20940560051893625,0.3315938733355877,0.0,0.0,0.0,0.0,0.26784843348202525,0.29570212812402363,0.321151338960482,0.35106315104790586,0.383995911705337,0.3690721211467101,0.34023920050406775,0.31766793565689405,0.30290381692700635,0.24414724499730603,0.20940560051893625
ADE_val_00001435,ade20k_resnest_semantic_cityscapes_0_00_dropout_pu,0.06461884076908038,0.3701497898974845,0.529252225057151,0.0,0.0,0.0,0.08750218527437571,0.1141632698591926,0.17027045758914075,0.30305148955701466,0.446677675278858,0.36891047201678895,0.27937993672991057,0.16669090513442572,0.13669211445998977,0.2631116224293089,0.06461884076908037
ADE_val_00001365,ade20k_resnest_semantic_cityscapes_0_00_dropout_pu,0.029754561276430593,0.0,0.0,0.0,0.0,0.0,0.041699154693428046,0.05517388902718941,0.07599458196581658,0.12751477893042537,0.20040849610006523,0.1559982425898513,0.11974350177884002,0.06567844661345833,0.0569811344499004,0.03082384656324024,0.029754561276430586
ADE_val_00001041,ade20k_resnest_semantic_cityscapes_0_00_dropout_pu,0.18252739232416637,0.5184375902935815,0.6040317464629579,0.7203758084572703,0.0,0.0,0.25266157020008156,0.3364507774369068,0.4805583521930899,0.6379098512028417,0.7484066269022517,0.7349765158888283,0.7034975084243767,0.5745879889555099,0.5300037147780459,0.444753057312232,0.18252739232416643
ADE_val_00001212,ade20k_resnest_semantic_cityscapes_0_00_dropout_pu,0.14803341570738618,0.3883337845653758,0.5335430512625793,0.0,0.0,0.0,0.18556964704331919,0.22043328720805375,0.2770616959124803,0.3894429616989022,0.5625712363954172,0.5006966302596126,0.38403418197213596,0.2601793878183311,0.22595266307644182,0.29306893193112576,0.14803341570738618
ADE_val_00000253,ade20k_resnest_semantic_cityscapes_0_00_dropout_pu,0.1371815680230168,0.38160176223940834,0.5851608732179673,0.0,0.0,0.0,0.1873620612146952,0.232681819043541,0.29465011930637325,0.39735156502922075,0.6737354816920407,0.6558546676743099,0.617531562778449,0.4574473472440498,0.3956392181572283,0.3841206813708905,0.1371815680230168
ADE_val_00001142,ade20k_resnest_semantic_cityscapes_0_00_dropout_pu,0.04989985676281726,0.36382345805349164,0.5171753770275119,0.0,0.0,0.0,0.06871332976592008,0.09136548567603729,0.13556965753642894,0.2268796415967306,0.4574406804193077,0.40442474739599776,0.28743603897807135,0.17632004934219736,0.15521821142235584,0.11776464803254147,0.049899856762817246
ADE_val_00000644,ade20k_resnest_semantic_cityscapes_0_00_dropout_pu,0.08866989791411618,0.3560947591365059,0.5142854945975066,0.0,0.0,0.0,0.1235435595474141,0.16279061221160357,0.22398701277454278,0.3145475685592302,0.4999142297613527,0.4540943265548262,0.3582455946482556,0.24027822384498648,0.21165116090574826,0.2191902660338249,0.0886698979141162
ADE_val_00001812,ade20k_resnest_semantic_cityscapes_0_00_dropout_pu,0.048900733689199345,0.3511890645146018,0.5020360730775288,0.0,0.0,0.0,0.06793007222494844,0.0913667462710158,0.1387282430597346,0.2307439624547792,0.445749722217348,0.37027196911761456,0.32311468000308224,0.23217865290719836,0.18127084264765056,0.1600252862721729,0.04890073368919936
ADE_val_00001430,ade20k_resnest_semantic_cityscapes_0_00_dropout_pu,0.09840750401515624,0.4070621137276869,0.5354087616459706,0.0,0.0,0.0,0.1386428219138041,0.18603179097387948,0.2659466440752765,0.40346173648079847,0.5747148560084352,0.5240628544886754,0.46970659108503504,0.3743448458823701,0.34026718998449756,0.2208418073820527,0.09840750401515622
ADE_val_00001570,ade20k_resnest_semantic_cityscapes_0_00_dropout_pu,0.04041326408721223,0.40757374695531173,0.536334317316543,0.0,0.0,0.0,0.056496058286853626,0.07704725596650513,0.12192413297306208,0.2795202369948646,0.5769813779756782,0.50495929701792,0.38955173688860123,0.2753177370285517,0.23234218878471508,0.29276786396926396,0.040413264087212235
ADE_val_00000449,ade20k_resnest_semantic_cityscapes_0_00_dropout_pu,0.18623147801250955,0.3639812184430389,0.5309396545802744,0.0,0.0,0.0,0.24515598617164178,0.2859566171045559,0.32997716915992936,0.3990065533553164,0.5386569069712283,0.4638342767894744,0.3891885151654417,0.3261648616708097,0.2927757288470066,0.236533495472547,0.18623147801250955
ADE_val_00001587,ade20k_resnest_semantic_cityscapes_0_00_dropout_pu,0.08569017348242496,0.38359457896896487,0.5889909999319244,0.0,0.0,0.0,0.12002569191156318,0.15977764042161316,0.21897225632772355,0.32647852809927475,0.6803427455167156,0.6581511241523382,0.5606970021085437,0.38977030383187034,0.32652620633031526,0.2779537569503773,0.08569017348242496
ADE_val_00000669,ade20k_resnest_semantic_cityscapes_0_00_dropout_pu,0.18256523727520574,0.37602762696944514,0.5436009919470707,0.0,0.0,0.0,0.253720249437012,0.2993231757126209,0.354673886315957,0.4323042072616265,0.544523800340686,0.49723123109378514,0.4481206821475864,0.40121427053808395,0.36012918572367325,0.348078529017252,0.18256523727520574
ADE_val_00000521,ade20k_resnest_semantic_cityscapes_0_00_dropout_pu,0.1472283412904876,0.4010322945221456,0.5476182242932471,0.0,0.0,0.0,0.20596447169238294,0.2647330673517105,0.33986313363293325,0.45408955038878895,0.645668643231644,0.6168870642754972,0.5554554885246025,0.49647669008345024,0.47291722400274766,0.30120647777473925,0.14722834129048762
ADE_val_00001878,ade20k_resnest_semantic_cityscapes_0_00_dropout_pu,0.1415575089262247,0.40972583557945497,0.5610549350760142,0.7092444352492306,0.0,0.0,0.20057410283653787,0.2720423001849441,0.36545361738762383,0.4809815387076965,0.6958060171198654,0.6467672496389373,0.6032152750871979,0.569828151774513,0.5361408061930971,0.28787011896071246,0.14155750892622473
ADE_val_00000332,ade20k_resnest_semantic_cityscapes_0_00_dropout_pu,0.11529630722141775,0.4199017351797462,0.5650614223294775,0.7048547501785205,0.0,0.0,0.16216595848544832,0.2169406266053215,0.30262216883622806,0.4482101393666275,0.6693673135166202,0.64638376069979,0.6224012485049254,0.4617938987783643,0.37457950689071634,0.28829501599529295,0.11529630722141772
ADE_val_00001657,ade20k_resnest_semantic_cityscapes_0_00_dropout_pu,0.1463380104689667,0.40699536155340915,0.5259009766674099,0.0,0.0,0.0,0.20287881083891188,0.2610604729063545,0.33821210968903076,0.455687340098981,0.5591266170448409,0.5112887454502729,0.47465843529995744,0.3670686909025779,0.3213843381271963,0.32456466481629154,0.1463380104689667
ADE_val_00001782,ade20k_resnest_semantic_cityscapes_0_00_dropout_pu,0.07700117655744647,0.4490065111398363,0.5774095908820017,0.0,0.0,0.0,0.10864453084720195,0.1480230610852327,0.21459284358418218,0.3270809816645592,0.6580174776240199,0.622920115514619,0.6075316917271893,0.5095496122257013,0.4336079576079171,0.3161110690613154,0.07700117655744651
ADE_val_00000462,ade20k_resnest_semantic_cityscapes_0_00_dropout_pu,0.055861960529367025,0.3724175974313175,0.6139990079291391,0.720756149635648,0.0,0.0,0.07830093628706762,0.10555680854487295,0.1573381870802697,0.2465961217809337,0.45187340456754393,0.31654414671251724,0.2274491727178206,0.12628434310094236,0.11559344909483789,0.16787886688109513,0.05586196052936704
ADE_val_00001237,ade20k_resnest_semantic_cityscapes_0_00_dropout_pu,0.4129505557970696,0.4569896131257643,0.5731854490712384,0.7319870507497314,0.0,0.0,0.4765773496442777,0.5166678075102115,0.5621615796229914,0.6367592114822453,0.7989751254081032,0.7847153029090557,0.7511824810737864,0.6683749515272562,0.6202259550810101,0.5150075790509823,0.41295055579706946
ADE_val_00000385,ade20k_resnest_semantic_cityscapes_0_00_dropout_pu,0.1477695656321124,0.4165241765307634,0.5559021396615068,0.7168754271683748,0.0,0.0,0.20806477221477396,0.2790550542512228,0.3714946914047992,0.4901452606501996,0.7160902772350611,0.6774778935333304,0.6164080408481318,0.5359481792610614,0.49034610555168817,0.3507639874726469,0.1477695656321124
ADE_val_00000170,ade20k_resnest_semantic_cityscapes_0_00_dropout_pu,0.10819072858748136,0.4201072715981004,0.5775954268928832,0.0,0.0,0.0,0.15118861716694157,0.19965052644081852,0.27436294631207636,0.41734994529217095,0.6694082111555213,0.6392039306442356,0.5922281867711053,0.39008654700767,0.35427550981592126,0.29397112824887284,0.10819072858748136
ADE_val_00001238,ade20k_resnest_semantic_cityscapes_0_00_dropout_pu,0.1860891925480442,0.3899876768794539,0.5657468831980093,0.7104468170344885,0.0,0.0,0.2604621306370314,0.32301005932109916,0.38545383217729223,0.46765972710807546,0.62024582230426,0.5887781756089714,0.44796518873009666,0.3195442281408215,0.3031225856361559,0.21162377319950904,0.18608919254804418
ADE_val_00000038,ade20k_resnest_semantic_cityscapes_0_00_dropout_pu,0.1304322516910741,0.390378109858953,0.5428947514357824,0.0,0.0,0.0,0.18188478771298824,0.23629704754438913,0.3072262528625833,0.4135652606090015,0.567240586125472,0.5328601260660685,0.43316602570268165,0.29927307689598376,0.24125765616436742,0.2987579975127,0.13043225169107414
ADE_val_00000901,ade20k_resnest_semantic_cityscapes_0_00_dropout_pu,0.10479770842428347,0.38545889955584905,0.5287390309039516,0.0,0.0,0.0,0.14590315951603572,0.1893099536358149,0.244872009182375,0.33489488783381854,0.5641612752715635,0.5233406624536809,0.4830194216768328,0.327728422116844,0.2643760333108061,0.15740474855296582,0.10479770842428347
ADE_val_00001077,ade20k_resnest_semantic_cityscapes_0_00_dropout_pu,0.03735331418857252,0.3510641806405702,0.0,0.0,0.0,0.0,0.05119708458735605,0.06691151871835992,0.09643215876418558,0.1830153593462174,0.40091210296614127,0.29625125245439293,0.2532576348674454,0.1765644723000522,0.14366101110448987,0.12294135398863676,0.037353314188572524
ADE_val_00001879,ade20k_resnest_semantic_cityscapes_0_00_dropout_pu,0.14330830686744234,0.36739241503602366,0.5089096953038761,0.0,0.0,0.0,0.2027839528273686,0.27553169084999324,0.3380000654680268,0.40674908842330276,0.5117243340800908,0.4888588484467375,0.4514317552648431,0.4153011090110346,0.41583666699266203,0.22164302012729997,0.1433083068674423
ADE_val_00000427,ade20k_resnest_semantic_cityscapes_0_00_dropout_pu,0.1331911827619844,0.3722470709312627,0.5366848129094312,0.0,0.0,0.0,0.1853679910896904,0.23852325392889895,0.3041500728197741,0.39595236759773594,0.585773700615679,0.5514194311566084,0.5009719803131317,0.3869798746093165,0.35442524096115996,0.311374911150603,0.13319118276198444
ADE_val_00001865,ade20k_resnest_semantic_cityscapes_0_00_dropout_pu,0.051463505070784316,0.3805853654439344,0.5215909508962574,0.0,0.0,0.0,0.07092002003251346,0.09382409926566598,0.1395862764451494,0.2596694766728003,0.49960473268813854,0.42052742969814,0.2457845219698206,0.13326287679012613,0.11211226682181168,0.13097624695749738,0.05146350507078431
ADE_val_00000029,ade20k_resnest_semantic_cityscapes_0_00_dropout_pu,0.17410169769727737,0.36377035133505414,0.5165125351533053,0.0,0.0,0.0,0.244597615328506,0.2841376306009661,0.3222947547731171,0.3927593114662938,0.493169034722737,0.4680134092483766,0.36822357901854486,0.31788721291960464,0.2886306408832626,0.28084006656238086,0.17410169769727737
ADE_val_00001990,ade20k_resnest_semantic_cityscapes_0_00_dropout_pu,0.050331840399377575,0.32661400025632054,0.0,0.0,0.0,0.0,0.0671333654153002,0.08603963024621387,0.12129537712071511,0.1916313128099757,0.2794000484273131,0.21043790031854948,0.19003838113858568,0.13100756750996953,0.11875458694640349,0.05078254733621747,0.05033184039937758
ADE_val_00000043,ade20k_resnest_semantic_cityscapes_0_00_dropout_pu,0.1747877134102057,0.43456496109008197,0.625874833686254,0.7623205203699663,0.0,0.0,0.23772472910948694,0.30480339252309235,0.39059269020302095,0.532075081247364,0.848681348032492,0.7702218612542705,0.6434844780157626,0.5043065584351046,0.42216841130705324,0.4814504696533298,0.17478771341020571
ADE_val_00000291,ade20k_resnest_semantic_cityscapes_0_00_dropout_pu,0.0732188392249915,0.37816399115984467,0.5381717762338483,0.0,0.0,0.0,0.10144762071857379,0.13585014895959302,0.1928134126802803,0.30849231225071244,0.5511777751968144,0.5030207829079115,0.45708777214649454,0.3348188839161089,0.29296571234843916,0.19509087829182986,0.0732188392249915
ADE_val_00000437,ade20k_resnest_semantic_cityscapes_0_00_dropout_pu,0.1482011363784071,0.36724534523544106,0.5305868777691822,0.0,0.0,0.0,0.1875421808926784,0.20897335516517807,0.24715616522407952,0.34555340451652117,0.5336924191405035,0.4584862709942741,0.4056922338680677,0.32379700635218805,0.2978332090804322,0.2716258888390011,0.14820113637840712
ADE_val_00001174,ade20k_resnest_semantic_cityscapes_0_00_dropout_pu,0.08827166208664125,0.3860545035943038,0.5502708403875698,0.0,0.0,0.0,0.12405306038920733,0.16801747134683312,0.24434290233070682,0.3641307132602551,0.568919841246906,0.45831496677930017,0.3746153212285988,0.2438349774577767,0.19153395258723693,0.24375418470018195,0.08827166208664126
ADE_val_00000680,ade20k_resnest_semantic_cityscapes_0_00_dropout_pu,0.13719344134437683,0.36173820915072363,0.5320021918463017,0.0,0.0,0.0,0.18623314192978177,0.22443941286934307,0.2679174831552803,0.3439531016144812,0.5477298448176255,0.5380660051789034,0.47349875626419413,0.34602768413370605,0.3029935260955224,0.2297132944177726,0.1371934413443768
ADE_val_00001377,ade20k_resnest_semantic_cityscapes_0_00_dropout_pu,0.2203064308642082,0.4707101228263634,0.5737976934855615,0.7184557395232304,0.0,0.0,0.3083258668609256,0.39327385510172036,0.4945857790533874,0.5946582233717177,0.7063836313042043,0.6654478777458607,0.5977168176340296,0.49978749867543554,0.4581557918541408,0.3900093209129975,0.22030643086420817
ADE_val_00000672,ade20k_resnest_semantic_cityscapes_0_00_dropout_pu,0.11676742391027813,0.39429851585623976,0.5724713836354288,0.7174268421102957,0.0,0.0,0.16360204567574768,0.21232396954115637,0.2840877917304878,0.4076287703860779,0.5991465583367898,0.4917481172736242,0.42996879611527733,0.38276274137716954,0.33909070003483627,0.25537989945447087,0.11676742391027814
ADE_val_00001608,ade20k_resnest_semantic_cityscapes_0_00_dropout_pu,0.1658690488287448,0.3764594002741206,0.5333638844680296,0.0,0.0,0.0,0.22545591138574061,0.27085168805621884,0.3226607057849958,0.40941468147070254,0.5555302318669856,0.5364612399337958,0.4717211202096127,0.36348631593887953,0.3070687977734607,0.28176344063593417,0.16586904882874481
ADE_val_00000665,ade20k_resnest_semantic_cityscapes_0_00_dropout_pu,0.4453823710781683,0.5094365062314382,0.5932650156695879,0.7261255504301805,0.0,0.0,0.5345844718435471,0.5765455872546669,0.6218679743314577,0.6829006163212593,0.7711039033841491,0.7542588360727432,0.7396971327049325,0.7009825420277376,0.6762570222020706,0.5669018260623983,0.4453823710781681
ADE_val_00000258,ade20k_resnest_semantic_cityscapes_0_00_dropout_pu,0.09029203047856603,0.3555506171907935,0.5455552815195068,0.0,0.0,0.0,0.1260105073451706,0.16389429313805592,0.21306457196764556,0.2955089073973704,0.5857069751930457,0.49843243293565287,0.3622728311342928,0.3142361686308831,0.2930236053096156,0.2359183858061681,0.09029203047856602
ADE_val_00001049,ade20k_resnest_semantic_cityscapes_0_00_dropout_pu,0.04996734660079206,0.35839097063406233,0.5643159331861567,0.0,0.0,0.0,0.07003941243848931,0.09413461878231587,0.14047864600325893,0.2477652553917979,0.48153874159765686,0.3723250869400367,0.24540414714763897,0.1428774633932844,0.1352777636231461,0.21825897742254782,0.04996734660079205
ADE_val_00001178,ade20k_resnest_semantic_cityscapes_0_00_dropout_pu,0.13659033844254345,0.38827476308301523,0.5524303995818762,0.0,0.0,0.0,0.18880337614334833,0.2410726374042062,0.30773315821813996,0.41493597656955294,0.6023362027896322,0.5016302005547982,0.4125177265920527,0.2652557823318793,0.231306224220478,0.23937710493148473,0.13659033844254345
ADE_val_00001189,ade20k_resnest_semantic_cityscapes_0_00_dropout_pu,0.16296869597032293,0.4696568065161214,0.5890310876456056,0.741151296028223,0.0,0.0,0.22314072267597018,0.28048856224154556,0.3667004962121558,0.5494782155023241,0.7925502381878452,0.7666112681783246,0.6773756708482047,0.610190939029762,0.5941691070784317,0.4043025248396588,0.1629686959703229
ADE_val_00000187,ade20k_resnest_semantic_cityscapes_0_00_dropout_pu,0.26398982221344647,0.409114174769259,0.5503830403727697,0.7173103911599013,0.0,0.0,0.33353649599189755,0.38288967432691007,0.4373925971992836,0.5150341184933329,0.6232770829171106,0.5749019864619738,0.4934568897113609,0.40549002853531674,0.37828779126663903,0.3982838294457048,0.2639898222134464
ADE_val_00000442,ade20k_resnest_semantic_cityscapes_0_00_dropout_pu,0.19490768406466974,0.37275327720664764,0.510300330230365,0.0,0.0,0.0,0.2683484257213446,0.31576049646137677,0.3588517829919298,0.43192053103086836,0.5228548850465947,0.498038545018465,0.46902538989117365,0.3879057277201243,0.35940528285495205,0.2797537674784269,0.19490768406466974
ADE_val_00000900,ade20k_resnest_semantic_cityscapes_0_00_dropout_pu,0.09562176170344525,0.32961465015902297,0.0,0.0,0.0,0.0,0.1298594078697505,0.16386394929534762,0.20689474979824365,0.26002731058352774,0.35619025504254354,0.31991671609866873,0.24307222129771502,0.18298666942154845,0.16920207455747657,0.11545969805915225,0.09562176170344525
ADE_val_00000647,ade20k_resnest_semantic_cityscapes_0_00_dropout_pu,0.1420198068797248,0.37419209421908944,0.5831000203471538,0.0,0.0,0.0,0.20000971142900442,0.25497849225994523,0.3089684125716199,0.3952694027333158,0.6243797061205225,0.5719411108422182,0.42105845174424394,0.2350396191089894,0.22748013047015397,0.24820031119080294,0.14201980687972485
ADE_val_00001578,ade20k_resnest_semantic_cityscapes_0_00_dropout_pu,0.10162378000208139,0.36577510365867477,0.5344147367767997,0.0,0.0,0.0,0.14190566978665875,0.18820994577995545,0.25117571001312683,0.3414910429164226,0.560076445687215,0.4950585931560952,0.37979113038035633,0.3016225292861602,0.2834377593766486,0.14643042715576723,0.10162378000208136
ADE_val_00001603,ade20k_resnest_semantic_cityscapes_0_00_dropout_pu,0.04843661555125835,0.36128165654297933,0.5247270250288072,0.0,0.0,0.0,0.066897272009739,0.08981047440179321,0.13806498366644362,0.2563108364639177,0.4453380531343762,0.3113136729983508,0.21628619268402546,0.1136874887076517,0.10686016011990082,0.1075604868503171,0.04843661555125835
ADE_val_00001748,ade20k_resnest_semantic_cityscapes_0_00_dropout_pu,0.0931547547091218,0.34308802505901415,0.0,0.0,0.0,0.0,0.12538440009451254,0.15862174089807768,0.20741398255631813,0.26869282350950885,0.40669278207055404,0.31086757467938564,0.24403774932759872,0.20820194247087082,0.18779780053964412,0.1783983223970224,0.0931547547091218
ADE_val_00000487,ade20k_resnest_semantic_cityscapes_0_00_dropout_pu,0.18738653278136158,0.4075087561829686,0.5677215737394024,0.7092459541169945,0.0,0.0,0.25715538037653063,0.3212851344145523,0.3950117091268441,0.49610317425317796,0.6930223587335067,0.6689197565187893,0.5702461125136913,0.48875922018654633,0.4739599658258884,0.3412578925315155,0.18738653278136155
ADE_val_00000675,ade20k_resnest_semantic_cityscapes_0_00_dropout_pu,0.13433124468315802,0.3529226347551493,0.5343584508335992,0.0,0.0,0.0,0.19138735437000776,0.26017661012879545,0.3048276576881719,0.3690075131451819,0.5461574038551407,0.4827983733282307,0.4095164301175316,0.3750275447592759,0.3608722105939148,0.2770239917205556,0.13433124468315796
ADE_val_00000927,ade20k_resnest_semantic_cityscapes_0_00_dropout_pu,0.09473809699095288,0.3812107073034271,0.5131727953109653,0.0,0.0,0.0,0.1306565246494915,0.16956828424336723,0.22493615021150642,0.33189903380668967,0.5100010684722764,0.4689828271025088,0.414416749720965,0.28119399104540177,0.25872928922221694,0.19439035391841447,0.09473809699095292
ADE_val_00000042,ade20k_resnest_semantic_cityscapes_0_00_dropout_pu,0.15155338270979324,0.3819596624207301,0.5254761481827275,0.0,0.0,0.0,0.20347296847405177,0.2543689461685316,0.3142773141644708,0.4086969255922867,0.5202769715086999,0.4822562045859104,0.36358106242364063,0.30991830205438187,0.2878260877151524,0.25279101985177116,0.15155338270979324
ADE_val_00001803,ade20k_resnest_semantic_cityscapes_0_00_dropout_pu,0.055080112603661247,0.3526337788023893,0.5113965282448837,0.0,0.0,0.0,0.0769831183448098,0.10456114201371819,0.1618002426115747,0.2817962688104081,0.4593731358489503,0.3926635479595859,0.3379195689595281,0.2516688554788323,0.22269779925708166,0.1901047944670323,0.05508011260366125
ADE_val_00001593,ade20k_resnest_semantic_cityscapes_0_00_dropout_pu,0.08919969340050915,0.36641528053055844,0.5250615587633526,0.0,0.0,0.0,0.12004325826253653,0.1527972079940218,0.2032454803994414,0.2909935759703371,0.5139640578184116,0.4342051997099315,0.36311996699126103,0.28607697190927234,0.26590862385408187,0.18324055956593285,0.08919969340050915
ADE_val_00001420,ade20k_resnest_semantic_cityscapes_0_00_dropout_pu,0.10595560052518009,0.39962913418789014,0.5469606999870413,0.0,0.0,0.0,0.14517541052929017,0.18800942431879178,0.2516201603584622,0.3705331080624442,0.5868137533007973,0.5644630409014472,0.5069717123937982,0.2968796886605318,0.25600170127110927,0.25020899113676837,0.1059556005251801
ADE_val_00000182,ade20k_resnest_semantic_cityscapes_0_00_dropout_pu,0.07360811157726621,0.3869830706700741,0.5370185908685863,0.0,0.0,0.0,0.10432634167279038,0.1442544248200986,0.2296854328657506,0.37299495762851903,0.5636713462909131,0.5162978177313453,0.45734521769145475,0.3942108113365416,0.3764741276065623,0.17595299078545162,0.07360811157726621
ADE_val_00001982,ade20k_resnest_semantic_cityscapes_0_00_dropout_pu,0.033877335090658905,0.39678020536340053,0.5570800822092454,0.0,0.0,0.0,0.04647777025068067,0.061406186388360644,0.09046268311515547,0.1996526181948552,0.5179442377719653,0.3803191708732385,0.16762538006550184,0.08018170509207971,0.0631186112091735,0.2158612404546742,0.03387733509065891
ADE_val_00001625,ade20k_resnest_semantic_cityscapes_0_00_dropout_pu,0.03794539162354727,0.3995539155637422,0.5251849233894634,0.0,0.0,0.0,0.05168433556598978,0.06799413127316424,0.10279191848142011,0.24165692603677505,0.44568893532925535,0.34362327675254223,0.23927204364941945,0.12362063100480554,0.09913306343618938,0.2075860001277528,0.03794539162354727
ADE_val_00000920,ade20k_resnest_semantic_cityscapes_0_00_dropout_pu,0.14335019616909625,0.44358559830820543,0.5643768677177555,0.7063926615120095,0.0,0.0,0.2026614458365997,0.27008985754819165,0.37126125931865794,0.5202607465804877,0.6898638553648209,0.6662512602850188,0.5940910044908942,0.5374900850784282,0.49639102147888586,0.35882127399271824,0.14335019616909622
ADE_val_00000236,ade20k_resnest_semantic_cityscapes_0_00_dropout_pu,0.08651172192294555,0.36927118541495757,0.5061750410401914,0.0,0.0,0.0,0.1160009792956232,0.14332375842001233,0.18269093113232676,0.270374323883986,0.4395179426459546,0.4049097184580579,0.33573737597156755,0.2504895775800547,0.22517079687588543,0.16190664510068173,0.08651172192294553
ADE_val_00000571,ade20k_resnest_semantic_cityscapes_0_00_dropout_pu,0.06409938534191087,0.36428751977669954,0.557784928539148,0.0,0.0,0.0,0.08949908013586781,0.12084247895200402,0.18079932466949425,0.2919758467450853,0.598593687456394,0.4854903081091995,0.3788520358604232,0.26440792788382717,0.22879595741061526,0.21078412021755016,0.06409938534191087
ADE_val_00000381,ade20k_resnest_semantic_cityscapes_0_00_dropout_pu,0.1124233798765999,0.4046078362878451,0.5723558223234394,0.7094795924286215,0.0,0.0,0.15780363989971025,0.19990728294580998,0.25159962046173157,0.3633767680305579,0.5683614731597034,0.487390629705196,0.39497975664919116,0.262724958200914,0.22950181733431185,0.312481461500866,0.11242337987659988
ADE_val_00000384,ade20k_resnest_semantic_cityscapes_0_00_dropout_pu,0.17032215624590463,0.3999566307317719,0.5298717865282894,0.0,0.0,0.0,0.2219174799033101,0.2595225431858033,0.31653379496262873,0.43399581800901665,0.5658413935396387,0.5353673516292674,0.4892364551027865,0.4049895822058509,0.382985837559096,0.34432751286160235,0.1703221562459046
ADE_val_00001410,ade20k_resnest_semantic_cityscapes_0_00_dropout_pu,0.03593291829361742,0.3805057906496507,0.5379667341555208,0.0,0.0,0.0,0.050457263421378074,0.06930135824332488,0.11199580482545757,0.2251222206027715,0.48227083626568645,0.4170217743650572,0.21084928866102426,0.1323271186391034,0.1034237787176266,0.19635558227492833,0.035932918293617416
ADE_val_00001701,ade20k_resnest_semantic_cityscapes_0_00_dropout_pu,0.1834308125448316,0.36654642791553144,0.5765124108407981,0.7193231798680468,0.0,0.0,0.2482785100774262,0.2751086822095394,0.3060140182893686,0.3734815717249443,0.6820066862089044,0.5319666542021342,0.404987222567122,0.32459954045253114,0.2893967222714753,0.27399953864478854,0.18343081254483162
ADE_val_00001986,ade20k_resnest_semantic_cityscapes_0_00_dropout_pu,0.09469208198107537,0.3786061440494746,0.600477584977259,0.7062208389140894,0.0,0.0,0.1329839230315627,0.17977600114961437,0.23394936697791846,0.32897237071579116,0.6372059257935718,0.6005278428899851,0.46153754024751253,0.34016567959713034,0.31673672409123976,0.3111348381204099,0.09469208198107537
ADE_val_00001116,ade20k_resnest_semantic_cityscapes_0_00_dropout_pu,0.19150030166641696,0.38988608056137053,0.5563963179941547,0.0,0.0,0.0,0.25954668418390386,0.3077278316229285,0.36603035264343015,0.457646098828877,0.6303319315753817,0.5519561936936629,0.4217440923003254,0.32617286954340186,0.32402584771588216,0.3082422782705501,0.19150030166641693
ADE_val_00001685,ade20k_resnest_semantic_cityscapes_0_00_dropout_pu,0.21655220522369187,0.4640022571881344,0.5974840002857312,0.7343977691742665,0.0,0.0,0.3028477305947507,0.3981685941026659,0.4909516907243998,0.6131631524765683,0.8317511658498201,0.7829627044712321,0.6872030536235916,0.5906487116088361,0.5644870753053228,0.5413083961433912,0.21655220522369187
ADE_val_00001004,ade20k_resnest_semantic_cityscapes_0_00_dropout_pu,0.05989065495784899,0.407845274546008,0.5291251975760014,0.0,0.0,0.0,0.08289095686364352,0.10991630060862578,0.16122380244271522,0.2689385490395849,0.5183712990815779,0.37862575999373127,0.22499277560316092,0.11751332869245734,0.09909900503907738,0.2375456917699726,0.05989065495784898
ADE_val_00000068,ade20k_resnest_semantic_cityscapes_0_00_dropout_pu,0.31025197728666537,0.44182994817355026,0.5983182880805576,0.7416743113935821,0.0,0.0,0.39554622787932864,0.44897463822668243,0.5104218637913884,0.6237195587980932,0.8054349391387055,0.7749896185041975,0.7503139272755661,0.6925521490767441,0.6420672068449392,0.4308503031676526,0.31025197728666526
ADE_val_00001146,ade20k_resnest_semantic_cityscapes_0_00_dropout_pu,0.1312861315959748,0.4179500071552532,0.5713234577107954,0.7106428747986652,0.0,0.0,0.18275220713037651,0.22251419959612762,0.28001648010124686,0.42954849741847373,0.6813503531191267,0.651150997397112,0.6145068189019227,0.4538891785117901,0.41844406869008516,0.2969838688253656,0.1312861315959748
ADE_val_00001183,ade20k_resnest_semantic_cityscapes_0_00_dropout_pu,0.05826261172130835,0.38792305229992685,0.5421201489838673,0.0,0.0,0.0,0.0805213061945453,0.1076833839353841,0.16044948876966275,0.27497303721934446,0.5366630858123193,0.4595140943808175,0.3207002368377928,0.23570406432374494,0.2181974582472209,0.22686857677901062,0.05826261172130838
ADE_val_00000261,ade20k_resnest_semantic_cityscapes_0_00_dropout_pu,0.03396462913428901,0.37408747711324014,0.5050570658250164,0.0,0.0,0.0,0.0479162720585995,0.0649103894783737,0.08753571046883359,0.15714369391942798,0.2939244207326263,0.21602362601898825,0.1308086896337606,0.08226025745517097,0.06896223613824726,0.09437008578222664,0.03396462913428901
ADE_val_00001870,ade20k_resnest_semantic_cityscapes_0_00_dropout_pu,0.093919847131179,0.3723416463957934,0.5297924120090645,0.0,0.0,0.0,0.12440234557710525,0.15559080696422362,0.21008939865810228,0.3279101110551348,0.485902164131938,0.3542431949436313,0.3078195096357536,0.2077182582435057,0.17102611886882027,0.16284854821957548,0.09391984713117901
ADE_val_00001192,ade20k_resnest_semantic_cityscapes_0_00_dropout_pu,0.26219171558743215,0.42975983352505703,0.5471337428098141,0.0,0.0,0.0,0.3455038120023165,0.4043140211058872,0.4681010029206616,0.5431440955432469,0.6680348092390662,0.6254035060493962,0.5727272076981648,0.470624759043227,0.41163300708532014,0.30330131487341355,0.26219171558743215
ADE_val_00000425,ade20k_resnest_semantic_cityscapes_0_00_dropout_pu,0.14052238318986673,0.40482452382634626,0.549586357380236,0.0,0.0,0.0,0.19718197802924095,0.2563565011331435,0.3314593043560212,0.45051357445656176,0.6357710663136154,0.6074503178519474,0.5595720953414608,0.49631470036130343,0.4712443927749149,0.24535244664263486,0.14052238318986673
ADE_val_00000133,ade20k_resnest_semantic_cityscapes_0_00_dropout_pu,0.03978854771680425,0.3671851929661673,0.5324932460722032,0.0,0.0,0.0,0.05491995882325903,0.07224918143542709,0.10572913944814903,0.18203605497081202,0.44745852131615693,0.25500831825813663,0.21661559714819023,0.1568175200915342,0.12899124183079258,0.09100428564069904,0.03978854771680425
ADE_val_00000278,ade20k_resnest_semantic_cityscapes_0_00_dropout_pu,0.06926956564480945,0.36905726098131897,0.5624860175937461,0.0,0.0,0.0,0.0965018106583946,0.12916948489737803,0.1890145936890146,0.2974096726203245,0.5478384752007915,0.4668612048368073,0.3791543633281699,0.30401528337425654,0.2865254657608289,0.17508400338478836,0.06926956564480945
ADE_val_00001572,ade20k_resnest_semantic_cityscapes_0_00_dropout_pu,0.09199557046439687,0.3679314682866909,0.5367201392625605,0.0,0.0,0.0,0.12571097657665908,0.16084538622863648,0.20808564081954972,0.2931647436975242,0.5726559315144893,0.5257464939810794,0.41947027139985316,0.28518315807175604,0.24604007462808514,0.20264505294107368,0.09199557046439687
ADE_val_00001128,ade20k_resnest_semantic_cityscapes_0_00_dropout_pu,0.038014677747135614,0.32559434484980776,0.0,0.0,0.0,0.0,0.0518606100559711,0.06806863364818498,0.10075208955464557,0.17213638288929822,0.35610915637261475,0.2792505465756236,0.20499512327988667,0.15583482209267896,0.15062222839683,0.1410834215138817,0.038014677747135614
ADE_val_00001882,ade20k_resnest_semantic_cityscapes_0_00_dropout_pu,0.20273120153351679,0.5826138715016732,0.6640866176774286,0.743540568789583,0.0,0.0,0.2882946581164682,0.3948296653845079,0.5519519897298836,0.7289619867673642,0.8103850042363299,0.8021602028921123,0.7846553826768138,0.7573959120134147,0.7301254763887834,0.5032715587060747,0.20273120153351679
ADE_val_00001226,ade20k_resnest_semantic_cityscapes_0_00_dropout_pu,0.10945693313819914,0.3616829670199265,0.5384332753012585,0.0,0.0,0.0,0.14639895128836336,0.18204755884019366,0.22703402375409856,0.31711365166466476,0.5272227996072636,0.4634365497968242,0.3876028763624919,0.305385378731323,0.2684896882085109,0.19345684294178775,0.10945693313819914
ADE_val_00001790,ade20k_resnest_semantic_cityscapes_0_00_dropout_pu,0.0466014596477853,0.3888526901943661,0.5401361452719448,0.0,0.0,0.0,0.06433682451910229,0.08568091118758334,0.12980286184218218,0.24564982833015667,0.5672174510356999,0.45104909904927304,0.2939937750124562,0.18915745780513518,0.16716452674406002,0.13322921812398789,0.046601459647785295
ADE_val_00001783,ade20k_resnest_semantic_cityscapes_0_00_dropout_pu,0.025892556069825032,0.3591678346169161,0.0,0.0,0.0,0.0,0.03502815269647734,0.045872393871135356,0.06830886166135222,0.14993069178455923,0.42692640726301817,0.3493515928565972,0.27230388842628117,0.12436171855801113,0.1093235118251799,0.16701209074088383,0.025892556069825035
ADE_val_00001001,ade20k_resnest_semantic_cityscapes_0_00_dropout_pu,0.07574551020806285,0.38766486292486096,0.5748457418426537,0.0,0.0,0.0,0.10424094511300624,0.13663228028738866,0.18563784056363614,0.28770257821351597,0.644610686677357,0.524270112639234,0.3905788614201126,0.2985947799580525,0.2726552095098452,0.2695729233744246,0.07574551020806286
ADE_val_00001038,ade20k_resnest_semantic_cityscapes_0_00_dropout_pu,0.16649926598914672,0.3968548140216536,0.5344196520903373,0.0,0.0,0.0,0.2325546512698422,0.28789598954498397,0.35403130844396485,0.45693067517237773,0.5745829739583592,0.5373880268075858,0.4601549527403514,0.3423858459593629,0.3139923014546095,0.24088021368486212,0.16649926598914672
ADE_val_00000227,ade20k_resnest_semantic_cityscapes_0_00_dropout_pu,0.1556481479782194,0.40721525424385013,0.559345785446638,0.0,0.0,0.0,0.20808506697017143,0.25556140772922026,0.3262501259735732,0.4500439743924333,0.6821820639026561,0.6572018237947264,0.5544364435600654,0.41899680258963107,0.38003912187493527,0.29664194692127577,0.15564814797821935
ADE_val_00001083,ade20k_resnest_semantic_cityscapes_0_00_dropout_pu,0.09431249609960234,0.37086978166435525,0.5868719250602158,0.0,0.0,0.0,0.1321133245513495,0.17732351566218527,0.25236224815232644,0.3636425115782426,0.6570072249101537,0.6268171581258156,0.5295025899411657,0.4222475845476444,0.39442709908592344,0.17562758308720514,0.09431249609960231
ADE_val_00000317,ade20k_resnest_semantic_cityscapes_0_00_dropout_pu,0.13834400955348772,0.3835827552682048,0.5648727647057828,0.7081660322990135,0.0,0.0,0.19356407632724532,0.2423631811815555,0.2979304052903759,0.3928243912374635,0.6908250671698746,0.6379931610906903,0.547361923060042,0.38818659806760686,0.3029374189917058,0.31840390902432814,0.13834400955348777
ADE_val_00000032,ade20k_resnest_semantic_cityscapes_0_00_dropout_pu,0.06912295479326762,0.34542447960292494,0.5146951035301175,0.0,0.0,0.0,0.09648276804005794,0.13092637884579694,0.20007396054329568,0.2943259896623394,0.44404497928918063,0.3981646355951981,0.37689035028233037,0.3120738142148873,0.28933812684115284,0.11910762974713618,0.06912295479326762
ADE_val_00000362,ade20k_resnest_semantic_cityscapes_0_00_dropout_pu,0.2504556529928863,0.37847065544611486,0.5213894937925205,0.0,0.0,0.0,0.31377640941785373,0.35154194436700864,0.3932355970235607,0.4586418136802039,0.5434010521167703,0.4875042455453269,0.4555032730337574,0.39714647232890293,0.36982800547800065,0.3342896128495901,0.2504556529928863
ADE_val_00001153,ade20k_resnest_semantic_cityscapes_0_00_dropout_pu,0.04844204665396804,0.4115028460753443,0.5360548079614889,0.0,0.0,0.0,0.06767335085856346,0.09082063804384807,0.1354139511800166,0.26300942838968017,0.579856908424843,0.5196760836949995,0.39528372413347346,0.23370905826569643,0.17539537731176247,0.2425478601443961,0.048442046653968056
ADE_val_00000174,ade20k_resnest_semantic_cityscapes_0_00_dropout_pu,0.04981891153029514,0.4213267537603141,0.5340991236863131,0.0,0.0,0.0,0.06810857692765888,0.0884512096591111,0.12733163904547165,0.2325241862266879,0.5651432330488114,0.5362558634333991,0.4358484573354843,0.23899950663828293,0.1923326650895436,0.1684023644194381,0.049818911530295135
ADE_val_00000881,ade20k_resnest_semantic_cityscapes_0_00_dropout_pu,0.32999885143531316,0.47141053461352894,0.5749257951050336,0.7356304815422346,0.0,0.0,0.44653546640445785,0.502001877781349,0.5538376816508526,0.630694549197854,0.7654762672214502,0.6978340369552265,0.5841572747721491,0.5178014825841861,0.4984350251198979,0.5711765570635489,0.32999885143531316
ADE_val_00000044,ade20k_resnest_semantic_cityscapes_0_00_dropout_pu,0.2509180631028678,0.37878556159480603,0.5473227657023915,0.0,0.0,0.0,0.31360819690535846,0.34794799200545057,0.38998754108857625,0.46599652709491757,0.6424496467968344,0.6053928892330035,0.5586848802795477,0.4248287623624823,0.40459736362598464,0.34634315382296754,0.2509180631028678
ADE_val_00001646,ade20k_resnest_semantic_cityscapes_0_00_dropout_pu,0.12945945658941543,0.36024047582181895,0.5231335131282768,0.0,0.0,0.0,0.17853942766900602,0.22845140265965522,0.2922993919008572,0.374253040910218,0.4977323199562098,0.470751882455262,0.38605633085498303,0.3187713385554117,0.28930257486383526,0.2290545243615786,0.1294594565894154
ADE_val_00000254,ade20k_resnest_semantic_cityscapes_0_00_dropout_pu,0.19842995711499786,0.38341615364652426,0.5293466747151053,0.0,0.0,0.0,0.26468820895144773,0.3176283328654348,0.37655133144008995,0.4555280365089068,0.5581837835065319,0.5150754408420438,0.46565407764967437,0.3095953565965098,0.27381646966106243,0.3588095025576312,0.1984299571149979
ADE_val_00000777,ade20k_resnest_semantic_cityscapes_0_00_dropout_pu,0.05434011597085729,0.3716923851731186,0.5281929550055439,0.0,0.0,0.0,0.07637477314644496,0.10353773214655643,0.15312749172296392,0.2482249536649693,0.5103617357714033,0.463053414633602,0.35795919029408013,0.281756590353543,0.2422850825798851,0.1990707433837705,0.0543401159708573
ADE_val_00000633,ade20k_resnest_semantic_cityscapes_0_00_dropout_pu,0.08807069037744278,0.3798023239852497,0.5267246892780652,0.0,0.0,0.0,0.12345568721329674,0.16331937463404805,0.2166433451905451,0.32146789518767765,0.4991816052621295,0.44507024565138137,0.3342437573133838,0.23865159731967225,0.1921355494934564,0.19241258479742185,0.08807069037744276
ADE_val_00000855,ade20k_resnest_semantic_cityscapes_0_00_dropout_pu,0.05893467985009253,0.3865835642625007,0.5459675294160053,0.0,0.0,0.0,0.08219624439378359,0.11065381736085525,0.16864224115915852,0.2912797109501927,0.5913091532880764,0.5507376901987056,0.4162258916781147,0.28469299909230855,0.2480414376582788,0.23607648720827631,0.05893467985009255
ADE_val_00001723,ade20k_resnest_semantic_cityscapes_0_00_dropout_pu,0.1309512701947292,0.40334198509183555,0.5475182547973237,0.0,0.0,0.0,0.17632367510904207,0.21762935421132112,0.2712675522479338,0.3824300913938289,0.6268743888164383,0.6004942483329129,0.5291215344456736,0.3583739087892456,0.3022446224836597,0.2909415920957651,0.1309512701947292
ADE_val_00001408,ade20k_resnest_semantic_cityscapes_0_00_dropout_pu,0.03634493906691029,0.3842962539501614,0.5377769699681183,0.0,0.0,0.0,0.05049552449400871,0.06812906133560724,0.1058248904745124,0.25006417784719365,0.5306461134153861,0.37485581705628973,0.21519245008883708,0.1042352893589098,0.08349990513855683,0.17032370693664206,0.03634493906691029
ADE_val_00000703,ade20k_resnest_semantic_cityscapes_0_00_dropout_pu,0.169132783489728,0.4000068491219519,0.5434290542927133,0.0,0.0,0.0,0.20971675827621963,0.24028947988661364,0.2862363672480863,0.39456673945659804,0.6276370354972122,0.5784261915967313,0.5120010736022348,0.3945984065157648,0.35216871891295204,0.2512150182471442,0.16913278348972793
ADE_val_00001933,ade20k_resnest_semantic_cityscapes_0_00_dropout_pu,0.12998890489358914,0.4476871547530691,0.5736828136498725,0.7274885150034315,0.0,0.0,0.17860776208371912,0.22768975626896526,0.3121694688410155,0.4864969049246167,0.7355683759928046,0.6703189583832113,0.6275686239439041,0.4575824494624578,0.43606418135255054,0.3290930326656017,0.12998890489358922
ADE_val_00000845,ade20k_resnest_semantic_cityscapes_0_00_dropout_pu,0.06910009710181882,0.35448345468500597,0.0,0.0,0.0,0.0,0.09607322686347658,0.12484278088487666,0.15934674631299958,0.21340446169168042,0.46049991216982983,0.4053526675363621,0.29926644518761825,0.22621992919210623,0.19034383061121338,0.19210254061002988,0.06910009710181882
ADE_val_00000189,ade20k_resnest_semantic_cityscapes_0_00_dropout_pu,0.5082384314411144,0.5965754811793399,0.6703757198815974,0.7560967128296826,0.0,0.0,0.6273204878536407,0.6890155676418392,0.7434943907509792,0.795328009285102,0.8725283039603289,0.8426009875308722,0.7910093160551288,0.7485531857239611,0.7162295648596815,0.6170635135471614,0.5082384314411144
ADE_val_00001401,ade20k_resnest_semantic_cityscapes_0_00_dropout_pu,0.2535199267731107,0.44655475047512566,0.5798088272095773,0.7284926683802666,0.0,0.0,0.3450636915779383,0.41194770450786883,0.48493417182977744,0.5859350400764787,0.7783879745746922,0.7579954620003772,0.7133846661418002,0.640860354939995,0.6057177977276408,0.4461822453740832,0.2535199267731107
ADE_val_00000817,ade20k_resnest_semantic_cityscapes_0_00_dropout_pu,0.03885511578573955,0.3831595461347613,0.5228599530046619,0.0,0.0,0.0,0.05390871362189084,0.07202975329596588,0.10846372082298925,0.22364745870991504,0.5571344384340056,0.5285400862859704,0.4071450315899767,0.22829195251738388,0.20724519776695566,0.20602230532028235,0.03885511578573955
ADE_val_00001543,ade20k_resnest_semantic_cityscapes_0_00_dropout_pu,0.0874986770128517,0.32986639142218416,0.0,0.0,0.0,0.0,0.1196562493616846,0.15033143642865424,0.1962560546294284,0.28971224853484606,0.3617153252123426,0.3200286615549606,0.27590636825018494,0.18359221946737014,0.1582452697237482,0.12985217969671708,0.08749867701285172
ADE_val_00001604,ade20k_resnest_semantic_cityscapes_0_00_dropout_pu,0.05591061603630498,0.3635902085226403,0.5259697922439174,0.0,0.0,0.0,0.07923185828409758,0.10990565700389071,0.17958728231406743,0.358138346277184,0.424651664228468,0.36398475408403536,0.294653419051504,0.19675825680486836,0.15557382407955556,0.26495481570106333,0.055910616036305
ADE_val_00001396,ade20k_resnest_semantic_cityscapes_0_00_dropout_pu,0.09706038100237252,0.36564543744183975,0.5130838647446786,0.0,0.0,0.0,0.13452782020878135,0.16858469414770624,0.223516976112712,0.33728737151303856,0.44750692795017744,0.3862930382045145,0.2866392419328871,0.21002363732642973,0.1870827312924265,0.2092456966372759,0.09706038100237252
ADE_val_00000051,ade20k_resnest_semantic_cityscapes_0_00_dropout_pu,0.09175153016840341,0.3717254531018601,0.5180495067175017,0.0,0.0,0.0,0.12702822623533355,0.1649543041746432,0.22290847729867075,0.33507810409876554,0.5330768076343583,0.4752849096763935,0.4191638766167502,0.31261460760162757,0.25733858583155267,0.27524128534630055,0.09175153016840341
ADE_val_00001653,ade20k_resnest_semantic_cityscapes_0_00_dropout_pu,0.17064541611978012,0.38300377260407187,0.5531171774299699,0.0,0.0,0.0,0.23276752215575505,0.3003783292685917,0.37295837969685586,0.4431861691650161,0.6130475756780449,0.5647955219305019,0.4565685854641497,0.38201485779124394,0.37062212245914605,0.3055977907002009,0.17064541611978012
ADE_val_00000662,ade20k_resnest_semantic_cityscapes_0_00_dropout_pu,0.059348999255974574,0.38878454627893777,0.5336325371218144,0.0,0.0,0.0,0.08288992470932116,0.11264046543593445,0.17604309197549872,0.34167254332420893,0.577835870073055,0.5634239495018871,0.4593771266605603,0.3669084194934213,0.35910045565725496,0.29440860152158166,0.05934899925597457
ADE_val_00000811,ade20k_resnest_semantic_cityscapes_0_00_dropout_pu,0.06888951563644728,0.376051571810344,0.5611494545117168,0.0,0.0,0.0,0.0953495348554092,0.12483422044766933,0.17809081884704034,0.28981138383510596,0.5435140705585504,0.43837021788932196,0.3323630582220293,0.23453292274941295,0.21759977552042936,0.1821432219606712,0.06888951563644732
ADE_val_00001453,ade20k_resnest_semantic_cityscapes_0_00_dropout_pu,0.08278114877585563,0.36938780099918,0.5478692583563681,0.0,0.0,0.0,0.11731055551473037,0.15097412093360318,0.19399300614832907,0.29377173758744907,0.4407624235716225,0.35331549827004105,0.20534102542055288,0.15377798091019598,0.15185943235550908,0.15154279729869188,0.08278114877585564
ADE_val_00001232,ade20k_resnest_semantic_cityscapes_0_00_dropout_pu,0.1598153238464235,0.3215313055185154,0.0,0.0,0.0,0.0,0.21934629074315276,0.2533418896937829,0.28118043801639464,0.3158133979501186,0.4017626897294174,0.3656306319517495,0.33471968765859644,0.31539803470913175,0.3020138911825673,0.18727702557858472,0.1598153238464235
ADE_val_00000734,ade20k_resnest_semantic_cityscapes_0_00_dropout_pu,0.06697375622916632,0.33678894414137356,0.0,0.0,0.0,0.0,0.09081405066605927,0.1160319769695727,0.15871224252750898,0.24082247662352607,0.38413676163013627,0.3421620448476055,0.27573519998734963,0.1586771808498896,0.14516242731044518,0.1210862043123083,0.06697375622916632
ADE_val_00001079,ade20k_resnest_semantic_cityscapes_0_00_dropout_pu,0.12214668430392196,0.426521936120364,0.5746875768984209,0.7076443734735075,0.0,0.0,0.17243340873785662,0.23035325228400164,0.3079047633755685,0.4524166730892898,0.6990480368255605,0.6732885262560298,0.5642013674873497,0.4374361446053536,0.38999171525007853,0.24959100907425957,0.12214668430392199
ADE_val_00001437,ade20k_resnest_semantic_cityscapes_0_00_dropout_pu,0.27321948220041387,0.4894435310443269,0.6221025618869791,0.7323276246082114,0.0,0.0,0.372329890283748,0.4445101861171819,0.5400712786684981,0.6749781849864344,0.7943269670224897,0.77845996238447,0.746893751771563,0.7316688252631589,0.7201260407965505,0.48074311951198445,0.2732194822004139
ADE_val_00000176,ade20k_resnest_semantic_cityscapes_0_00_dropout_pu,0.07320342563458657,0.3915202524816001,0.5310377061064089,0.0,0.0,0.0,0.10247234322372749,0.13850508396891573,0.20844787195982048,0.3459759172088597,0.578466246430512,0.5387583895104883,0.4948848804782813,0.4348883429465619,0.40655498852053257,0.2211502209849905,0.07320342563458657
ADE_val_00001610,ade20k_resnest_semantic_cityscapes_0_00_dropout_pu,0.10852424076112288,0.3646178167401314,0.6208695326358239,0.7362600748851873,0.0,0.0,0.15476531501803345,0.2095609838660132,0.2736932073079705,0.3633227356572694,0.6137015079925313,0.4118819727498327,0.37478446121652687,0.3206066946866798,0.2975126743315917,0.17927515118180948,0.10852424076112288
ADE_val_00001621,ade20k_resnest_semantic_cityscapes_0_00_dropout_pu,0.08756184577187137,0.3938479424105732,0.5436803367117735,0.0,0.0,0.0,0.12294335133403662,0.16039834154658675,0.21610487010092974,0.32402652468828885,0.6361561981577053,0.5759200344986829,0.48499261312842434,0.3814745409070471,0.3466161094411008,0.19215230241092499,0.08756184577187139
ADE_val_00001826,ade20k_resnest_semantic_cityscapes_0_00_dropout_pu,0.07209473905070274,0.4461230272470708,0.5588092759315159,0.0,0.0,0.0,0.0986520830312073,0.13151467951106272,0.19632335280364832,0.35425690900528967,0.6585912588741653,0.6304905530899859,0.5803628126367769,0.4082006652460596,0.3499711801177609,0.3442924875761791,0.07209473905070274
ADE_val_00001638,ade20k_resnest_semantic_cityscapes_0_00_dropout_pu,0.13805159355791952,0.3680886841719211,0.5177363429279481,0.0,0.0,0.0,0.19383359481867085,0.24745868110654565,0.29924834934818234,0.37472706150870816,0.5397788348727572,0.4958886522913967,0.4559718718405732,0.3935678174695349,0.36401913811887926,0.27812004456068967,0.13805159355791952
ADE_val_00001863,ade20k_resnest_semantic_cityscapes_0_00_dropout_pu,0.031235208215465188,0.39066495477258106,0.5168418256309506,0.0,0.0,0.0,0.04280280219288192,0.05681150449220912,0.08657434579471245,0.1946084285382782,0.4578377728397752,0.41621224312538174,0.33479491257682165,0.11400993098747414,0.08460106265681158,0.1254006747430345,0.031235208215465188
ADE_val_00001541,ade20k_resnest_semantic_cityscapes_0_00_dropout_pu,0.19212838778486183,0.40541114855423804,0.567944885381014,0.0,0.0,0.0,0.261845491786469,0.32586787272714696,0.3934989587461502,0.5035220809906107,0.6753120737522645,0.6522441783282252,0.5939604508323728,0.3767449654395113,0.33720789202767804,0.38312762341292256,0.19212838778486183
ADE_val_00001709,ade20k_resnest_semantic_cityscapes_0_00_dropout_pu,0.18795455586635704,0.3770115737444271,0.541242428949616,0.0,0.0,0.0,0.24715271610955308,0.2856409120197101,0.33581349683668965,0.42092280706367274,0.5961125129578321,0.5606622950501996,0.50512120559145,0.4418076564636943,0.43335026417929473,0.33841158044629777,0.18795455586635706
ADE_val_00000708,ade20k_resnest_semantic_cityscapes_0_00_dropout_pu,0.12080287017040707,0.42527773177370265,0.5568643169417643,0.0,0.0,0.0,0.17144382112285772,0.2352232577359763,0.3406166473435414,0.48147960149945984,0.6348925253044571,0.6095023987921064,0.5554469880290346,0.43278299319034974,0.3534972330909792,0.3144191651955205,0.12080287017040711
ADE_val_00000468,ade20k_resnest_semantic_cityscapes_0_00_dropout_pu,0.06922142667072304,0.37387725305499225,0.5152356152657709,0.0,0.0,0.0,0.0967190642157959,0.12825677696377258,0.17781980814569573,0.27156038884890343,0.5130793810452293,0.4740534940144359,0.38742563460923596,0.225179287397008,0.21223332914131393,0.1370604733967963,0.06922142667072304
ADE_val_00001687,ade20k_resnest_semantic_cityscapes_0_00_dropout_pu,0.1107934354238149,0.38985598319908776,0.5306352304541281,0.0,0.0,0.0,0.14856273688563912,0.1810402528732666,0.22237673995470175,0.3257597477163157,0.551099663518639,0.46726707272024376,0.3617391430478666,0.2508611824261251,0.21820612381244656,0.34871984028775266,0.11079343542381487
ADE_val_00000917,ade20k_resnest_semantic_cityscapes_0_00_dropout_pu,0.16793016897387392,0.44517770075653634,0.5683239146845683,0.7227711181443918,0.0,0.0,0.23472456570679925,0.30693816750423825,0.40644823426601895,0.5379111827568843,0.7268685078254713,0.7016710961684062,0.6357062183181964,0.5711161377265322,0.5390871612406049,0.35112337809815347,0.16793016897387394
ADE_val_00000958,ade20k_resnest_semantic_cityscapes_0_00_dropout_pu,0.02979842270765665,0.3351935164215331,0.0,0.0,0.0,0.0,0.0392591393254334,0.0500827538607751,0.07183913692007056,0.14809098560610393,0.2561998729255433,0.19738492346690034,0.12698238601323322,0.07665651306811319,0.06448955282116633,0.06884379106895167,0.029798422707656647
ADE_val_00001741,ade20k_resnest_semantic_cityscapes_0_00_dropout_pu,0.05833612760848842,0.40184767821511386,0.554462617589043,0.0,0.0,0.0,0.08113069200458826,0.10704299166207487,0.15573366745731357,0.26431130204991893,0.5897004178182274,0.5744694729110219,0.41883957893843254,0.273400030803755,0.2310787775609715,0.1967388012009575,0.05833612760848842
ADE_val_00000715,ade20k_resnest_semantic_cityscapes_0_00_dropout_pu,0.06197877134653457,0.4139599997114679,0.5382164291627931,0.0,0.0,0.0,0.08738700165382883,0.11931577711144971,0.1832408030007451,0.3585193382105769,0.61535611180767,0.5815289250576988,0.522255824460566,0.4410230783111998,0.41868759044770615,0.18822021844291387,0.06197877134653456
ADE_val_00000183,ade20k_resnest_semantic_cityscapes_0_00_dropout_pu,0.03508769562150524,0.3855606998185758,0.5087276629348406,0.0,0.0,0.0,0.048706213128160335,0.06527893459903054,0.10014856358386755,0.20739657476105305,0.4989370873336142,0.4431516988853507,0.40439361111470007,0.2068208176157028,0.14110577989427814,0.21082141845259644,0.035087695621505245
ADE_val_00001750,ade20k_resnest_semantic_cityscapes_0_00_dropout_pu,0.043608127849599665,0.47122049859569964,0.5482763424270763,0.0,0.0,0.0,0.059512682332298436,0.0783583521841931,0.1168051303154085,0.2560143263370762,0.6176331235760603,0.5980796007189819,0.4917826024896911,0.3370002002946346,0.25458285603648945,0.3595792127578063,0.043608127849599644
ADE_val_00000353,ade20k_resnest_semantic_cityscapes_0_00_dropout_pu,0.11861593211608885,0.39319111089579745,0.5978592491428644,0.7190836758407964,0.0,0.0,0.16671484149495613,0.21810254042348093,0.28545017323754596,0.39319111089579745,0.7303715499273775,0.7155888173480537,0.6315873495480048,0.4246583371859629,0.3782544274380255,0.3792659362843987,0.11861593211608884
ADE_val_00001181,ade20k_resnest_semantic_cityscapes_0_00_dropout_pu,0.08955696870918228,0.40748719659792126,0.5426153264777154,0.0,0.0,0.0,0.1255064826149526,0.1693142374735674,0.24467649446423895,0.39823645167168964,0.6049769528320239,0.5674933710384118,0.5289704569290691,0.474479136095912,0.4417145984561686,0.23560542242549073,0.0895569687091823
ADE_val_00001056,ade20k_resnest_semantic_cityscapes_0_00_dropout_pu,0.21011324776664164,0.4656723651979926,0.5811113980856435,0.7190693879916966,0.0,0.0,0.2907866940313553,0.3691009964827905,0.46826689440553393,0.5916889769545828,0.7354953068706004,0.7118105817093305,0.6840710357329444,0.5857590864724259,0.5364773054814325,0.35339035055994455,0.21011324776664167
ADE_val_00000516,ade20k_resnest_semantic_cityscapes_0_00_dropout_pu,0.16035133271973143,0.4406023100506514,0.585465118725473,0.7320141964041933,0.0,0.0,0.21964707961756405,0.27569597006614455,0.35214379524784734,0.5038884598921113,0.7680700780742771,0.7536652935703452,0.704020627272894,0.5146873214165307,0.46138456227034147,0.2919161062429688,0.16035133271973145
ADE_val_00000854,ade20k_resnest_semantic_cityscapes_0_00_dropout_pu,0.04288957888570873,0.32310662706053445,0.0,0.0,0.0,0.0,0.05948502689396867,0.07972119711915787,0.11874027483323107,0.18239340489131686,0.29525475465316947,0.2761598067013968,0.25741360112207795,0.19822400795533707,0.1823457783878701,0.12613471648145813,0.04288957888570873
ADE_val_00000742,ade20k_resnest_semantic_cityscapes_0_00_dropout_pu,0.1220871603151732,0.33381357633250736,0.504355488629713,0.0,0.0,0.0,0.16665526753410137,0.21231390269869443,0.2587309959449687,0.32201544417509725,0.45590267158494,0.3994042248609141,0.36307525253658823,0.33362955983289716,0.3177432928224392,0.19250807723184862,0.1220871603151732
ADE_val_00000335,ade20k_resnest_semantic_cityscapes_0_00_dropout_pu,0.2619226876202423,0.4318287712243539,0.5569936642814242,0.7207538957449062,0.0,0.0,0.3427449211665289,0.4068754493062042,0.4697939863888701,0.5453782559810657,0.6466927957468801,0.609542184784734,0.5430633389452011,0.5089032381430751,0.48907213153214923,0.319629445521807,0.26192268762024234
ADE_val_00001413,ade20k_resnest_semantic_cityscapes_0_00_dropout_pu,0.05504363180812666,0.3462578256842699,0.0,0.0,0.0,0.0,0.0746260266772314,0.09765517315877575,0.14384054323627377,0.25643593449968594,0.3758408627448103,0.3012078440873638,0.25770365959889047,0.13307708813256103,0.11107459781633447,0.17366765626042943,0.05504363180812666
ADE_val_00001126,ade20k_resnest_semantic_cityscapes_0_00_dropout_pu,0.05235372372500838,0.40033827490269486,0.5368503174289071,0.0,0.0,0.0,0.07353920613063276,0.10039729670397736,0.15434180721262158,0.2821951236457109,0.5806619801429296,0.5589198414403616,0.5288116803847155,0.3383581992110078,0.24580073223897703,0.23934838804955488,0.052353723725008385
ADE_val_00001920,ade20k_resnest_semantic_cityscapes_0_00_dropout_pu,0.26591755055554867,0.47220663331524954,0.5848459689336529,0.7346939766359031,0.0,0.0,0.3655243527504991,0.443165799384969,0.5265614197123971,0.6279497888220591,0.7615376819904967,0.7117412421038708,0.6164418113117777,0.4735514797731224,0.4212210505701121,0.43775947934927034,0.26591755055554867
ADE_val_00000297,ade20k_resnest_semantic_cityscapes_0_00_dropout_pu,0.2758965786707715,0.48567824719712555,0.5908899575739064,0.7233227228107172,0.0,0.0,0.37800293635262644,0.4534633917989084,0.5403038932009924,0.6378126087370244,0.7621962861932395,0.7338328840603219,0.7002595183323378,0.6332357221776099,0.5993380225454087,0.43843515524578913,0.2758965786707715
ADE_val_00000724,ade20k_resnest_semantic_cityscapes_0_00_dropout_pu,0.1322956918047427,0.3803640977621085,0.581463311917466,0.7309764330749429,0.0,0.0,0.18626952849374706,0.2403929863510548,0.3077594597320309,0.40688081984364705,0.73983014492872,0.6924928742974658,0.5963694196606617,0.41657456712187224,0.3864055199251544,0.22185142443199524,0.13229569180474268
ADE_val_00001802,ade20k_resnest_semantic_cityscapes_0_00_dropout_pu,0.08674816052383998,0.40431511445238083,0.547923364037635,0.0,0.0,0.0,0.12207546124614944,0.16680807451692783,0.2369577496029115,0.3669116153756226,0.6115170815486972,0.557721762854646,0.48426863139645937,0.3151495937557214,0.2762225114929102,0.2666260603870538,0.08674816052383999
ADE_val_00001253,ade20k_resnest_semantic_cityscapes_0_00_dropout_pu,0.04570730470832229,0.35501271410000473,0.5015198647551737,0.0,0.0,0.0,0.06218005623340425,0.08056862696948694,0.11516421644355969,0.19210730902374193,0.3236442185567877,0.2338064470199438,0.2039623308123809,0.15526169308762086,0.11643723463530403,0.09030224660406894,0.04570730470832228
ADE_val_00001900,ade20k_resnest_semantic_cityscapes_0_00_dropout_pu,0.10549779943426286,0.3601308359971817,0.5068237163922796,0.0,0.0,0.0,0.1499924900524157,0.20689252299832228,0.27634393805516655,0.36302281974976025,0.41766355169889374,0.3734183352896116,0.3061205473202534,0.24026745197577185,0.22880309307957095,0.22259211661506328,0.10549779943426285
ADE_val_00001440,ade20k_resnest_semantic_cityscapes_0_00_dropout_pu,0.15109548741641118,0.41964729757523295,0.5757109003386479,0.7258394807544944,0.0,0.0,0.20305735782078402,0.25262693854038376,0.3259489113026343,0.46308047208851283,0.7300302039802448,0.6497321261146719,0.5410290262343324,0.34242436434104534,0.2924517492560995,0.33261732128462174,0.1510954874164112
ADE_val_00001395,ade20k_resnest_semantic_cityscapes_0_00_dropout_pu,0.1895533738267326,0.4327712682118092,0.5472040748193084,0.7093845987871256,0.0,0.0,0.25681280277088314,0.3159045508287406,0.39920275527017574,0.5153433026083168,0.6363415120301579,0.5956452245657703,0.49736250463796916,0.4006003078637843,0.36126703150945616,0.39157253299733885,0.1895533738267326
ADE_val_00000607,ade20k_resnest_semantic_cityscapes_0_00_dropout_pu,0.16530373377922178,0.4102216818896324,0.5617380892259377,0.7171817750227106,0.0,0.0,0.21940408869599987,0.2705878744135315,0.3424297396299191,0.4631290342521139,0.692883065232447,0.654624125805579,0.605612708421414,0.4435394570309362,0.4222401783725193,0.3255490308090318,0.1653037337792217
ADE_val_00001797,ade20k_resnest_semantic_cityscapes_0_00_dropout_pu,0.077003821514022,0.37923048343131494,0.5210904890814129,0.0,0.0,0.0,0.1074446864849546,0.14403692295059756,0.21505885107758593,0.35107063563061275,0.5444605922168246,0.5247770242322776,0.4747242248267601,0.37152854553093123,0.35936603828759045,0.2490267673879811,0.077003821514022
ADE_val_00000964,ade20k_resnest_semantic_cityscapes_0_00_dropout_pu,0.2753054357343762,0.43845295834033177,0.5513187697940576,0.702093324641939,0.0,0.0,0.3750154364480749,0.4289266788659752,0.4883768916298978,0.5542707815768746,0.68766653001761,0.6586741342748317,0.5711708512877691,0.4957330124601227,0.4818964118008855,0.38870316358301027,0.27530543573437616
ADE_val_00000671,ade20k_resnest_semantic_cityscapes_0_00_dropout_pu,0.12773735106578724,0.36603928644824385,0.5052133601438912,0.0,0.0,0.0,0.18006762103596344,0.24308404255872762,0.32722068087866313,0.39861383479697454,0.4789105892613851,0.4523474441438542,0.416236237807977,0.35924305249714833,0.332368758151868,0.25991022056109453,0.12773735106578718
ADE_val_00001642,ade20k_resnest_semantic_cityscapes_0_00_dropout_pu,0.29176609110839985,0.4639936586750178,0.6045893421760631,0.763016259649474,0.0,0.0,0.3947815322252454,0.46078941647155913,0.5307887410706934,0.6491398129922462,0.8384588753909705,0.8268711004459568,0.804090448501004,0.7175912320504908,0.6698461700917683,0.5054573236372283,0.29176609110839985
ADE_val_00001323,ade20k_resnest_semantic_cityscapes_0_00_dropout_pu,0.08200051113814673,0.37038929254191116,0.5318108723632032,0.0,0.0,0.0,0.1158342524371847,0.15582852170081177,0.2194017496055588,0.31563096102259636,0.5691983097685877,0.5425845021899507,0.40754414070384415,0.26798594275850257,0.2444015178774562,0.21090069763385172,0.08200051113814674
ADE_val_00000749,ade20k_resnest_semantic_cityscapes_0_00_dropout_pu,0.22056342113146193,0.3555351289039259,0.5222369296107777,0.0,0.0,0.0,0.2742979374296533,0.3050866880458962,0.3413381884323119,0.39741859539036356,0.5550931242251727,0.5219428598717759,0.4759890115269727,0.3576383148814918,0.3176036412505388,0.27509152417025534,0.22056342113146196
ADE_val_00000895,ade20k_resnest_semantic_cityscapes_0_00_dropout_pu,0.15205712714686728,0.455715254475971,0.5791883336793858,0.7049083561961228,0.0,0.0,0.21298654566714398,0.2807535788372161,0.37365268701961546,0.5357539920217824,0.6845887603610398,0.6609978875274791,0.6084966657024812,0.49145833574000186,0.4573901275204882,0.29039963576042205,0.15205712714686723
ADE_val_00001528,ade20k_resnest_semantic_cityscapes_0_00_dropout_pu,0.15734135547002198,0.39854166413342085,0.5886277853395284,0.7159686906115994,0.0,0.0,0.21875959227680222,0.27368476239866896,0.3387130399094847,0.44948195681291053,0.7007251540650433,0.6277716473556013,0.4332107339604767,0.3318055740802272,0.31669892150693485,0.3282374142367574,0.15734135547002204
ADE_val_00001784,ade20k_resnest_semantic_cityscapes_0_00_dropout_pu,0.05440498454646767,0.3418361432153656,0.5146709323850204,0.0,0.0,0.0,0.07523429908588523,0.09928682560323755,0.13844566728183147,0.20795725595199904,0.43032817928154954,0.3324392201513001,0.23330888547092166,0.1786739932543591,0.1705428822376175,0.12512773889539897,0.05440498454646767
ADE_val_00001465,ade20k_resnest_semantic_cityscapes_0_00_dropout_pu,0.07660493566723132,0.3734876308146784,0.5307076881574702,0.0,0.0,0.0,0.10752067763693704,0.1454934574639021,0.21527089533106833,0.33961728511520595,0.5534084494564158,0.5286259811534503,0.45717460483540945,0.3579084939731891,0.32502803857751755,0.22728721085766687,0.07660493566723131
ADE_val_00000295,ade20k_resnest_semantic_cityscapes_0_00_dropout_pu,0.0496978057402258,0.36498765744719486,0.5241030269588028,0.0,0.0,0.0,0.06862414115855126,0.09164216708227495,0.13962782077480923,0.2742390199822402,0.5215631975176835,0.422391882442019,0.3711891379017495,0.2731468042062121,0.22934723057985754,0.19122987371507827,0.04969780574022581
ADE_val_00000921,ade20k_resnest_semantic_cityscapes_0_00_dropout_pu,0.07605018030912235,0.38743493871307727,0.5603144661778143,0.0,0.0,0.0,0.10587063359191529,0.13718792270937846,0.1878593500007794,0.2805094775041202,0.6379314852424475,0.4789007025684892,0.34252521465565006,0.2023856719261531,0.18204957274210185,0.18816097175893737,0.07605018030912235
ADE_val_00001712,ade20k_resnest_semantic_cityscapes_0_00_dropout_pu,0.07473927568884368,0.37886283573593155,0.5687634508626217,0.0,0.0,0.0,0.10486681668519836,0.1414918006086969,0.20899151073570704,0.32941121466629253,0.5777848920804626,0.43121252015198536,0.3049501566267767,0.15873450367425768,0.14335769663890072,0.20404691423881838,0.07473927568884368
ADE_val_00001305,ade20k_resnest_semantic_cityscapes_0_00_dropout_pu,0.17314167344328693,0.40109197331492247,0.5594381723560116,0.7128018771127312,0.0,0.0,0.23860772457123944,0.29817685688065776,0.3682706642221149,0.46915415424183693,0.7057575226216238,0.6606025744547872,0.5656379015592231,0.40667856057985186,0.33748869241789786,0.2874614632821864,0.17314167344328693
ADE_val_00001917,ade20k_resnest_semantic_cityscapes_0_00_dropout_pu,0.11728183070517051,0.34916032068773123,0.0,0.0,0.0,0.0,0.16123405108441025,0.2046914508493699,0.2610647609713135,0.33487938040806825,0.42467978667850526,0.3909421201070722,0.3282604178666568,0.27627970457528744,0.2605383894845275,0.28795129195428293,0.1172818307051705
ADE_val_00001854,ade20k_resnest_semantic_cityscapes_0_00_dropout_pu,0.0519790983573197,0.38886618120649774,0.5221198592973725,0.0,0.0,0.0,0.0721725997681834,0.09644863573851656,0.1448401074840233,0.2692264093033238,0.5342166589138831,0.49175922100804265,0.44229118178709975,0.3256041786306125,0.27245196262278687,0.16232321563039406,0.051979098357319696
ADE_val_00001447,ade20k_resnest_semantic_cityscapes_0_00_dropout_pu,0.08544197056616534,0.350727886866422,0.5409005200706951,0.0,0.0,0.0,0.11982958578330849,0.1537173269131591,0.20232451375850663,0.2962287317496658,0.4654376997915927,0.36076474155456983,0.2549723808500378,0.2124365581652122,0.18286475970730157,0.17390600518718372,0.08544197056616536
ADE_val_00000645,ade20k_resnest_semantic_cityscapes_0_00_dropout_pu,0.1768629481855475,0.40557436059324153,0.5470880981080739,0.0,0.0,0.0,0.23939187610546214,0.2894553831881058,0.3555674754936964,0.46695910769633525,0.648560637941288,0.6008374828296708,0.5697242370257694,0.43058288611500517,0.3614423208842026,0.33903267109215646,0.1768629481855475
ADE_val_00000544,ade20k_resnest_semantic_cityscapes_0_00_dropout_pu,0.15976373538131775,0.4017207879547931,0.5500785326947313,0.0,0.0,0.0,0.21580087273236728,0.2617281958939374,0.3232778310946066,0.4386462074152387,0.642026753000925,0.5964689131768638,0.5289662774007831,0.4463653569973323,0.43135426919817893,0.2485744789771484,0.1597637353813177
ADE_val_00001508,ade20k_resnest_semantic_cityscapes_0_00_dropout_pu,0.07945039662222857,0.3852004998700097,0.5321786071713339,0.0,0.0,0.0,0.11102276888224473,0.14888768757180557,0.21170185546889553,0.32886857316038287,0.5735657646822577,0.5336113377192327,0.42584236671551373,0.34121137430982434,0.3043786539756026,0.22899594634594883,0.07945039662222854
ADE_val_00001875,ade20k_resnest_semantic_cityscapes_0_00_dropout_pu,0.06499868792588698,0.33958734087856635,0.0,0.0,0.0,0.0,0.08856315512481325,0.11205061593220898,0.14518563049845487,0.19678418129218514,0.36050042180971614,0.30857790873038976,0.20816583526455637,0.1779466609979789,0.16182525278447069,0.11758639865564441,0.06499868792588698
ADE_val_00000898,ade20k_resnest_semantic_cityscapes_0_00_dropout_pu,0.1291550504808566,0.4445702387354289,0.5383076895004559,0.0,0.0,0.0,0.18342705072508697,0.24639918226651297,0.3341676904329496,0.4945348072635296,0.6405538042015145,0.5785663353376775,0.518100122623401,0.40174031505152263,0.35620360706463655,0.25012628118523145,0.12915505048085657
ADE_val_00000035,ade20k_resnest_semantic_cityscapes_0_00_dropout_pu,0.030153749412124026,0.3193109623788185,0.0,0.0,0.0,0.0,0.04173571118712386,0.05587932570796307,0.0850603922362482,0.16284850206838897,0.32003409404956024,0.2939901344322463,0.21963493935279962,0.1331294627978349,0.10919714202067744,0.0842037321650381,0.030153749412124023
ADE_val_00001501,ade20k_resnest_semantic_cityscapes_0_00_dropout_pu,0.047077807360045444,0.3642001689991782,0.5422745299254568,0.0,0.0,0.0,0.06498058478422587,0.08734855671032866,0.1368208308311201,0.27424121807806545,0.546244194582234,0.406998259433221,0.327226677220157,0.278575989588086,0.26906148316861833,0.21123635544437308,0.04707780736004544
ADE_val_00001855,ade20k_resnest_semantic_cityscapes_0_00_dropout_pu,0.031225634166177758,0.37345072729298034,0.0,0.0,0.0,0.0,0.04236506532377197,0.055172857390914654,0.08035427854800262,0.161000926207767,0.3433951504022294,0.2742982020380957,0.20243438497710123,0.11522629102060103,0.10925515842168945,0.11785652182440241,0.031225634166177758
ADE_val_00001020,ade20k_resnest_semantic_cityscapes_0_00_dropout_pu,0.24645383826609654,0.42867110894996685,0.5455836659961482,0.0,0.0,0.0,0.3390805682301807,0.4019544137620089,0.4649722112920112,0.5396202786141392,0.6204908455589788,0.598027178359449,0.537619877767697,0.46622278739658607,0.4302085616102508,0.4052222472446714,0.24645383826609651
ADE_val_00001489,ade20k_resnest_semantic_cityscapes_0_00_dropout_pu,0.14642297285752912,0.42539265176542607,0.5471371041286283,0.7084645060835469,0.0,0.0,0.19887865036150684,0.249215709198177,0.33281207571473753,0.4771595858230054,0.6073288447127603,0.5704917977005334,0.5327189783342658,0.3487133419516582,0.2969566144607794,0.3331875712895718,0.1464229728575292
ADE_val_00001223,ade20k_resnest_semantic_cityscapes_0_00_dropout_pu,0.14816790247650083,0.38237842875187406,0.5367364151426709,0.0,0.0,0.0,0.20605100493501427,0.2575788481726525,0.3173127572649402,0.4135806300612597,0.5855954770123012,0.5651343328602012,0.5118733840764168,0.39973644792030233,0.35860012666602353,0.27077731894247653,0.1481679024765008
ADE_val_00001260,ade20k_resnest_semantic_cityscapes_0_00_dropout_pu,0.09034425922784255,0.3644557474045849,0.5125379952730296,0.0,0.0,0.0,0.12803765056035,0.1755271838056609,0.25564476869119057,0.3338815568006386,0.43495064144905704,0.393449592147647,0.3601176378053809,0.22290160248091712,0.18057091732018746,0.2265652581534594,0.09034425922784255
ADE_val_00000502,ade20k_resnest_semantic_cityscapes_0_00_dropout_pu,0.06225994661661969,0.3713607485715836,0.52395800732864,0.0,0.0,0.0,0.08746309140269758,0.11940181541827176,0.18458660599920773,0.28484763681632175,0.5275950865541196,0.4560811104991532,0.3537747801695888,0.27915869719629,0.25789730960697627,0.2184998304468887,0.06225994661661966
ADE_val_00001205,ade20k_resnest_semantic_cityscapes_0_00_dropout_pu,0.048923608249095286,0.36657731514883846,0.5358360763998987,0.0,0.0,0.0,0.06657045046877494,0.08751922833751002,0.12884523105844886,0.23200440481472942,0.4078425797590186,0.32625276357021044,0.162071801386126,0.10258986350880266,0.09701443094418237,0.22045778088387674,0.04892360824909528
ADE_val_00001035,ade20k_resnest_semantic_cityscapes_0_00_dropout_pu,0.042533059197434275,0.34811999589063714,0.0,0.0,0.0,0.0,0.05926719892032265,0.07925589448500553,0.12028245063014749,0.22787754933444188,0.4403391745723132,0.3825456340067966,0.29030515365085735,0.2434142376104358,0.2197751238155974,0.14596853674571458,0.042533059197434296
ADE_val_00000034,ade20k_resnest_semantic_cityscapes_0_00_dropout_pu,0.03961737393561918,0.44812856849609617,0.5339866991761789,0.0,0.0,0.0,0.054417685177503006,0.07172930650638423,0.10538913972752394,0.21085123264449832,0.5736415022313442,0.46550410201006076,0.2710896268012878,0.1607838996992848,0.14767124333106782,0.2158110996115334,0.03961737393561916
ADE_val_00000551,ade20k_resnest_semantic_cityscapes_0_00_dropout_pu,0.10468681651547629,0.3902861335766742,0.5314774121791304,0.0,0.0,0.0,0.1421288305551637,0.18249517973543314,0.24990787386428936,0.3796481215964136,0.5826049722424869,0.5607706487410988,0.4991419406197594,0.3844013341867871,0.3137050255584544,0.23100074965092612,0.10468681651547629
ADE_val_00001177,ade20k_resnest_semantic_cityscapes_0_00_dropout_pu,0.05658611718019707,0.39947943672773223,0.5786339585753092,0.7148481273763148,0.0,0.0,0.0799034418728656,0.10921102190260093,0.1673002529337667,0.2925146537062925,0.6264311858557307,0.5503280142873912,0.3756856579705098,0.20057607945584774,0.1745480773678709,0.13073177194922145,0.056586117180197064
ADE_val_00001568,ade20k_resnest_semantic_cityscapes_0_00_dropout_pu,0.10586423560616724,0.36166029169838393,0.5392213556508075,0.0,0.0,0.0,0.1493308796169023,0.17828549064043545,0.20514207300003046,0.2730857535326081,0.5339904098123501,0.45170176376582527,0.35154286515156036,0.2598870195654446,0.23572710548327322,0.20479977193247517,0.10586423560616717
ADE_val_00001795,ade20k_resnest_semantic_cityscapes_0_00_dropout_pu,0.06038129827706001,0.36330925776168244,0.5065055507108472,0.0,0.0,0.0,0.08377284884079035,0.1108879151430856,0.14862938655920807,0.19252268115700438,0.47788564354579,0.4182971833836936,0.2095840412525001,0.138868136822827,0.13281436062996743,0.1587756202154434,0.060381298277060014
ADE_val_00001022,ade20k_resnest_semantic_cityscapes_0_00_dropout_pu,0.060254362600134365,0.5043160040614009,0.6843888901249734,0.7594047047882729,0.0,0.0,0.08414507673217109,0.11476627977771263,0.18249926009809941,0.40434189867964954,0.8171936724333597,0.8088692234502325,0.7765623500470926,0.5815358753389508,0.47745933997121365,0.3631349528893545,0.06025436260013438
ADE_val_00001860,ade20k_resnest_semantic_cityscapes_0_00_dropout_pu,0.048511616415018916,0.3314381060657883,0.0,0.0,0.0,0.0,0.06578685751809445,0.08548653615955845,0.12143137605436483,0.20119600041584584,0.28781846702902425,0.252255551683086,0.20898969218760907,0.12396635714445374,0.09188448325306488,0.07698765020596854,0.048511616415018916
ADE_val_00000513,ade20k_resnest_semantic_cityscapes_0_00_dropout_pu,0.1355182489564317,0.3848004134752159,0.5264009619189417,0.0,0.0,0.0,0.1839865080905397,0.22750976005643417,0.28280448802412644,0.3944529465448661,0.5213448842263402,0.4476979604665195,0.3795626132066776,0.27825308191369685,0.25087561586462015,0.2422980615805467,0.1355182489564317
ADE_val_00001411,ade20k_resnest_semantic_cityscapes_0_00_dropout_pu,0.06399402905507479,0.3954075552064574,0.5284850481289259,0.0,0.0,0.0,0.08978028137604985,0.12033249510261404,0.18294752127132333,0.3450870925437207,0.5136962387371815,0.44448348880080873,0.3533574463354906,0.21371144409314194,0.1792083847141293,0.2271691932170886,0.06399402905507479
ADE_val_00001402,ade20k_resnest_semantic_cityscapes_0_00_dropout_pu,0.06961217182734704,0.3357544736516265,0.547086403071858,0.0,0.0,0.0,0.09691824916892816,0.12743598169425566,0.17800598245650165,0.27070341121276165,0.5481561464725452,0.4561199077273258,0.3298425752547345,0.2647112776368345,0.23101327212246692,0.1710998254106022,0.06961217182734705
ADE_val_00000231,ade20k_resnest_semantic_cityscapes_0_00_dropout_pu,0.3363951263732893,0.5315110364477507,0.6062934309284468,0.7230858601638629,0.0,0.0,0.4622143427910854,0.5506225289168771,0.6172267052740664,0.67967925894847,0.7670885080944453,0.7441270724586484,0.6848554666956508,0.6213967748610129,0.614136077019673,0.5057427297604065,0.3363951263732894
ADE_val_00001374,ade20k_resnest_semantic_cityscapes_0_00_dropout_pu,0.0756282806531469,0.44066980088484675,0.5873843253810784,0.7255025093481029,0.0,0.0,0.10590841323538971,0.1444619430907075,0.22169251074203616,0.39609460372293537,0.7528451324882626,0.7199113508082843,0.6422291700479431,0.4999136322068717,0.44072428848969414,0.2849102313788825,0.0756282806531469
ADE_val_00000902,ade20k_resnest_semantic_cityscapes_0_00_dropout_pu,0.2423788295262114,0.5062395698576586,0.6363334954452033,0.770962953701237,0.0,0.0,0.32926639334107116,0.4200731633928984,0.5362424815398514,0.6970686902446781,0.8603779552294494,0.8487220760397628,0.8210666327060652,0.7442619469241396,0.6766891268587132,0.5858729310527572,0.2423788295262114
ADE_val_00001579,ade20k_resnest_semantic_cityscapes_0_00_dropout_pu,0.1297992134491924,0.3999660443883719,0.6012448477762116,0.724413654681339,0.0,0.0,0.18161440390827768,0.2453519052943643,0.33929478283184195,0.45444905690159515,0.7431680267281806,0.6935086646632673,0.634734877610427,0.46697610910708787,0.4393616449300444,0.31317328410091294,0.12979921344919237
ADE_val_00000087,ade20k_resnest_semantic_cityscapes_0_00_dropout_pu,0.1345921771945808,0.419224480512408,0.5457366973743227,0.0,0.0,0.0,0.19031398453391654,0.25939324428159005,0.368827073728953,0.4855433836349193,0.6548075780125224,0.6321825754302138,0.5833046614402445,0.46512085578072154,0.43127610163197233,0.3437808207663704,0.13459217719458086
ADE_val_00001763,ade20k_resnest_semantic_cityscapes_0_00_dropout_pu,0.058295266196625686,0.34578541836818183,0.0,0.0,0.0,0.0,0.08035866491732264,0.10721229240512799,0.15879275414099192,0.25342337805359544,0.3888064154123984,0.336727673772385,0.25282992091545037,0.17785891362787448,0.15510188485129878,0.10821930888124978,0.05829526619662569
ADE_val_00000688,ade20k_resnest_semantic_cityscapes_0_00_dropout_pu,0.31223250672186215,0.42704555282002254,0.5708935496393894,0.7027858032463621,0.0,0.0,0.3931072237875366,0.4390038586265707,0.49247501185882747,0.5804415376270377,0.6944233837216087,0.6756809781777939,0.6521481775017185,0.5910496297890995,0.574085112310344,0.3825318142625407,0.3122325067218621
ADE_val_00001968,ade20k_resnest_semantic_cityscapes_0_00_dropout_pu,0.10085870400745293,0.3854070238875057,0.5630657617415076,0.0,0.0,0.0,0.14252371993523213,0.19259429118054897,0.2638808669069127,0.37615435460866314,0.6699015784479854,0.6222274676949122,0.4971482889735247,0.3522268960370344,0.28976034759204483,0.2511532853488732,0.10085870400745289
ADE_val_00000698,ade20k_resnest_semantic_cityscapes_0_00_dropout_pu,0.1014090923936296,0.3774053788185975,0.5218837473906348,0.0,0.0,0.0,0.14196115291856903,0.1889102166688642,0.2580784950370298,0.3668093145058403,0.5332056891316664,0.5049246527907867,0.42014304988067275,0.37593027687012326,0.3451139013336402,0.2113996636437852,0.10140909239362958
ADE_val_00001796,ade20k_resnest_semantic_cityscapes_0_00_dropout_pu,0.07761612055505773,0.3616470465834162,0.5480692001787602,0.0,0.0,0.0,0.10751237070707628,0.14148085872062038,0.19715012711117436,0.2894623794591277,0.5643910783103974,0.47788250357628287,0.38799973545025024,0.3211178592823207,0.2875694126186789,0.19402537447024298,0.07761612055505772
ADE_val_00001688,ade20k_resnest_semantic_cityscapes_0_00_dropout_pu,0.23478443744446093,0.4522016895806422,0.5675014824642293,0.7070414311096421,0.0,0.0,0.3284506620006467,0.4128117441550584,0.49070414681749674,0.5821736487337622,0.6992895808475112,0.6711502168950304,0.5989120664138234,0.5341295681753782,0.5239709266425198,0.42775860442766744,0.23478443744446093
ADE_val_00001164,ade20k_resnest_semantic_cityscapes_0_00_dropout_pu,0.07208869324517166,0.3689517071570463,0.5366463465493041,0.0,0.0,0.0,0.10219173274801038,0.14128088475410036,0.21976851464733854,0.3342667331395162,0.5345060538061958,0.4610761073994118,0.3532054799795506,0.28822295003666254,0.2797842763168155,0.1792529629474581,0.07208869324517167
ADE_val_00000758,ade20k_resnest_semantic_cityscapes_0_00_dropout_pu,0.08986349598653742,0.36585318613351336,0.5181146488038415,0.0,0.0,0.0,0.12240384164009334,0.15664911412463306,0.19684457302854977,0.27774371122028485,0.4332454155584637,0.40770719902682584,0.30614136455468405,0.19789447807200666,0.17976545353463835,0.22971850431179877,0.08986349598653742
ADE_val_00001254,ade20k_resnest_semantic_cityscapes_0_00_dropout_pu,0.027633384158738533,0.33934660643855324,0.5189599044232536,0.0,0.0,0.0,0.03829587671465999,0.051387449241701605,0.07965931528641479,0.1793971659749792,0.36267149136856214,0.33527289402539195,0.25254119969708044,0.15952448844421152,0.1412698230777186,0.12766758769295466,0.027633384158738533
ADE_val_00001553,ade20k_resnest_semantic_cityscapes_0_00_dropout_pu,0.2044894223861295,0.35176559439835664,0.5259634270229079,0.0,0.0,0.0,0.2736378395876303,0.30399348819254995,0.33895366718827297,0.3871327581521208,0.48411561141330417,0.42609141715272,0.395287855599712,0.3527198952109796,0.3295541810534314,0.24562828147451185,0.2044894223861295
ADE_val_00000535,ade20k_resnest_semantic_cityscapes_0_00_dropout_pu,0.1546944654100055,0.454785717924484,0.5650882287571455,0.7131072303265811,0.0,0.0,0.2181793752823754,0.29248046224401536,0.4021445026614219,0.5370950883369641,0.7220516913474674,0.7046618332598017,0.6497707212064155,0.5496395569585335,0.5304558874201253,0.38228646144144046,0.15469446541000553
ADE_val_00001240,ade20k_resnest_semantic_cityscapes_0_00_dropout_pu,0.19943175480959308,0.4449947946065109,0.5630158964961928,0.7143658851076636,0.0,0.0,0.28064146339813795,0.3634972423557156,0.4517165143626106,0.5545611567839268,0.6960514681413045,0.6303826279985003,0.5850307901022563,0.5066190643322335,0.46763339459252484,0.3808909841099651,0.19943175480959305
ADE_val_00001219,ade20k_resnest_semantic_cityscapes_0_00_dropout_pu,0.10054793671262417,0.34551944481401803,0.5107072205807741,0.0,0.0,0.0,0.14139870484137693,0.1835997442083542,0.2323862284181965,0.3113694115070221,0.4617620975939703,0.41639213431712657,0.37877976464478486,0.2871974704602305,0.2700888747228136,0.16535616482003523,0.10054793671262416
ADE_val_00001263,ade20k_resnest_semantic_cityscapes_0_00_dropout_pu,0.36022984707067657,0.610234878426102,0.7404128070342899,0.8168058894749224,0.9198104343614085,0.9504790190859069,0.4966239834769932,0.6079968292740662,0.7506101511009923,0.8686868474237064,0.9469689814041111,0.9417795358610394,0.9259699872168033,0.8885716506928254,0.861691943660204,0.5067362263192043,0.3602298470706766
ADE_val_00000740,ade20k_resnest_semantic_cityscapes_0_00_dropout_pu,0.053466501656575,0.33651346191577075,0.0,0.0,0.0,0.0,0.07484770297251749,0.09923847025218413,0.1408700768741492,0.21933288532479103,0.34042784674291293,0.25918621336373454,0.21744453877746042,0.16632273964248853,0.15222970429546762,0.09383066812357327,0.053466501656575016
ADE_val_00001883,ade20k_resnest_semantic_cityscapes_0_00_dropout_pu,0.13503028270514653,0.4209768488975282,0.5681670065402551,0.7152963212659753,0.0,0.0,0.18854598493246144,0.24832580825092965,0.3367142076020014,0.47646960252680876,0.7211837250742275,0.6979222853128836,0.6566601718876278,0.5069164451139279,0.43766347544941026,0.3418857145328614,0.1350302827051465
ADE_val_00000201,ade20k_resnest_semantic_cityscapes_0_00_dropout_pu,0.2219397676901174,0.44711761118105564,0.5803132439296136,0.7281699148724291,0.0,0.0,0.29129049446387206,0.3456322961380859,0.4241901266314069,0.5549581121416471,0.7787850072791163,0.7594508647510565,0.6898610370679172,0.5634225597024148,0.5301103304923732,0.2825197940243155,0.22193976769011736
ADE_val_00000255,ade20k_resnest_semantic_cityscapes_0_00_dropout_pu,0.1455112988313487,0.40230135435314,0.5573494307871254,0.0,0.0,0.0,0.18693864555206843,0.22102917637083985,0.2665849481256935,0.371340723601033,0.6217230397301967,0.5635014727629094,0.46408420299755526,0.32673640799578585,0.292491040019531,0.2202219246000179,0.14551129883134864
ADE_val_00000953,ade20k_resnest_semantic_cityscapes_0_00_dropout_pu,0.03325486136145271,0.3297129328834317,0.0,0.0,0.0,0.0,0.04508100675307436,0.056382347228525,0.07266362506829287,0.12273666970635318,0.2071618337543326,0.15397807143665218,0.10322954099613975,0.06762610186934241,0.06035162053128995,0.034816237197323324,0.03325486136145271
ADE_val_00001337,ade20k_resnest_semantic_cityscapes_0_00_dropout_pu,0.22161232158064578,0.48902973762258645,0.6246737396732392,0.7617429653505912,0.0,0.0,0.30697903791928055,0.3907630114004912,0.49637497808837394,0.6549012916783779,0.84858409843288,0.8412678797881981,0.8030282967459434,0.7128644709185217,0.6604227164054468,0.4887549741620807,0.2216123215806457
ADE_val_00000397,ade20k_resnest_semantic_cityscapes_0_00_dropout_pu,0.08824573496957643,0.3503267556971574,0.0,0.0,0.0,0.0,0.11751842691098709,0.146971198309134,0.18957698774247478,0.2612538588331541,0.42583143722971584,0.35217059195900696,0.25096269870993104,0.13533593595104904,0.1236846331238487,0.1893470799313903,0.08824573496957643
ADE_val_00000496,ade20k_resnest_semantic_cityscapes_0_00_dropout_pu,0.028448473983358584,0.3380148979846587,0.0,0.0,0.0,0.0,0.03886691480615013,0.05155457150929758,0.07906829529016428,0.1771203340273658,0.3954649063240798,0.32113096979192823,0.2637834233099517,0.1481313799400657,0.11033020403396508,0.133520921829125,0.028448473983358584
ADE_val_00001214,ade20k_resnest_semantic_cityscapes_0_00_dropout_pu,0.0875294024821032,0.3747132774373949,0.5269351470435378,0.0,0.0,0.0,0.12205297477097979,0.16250979087229042,0.22896646489329137,0.3380076559614149,0.5559849988038913,0.5134257271999038,0.39696294525200315,0.31680513621360445,0.29955803476375753,0.26686763196464974,0.0875294024821032
ADE_val_00000937,ade20k_resnest_semantic_cityscapes_0_00_dropout_pu,0.1571870429210765,0.3840586120911517,0.5663663430184271,0.7081988948758668,0.0,0.0,0.21488721235547056,0.26446541110474464,0.3198973122237985,0.4151205701302009,0.6923739348077156,0.6590107898954873,0.5597339037984264,0.37648910670278696,0.33956100850336196,0.23046052385259044,0.15718704292107655
ADE_val_00000495,ade20k_resnest_semantic_cityscapes_0_00_dropout_pu,0.2361467294671689,0.4678186260479303,0.5934313710903758,0.7442933454950033,0.0,0.0,0.33482619279009673,0.42319847848895464,0.5097119597508436,0.6253304052872074,0.8403397252147792,0.8108555381121036,0.7678134413575548,0.6721090496640492,0.6465142572805502,0.40770171058410565,0.23614672946716886
ADE_val_00001198,ade20k_resnest_semantic_cityscapes_0_00_dropout_pu,0.13058227591457042,0.44556314393724333,0.5987208618065866,0.7369893920686211,0.0,0.0,0.18514865356467644,0.25002058203310895,0.3506533692760423,0.5130642513014159,0.7903979411167974,0.7671139894775407,0.7092515778158044,0.6150534948561408,0.5876718275821599,0.40659633928255867,0.13058227591457044
ADE_val_00001180,ade20k_resnest_semantic_cityscapes_0_00_dropout_pu,0.06547669671559735,0.43722951197768284,0.5635345675434553,0.7037032073259843,0.0,0.0,0.09171148502248795,0.12498881618989903,0.19802377909697802,0.35724196875683595,0.6705536800255905,0.6161976458804073,0.5364510794928008,0.4042988412979866,0.3424831838201539,0.3253834507964961,0.06547669671559735
ADE_val_00000885,ade20k_resnest_semantic_cityscapes_0_00_dropout_pu,0.06682027536495132,0.39457316589775154,0.5220781040507434,0.0,0.0,0.0,0.09285177003090717,0.12467146409937246,0.189648276188222,0.3371566252001647,0.5441350598394145,0.5116579318616229,0.43194229774532356,0.36192919910800975,0.3528885721215078,0.17850475893901185,0.06682027536495132
ADE_val_00000132,ade20k_resnest_semantic_cityscapes_0_00_dropout_pu,0.11989371789365254,0.37593457849410783,0.5418587718152362,0.0,0.0,0.0,0.16542317067349294,0.2145702912927972,0.2867298067952849,0.3903331931921331,0.5564702994342772,0.49454608889384416,0.42156789297566805,0.3844111053843042,0.36391846561630414,0.22362506998932608,0.11989371789365254
ADE_val_00000272,ade20k_resnest_semantic_cityscapes_0_00_dropout_pu,0.10138776643387981,0.3613528097079335,0.547017149379169,0.0,0.0,0.0,0.14042905783359946,0.17847300534205898,0.2254873319757513,0.3080800556917747,0.5634592025471724,0.4688443949340075,0.3990979964530137,0.29481165872057113,0.267156306860485,0.18173564937253495,0.10138776643387981
ADE_val_00000250,ade20k_resnest_semantic_cityscapes_0_00_dropout_pu,0.15382218328230296,0.39243405562427985,0.5639129617967377,0.0,0.0,0.0,0.2155371694261172,0.2791163442806276,0.35565967672843246,0.4530874422669898,0.65512741381243,0.6302499156337121,0.5803036716275334,0.3843420949438338,0.362446563273946,0.29357825351181244,0.153822183282303
ADE_val_00000884,ade20k_resnest_semantic_cityscapes_0_00_dropout_pu,0.07014072934224316,0.3983967863833354,0.5626753042318674,0.0,0.0,0.0,0.0979581641995798,0.13251786298392293,0.20439560425740405,0.3422731423997931,0.5966498338755831,0.432457763944165,0.28841242005691947,0.20222393710613454,0.15793257642727956,0.2880130066613692,0.07014072934224318
ADE_val_00001268,ade20k_resnest_semantic_cityscapes_0_00_dropout_pu,0.1266799501962227,0.4020976563023171,0.5223854896514477,0.0,0.0,0.0,0.17429024520675743,0.22853476953129365,0.31917622795395423,0.44186619140566186,0.5575968880421741,0.5103522526971064,0.42936522783037323,0.29231283462185165,0.24026092853614114,0.29895292531189194,0.1266799501962227
ADE_val_00000538,ade20k_resnest_semantic_cityscapes_0_00_dropout_pu,0.08674531268929384,0.4342770382529258,0.5806684500398286,0.0,0.0,0.0,0.11635364806377801,0.1445686284421909,0.19015679717583372,0.27735871973300613,0.6199186169259725,0.6046500130830712,0.47341198889156066,0.22760278425304456,0.17212834418397938,0.1875580567873456,0.08674531268929382
ADE_val_00001393,ade20k_resnest_semantic_cityscapes_0_00_dropout_pu,0.22553596196261017,0.44291656376874466,0.5927580398107631,0.7326836275959934,0.0,0.0,0.3106060519930397,0.376179510625235,0.45446412565472105,0.5799305866775004,0.7678203788867884,0.7527242682861836,0.6630280638763155,0.4592920003621455,0.37430166015594696,0.3610253628877924,0.22553596196261008
ADE_val_00001598,ade20k_resnest_semantic_cityscapes_0_00_dropout_pu,0.25572118193595894,0.48346475735962074,0.6033151181550346,0.732869670141892,0.0,0.0,0.33467820100684087,0.40587940327460625,0.5051021644127037,0.6394010087379116,0.815999910651457,0.7867633984575495,0.7340990965480089,0.6767094196387734,0.6520358555024628,0.503174811749011,0.255721181935959
ADE_val_00000490,ade20k_resnest_semantic_cityscapes_0_00_dropout_pu,0.10867996428432124,0.38300407002464,0.563811050508604,0.0,0.0,0.0,0.14719483829413416,0.18188707620769087,0.2335414111392156,0.33837593926038506,0.6045176822110168,0.5685757646587652,0.33269488349167553,0.20353409495651195,0.173780137429762,0.22186130899925538,0.10867996428432126
ADE_val_00001047,ade20k_resnest_semantic_cityscapes_0_00_dropout_pu,0.16976019963135655,0.41160900422437796,0.5554919878583836,0.7259660157597834,0.0,0.0,0.2235969541241857,0.26538466374827774,0.3352113233916424,0.4602359210808555,0.7235023258553172,0.6719426932861221,0.5871118738580132,0.4640412195203,0.44656580833979614,0.36730361199608774,0.16976019963135655
ADE_val_00000661,ade20k_resnest_semantic_cityscapes_0_00_dropout_pu,0.21779270152702032,0.42235887352220575,0.5406115490935992,0.0,0.0,0.0,0.30400539409775207,0.37586252307252327,0.4430359033090641,0.5184988743414187,0.6139455355833325,0.5874617844330092,0.5438632599165958,0.44385892952447764,0.39861478986919663,0.3554825226385087,0.21779270152702032
ADE_val_00000664,ade20k_resnest_semantic_cityscapes_0_00_dropout_pu,0.12013403873184449,0.39243033782826264,0.5468213413925667,0.0,0.0,0.0,0.16980436895599385,0.22490939817276245,0.28216935979850244,0.39851613478887604,0.6280132365809319,0.5805111060117947,0.4900152643263489,0.3415410918409668,0.30924328274236335,0.22822166437117158,0.12013403873184451
ADE_val_00000106,ade20k_resnest_semantic_cityscapes_0_00_dropout_pu,0.21162582513346395,0.45838090668678844,0.582335526106368,0.7241252462904489,0.0,0.0,0.2914419919427011,0.362076632074123,0.4527214123101725,0.5817677420179459,0.7348755590172926,0.6800066102107523,0.6111110283165342,0.5146490227103563,0.4930988991916304,0.385041128445511,0.211625825133464
ADE_val_00001436,ade20k_resnest_semantic_cityscapes_0_00_dropout_pu,0.17161046621405443,0.3818854653663396,0.5620863992358948,0.0,0.0,0.0,0.23410342768514927,0.27542991165315395,0.3299953207303602,0.4232852379899077,0.6477032321292154,0.6162861696812901,0.566302161180602,0.4488758303552938,0.4005087447571017,0.3375382756186941,0.17161046621405446
ADE_val_00000316,ade20k_resnest_semantic_cityscapes_0_00_dropout_pu,0.08103544842812786,0.3821461241322227,0.5319064877403251,0.0,0.0,0.0,0.11282020727051877,0.1489755321440864,0.20553498697854064,0.31472789955689534,0.5838129412087424,0.527169301883117,0.4216294127830335,0.3228257036490859,0.2687116103334631,0.19200492413956802,0.08103544842812785
ADE_val_00000828,ade20k_resnest_semantic_cityscapes_0_00_dropout_pu,0.0943935613331862,0.41185286186192877,0.5805374061629153,0.711913635357314,0.0,0.0,0.13191702769498997,0.17517848844249015,0.24797025805193357,0.37974789057169756,0.6853841528459523,0.6316732854851344,0.5660795786530809,0.45463427686693564,0.42068315683557866,0.30678326994565813,0.0943935613331862
ADE_val_00001309,ade20k_resnest_semantic_cityscapes_0_00_dropout_pu,0.13428702916729307,0.3764642494500917,0.5390199838621735,0.0,0.0,0.0,0.1790251198664476,0.21558294818395193,0.2623173952185461,0.35359225186722154,0.6101446112976906,0.539237466943997,0.4865591252810431,0.35171292187337033,0.2887509026747688,0.23109924197572257,0.1342870291672931
ADE_val_00000702,ade20k_resnest_semantic_cityscapes_0_00_dropout_pu,0.0890506615947697,0.3521495242431135,0.5599105191365005,0.0,0.0,0.0,0.12413809704874033,0.16756030813971765,0.24860311562369453,0.349295510583092,0.5098299696352898,0.4101462607482643,0.35749822080106747,0.26151470788172543,0.2060294478919544,0.21274184080946223,0.0890506615947697
ADE_val_00001995,ade20k_resnest_semantic_cityscapes_0_00_dropout_pu,0.060104439035080275,0.37971615288234123,0.5429023370684497,0.0,0.0,0.0,0.08268232093717366,0.11028602211844958,0.16435207185977682,0.2974187525448154,0.5762896342235673,0.46085379711816726,0.4101665916820586,0.26693638642360384,0.2354919146257971,0.21677933120445705,0.060104439035080254
ADE_val_00001281,ade20k_resnest_semantic_cityscapes_0_00_dropout_pu,0.06290473758758727,0.34910889237940285,0.0,0.0,0.0,0.0,0.0865684039727889,0.11382908735303833,0.16190690923534712,0.24950611919648477,0.3971361625885049,0.33399619001914205,0.2569308113424178,0.15344724283765226,0.13623513542258267,0.07873780723532509,0.06290473758758727
ADE_val_00001838,ade20k_resnest_semantic_cityscapes_0_00_dropout_pu,0.025905313075449306,0.3822942882450943,0.5028507553513736,0.0,0.0,0.0,0.035189136235834445,0.046384220713086816,0.07029424755874338,0.15236459244870296,0.392205536014793,0.230310535896176,0.16077739070487546,0.09997369046256402,0.09800875422972107,0.07053133883997692,0.0259053130754493
ADE_val_00000058,ade20k_resnest_semantic_cityscapes_0_00_dropout_pu,0.22579852820416574,0.3593417927292379,0.5303902985445638,0.0,0.0,0.0,0.27466411804643565,0.30609130474125457,0.3433062337796409,0.4037834257527539,0.5499687872512136,0.47745250202472805,0.41840489259930136,0.39047676470223425,0.36291423913867304,0.3136127941157767,0.2257985282041658
ADE_val_00000438,ade20k_resnest_semantic_cityscapes_0_00_dropout_pu,0.12460415424338993,0.39524387966386937,0.5402485587587954,0.0,0.0,0.0,0.170224650276313,0.20858179489492448,0.2614329092336984,0.37617763804671667,0.59096900356512,0.5127466670403343,0.46053556655867545,0.35078868640951244,0.31237678554589554,0.27716764670129734,0.12460415424338991
ADE_val_00000447,ade20k_resnest_semantic_cityscapes_0_00_dropout_pu,0.06838390624480747,0.4480439206653283,0.6026013128951363,0.7407752917827632,0.0,0.0,0.09545423311163938,0.12780733536547023,0.18823796578965543,0.33582101861190294,0.7568457810080063,0.6743895876826701,0.4594229678615178,0.27812262393620485,0.26596376963814067,0.25668955728031445,0.06838390624480747
ADE_val_00001113,ade20k_resnest_semantic_cityscapes_0_00_dropout_pu,0.13074434116751643,0.4487737680306449,0.5650285708552685,0.7042779355869361,0.0,0.0,0.18618063630131568,0.25966338616596085,0.34549701595526416,0.502114123676945,0.5886918699855169,0.5612223990661414,0.40838545290828226,0.33223101756050566,0.3038967523700149,0.40965387764877226,0.13074434116751646
ADE_val_00001124,ade20k_resnest_semantic_cityscapes_0_00_dropout_pu,0.05930907796048195,0.3766337116170539,0.5450469049070391,0.0,0.0,0.0,0.0831658312609909,0.1124033872071402,0.16112396169442034,0.23286947919339274,0.5611512830868126,0.461006044896744,0.30125850337730964,0.19054404948952527,0.17012673177320775,0.1782791863097253,0.05930907796048196
ADE_val_00001928,ade20k_resnest_semantic_cityscapes_0_00_dropout_pu,0.14841468479997674,0.42547241034350447,0.5842386284070177,0.7028329342132486,0.0,0.0,0.2064494272507825,0.27136560209857546,0.36981034962936454,0.4993960610540517,0.6893097152211033,0.6748106160064699,0.6298889978126962,0.48493325694960626,0.4430019593010574,0.3775666384164943,0.14841468479997674
ADE_val_00000687,ade20k_resnest_semantic_cityscapes_0_00_dropout_pu,0.09253005266843903,0.37298249370290704,0.5348209058145261,0.0,0.0,0.0,0.13048964656979078,0.17316530911641878,0.22628204970344457,0.33126820739281043,0.5818027454823763,0.4722285711800901,0.406596683952694,0.31580649477777945,0.2853344112462179,0.23387598108165514,0.092530052668439
ADE_val_00001513,ade20k_resnest_semantic_cityscapes_0_00_dropout_pu,0.09753942434848384,0.3797496914286229,0.5350240751389729,0.0,0.0,0.0,0.13451989359167885,0.17120159741467778,0.21957552667753016,0.31162966202010595,0.5563306852271335,0.495428703738649,0.3937445223573788,0.3099532608457851,0.26127136155417324,0.22296079653938097,0.09753942434848382
ADE_val_00001161,ade20k_resnest_semantic_cityscapes_0_00_dropout_pu,0.11224505247427227,0.42616483672478783,0.5550330518830008,0.0,0.0,0.0,0.1570776842658212,0.20533891964986745,0.27645824674878344,0.42206036008344044,0.6488610572241916,0.6070492660912361,0.5704722100946844,0.45859290705525235,0.38235574723189814,0.2778408789787869,0.1122450524742723
ADE_val_00000815,ade20k_resnest_semantic_cityscapes_0_00_dropout_pu,0.092807503553459,0.3723654321543651,0.533344177518307,0.0,0.0,0.0,0.13035324105971846,0.17398973711290297,0.2126218425471144,0.27050494952668336,0.5569330055121479,0.5147021239718667,0.3505897591377611,0.2584402663811171,0.23415721313194904,0.1956521766466131,0.09280750355345899
ADE_val_00001753,ade20k_resnest_semantic_cityscapes_0_00_dropout_pu,0.040550288302196924,0.0,0.0,0.0,0.0,0.0,0.05608077135110075,0.07452721883396908,0.10482680806313802,0.162028721740167,0.25936228424536734,0.2151411911252697,0.11482629913312219,0.07946633404629756,0.06709059396774864,0.08360008388710502,0.04055028830219692
ADE_val_00000583,ade20k_resnest_semantic_cityscapes_0_00_dropout_pu,0.04898318206931336,0.3820247086255736,0.5359333278819619,0.0,0.0,0.0,0.06570847356117229,0.08410555688168424,0.11746444087639873,0.18741358812112907,0.5137282460608421,0.4318938270384862,0.278307704535659,0.13771426508299148,0.11952249363430399,0.1963774808681606,0.048983182069313375
ADE_val_00001394,ade20k_resnest_semantic_cityscapes_0_00_dropout_pu,0.1494833128726037,0.45460287492173207,0.5854520504027622,0.7160817072858937,0.0,0.0,0.20688654291472547,0.27350951808541574,0.3798054904813786,0.5404947565761078,0.7236087165299714,0.703666773758749,0.6103217375444157,0.4814779586904171,0.44613821465971987,0.3836807295211988,0.1494833128726037
ADE_val_00001676,ade20k_resnest_semantic_cityscapes_0_00_dropout_pu,0.16658800604462498,0.45467504365855765,0.5654219374084416,0.7156557582617717,0.0,0.0,0.23612165885185482,0.3177449903233138,0.42416622926863473,0.5582208048432596,0.7339116949634088,0.711689284982281,0.6628769815271128,0.576897447477571,0.5581543767951672,0.38589569877819696,0.166588006044625
ADE_val_00000388,ade20k_resnest_semantic_cityscapes_0_00_dropout_pu,0.11380720657824195,0.3582465754431721,0.5482119283561159,0.0,0.0,0.0,0.16039455068501907,0.21246389064352023,0.2724225539131999,0.35269170579682724,0.54416947483783,0.46453097727061293,0.41014892298942096,0.32244928656402666,0.29252030458901673,0.19658026555831115,0.11380720657824192
ADE_val_00001179,ade20k_resnest_semantic_cityscapes_0_00_dropout_pu,0.026467183430707367,0.37662603390405286,0.0,0.0,0.0,0.0,0.03628650397894876,0.048065867124337885,0.07269870977458773,0.15613459002104116,0.43829267886659473,0.2983947318553028,0.2269187242676626,0.12093908395733038,0.09310197232200669,0.04827805877466367,0.026467183430707364
ADE_val_00001914,ade20k_resnest_semantic_cityscapes_0_00_dropout_pu,0.1775438552167662,0.3897222662118066,0.536880265117373,0.0,0.0,0.0,0.24403429576442726,0.31044697042632935,0.37890585791440123,0.45554666562266966,0.6125807123167097,0.5901435347735572,0.5393947700068646,0.4661372095456872,0.40824754916818273,0.3153817014014014,0.1775438552167662
ADE_val_00001050,ade20k_resnest_semantic_cityscapes_0_00_dropout_pu,0.22170852113921508,0.42401781995780097,0.547525705417254,0.0,0.0,0.0,0.30612738462555167,0.3716166798453303,0.4411031237745607,0.5260331545968928,0.6455037755616041,0.6136913937363052,0.5544197108004318,0.47096074341878513,0.4638435626319087,0.3294989313645512,0.22170852113921502
ADE_val_00000875,ade20k_resnest_semantic_cityscapes_0_00_dropout_pu,0.15236645213815092,0.40264588478750996,0.5306455531971161,0.0,0.0,0.0,0.21140256295364962,0.25823950771942855,0.3177869160749088,0.43387051602644333,0.5858247395138779,0.5080692821716108,0.37522038423983356,0.29768715548652674,0.2799405750356759,0.25269715509306817,0.15236645213815098
ADE_val_00000347,ade20k_resnest_semantic_cityscapes_0_00_dropout_pu,0.1716411210859663,0.4563004589377102,0.6001543745644538,0.7346285837016339,0.0,0.0,0.23735382277791295,0.29965212062500113,0.379791470451033,0.5496973117122101,0.7254287873168006,0.6632683990498568,0.5907318343976381,0.4435285083402073,0.388893193230953,0.41428388500489777,0.17164112108596624
ADE_val_00000286,ade20k_resnest_semantic_cityscapes_0_00_dropout_pu,0.27988716044025985,0.47018080719818234,0.5664370204557226,0.7232584357524219,0.0,0.0,0.3874779237018483,0.4704157840557544,0.5290226204500751,0.6023609914954469,0.7497087507019919,0.739012883524494,0.6945713758993697,0.5819751581206526,0.5698141600247102,0.4509971790281549,0.2798871604402599
ADE_val_00000736,ade20k_resnest_semantic_cityscapes_0_00_dropout_pu,0.2272081627136323,0.42615259502473074,0.5622844080764277,0.7039883448011105,0.0,0.0,0.29439843223318607,0.3447767396201116,0.41439187217853607,0.5288718527984311,0.6333376584643813,0.6015267500313507,0.5114787665856009,0.4280491412698018,0.4014180619407803,0.3608718818931277,0.22720816271363234
ADE_val_00001781,ade20k_resnest_semantic_cityscapes_0_00_dropout_pu,0.044663241456007946,0.36102438802588827,0.5711421195169218,0.7108813404704529,0.0,0.0,0.06261145902166661,0.08494040268863855,0.1323513272154851,0.24356067046038513,0.5450252307265404,0.39550802870530816,0.30908334856681363,0.2579234736657344,0.22915713713324795,0.13262518050666938,0.044663241456007946
ADE_val_00001061,ade20k_resnest_semantic_cityscapes_0_00_dropout_pu,0.17678463372833667,0.4162770819042671,0.5592084684890343,0.7116182693375114,0.0,0.0,0.23258263004387628,0.2760124794418789,0.33560042558037534,0.4612645298413744,0.7151163375857366,0.7014827044216156,0.6317687057456013,0.5071384448226751,0.42786358183764633,0.3459220884009156,0.17678463372833664
ADE_val_00001461,ade20k_resnest_semantic_cityscapes_0_00_dropout_pu,0.1121793716406453,0.38387884674355505,0.5321241484084256,0.0,0.0,0.0,0.15597736426255884,0.20487539141811983,0.2751756339485741,0.3920107606331602,0.5809450727324503,0.5351477238712223,0.4617517926508552,0.3620100330221892,0.3199190402328195,0.24013832198837043,0.11217937164064531
ADE_val_00001391,ade20k_resnest_semantic_cityscapes_0_00_dropout_pu,0.07962501982485223,0.3416885421685062,0.0,0.0,0.0,0.0,0.10921096577011431,0.1398232003440073,0.18438818692730588,0.2660854770689359,0.41196814496383866,0.3718510671996833,0.30730938841687633,0.20601078353088684,0.18085500715699912,0.10654806366589697,0.07962501982485222
ADE_val_00001054,ade20k_resnest_semantic_cityscapes_0_00_dropout_pu,0.1564360203963564,0.3599815463940352,0.5175833788059764,0.0,0.0,0.0,0.21384969648615818,0.26745958756340255,0.3340266972686967,0.39501205323865074,0.5217547689653732,0.4873082455938939,0.4446465052883598,0.3920324383297045,0.38139709043138426,0.2755437238756937,0.15643602039635643
ADE_val_00000996,ade20k_resnest_semantic_cityscapes_0_00_dropout_pu,0.04378874349238049,0.3789593623138138,0.5454877078053062,0.0,0.0,0.0,0.06070594245929277,0.08191445983587758,0.12755287709795318,0.24475610135580883,0.5765775730912257,0.4291118909901141,0.32490466011929264,0.2427008933725306,0.2298945548234397,0.13577782002589125,0.04378874349238048
ADE_val_00001450,ade20k_resnest_semantic_cityscapes_0_00_dropout_pu,0.31626221943432326,0.489518734095083,0.5857223298911391,0.7177718772518972,0.0,0.0,0.4327393303276569,0.5050808411047302,0.5698785778287393,0.6387257776564456,0.7202849467498535,0.6722238816237917,0.6436546169054492,0.5955468014886496,0.5802419594785975,0.4716521162933922,0.31626221943432326
ADE_val_00000670,ade20k_resnest_semantic_cityscapes_0_00_dropout_pu,0.10474735262716744,0.40017717879958065,0.5694330445570892,0.7160490833686313,0.0,0.0,0.14861187031944337,0.19472721749399632,0.2457022135957394,0.3708706096319085,0.6137323878487352,0.5280572480502201,0.4161752000262572,0.36272584390869417,0.3295986020239715,0.34625130424264194,0.10474735262716749
ADE_val_00001443,ade20k_resnest_semantic_cityscapes_0_00_dropout_pu,0.0621998677087253,0.525492417227364,0.6082098115380271,0.7189552913526172,0.0,0.0,0.08762236586462964,0.12068244456085045,0.183853518205459,0.2969964477320033,0.7236119207358601,0.6696454036384304,0.5768200739304398,0.32778148577063376,0.2501814086986416,0.23411663692262003,0.06219986770872531
ADE_val_00001901,ade20k_resnest_semantic_cityscapes_0_00_dropout_pu,0.22195534517517093,0.3816254157727042,0.55192384814346,0.0,0.0,0.0,0.3037688902836704,0.34768299728799695,0.3916756496458863,0.478850683516605,0.6520066847670152,0.5926174105321936,0.49541250830445366,0.4296893853726374,0.4011252307636687,0.3521491719771629,0.22195534517517093
ADE_val_00000590,ade20k_resnest_semantic_cityscapes_0_00_dropout_pu,0.04251559835152003,0.399628578396777,0.5582022194298637,0.7027776116207299,0.0,0.0,0.06010691293284942,0.0830830050485837,0.12966718361469518,0.27421605617240974,0.6561321602788135,0.5441515210070308,0.3440210458185355,0.2621372219323174,0.2186601172781871,0.2742382618431117,0.04251559835152002
ADE_val_00001019,ade20k_resnest_semantic_cityscapes_0_00_dropout_pu,0.11389291179842655,0.3808462452474223,0.5439523569486143,0.0,0.0,0.0,0.159456927050967,0.2056012996902623,0.2692459012592188,0.3747060495332999,0.6327116549391367,0.5441395937384066,0.44478051097537424,0.35345597185439925,0.30286674334177055,0.23112540148681945,0.11389291179842655
ADE_val_00001820,ade20k_resnest_semantic_cityscapes_0_00_dropout_pu,0.06345337953702543,0.3504805679602485,0.5003496920001412,0.0,0.0,0.0,0.08909050873740366,0.12050811533264534,0.16773173837102306,0.2226782286261768,0.4156270999462503,0.34655784888247143,0.2538088798536444,0.22798299824984408,0.2090655176285712,0.1971422570097834,0.06345337953702544
ADE_val_00000210,ade20k_resnest_semantic_cityscapes_0_00_dropout_pu,0.04726531364108856,0.4135434127606498,0.5474011266600253,0.0,0.0,0.0,0.0664893748767096,0.091081777031248,0.14360357703098584,0.2834240002654509,0.5517012396132749,0.4743460416640536,0.306724782730465,0.16056762497883853,0.12436488723921946,0.2801805323237628,0.04726531364108855
ADE_val_00000456,ade20k_resnest_semantic_cityscapes_0_00_dropout_pu,0.16883209929970425,0.5486901353822653,0.677001803003954,0.7561467065218949,0.0,0.0,0.2380043988489275,0.32030434669727975,0.4525933566850865,0.6996902322699616,0.8276979105883364,0.801997600982006,0.7742513564595173,0.7559846973954243,0.7262672402296279,0.39421222569324654,0.1688320992997043
ADE_val_00000677,ade20k_resnest_semantic_cityscapes_0_00_dropout_pu,0.05278404713154428,0.3751142550810313,0.5327973587812175,0.0,0.0,0.0,0.07359961139443212,0.09831855557087886,0.14034673989139204,0.21202793324991875,0.5137180186772103,0.44171279971019517,0.304353280635685,0.2094914751581995,0.17379698052564105,0.2027075202600281,0.052784047131544276
ADE_val_00001787,ade20k_resnest_semantic_cityscapes_0_00_dropout_pu,0.07320401776857827,0.3740682357046234,0.5277019224555206,0.0,0.0,0.0,0.09927268665711309,0.1287834023921819,0.18298643028707862,0.29957010921881405,0.5541200382059884,0.5021892634060524,0.4005297527506872,0.22352158707763298,0.21590568698025317,0.17721566831314364,0.07320401776857828
ADE_val_00001134,ade20k_resnest_semantic_cityscapes_0_00_dropout_pu,0.05734365416041544,0.37896095535876423,0.5688429544062404,0.0,0.0,0.0,0.0804998717795113,0.1086943444960792,0.16145554122534359,0.26425680645475186,0.46080660068568413,0.3303161015645106,0.2344423409443152,0.1492989928333469,0.13213728521652307,0.14138024582178824,0.05734365416041544
ADE_val_00001339,ade20k_resnest_semantic_cityscapes_0_00_dropout_pu,0.11294244542499352,0.3875863439754739,0.5393590762125768,0.0,0.0,0.0,0.15858809626323694,0.20609035279890087,0.2714763442539136,0.3876247494204919,0.5844903247987467,0.4851415504731699,0.35542132425928635,0.21182365000495604,0.22193608712479163,0.18822112951171602,0.11294244542499352
ADE_val_00001509,ade20k_resnest_semantic_cityscapes_0_00_dropout_pu,0.11411486305464758,0.37969644086413396,0.5466750523540362,0.0,0.0,0.0,0.15840712230317577,0.2037717000581345,0.26141287627515425,0.36659586989874254,0.6547688958150556,0.5914181039609795,0.45766456680783585,0.36718040916263084,0.3101753139409785,0.2605938742923869,0.1141148630546476
ADE_val_00000268,ade20k_resnest_semantic_cityscapes_0_00_dropout_pu,0.0876276133474353,0.3706103616276958,0.5128883591131506,0.0,0.0,0.0,0.1236683775455541,0.16797209509315503,0.23783609640024894,0.3448831228196288,0.5078283523208438,0.49493264137309995,0.4585880991758245,0.37253527349638915,0.3409693072856664,0.19905318989129595,0.0876276133474353
ADE_val_00001556,ade20k_resnest_semantic_cityscapes_0_00_dropout_pu,0.04477888806630754,0.3671531709871286,0.5630043317889517,0.0,0.0,0.0,0.06140111201493194,0.08167662460491908,0.12559629886844523,0.2724477176610226,0.5724591678638504,0.4632324699196896,0.36862342893439626,0.2826804238001809,0.2649284408703694,0.17576026286830496,0.04477888806630753
ADE_val_00000112,ade20k_resnest_semantic_cityscapes_0_00_dropout_pu,0.051893057401638965,0.3414120695490328,0.0,0.0,0.0,0.0,0.07196857484337034,0.09434570497830211,0.13859412148159628,0.2504423694887462,0.3371591418167451,0.32093305051093735,0.19157548961902343,0.09996388185481266,0.09171263775075877,0.19536485105110604,0.05189305740163895
ADE_val_00001719,ade20k_resnest_semantic_cityscapes_0_00_dropout_pu,0.35097065388602805,0.5782470498834671,0.6515621630222638,0.7538625423752343,0.0,0.0,0.4866741641741518,0.5957336322903091,0.6789269073562498,0.7628886857707342,0.839942101059818,0.8246452851928135,0.7928368298460908,0.7493251645235347,0.732094074892089,0.6052584975757563,0.3509706538860279
ADE_val_00001935,ade20k_resnest_semantic_cityscapes_0_00_dropout_pu,0.048297759102872886,0.33419969159162505,0.0,0.0,0.0,0.0,0.06783958834178165,0.09238843046467352,0.14097772568300437,0.22699889424374461,0.3961432965219783,0.35420233179461164,0.2919072301847163,0.17380508935665023,0.14655974959404272,0.08184013883471736,0.048297759102872886
ADE_val_00000181,ade20k_resnest_semantic_cityscapes_0_00_dropout_pu,0.06749172700159263,0.3551145923870491,0.5138811571990172,0.0,0.0,0.0,0.09524782124259976,0.12496362419492142,0.1698341854431756,0.2508969556334775,0.35353745139997655,0.30338660538788753,0.20633617714755925,0.13013773970493012,0.11198306211418575,0.11944825480887966,0.06749172700159262
ADE_val_00000036,ade20k_resnest_semantic_cityscapes_0_00_dropout_pu,0.11710090961063302,0.3689947046697703,0.5117403710902938,0.0,0.0,0.0,0.16287376944804297,0.21245864165238598,0.28000530623711023,0.37771404707910156,0.5169104907204141,0.48781073659378527,0.41414122864551417,0.32821854257455935,0.2868433778203178,0.25725399843669894,0.11710090961063302
ADE_val_00001479,ade20k_resnest_semantic_cityscapes_0_00_dropout_pu,0.18421319910753775,0.4326755241916732,0.5748228498806508,0.7133051324155075,0.0,0.0,0.25267082818794206,0.312613437370832,0.3897540557683042,0.5301497334863473,0.6834731114468748,0.6332365564662052,0.5572818271912551,0.39700841511611734,0.38517796927647746,0.4102631005788874,0.1842131991075377
ADE_val_00001717,ade20k_resnest_semantic_cityscapes_0_00_dropout_pu,0.18608409759145494,0.4271442563223338,0.5885761363768484,0.7161457896212242,0.0,0.0,0.2512002312791718,0.30293360155555643,0.3755066717158847,0.5107453050281591,0.7319150626301025,0.7097650019668339,0.6364519484965196,0.44423954555557393,0.3862146112934329,0.4332078272954453,0.18608409759145497
ADE_val_00000269,ade20k_resnest_semantic_cityscapes_0_00_dropout_pu,0.09969642098781327,0.34297852001718726,0.0,0.0,0.0,0.0,0.13825651081936527,0.17255185356530783,0.2053761653063761,0.264807114455177,0.3481429962771003,0.27984759632498957,0.2213788228540875,0.18733656495130455,0.16313869127484762,0.1221566934465134,0.09969642098781326
ADE_val_00000635,ade20k_resnest_semantic_cityscapes_0_00_dropout_pu,0.1913416531637405,0.41371425516038535,0.556478247614983,0.0,0.0,0.0,0.2629735028597346,0.31560969267754907,0.3848025730201616,0.49728329059086934,0.6662497020769351,0.6364219654813182,0.5941554126157933,0.5114129637840228,0.46605467682522556,0.35677061156274337,0.19134165316374047
ADE_val_00001426,ade20k_resnest_semantic_cityscapes_0_00_dropout_pu,0.2436465194770203,0.4379115586917706,0.5796186461077734,0.7279439261608711,0.0,0.0,0.3281735159173715,0.3943097860311104,0.467465536051136,0.5693141355511248,0.7462330537899029,0.7319806753358554,0.7037946344626294,0.5324678884617547,0.4811361840221816,0.36857893125762375,0.24364651947702032
ADE_val_00000140,ade20k_resnest_semantic_cityscapes_0_00_dropout_pu,0.07994990207389673,0.3897606234411765,0.5294928152524458,0.0,0.0,0.0,0.11282167408622412,0.15075147302447547,0.19928024999530902,0.2864382662756499,0.567216496530649,0.5388605547397393,0.45486053643661983,0.2924436877936552,0.26082213423138667,0.20040390263458616,0.0799499020738967
ADE_val_00000678,ade20k_resnest_semantic_cityscapes_0_00_dropout_pu,0.09602949256134302,0.45420091048196054,0.5446091859940128,0.0,0.0,0.0,0.13435563061045175,0.1743628000304799,0.24829770462970654,0.4431711226950859,0.6112348849377462,0.5929485533032942,0.5749901646354357,0.5492736138562266,0.5230069207856336,0.27537837855375885,0.09602949256134301
ADE_val_00000046,ade20k_resnest_semantic_cityscapes_0_00_dropout_pu,0.044167276202114435,0.323972626651759,0.0,0.0,0.0,0.0,0.06113467720681963,0.08216207386688902,0.12510391430223358,0.22471380282357417,0.36577088798740787,0.32499019531507783,0.2616970938134926,0.21619639261905885,0.21699301223796638,0.12621218544483034,0.04416727620211443
ADE_val_00000505,ade20k_resnest_semantic_cityscapes_0_00_dropout_pu,0.3024915927269024,0.43681003179480543,0.56536269594417,0.7232629180993079,0.0,0.0,0.3808053150855532,0.43136083717278256,0.4945558844265401,0.5813663495953758,0.7401852246142809,0.7187971359118649,0.6496275851504228,0.5916365399705772,0.5515180911195133,0.45909468608197157,0.3024915927269024
ADE_val_00000435,ade20k_resnest_semantic_cityscapes_0_00_dropout_pu,0.06408770957594709,0.40271901260667625,0.5672298056035928,0.7219847568372892,0.0,0.0,0.08749783915052621,0.11633661356997886,0.17862798044642955,0.33385430760085844,0.5821496407391589,0.4601537952438733,0.4026601910285736,0.30363755676220106,0.25627099267020975,0.2696023410067401,0.06408770957594709
ADE_val_00001221,ade20k_resnest_semantic_cityscapes_0_00_dropout_pu,0.08747881499537752,0.378491428198035,0.5537530177676113,0.7010457353241965,0.0,0.0,0.12345780755037253,0.16880954925974379,0.2549012534403475,0.3867428766472223,0.6462662671234114,0.6095335985217006,0.4901384526810165,0.3486333521889889,0.3143723869979851,0.2928377916353873,0.08747881499537752
ADE_val_00001872,ade20k_resnest_semantic_cityscapes_0_00_dropout_pu,0.07323646057321082,0.4134761990964655,0.552094799806975,0.0,0.0,0.0,0.10092002446346236,0.1332093536340868,0.18967017058580826,0.30342348131577446,0.5988145573557329,0.5472435262190225,0.3962336244246915,0.20998906583016008,0.17522016077029712,0.24473076261667837,0.07323646057321082
ADE_val_00000086,ade20k_resnest_semantic_cityscapes_0_00_dropout_pu,0.195086564014244,0.4493983004295653,0.5843378436841168,0.7074367477660792,0.0,0.0,0.26079139829693415,0.31836031685347094,0.4017714043608505,0.5527324835478451,0.6855520510457376,0.6497196909028067,0.6159235228012586,0.5194027731447438,0.4449843924905622,0.33209849516676615,0.19508656401424396
ADE_val_00000103,ade20k_resnest_semantic_cityscapes_0_00_dropout_pu,0.09180456332150647,0.4123242397318379,0.551567015176613,0.0,0.0,0.0,0.1295968300392569,0.17607178129633813,0.25249297318236735,0.3872220942185073,0.6390729305358911,0.5971490738008184,0.503021302733768,0.3167950903138986,0.2734728717758587,0.3353086200105698,0.09180456332150647
ADE_val_00000319,ade20k_resnest_semantic_cityscapes_0_00_dropout_pu,0.1395683086410809,0.41068277831552513,0.5571306742344111,0.0,0.0,0.0,0.19432627389923599,0.2523101874159945,0.3297801272836442,0.455205904865626,0.6644107515037585,0.6333446605868659,0.578342459740713,0.501374950275175,0.4561691599429059,0.2835362353298858,0.13956830864108097
ADE_val_00001298,ade20k_resnest_semantic_cityscapes_0_00_dropout_pu,0.1804769540352,0.37633500145125054,0.5298807562850555,0.0,0.0,0.0,0.24785624803880138,0.3012785071501987,0.3550878316542211,0.42971863466371835,0.5714151934286673,0.5358894629182407,0.487750019726323,0.3970337433318724,0.37145697828209867,0.23783647178535758,0.1804769540352
ADE_val_00000685,ade20k_resnest_semantic_cityscapes_0_00_dropout_pu,0.261232764616672,0.3889409752763768,0.5622700803604597,0.7134887156000145,0.0,0.0,0.3197471013061846,0.3560544466713734,0.4030743438852507,0.4778027045868551,0.7077525195442321,0.6797238275022954,0.5726026439860585,0.4329475739574008,0.42104071039862284,0.42983074152540235,0.2612327646166719
ADE_val_00000710,ade20k_resnest_semantic_cityscapes_0_00_dropout_pu,0.05512885743121956,0.37735681221326167,0.5182313796225405,0.0,0.0,0.0,0.07531920830260208,0.09850750131261607,0.13922646373081388,0.2410573147387453,0.5203593049446341,0.4823297296674693,0.3795220615334793,0.19519443590560726,0.17354490597838698,0.23511377256947827,0.05512885743121955
ADE_val_00001141,ade20k_resnest_semantic_cityscapes_0_00_dropout_pu,0.18595980971822273,0.4090066028246769,0.5543626637919136,0.0,0.0,0.0,0.2572734634265042,0.32071848753609944,0.393443818369315,0.4972138344519782,0.6193131552439763,0.5551487814813101,0.464107173548512,0.3577130525453397,0.3096997342795713,0.32506710821912793,0.18595980971822268
ADE_val_00000520,ade20k_resnest_semantic_cityscapes_0_00_dropout_pu,0.09221178227052139,0.3945018307304055,0.5399891101858535,0.0,0.0,0.0,0.1296452124292175,0.17436444069013388,0.24930400834161684,0.37515593610432546,0.6317860938501549,0.5946240219279337,0.4675209133272643,0.3979587939479341,0.3814272420492443,0.196876321465405,0.09221178227052136
ADE_val_00001846,ade20k_resnest_semantic_cityscapes_0_00_dropout_pu,0.09285858822840207,0.3737251818590481,0.5310275941638436,0.0,0.0,0.0,0.12728242523033123,0.16191986529231558,0.21079744543344547,0.31169253971684224,0.5422404743738778,0.45400238038226864,0.4234591060906386,0.3433849393118881,0.2995238392321003,0.1899764780266734,0.0928585882284021
ADE_val_00000557,ade20k_resnest_semantic_cityscapes_0_00_dropout_pu,0.037547818149381684,0.3326266236506384,0.0,0.0,0.0,0.0,0.05217755605547823,0.06956449946351775,0.10093296618072674,0.17079191676640984,0.2769609321049502,0.24567928087175983,0.18777369935781174,0.09650302162456674,0.08998411364120928,0.043301690112314536,0.03754781814938168
ADE_val_00001634,ade20k_resnest_semantic_cityscapes_0_00_dropout_pu,0.10617843254814688,0.40171943131830795,0.5336876702550184,0.0,0.0,0.0,0.14836928662961235,0.1973532996855901,0.2718515105260793,0.4008936507343757,0.5828949971271657,0.5354968147037433,0.4566366497023445,0.342434407576462,0.27675909717175057,0.2810765609120582,0.10617843254814685
ADE_val_00001656,ade20k_resnest_semantic_cityscapes_0_00_dropout_pu,0.17589792226190407,0.3841150261291016,0.5507231328443012,0.0,0.0,0.0,0.23237582591673975,0.27197668384026125,0.31846606015029494,0.41063533805117497,0.6380900710701728,0.6075455446003144,0.539941790871049,0.48874408542214914,0.45845257094857234,0.2772846793315351,0.17589792226190396
ADE_val_00000311,ade20k_resnest_semantic_cityscapes_0_00_dropout_pu,0.13664319751872375,0.43361476781557834,0.5617791983477967,0.7034703101158044,0.0,0.0,0.19230149441002128,0.2562961319686489,0.3582309748932709,0.5042716245245727,0.7007760007299219,0.6841411029641232,0.6188971836914211,0.5649230990761084,0.5333482484294094,0.27589329990408007,0.1366431975187237
ADE_val_00001668,ade20k_resnest_semantic_cityscapes_0_00_dropout_pu,0.07271430918870718,0.3342084389846886,0.0,0.0,0.0,0.0,0.09895805794675938,0.12989945459668628,0.1928388935551238,0.3259232871202077,0.3960306389934986,0.36995027983044054,0.350920337580352,0.2644479429972522,0.21343175791642308,0.1957456433636514,0.07271430918870718
ADE_val_00000913,ade20k_resnest_semantic_cityscapes_0_00_dropout_pu,0.31617457500381535,0.46772908581306544,0.5746128316737947,0.7068331700766448,0.0,0.0,0.40774240598663547,0.47215081792406205,0.5369808281415389,0.6153816175335992,0.7001489051861871,0.6697168286661298,0.5942845772884846,0.5318380056713725,0.5197036355356365,0.43859594401441726,0.3161745750038154
ADE_val_00001916,ade20k_resnest_semantic_cityscapes_0_00_dropout_pu,0.09317081811444261,0.44254793610174714,0.5608589693297625,0.0,0.0,0.0,0.13096143340372468,0.17929702160808206,0.27944337470990227,0.4687683496662168,0.672904730171813,0.6626472377582366,0.6424313089157413,0.5609826430237304,0.5293438154862791,0.38102503047938624,0.0931708181144426
ADE_val_00000768,ade20k_resnest_semantic_cityscapes_0_00_dropout_pu,0.29928432248769127,0.46405475577521593,0.6037558497845179,0.7423143370520787,0.0,0.0,0.41114216582983654,0.47418166163564235,0.5465038915504008,0.656455717524975,0.814388423961167,0.7822168300287015,0.7520419365320024,0.6310291191563938,0.5786056604747108,0.48371235219272996,0.2992843224876913
ADE_val_00000040,ade20k_resnest_semantic_cityscapes_0_00_dropout_pu,0.13573332171112543,0.4784602585721466,0.5790526459460884,0.7368835819605571,0.0,0.0,0.192419032983056,0.2612088952143804,0.3791186780953016,0.5632015564399251,0.7839336018141414,0.7537499953065112,0.6625235996076357,0.5969910848658793,0.5829644605446832,0.3888847802625545,0.13573332171112543
ADE_val_00000127,ade20k_resnest_semantic_cityscapes_0_00_dropout_pu,0.07359525587147202,0.3685444916173294,0.522029726687593,0.0,0.0,0.0,0.10395819123539739,0.14224743367472562,0.20732275328422747,0.3146936650029318,0.5265792804860914,0.45873683320944764,0.41433399274869254,0.29477633812532145,0.27505000156240333,0.16516264606562853,0.07359525587147202
ADE_val_00000795,ade20k_resnest_semantic_cityscapes_0_00_dropout_pu,0.05011121665854999,0.36596905861229606,0.577161426653356,0.7099790334275058,0.0,0.0,0.06919699837097941,0.09195459851353614,0.13636246568904337,0.22901437692743534,0.6332005994377582,0.504835093535116,0.2814002190328676,0.18206837832643188,0.16912634629381834,0.18027532954562583,0.05011121665854999
ADE_val_00001052,ade20k_resnest_semantic_cityscapes_0_00_dropout_pu,0.09791388191246342,0.38196310618191803,0.5470195666759291,0.0,0.0,0.0,0.1374873165463027,0.18284061479227895,0.25726712714269556,0.379022497269967,0.6026822108706084,0.5625678975310392,0.4789359252055801,0.34149518251756816,0.29456813199225124,0.2643488213003458,0.09791388191246339
ADE_val_00000110,ade20k_resnest_semantic_cityscapes_0_00_dropout_pu,0.16074187525449296,0.41085853676739775,0.5655550131389685,0.7294506227201264,0.0,0.0,0.2188871417630954,0.27165125816166324,0.3447675657148802,0.4654063927315268,0.7097616808269387,0.5980754770406612,0.46107377677857614,0.35691212778719617,0.34193882228349737,0.3090469741197744,0.160741875254493
ADE_val_00001953,ade20k_resnest_semantic_cityscapes_0_00_dropout_pu,0.08564156854941563,0.41143062490008675,0.5533019079743526,0.0,0.0,0.0,0.12089578570105555,0.15988699996791678,0.20473272387876312,0.2537586785670832,0.3708778370055088,0.2868063314159562,0.23767290405786062,0.19828690115341296,0.17711523797589385,0.10370441004091166,0.08564156854941563
ADE_val_00000061,ade20k_resnest_semantic_cityscapes_0_00_dropout_pu,0.17591834792213945,0.49698674765410417,0.6318934891129588,0.7410904782542476,0.0,0.0,0.24650045472111975,0.33272642358550386,0.44792913836295,0.640370382842534,0.7913367896203095,0.7562979754042272,0.6517329774102651,0.4732985109007117,0.41328621883892164,0.4549902065169657,0.17591834792213942
ADE_val_00001651,ade20k_resnest_semantic_cityscapes_0_00_dropout_pu,0.2275925899006531,0.42492034767597636,0.5578016928619365,0.7094238509550276,0.0,0.0,0.31005784416418375,0.3783449327024138,0.446411383949707,0.5379368186935365,0.7136086597433773,0.6989150418206923,0.6429990838262765,0.554571946378557,0.4981711022280055,0.38239403190394217,0.22759258990065315
ADE_val_00001229,ade20k_resnest_semantic_cityscapes_0_00_dropout_pu,0.47463356988266225,0.5335695262238551,0.6042570791335566,0.7279498667687077,0.0,0.0,0.5690198411157094,0.6102517803360339,0.6501769145807724,0.7031036143695033,0.8000473181720712,0.7839974149495541,0.7316668040921708,0.66358404905397,0.6481226813324203,0.5482312826313871,0.47463356988266237
ADE_val_00001215,ade20k_resnest_semantic_cityscapes_0_00_dropout_pu,0.23158180725603408,0.39883236431391944,0.5572754263560773,0.7263279790033729,0.0,0.0,0.3000404431526188,0.3443314056010913,0.39903204285776206,0.48718369436902703,0.6451897652877876,0.6084357637836828,0.5214760290449783,0.3973232261663197,0.35600999018865814,0.38156264577344323,0.23158180725603414
ADE_val_00001197,ade20k_resnest_semantic_cityscapes_0_00_dropout_pu,0.21371381516019994,0.5393476961559751,0.6098903976998544,0.7434211042684747,0.0,0.0,0.3005504115392827,0.407426249708184,0.5596154951366447,0.671543799305585,0.8180805713095269,0.7780267617421456,0.7443931992680873,0.6989421182883128,0.6772895382204634,0.47413725965428444,0.21371381516019994
ADE_val_00001927,ade20k_resnest_semantic_cityscapes_0_00_dropout_pu,0.4551654474021963,0.5750942771752916,0.6109244678792659,0.7294211826033813,0.0,0.0,0.5937020875076119,0.6303362937104872,0.6618559452824315,0.70802730526087,0.7984934624602272,0.7662869725891764,0.7329300376696802,0.7081757038015956,0.6831682725771892,0.5669207856636542,0.45516544740219606
ADE_val_00001641,ade20k_resnest_semantic_cityscapes_0_00_dropout_pu,0.25173187456148,0.41491966628413635,0.5588058580494317,0.7344258918787413,0.0,0.0,0.3388870184406766,0.3937792894656402,0.44991133569411224,0.5334446791425896,0.7039060802134007,0.6321118315460744,0.5716035118984005,0.47659866728337547,0.4595338032506801,0.3420807642702534,0.25173187456148
ADE_val_00000015,ade20k_resnest_semantic_cityscapes_0_00_dropout_pu,0.08417168573196956,0.34595236647740973,0.5074139151439425,0.0,0.0,0.0,0.11642709681912533,0.15441982848618543,0.21890334822889418,0.31915934833819853,0.48907854472358975,0.44338158025688346,0.3865026513322032,0.32520191926960273,0.29296652200818135,0.2079663448923213,0.08417168573196954
ADE_val_00000849,ade20k_resnest_semantic_cityscapes_0_00_dropout_pu,0.08697660105179618,0.38291819927092813,0.542171110002857,0.0,0.0,0.0,0.11948981154904288,0.1512795150636819,0.18115604166330893,0.24519706385548792,0.5908820365448454,0.5042577783323218,0.37744359798642696,0.215144995349219,0.17357379936381387,0.22983970669721349,0.08697660105179618
ADE_val_00000220,ade20k_resnest_semantic_cityscapes_0_00_dropout_pu,0.24434058371267922,0.37185340408299616,0.5317330563726997,0.0,0.0,0.0,0.3269256750089085,0.36481338400805574,0.39960422326699907,0.4589263476524275,0.5648156698500861,0.5277824492102826,0.4410375198170858,0.3825337677079037,0.355952059613214,0.30068504830006043,0.2443405837126792
ADE_val_00001011,ade20k_resnest_semantic_cityscapes_0_00_dropout_pu,0.1464068680918775,0.39865034056179494,0.5783336314800296,0.7201098660601504,0.0,0.0,0.20221909575330438,0.2563774576241908,0.3285527698536735,0.44329125141654646,0.7302736003891165,0.6583777611107654,0.5580030169453896,0.4714397106634795,0.42298427028831703,0.32011181958190116,0.14640686809187756
ADE_val_00001249,ade20k_resnest_semantic_cityscapes_0_00_dropout_pu,0.16855072933926185,0.5190198727328132,0.6269903990553443,0.7484818414711613,0.0,0.0,0.23965785518898972,0.3267208739881974,0.45595458086985347,0.651437153491517,0.8366091911563089,0.8089746749651934,0.768844284627258,0.6809151497366002,0.6637746857775485,0.386925485312627,0.16855072933926185
ADE_val_00000075,ade20k_resnest_semantic_cityscapes_0_00_dropout_pu,0.052266399794536976,0.348476464348805,0.5109030979794488,0.0,0.0,0.0,0.07103711484236863,0.08978558954378399,0.12046994502499964,0.18963468020892718,0.43215805967761683,0.3440385106573131,0.30633690879211,0.1876712847828751,0.14521691126843778,0.19990497174936916,0.05226639979453697
ADE_val_00001152,ade20k_resnest_semantic_cityscapes_0_00_dropout_pu,0.12650830243765138,0.3872557337476777,0.5353637186800312,0.0,0.0,0.0,0.17832263706984067,0.23650546628528346,0.30953458453792626,0.419212410993941,0.5573635439133157,0.5331303847023319,0.4869668749633363,0.30061771617360145,0.281794447728819,0.2811373334732321,0.12650830243765135
ADE_val_00001677,ade20k_resnest_semantic_cityscapes_0_00_dropout_pu,0.15086531357398222,0.36956275080721673,0.5226662173012099,0.0,0.0,0.0,0.19991578401537832,0.23661642919985543,0.2905046788311067,0.38258658035221454,0.5321714020186832,0.4947947771910134,0.435844925784265,0.32101508004893603,0.301471559937368,0.2386246354867573,0.15086531357398228
ADE_val_00000528,ade20k_resnest_semantic_cityscapes_0_00_dropout_pu,0.20166565467400668,0.40090978080411704,0.5452162102192544,0.7053404588721438,0.0,0.0,0.28227522243633935,0.3524367007904404,0.41298083324574053,0.49285159554407426,0.6546547625151824,0.5767277666735822,0.5369115961806586,0.47571832234710393,0.4369668796783323,0.3393694918198141,0.20166565467400666
ADE_val_00000886,ade20k_resnest_semantic_cityscapes_0_00_dropout_pu,0.12814534639796926,0.3925093842032269,0.5421090293378968,0.0,0.0,0.0,0.17560742528030224,0.22346916385130078,0.2990281623337956,0.4172865785044081,0.6611476103999042,0.6378190313670892,0.5579215729900391,0.43625515283109595,0.4103710219746039,0.20143523802400534,0.12814534639796932
ADE_val_00000555,ade20k_resnest_semantic_cityscapes_0_00_dropout_pu,0.11992548201366049,0.38362375908008656,0.5314478295641645,0.0,0.0,0.0,0.16973376469971765,0.23452750744273868,0.33212122723565013,0.4253863149685271,0.5737474503887017,0.5534738091421982,0.5146028647697627,0.4391269771644435,0.4222383522245249,0.2737703719858839,0.11992548201366049
ADE_val_00000343,ade20k_resnest_semantic_cityscapes_0_00_dropout_pu,0.17180372716056616,0.35707413644343133,0.5420496596687296,0.0,0.0,0.0,0.23647018888722693,0.27143801654435945,0.3126010888646526,0.3787472510838626,0.5623091728939958,0.511675518712352,0.44947617246271565,0.37608847007526913,0.3602022020959125,0.21846925224155178,0.1718037271605662
ADE_val_00001729,ade20k_resnest_semantic_cityscapes_0_00_dropout_pu,0.10524861082612061,0.3997168403713599,0.5712174951877288,0.7118025636833698,0.0,0.0,0.14845914980315658,0.20008167613973954,0.2770736394789951,0.40202869927849477,0.7095486877354831,0.6826063343793923,0.6223760872480021,0.4903325036567609,0.4366163602731399,0.28289638914516774,0.1052486108261206
ADE_val_00000994,ade20k_resnest_semantic_cityscapes_0_00_dropout_pu,0.06725671108017546,0.4107798039913109,0.5785155147154619,0.0,0.0,0.0,0.09399769767691415,0.12595858080681202,0.18659754615836927,0.3220989956743704,0.639698891236881,0.5924582825613016,0.46062830441489944,0.36572214954719706,0.3170536677607682,0.29677424145296877,0.06725671108017546
ADE_val_00000119,ade20k_resnest_semantic_cityscapes_0_00_dropout_pu,0.09519537274851088,0.35991901004326704,0.5261239248082624,0.0,0.0,0.0,0.13408854742197998,0.18095137893450428,0.24664678343902421,0.34204885515148115,0.5502698603177367,0.5055447971847957,0.43375946440830604,0.36265317201676567,0.34794491891156326,0.20889308841021803,0.09519537274851089
ADE_val_00001166,ade20k_resnest_semantic_cityscapes_0_00_dropout_pu,0.04264936713129339,0.3629523334923801,0.0,0.0,0.0,0.0,0.06032910939458984,0.08228195278389878,0.1258508385061018,0.22076082993256393,0.4011810537972538,0.31990460212819055,0.20783509884897808,0.1650929532918889,0.15186727564133168,0.12078523820600041,0.0426493671312934
ADE_val_00001697,ade20k_resnest_semantic_cityscapes_0_00_dropout_pu,0.13113541255217592,0.4047826913002543,0.5397687747309873,0.0,0.0,0.0,0.18185721350663833,0.224410883603015,0.2783221093931836,0.4061287601507515,0.6232272450013386,0.5914582376032843,0.5044726440630022,0.4158842602480331,0.37230623825420955,0.25656399731317875,0.13113541255217598
ADE_val_00001336,ade20k_resnest_semantic_cityscapes_0_00_dropout_pu,0.23480290781408855,0.36834820247526956,0.5335992020748596,0.0,0.0,0.0,0.29567989976228837,0.3297769998869335,0.3677185248531304,0.4377096957394838,0.5906188905414346,0.5222414396150351,0.4749136749571582,0.4233953641617012,0.39708891779435324,0.3265375231512624,0.23480290781408855
ADE_val_00001504,ade20k_resnest_semantic_cityscapes_0_00_dropout_pu,0.13228317028740053,0.40439406701162606,0.5725671105380422,0.7235875127408744,0.0,0.0,0.18469702531961643,0.24400780387833593,0.32167256137609407,0.4394224936738137,0.7125890561156222,0.6659538740299421,0.6241586615933903,0.4906888885861956,0.44712883311725427,0.325366400608264,0.1322831702874005
ADE_val_00001716,ade20k_resnest_semantic_cityscapes_0_00_dropout_pu,0.13732690924443597,0.3932532468739249,0.5469098777204832,0.0,0.0,0.0,0.1905952109278023,0.24069965143411068,0.30525583912360166,0.42075032813259355,0.6266750823567304,0.5660047108527084,0.4906887198318676,0.4168584896088297,0.3897732941165563,0.2751097228883804,0.1373269092444359
ADE_val_00001713,ade20k_resnest_semantic_cityscapes_0_00_dropout_pu,0.18182404700763147,0.4318285503299072,0.5680320253895149,0.7076563003945567,0.0,0.0,0.24022357186755422,0.2972020512542115,0.3754349310794432,0.5153902223178841,0.6937134608355376,0.6706420352654494,0.599774494425476,0.4963209680840675,0.4776703276162123,0.38538584599954034,0.18182404700763144
ADE_val_00001361,ade20k_resnest_semantic_cityscapes_0_00_dropout_pu,0.1196694594881572,0.37043802156928407,0.5281179937794459,0.0,0.0,0.0,0.16421971530744522,0.19351744249635583,0.21905806949596338,0.2781006839649909,0.5165949297327588,0.45734525192111924,0.35200308156407234,0.2340574900312385,0.20956235134072684,0.3087428487517806,0.11966945948815719
ADE_val_00001725,ade20k_resnest_semantic_cityscapes_0_00_dropout_pu,0.10840855737490468,0.39590853326483244,0.5401275778738265,0.0,0.0,0.0,0.15305820143224155,0.20573416130569888,0.27934902348103546,0.4066490465255801,0.6207145989581229,0.5920831629089647,0.5405535986614808,0.46682754123677656,0.4376162796004075,0.22857981084274726,0.10840855737490467
ADE_val_00001767,ade20k_resnest_semantic_cityscapes_0_00_dropout_pu,0.09299286939786308,0.3668437452125399,0.521427621232584,0.0,0.0,0.0,0.13056766966481656,0.17441836989671317,0.2398611762420568,0.32439449282327515,0.5225519001150197,0.49533913692925574,0.4440130070576172,0.35889415250392886,0.334212568981138,0.1928419513675089,0.0929928693978631
ADE_val_00000766,ade20k_resnest_semantic_cityscapes_0_00_dropout_pu,0.0768825160235042,0.3215846059799185,0.0,0.0,0.0,0.0,0.10308259977220356,0.12991686441993788,0.16918362800093034,0.2321843281130308,0.3250848734669009,0.28464471093965493,0.2385539384794998,0.19236184597433947,0.16549589655466765,0.11048061833897338,0.0768825160235042
ADE_val_00000310,ade20k_resnest_semantic_cityscapes_0_00_dropout_pu,0.19574311916196682,0.42068209242513965,0.5715979540438046,0.716149846626654,0.0,0.0,0.2668103930700464,0.32520860128039997,0.39740897914478623,0.5158164855698375,0.7163157583549628,0.6899989111679824,0.6390570220539399,0.5295622398834035,0.44626677740628784,0.3454638449475,0.19574311916196688
ADE_val_00001823,ade20k_resnest_semantic_cityscapes_0_00_dropout_pu,0.08170464629050055,0.39731594336458465,0.5559880575650751,0.0,0.0,0.0,0.11025844853392673,0.14103994526637723,0.19524809260145856,0.31962668170204683,0.5945706742076343,0.5703913591214338,0.5129496599397502,0.3244659067253702,0.2651276552849925,0.2271190804152974,0.08170464629050059
ADE_val_00000822,ade20k_resnest_semantic_cityscapes_0_00_dropout_pu,0.09378625095426826,0.3994217226790481,0.5513096093609366,0.0,0.0,0.0,0.13024697042466618,0.17368176557382062,0.24315924529132346,0.38535666457507445,0.6314962174228914,0.5940898077908929,0.510582770068297,0.35679665911673003,0.30751156025317955,0.3061869485766626,0.09378625095426832
ADE_val_00001471,ade20k_resnest_semantic_cityscapes_0_00_dropout_pu,0.07749031642223621,0.37592986449335664,0.5068859848635153,0.0,0.0,0.0,0.10954772551467004,0.1478881777979543,0.21187719112491318,0.3257419042280491,0.5020615777760519,0.46796775776035376,0.39911548189352913,0.34028761602251806,0.28377394072814605,0.18571265965679395,0.07749031642223618
ADE_val_00001926,ade20k_resnest_semantic_cityscapes_0_00_dropout_pu,0.23265183182541674,0.43875649843417847,0.5889878505663236,0.7560633966005526,0.0,0.0,0.2956276039855829,0.3431455930542232,0.41803463234729954,0.5490260945571195,0.7306188633280638,0.6351763630360068,0.5084523294856331,0.38892094574413205,0.33930243974363133,0.39463043149682103,0.23265183182541674
ADE_val_00000465,ade20k_resnest_semantic_cityscapes_0_00_dropout_pu,0.059156193613136905,0.33644049841956924,0.5062958016756285,0.0,0.0,0.0,0.0826928313595669,0.11118900376951582,0.16032812317106257,0.22827463774786666,0.40797279927636837,0.3522214874554315,0.24798794269447516,0.15000996473614936,0.12845857835515684,0.10658205775848995,0.05915619361313689
ADE_val_00001256,ade20k_resnest_semantic_cityscapes_0_00_dropout_pu,0.08201293692312638,0.32327703412916003,0.0,0.0,0.0,0.0,0.1113828494038751,0.134835713902261,0.1571348177533863,0.19239697095896097,0.33135927482926514,0.2915077533900521,0.17411695763859986,0.1526204439988474,0.1431965277067504,0.13095076502699773,0.08201293692312636
ADE_val_00001965,ade20k_resnest_semantic_cityscapes_0_00_dropout_pu,0.10857360952392499,0.40277094904644895,0.5366561584948953,0.0,0.0,0.0,0.15157795173093225,0.20192702137686896,0.28821058430189733,0.4320541626295974,0.6066217839143663,0.5517721195833788,0.513482117345575,0.48697424406960826,0.4530395417135248,0.300958091524265,0.10857360952392495
ADE_val_00001754,ade20k_resnest_semantic_cityscapes_0_00_dropout_pu,0.09142332312640628,0.33606929354329873,0.0,0.0,0.0,0.0,0.12355955285661226,0.15386691982813946,0.19335369175483214,0.2592307179564686,0.36447740992883204,0.29039038939423245,0.2404884765991052,0.1633916078343158,0.13438371916573236,0.11880797474433394,0.09142332312640628
ADE_val_00000753,ade20k_resnest_semantic_cityscapes_0_00_dropout_pu,0.3118656435896906,0.42167974285362275,0.5690793556530616,0.7393912813988426,0.0,0.0,0.38806428336568594,0.4316951571159719,0.48214997316189384,0.5648007055662836,0.7916650922511633,0.7648645483210856,0.716581544771056,0.5829026902275473,0.5638887519697645,0.36642181639005167,0.3118656435896905
ADE_val_00001531,ade20k_resnest_semantic_cityscapes_0_00_dropout_pu,0.13492452680742603,0.375171436011689,0.5606046466715038,0.7216387332637638,0.0,0.0,0.19149920247352242,0.2510169223416186,0.3148071929273903,0.40560120957434354,0.7146765048938601,0.6614964248970271,0.5596179822959708,0.3616544590213141,0.33475202985722163,0.27177394033212987,0.13492452680742603
ADE_val_00000952,ade20k_resnest_semantic_cityscapes_0_00_dropout_pu,0.25766757688136777,0.40351992996210884,0.5563325970655986,0.0,0.0,0.0,0.30012523020405135,0.3324248000433362,0.3823417073141085,0.4951662302912379,0.6363289131344751,0.6081934517801006,0.5787565312346249,0.4251735239082177,0.3851901658127132,0.32403419285812723,0.2576675768813679
ADE_val_00000069,ade20k_resnest_semantic_cityscapes_0_00_dropout_pu,0.3466264942147429,0.44762743670580796,0.5749385291474867,0.7276460108245572,0.0,0.0,0.434445545878768,0.48018868951225485,0.534839189237739,0.6145990957794546,0.7405004087484965,0.6835957381049402,0.5609145324520711,0.45928770356752535,0.4218876858421789,0.4345268201240916,0.34662649421474295
ADE_val_00000963,ade20k_resnest_semantic_cityscapes_0_00_dropout_pu,0.11691076225924814,0.40840818393084993,0.5505451714464671,0.0,0.0,0.0,0.16384011691336406,0.2181912385758819,0.30640034931072635,0.44219975077254303,0.6333887544615865,0.5944713884336755,0.4974000816016479,0.39610028874395675,0.3673893676723711,0.3400921359751671,0.11691076225924815
ADE_val_00001511,ade20k_resnest_semantic_cityscapes_0_00_dropout_pu,0.12210332444417654,0.36575370127750917,0.5506191525432103,0.0,0.0,0.0,0.16645719701903075,0.20866523957404282,0.25777288949402316,0.3445601458550411,0.6112010375986159,0.5727411828285885,0.4387212091745286,0.30253615027387887,0.2833357257355513,0.18255069805599164,0.12210332444417657
ADE_val_00000510,ade20k_resnest_semantic_cityscapes_0_00_dropout_pu,0.10859964222110984,0.39263845312725454,0.5543543769069743,0.0,0.0,0.0,0.15029805837844054,0.19485733740704084,0.2583032051954739,0.3677451235526221,0.5988169360051594,0.5808754508437795,0.5159912600376407,0.3820084838363556,0.3069779685755254,0.23841304514283218,0.10859964222110982
ADE_val_00001051,ade20k_resnest_semantic_cityscapes_0_00_dropout_pu,0.2481080847732317,0.5003676476189722,0.6188085283023028,0.7402406229622852,0.0,0.0,0.33822524579923663,0.4148996671971034,0.5199075447381653,0.6649833111402986,0.821196659157401,0.7979183801854381,0.7661515926004603,0.7230530171335853,0.6843745107643214,0.505030948200122,0.24810808477323174
ADE_val_00000006,ade20k_resnest_semantic_cityscapes_0_00_dropout_pu,0.07778612978941554,0.4005358453132583,0.5552735861551282,0.7081131244237638,0.0,0.0,0.10713569737642475,0.14367696340187144,0.22430594916048496,0.3937723304651504,0.6418348979615055,0.5963070376136967,0.49926703811835493,0.39441778315844667,0.36282690572656723,0.4111889239357777,0.07778612978941554
ADE_val_00000600,ade20k_resnest_semantic_cityscapes_0_00_dropout_pu,0.2038590902720397,0.43566513083776276,0.5526113382093972,0.0,0.0,0.0,0.2822638013837823,0.3546265216003697,0.4372760014856468,0.5426614718640518,0.6650857088618314,0.6458589037813199,0.5758919157065506,0.5231131189871963,0.505283928337328,0.34972881021763075,0.20385909027203966
ADE_val_00000472,ade20k_resnest_semantic_cityscapes_0_00_dropout_pu,0.24308222403117308,0.4419314292737243,0.5538309172634311,0.7165259455154263,0.0,0.0,0.3293029879843059,0.3968719922736115,0.4707349172899638,0.5527224106348704,0.7244152875727914,0.6997786553653279,0.6185051857513331,0.5569389729679297,0.5356671345699191,0.3378018987669679,0.2430822240311731
ADE_val_00000975,ade20k_resnest_semantic_cityscapes_0_00_dropout_pu,0.08815849913273997,0.3609701855988577,0.5440671492555371,0.0,0.0,0.0,0.12220824111199269,0.1590228074706152,0.20242707071902785,0.26482391399800237,0.44638561172175073,0.33372743707177227,0.26048065982293966,0.19911654587158203,0.1795401164365707,0.1255775451155018,0.08815849913273997
ADE_val_00000532,ade20k_resnest_semantic_cityscapes_0_00_dropout_pu,0.10527242354765579,0.4090143480674182,0.5543993828794211,0.7306580860330486,0.0,0.0,0.14872290718443673,0.19997030914638686,0.2778739350185845,0.4240006605761466,0.7316162383127672,0.6645040684688078,0.5540192670251787,0.4280010131030986,0.3739761224650951,0.2839197364145181,0.10527242354765577
ADE_val_00001131,ade20k_resnest_semantic_cityscapes_0_00_dropout_pu,0.06539577252838791,0.3823367006041121,0.5448224675549539,0.0,0.0,0.0,0.09201233957197476,0.12432367625753214,0.18298582731152757,0.28372764879434126,0.5469965187143659,0.4751163264074919,0.441290713999047,0.3045095658702022,0.24846962364344463,0.1542111383032745,0.0653957725283879
ADE_val_00000492,ade20k_resnest_semantic_cityscapes_0_00_dropout_pu,0.15797957670467777,0.39422820471259673,0.5252087723377158,0.0,0.0,0.0,0.21487596014619165,0.2680906072303112,0.33451795290318886,0.44052995085833574,0.5563915265971944,0.5324969826923359,0.4964399422728018,0.4176305114296791,0.36319243463104883,0.20007156373531046,0.15797957670467777
ADE_val_00001680,ade20k_resnest_semantic_cityscapes_0_00_dropout_pu,0.07354875996879487,0.5687084131607896,0.6200867758113655,0.7525304234259983,0.0,0.0,0.101654734535381,0.13358279567209824,0.19276981618179084,0.3831549069500784,0.8186281560115263,0.7636473559620542,0.6539893813592904,0.5333912824795443,0.46352028831584285,0.37765634265465065,0.07354875996879487
ADE_val_00000690,ade20k_resnest_semantic_cityscapes_0_00_dropout_pu,0.09075271062871651,0.3776724924708517,0.548689240349659,0.0,0.0,0.0,0.12643260441372156,0.16355069428945332,0.21735166107304987,0.32724894644733177,0.5989075687816218,0.530260808787325,0.4146008484923693,0.2976340909834309,0.2872330520021198,0.20105552592227363,0.0907527106287165
ADE_val_00000674,ade20k_resnest_semantic_cityscapes_0_00_dropout_pu,0.2536245399279257,0.4053111121913197,0.54620848112835,0.0,0.0,0.0,0.3502211595891712,0.403025508434297,0.4469549152272692,0.5158435208691139,0.6584733779761954,0.5909414035709878,0.5381640048423597,0.47526183641785585,0.4606688623236364,0.3494399747501717,0.2536245399279258
ADE_val_00001520,ade20k_resnest_semantic_cityscapes_0_00_dropout_pu,0.14219946906812667,0.37878043882966617,0.543517811224015,0.0,0.0,0.0,0.19539844699474196,0.2471356228400748,0.3136185872051828,0.4084381056580133,0.6000865067099064,0.5228929607455569,0.4324292065454231,0.3721392404446355,0.31305781603573585,0.2250328895181409,0.14219946906812672
ADE_val_00001119,ade20k_resnest_semantic_cityscapes_0_00_dropout_pu,0.06271435895783718,0.37206547035909804,0.5381742106372477,0.0,0.0,0.0,0.08777026052082226,0.11900313628594861,0.1819483545847293,0.2957890360803701,0.5746832564668424,0.5124717560246415,0.3845593687042788,0.27860384609745814,0.25991924093257324,0.17764228778399108,0.06271435895783717
ADE_val_00000228,ade20k_resnest_semantic_cityscapes_0_00_dropout_pu,0.18250465030631574,0.4027136878043742,0.5365758967761695,0.0,0.0,0.0,0.24806797498296954,0.3003430559375749,0.3652669634770237,0.46677154101593854,0.5595039434548048,0.5384416728627417,0.477863189896968,0.32121120699036143,0.27704349417682855,0.2777307711441879,0.18250465030631574
ADE_val_00001760,ade20k_resnest_semantic_cityscapes_0_00_dropout_pu,0.07871836787503023,0.3215316502399781,0.0,0.0,0.0,0.0,0.10589028876709165,0.12865223007885407,0.15391119062188302,0.18939647459323478,0.27415527537486417,0.254525150989364,0.2230333418311066,0.1519031405560343,0.13360200466913108,0.07783090241491145,0.07871836787503023
ADE_val_00001881,ade20k_resnest_semantic_cityscapes_0_00_dropout_pu,0.18103127286158147,0.4654945368363194,0.5564669374706841,0.0,0.0,0.0,0.24049117261670944,0.2947156503843207,0.38335615144108676,0.5358012507910513,0.6488292102535728,0.5911502153498139,0.5489883733032113,0.42858126773094013,0.3553276040290124,0.32646837281033797,0.1810312728615815
ADE_val_00001027,ade20k_resnest_semantic_cityscapes_0_00_dropout_pu,0.19640418611325905,0.36680597119897246,0.5333909368736615,0.0,0.0,0.0,0.2721092043844456,0.3176327937687549,0.36228249427202047,0.419773158128909,0.5585514087953696,0.4906183158355094,0.43680699320825866,0.3939962000737527,0.38263968187956837,0.2760788903434148,0.19640418611325905
ADE_val_00001112,ade20k_resnest_semantic_cityscapes_0_00_dropout_pu,0.08278842539582112,0.342644225835899,0.0,0.0,0.0,0.0,0.11272475428879457,0.14633686620780534,0.20378511523468135,0.30033162010614645,0.37731437492108033,0.35001084572783997,0.30164503605429727,0.24248855362464888,0.2188373047627038,0.14217842246938944,0.08278842539582114
ADE_val_00001864,ade20k_resnest_semantic_cityscapes_0_00_dropout_pu,0.02830026901098114,0.3349440575641194,0.0,0.0,0.0,0.0,0.03818664835600722,0.050108606464719777,0.07577778762649695,0.17237405043287612,0.33461151490017266,0.2629605857640042,0.1514172803400551,0.06962604960667963,0.060583851559336856,0.10490263981640754,0.02830026901098114
ADE_val_00001423,ade20k_resnest_semantic_cityscapes_0_00_dropout_pu,0.10940916150488725,0.3797808205651964,0.5342775397928193,0.0,0.0,0.0,0.15349506694453016,0.20387863159701472,0.27354258726609093,0.3813663140425829,0.6087756236102273,0.5638585663185176,0.47255717940958186,0.3872987254365004,0.3439864091903281,0.23365511438655998,0.1094091615048872
ADE_val_00001946,ade20k_resnest_semantic_cityscapes_0_00_dropout_pu,0.35552888402327315,0.508342562282619,0.6149921041970294,0.7423036130990538,0.0,0.0,0.4797040235676221,0.5472806087044877,0.6168674861476747,0.705383285917668,0.8222269374443348,0.8010167519960817,0.7867323619954257,0.7353516956958599,0.7185874310712766,0.5439576564862282,0.3555288840232732
ADE_val_00000739,ade20k_resnest_semantic_cityscapes_0_00_dropout_pu,0.11501997456131974,0.35861947509989367,0.5818469395778906,0.7213233277631235,0.0,0.0,0.16081897504327328,0.21303837573623033,0.264825102242619,0.33991172966018907,0.6455212459541521,0.48890074264172834,0.4006794871023919,0.34735534074839725,0.3264359169340414,0.200880994769063,0.11501997456131972
ADE_val_00000982,ade20k_resnest_semantic_cityscapes_0_00_dropout_pu,0.06849510604252736,0.35507281380517414,0.5255745292614573,0.0,0.0,0.0,0.09608938961419859,0.12433561531035114,0.16967630612618184,0.2425155453704216,0.49077314520289667,0.399935433121895,0.32863226246721555,0.21819314078416724,0.18749010086604176,0.06452468791215829,0.06849510604252736
ADE_val_00000113,ade20k_resnest_semantic_cityscapes_0_00_dropout_pu,0.06790592633268797,0.37067178622045505,0.514686934911708,0.0,0.0,0.0,0.0950439860068306,0.12981407710814757,0.18648380133533585,0.27479640699135605,0.4809660428495012,0.41979025135988146,0.27380670341283225,0.18957826245607814,0.17134209580366455,0.1961750139802786,0.06790592633268798
ADE_val_00001626,ade20k_resnest_semantic_cityscapes_0_00_dropout_pu,0.2539181409439323,0.40382128559083563,0.5411544506546684,0.0,0.0,0.0,0.3404031426184795,0.3902911152161978,0.4388566062927813,0.5105131394323756,0.6314446917556659,0.5800421881568485,0.5001561091804857,0.41518715734622236,0.40081622328573324,0.40222574418082235,0.2539181409439323
ADE_val_00001514,ade20k_resnest_semantic_cityscapes_0_00_dropout_pu,0.08478676676169451,0.3921679931374249,0.5396332886240706,0.0,0.0,0.0,0.1192991464872052,0.1592315678718303,0.21669071984855473,0.3183971250162374,0.5616403926967263,0.5372593997577233,0.4375967682550397,0.30813530266060996,0.2615202303894777,0.2185295014044525,0.08478676676169446
ADE_val_00001664,ade20k_resnest_semantic_cityscapes_0_00_dropout_pu,0.11241450600444106,0.372537420854035,0.5506604622396075,0.0,0.0,0.0,0.15841897954335454,0.2060299976246591,0.24590623167548778,0.32366252223728864,0.5204066695217944,0.46061340346275365,0.410872300773006,0.2812660620602058,0.24354404752514305,0.2428856011025161,0.11241450600444107
ADE_val_00001272,ade20k_resnest_semantic_cityscapes_0_00_dropout_pu,0.07988488383748758,0.3887502413039071,0.5474491169754473,0.7225825242207192,0.0,0.0,0.11243562794855712,0.1534091601617015,0.2224714400173171,0.34442146808149304,0.6520095178293649,0.552644476799922,0.4532224090378032,0.40951283971641855,0.37880686175666994,0.2209180730941692,0.07988488383748758
ADE_val_00001903,ade20k_resnest_semantic_cityscapes_0_00_dropout_pu,0.12955774550653334,0.4159756340385733,0.5500118488356642,0.7335684752895046,0.0,0.0,0.18256506515573379,0.23613199149296918,0.29532318590629875,0.4190886297140672,0.6034242923927066,0.5625512019006291,0.5299139269428611,0.4743873796994847,0.43391134364789086,0.2540235035401692,0.12955774550653337
ADE_val_00000712,ade20k_resnest_semantic_cityscapes_0_00_dropout_pu,0.18018600329007922,0.4267522711298564,0.533583990111107,0.0,0.0,0.0,0.24317628242280112,0.29853616206371036,0.3817966729085635,0.49317939272816885,0.569148758775321,0.5376872292868794,0.46832102563794875,0.3199726052371987,0.3063834142933774,0.33921841206122516,0.18018600329007922
ADE_val_00000943,ade20k_resnest_semantic_cityscapes_0_00_dropout_pu,0.2674796231741116,0.4470665980751391,0.630558764532929,0.7474363898744495,0.0,0.0,0.3513278369619917,0.40848602688656976,0.48454223925937706,0.6383443730222935,0.7854020174282972,0.7512234602869448,0.5683507621519513,0.42355781177810037,0.41036463627752434,0.5354249196371063,0.26747962317411156
ADE_val_00001503,ade20k_resnest_semantic_cityscapes_0_00_dropout_pu,0.14909178274527093,0.3775634038607987,0.5422135697111481,0.7010835316940279,0.0,0.0,0.1999177331359398,0.24094609858183597,0.29623678299879685,0.38777137371355236,0.548773985791576,0.5137317402820991,0.3449993461293602,0.23429560573300465,0.19734408292150346,0.2833516462773362,0.149091782745271
ADE_val_00001766,ade20k_resnest_semantic_cityscapes_0_00_dropout_pu,0.03172834490300945,0.4109291887332012,0.5363096404916075,0.0,0.0,0.0,0.04437639060032855,0.05986806182503987,0.09225337846242761,0.20571826238904667,0.53791425826567,0.4708234929357744,0.3892527622458654,0.13036563233675363,0.08727030729760975,0.18596871084088334,0.03172834490300945
ADE_val_00000992,ade20k_resnest_semantic_cityscapes_0_00_dropout_pu,0.0403825497366078,0.397669639747202,0.5422668110205666,0.0,0.0,0.0,0.05609082163554541,0.07619182220716608,0.12061449914292496,0.2556454223374797,0.5964027681418357,0.5465307783001493,0.4488349708623204,0.36127380072821735,0.2984378380156552,0.2845900141928056,0.0403825497366078
ADE_val_00001661,ade20k_resnest_semantic_cityscapes_0_00_dropout_pu,0.3736219553232419,0.42668275406316425,0.5475966466848838,0.7026360417726294,0.0,0.0,0.4340302360667243,0.46650296912037875,0.5039895617829767,0.5622642346778511,0.6823824404929022,0.6478394703576267,0.5423549999320267,0.4572022746531503,0.4356265361241906,0.4220099762760831,0.37362195532324183
ADE_val_00001013,ade20k_resnest_semantic_cityscapes_0_00_dropout_pu,0.08748854157275955,0.37986861747191664,0.5281012090761051,0.0,0.0,0.0,0.12080575374001887,0.15969652747782143,0.20836124025824657,0.27114994422719124,0.5599973540473486,0.4979380205529441,0.43774472722913393,0.2673203844439762,0.23580089883663105,0.28480217343689507,0.08748854157275957
ADE_val_00000984,ade20k_resnest_semantic_cityscapes_0_00_dropout_pu,0.03145352643068908,0.33640408583970566,0.5138914773156645,0.0,0.0,0.0,0.043880033953960285,0.05962351942089143,0.09258606630936463,0.20787575922157922,0.42806122788219847,0.34472582679785263,0.3192805230699273,0.1994212679872109,0.16586413080708154,0.18036816342580259,0.03145352643068907
ADE_val_00001918,ade20k_resnest_semantic_cityscapes_0_00_dropout_pu,0.25779420308147255,0.3764451219716239,0.5302571383392608,0.0,0.0,0.0,0.3379862988786961,0.37663331713250753,0.4051171547474589,0.4449880264571103,0.5257505245761245,0.48631790187595897,0.43899900201720427,0.4036951882509663,0.36499536006052996,0.33024829509788023,0.2577942030814726
ADE_val_00000823,ade20k_resnest_semantic_cityscapes_0_00_dropout_pu,0.050242024904710816,0.3726257134512204,0.5425003203481336,0.0,0.0,0.0,0.06900975922346324,0.09071718005837368,0.1325058278674889,0.2357561721340735,0.4912792817364116,0.41565670346123496,0.29920387843131624,0.210284521032185,0.18908820916092914,0.1371748042889292,0.050242024904710816
ADE_val_00000966,ade20k_resnest_semantic_cityscapes_0_00_dropout_pu,0.1468698169402721,0.39284197126673875,0.543389595414146,0.0,0.0,0.0,0.20363273532496362,0.2538368300144949,0.3233754032160214,0.4320969201151047,0.64349099848434,0.5740371550431219,0.5244761055115054,0.39369499071680913,0.3644268061072156,0.27739540980485455,0.14686981694027207
ADE_val_00001671,ade20k_resnest_semantic_cityscapes_0_00_dropout_pu,0.05984095431377063,0.3801454851923084,0.5274158120030511,0.0,0.0,0.0,0.08389906783841514,0.11384516402749822,0.17846956003067424,0.3485023630943581,0.5536254965773002,0.5352397129869906,0.43585366626572863,0.32579774072423023,0.3048295579640111,0.2967878965113071,0.05984095431377062
ADE_val_00000709,ade20k_resnest_semantic_cityscapes_0_00_dropout_pu,0.16405981477166384,0.4090883447729205,0.5520457232044552,0.7117496182360733,0.0,0.0,0.23187590712541736,0.3068337746732071,0.38894418307018547,0.4893701153871383,0.6990875488619152,0.6492859084454018,0.5755836337418198,0.4463392483492678,0.42158489173221053,0.26190277001869156,0.16405981477166384
ADE_val_00001299,ade20k_resnest_semantic_cityscapes_0_00_dropout_pu,0.19118749311495642,0.3698137293028656,0.5338224148466478,0.0,0.0,0.0,0.27106969707768086,0.3201152218285743,0.3622628712859925,0.4369421984555939,0.5716483267670287,0.5363798022979968,0.43982850370858984,0.338516383623439,0.32190720938713746,0.3264709933216672,0.1911874931149564
ADE_val_00000676,ade20k_resnest_semantic_cityscapes_0_00_dropout_pu,0.08215204727360827,0.47380254265681665,0.5956406017375392,0.7356649331108097,0.0,0.0,0.11494264152530957,0.15520684731138953,0.23492372832794364,0.4606398451103658,0.7556179492008493,0.6900898955791566,0.5444097782797876,0.30806489117320174,0.2541067591008329,0.456321848824219,0.08215204727360827
ADE_val_00001539,ade20k_resnest_semantic_cityscapes_0_00_dropout_pu,0.34670910357391693,0.5323363472055689,0.6308774192665968,0.7354030335007836,0.0,0.0,0.4778465451310811,0.5613078010314732,0.6410119327800411,0.7252444219779783,0.7868374740686916,0.7810809580740725,0.7652283424153132,0.7404313948452835,0.7314989509208998,0.48381182438013814,0.34670910357391704
ADE_val_00000897,ade20k_resnest_semantic_cityscapes_0_00_dropout_pu,0.13630966632849656,0.3638368244563878,0.5082408744508018,0.0,0.0,0.0,0.1854949045516355,0.22376168535917207,0.2772759417162009,0.36543682240407105,0.5068453068075308,0.4756758266014451,0.41431592978295717,0.33772639595906684,0.30140089442667,0.22640574827704385,0.1363096663284966
ADE_val_00000361,ade20k_resnest_semantic_cityscapes_0_00_dropout_pu,0.06282084198531504,0.3273102677033148,0.0,0.0,0.0,0.0,0.08642998228114158,0.11352775044136891,0.1611848622566394,0.24110507622597144,0.34620919985350956,0.3116524743297665,0.26615263991385757,0.2177850743074066,0.18097399244346998,0.12113118010729884,0.06282084198531503
ADE_val_00000750,ade20k_resnest_semantic_cityscapes_0_00_dropout_pu,0.1303651072724759,0.35750899989039775,0.5269823568963866,0.0,0.0,0.0,0.17413387079983958,0.20850073380167805,0.2507844405474605,0.31850777120215334,0.5137229463214316,0.4507820043522036,0.33672467223822855,0.26778659860569065,0.2520933341849003,0.18491310478534095,0.1303651072724759
ADE_val_00000099,ade20k_resnest_semantic_cityscapes_0_00_dropout_pu,0.08755771552332209,0.3614405817078124,0.5028057105799421,0.0,0.0,0.0,0.12282413383011503,0.16271765666941745,0.21976953232895366,0.31148530657443135,0.4757735436991694,0.4608931403555854,0.41072684220750794,0.3276809236341967,0.32759502482718295,0.13216555312989064,0.08755771552332209
ADE_val_00000351,ade20k_resnest_semantic_cityscapes_0_00_dropout_pu,0.04209417647842846,0.3393791334322279,0.0,0.0,0.0,0.0,0.05911717298322169,0.08105463117402675,0.12410944954155342,0.21730662873577392,0.3768748241555467,0.30390216370348494,0.2075934886009161,0.12581203481730152,0.10623127257096053,0.17100913262992515,0.04209417647842846
ADE_val_00001715,ade20k_resnest_semantic_cityscapes_0_00_dropout_pu,0.11272912821147547,0.4070667318205099,0.5545750273116912,0.0,0.0,0.0,0.15802120458642346,0.20558146676369587,0.27037496555462665,0.3845836857659283,0.6431693502668154,0.6323400138058304,0.5821671334062669,0.4110682116792292,0.3158170849566745,0.24385843170934038,0.11272912821147547
ADE_val_00001484,ade20k_resnest_semantic_cityscapes_0_00_dropout_pu,0.14758656230179185,0.4016298747169738,0.5482978860302705,0.0,0.0,0.0,0.20370675473624456,0.2529510738707219,0.3128215585974003,0.4268894127976193,0.5839236128813743,0.4922392110739979,0.31585464719297346,0.25340203441412845,0.25413499294560354,0.26532617519655877,0.14758656230179185
ADE_val_00000681,ade20k_resnest_semantic_cityscapes_0_00_dropout_pu,0.23451585763009747,0.379514796428095,0.5534696458754198,0.7023494166579349,0.0,0.0,0.3037677431356166,0.3432275240252361,0.38754362409081256,0.4546643753182855,0.6162173537212984,0.5679595929875796,0.5042528688884087,0.4284098547183825,0.40291483747438667,0.3329865103418328,0.23451585763009744
ADE_val_00001494,ade20k_resnest_semantic_cityscapes_0_00_dropout_pu,0.0657253440698205,0.35281592931836536,0.5187030220883788,0.0,0.0,0.0,0.09201026576084699,0.12263169171984917,0.18112946094198248,0.3145354400139767,0.4633199706967141,0.379949031191009,0.36474487948682394,0.21566162545847697,0.17432469428518566,0.2570072252521415,0.06572534406982052
ADE_val_00001039,ade20k_resnest_semantic_cityscapes_0_00_dropout_pu,0.1694975891387139,0.39628311237129554,0.5367664558655373,0.0,0.0,0.0,0.23397239673971285,0.2982751622002353,0.3670180166001185,0.45803201208372035,0.593371357644094,0.5605103566173834,0.49814786545204087,0.40819082161300757,0.3819123762993717,0.3302029298984869,0.16949758913871388
ADE_val_00000990,ade20k_resnest_semantic_cityscapes_0_00_dropout_pu,0.14718958787540745,0.37614472074528355,0.5317404347867973,0.0,0.0,0.0,0.20365391768564325,0.2441918530447568,0.29153613339847906,0.3854108993669814,0.5066298641687159,0.4759798929644034,0.4029799094409542,0.27621268374289815,0.23858624490961247,0.2634532121711924,0.1471895878754075
ADE_val_00001873,ade20k_resnest_semantic_cityscapes_0_00_dropout_pu,0.045279568670541344,0.3280285619822944,0.0,0.0,0.0,0.0,0.06191353403713994,0.08142074877301823,0.11915492705672052,0.20785594961964657,0.3392212362571761,0.2889579766959022,0.1897384754196065,0.12303553210162475,0.10336370740250703,0.10755961796359319,0.04527956867054134
ADE_val_00001554,ade20k_resnest_semantic_cityscapes_0_00_dropout_pu,0.10972769545058636,0.39232448565892575,0.5140100622592673,0.0,0.0,0.0,0.15105701884788564,0.19505059346604683,0.2630296811501386,0.3969963878571268,0.5033025970744784,0.4600265875206575,0.37155833812689537,0.31145311361578026,0.24431228046144848,0.3589390476235128,0.10972769545058633
ADE_val_00000773,ade20k_resnest_semantic_cityscapes_0_00_dropout_pu,0.16633402662790978,0.3782217022061043,0.5310826612477816,0.0,0.0,0.0,0.22154576192676823,0.26558842764704693,0.3220380232218046,0.41260740958059333,0.5726418028412698,0.5409656679281896,0.5157891571243729,0.4524103870788909,0.4101877115433031,0.2823167254828705,0.16633402662790972
ADE_val_00000327,ade20k_resnest_semantic_cityscapes_0_00_dropout_pu,0.07846627892303794,0.3641706985040006,0.5132448123646097,0.0,0.0,0.0,0.10907285163335384,0.14493458666469192,0.20942068065707165,0.3273887617541703,0.4872882836624261,0.44483954693136846,0.37271427156451453,0.3425891767540425,0.3234791605156877,0.24114404739987105,0.07846627892303794
ADE_val_00001428,ade20k_resnest_semantic_cityscapes_0_00_dropout_pu,0.06744260237493106,0.393667793583059,0.5430618843621333,0.0,0.0,0.0,0.09501609293087558,0.1303647340470068,0.20127124902642507,0.3506016684388578,0.5860130743995753,0.5157064738975483,0.425994100339102,0.27931137163264524,0.2239907844185805,0.19943956888628359,0.06744260237493105
ADE_val_00001258,ade20k_resnest_semantic_cityscapes_0_00_dropout_pu,0.17916253538736837,0.3870701026708106,0.5301045909172408,0.0,0.0,0.0,0.24870595767097098,0.3028050564433331,0.36207900817626226,0.44598958137074685,0.5411632397676764,0.5032237534584195,0.4793485418197918,0.3720631526660078,0.31203759762328026,0.27185653404120125,0.17916253538736843
ADE_val_00000257,ade20k_resnest_semantic_cityscapes_0_00_dropout_pu,0.1295055003054832,0.375934615074882,0.5096870103994119,0.0,0.0,0.0,0.16759392161846476,0.19249118833192475,0.2213554030808884,0.2849572590568691,0.503986391455386,0.4586800677567681,0.3702666592297477,0.2960837672205663,0.2540911435029921,0.24204013438649508,0.12950550030548316
ADE_val_00000405,ade20k_resnest_semantic_cityscapes_0_00_dropout_pu,0.07681659365479958,0.37977419213025754,0.526445941494287,0.0,0.0,0.0,0.10831653016109646,0.14704238128260944,0.21134265745025632,0.34567151601141816,0.49937285600373527,0.4150943654466811,0.3305094137977013,0.22705050413128827,0.19745112516068486,0.24987202664545222,0.07681659365479958
ADE_val_00001696,ade20k_resnest_semantic_cityscapes_0_00_dropout_pu,0.03460554375616471,0.37890815567984437,0.528732853779902,0.0,0.0,0.0,0.04759421024942473,0.06333703658120776,0.09623753429017914,0.2273754427354707,0.552473948566388,0.48801716871205664,0.3797534958344116,0.2729040872197514,0.23681203398295952,0.17652680101589396,0.03460554375616471
ADE_val_00000969,ade20k_resnest_semantic_cityscapes_0_00_dropout_pu,0.10280817416135407,0.40969453805762435,0.5803350700246294,0.7222551113607827,0.0,0.0,0.14414636244828305,0.19023080765345776,0.26385481765117197,0.4119163666023038,0.6995346155220316,0.6658124990321995,0.6218013702284171,0.484188477785711,0.440347150378572,0.2067504343354763,0.10280817416135409
ADE_val_00001943,ade20k_resnest_semantic_cityscapes_0_00_dropout_pu,0.12548832402044205,0.3579356436475134,0.522556860649604,0.0,0.0,0.0,0.17431067066967065,0.21843820132671343,0.2719532180072138,0.35769292660273394,0.5434867995974407,0.5140904235097226,0.4657633312149612,0.3787200866883471,0.3485226123494744,0.22874075749264489,0.125488324020442
ADE_val_00000716,ade20k_resnest_semantic_cityscapes_0_00_dropout_pu,0.06995783934377804,0.34553980765545883,0.0,0.0,0.0,0.0,0.09760406201878793,0.1269994778752894,0.17192314385991875,0.24007981223928623,0.4298941190612716,0.3597827482391387,0.24871561879067972,0.15619166931596168,0.14421815922113204,0.15789949379576337,0.06995783934377804
ADE_val_00001647,ade20k_resnest_semantic_cityscapes_0_00_dropout_pu,0.16508916518620084,0.40075546685874286,0.5662396639792161,0.0,0.0,0.0,0.2222593282546593,0.2686538619971012,0.3287601574161346,0.4419081309842458,0.6245469767070666,0.5987206335353098,0.513611778199707,0.34226501204257276,0.3099709230160047,0.2569973982988465,0.16508916518620087
ADE_val_00001010,ade20k_resnest_semantic_cityscapes_0_00_dropout_pu,0.051546506804890625,0.38508283091707035,0.5470032044704061,0.0,0.0,0.0,0.07202015148848126,0.09762701902454886,0.1516748101426935,0.26919733182630207,0.5691685740337171,0.4433911548680245,0.34313491896851245,0.28708430655120465,0.27061299663306454,0.241883441248152,0.05154650680489063
ADE_val_00001789,ade20k_resnest_semantic_cityscapes_0_00_dropout_pu,0.04906004167797006,0.38545654660597306,0.5321946751491605,0.0,0.0,0.0,0.06802291049577144,0.09076413153922176,0.13775666731652952,0.2847605121458404,0.5589865355774979,0.5128316831184246,0.4069376635033861,0.27564205215254867,0.23765300698603115,0.23744494252892193,0.049060041677970054
ADE_val_00001739,ade20k_resnest_semantic_cityscapes_0_00_dropout_pu,0.1141849279381403,0.39537439147372994,0.5378211724313733,0.0,0.0,0.0,0.15636186090718465,0.19895620510929837,0.2620908501513832,0.38978792272536245,0.5922340415604374,0.5544583737269843,0.5056158974470282,0.39986731262110525,0.34663858121171987,0.203979807692625,0.11418492793814031
ADE_val_00001421,ade20k_resnest_semantic_cityscapes_0_00_dropout_pu,0.14452807478216803,0.41241197776242006,0.5549856434828021,0.7010623098967831,0.0,0.0,0.19934478903539982,0.25360630384100635,0.33570640056485146,0.4612456488625392,0.665395230202123,0.618651045400175,0.5637954787568286,0.45526164252688645,0.43255454534025467,0.2765583396372523,0.14452807478216798
ADE_val_00000602,ade20k_resnest_semantic_cityscapes_0_00_dropout_pu,0.09336260094864146,0.3875198585859878,0.5888813725555522,0.0,0.0,0.0,0.13145163554108427,0.16787109488088545,0.21687943953570915,0.3162715342701981,0.6120267130172068,0.523083666608002,0.45055697556349034,0.3267341792953749,0.3028768405694077,0.11909910264029774,0.09336260094864146
ADE_val_00000580,ade20k_resnest_semantic_cityscapes_0_00_dropout_pu,0.060871209614464766,0.4765707911716059,0.5861622263954738,0.706150584544374,0.0,0.0,0.08418363404621933,0.11096950156005116,0.16081857204143726,0.3192939778069766,0.7045712193973853,0.6870591759793885,0.6083889656539405,0.41579918988778425,0.38662363857624626,0.3471300419370518,0.06087120961446477
ADE_val_00001414,ade20k_resnest_semantic_cityscapes_0_00_dropout_pu,0.03561192822776499,0.3896599432209702,0.5241827376162952,0.0,0.0,0.0,0.04956588849835234,0.06743686067800234,0.10788328362178229,0.2562147327230467,0.4614189068731172,0.42589566611726615,0.25306617639567813,0.15077964084393572,0.10976911432931251,0.185572469920245,0.03561192822776498
ADE_val_00000744,ade20k_resnest_semantic_cityscapes_0_00_dropout_pu,0.16522663259242887,0.4303578130227212,0.5534877424040064,0.0,0.0,0.0,0.21734299190769404,0.26114825007457376,0.3266359946202452,0.46977010688663723,0.6627243299812419,0.6394539275792495,0.5932345649605427,0.4232752420863887,0.3817677490319457,0.3137729688369266,0.16522663259242884
ADE_val_00001193,ade20k_resnest_semantic_cityscapes_0_00_dropout_pu,0.05832813306187064,0.42497015918917935,0.5353627763003866,0.0,0.0,0.0,0.08184587538738772,0.10804587230094725,0.15131904472492255,0.23765388605189144,0.5966299541428928,0.5177492281314181,0.42483204513340683,0.22428898910609846,0.16925893226612812,0.2568818423355772,0.05832813306187064
ADE_val_00001304,ade20k_resnest_semantic_cityscapes_0_00_dropout_pu,0.20390675101772163,0.402883760667309,0.5487415855071717,0.0,0.0,0.0,0.27037324644347194,0.31769542075799934,0.38182772289080186,0.47825218022301624,0.5908833612417856,0.5198294644724993,0.46620598297695665,0.38099467210399074,0.3230331499685267,0.3755452602609581,0.20390675101772165
ADE_val_00001970,ade20k_resnest_semantic_cityscapes_0_00_dropout_pu,0.08645489628053185,0.38206133754192084,0.5458038407928564,0.0,0.0,0.0,0.12093454349384238,0.15943180185895797,0.21800559415671694,0.32394701246572943,0.5992536401473295,0.5295359432698072,0.4399732616886141,0.39498670759446086,0.3513454093122729,0.21226362598956058,0.08645489628053184
ADE_val_00001439,ade20k_resnest_semantic_cityscapes_0_00_dropout_pu,0.302687134424477,0.3852813532043941,0.5457388881891315,0.7177938199765777,0.0,0.0,0.36052810355467846,0.39106312269178883,0.42676317941078756,0.4831823327949625,0.6398684843254958,0.5828450001668711,0.5347378304483817,0.46822274484366994,0.4334731830355757,0.3461447004287149,0.30268713442447703
ADE_val_00000439,ade20k_resnest_semantic_cityscapes_0_00_dropout_pu,0.20054934709699784,0.4098492724973709,0.53078113748812,0.0,0.0,0.0,0.2768927016570364,0.33321520857679937,0.401228395556528,0.49086318212665725,0.6459055688956563,0.6082865381484351,0.5531084830994818,0.4646596899503975,0.4386206721350333,0.2899884197462325,0.20054934709699787
ADE_val_00001236,ade20k_resnest_semantic_cityscapes_0_00_dropout_pu,0.07763642990468574,0.3790755019315956,0.5251701919724717,0.0,0.0,0.0,0.10805389398083451,0.1455177057657715,0.21025508348164718,0.3162585686150599,0.47081400278358015,0.41043800074433756,0.3659642016685193,0.23666703839287476,0.19980960049046217,0.2438529153596789,0.07763642990468574
ADE_val_00000531,ade20k_resnest_semantic_cityscapes_0_00_dropout_pu,0.14006499431497912,0.4149689789401309,0.5591042227862645,0.7028152969647163,0.0,0.0,0.19428744104782922,0.25124926226633676,0.33457237871780127,0.4667145974724574,0.67996549714206,0.6441641600786727,0.5846858214313633,0.4979651132580941,0.4718403681684162,0.32532502747879644,0.1400649943149791
ADE_val_00000306,ade20k_resnest_semantic_cityscapes_0_00_dropout_pu,0.11262488087136888,0.3715714841684561,0.5354495938759329,0.0,0.0,0.0,0.15770856338363606,0.2078486316259985,0.2744789925450482,0.3713533381967022,0.5944166058629365,0.5288207929697326,0.4699262876146695,0.40640052746556493,0.3638024531620462,0.25589982966034885,0.1126248808713689
ADE_val_00001477,ade20k_resnest_semantic_cityscapes_0_00_dropout_pu,0.13282957098456,0.38498537998518306,0.5366309255813596,0.0,0.0,0.0,0.18376680253315109,0.23319539095818348,0.2999353660827944,0.4081085161430426,0.6067589818819045,0.5430337982093841,0.44166751631745726,0.28887855260395023,0.2650215877267736,0.2205698181650112,0.13282957098456
ADE_val_00001449,ade20k_resnest_semantic_cityscapes_0_00_dropout_pu,0.0540432540963443,0.36798463460910896,0.5266504912073384,0.0,0.0,0.0,0.07545226711071312,0.10289192451520646,0.16280444223328472,0.3262772219569726,0.49207905276343733,0.455809570287595,0.4188321450716277,0.33086471232096465,0.2745627469930833,0.24454533994640026,0.05404325409634429
ADE_val_00000926,ade20k_resnest_semantic_cityscapes_0_00_dropout_pu,0.19700645522147534,0.3965095486593935,0.553594508388842,0.721469210746535,0.0,0.0,0.26996113768934155,0.33293444830140767,0.3991895150877145,0.4814845121588061,0.6621391788915186,0.5428815510850666,0.43009879744453733,0.3564777441477254,0.3393934483366809,0.31503642461670256,0.19700645522147534
ADE_val_00000546,ade20k_resnest_semantic_cityscapes_0_00_dropout_pu,0.3577915756761568,0.48239314356763396,0.580104966482871,0.725075447163614,0.0,0.0,0.46020362794266745,0.5179287798468424,0.5710080421508676,0.647940606886872,0.7697806596137245,0.7492089652433366,0.7098794579355693,0.6778446456014184,0.6517886987100754,0.5036996126938975,0.3577915756761568
ADE_val_00001301,ade20k_resnest_semantic_cityscapes_0_00_dropout_pu,0.06103857672252478,0.35842293371676587,0.5137534457555079,0.0,0.0,0.0,0.08569000778998913,0.1146867894782621,0.16068369440440428,0.22646097225706277,0.346430075462749,0.2747609724917499,0.15985459671420751,0.10904997579348637,0.10495085267868103,0.11386794672520158,0.06103857672252477
ADE_val_00001597,ade20k_resnest_semantic_cityscapes_0_00_dropout_pu,0.15884229689085017,0.42409110957779733,0.5588244336373024,0.717208163794235,0.0,0.0,0.22431885769271487,0.30863816280279344,0.4158816027610404,0.5264748425362136,0.7008965210294457,0.6298098241524867,0.5695173083691887,0.49843154278965734,0.46931845147585993,0.3834345847225828,0.15884229689085017
ADE_val_00000636,ade20k_resnest_semantic_cityscapes_0_00_dropout_pu,0.19357652769069636,0.37997980234315487,0.5173106552595282,0.0,0.0,0.0,0.26776450795699247,0.32120192206765297,0.3723916888422399,0.43769509838076665,0.5320020991833492,0.5237122954979617,0.4878290897310191,0.4447639145507699,0.43293227129099715,0.27791476454097913,0.19357652769069636
ADE_val_00001866,ade20k_resnest_semantic_cityscapes_0_00_dropout_pu,0.06762073505823785,0.3585102842639691,0.5530186788387993,0.0,0.0,0.0,0.0944932335510957,0.1281186126327681,0.1973625742662169,0.31259667022525456,0.5266010482925815,0.4006774342592989,0.3182458854894903,0.26026322677512187,0.21079900684230102,0.16869541377479477,0.06762073505823783
ADE_val_00001908,ade20k_resnest_semantic_cityscapes_0_00_dropout_pu,0.06833681067328332,0.3748175301629946,0.5396554585730954,0.0,0.0,0.0,0.09522288402754744,0.12882473637634267,0.1999187693578517,0.3380367238857476,0.48419267032855556,0.4171264603072515,0.35787622020283444,0.21583528719332945,0.17305739558531583,0.23546829999393515,0.06833681067328332
ADE_val_00000935,ade20k_resnest_semantic_cityscapes_0_00_dropout_pu,0.0966473978777953,0.3330675722201559,0.5230299525024137,0.0,0.0,0.0,0.12251799623033734,0.14819341534858074,0.19228139479020911,0.2635690625929224,0.3515418970483216,0.2840426444180879,0.2587946775018139,0.1734725323193068,0.1492329794834218,0.13083731938240015,0.0966473978777953
ADE_val_00000298,ade20k_resnest_semantic_cityscapes_0_00_dropout_pu,0.2482218825388416,0.47108294642742327,0.6235501342548507,0.7346771449287792,0.0,0.0,0.34252096354364575,0.42286078273880634,0.5122344640487371,0.6568977401632391,0.8022357146622124,0.7917299188939333,0.7610536159774215,0.7182719675658993,0.7135114471962616,0.4405785241675611,0.24822188253884164
ADE_val_00001328,ade20k_resnest_semantic_cityscapes_0_00_dropout_pu,0.11641551560520415,0.3813935996985306,0.5283784129671455,0.0,0.0,0.0,0.15877327329180116,0.20164444416110397,0.26403454303099827,0.37550751908417407,0.5376091820829987,0.45892943469941505,0.3974268910697381,0.2711146754514713,0.22844164918987375,0.28891778935553813,0.11641551560520413
ADE_val_00001000,ade20k_resnest_semantic_cityscapes_0_00_dropout_pu,0.1604220581289545,0.353137355878755,0.5410287115633804,0.0,0.0,0.0,0.21826275973441667,0.2670774829565494,0.31254549667305254,0.3752915668189079,0.4908526593754079,0.410526590030643,0.35192680388664066,0.3029489498846434,0.259606352798014,0.2626749287060865,0.1604220581289545
ADE_val_00001481,ade20k_resnest_semantic_cityscapes_0_00_dropout_pu,0.20270312322795742,0.4970602208664067,0.6093107139332808,0.7309536438626719,0.0,0.0,0.2855301738840454,0.37232153343551627,0.48354773005424356,0.6365856904839347,0.7639164998591812,0.7152211858734898,0.6740549481624923,0.5935612454108647,0.5337825374326169,0.4190118887299117,0.20270312322795742
ADE_val_00000426,ade20k_resnest_semantic_cityscapes_0_00_dropout_pu,0.06764127372764012,0.3922552070168116,0.5424589431568927,0.0,0.0,0.0,0.09404546998722328,0.12554699290580354,0.18411058970138786,0.3302292747012711,0.6374381917028661,0.538204061951179,0.4324237903032228,0.31054212513874896,0.27898653761263,0.292630731428512,0.0676412737276401
ADE_val_00001569,ade20k_resnest_semantic_cityscapes_0_00_dropout_pu,0.12007687366177336,0.3803164619351894,0.5519172800512191,0.0,0.0,0.0,0.1570805090867602,0.18938955245819622,0.23595208085495514,0.33673422028802974,0.5496019354159951,0.47004116803421936,0.3319500667320252,0.2561323126994569,0.23790182965537657,0.23643157454168892,0.12007687366177337
ADE_val_00000568,ade20k_resnest_semantic_cityscapes_0_00_dropout_pu,0.15127582827093028,0.46025721861560226,0.5738343084721929,0.7304762655618514,0.0,0.0,0.21167439841373661,0.27603794886527083,0.38128170321740423,0.5441260740655322,0.7754889880917588,0.697685399499219,0.630279349680631,0.5197576503555935,0.48884607993131984,0.393669521917222,0.1512758282709304
ADE_val_00001234,ade20k_resnest_semantic_cityscapes_0_00_dropout_pu,0.17109868929333694,0.4386686405249836,0.5592123926549294,0.7110004515437217,0.0,0.0,0.24203807473477093,0.3141274058953115,0.4073734925819474,0.5278926102915105,0.7063226947691333,0.6766281739612084,0.6196946800665327,0.5499200564799644,0.5256008440616449,0.41413513107603844,0.17109868929333694
ADE_val_00001287,ade20k_resnest_semantic_cityscapes_0_00_dropout_pu,0.2348357720411895,0.5554258819995875,0.6108599020449578,0.7232895575632273,0.0,0.0,0.33096022355967225,0.44210985347309356,0.5885518695041848,0.6791908654169269,0.7935800444563295,0.766709968449559,0.7292443437283045,0.7020302807297635,0.6896327366816185,0.456195694939127,0.23483577204118952
ADE_val_00001243,ade20k_resnest_semantic_cityscapes_0_00_dropout_pu,0.09837558623671261,0.3756478936920763,0.5205418184507156,0.0,0.0,0.0,0.13520272822677018,0.1761993398685985,0.2422727212798715,0.3517472465618055,0.5269351086444563,0.5024127790116274,0.4234089397886691,0.272464064522894,0.2608303600783565,0.2053699016079225,0.09837558623671266
ADE_val_00000562,ade20k_resnest_semantic_cityscapes_0_00_dropout_pu,0.04111037678869512,0.35732377256994585,0.5185558907762251,0.0,0.0,0.0,0.05795611745220457,0.0797036690528619,0.12896324521640873,0.2712307493460379,0.4757961192186825,0.3869357001268585,0.29981645732783996,0.21438397984364976,0.18172700448080495,0.20299059441239958,0.04111037678869513
ADE_val_00001407,ade20k_resnest_semantic_cityscapes_0_00_dropout_pu,0.060966629152595604,0.3710944879765732,0.5357090687899139,0.0,0.0,0.0,0.08487912348992847,0.11306108909844487,0.17047748505064342,0.3108195910075339,0.488038272445211,0.3947281421766578,0.2915591918437502,0.17610186334985378,0.1366588436899964,0.1974006943006648,0.0609666291525956
ADE_val_00001623,ade20k_resnest_semantic_cityscapes_0_00_dropout_pu,0.04710219249666865,0.3580499153957783,0.5001763013517998,0.0,0.0,0.0,0.06502787385518068,0.0852982570351683,0.12107739275326952,0.18934728279909355,0.3291777196327411,0.2505072699449887,0.1798741362827972,0.11437192418172927,0.09933694357404947,0.04956833430980741,0.04710219249666865
ADE_val_00000787,ade20k_resnest_semantic_cityscapes_0_00_dropout_pu,0.06955202801417962,0.39545980909985307,0.5312391674333872,0.0,0.0,0.0,0.09601652437791497,0.12602996502428168,0.17813757431668498,0.2897632475442466,0.5600362798672414,0.5204505167407046,0.4462182408699467,0.2975988821926633,0.25351295319384265,0.2465782744186744,0.06955202801417963
ADE_val_00001768,ade20k_resnest_semantic_cityscapes_0_00_dropout_pu,0.2093015320306368,0.40852018910115473,0.5457005499610497,0.0,0.0,0.0,0.28099234433898385,0.3324472614213449,0.3942576752323614,0.4927911710008687,0.6150136738420465,0.5934965724335645,0.5428961209819336,0.45221773919040503,0.41913072250118766,0.34520230253733625,0.2093015320306369
ADE_val_00000778,ade20k_resnest_semantic_cityscapes_0_00_dropout_pu,0.10970597321412738,0.42339510246629714,0.5750205750450214,0.7099117930035596,0.0,0.0,0.15127796850449696,0.19807311127741897,0.2693274390589363,0.413090726237211,0.67004229038352,0.645412781396016,0.584006705734089,0.4306786700777978,0.400312319642901,0.3359837426983571,0.10970597321412741
ADE_val_00000566,ade20k_resnest_semantic_cityscapes_0_00_dropout_pu,0.17811764046788725,0.37324217335295845,0.5581521687730542,0.0,0.0,0.0,0.2521966766133106,0.31863945456332976,0.3602898900778248,0.44137746068658545,0.669347629585938,0.6409777747895129,0.5838934493500445,0.5068758531810047,0.4788911379353997,0.3179889784794397,0.17811764046788733
ADE_val_00000765,ade20k_resnest_semantic_cityscapes_0_00_dropout_pu,0.0437205282315944,0.4129163686944532,0.5324755369896659,0.0,0.0,0.0,0.06095977390659938,0.0808776575405736,0.11267674405602258,0.1760757587778747,0.42931708078865677,0.248142863761342,0.14870628152482254,0.10563992671380826,0.07948000756545238,0.04798247795661732,0.04372052823159439
ADE_val_00000955,ade20k_resnest_semantic_cityscapes_0_00_dropout_pu,0.19194635367876334,0.33801473970839374,0.0,0.0,0.0,0.0,0.2512769685769266,0.2831026009406593,0.31229523296371553,0.35519584402435095,0.42310129607633046,0.3922060311107578,0.3399938469078077,0.29879401972883524,0.28909886626049697,0.24127733028596787,0.19194635367876334
ADE_val_00000321,ade20k_resnest_semantic_cityscapes_0_00_dropout_pu,0.09567596316939102,0.36776438199841804,0.5433733193200759,0.0,0.0,0.0,0.13458789676195348,0.17767040640773937,0.23743130204926774,0.33083384412556205,0.6279948259580845,0.5407203893933311,0.40598904935612706,0.2567602450215048,0.2358128287804329,0.26232483830584674,0.09567596316939105
ADE_val_00001619,ade20k_resnest_semantic_cityscapes_0_00_dropout_pu,0.18233675628684856,0.49508278955548146,0.6369992572560933,0.7523779088913186,0.0,0.0,0.2551960284103965,0.33743220081688663,0.4749218611852924,0.6527727652238534,0.7978807953594932,0.7767188044462442,0.7511251536122445,0.6570153369131552,0.6093781778066727,0.5506622701741802,0.18233675628684862
ADE_val_00001457,ade20k_resnest_semantic_cityscapes_0_00_dropout_pu,0.1320785042305385,0.4112691131871533,0.5550184630824384,0.0,0.0,0.0,0.18627204610822579,0.24670035408662508,0.33139054921359695,0.4620936936195396,0.6573039741544445,0.6368020390672107,0.5816937899917445,0.4386246124840212,0.41125781754915286,0.2959969895659934,0.13207850423053846
ADE_val_00001245,ade20k_resnest_semantic_cityscapes_0_00_dropout_pu,0.08821684184854002,0.3948534942550086,0.5540960431883201,0.0,0.0,0.0,0.12448007151397392,0.16744203456207896,0.23879078875254775,0.36691544650684615,0.6528258485197924,0.5473934582760357,0.4017089248815486,0.28522316874709025,0.26499548060831,0.2303221794527664,0.08821684184854002
ADE_val_00000244,ade20k_resnest_semantic_cityscapes_0_00_dropout_pu,0.09376303628453855,0.44512851575191803,0.5717688171142793,0.7074416303450637,0.0,0.0,0.1323471905174366,0.18162440481806807,0.27392921902340944,0.4433115222058435,0.6819509223679554,0.6455207261152844,0.5477800547988476,0.3926668987891751,0.3286725251431627,0.33396337350442595,0.09376303628453853
ADE_val_00001279,ade20k_resnest_semantic_cityscapes_0_00_dropout_pu,0.051897127189590095,0.34005476378817573,0.5210425015595082,0.0,0.0,0.0,0.0721746966219573,0.09608104252021475,0.13910298516810046,0.2208556675909176,0.46570722351606586,0.3616456936287362,0.3254359147583464,0.2470829171124613,0.2034576871740138,0.13228327258098924,0.05189712718959009
ADE_val_00001527,ade20k_resnest_semantic_cityscapes_0_00_dropout_pu,0.15919483012439606,0.37973157356977477,0.5428857798633822,0.0,0.0,0.0,0.2243678658705039,0.2931630284985187,0.3605890414252826,0.43688669513276723,0.6465357801418209,0.5321033061009487,0.46952558812806033,0.4484308122539865,0.4438578310469224,0.2798225026764523,0.15919483012439606
ADE_val_00000314,ade20k_resnest_semantic_cityscapes_0_00_dropout_pu,0.060376689084174234,0.34628627211361435,0.5024494104031272,0.0,0.0,0.0,0.08533492291340651,0.11519949151480972,0.16615489203360118,0.23847764362832083,0.4844426878430027,0.433413016962374,0.32808233383243157,0.21337116839829864,0.19571407530215656,0.16995532650119044,0.06037668908417426
ADE_val_00000281,ade20k_resnest_semantic_cityscapes_0_00_dropout_pu,0.07701482536114085,0.3651219162466949,0.5088314246667618,0.0,0.0,0.0,0.107384402662564,0.1457036808429808,0.21748697876365877,0.32991152960632714,0.4715998335641065,0.40356625581063843,0.34248699571847824,0.2348727810695461,0.1817653312288716,0.25680473203122056,0.07701482536114083
ADE_val_00000370,ade20k_resnest_semantic_cityscapes_0_00_dropout_pu,0.05759617026382565,0.4077063761892629,0.5401340110599734,0.0,0.0,0.0,0.08132647087594454,0.1122174026410873,0.18150322136022062,0.36299615793180884,0.6255739703736783,0.5520964886874972,0.4693945442884193,0.38268279782459386,0.3423882599475726,0.25730274617757554,0.05759617026382568
ADE_val_00000608,ade20k_resnest_semantic_cityscapes_0_00_dropout_pu,0.06213305813182063,0.32904995525334624,0.0,0.0,0.0,0.0,0.08752763293067758,0.11943407133917332,0.18513913586863837,0.2890768105973186,0.42757402038292364,0.3731476889154105,0.3394746194011606,0.29801685275967316,0.29048212207420115,0.14475849986349637,0.062133058131820615
ADE_val_00000379,ade20k_resnest_semantic_cityscapes_0_00_dropout_pu,0.22935573656095837,0.49630572639472326,0.5965874751755199,0.7231163512359021,0.0,0.0,0.3224727848042286,0.4162860004278364,0.524270002955367,0.6366724016171746,0.778423087132632,0.7395164140831646,0.7083390825555748,0.6808517876684654,0.6669634559875093,0.4362163436686702,0.22935573656095834
ADE_val_00001257,ade20k_resnest_semantic_cityscapes_0_00_dropout_pu,0.1838956770964471,0.4201597843715149,0.5483541976275624,0.0,0.0,0.0,0.24610177207214562,0.29769847693577994,0.3689208407381509,0.4936626569219016,0.6261377645318422,0.5980673538148801,0.5483541937504746,0.4625231516920179,0.4356488344274346,0.3208600407975432,0.18389567709644708
ADE_val_00000077,ade20k_resnest_semantic_cityscapes_0_00_dropout_pu,0.13304113957491048,0.44655069960865823,0.6047238252515749,0.7323446985672086,0.0,0.0,0.18644447502880312,0.24744869443914227,0.3432838281264062,0.5098390004636502,0.7581530827359443,0.7365552151402874,0.6868211633822657,0.5907167132016895,0.549432612712586,0.30186896417026404,0.13304113957491048
ADE_val_00000466,ade20k_resnest_semantic_cityscapes_0_00_dropout_pu,0.1317878472485492,0.3961942606826128,0.5462614531750922,0.0,0.0,0.0,0.18137135127292134,0.23190499541374832,0.30223004329066583,0.4213151973857437,0.6197998124515806,0.5443735663726783,0.485229065777728,0.36168321856949603,0.30456243180457165,0.2765910873030012,0.13178784724854914
ADE_val_00001334,ade20k_resnest_semantic_cityscapes_0_00_dropout_pu,0.10946640939353597,0.36577090723614464,0.5724874649687851,0.7081377187485987,0.0,0.0,0.15345921633665843,0.19162263250374714,0.233026980925297,0.31609530078012515,0.6612879274006471,0.5523288313830591,0.3838054996425563,0.2857265567627016,0.24867748885368404,0.21886959715047993,0.109466409393536
ADE_val_00000154,ade20k_resnest_semantic_cityscapes_0_00_dropout_pu,0.05925465595522813,0.34946915526920014,0.0,0.0,0.0,0.0,0.0814706325615989,0.10557178221244716,0.14969852897372896,0.2550474568423093,0.45324833507197354,0.4090941901795891,0.3142481017636792,0.22721039801572673,0.20274318247178766,0.15025749823950524,0.05925465595522812
ADE_val_00000067,ade20k_resnest_semantic_cityscapes_0_00_dropout_pu,0.09272529237723674,0.4088750754140929,0.5510377641534672,0.0,0.0,0.0,0.12996409330977024,0.17233254521338215,0.24301271174188518,0.3994439684632569,0.6364401819675451,0.5693439169922402,0.4514603971968791,0.3033560774456642,0.26899592249522664,0.2516277292292015,0.09272529237723676
ADE_val_00001398,ade20k_resnest_semantic_cityscapes_0_00_dropout_pu,0.1240765506869151,0.40063598313592025,0.5539837073187598,0.0,0.0,0.0,0.17633730655509586,0.2210051109146965,0.25981109550006964,0.35564690848147557,0.6102253450098057,0.5996336355789572,0.48494874283199935,0.36680217079678384,0.3253069281301699,0.3139121762382588,0.12407655068691509
ADE_val_00001297,ade20k_resnest_semantic_cityscapes_0_00_dropout_pu,0.0933727954300185,0.40214565177241934,0.52641738459677,0.0,0.0,0.0,0.13246086853584707,0.18229922666715492,0.2732046777525079,0.41227969634353817,0.6012004359923394,0.553942228332492,0.5019706670731515,0.3863245950640423,0.3729384244733594,0.29106787741346135,0.0933727954300185
ADE_val_00000714,ade20k_resnest_semantic_cityscapes_0_00_dropout_pu,0.055964194060318474,0.4023425845038153,0.5399196225986821,0.0,0.0,0.0,0.07865948355808743,0.10590033561325855,0.1558465983666248,0.26035619608238475,0.514122337452717,0.4284912849268499,0.22875785656836986,0.11268817221407355,0.08384089406238908,0.15523111475898477,0.05596419406031849
ADE_val_00000613,ade20k_resnest_semantic_cityscapes_0_00_dropout_pu,0.24941864988774712,0.5093770503639172,0.6157155521725541,0.7369491616352308,0.0,0.0,0.35018570107932695,0.4525636909758528,0.5589111258191843,0.6756199706788328,0.7785155042530327,0.7328687404592213,0.6633860422732134,0.5811516658004036,0.5120063204761444,0.4909952090111974,0.2494186498877471
ADE_val_00000892,ade20k_resnest_semantic_cityscapes_0_00_dropout_pu,0.06202076245641854,0.351922050017029,0.5537286925096969,0.0,0.0,0.0,0.08705219541597954,0.11856824140271019,0.1850878798160653,0.3064946783339761,0.4923697680702645,0.39253797451698375,0.2742822026749543,0.19064309525900158,0.15641178271795025,0.19712084966621682,0.062020762456418535
ADE_val_00000859,ade20k_resnest_semantic_cityscapes_0_00_dropout_pu,0.11491535775166943,0.3955811680728417,0.5492669786268426,0.0,0.0,0.0,0.1555762235204988,0.19405176761633106,0.24870139483028328,0.3774916633495787,0.6061930503176146,0.5882095018649164,0.5253659237379212,0.3992001081184901,0.347664637619857,0.27849280705019197,0.11491535775166944
ADE_val_00001544,ade20k_resnest_semantic_cityscapes_0_00_dropout_pu,0.1429745275646507,0.3726234913801966,0.5535654328817953,0.0,0.0,0.0,0.19832965474268974,0.2530215493183471,0.3114198716142238,0.39832134273250563,0.6576743116460694,0.6060553708151255,0.4713374891920795,0.38904068861197183,0.3554874883404016,0.2823085673634225,0.1429745275646507
ADE_val_00000543,ade20k_resnest_semantic_cityscapes_0_00_dropout_pu,0.19911502605310208,0.43090545539086406,0.5581455454695209,0.7189998252292583,0.0,0.0,0.27771264858421,0.35543884946056964,0.4401159090753724,0.5280298437598427,0.7090266286683091,0.6651463662065542,0.5996414991232173,0.5212436828513588,0.4942706396129587,0.34124586169375537,0.19911502605310205
ADE_val_00001686,ade20k_resnest_semantic_cityscapes_0_00_dropout_pu,0.13004756007695614,0.37897456977203015,0.6066465899226581,0.7257810098411553,0.0,0.0,0.18295264903852926,0.24368193105201208,0.3145498054537086,0.4071804084936816,0.6574216737630698,0.4976877034471495,0.41802075690982393,0.3105680247966912,0.28742372443131237,0.35699090003521317,0.13004756007695614
ADE_val_00001679,ade20k_resnest_semantic_cityscapes_0_00_dropout_pu,0.23762327475445313,0.4701779695039142,0.6039564387202536,0.7443782711620108,0.0,0.0,0.3308768507079265,0.4131260485990578,0.504395507404855,0.6327715604380958,0.7981332576630489,0.7760022285743189,0.7163116878500915,0.5767584044474026,0.5122336547511919,0.42457040188649336,0.23762327475445308
ADE_val_00001690,ade20k_resnest_semantic_cityscapes_0_00_dropout_pu,0.0562640518347396,0.3529869443299987,0.5320177506904787,0.0,0.0,0.0,0.07749033176121974,0.1030000718027794,0.14954180466903397,0.2346506940904374,0.5152375050698437,0.4224327316062433,0.3458100841059717,0.26207430354885414,0.20424923020122165,0.1596979527262125,0.056264051834739585
ADE_val_00000264,ade20k_resnest_semantic_cityscapes_0_00_dropout_pu,0.20403482162007147,0.504993703943033,0.6218628785491026,0.7396514856518103,0.0,0.0,0.28220184317891917,0.3550574432785164,0.4646982787989323,0.6452095036240367,0.8021715353794234,0.7894202198478856,0.7461523606121342,0.6507203232408265,0.6129592715441757,0.3411100668525461,0.20403482162007147
ADE_val_00001012,ade20k_resnest_semantic_cityscapes_0_00_dropout_pu,0.14984166382837283,0.3893086310752947,0.5480928408392547,0.7040775616930319,0.0,0.0,0.20623438936881747,0.25720839965586595,0.32368020434604106,0.4273414483541391,0.6416726549424431,0.5878805075033959,0.4967646256816704,0.36463741548096446,0.32858840140254003,0.2708062113998299,0.14984166382837277
ADE_val_00001154,ade20k_resnest_semantic_cityscapes_0_00_dropout_pu,0.06721388164095225,0.3917398623222562,0.539117351801573,0.0,0.0,0.0,0.09396138418044199,0.1250240759443658,0.17609022003194755,0.2733903442524823,0.5755430989789977,0.5525436631219873,0.507836304368563,0.23066152100869705,0.19071114021637514,0.21710595093171647,0.06721388164095221
ADE_val_00000547,ade20k_resnest_semantic_cityscapes_0_00_dropout_pu,0.25112879755370415,0.4359750800648033,0.5844820887931479,0.7105316193754121,0.0,0.0,0.3305497774810558,0.38577283931423795,0.4570480809488778,0.5749296205867599,0.7116785972379127,0.6938212064220223,0.6490013706562466,0.5525740740098545,0.5350680795843511,0.3917244234309123,0.25112879755370415
ADE_val_00000542,ade20k_resnest_semantic_cityscapes_0_00_dropout_pu,0.04559805699466575,0.368974354483145,0.5505307954982719,0.0,0.0,0.0,0.06403972510041593,0.08689439943871027,0.13357878363883768,0.23971736736559635,0.5905345253325354,0.5560879047737896,0.4223430320714,0.23864335098403358,0.22507890929404561,0.11789362383583868,0.04559805699466575
ADE_val_00000653,ade20k_resnest_semantic_cityscapes_0_00_dropout_pu,0.08351339374226077,0.39356948155212734,0.5455015919317728,0.0,0.0,0.0,0.115507105850987,0.1536581205928166,0.2281777264660177,0.3727654641890129,0.6187180379985737,0.575234918037873,0.4833743556484067,0.34822383139013574,0.319414244037209,0.2942671449667252,0.0835133937422608
ADE_val_00000603,ade20k_resnest_semantic_cityscapes_0_00_dropout_pu,0.10592202775364545,0.38366273679854257,0.5510459454601929,0.0,0.0,0.0,0.14140268191905514,0.1796483679887771,0.25063136422028287,0.36315942762976633,0.46362813736308744,0.43579987651232144,0.3731009004359951,0.30214455150454095,0.24681227912679557,0.2140315392647492,0.10592202775364547
ADE_val_00001252,ade20k_resnest_semantic_cityscapes_0_00_dropout_pu,0.24343184666554246,0.37780537175243434,0.5377059159234509,0.0,0.0,0.0,0.32490459958177415,0.36022807340375484,0.39970714296360615,0.47295216755119385,0.596338517961114,0.5535491057204194,0.46443834405129114,0.4347611798096407,0.3990537864121497,0.3722006733194599,0.24343184666554235
ADE_val_00000246,ade20k_resnest_semantic_cityscapes_0_00_dropout_pu,0.13824815632868148,0.4702705554359488,0.5808096823509616,0.7122558712039977,0.0,0.0,0.19558671366441754,0.26417535354543936,0.3618018845164021,0.540114123691052,0.6984883185847778,0.6735963841119453,0.639922439525689,0.6021507007060676,0.547207559659651,0.3465501301410841,0.13824815632868148
ADE_val_00001037,ade20k_resnest_semantic_cityscapes_0_00_dropout_pu,0.20749537634993778,0.4508793831289889,0.5803839068908501,0.7017656545880474,0.0,0.0,0.28249192628003417,0.34563466165740075,0.4320339321348369,0.5702466565186881,0.6958769007776137,0.6854288673154947,0.6556540160274458,0.5749640510555653,0.5124159319214165,0.3619370767927268,0.20749537634993773
ADE_val_00001264,ade20k_resnest_semantic_cityscapes_0_00_dropout_pu,0.18566487286448333,0.3942527255418418,0.5905766935845934,0.7128018457125649,0.0,0.0,0.24804898103013776,0.2973022210728018,0.35718773388592145,0.4621518122984237,0.71398791086567,0.6906803666308551,0.631245552459246,0.5762869658189891,0.5448163244107934,0.3402628576305409,0.18566487286448333
ADE_val_00000084,ade20k_resnest_semantic_cityscapes_0_00_dropout_pu,0.20203844465885853,0.42054167111022767,0.5606147568316782,0.7090663886604961,0.0,0.0,0.2785843916515041,0.34432556323728514,0.4169288788461425,0.5144754034067293,0.6801223757095046,0.621225974444398,0.569962403284644,0.49714682333897053,0.46825067249360824,0.33632996711914726,0.20203844465885856
ADE_val_00000799,ade20k_resnest_semantic_cityscapes_0_00_dropout_pu,0.03503891448913891,0.36081645277962304,0.5151465228929779,0.0,0.0,0.0,0.048048389697173795,0.06357806743289814,0.09561266596515798,0.19597517666438502,0.4592016868047268,0.3645565280067279,0.26441756716837483,0.19100276411837083,0.1448839328178233,0.15557333514515786,0.03503891448913891
ADE_val_00000805,ade20k_resnest_semantic_cityscapes_0_00_dropout_pu,0.039866476061177596,0.3748187915573516,0.5466541455890559,0.0,0.0,0.0,0.054694188896526046,0.07226872810646198,0.10824995998209429,0.22475535150411133,0.5454032901449946,0.4205019799574105,0.34662267486726445,0.24161827284217707,0.1998060634638348,0.14578853257265922,0.039866476061177575
ADE_val_00000144,ade20k_resnest_semantic_cityscapes_0_00_dropout_pu,0.09955082715733117,0.3672460333900312,0.5381048691570552,0.0,0.0,0.0,0.13980194370844765,0.18271717210944363,0.23386055334731629,0.3156381239614779,0.5631019140817279,0.5087851986689725,0.428118318531561,0.30196794850784714,0.27011329719666377,0.19250997308345108,0.09955082715733117
ADE_val_00000273,ade20k_resnest_semantic_cityscapes_0_00_dropout_pu,0.2056136377463608,0.4310101890634196,0.5496228638513635,0.0,0.0,0.0,0.28151567670988176,0.33444612432525656,0.4071825795541292,0.5190004655547634,0.6350416193740785,0.6059489523047058,0.5621899708082959,0.5030493047089918,0.4913069477940935,0.393694929830035,0.20561363774636077
ADE_val_00000473,ade20k_resnest_semantic_cityscapes_0_00_dropout_pu,0.09184222467005992,0.3699892522698342,0.5485583285970397,0.0,0.0,0.0,0.12654321189349937,0.1637785151985499,0.2172349914749449,0.3045461094046286,0.5923808007565367,0.5152154329732336,0.3388341628740227,0.24478672535068496,0.21227763924177348,0.20787512635057606,0.09184222467005991
ADE_val_00001064,ade20k_resnest_semantic_cityscapes_0_00_dropout_pu,0.048283049363007056,0.37776645205908455,0.5302774118507801,0.0,0.0,0.0,0.06699080183837192,0.08980191088890754,0.1342711969050944,0.22864191316624854,0.5298246461935404,0.43657905847046324,0.33256454950494463,0.22522123564495794,0.17804586361284871,0.10863534343120229,0.048283049363007056
ADE_val_00001673,ade20k_resnest_semantic_cityscapes_0_00_dropout_pu,0.11317427910977342,0.3526494751413541,0.5130645281209666,0.0,0.0,0.0,0.1520851441065789,0.19105101137382496,0.24526393382942252,0.33240453890230903,0.4438099124357273,0.40795777254284443,0.32462240047825053,0.20515412268113095,0.1874007567060443,0.18415176715457376,0.1131742791097734
ADE_val_00000460,ade20k_resnest_semantic_cityscapes_0_00_dropout_pu,0.16644006819923512,0.3794281197983107,0.5447164668880367,0.0,0.0,0.0,0.22859001154097514,0.28107080551733643,0.3422585302755503,0.4263152487291702,0.6310953904895164,0.5612810079840229,0.4714584808557936,0.3915678542205449,0.35869849034516,0.2790132404258273,0.16644006819923512
ADE_val_00001048,ade20k_resnest_semantic_cityscapes_0_00_dropout_pu,0.16101507064928658,0.44889769730559465,0.5611865085941705,0.7126282216049326,0.0,0.0,0.22200039683232026,0.2882250440185522,0.3916521641819445,0.5305529530041431,0.7128497478134237,0.6851220072647098,0.6200123169599264,0.5206875984678985,0.4928062170569019,0.4465926947180536,0.16101507064928663
ADE_val_00001120,ade20k_resnest_semantic_cityscapes_0_00_dropout_pu,0.14981936566184323,0.41331558504870985,0.5464844968678678,0.0,0.0,0.0,0.20638241196200843,0.25855783747215316,0.32662645970812737,0.453530489476504,0.6448244487020941,0.5935371347347613,0.5320104538831475,0.44890939193545987,0.40395162999971246,0.2775653496610568,0.1498193656618432
ADE_val_00000891,ade20k_resnest_semantic_cityscapes_0_00_dropout_pu,0.07203319382793122,0.3482957923913968,0.5260827622349927,0.0,0.0,0.0,0.1012999896371664,0.1375386629140203,0.19587312492226505,0.28389172449311223,0.5438304656675191,0.5114014627542746,0.43500178493955,0.2860784836384489,0.25429899167824865,0.16752511775556064,0.07203319382793119
ADE_val_00001474,ade20k_resnest_semantic_cityscapes_0_00_dropout_pu,0.12195680336578064,0.3802781505893937,0.5523019921140248,0.7147001211447209,0.0,0.0,0.1689663908557299,0.21471851925770055,0.2744216277127112,0.38208762849362543,0.6481330753499849,0.5719461100981098,0.46502991576067876,0.3380388921001859,0.3150327711266313,0.23485267708217067,0.12195680336578063
ADE_val_00000123,ade20k_resnest_semantic_cityscapes_0_00_dropout_pu,0.06500114976200874,0.42482859086320734,0.5677822590069916,0.70083662607541,0.0,0.0,0.09048117066837368,0.12021480569908766,0.1737401392002756,0.30343181585000456,0.6320819651972275,0.46115748347534463,0.2812102875032029,0.1383889935928554,0.114085328152352,0.19513155080824193,0.06500114976200874
ADE_val_00000115,ade20k_resnest_semantic_cityscapes_0_00_dropout_pu,0.1267509027273166,0.4233629551402783,0.5543047360688391,0.7114945318070299,0.0,0.0,0.17732868330556958,0.23728391537719132,0.32959355552581215,0.47337189473388225,0.6933154507864603,0.6412601967036253,0.5504898977165413,0.34629057421387033,0.32792462059350075,0.38037926318838566,0.12675090272731665
ADE_val_00000610,ade20k_resnest_semantic_cityscapes_0_00_dropout_pu,0.06570606950073057,0.31255197341329366,0.0,0.0,0.0,0.0,0.09163275323472675,0.11773743020952154,0.14485344251275004,0.18525201682683554,0.2930219078953449,0.23116151935256618,0.16187178971768137,0.11748873359228472,0.09857598960879266,0.1355391323567441,0.06570606950073059
ADE_val_00001672,ade20k_resnest_semantic_cityscapes_0_00_dropout_pu,0.4112079752749792,0.5000463980893476,0.5999509346434886,0.72028815304739,0.0,0.0,0.4990808324961611,0.5590507561971834,0.6165334089099144,0.6707200442576655,0.7394290553399173,0.6948867525048184,0.6531218136638783,0.6046811646130748,0.5909889135709896,0.5495833272540337,0.4112079752749792
ADE_val_00000504,ade20k_resnest_semantic_cityscapes_0_00_dropout_pu,0.11107362019602797,0.4131151656772567,0.5684569930971094,0.7325025819139609,0.0,0.0,0.1527838508514334,0.19658692132746725,0.25618034522458794,0.3761185273761312,0.7181171815580697,0.6253076828543287,0.5128386143281068,0.3734422779753091,0.3639347625228678,0.2663025890910666,0.11107362019602794
ADE_val_00000752,ade20k_resnest_semantic_cityscapes_0_00_dropout_pu,0.1381325317555949,0.3914062897079609,0.5600689746477662,0.0,0.0,0.0,0.18172864102032663,0.21606641755272357,0.2660443799951986,0.38049838409286557,0.6579459182947,0.6368513208624549,0.5407163291633071,0.3736043432737153,0.36488890683361735,0.21518969321010656,0.13813253175559487
ADE_val_00000569,ade20k_resnest_semantic_cityscapes_0_00_dropout_pu,0.04577501735649158,0.403133444865692,0.5355156597657303,0.0,0.0,0.0,0.06242866145326486,0.0833545776472633,0.12862246597487084,0.28007593364797595,0.5780442876308267,0.5237955818925155,0.471843765811463,0.3295900782052625,0.282936112832284,0.23583237022258596,0.04577501735649158
ADE_val_00000480,ade20k_resnest_semantic_cityscapes_0_00_dropout_pu,0.08707041225784161,0.41299928973346633,0.5677000258873532,0.0,0.0,0.0,0.12244300397938504,0.1646064751720545,0.23393455304583974,0.37085283253219753,0.6573578627688699,0.6304722062276951,0.5617172785752242,0.3947019059334952,0.31879495277877956,0.28989932168479443,0.08707041225784166
ADE_val_00000693,ade20k_resnest_semantic_cityscapes_0_00_dropout_pu,0.2649020455134014,0.4344026924171847,0.5732780505611385,0.7446676049289745,0.0,0.0,0.33611607018964046,0.39355218192010816,0.4632036941940801,0.5702720867053181,0.7873888330149902,0.6830776068546003,0.6689788024819792,0.5902791802391947,0.562292615357532,0.3084241092591942,0.2649020455134014
ADE_val_00000218,ade20k_resnest_semantic_cityscapes_0_00_dropout_pu,0.3363854462586692,0.4860140216627407,0.5915578071913876,0.7420938796682444,0.0,0.0,0.43252793186632704,0.5010900291088752,0.5717600913817681,0.6512342686078674,0.8012049776799297,0.7817545850253045,0.6567836496480132,0.6191223973530359,0.599239635926152,0.44521337003965544,0.3363854462586691
ADE_val_00001024,ade20k_resnest_semantic_cityscapes_0_00_dropout_pu,0.01523205879107431,0.0,0.0,0.0,0.0,0.0,0.01955173180325298,0.024246209597271886,0.0333130375982438,0.06768034494088802,0.20871642883882657,0.13424792128002289,0.10300054205470899,0.04871471923141492,0.0359816745944561,0.0498060376536735,0.015232058791074312
ADE_val_00001894,ade20k_resnest_semantic_cityscapes_0_00_dropout_pu,0.21720028507278985,0.4518578813439732,0.569303737108667,0.7209528291893008,0.0,0.0,0.29678802256946535,0.3745058908642859,0.46407334384074794,0.5755774373470581,0.7359087198523817,0.7012499323534237,0.6415356537285635,0.5902513465629194,0.5821257811962309,0.41946979643951376,0.21720028507278988
ADE_val_00000960,ade20k_resnest_semantic_cityscapes_0_00_dropout_pu,0.036328098495461814,0.3667344264727098,0.5498662383975643,0.0,0.0,0.0,0.050845201460501144,0.06913038620380861,0.10728251324713042,0.225212796352901,0.5876970278175561,0.48587506185080864,0.38858806742671737,0.2313551381188526,0.17696499557018847,0.09955058667306835,0.03632809849546181
ADE_val_00000290,ade20k_resnest_semantic_cityscapes_0_00_dropout_pu,0.21865641311852152,0.34894003787965433,0.5144640983985982,0.0,0.0,0.0,0.27214809598327494,0.3054023983667044,0.34102840328948064,0.38222796422756994,0.4778194907786048,0.4526837996973374,0.4059171030174767,0.3658606203355926,0.3536455335351405,0.3274126515432217,0.21865641311852146
ADE_val_00000211,ade20k_resnest_semantic_cityscapes_0_00_dropout_pu,0.048223766632776874,0.3610831890107456,0.0,0.0,0.0,0.0,0.06594036697437584,0.08733967745159425,0.1313738941351387,0.23461371410627604,0.43641244095380066,0.4018614759465514,0.2747818294780178,0.14761758054278384,0.12142122065444376,0.20050187627517935,0.04822376663277688
ADE_val_00000052,ade20k_resnest_semantic_cityscapes_0_00_dropout_pu,0.08208962093843217,0.3850906815623684,0.5467501763262701,0.0,0.0,0.0,0.11528763405060868,0.15389586730824495,0.2168992448664931,0.3183077041558924,0.6139041702084068,0.5085239747608526,0.40983081409244676,0.35571289206709855,0.3058638003228975,0.2096090638473415,0.08208962093843218
ADE_val_00001538,ade20k_resnest_semantic_cityscapes_0_00_dropout_pu,0.10458415024648426,0.3730098752483812,0.5473960240716531,0.0,0.0,0.0,0.14041208704988845,0.16746632300493045,0.20642065614037014,0.2858192688354066,0.48677840214785256,0.3903339798571721,0.2945939317683633,0.1810463463404021,0.15863509957621333,0.13720464241861685,0.10458415024648425
ADE_val_00001442,ade20k_resnest_semantic_cityscapes_0_00_dropout_pu,0.34862650987240273,0.4856851064288345,0.5871115872067639,0.7134588344442249,0.0,0.0,0.4624164521863838,0.5214561209388388,0.5800147567676618,0.648494604553281,0.748079211209292,0.711357878306712,0.6870522772001572,0.6673048823704879,0.6561241348850417,0.4905742646595459,0.3486265098724028
ADE_val_00000003,ade20k_resnest_semantic_cityscapes_0_00_dropout_pu,0.13052992656779797,0.39551449809590716,0.5500118624772082,0.0,0.0,0.0,0.18383786612327635,0.24732233687606325,0.34005350267152984,0.4459428173500312,0.6229890355613404,0.5313461119589047,0.4558561912840273,0.35669786731306624,0.3325061882304343,0.3381943398715405,0.13052992656779794
ADE_val_00000441,ade20k_resnest_semantic_cityscapes_0_00_dropout_pu,0.12773688649017234,0.36250355512705756,0.5509417746568827,0.0,0.0,0.0,0.17024167379868219,0.1998715549900737,0.2385336689505323,0.31468033174302046,0.551863993192616,0.4618390294639332,0.36488743635220866,0.26350705523803086,0.24361747199594844,0.19900118698282887,0.12773688649017237
ADE_val_00000586,ade20k_resnest_semantic_cityscapes_0_00_dropout_pu,0.07534348732289979,0.43236284762541705,0.5587861788756695,0.0,0.0,0.0,0.1053555983744249,0.1420156306230597,0.1801181603589575,0.24714155502009555,0.598105558046084,0.4955774276163812,0.32808676359265054,0.24222209104443068,0.21855824452357628,0.24602687268995194,0.07534348732289976
ADE_val_00000143,ade20k_resnest_semantic_cityscapes_0_00_dropout_pu,0.0926919195483312,0.37383903673793706,0.5198994264754261,0.0,0.0,0.0,0.13048700475603942,0.17535622577014529,0.2375454104584601,0.3511852685539577,0.5283054600465138,0.5077456502394516,0.42250371945759596,0.3460687850242514,0.3103497946356968,0.20765676997699817,0.09269191954833121
ADE_val_00001139,ade20k_resnest_semantic_cityscapes_0_00_dropout_pu,0.08227276297716661,0.44802016500600816,0.5888207625457573,0.7112175155233238,0.0,0.0,0.11572296890233127,0.15562978254528426,0.23084721968147026,0.39784263725071595,0.7046883489676002,0.6669097250710219,0.6218761458971644,0.5605182611392876,0.49494182566636463,0.278388592319441,0.08227276297716664
ADE_val_00000285,ade20k_resnest_semantic_cityscapes_0_00_dropout_pu,0.07588100361912428,0.3517713306228868,0.5102253302387665,0.0,0.0,0.0,0.10592462537429943,0.14099177980338798,0.19486609999359897,0.2852013433905332,0.46404827422865524,0.4154289296972845,0.3258490089299093,0.2703087070657051,0.2587423491180259,0.17855029323107297,0.07588100361912424
ADE_val_00001076,ade20k_resnest_semantic_cityscapes_0_00_dropout_pu,0.0800525215004024,0.38343209695391406,0.5241041213108413,0.0,0.0,0.0,0.11243403414264379,0.1509762339459049,0.21968088861325374,0.35012794544537384,0.5665065146422712,0.5414658213185652,0.4619541269191841,0.3627486094557253,0.35083701250627713,0.19826433575788974,0.0800525215004024
ADE_val_00000651,ade20k_resnest_semantic_cityscapes_0_00_dropout_pu,0.13033462029351706,0.40196720060273783,0.5412714887359408,0.0,0.0,0.0,0.18295150848726963,0.23855768737780805,0.3130377544438934,0.4333974667558086,0.5717611805733412,0.5007753908442004,0.4479050673939291,0.28049419524668534,0.227428825490401,0.2852201002445765,0.1303346202935171
ADE_val_00000821,ade20k_resnest_semantic_cityscapes_0_00_dropout_pu,0.073645203974295,0.367961773562656,0.5423739992589568,0.0,0.0,0.0,0.10095747147150165,0.13173701188832404,0.181058736558654,0.25933314608097185,0.5786012736841704,0.492141357355006,0.3363414586084814,0.21986752622003067,0.19281963957595313,0.18345902954322213,0.073645203974295
ADE_val_00000814,ade20k_resnest_semantic_cityscapes_0_00_dropout_pu,0.05963956085235243,0.35933297269446196,0.513255590005344,0.0,0.0,0.0,0.08316440884004202,0.11188276176434347,0.16858585456000627,0.27544749374199823,0.46334152818853214,0.4385792496777554,0.4083376720511158,0.3002078903719364,0.24216849812733804,0.18361124288649805,0.05963956085235244
ADE_val_00001961,ade20k_resnest_semantic_cityscapes_0_00_dropout_pu,0.1173448137243974,0.3575898081756423,0.504320350201917,0.0,0.0,0.0,0.16189990689818776,0.20662701911204526,0.25746049690085326,0.3401516717138256,0.4811143796435548,0.4596880325848356,0.39242729610845345,0.3249252607938471,0.3043753242162111,0.24394527768267954,0.11734481372439738
ADE_val_00001058,ade20k_resnest_semantic_cityscapes_0_00_dropout_pu,0.08319178758717076,0.3602424253845948,0.542063579122328,0.0,0.0,0.0,0.11504099155629682,0.15102393765425737,0.21945126665747375,0.3411550070309725,0.5164947200255083,0.3921549257160081,0.3456509807887651,0.21214368149070364,0.16430117845303627,0.1875057025072478,0.08319178758717073
ADE_val_00001517,ade20k_resnest_semantic_cityscapes_0_00_dropout_pu,0.05425811095560144,0.3588946410276192,0.5155490310610722,0.0,0.0,0.0,0.07566690110519078,0.10225335033276044,0.15329350783010073,0.24781593940934613,0.4742292482642368,0.4273432101414145,0.33267224913527976,0.2242261946408783,0.17934785228943614,0.13291418186955778,0.05425811095560145
ADE_val_00000256,ade20k_resnest_semantic_cityscapes_0_00_dropout_pu,0.08432867615924695,0.33400967784400715,0.0,0.0,0.0,0.0,0.11205257130346058,0.1326430511730393,0.1506854307250675,0.17543749818200746,0.3463943390981688,0.292442099845112,0.25854258037911454,0.19603088455943513,0.155076947618348,0.1234842294420253,0.08432867615924694
ADE_val_00001516,ade20k_resnest_semantic_cityscapes_0_00_dropout_pu,0.14770093565551992,0.3828000352036789,0.5379057088555845,0.0,0.0,0.0,0.20265583922246666,0.2508933581350038,0.31240645922437166,0.41016657714745114,0.5701057652385795,0.49903725326495957,0.35290126851225634,0.2592285837810712,0.22253672041692152,0.2772882820696748,0.14770093565551995
ADE_val_00000812,ade20k_resnest_semantic_cityscapes_0_00_dropout_pu,0.014637731931413659,0.32282910093432604,0.0,0.0,0.0,0.0,0.019824054782580973,0.02595355878756886,0.03862746463559313,0.08641688091507323,0.2420210236570456,0.17426864968325703,0.09461252127391422,0.06382477916833461,0.05033021478133838,0.0656068591909342,0.014637731931413659
ADE_val_00000225,ade20k_resnest_semantic_cityscapes_0_00_dropout_pu,0.17021810511689076,0.4073219662074851,0.563467669802659,0.724176104359501,0.0,0.0,0.231377696243601,0.29513248577904033,0.37480526087138033,0.48191589600938334,0.7190847708462725,0.6462150006618823,0.5990597834903575,0.5339098212863534,0.48888613280708043,0.3093830977168616,0.17021810511689076
ADE_val_00000329,ade20k_resnest_semantic_cityscapes_0_00_dropout_pu,0.20959575079898485,0.3989011466283499,0.5554201157296691,0.7035307950929027,0.0,0.0,0.2689350737363496,0.3121934184614413,0.3659233316775667,0.4644071674643584,0.6877024124604809,0.6515010181107377,0.5899212317486446,0.5033333091577435,0.46651651010196477,0.3902303568624409,0.20959575079898476
ADE_val_00000289,ade20k_resnest_semantic_cityscapes_0_00_dropout_pu,0.2088251773327759,0.35643925044417557,0.5217582406281972,0.0,0.0,0.0,0.265399908104353,0.3002632430184916,0.3390699296330338,0.3968108186646517,0.5081302024096739,0.4432092834708544,0.38610575753895515,0.3088071337839774,0.29410050160242174,0.256129735938164,0.2088251773327759
ADE_val_00000593,ade20k_resnest_semantic_cityscapes_0_00_dropout_pu,0.2071542896062687,0.42680900172523273,0.5603133976739109,0.7158670332287872,0.0,0.0,0.2911115348345121,0.36474849055890574,0.43856547517011013,0.5407620296978483,0.710142324689154,0.684962147415412,0.5740196190164558,0.5266611050717427,0.4948298943977633,0.3682534020612252,0.20715428960626872
ADE_val_00000166,ade20k_resnest_semantic_cityscapes_0_00_dropout_pu,0.08363197325274732,0.3653392458057624,0.5275866419517302,0.0,0.0,0.0,0.11443314933383916,0.14853210773488967,0.20659175266932014,0.31832380944936806,0.5209192311209639,0.45830390949730265,0.34931450195935904,0.26425105318989567,0.23003882439817563,0.18935459618791603,0.0836319732527473
ADE_val_00001324,ade20k_resnest_semantic_cityscapes_0_00_dropout_pu,0.0880999370645628,0.35612019712148785,0.5177746243628218,0.0,0.0,0.0,0.1226057965170887,0.16022863597054277,0.21778640648699077,0.30499404234344907,0.4348840637701019,0.3661312818953042,0.2691138503137096,0.18888052968875652,0.17674711730663692,0.1267858809003385,0.08809993706456279
ADE_val_00000263,ade20k_resnest_semantic_cityscapes_0_00_dropout_pu,0.43357044081385304,0.5243783644274219,0.6819267357121068,0.7834671607887138,0.9013749424586139,0.0,0.524494743826628,0.5970459703779912,0.6947802236605426,0.8121831543987937,0.899296285635781,0.8947574487692194,0.8857291405170713,0.8597314717999959,0.8303792890573329,0.6468517582001551,0.43357044081385315
ADE_val_00001576,ade20k_resnest_semantic_cityscapes_0_00_dropout_pu,0.10041378142609242,0.38870753543561165,0.5441264499311239,0.0,0.0,0.0,0.14236065421426206,0.19443497164605975,0.2426863086669534,0.32445353325266846,0.5899750535691287,0.4657459499652624,0.37426738542049615,0.2997052826217006,0.27522504816652765,0.24377174603984103,0.10041378142609242
ADE_val_00001057,ade20k_resnest_semantic_cityscapes_0_00_dropout_pu,0.2338664112943789,0.4815736163138355,0.5701971619603375,0.7020544700119622,0.0,0.0,0.32807782435970395,0.4248263853684575,0.5186046339776739,0.6008618655557983,0.6822670253203433,0.6552098508592692,0.6289568624571672,0.5498150303042726,0.5055045391435331,0.4611187374447853,0.2338664112943789
ADE_val_00000124,ade20k_resnest_semantic_cityscapes_0_00_dropout_pu,0.04714947687960499,0.3638990837836147,0.5116672810650029,0.0,0.0,0.0,0.06624876726626214,0.0904146020088502,0.13759597338999213,0.20797204411730963,0.4754964441261575,0.4046531827352025,0.2828124107427291,0.16807159119310697,0.15034969394622694,0.19773020444252032,0.047149476879604996
ADE_val_00000785,ade20k_resnest_semantic_cityscapes_0_00_dropout_pu,0.05283419257840625,0.3946421836181428,0.5290519956823693,0.0,0.0,0.0,0.07313804664417246,0.09747230302248465,0.14689959965226562,0.2822983865009505,0.5487190213367118,0.5133534195167363,0.39448777027722953,0.2669350684607034,0.2540543818608158,0.25937936791976673,0.05283419257840625
ADE_val_00000047,ade20k_resnest_semantic_cityscapes_0_00_dropout_pu,0.055583959500594894,0.3676967547660222,0.520236734908733,0.0,0.0,0.0,0.07704507519135782,0.10261379185960136,0.15257543336304472,0.28592600233982074,0.4730433970737959,0.4421420086561724,0.3930808004777851,0.29349817693598806,0.2501571801269937,0.23206868000511793,0.0555839595005949
ADE_val_00000083,ade20k_resnest_semantic_cityscapes_0_00_dropout_pu,0.03828213725433049,0.34855835849997296,0.0,0.0,0.0,0.0,0.05349360636698085,0.07208789408395441,0.10931233154646292,0.21620843255261626,0.4330010303851372,0.3954029517018354,0.30235185621253596,0.1884293513927825,0.17893718391430424,0.14214109400411604,0.038282137254330474
ADE_val_00001911,ade20k_resnest_semantic_cityscapes_0_00_dropout_pu,0.08303527176380258,0.37503569500535655,0.514032342211848,0.0,0.0,0.0,0.11604116669810188,0.15382859469220206,0.20045357788233306,0.27996777529574735,0.4616809194612581,0.2943644616277009,0.23128305528207302,0.16583784917480637,0.1405684293499774,0.17545804110839985,0.0830352717638026
ADE_val_00000299,ade20k_resnest_semantic_cityscapes_0_00_dropout_pu,0.0572363193893281,0.33895848365248193,0.0,0.0,0.0,0.0,0.07952342855212148,0.10043067699120102,0.13456870850743377,0.20887183733952064,0.36407057261133374,0.31695481186411106,0.2819880142972648,0.22328363469909793,0.19436904930238996,0.10702817182805548,0.057236319389328084
ADE_val_00001976,ade20k_resnest_semantic_cityscapes_0_00_dropout_pu,0.08000079637628149,0.35804992481080355,0.5237019732343356,0.0,0.0,0.0,0.10683154574190729,0.13437958112232304,0.17780855230734025,0.26530903145508816,0.5161079342135436,0.468208467542035,0.33869243800546656,0.2888018566010223,0.2819189023422708,0.24272523628825785,0.08000079637628146
ADE_val_00001808,ade20k_resnest_semantic_cityscapes_0_00_dropout_pu,0.030774347479365183,0.392217004336203,0.5617510592767443,0.0,0.0,0.0,0.041705334743417366,0.054512911946983184,0.080453575601065,0.17016212458742144,0.582799942032686,0.5024400341515541,0.31988625830764855,0.13951277249321115,0.10962726094767765,0.16564469114667144,0.030774347479365187
ADE_val_00000326,ade20k_resnest_semantic_cityscapes_0_00_dropout_pu,0.15312810285724027,0.3998950684286881,0.5585156996203767,0.0,0.0,0.0,0.21529609836044755,0.2625785878889246,0.31266504339540563,0.42164809609829296,0.6216719922671471,0.6080466863982756,0.5434733969886394,0.42811552148693727,0.3816457337690339,0.35754668070035256,0.15312810285724027
ADE_val_00001899,ade20k_resnest_semantic_cityscapes_0_00_dropout_pu,0.16546307138122227,0.3391431033178871,0.513404689784866,0.0,0.0,0.0,0.2349163990676428,0.27107749252249813,0.3034460657853952,0.3508514329240823,0.42483425305085737,0.3811157592105894,0.33417968482729693,0.2820872902796363,0.2701110944605018,0.22117316065680687,0.1654630713812222
ADE_val_00000369,ade20k_resnest_semantic_cityscapes_0_00_dropout_pu,0.1460483788175733,0.379918607520249,0.5316722108629012,0.0,0.0,0.0,0.1976504480980029,0.24135155187772525,0.2983903077313241,0.3954381509244874,0.5520454271876084,0.5213224638257934,0.42042611358612625,0.3315287681879232,0.29482364592512234,0.23768719838341648,0.14604837881757332
ADE_val_00001040,ade20k_resnest_semantic_cityscapes_0_00_dropout_pu,0.13994063259077055,0.4579559299799501,0.5709053807927791,0.7130008388256162,0.0,0.0,0.19422339927818894,0.2518105556855203,0.3422582710201592,0.5157622961844484,0.712772610862864,0.67633364182374,0.6132839203001925,0.5328757173883188,0.5068524961100737,0.3666476636132209,0.13994063259077055
ADE_val_00000146,ade20k_resnest_semantic_cityscapes_0_00_dropout_pu,0.062296934892447205,0.35637914214976174,0.5195037671057121,0.0,0.0,0.0,0.08762892741213642,0.11909016448401505,0.1774101028300881,0.27820250816061476,0.4891898713694035,0.4162758893056801,0.3317699693333167,0.26800701234179986,0.25846544086467577,0.2041660379778538,0.062296934892447205
ADE_val_00001969,ade20k_resnest_semantic_cityscapes_0_00_dropout_pu,0.13433553850759597,0.3956647968850078,0.5496834348039532,0.0,0.0,0.0,0.18428700831847966,0.2329746963343388,0.3006489195392508,0.41791164293502137,0.6301185535414603,0.6158854407678757,0.5714849830754077,0.41795709256499736,0.3472095048308095,0.3306689662726508,0.13433553850759597
ADE_val_00000292,ade20k_resnest_semantic_cityscapes_0_00_dropout_pu,0.21894298890013897,0.41325271116940304,0.5640755005857002,0.0,0.0,0.0,0.2939697467118836,0.34833443172744405,0.412135280451453,0.5215616938890258,0.6421899448151378,0.6221251211763171,0.5920850615698716,0.5680167038372024,0.5538902307776685,0.3630288409411989,0.2189429889001389
ADE_val_00001100,ade20k_resnest_semantic_cityscapes_0_00_dropout_pu,0.11057343362651892,0.41196064259948245,0.5372508104714525,0.0,0.0,0.0,0.15493463869341373,0.20804326638055584,0.29619726869140345,0.43356395448488255,0.6247764937750453,0.597512837412504,0.5458504487880407,0.45632435270818145,0.3964878945345247,0.29636195935621873,0.11057343362651893
ADE_val_00000019,ade20k_resnest_semantic_cityscapes_0_00_dropout_pu,0.25889214935641014,0.4721565794337779,0.5581561868695298,0.7152990783563289,0.0,0.0,0.35559764482805695,0.43933225163776285,0.5152168199219785,0.5845577247432383,0.6736627761001748,0.6616741643484163,0.6218425430726318,0.5650405022940533,0.5475425720115065,0.37485478928486726,0.2588921493564102
ADE_val_00001475,ade20k_resnest_semantic_cityscapes_0_00_dropout_pu,0.19687430936868353,0.4433526906817769,0.5905526313773295,0.7328367982079629,0.0,0.0,0.2773946704636508,0.35269253940255635,0.4333537659300042,0.5675817707353406,0.7698116244047,0.7476568495047452,0.7373952364462335,0.6193446670032816,0.5904383520349121,0.44878375944925564,0.19687430936868358
ADE_val_00000564,ade20k_resnest_semantic_cityscapes_0_00_dropout_pu,0.07754884270928844,0.37423418525097646,0.551148270679554,0.0,0.0,0.0,0.10727497181840563,0.14293378604270437,0.20966567986372786,0.33760180272434503,0.5464154989756422,0.4702823689863088,0.4118366707553094,0.3307951718160349,0.3169474728024737,0.24108158423320897,0.07754884270928843
ADE_val_00000041,ade20k_resnest_semantic_cityscapes_0_00_dropout_pu,0.11007323445863862,0.333615419385009,0.5005398316902545,0.0,0.0,0.0,0.15303671010250672,0.19538840497355328,0.23903297879411017,0.2976699772868041,0.4204276025244913,0.38699198743484087,0.34278258847370124,0.2864922168937038,0.2711358150935994,0.1562342412723997,0.11007323445863863
ADE_val_00000769,ade20k_resnest_semantic_cityscapes_0_00_dropout_pu,0.13502588198369841,0.3571658638977501,0.5336293813620101,0.0,0.0,0.0,0.18367336837767834,0.22078060014135878,0.2656688386827573,0.344466462488699,0.494502232991127,0.3980915916322433,0.3366338706925688,0.2872064557323076,0.252744207082897,0.18334594388320957,0.13502588198369841
ADE_val_00000408,ade20k_resnest_semantic_cityscapes_0_00_dropout_pu,0.046989903309021586,0.34125872529768614,0.5211897062576252,0.0,0.0,0.0,0.0656999789590612,0.08996425188463966,0.14503908050163716,0.2925852891291044,0.38449298734033094,0.3218739671880313,0.2770712537562143,0.21210301848710586,0.18615742457825246,0.1609625740895435,0.04698990330902159
ADE_val_00000939,ade20k_resnest_semantic_cityscapes_0_00_dropout_pu,0.11050288646643273,0.38926571978456737,0.5436236941628968,0.0,0.0,0.0,0.15418027871400483,0.2023965174337939,0.27473871970830993,0.39336799650276955,0.5978466269009688,0.5251791128752517,0.4464023632616038,0.4004066987218029,0.36314836714499077,0.23232320190206115,0.11050288646643276
ADE_val_00000548,ade20k_resnest_semantic_cityscapes_0_00_dropout_pu,0.05754317933378285,0.4296194581300983,0.5618075988046002,0.0,0.0,0.0,0.08023040249634114,0.10615334327317391,0.13892288095260535,0.21067834045439815,0.6419957767901484,0.5725891927687545,0.425222416748081,0.23482496484467297,0.1898217693592588,0.25052082748635485,0.05754317933378285
ADE_val_00001557,ade20k_resnest_semantic_cityscapes_0_00_dropout_pu,0.04397379149797228,0.3587741333952557,0.0,0.0,0.0,0.0,0.05958785028991745,0.07506384103967499,0.09960968618992638,0.15219237789742115,0.3654938543161654,0.2895323672697635,0.16139187310419792,0.09059217553697982,0.07743111683047603,0.07664087842056491,0.04397379149797228
ADE_val_00001367,ade20k_resnest_semantic_cityscapes_0_00_dropout_pu,0.0946612456938094,0.37814219127511306,0.5364211195924248,0.0,0.0,0.0,0.12866136514342574,0.1621812649262529,0.20917416076736597,0.30464331210698925,0.5978378079594858,0.48351299635467115,0.36461714533753764,0.2874085814937742,0.2651786087357928,0.17936154664151516,0.0946612456938094
ADE_val_00000090,ade20k_resnest_semantic_cityscapes_0_00_dropout_pu,0.11156938571521578,0.4138968063931098,0.5882866865005355,0.7022960350351006,0.0,0.0,0.15561573692304315,0.20385002252035764,0.2844466170103008,0.42424383742567584,0.6788335193396426,0.6489880046116265,0.6141952958251227,0.41046458643745104,0.35191432840302467,0.2745708389976985,0.11156938571521578
ADE_val_00001934,ade20k_resnest_semantic_cityscapes_0_00_dropout_pu,0.1761937294677133,0.44618755469988236,0.5804891876050602,0.7211669441521774,0.0,0.0,0.240133561798764,0.30097001462452055,0.3840601205470264,0.531474038287446,0.719969657458302,0.6785578029900522,0.5918700285866861,0.5548361458958031,0.5228690147487862,0.38073444798272765,0.17619372946771333
ADE_val_00000836,ade20k_resnest_semantic_cityscapes_0_00_dropout_pu,0.1371237567122235,0.46972693341964716,0.6184495921960816,0.7234759214340273,0.0,0.0,0.19160932213350443,0.25435526207616976,0.3459908700717477,0.533632332679471,0.7510079453227223,0.7191181127402431,0.6934282380367442,0.668069972896155,0.5507121396591413,0.32299011774975134,0.13712375671222346
ADE_val_00001756,ade20k_resnest_semantic_cityscapes_0_00_dropout_pu,0.08130525401190608,0.3211227595776525,0.0,0.0,0.0,0.0,0.11365240948242937,0.14927238442876445,0.18317398537432422,0.2274585692223439,0.275855914549885,0.2544417930426182,0.23883281577207366,0.15315008402224486,0.14849697236889686,0.10896389494565258,0.08130525401190608
ADE_val_00001983,ade20k_resnest_semantic_cityscapes_0_00_dropout_pu,0.1715928635826048,0.35440384603507047,0.528812697342551,0.0,0.0,0.0,0.23678721314040518,0.28773448976618354,0.33300875507481076,0.39067008651602325,0.541324389340773,0.5017605708492108,0.43761664493947594,0.36333538541690025,0.34968910979672585,0.24193083469306154,0.17159286358260484
ADE_val_00001262,ade20k_resnest_semantic_cityscapes_0_00_dropout_pu,0.16978653425238416,0.4525113610929146,0.545840480187642,0.0,0.0,0.0,0.23668611002282236,0.30010968789486786,0.387564727838482,0.5283585696775034,0.6534344887131254,0.630406383326226,0.5910946611692779,0.5480828772584724,0.5390878859816345,0.3382769621042807,0.16978653425238419
ADE_val_00001231,ade20k_resnest_semantic_cityscapes_0_00_dropout_pu,0.11801632152919872,0.3998066954198001,0.5605774882159131,0.0,0.0,0.0,0.16370529645544113,0.21685626651148196,0.28588270436362745,0.40654629650910484,0.6118697307199009,0.5513587430616919,0.4825707221933173,0.360174204028625,0.2961308612152766,0.3645399065260092,0.11801632152919869
ADE_val_00000275,ade20k_resnest_semantic_cityscapes_0_00_dropout_pu,0.18518339765527742,0.46082051628744686,0.5691890199215142,0.7123437560065803,0.0,0.0,0.26037849123666157,0.34212753389701184,0.45259864359957763,0.5712472211057619,0.7194475798339509,0.6784062000138965,0.629388233462956,0.5692825951950085,0.5678783108347532,0.4499330920508574,0.1851833976552774
ADE_val_00000064,ade20k_resnest_semantic_cityscapes_0_00_dropout_pu,0.08070774701464628,0.41476036434218894,0.5938261446976326,0.0,0.0,0.0,0.10969462212814757,0.13868812854268364,0.18275567710911875,0.2724647799418023,0.6489010755383997,0.6032881846593151,0.4416808747414418,0.2707432215356898,0.21717301741583236,0.2901460548626793,0.0807077470146463
ADE_val_00000085,ade20k_resnest_semantic_cityscapes_0_00_dropout_pu,0.058404703374384956,0.38249922012817006,0.5372173956158076,0.0,0.0,0.0,0.08181197547066658,0.10912067485866597,0.15832969052961032,0.2615977809370869,0.4933295942727711,0.40330482164732423,0.265503413100207,0.12391700047501276,0.09730117418103305,0.14706509585688488,0.058404703374384956
ADE_val_00000323,ade20k_resnest_semantic_cityscapes_0_00_dropout_pu,0.11432931492177689,0.38994735029858696,0.543974892404845,0.0,0.0,0.0,0.15843539185094724,0.20404361718035233,0.2710206529226348,0.39145911249561405,0.6232054712470354,0.5878056871070939,0.4632319505120384,0.36977225604663294,0.32978979756957405,0.30359751062694834,0.11432931492177688
ADE_val_00000554,ade20k_resnest_semantic_cityscapes_0_00_dropout_pu,0.13777000346944193,0.32708375159441117,0.0,0.0,0.0,0.0,0.1849884104397443,0.21010300904062656,0.24132358843573548,0.29655781370171164,0.3547686196923861,0.33055945175887436,0.31215000275690435,0.25722876766936126,0.22174356516474358,0.13280956314324288,0.1377700034694419
ADE_val_00001114,ade20k_resnest_semantic_cityscapes_0_00_dropout_pu,0.22734934861154169,0.43469366814081273,0.5500937731225833,0.7007738964729411,0.0,0.0,0.31772503651878825,0.3850490952314334,0.45934735082464256,0.5446272620912685,0.6650646678781057,0.6476593342944156,0.5989940046919228,0.5399211667621107,0.5185229886222055,0.36429419232428206,0.2273493486115417
ADE_val_00000611,ade20k_resnest_semantic_cityscapes_0_00_dropout_pu,0.20476895482348825,0.4339579637262843,0.5800696844017821,0.7135340061360878,0.0,0.0,0.2842612313601429,0.3545259326383725,0.43384743394084746,0.5586679285855599,0.7296595648155377,0.7011148691749741,0.6561040091008387,0.5917917519570658,0.5697158920785997,0.38947295508550306,0.20476895482348825
ADE_val_00001954,ade20k_resnest_semantic_cityscapes_0_00_dropout_pu,0.2496569423809959,0.42703882888207145,0.5382606901430801,0.0,0.0,0.0,0.3325520418829528,0.39954253881808155,0.4575716849798755,0.515137044188532,0.6160157004924423,0.5799025379059572,0.5151648761601584,0.47456645513193074,0.44490520256486804,0.42640846925066733,0.2496569423809959
ADE_val_00001574,ade20k_resnest_semantic_cityscapes_0_00_dropout_pu,0.2994889471898217,0.41517679073484237,0.5458533225992973,0.0,0.0,0.0,0.3778423417706541,0.42196098879175814,0.46831369198993644,0.5331743534133794,0.67752768695946,0.659768775750937,0.5953341711282949,0.4948788100049817,0.4626843544562587,0.3816653704110101,0.2994889471898217
ADE_val_00001362,ade20k_resnest_semantic_cityscapes_0_00_dropout_pu,0.1143048735589748,0.37329900578108777,0.0,0.0,0.0,0.0,0.1542843461899043,0.1940739139167731,0.24948376841821646,0.3495967307817773,0.46874463178856696,0.43556095309683535,0.3557334198874478,0.24296361169913552,0.21719101412672112,0.22172454600840757,0.11430487355897478
ADE_val_00000129,ade20k_resnest_semantic_cityscapes_0_00_dropout_pu,0.09921695182837421,0.3783712736364436,0.5262883728573158,0.0,0.0,0.0,0.14031109762938587,0.1919565749896134,0.2576220681703183,0.35886672841932815,0.5320419205059864,0.48625751170700204,0.4234338669173634,0.38750798450574314,0.35411656543338893,0.21846936983405976,0.09921695182837421
ADE_val_00000049,ade20k_resnest_semantic_cityscapes_0_00_dropout_pu,0.047789043593324455,0.34790930588406044,0.0,0.0,0.0,0.0,0.0656718730997968,0.08605533118416173,0.12396750295672913,0.2070956945646424,0.3821411147305092,0.2966216085329337,0.2381255929701197,0.20087688925322603,0.1656670105835585,0.08869392868696212,0.04778904359332445
ADE_val_00001751,ade20k_resnest_semantic_cityscapes_0_00_dropout_pu,0.18766042606428637,0.3834989601815778,0.5305590272529799,0.0,0.0,0.0,0.25692265953445603,0.31283125068987105,0.36985905805327884,0.44353890593135414,0.541225373002749,0.481618813437127,0.4438950034562626,0.3918139394145481,0.38747027093759917,0.29450550077265764,0.18766042606428635
ADE_val_00000491,ade20k_resnest_semantic_cityscapes_0_00_dropout_pu,0.08643771117586449,0.38633227744877646,0.5239027675587755,0.0,0.0,0.0,0.12146832180171276,0.15633481406914168,0.21211100257099427,0.3476627951497935,0.544938052677856,0.5222070538798602,0.40156762403816626,0.2504409278632099,0.21187357872858387,0.24207772354683355,0.0864377111758645
ADE_val_00000162,ade20k_resnest_semantic_cityscapes_0_00_dropout_pu,0.06779470269651586,0.3681322086997361,0.5177150284773897,0.0,0.0,0.0,0.09392571933236743,0.12578396129989267,0.1847883442211069,0.2746137242598762,0.4821979389163253,0.3631163902440968,0.24036896342790892,0.16055560777050912,0.12831268153982484,0.17182896633993947,0.06779470269651584
ADE_val_00001631,ade20k_resnest_semantic_cityscapes_0_00_dropout_pu,0.13900853697425614,0.38900522315847214,0.5626791506870801,0.0,0.0,0.0,0.1830729618044901,0.21617046367139783,0.2670942820224773,0.38228489204579447,0.6814862825370802,0.640326020802107,0.5340245276282826,0.379787177281599,0.3229185258654484,0.2805398690404525,0.13900853697425614
ADE_val_00001780,ade20k_resnest_semantic_cityscapes_0_00_dropout_pu,0.07589372849032115,0.3645400197267338,0.5182675464603068,0.0,0.0,0.0,0.10449437591663625,0.13792009383616055,0.19885280442432762,0.30327468736354096,0.5164198608494647,0.45344128010762724,0.34271479343352873,0.27530049490331343,0.25249054706166874,0.1971217891727808,0.07589372849032115
ADE_val_00000429,ade20k_resnest_semantic_cityscapes_0_00_dropout_pu,0.09942980430028066,0.4952685625601259,0.6058979276262157,0.7173110232363594,0.0,0.0,0.1400191914044837,0.19213040316864333,0.29673547475343237,0.5199747142144521,0.7417467149390575,0.7022342722298298,0.660932137308286,0.6273747793832972,0.6012244222830162,0.326969565028555,0.09942980430028073
ADE_val_00001335,ade20k_resnest_semantic_cityscapes_0_00_dropout_pu,0.09457548295128514,0.4381908963023066,0.5618818481749805,0.7586834080727753,0.0,0.0,0.13292061249644493,0.1794868561959984,0.25025604382625855,0.4220101324136143,0.796544222301934,0.6991723885873462,0.5922981833720034,0.5054403866003276,0.4645265519572763,0.2765311325005212,0.09457548295128515
ADE_val_00000880,ade20k_resnest_semantic_cityscapes_0_00_dropout_pu,0.17466142585233563,0.4479260279055767,0.5842418719773907,0.7284742956861591,0.0,0.0,0.24193683208705777,0.3136024209598936,0.4136272768184443,0.5520869763775303,0.7499675752622957,0.7399803563545162,0.7166407011851357,0.6069868208152998,0.5664043192463065,0.3392117504434544,0.1746614258523357
ADE_val_00000160,ade20k_resnest_semantic_cityscapes_0_00_dropout_pu,0.0664947856247064,0.4492133569017712,0.5649695720570498,0.0,0.0,0.0,0.09391687519654016,0.12843507361455445,0.1919233678122965,0.31062476638597175,0.6341186172722172,0.6216457744258298,0.5767707587456595,0.5046387375075689,0.4038657439934891,0.2852284480387212,0.0664947856247064
ADE_val_00000818,ade20k_resnest_semantic_cityscapes_0_00_dropout_pu,0.040940707245503,0.3615994007534245,0.5296555204725691,0.0,0.0,0.0,0.056537844594155985,0.07373243268192084,0.10562039257698447,0.1907849653549155,0.5208451599112035,0.4043851880745287,0.25735108021598035,0.1597490881325932,0.13107475773809793,0.10609492950196177,0.040940707245503
ADE_val_00000324,ade20k_resnest_semantic_cityscapes_0_00_dropout_pu,0.25938071057724593,0.43079553592318315,0.5571774743073352,0.7141369964823994,0.0,0.0,0.3433583606691693,0.40551761956949667,0.4694746673330525,0.5565974310808127,0.6945874534330393,0.640138226096798,0.5934681657970157,0.502528733643402,0.47343084257198964,0.38685258646074167,0.2593807105772459
ADE_val_00001762,ade20k_resnest_semantic_cityscapes_0_00_dropout_pu,0.17671948504069362,0.36989773507577506,0.5448454845459693,0.0,0.0,0.0,0.24310789226545199,0.28250988686269185,0.32336741362900806,0.39984353161613356,0.6066348153350198,0.5837571044476045,0.5269774765678935,0.45272180841648885,0.408688059139919,0.314025618972981,0.1767194850406936
ADE_val_00001724,ade20k_resnest_semantic_cityscapes_0_00_dropout_pu,0.2102508674778583,0.4147120821349394,0.547352739135868,0.0,0.0,0.0,0.28746115640471886,0.33827215352370216,0.40114858719271523,0.5089999004957666,0.6296392573473846,0.6091930601686343,0.5369602948969123,0.481860172738589,0.46315430070118047,0.3531379967124087,0.21025086747785834
ADE_val_00001761,ade20k_resnest_semantic_cityscapes_0_00_dropout_pu,0.04843304405713933,0.34001347411350985,0.0,0.0,0.0,0.0,0.06822826348392354,0.09264848797024562,0.1319003379698481,0.1664215847952313,0.21164871248817613,0.18073867556365497,0.15853907724509092,0.12429789036555558,0.106278482711666,0.06352463945428953,0.048433044057139336
ADE_val_00000760,ade20k_resnest_semantic_cityscapes_0_00_dropout_pu,0.0388669441382475,0.3149910682014149,0.0,0.0,0.0,0.0,0.0535965340159903,0.07158674125622733,0.10518724427650776,0.1602552540556326,0.19746455854358289,0.15611319714145702,0.14249114506743724,0.10208395127591739,0.07749767758136955,0.04034789585206155,0.0388669441382475
ADE_val_00001317,ade20k_resnest_semantic_cityscapes_0_00_dropout_pu,0.24182246662600998,0.4361259245494978,0.5503285218760899,0.0,0.0,0.0,0.31830373887266533,0.38123868413524875,0.455661022953538,0.5435083130183772,0.6253494090235993,0.569849036211797,0.5381005741662005,0.46854981588873906,0.4255338976557785,0.35696177038338006,0.24182246662601004
ADE_val_00001136,ade20k_resnest_semantic_cityscapes_0_00_dropout_pu,0.07016038924953485,0.373076438204033,0.5546551988892429,0.0,0.0,0.0,0.09905832775923328,0.1360437687491663,0.20452233787408913,0.31013349780742744,0.6185935431324046,0.5168965100882632,0.407125651270992,0.3442021508502645,0.3106883125924267,0.2179150194438993,0.07016038924953485
ADE_val_00000968,ade20k_resnest_semantic_cityscapes_0_00_dropout_pu,0.09176032172056604,0.41257239973882137,0.5613368905198587,0.0,0.0,0.0,0.12639801201057074,0.1667553304487851,0.23716620830630378,0.3768310350394572,0.6249820068967098,0.6154959394223487,0.597110474783518,0.47979598432361376,0.4323326587208473,0.2633891253028761,0.09176032172056602
ADE_val_00000398,ade20k_resnest_semantic_cityscapes_0_00_dropout_pu,0.09018882066382569,0.38549546919833666,0.5446534957856594,0.0,0.0,0.0,0.12078295845260029,0.15386625354878358,0.2110777650130354,0.33335541162605786,0.5886322700430121,0.5241999986879827,0.4273590115478594,0.31693381403037557,0.26927375848200025,0.2364631317328205,0.09018882066382566
ADE_val_00001525,ade20k_resnest_semantic_cityscapes_0_00_dropout_pu,0.10284666626231362,0.44687681692407966,0.5738461515320774,0.7081574935330568,0.0,0.0,0.14600501858411147,0.2019283624235372,0.30461784070166825,0.48797354400725407,0.7061706068082954,0.6697577032275162,0.6257997940876162,0.5650544115719626,0.4746229378277394,0.28243163288153905,0.10284666626231363
ADE_val_00000970,ade20k_resnest_semantic_cityscapes_0_00_dropout_pu,0.1591703011003268,0.40906870605789203,0.5678059193571148,0.7142740498836995,0.0,0.0,0.22025427745503462,0.27701232215255234,0.3480395898101056,0.4681644665919703,0.7118907857092084,0.6681420033443177,0.591638514138972,0.48083131459240874,0.45953467451013846,0.33114263410589884,0.1591703011003268
ADE_val_00001693,ade20k_resnest_semantic_cityscapes_0_00_dropout_pu,0.029499000792175382,0.37100643867753497,0.5328348309288282,0.0,0.0,0.0,0.04004101302527693,0.05263347909043789,0.07789040657089562,0.15167659440331288,0.5146559019696083,0.42091889295956686,0.22551420614656703,0.16500833558436753,0.15345853690121478,0.15171774794361748,0.02949900079217538
ADE_val_00001804,ade20k_resnest_semantic_cityscapes_0_00_dropout_pu,0.060216327503376105,0.3791930467896894,0.5216418381336665,0.0,0.0,0.0,0.08360767009400874,0.11146057171124973,0.15885952185566118,0.24713755632284742,0.5225880666254457,0.45624354765483593,0.3415073613624241,0.2157644620153628,0.19357672315958188,0.20151382961148542,0.0602163275033761
ADE_val_00000803,ade20k_resnest_semantic_cityscapes_0_00_dropout_pu,0.10529981629684779,0.42224839329149627,0.5654120866116206,0.7073648135923589,0.0,0.0,0.14744660184192776,0.19894899558811463,0.274552846487338,0.4298867144350502,0.6774102885480915,0.6458877780349368,0.5972649307174581,0.42684492991999046,0.3538096903671637,0.3127389646111961,0.10529981629684783
ADE_val_00000763,ade20k_resnest_semantic_cityscapes_0_00_dropout_pu,0.05606664888874168,0.3641826785248943,0.5404647975640179,0.0,0.0,0.0,0.07660933596773817,0.10170973872037387,0.15317604297396148,0.27248659434159245,0.4780266676225577,0.3677027169933717,0.27183587682103433,0.1675333454180624,0.13450580392542066,0.16128417814711582,0.05606664888874168
ADE_val_00000575,ade20k_resnest_semantic_cityscapes_0_00_dropout_pu,0.1959475890269257,0.4850193043163482,0.5772879250138501,0.7094813083363287,0.0,0.0,0.26532084372964626,0.33766704989159346,0.4493551090265118,0.5906643923874795,0.7123015302641071,0.6956128103804342,0.654783671491387,0.6104981408604762,0.5723075111158956,0.4395359765781033,0.1959475890269257
ADE_val_00001939,ade20k_resnest_semantic_cityscapes_0_00_dropout_pu,0.09669816423004675,0.3770126158285832,0.5381052035225635,0.0,0.0,0.0,0.13379667920312854,0.1784359452694894,0.25867491237730206,0.3784543994473224,0.5983042502156518,0.551134272058894,0.48872160637616496,0.36606969774747006,0.34799412276071673,0.2302694097635679,0.09669816423004676
ADE_val_00001728,ade20k_resnest_semantic_cityscapes_0_00_dropout_pu,0.09716800297675289,0.366959043521588,0.5508541498653446,0.0,0.0,0.0,0.13657077268068218,0.18536460764279972,0.2619709337404808,0.3519126442608962,0.555450703419723,0.4764028759775097,0.3924684352731763,0.3540826371314737,0.33677803155914277,0.19472851655888876,0.09716800297675285
ADE_val_00001505,ade20k_resnest_semantic_cityscapes_0_00_dropout_pu,0.047123716312461164,0.41273036348097125,0.549585969987125,0.0,0.0,0.0,0.06503947437479916,0.0859913239290278,0.12527428018033396,0.22774783880933908,0.6516237935830875,0.541327833184053,0.3728017738359272,0.22992843922321704,0.18736063858039442,0.23679767412190905,0.04712371631246117
ADE_val_00001032,ade20k_resnest_semantic_cityscapes_0_00_dropout_pu,0.1063463150270877,0.4217159054332175,0.5789660966381761,0.7159453524471037,0.0,0.0,0.147146683205641,0.19245256094889607,0.2607193718261929,0.3992060045477917,0.7026808368945181,0.6606468527117149,0.6028646842162056,0.44231043446508556,0.404635775884629,0.385726621381751,0.10634631502708775
ADE_val_00000976,ade20k_resnest_semantic_cityscapes_0_00_dropout_pu,0.02883394290852545,0.3530717799803922,0.0,0.0,0.0,0.0,0.03826945855548225,0.048218412782344754,0.0649001747593,0.10810589996947405,0.18282994554417695,0.12550981607929626,0.10768806354854749,0.07434278531225615,0.06220779622633827,0.03317861983990908,0.02883394290852545
ADE_val_00001025,ade20k_resnest_semantic_cityscapes_0_00_dropout_pu,0.0154518837010941,0.42360654335933934,0.5300609945064626,0.0,0.0,0.0,0.021481917399830013,0.028861176101348817,0.044588029147964545,0.10636297093168165,0.38997696936277426,0.27190727983439017,0.24344785190902027,0.14197749455083003,0.11078488927613343,0.10556236704031424,0.015451883701094097
ADE_val_00001720,ade20k_resnest_semantic_cityscapes_0_00_dropout_pu,0.24927854925650658,0.4316451336562225,0.5871986277460643,0.7201875678458256,0.0,0.0,0.3377027046752022,0.39695094946507997,0.46482240990251283,0.5813397752290804,0.7399025597914801,0.7198037476124454,0.686665395212054,0.5968002623891233,0.5360878054230122,0.4375153324393003,0.24927854925650655
ADE_val_00001868,ade20k_resnest_semantic_cityscapes_0_00_dropout_pu,0.09125787568755199,0.37168758918671896,0.558968221996027,0.0,0.0,0.0,0.1209594860635328,0.15219593856952338,0.20382401609343462,0.3109775682820274,0.46773345668784105,0.3490521816388016,0.2894470943948416,0.20262745784752262,0.18571399682284723,0.26740779931217734,0.09125787568755196
ADE_val_00001265,ade20k_resnest_semantic_cityscapes_0_00_dropout_pu,0.08170653809967045,0.34443084657267353,0.0,0.0,0.0,0.0,0.1148997198024691,0.15222925995597794,0.2136875142264031,0.31368931137567324,0.42089433669932547,0.40899975838618585,0.37045737987994315,0.28997786377412654,0.2475717694302762,0.14895253259663105,0.08170653809967043
ADE_val_00001290,ade20k_resnest_semantic_cityscapes_0_00_dropout_pu,0.1391820811623555,0.37811932836310713,0.5495243691497282,0.0,0.0,0.0,0.19403308975370526,0.2454019292362648,0.3047452503120541,0.40029862038515635,0.6105527331049124,0.5826097302550778,0.5302508234648179,0.4061024542756522,0.37316655697980744,0.1792806348283083,0.13918208116235548
ADE_val_00001547,ade20k_resnest_semantic_cityscapes_0_00_dropout_pu,0.11715031601316,0.38092834293547295,0.545782222908725,0.7045000201316787,0.0,0.0,0.16591497316569404,0.226652467601776,0.296733753756563,0.40199034149737206,0.6677543536719742,0.6069002864575392,0.5208610948311837,0.42686523364068113,0.39680209795420446,0.24193757106539232,0.11715031601316003
ADE_val_00000619,ade20k_resnest_semantic_cityscapes_0_00_dropout_pu,0.09070357575919516,0.3837165125478236,0.5235815073570684,0.0,0.0,0.0,0.12586801722399418,0.16483816699274387,0.22434867950511736,0.3436879697595378,0.5004787186240898,0.4511698348380663,0.350123093385082,0.20789302336652338,0.19457311905954366,0.2051164848580878,0.09070357575919517
ADE_val_00001512,ade20k_resnest_semantic_cityscapes_0_00_dropout_pu,0.07969788750692536,0.4369660421312956,0.6090907002794879,0.717251319797232,0.0,0.0,0.11050952186242853,0.14772944158777374,0.21668381961712924,0.3615647292106786,0.7324165351264739,0.7095006881697933,0.6681517058631798,0.49178646725064495,0.3605247848076653,0.25549375808967184,0.07969788750692537
ADE_val_00000589,ade20k_resnest_semantic_cityscapes_0_00_dropout_pu,0.0911097065568111,0.3938261527378207,0.5363323484609263,0.0,0.0,0.0,0.12647304120930788,0.16938499450591035,0.24747458609899906,0.360829635929988,0.5899639663696309,0.5635129432989633,0.516295482709128,0.3939804319211591,0.3773051022375878,0.2528516476253286,0.09110970655681108
ADE_val_00001972,ade20k_resnest_semantic_cityscapes_0_00_dropout_pu,0.1070283552628158,0.37845078300430857,0.5385987443259423,0.0,0.0,0.0,0.14385368950434912,0.17834243371103242,0.232557323532403,0.35288606946135975,0.5159509345486234,0.44099716585291326,0.41020917215059804,0.29474442942801915,0.24731760888481139,0.30028199929461286,0.1070283552628158
ADE_val_00001042,ade20k_resnest_semantic_cityscapes_0_00_dropout_pu,0.3394195204169498,0.4921229994232469,0.5709901781887845,0.7084154646649219,0.0,0.0,0.45168289491983726,0.5174176753602456,0.5676989708426424,0.6246855140484019,0.6943184205221057,0.657675612075932,0.6291301576728471,0.5362460349528654,0.5098981951439768,0.4801162609255275,0.33941952041694984
ADE_val_00001654,ade20k_resnest_semantic_cityscapes_0_00_dropout_pu,0.2695137764143643,0.4382139794264141,0.5637796095469785,0.7177621938319606,0.0,0.0,0.35510788690609585,0.4154310427549829,0.48157010532503136,0.5700504395716055,0.7196806732030079,0.6954461982168034,0.6393095459173618,0.5251249788410457,0.493070498715529,0.4470055323379676,0.2695137764143643
ADE_val_00001936,ade20k_resnest_semantic_cityscapes_0_00_dropout_pu,0.22916964665867978,0.4859157137912346,0.6273208030731857,0.7483906842541826,0.0,0.0,0.30977696695022894,0.3815431028189773,0.481690001893472,0.6514987762417728,0.8576026047484688,0.8358504932286712,0.7590127301300899,0.6921918654970635,0.6416183689617599,0.5205838071404714,0.2291696466586797
ADE_val_00000721,ade20k_resnest_semantic_cityscapes_0_00_dropout_pu,0.3102131750919888,0.43911514101722965,0.5777881166209109,0.7157265396953065,0.0,0.0,0.39362061796789327,0.4463808659054867,0.5038690723889593,0.594186920295289,0.7242057856097301,0.7001300263514899,0.6681786658428801,0.5483588008781983,0.49737796385423444,0.3783097405314974,0.3102131750919889
ADE_val_00001431,ade20k_resnest_semantic_cityscapes_0_00_dropout_pu,0.05637937031210379,0.3450124066149706,0.5351027351506026,0.0,0.0,0.0,0.07894671119082367,0.10541398994276147,0.15175888964880696,0.23099399499818124,0.3734012928422182,0.33122344569144063,0.24567047449317353,0.13826847684078972,0.13628758177391156,0.13043782867837297,0.056379370312103806
ADE_val_00000824,ade20k_resnest_semantic_cityscapes_0_00_dropout_pu,0.09244267655929227,0.3732243848923142,0.5314161721090478,0.0,0.0,0.0,0.1278531079640388,0.16169894532769374,0.20387949320099497,0.27835132598547196,0.49226060238391683,0.3954307497581447,0.31144777231137855,0.24396102070881523,0.22134562560528165,0.1499397026438783,0.09244267655929224
ADE_val_00000537,ade20k_resnest_semantic_cityscapes_0_00_dropout_pu,0.09035766615643866,0.40374508177076607,0.5944349446002903,0.712846166833399,0.0,0.0,0.12739582654058285,0.174996072492529,0.2639567371591319,0.4003185762902251,0.7053086792307695,0.5507302013071945,0.42747484340933645,0.30094401214978994,0.25368900287665164,0.32694124528183743,0.09035766615643866
ADE_val_00001080,ade20k_resnest_semantic_cityscapes_0_00_dropout_pu,0.09402841381369177,0.423542555285619,0.5704938914819581,0.7036502358319009,0.0,0.0,0.12963177065139275,0.16898320375761508,0.23038990763559605,0.36448972547707786,0.645219754161585,0.6026025895185046,0.5445285081277121,0.29372641220690654,0.24841324898825784,0.23308199533498838,0.09402841381369177
ADE_val_00000288,ade20k_resnest_semantic_cityscapes_0_00_dropout_pu,0.05718159477895835,0.3268595189877628,0.0,0.0,0.0,0.0,0.07751151799193945,0.0988639988242692,0.13364361662372523,0.20600064291530204,0.3753182217435998,0.345085562907356,0.2933186220995812,0.16862341585340576,0.1437016957755481,0.14273985601879496,0.05718159477895834
ADE_val_00000746,ade20k_resnest_semantic_cityscapes_0_00_dropout_pu,0.219942703763912,0.40403811770894343,0.5453550600992769,0.0,0.0,0.0,0.2868578392859794,0.3310638757464853,0.3874445385503131,0.4854995710331238,0.6371463972248247,0.5878352711727296,0.5347017856896911,0.44852544747653866,0.38385700544735724,0.38937147526750276,0.219942703763912
ADE_val_00001519,ade20k_resnest_semantic_cityscapes_0_00_dropout_pu,0.11920691285598549,0.37892620977063296,0.5390200548748354,0.0,0.0,0.0,0.16415588241989398,0.20419937067400354,0.25588413252152115,0.35729000112253523,0.5767522579837042,0.5083360243417959,0.42928044067617593,0.30543346710529784,0.28084381689447957,0.2220924453435905,0.1192069128559855
ADE_val_00000851,ade20k_resnest_semantic_cityscapes_0_00_dropout_pu,0.047658763804348886,0.3632273683570271,0.5120793700737161,0.0,0.0,0.0,0.0663285627706737,0.0889314414117765,0.13005360087769927,0.20486236573627445,0.4499039570710133,0.4321072231240205,0.24962126486714598,0.18365385787296767,0.16290956563103837,0.12502933788469447,0.047658763804348886
ADE_val_00001157,ade20k_resnest_semantic_cityscapes_0_00_dropout_pu,0.09339977713933115,0.3939754765461115,0.5405294548185349,0.0,0.0,0.0,0.13162481527204814,0.17565080934157315,0.23877154596771255,0.3501216704962527,0.6683432119146643,0.6429710497012642,0.5734549663955536,0.4933595927039606,0.48163504614448277,0.19812371408929716,0.09339977713933112
ADE_val_00000993,ade20k_resnest_semantic_cityscapes_0_00_dropout_pu,0.06648460213397375,0.42386696246283584,0.5595311372389826,0.0,0.0,0.0,0.0906946367099301,0.12036129072367396,0.18376109844783522,0.34438349802758095,0.6436799048359226,0.614812261856491,0.5519178856582504,0.4360196880201536,0.37661753285581906,0.3349178430476825,0.06648460213397374
ADE_val_00001546,ade20k_resnest_semantic_cityscapes_0_00_dropout_pu,0.1896138007553415,0.44375080155565955,0.5798948434945894,0.7355835318958667,0.0,0.0,0.2660887552223658,0.3437606450267231,0.43319283165081546,0.5607343838923167,0.7620021900178329,0.7347340004700371,0.7147825480080542,0.6224768085489639,0.58598395734671,0.39937788506467203,0.18961380075534148
ADE_val_00000556,ade20k_resnest_semantic_cityscapes_0_00_dropout_pu,0.19184686383387003,0.3711953995693445,0.5528705366849207,0.7062949685491895,0.0,0.0,0.26754577531549834,0.31533232939290207,0.36635450481220266,0.4325779522681829,0.6251213613033759,0.5164680810790218,0.4751672872109043,0.436620289160878,0.41275326385061145,0.21738744946753366,0.19184686383387003
ADE_val_00001887,ade20k_resnest_semantic_cityscapes_0_00_dropout_pu,0.0638516727744266,0.42799132073444257,0.5520689171892202,0.0,0.0,0.0,0.08999823563766784,0.12346883669286152,0.19364418935843922,0.3768360782955126,0.6480089768460826,0.5906953810836634,0.4608377680814792,0.36403010403605485,0.30436557875517894,0.33387094018793656,0.06385167277442659
ADE_val_00000630,ade20k_resnest_semantic_cityscapes_0_00_dropout_pu,0.12426024967718471,0.35608831139259517,0.5153750443659255,0.0,0.0,0.0,0.1702229719646607,0.21042171678721866,0.2629656140622698,0.3439029032092748,0.48962252980908294,0.4105162758684176,0.3059536343032239,0.196555039035889,0.17213787477186107,0.21078418786245298,0.1242602496771847
ADE_val_00001699,ade20k_resnest_semantic_cityscapes_0_00_dropout_pu,0.0960575639048854,0.3935817454500364,0.5417111246094676,0.0,0.0,0.0,0.13507515329126704,0.1836323352094832,0.27217157445787915,0.40928964577315824,0.5991289321115378,0.5543093694098631,0.5211323580084758,0.4433983591938508,0.39100110940842026,0.23865359563896896,0.09605756390488542
ADE_val_00000623,ade20k_resnest_semantic_cityscapes_0_00_dropout_pu,0.17696259133885692,0.4354161747948909,0.5632631984386163,0.0,0.0,0.0,0.24307744754669447,0.2987197023248711,0.3726114500696589,0.5114907285614245,0.6244500002310334,0.5921768886672103,0.574763593578778,0.4795715298960467,0.39073840027738543,0.4538276840390819,0.1769625913388569
ADE_val_00000717,ade20k_resnest_semantic_cityscapes_0_00_dropout_pu,0.07515011594748391,0.4007725609425883,0.5450153372419367,0.0,0.0,0.0,0.10431122087215383,0.1374375586603401,0.19604141638203648,0.29485810519564515,0.5923582176238228,0.570794918837029,0.5163432049282917,0.39925716119486654,0.3204809367411302,0.20723255178278802,0.07515011594748391
ADE_val_00000416,ade20k_resnest_semantic_cityscapes_0_00_dropout_pu,0.021983907069332675,0.33526453786780275,0.0,0.0,0.0,0.0,0.030747485622496823,0.0414760341660398,0.06281056802774031,0.14811813626224768,0.3275422231672799,0.25059036141483687,0.11988643226191507,0.0626361902108368,0.0481669462969639,0.13814161021631746,0.02198390706933268
ADE_val_00000621,ade20k_resnest_semantic_cityscapes_0_00_dropout_pu,0.21246741098698782,0.39564991798579796,0.5383006370309783,0.0,0.0,0.0,0.2886058113143239,0.3488532183028931,0.4059241650385909,0.47973836445668644,0.5897960653148949,0.5713345170534709,0.5419285899376908,0.47438045451753924,0.4209881431396563,0.28790649610394253,0.21246741098698785
ADE_val_00001018,ade20k_resnest_semantic_cityscapes_0_00_dropout_pu,0.10523010787897824,0.3620434139861466,0.5401427626132448,0.0,0.0,0.0,0.14156162396917457,0.17669483785794443,0.22813513138136676,0.3142059230247675,0.5212481090243031,0.4732158300647453,0.38592733465409856,0.25164742876176766,0.2213129105079176,0.1905634883015706,0.10523010787897823
ADE_val_00001379,ade20k_resnest_semantic_cityscapes_0_00_dropout_pu,0.17899433488437316,0.4352928681615443,0.5545700538737938,0.7070683347828581,0.0,0.0,0.24965975982146305,0.3207505385099373,0.41014253935752604,0.5246223637021441,0.6742167853920036,0.6338226507601346,0.599300644138319,0.5299401346803306,0.5024126129106188,0.404927471697665,0.17899433488437316
ADE_val_00001094,ade20k_resnest_semantic_cityscapes_0_00_dropout_pu,0.11533888664467878,0.3890626095252528,0.5617979204339624,0.7121230620186789,0.0,0.0,0.1565320379006306,0.19215328963779463,0.23247776950657917,0.3345905164180533,0.6624284258022405,0.5886577287054615,0.5183919204768263,0.40323838084613606,0.36026684791029384,0.20664362021211316,0.11533888664467881
ADE_val_00001483,ade20k_resnest_semantic_cityscapes_0_00_dropout_pu,0.1903684003097996,0.42845407859048634,0.5755624518412126,0.7139028019304683,0.0,0.0,0.26715378662410744,0.32758775922577676,0.4001294705227571,0.5252224422787848,0.6727042360527793,0.6052485838666886,0.5285438382705789,0.3955989692086109,0.34747551403153715,0.4005035862351381,0.1903684003097995
ADE_val_00001068,ade20k_resnest_semantic_cityscapes_0_00_dropout_pu,0.18430672176756785,0.39900032190849843,0.5434860766864182,0.0,0.0,0.0,0.2517737538883867,0.30529937486894587,0.3661736656557511,0.46774918724388026,0.6066256133543714,0.5437857761787918,0.44623886013885206,0.37566850568141275,0.34891137407284056,0.2886877909709302,0.18430672176756785
ADE_val_00001138,ade20k_resnest_semantic_cityscapes_0_00_dropout_pu,0.09732237655774593,0.4050706436826218,0.5829026906890412,0.0,0.0,0.0,0.1326437730417962,0.16901694073055773,0.22782799481215807,0.34903106524708144,0.6415374649566177,0.5894406655180315,0.4041029918910766,0.19555123082140216,0.16181863488011985,0.2266798340494165,0.09732237655774595
ADE_val_00001155,ade20k_resnest_semantic_cityscapes_0_00_dropout_pu,0.08136495995490026,0.3582258096984601,0.5147315900096351,0.0,0.0,0.0,0.11371039872024734,0.1525345494137452,0.2176876301737478,0.32472065803182343,0.47632590806379915,0.44214461046754766,0.35133234652880085,0.3122826353917225,0.2807339028218684,0.22185312137437366,0.08136495995490024
ADE_val_00000219,ade20k_resnest_semantic_cityscapes_0_00_dropout_pu,0.05642126771037192,0.38292100935876267,0.5179384742617388,0.0,0.0,0.0,0.07894894506198119,0.10620944521852989,0.1618452857452571,0.2959925997759754,0.4830374265844773,0.4169777354183909,0.3092784656666864,0.182513347832596,0.14815910941525975,0.19153913749024853,0.05642126771037191
ADE_val_00001809,ade20k_resnest_semantic_cityscapes_0_00_dropout_pu,0.045465146825131864,0.3856296940419624,0.516327272159204,0.0,0.0,0.0,0.06275736849979566,0.08380572591269878,0.1275663412892948,0.25856366613046455,0.5267053089363977,0.48248191802739304,0.43082771860482816,0.34218756048818777,0.3043447218877557,0.1885016866780662,0.04546514682513185
ADE_val_00001454,ade20k_resnest_semantic_cityscapes_0_00_dropout_pu,0.3823452919766782,0.5070611939964479,0.5994566791209625,0.7404388920699889,0.0,0.0,0.49787593490478216,0.554693216634344,0.6111390144102721,0.690814140764002,0.825124738647068,0.7943956127560701,0.7677373252599012,0.7024096707037536,0.6611844819664776,0.5380986043649975,0.3823452919766782
ADE_val_00000180,ade20k_resnest_semantic_cityscapes_0_00_dropout_pu,0.04020276113597831,0.37562886514423943,0.5163519445784654,0.0,0.0,0.0,0.05590504264852858,0.07520836219631924,0.11606934562701887,0.21056060096190798,0.4788193184035303,0.40981545652668705,0.2965517085505424,0.17262215664252445,0.1593047296719651,0.18589149149516587,0.040202761135978315
ADE_val_00000404,ade20k_resnest_semantic_cityscapes_0_00_dropout_pu,0.048631247906247815,0.39276826070822307,0.5398745559511187,0.0,0.0,0.0,0.06883446542925697,0.09534021300417359,0.15049758298377294,0.2614588929465987,0.542357414565723,0.46026687685142886,0.3482883014782368,0.2394715259341506,0.20648209343385673,0.23318684543172558,0.04863124790624781
ADE_val_00000899,ade20k_resnest_semantic_cityscapes_0_00_dropout_pu,0.09385819105600812,0.47185020185232507,0.5713369761044083,0.7041598724113703,0.0,0.0,0.1326630003621046,0.18010072545582848,0.2592214814246641,0.44552420919788843,0.6836934389056563,0.6544060196170887,0.6011418651255926,0.5028519771313207,0.4549808687418295,0.1788617915956661,0.09385819105600814
ADE_val_00001624,ade20k_resnest_semantic_cityscapes_0_00_dropout_pu,0.08976552317610312,0.33650178233177064,0.0,0.0,0.0,0.0,0.12193646255794881,0.15878870322947364,0.21850671462211846,0.29703740376676124,0.38989995987384996,0.3631637243535843,0.31903491684773944,0.24256546164620452,0.20547921320603332,0.16025933415959462,0.08976552317610312
ADE_val_00001110,ade20k_resnest_semantic_cityscapes_0_00_dropout_pu,0.10921334974478238,0.4038823171361777,0.5626042150709077,0.7096677455074106,0.0,0.0,0.15262176377059844,0.2048462637568849,0.2813861382389468,0.4122074382773051,0.5092873532605535,0.447942049438752,0.3476546433702772,0.24454452799178178,0.22093599678287842,0.3266359264927795,0.10921334974478239
ADE_val_00000325,ade20k_resnest_semantic_cityscapes_0_00_dropout_pu,0.2660852099303046,0.4794429721712803,0.5459361491430359,0.7140921480920962,0.0,0.0,0.3783900469045735,0.4883737393606714,0.5300092880392353,0.5752545369288358,0.7198205543480044,0.6922780629595365,0.6294663145693717,0.5614286568614445,0.5453599089943422,0.435388660429472,0.26608520993030466
ADE_val_00001468,ade20k_resnest_semantic_cityscapes_0_00_dropout_pu,0.16419162799120612,0.36863744035348145,0.6728587167629193,0.7333215724207442,0.0,0.0,0.2127329953396965,0.24793887894458863,0.291222935383725,0.37528291880979253,0.7689959127626629,0.7375294214895528,0.5488397606272802,0.3764850582884655,0.33805601590354234,0.24069297229278924,0.16419162799120615
ADE_val_00000387,ade20k_resnest_semantic_cityscapes_0_00_dropout_pu,0.11887323060032327,0.37041203823484004,0.5335985984346503,0.0,0.0,0.0,0.16364513833612843,0.20523007968455328,0.24656106278213336,0.3414478383839036,0.47146669367051003,0.4170520817145084,0.3403548564812759,0.2650845347082563,0.23563118393397817,0.26670640531248124,0.11887323060032326
ADE_val_00000625,ade20k_resnest_semantic_cityscapes_0_00_dropout_pu,0.09237931287293115,0.3455077306725803,0.5506904767528907,0.0,0.0,0.0,0.13070139725981678,0.17683628111586666,0.24265040741796484,0.3393387812891042,0.48046406455110124,0.37540307770656034,0.34295027540716455,0.2919222285341607,0.2640186126975744,0.23388643069192205,0.09237931287293112
ADE_val_00001149,ade20k_resnest_semantic_cityscapes_0_00_dropout_pu,0.06308343008610054,0.35514657033745917,0.5167789195200464,0.0,0.0,0.0,0.0879929610844133,0.1185152562482128,0.17821152304001595,0.27128242524963675,0.4439525926215827,0.3791619864023451,0.32011173937457754,0.2253438271787182,0.18719167642706983,0.14269797550042473,0.06308343008610053
ADE_val_00000214,ade20k_resnest_semantic_cityscapes_0_00_dropout_pu,0.03096839863316473,0.3335778294136844,0.0,0.0,0.0,0.0,0.042358362942070446,0.05534907082893585,0.08117926205010509,0.16162875804374852,0.3632880721303347,0.3239375614290209,0.2060737982480125,0.07834971539452328,0.05807109487081657,0.09047828478880757,0.030968398633164723
ADE_val_00000776,ade20k_resnest_semantic_cityscapes_0_00_dropout_pu,0.15877803367819782,0.3896626766708066,0.5387669284327143,0.0,0.0,0.0,0.22557686151073134,0.2967803706241012,0.3678972423115679,0.453511453216843,0.5959520557101837,0.5699369663019735,0.533373987440841,0.3779539924071951,0.3061491581770384,0.3074062545596875,0.1587780336781978
ADE_val_00001551,ade20k_resnest_semantic_cityscapes_0_00_dropout_pu,0.08479639801381056,0.3909230770881913,0.5228458249652517,0.0,0.0,0.0,0.11764499426579546,0.1574217700942542,0.2261709396830035,0.34937879289898865,0.530115697432853,0.5002968453236198,0.37962524768626693,0.23659145262036238,0.20095554146299419,0.24422958849011267,0.08479639801381054
ADE_val_00000072,ade20k_resnest_semantic_cityscapes_0_00_dropout_pu,0.26003278470683294,0.41883970473171556,0.5615232383483078,0.7359029305441623,0.0,0.0,0.33249603432063496,0.3881533749571277,0.44935625120010575,0.5411294507648152,0.7681388566820024,0.7423402597016246,0.6597122783364554,0.5051385506635755,0.4492256685402742,0.41859365957533606,0.2600327847068329
ADE_val_00000867,ade20k_resnest_semantic_cityscapes_0_00_dropout_pu,0.115067188273344,0.38046716884605175,0.5154264573251778,0.0,0.0,0.0,0.16062894593822116,0.21104066654769976,0.2825593066922958,0.3935701012909829,0.503429043299179,0.47223512638389586,0.3895469809596037,0.30239643570389424,0.26013238293050456,0.24058770901705712,0.115067188273344
ADE_val_00001485,ade20k_resnest_semantic_cityscapes_0_00_dropout_pu,0.0767065540637209,0.388533487669342,0.5294197297705268,0.0,0.0,0.0,0.10719351416983784,0.14300403394525651,0.20302954385959618,0.3228020141546683,0.5459646247634731,0.4763123267678219,0.36649414963250687,0.3010869466535344,0.26826486104370184,0.14890802034069794,0.07670655406372091
ADE_val_00000461,ade20k_resnest_semantic_cityscapes_0_00_dropout_pu,0.15454813201872122,0.40086119216954696,0.5607959815070376,0.7104727782002902,0.0,0.0,0.2161661542486474,0.2778394977898504,0.3507871207619118,0.46137077271649507,0.6723533445793116,0.637979252248644,0.5575095667255409,0.4897399994064813,0.4510314967830018,0.28099192163468023,0.15454813201872122
ADE_val_00001284,ade20k_resnest_semantic_cityscapes_0_00_dropout_pu,0.11794700944084505,0.36845822684663243,0.5279114844113231,0.0,0.0,0.0,0.15643080469535853,0.19438578339881132,0.2557370078885674,0.3695501064412415,0.5710658226920606,0.49944076587387515,0.46395419753456524,0.403840166108631,0.379318009581476,0.30481284025869704,0.11794700944084503
ADE_val_00000071,ade20k_resnest_semantic_cityscapes_0_00_dropout_pu,0.2052956754748874,0.4048044868636005,0.5600492816478145,0.0,0.0,0.0,0.2771710226982788,0.3362820139270663,0.40061988973644946,0.4992728298873904,0.6664745118076908,0.6173411166421338,0.5491268405935493,0.4104559435233563,0.3902650768360655,0.30462686028735325,0.2052956754748874
ADE_val_00000423,ade20k_resnest_semantic_cityscapes_0_00_dropout_pu,0.1510947535309275,0.43994285018802815,0.5787490321737427,0.709460893296115,0.0,0.0,0.2118370778413472,0.2871397150115361,0.4003541660932987,0.5411405316068623,0.7104810122017307,0.6887563432969296,0.6557114091231055,0.6058932646022703,0.5802822255043529,0.38370642479829714,0.1510947535309275
ADE_val_00001874,ade20k_resnest_semantic_cityscapes_0_00_dropout_pu,0.04578576356214152,0.37082152546630376,0.5657134115895881,0.0,0.0,0.0,0.06429305900724962,0.08796546112949616,0.14093112219756265,0.26469274242692525,0.40896889310212386,0.2864726408693625,0.20005282560103332,0.1634547123353941,0.14891860626481052,0.1919070726879374,0.04578576356214152
ADE_val_00001005,ade20k_resnest_semantic_cityscapes_0_00_dropout_pu,0.03459438259492727,0.3862428594982458,0.5318642993384984,0.0,0.0,0.0,0.04808793434620335,0.0649846265984177,0.10244556073914063,0.2276491382021221,0.5161582834033321,0.4560192346259548,0.4032202483318784,0.2462184277467375,0.18661792413937306,0.1767338046759411,0.034594382594927274
ADE_val_00000870,ade20k_resnest_semantic_cityscapes_0_00_dropout_pu,0.037861398248613745,0.38259576702625264,0.0,0.0,0.0,0.0,0.05265183119726922,0.07060135713750552,0.1078197128284031,0.19550081673253153,0.3980592888807044,0.30973021710973236,0.2084613017449186,0.09590851858569238,0.09063551260229263,0.1929701723363716,0.03786139824861375
ADE_val_00000909,ade20k_resnest_semantic_cityscapes_0_00_dropout_pu,0.12165700316188098,0.3893355338672872,0.524519587577946,0.0,0.0,0.0,0.16580444659993923,0.20409949508149164,0.25322576999246765,0.3634094659980413,0.5155986955386131,0.46951904788300425,0.28838076956115527,0.21562112333666078,0.19318145640111703,0.27469516335880007,0.12165700316188097
ADE_val_00000139,ade20k_resnest_semantic_cityscapes_0_00_dropout_pu,0.10124736227493236,0.37847571181251805,0.5473207187943568,0.0,0.0,0.0,0.1405482425352122,0.18169687529739792,0.2375567432428257,0.34373739906742534,0.6376305496893638,0.520329820356173,0.4588250666009198,0.33691487722417773,0.30873549682183055,0.25049973921193935,0.10124736227493239
ADE_val_00000221,ade20k_resnest_semantic_cityscapes_0_00_dropout_pu,0.054252503520063944,0.4107739052820225,0.5900358753413333,0.0,0.0,0.0,0.0761305890166525,0.10366710712615294,0.15532292292498265,0.25473137249606087,0.5417058323511601,0.3995771752521279,0.2985997128038223,0.20696713419280022,0.18591396549942985,0.15990159826188957,0.05425250352006396
ADE_val_00000363,ade20k_resnest_semantic_cityscapes_0_00_dropout_pu,0.06720573597405612,0.4364942855714359,0.5910255282729826,0.7040370610508311,0.0,0.0,0.09148653730809456,0.12086002241138907,0.17812906913141002,0.29014904415841497,0.6536151090472814,0.5715933409595151,0.39899186199899694,0.22979794564434616,0.1935986655338112,0.38282852379161353,0.0672057359740561
ADE_val_00001499,ade20k_resnest_semantic_cityscapes_0_00_dropout_pu,0.03319607035142481,0.3579544104263025,0.5056365068128248,0.0,0.0,0.0,0.04626857738251334,0.06291246818510568,0.0995986064160889,0.22530776176680914,0.48371496291432303,0.4521988356536968,0.38515530706758794,0.27115257156783273,0.22635848177585027,0.26247946034460123,0.033196070351424814
ADE_val_00000091,ade20k_resnest_semantic_cityscapes_0_00_dropout_pu,0.1334117563863148,0.44657624234746784,0.5864511619215921,0.7090060878671925,0.0,0.0,0.18663984278242182,0.24097490223008544,0.3097724955087108,0.466196605421915,0.7175927600195208,0.7068959332218527,0.6848478379413139,0.6194134309877509,0.5686452629892019,0.34991392418943684,0.13341175638631486
ADE_val_00000390,ade20k_resnest_semantic_cityscapes_0_00_dropout_pu,0.2715313151657562,0.4322953280241142,0.5627096102702637,0.7070277398435767,0.0,0.0,0.35400115232002266,0.4143447998386407,0.4738937523981173,0.5548371643607729,0.6842181806744643,0.6448152675387915,0.5504046413765401,0.4664886609946089,0.4458052166378263,0.40634418367342384,0.27153131516575624
ADE_val_00001066,ade20k_resnest_semantic_cityscapes_0_00_dropout_pu,0.19115931272025022,0.3544294471789847,0.5244467532599552,0.0,0.0,0.0,0.24731734933520605,0.27874872055435795,0.31592230170425617,0.37756046440397895,0.5531335505742616,0.5085863556628637,0.4743532647924045,0.37392957680883077,0.33201300334074507,0.2750666240985971,0.19115931272025014
ADE_val_00000005,ade20k_resnest_semantic_cityscapes_0_00_dropout_pu,0.05317802010735833,0.31357922554409423,0.0,0.0,0.0,0.0,0.07332853281760086,0.09467454858263094,0.1284540266294969,0.18547390324912857,0.31404627450181094,0.2788764748982209,0.2167693066706152,0.13610602554668014,0.1093026495681087,0.0977688244737896,0.05317802010735834
ADE_val_00001327,ade20k_resnest_semantic_cityscapes_0_00_dropout_pu,0.2600700365347575,0.4543987144290435,0.5843959967662974,0.7286222968638509,0.0,0.0,0.3574133477022981,0.4282964249090933,0.5046511778342607,0.6142736287242768,0.7534619763812878,0.7308936914312416,0.6039980912074876,0.5160154626409135,0.44532143122770473,0.4647386347857579,0.2600700365347575
ADE_val_00000337,ade20k_resnest_semantic_cityscapes_0_00_dropout_pu,0.2429122997937923,0.4697452438953821,0.5747982876438754,0.716266279374918,0.0,0.0,0.3449256983599925,0.43432631337559024,0.5152072227005521,0.6049356522636671,0.728740623880481,0.7047132261718377,0.6461057893260687,0.5968705432843369,0.5691614442045475,0.4113783576589695,0.24291229979379228
ADE_val_00000147,ade20k_resnest_semantic_cityscapes_0_00_dropout_pu,0.06329699624470403,0.40738797714252656,0.5308313185229636,0.0,0.0,0.0,0.08814862036112737,0.11884539845917134,0.1700133470410383,0.2678396734565489,0.5773293024420447,0.5356440704232829,0.4600201265525159,0.364088622797635,0.33985832206835564,0.2413502556863257,0.06329699624470404
ADE_val_00001078,ade20k_resnest_semantic_cityscapes_0_00_dropout_pu,0.04900071781438526,0.35502907507757003,0.0,0.0,0.0,0.0,0.06632769675539509,0.08585306971784208,0.12245513579359457,0.20362515674525009,0.45757828926177674,0.4154745654236025,0.34725189089931446,0.2418480066238385,0.2101564968960617,0.06384021305104695,0.04900071781438525
ADE_val_00000790,ade20k_resnest_semantic_cityscapes_0_00_dropout_pu,0.042117791527736134,0.33881390479647583,0.0,0.0,0.0,0.0,0.05695579501449446,0.07273625868301975,0.10140948725611007,0.17583953953282574,0.3686200087188041,0.31738796563766813,0.264873091737717,0.13681066686361978,0.11228744944673467,0.12081316863493985,0.04211779152773614
ADE_val_00001378,ade20k_resnest_semantic_cityscapes_0_00_dropout_pu,0.10093972835271543,0.40230879218955673,0.5519197608252157,0.0,0.0,0.0,0.14285377046560344,0.19154306888863357,0.2427109607995304,0.3508028574292186,0.6655323120683486,0.5981675366380153,0.5440229659554461,0.4140988187727435,0.3344994152563002,0.3105682773026791,0.1009397283527154
ADE_val_00000377,ade20k_resnest_semantic_cityscapes_0_00_dropout_pu,0.19138463519077054,0.47231667528355664,0.5651519559480006,0.7113329615952919,0.0,0.0,0.27218567248798964,0.3705816126415011,0.49044959022192514,0.5810053274501455,0.7268526385842177,0.7120290347742825,0.6811915119517835,0.6061190311995448,0.5845845273693798,0.39436375107050636,0.1913846351907705
ADE_val_00001403,ade20k_resnest_semantic_cityscapes_0_00_dropout_pu,0.173291389449575,0.4095490177115298,0.5556010829095904,0.0,0.0,0.0,0.23374944717559143,0.2836359794420431,0.34782011826669457,0.4655154119266729,0.6432804611259688,0.586560271542071,0.4104829145399674,0.33088718954914836,0.311160063798359,0.392091862135992,0.17329138944957503
ADE_val_00001981,ade20k_resnest_semantic_cityscapes_0_00_dropout_pu,0.21901626240626207,0.38136722746461554,0.5628570003860863,0.7052721315844785,0.0,0.0,0.27795646989953476,0.3245201622015373,0.3745911710483315,0.44666752988091357,0.6876600083594699,0.6345650153981378,0.5668065780675152,0.4652460805866811,0.4399312390934229,0.3359696492165879,0.21901626240626207
ADE_val_00001300,ade20k_resnest_semantic_cityscapes_0_00_dropout_pu,0.10642459616048489,0.4296549180459669,0.5641770522012696,0.7013727698812907,0.0,0.0,0.14911965311274636,0.1977025316684543,0.27955756036886864,0.43847418379911496,0.6671404817822131,0.6273949250055388,0.5553376062883748,0.45029955900110835,0.4517029284350687,0.2825020509300764,0.10642459616048489
ADE_val_00001979,ade20k_resnest_semantic_cityscapes_0_00_dropout_pu,0.16804236862825628,0.4442519517982678,0.5623173642401673,0.7172102461308703,0.0,0.0,0.21053575404226588,0.2510170839237225,0.31730703572323404,0.4709916305635785,0.6164072469340354,0.5746034664347585,0.5366448054763183,0.477980168353697,0.427098549065096,0.4101376119511603,0.16804236862825628
ADE_val_00001537,ade20k_resnest_semantic_cityscapes_0_00_dropout_pu,0.3611495314830627,0.49766177076867657,0.6196265009548337,0.7552462757428859,0.0,0.0,0.458437176860168,0.5264178293116272,0.6022606049722301,0.7107351161875197,0.8348312061435308,0.8289379351744957,0.8131558665272618,0.768375447499005,0.7287653346982154,0.6151116366779538,0.36114953148306267
ADE_val_00000076,ade20k_resnest_semantic_cityscapes_0_00_dropout_pu,0.1666116430353281,0.4413104835667269,0.5675256771085013,0.7258734266533867,0.0,0.0,0.23065724815399224,0.29924986458237907,0.4001695431800678,0.5317777029441539,0.7437266096503933,0.7048629664118777,0.6150627151523363,0.5154224467876287,0.4987145957701629,0.32831139331930054,0.1666116430353281
ADE_val_00000536,ade20k_resnest_semantic_cityscapes_0_00_dropout_pu,0.1896160106671061,0.37629950893800707,0.526809014824342,0.0,0.0,0.0,0.23210133704324262,0.2567485349480387,0.2925384139134301,0.37432849120400424,0.5512240008867169,0.5391157238930501,0.5109731951984201,0.4372052893099733,0.4012384519509342,0.32598375196617296,0.18961601066710612
ADE_val_00000364,ade20k_resnest_semantic_cityscapes_0_00_dropout_pu,0.023102129464978388,0.31860358749646867,0.0,0.0,0.0,0.0,0.03226073378156558,0.04361139061289335,0.0675224701888325,0.14960247284798606,0.2581133726747434,0.2191036090649975,0.1914133340625532,0.10009002455932756,0.06763139218234744,0.13551029835115447,0.023102129464978388
ADE_val_00000251,ade20k_resnest_semantic_cityscapes_0_00_dropout_pu,0.11238541053755119,0.3843455225601397,0.5256689835959846,0.0,0.0,0.0,0.15732700612010395,0.20292342191634918,0.26574697151537385,0.3783195145676492,0.5690793240048513,0.5150057280410493,0.47679313022696157,0.3870543486218263,0.34469512380678635,0.2463560244361814,0.11238541053755118
ADE_val_00000574,ade20k_resnest_semantic_cityscapes_0_00_dropout_pu,0.11397889781559357,0.3701723260879557,0.5140886550930002,0.0,0.0,0.0,0.1614851196033512,0.22352878081678249,0.306007396581171,0.38868708219867937,0.5163085220701121,0.47793497316145184,0.4241646915339857,0.36080879453064035,0.33729008377629494,0.3102266569110963,0.11397889781559353
ADE_val_00001600,ade20k_resnest_semantic_cityscapes_0_00_dropout_pu,0.4940195443813977,0.5048495846582959,0.6004373296578174,0.7449308676685247,0.0,0.0,0.5504275594757547,0.5876773990597767,0.6376146475213442,0.7204619831627355,0.8221423095800078,0.7933523031674387,0.734191675448927,0.6214218348824393,0.5916914965428048,0.6016035181024623,0.49401954438139783
ADE_val_00001028,ade20k_resnest_semantic_cityscapes_0_00_dropout_pu,0.3756841458715863,0.5180292135385851,0.6344252031158278,0.7709883703788236,0.0,0.0,0.4823776943570903,0.5548830775785777,0.6341944582418992,0.7501738086071301,0.8733623634163068,0.8640315985768239,0.8506890730372847,0.7881456376867955,0.7561044133805053,0.5868370713262612,0.3756841458715862
ADE_val_00000121,ade20k_resnest_semantic_cityscapes_0_00_dropout_pu,0.13642495794011686,0.39521383692653345,0.5494156055899754,0.0,0.0,0.0,0.18840271480210985,0.24494323666902382,0.31305220134845924,0.42321608066215877,0.6109308484328099,0.5691076749698688,0.5045175079341758,0.3982612612729303,0.36803490945951417,0.2680069869212257,0.13642495794011683
ADE_val_00001805,ade20k_resnest_semantic_cityscapes_0_00_dropout_pu,0.05063192055820755,0.40296668987227585,0.5561529481607546,0.0,0.0,0.0,0.0701497693724973,0.09415600215011047,0.1350122135575695,0.20318585701974712,0.6104927686804191,0.49301227398147035,0.326508979213361,0.15663754323060247,0.14822434584636957,0.14274316703024506,0.05063192055820755
ADE_val_00001522,ade20k_resnest_semantic_cityscapes_0_00_dropout_pu,0.07826546379372012,0.38237900786970386,0.526093515099052,0.0,0.0,0.0,0.11040128628773743,0.15114061430730366,0.21604292350893703,0.33296273573761803,0.5743221609251702,0.5002468895221918,0.40419771561430023,0.28379660922242417,0.2471635641178399,0.22194430852404312,0.0782654637937201
ADE_val_00001742,ade20k_resnest_semantic_cityscapes_0_00_dropout_pu,0.22007382336648088,0.49141229088666205,0.5811412793348004,0.7147044191133392,0.0,0.0,0.3046797830443615,0.3923864389859358,0.5073030308841086,0.6118206253381897,0.728700473286909,0.7160328796488019,0.633294202641314,0.573670303118686,0.5455153782310345,0.41966565699111436,0.22007382336648088
ADE_val_00000197,ade20k_resnest_semantic_cityscapes_0_00_dropout_pu,0.13549076781586528,0.4232072229084238,0.5758141359993326,0.0,0.0,0.0,0.18803754063249523,0.24321683917076684,0.32523227738162547,0.4666109164347873,0.6773608674550637,0.668343623503333,0.6217401035599784,0.5204129215651004,0.4546177358181072,0.3439560135437997,0.13549076781586528
ADE_val_00001409,ade20k_resnest_semantic_cityscapes_0_00_dropout_pu,0.044495830177818364,0.3781974847391002,0.5171719870383755,0.0,0.0,0.0,0.061697668288523785,0.08368825447522536,0.13294933900960304,0.29305344857544025,0.4742787585744616,0.41934282763767333,0.32788775844915563,0.1893879088388094,0.13949612859738417,0.22433890442479867,0.04449583017781837
ADE_val_00000262,ade20k_resnest_semantic_cityscapes_0_00_dropout_pu,0.12368683864442097,0.364955892675149,0.5175682148446289,0.0,0.0,0.0,0.17531896381191173,0.2284094909279525,0.2854373806795867,0.3730387875090766,0.46294164315084424,0.41945542658019375,0.34107577987746895,0.2323633398206692,0.18545687200646102,0.20769090752559782,0.12368683864442095
ADE_val_00001945,ade20k_resnest_semantic_cityscapes_0_00_dropout_pu,0.11941483814831094,0.463153169655433,0.5933895965997734,0.7254086251887083,0.0,0.0,0.16824386495695462,0.22927470494427418,0.3332881646598193,0.5247384886673052,0.7628037553811235,0.7392035390089621,0.6901372697620353,0.5427252480412051,0.4953899818242881,0.3059932891164074,0.11941483814831096
ADE_val_00000684,ade20k_resnest_semantic_cityscapes_0_00_dropout_pu,0.25295296064039124,0.4516475310360278,0.575550008271639,0.72226816348285,0.0,0.0,0.3544417764721918,0.4326513681125046,0.5036704440297203,0.5987727129042856,0.7392766395356195,0.7114526401740044,0.6410138243064541,0.5390214456872837,0.5131383691237069,0.4333192119124202,0.25295296064039124
ADE_val_00000277,ade20k_resnest_semantic_cityscapes_0_00_dropout_pu,0.24433435180302007,0.5349946498558714,0.661773107118682,0.7441833960154316,0.0,0.0,0.33554506731403216,0.43454400767344853,0.5644261393168464,0.723467555701908,0.8214817835198867,0.7961769416293888,0.7669368905758865,0.7365011263893849,0.725272489798358,0.6112601353466304,0.24433435180302002
ADE_val_00000489,ade20k_resnest_semantic_cityscapes_0_00_dropout_pu,0.09965821423589274,0.3620105383744145,0.5108573841691586,0.0,0.0,0.0,0.13627067822434344,0.17503767311565446,0.2322459521420267,0.3182544638117525,0.4611095144814143,0.43322085049545883,0.3045270270255178,0.17435758665443887,0.14888502506463056,0.1722757132939901,0.09965821423589274
ADE_val_00000866,ade20k_resnest_semantic_cityscapes_0_00_dropout_pu,0.051487294861061815,0.361469655347145,0.5085537628364785,0.0,0.0,0.0,0.07103808421757937,0.09520987635036658,0.1442053103398963,0.23284927744724862,0.40893242230157867,0.31289566466920254,0.20050037878808158,0.13221313841961851,0.11417821416765311,0.11789364564767066,0.051487294861061815
ADE_val_00000199,ade20k_resnest_semantic_cityscapes_0_00_dropout_pu,0.047279717734781866,0.39670347554215957,0.6005278840230467,0.0,0.0,0.0,0.06577463218630902,0.08893936517327733,0.13785659438673226,0.2785301724080618,0.5875574371637523,0.45430212250664753,0.2613900797717346,0.12768242214524636,0.0944623254344696,0.2225661086378155,0.047279717734781866
ADE_val_00000666,ade20k_resnest_semantic_cityscapes_0_00_dropout_pu,0.2343623575664425,0.42020115970708294,0.5686536826026541,0.7095813358765305,0.0,0.0,0.3186829479218595,0.379694502802032,0.4441744362175082,0.5383241329905116,0.6762972257430753,0.6033283139597163,0.4913745761708918,0.3765535728625433,0.35545208550301133,0.3608822325084537,0.23436235756644247
ADE_val_00000878,ade20k_resnest_semantic_cityscapes_0_00_dropout_pu,0.2615373870399352,0.37411144725496787,0.5143435002767045,0.0,0.0,0.0,0.328389598133374,0.36330210032392246,0.39683098911872017,0.43847801422283506,0.5025580395967306,0.4930076766193123,0.4718137456967772,0.4273380846654937,0.40804124957432564,0.31035124101996814,0.26153738703993523
ADE_val_00001815,ade20k_resnest_semantic_cityscapes_0_00_dropout_pu,0.05937649435878972,0.3377837172592097,0.5151152558294979,0.0,0.0,0.0,0.08055590434714412,0.10512687132999267,0.15380759822962814,0.2631325356533272,0.48997904030057027,0.4205866379176719,0.29820514177286184,0.24487927114226482,0.22023645176561257,0.1505121540256151,0.05937649435878973
ADE_val_00000009,ade20k_resnest_semantic_cityscapes_0_00_dropout_pu,0.14710908575722845,0.4071924831427439,0.5519155600647239,0.7135129185035436,0.0,0.0,0.20350406460591736,0.26882630623667686,0.3675121976304045,0.4773380185177811,0.710365664596329,0.6648683319941869,0.5629620427803619,0.4658304868168965,0.442322044402378,0.33382464989978644,0.14710908575722847
ADE_val_00001167,ade20k_resnest_semantic_cityscapes_0_00_dropout_pu,0.08891380222390818,0.3715459845303357,0.5104832010864742,0.0,0.0,0.0,0.12181043214200869,0.1569783300027735,0.2133301726904957,0.32151268981691544,0.5072748497826935,0.47988446669658447,0.44450913746614845,0.36757989295805693,0.3283074290106349,0.20534232117665335,0.0889138022239082
ADE_val_00001086,ade20k_resnest_semantic_cityscapes_0_00_dropout_pu,0.04628328770440308,0.3639489494613569,0.516877932361606,0.0,0.0,0.0,0.06232096402078204,0.08054328053096688,0.11654973231464322,0.22532221087105395,0.48705624162881783,0.41074838600448615,0.3400221141945295,0.22446302708572735,0.18335894213590104,0.10236432756396316,0.04628328770440308
ADE_val_00000588,ade20k_resnest_semantic_cityscapes_0_00_dropout_pu,0.17166384393012354,0.426497051089019,0.5706707873916901,0.7028927699002144,0.0,0.0,0.23926833521507804,0.3091305154170307,0.4024849298674243,0.514486380354556,0.6993167956612654,0.6887055367203113,0.6492477757961288,0.5567261155275046,0.5455314863899938,0.3413444859636551,0.17166384393012352
ADE_val_00001103,ade20k_resnest_semantic_cityscapes_0_00_dropout_pu,0.12966629400197197,0.34998908015971114,0.5043373676257128,0.0,0.0,0.0,0.18127413042779597,0.22799422730654365,0.272453212960492,0.33933997082430367,0.4488809482012856,0.4147743767879763,0.3493218290294618,0.28787915286377186,0.2826563372775147,0.2192931654160255,0.12966629400197194
ADE_val_00000128,ade20k_resnest_semantic_cityscapes_0_00_dropout_pu,0.11519140685329032,0.38828733201906024,0.5368251406267859,0.0,0.0,0.0,0.1550271263250389,0.19586629648492065,0.25779408370210094,0.3775312412689937,0.5836771954592579,0.5302009614752725,0.4959954607999231,0.43450514195034173,0.40676523365987066,0.2562689061669768,0.1151914068532903
ADE_val_00001168,ade20k_resnest_semantic_cityscapes_0_00_dropout_pu,0.13184384931431883,0.35631434836146947,0.5232787471203373,0.0,0.0,0.0,0.1829539555562998,0.23540462377188742,0.2885484564572496,0.3568323064072794,0.5342615220787537,0.5085226250236191,0.421782714826357,0.3350122121953843,0.31243848790800227,0.2525499932805552,0.1318438493143188
ADE_val_00000365,ade20k_resnest_semantic_cityscapes_0_00_dropout_pu,0.020973203577558497,0.0,0.0,0.0,0.0,0.0,0.028940847581182934,0.038472872196815784,0.05652571032751461,0.10705351457202356,0.17338074205054826,0.12644084201154665,0.08161924418382732,0.052405894421597335,0.04112678643454682,0.031543917649992335,0.020973203577558493
ADE_val_00001341,ade20k_resnest_semantic_cityscapes_0_00_dropout_pu,0.32637220021986785,0.5206973985246321,0.605830254638866,0.7200207860296565,0.0,0.0,0.4409262578178214,0.5277641650525285,0.6061465831209839,0.6707716544110156,0.7562337624568162,0.7405921133208845,0.7099401360678987,0.6626133696686733,0.6419519563292598,0.46206440280154437,0.32637220021986785
ADE_val_00000340,ade20k_resnest_semantic_cityscapes_0_00_dropout_pu,0.12952202675749266,0.41268757522915317,0.5838569438456895,0.7459112776221837,0.0,0.0,0.17959599436523405,0.23270871634535145,0.31177008040302645,0.4506459681157497,0.777401349429526,0.7530271724464563,0.6606034604261615,0.4599026216083795,0.44557844957931386,0.25316818413896114,0.1295220267574927
ADE_val_00000161,ade20k_resnest_semantic_cityscapes_0_00_dropout_pu,0.0639868609041769,0.42455243149673655,0.5660186835459114,0.0,0.0,0.0,0.09021856763148209,0.12308914301228463,0.18301270092067037,0.29937792663932195,0.6606352738659836,0.6235072271225054,0.5729925613959835,0.4531082743448407,0.36989884873403867,0.162426408014883,0.06398686090417692
ADE_val_00001518,ade20k_resnest_semantic_cityscapes_0_00_dropout_pu,0.04809769586462819,0.35725025792844955,0.0,0.0,0.0,0.0,0.0670516338701322,0.08957696891317957,0.1289471781551477,0.21198634486200812,0.45050522602057874,0.41990810541834434,0.26311964590752235,0.15449007334985895,0.13951979447878235,0.1403049235181711,0.04809769586462817
ADE_val_00000517,ade20k_resnest_semantic_cityscapes_0_00_dropout_pu,0.07794820698656815,0.3697635733790694,0.521227306957439,0.0,0.0,0.0,0.10880045748030916,0.14582413199112287,0.20481777023967773,0.30002487177358267,0.5025421170630713,0.4081779050323116,0.3480807653491971,0.2620340335890618,0.22756086343224982,0.14929635355393733,0.07794820698656808
ADE_val_00001827,ade20k_resnest_semantic_cityscapes_0_00_dropout_pu,0.09186155493767267,0.4448255669204198,0.6264416349924475,0.7198242307611005,0.0,0.0,0.12594248651721654,0.16699124555044448,0.24099738010532035,0.3905548076068154,0.758912276354328,0.7228975164105083,0.6978000096055317,0.5702500876594351,0.4494003878527099,0.28726009520804235,0.09186155493767269
ADE_val_00000081,ade20k_resnest_semantic_cityscapes_0_00_dropout_pu,0.1692442215910827,0.37081511448801213,0.5351626451482557,0.0,0.0,0.0,0.22921796354749482,0.2635595892434561,0.3019334376065982,0.37624251585157387,0.6232326589387616,0.5671235182935572,0.4864523775963405,0.33599847246266096,0.32474168982275564,0.26934460284755607,0.16924422159108268
ADE_val_00000033,ade20k_resnest_semantic_cityscapes_0_00_dropout_pu,0.05278783681715358,0.3458826528612908,0.0,0.0,0.0,0.0,0.0714777330090859,0.09226767465562354,0.12896576876407606,0.2066366556883394,0.3654705467398124,0.28154558839603827,0.16632450090583387,0.11139331562110524,0.09755965073386133,0.04952367771460364,0.052787836817153586
ADE_val_00000550,ade20k_resnest_semantic_cityscapes_0_00_dropout_pu,0.3375544701101906,0.42767864847159315,0.5499119263538204,0.7158928430473348,0.0,0.0,0.4134782070000207,0.45385661889852347,0.49584865100905773,0.5566864534919749,0.6920617602669431,0.6451362667309471,0.5954408655577654,0.5510681765245405,0.5310249726767169,0.4772288413154458,0.3375544701101907
ADE_val_00000422,ade20k_resnest_semantic_cityscapes_0_00_dropout_pu,0.17917240488616834,0.45746664801535347,0.5503545587150865,0.0,0.0,0.0,0.24748926041951616,0.31113271401910786,0.4102187067111363,0.5408045025153708,0.6612729907764922,0.6427877696240328,0.6025882778013357,0.5467388842854473,0.5354176255911156,0.3480144834992588,0.17917240488616837
ADE_val_00001125,ade20k_resnest_semantic_cityscapes_0_00_dropout_pu,0.0340161835560605,0.373416929688544,0.5357163282369153,0.0,0.0,0.0,0.047849010053436246,0.0654963150091117,0.10383698143615018,0.19524898002766658,0.45212322842119584,0.33772468849804754,0.22072025297022624,0.15440029357669321,0.13455612371935094,0.12099350759992653,0.034016183556060516
ADE_val_00000700,ade20k_resnest_semantic_cityscapes_0_00_dropout_pu,0.11498758717870275,0.4235768047509918,0.5496158082177206,0.0,0.0,0.0,0.16329740462003553,0.2233372621699173,0.32341239319480186,0.4730572966536498,0.6437176287217382,0.6144900225452977,0.5637930012250085,0.4791054613819871,0.4383163599584377,0.37036733862691923,0.11498758717870268
ADE_val_00000406,ade20k_resnest_semantic_cityscapes_0_00_dropout_pu,0.05559345808161515,0.3905838460825396,0.5212025214756036,0.0,0.0,0.0,0.07736425203957036,0.10431124582322678,0.15872155541431246,0.28236756819973896,0.509349654461869,0.4554424499383525,0.28428838181000093,0.1483339143425483,0.11995317330629371,0.17152998431715896,0.05559345808161516
ADE_val_00000007,ade20k_resnest_semantic_cityscapes_0_00_dropout_pu,0.05845605334118244,0.36534858445132873,0.5235540698301472,0.0,0.0,0.0,0.08068344540215511,0.10419392761701227,0.1427216761158464,0.22160340214856258,0.4364214778231566,0.37867914328938795,0.3338302958643602,0.22366093634269338,0.16740923744079006,0.17843620668574514,0.05845605334118243
ADE_val_00001764,ade20k_resnest_semantic_cityscapes_0_00_dropout_pu,0.07709251980549933,0.3308659338161464,0.0,0.0,0.0,0.0,0.10530572512050633,0.1339179943671879,0.1744223076432663,0.23185631885329572,0.32564780162347295,0.26687115425242935,0.21428737022280564,0.155454309661103,0.14511855451474914,0.1592774668299144,0.07709251980549933
ADE_val_00000595,ade20k_resnest_semantic_cityscapes_0_00_dropout_pu,0.09685703735662522,0.48081794690910357,0.6128940654057857,0.7281946764838321,0.0,0.0,0.13768103901625983,0.1879109880628537,0.28585401980234054,0.5102626868692298,0.7749344358835478,0.7460669863269989,0.7019415860259047,0.6059801872367572,0.5396609517230944,0.4234072000719984,0.09685703735662518
ADE_val_00000188,ade20k_resnest_semantic_cityscapes_0_00_dropout_pu,0.1522229259303466,0.42342426533198124,0.5868097087498294,0.7119797270862249,0.0,0.0,0.21069506387661063,0.260625408487526,0.3271329646814586,0.46271738994788375,0.6974509381331424,0.6138237489943934,0.576912965835024,0.3350744686897647,0.2605560149463963,0.2581236000446922,0.1522229259303466
ADE_val_00001817,ade20k_resnest_semantic_cityscapes_0_00_dropout_pu,0.04279355853353096,0.3687844687741501,0.5124489470600717,0.0,0.0,0.0,0.058664360830231875,0.07723697353245618,0.11412373971671971,0.21696366807982223,0.4746796547403813,0.40535788141909024,0.30962813585616805,0.22591022299436347,0.16980454855926952,0.1978374757866342,0.04279355853353096
ADE_val_00000070,ade20k_resnest_semantic_cityscapes_0_00_dropout_pu,0.25668103518692587,0.46307878013880416,0.5579094729896148,0.0,0.0,0.0,0.3566553586303562,0.4308359067281897,0.5074472360502664,0.5798548376500847,0.6490056009788567,0.6135381924638057,0.5690236271957564,0.5131927317002533,0.4744990232722209,0.42720455730103385,0.2566810351869259
ADE_val_00000577,ade20k_resnest_semantic_cityscapes_0_00_dropout_pu,0.09448295356421212,0.384458522421224,0.525052121058941,0.0,0.0,0.0,0.12844370559442275,0.1652022030885141,0.22945139209983875,0.35049347875284587,0.5882448680376072,0.49926165105017817,0.41603062868860863,0.3151369843897964,0.26474108073295627,0.21456197013811049,0.09448295356421209
ADE_val_00000576,ade20k_resnest_semantic_cityscapes_0_00_dropout_pu,0.09725554375127655,0.37904808266726275,0.5652297627088173,0.0,0.0,0.0,0.13169894811272637,0.16905793655576723,0.23337509916619678,0.3603167495019154,0.6277232592787579,0.6063808395509354,0.5662273360855274,0.4063112517481288,0.3498951862890048,0.2579680318252291,0.0972555437512766
ADE_val_00000499,ade20k_resnest_semantic_cityscapes_0_00_dropout_pu,0.09997217563894173,0.36364237943492744,0.5243746659749342,0.0,0.0,0.0,0.13725518502251222,0.17905315590547632,0.24538306468191864,0.3445357236454622,0.45776998537562963,0.41048527110813765,0.3458467094158328,0.2424646267027471,0.2134646475370292,0.2126739515986478,0.09997217563894172
ADE_val_00001098,ade20k_resnest_semantic_cityscapes_0_00_dropout_pu,0.360300461427566,0.6079248320812985,0.6768508167017018,0.7397200501418394,0.0,0.0,0.4869289382631583,0.6028542287384289,0.7042096162713494,0.7558173504728225,0.8357801792524646,0.8255482202058707,0.8098199944046405,0.778334368273217,0.7694590375523032,0.45169935985501475,0.360300461427566
ADE_val_00000650,ade20k_resnest_semantic_cityscapes_0_00_dropout_pu,0.04339643529399113,0.37140166161888866,0.5514526653459121,0.0,0.0,0.0,0.059866161527677896,0.07951715446223427,0.11873285976959669,0.2300645556389034,0.5061655376686366,0.38239164939243847,0.25953895687933587,0.12594811045143747,0.11378269140858265,0.1621325480454169,0.043396435293991134
ADE_val_00001132,ade20k_resnest_semantic_cityscapes_0_00_dropout_pu,0.08099483722509716,0.3554487798922945,0.5209065062902511,0.0,0.0,0.0,0.11358928484155098,0.1539727404963994,0.22365050172471465,0.33279685868362696,0.47392783641027797,0.43226595455421124,0.3966654994072738,0.3253922517562197,0.30342630564159906,0.15544667678714036,0.08099483722509716
ADE_val_00001618,ade20k_resnest_semantic_cityscapes_0_00_dropout_pu,0.16777938172590712,0.4261612070486623,0.5428713342153157,0.0,0.0,0.0,0.22972521192304407,0.29396721387472086,0.3811488088232812,0.5003319835327329,0.614291301469358,0.5929866812835338,0.5305928037908297,0.4501387520945371,0.4143097286361105,0.40825823038028397,0.16777938172590715
ADE_val_00001283,ade20k_resnest_semantic_cityscapes_0_00_dropout_pu,0.06251767344728229,0.3476257462897013,0.0,0.0,0.0,0.0,0.08592106685264332,0.10766657473994395,0.13696548461171895,0.19051807260752154,0.39326321028586897,0.30266837239574623,0.16010195334945432,0.11114957680127834,0.10465633805997568,0.09837454660284473,0.06251767344728229
ADE_val_00001733,ade20k_resnest_semantic_cityscapes_0_00_dropout_pu,0.15706199451584238,0.38587496454443493,0.5412107443443074,0.0,0.0,0.0,0.20224344809502504,0.2363540010655195,0.2834757532968712,0.38220576876793605,0.6075922728804258,0.5587208770988649,0.5162968570703077,0.45485283390430786,0.38660096422355816,0.2780683351237533,0.15706199451584246
ADE_val_00000014,ade20k_resnest_semantic_cityscapes_0_00_dropout_pu,0.08608732810528845,0.35492485796135353,0.5342861441690081,0.0,0.0,0.0,0.12019767817973126,0.1624854251982179,0.23985278475168464,0.3270530699841329,0.5883979485695005,0.4931048075600524,0.37533556843650406,0.3170089585151156,0.2963018558406293,0.18345381599021454,0.08608732810528846
ADE_val_00001158,ade20k_resnest_semantic_cityscapes_0_00_dropout_pu,0.15591541235226852,0.43591268948535733,0.5958435969748966,0.7126437191353171,0.0,0.0,0.213838111715413,0.26249547119110267,0.3321130086612518,0.48175935093201483,0.6854674940793433,0.6446793175414044,0.6171643067893282,0.5544894808983832,0.5005223904327718,0.29995435592735814,0.1559154123522685
ADE_val_00000579,ade20k_resnest_semantic_cityscapes_0_00_dropout_pu,0.09671441952189899,0.3956679445427811,0.5551943736422963,0.0,0.0,0.0,0.13365883699722084,0.17467709534553047,0.2230411278648937,0.32619433416960975,0.5950900924457792,0.580486346455301,0.47746711442615447,0.3162680897057051,0.25265990643925645,0.19921520865851164,0.09671441952189896
ADE_val_00001798,ade20k_resnest_semantic_cityscapes_0_00_dropout_pu,0.06633011384552157,0.42956804772183776,0.5687383589322427,0.0,0.0,0.0,0.09200566491036853,0.12232479351410135,0.1772154834137944,0.30104857441287686,0.655964717919426,0.6169335992516825,0.5807409718595353,0.47913948080668556,0.3903500274020421,0.29181550007673757,0.06633011384552155
ADE_val_00001988,ade20k_resnest_semantic_cityscapes_0_00_dropout_pu,0.24137413673220984,0.36264434347906865,0.5153359440132714,0.0,0.0,0.0,0.2936411695067213,0.32642861599380385,0.3627238030396198,0.4161241019341421,0.49651638448904906,0.43727665385956516,0.39549004908330426,0.3560866450244293,0.33863691921977157,0.2651500727757408,0.2413741367322098
ADE_val_00000374,ade20k_resnest_semantic_cityscapes_0_00_dropout_pu,0.08355936237215317,0.369233174956518,0.56797344758557,0.0,0.0,0.0,0.11429878703649896,0.14808446674965628,0.20330637649402164,0.3082810464814072,0.613175898556744,0.460986833014251,0.3629773026488929,0.32560293429327447,0.314610427838224,0.2214299201680584,0.08355936237215318
ADE_val_00001165,ade20k_resnest_semantic_cityscapes_0_00_dropout_pu,0.09685903207177535,0.37296247920476056,0.5611993163853415,0.0,0.0,0.0,0.13442144453973015,0.1731712155110174,0.2255191799509262,0.31234885984001315,0.5856759061963842,0.4952811271048522,0.4003282048129928,0.3299537228607726,0.2892253910314044,0.2561529654812969,0.0968590320717753
ADE_val_00000843,ade20k_resnest_semantic_cityscapes_0_00_dropout_pu,0.11286710678315624,0.36782280118154265,0.5487264170610678,0.0,0.0,0.0,0.15259385119360963,0.18882791377232105,0.24006867715380859,0.3363406874691134,0.6461538596409959,0.536151342870149,0.3813565107607884,0.3216901632590172,0.2735017951777424,0.24368209468504431,0.11286710678315624
ADE_val_00000402,ade20k_resnest_semantic_cityscapes_0_00_dropout_pu,0.03947328764213834,0.32269938619061045,0.0,0.0,0.0,0.0,0.05515535910777435,0.07471385183134692,0.1073727609393963,0.17857799650674527,0.3370493768287466,0.3059389681019689,0.26349936727135576,0.1903411123485342,0.16106275106944898,0.09868896651492268,0.039473287642138345
ADE_val_00000159,ade20k_resnest_semantic_cityscapes_0_00_dropout_pu,0.05625994698787446,0.3532087051004733,0.5343958048824924,0.0,0.0,0.0,0.07968615227262014,0.10961907229638303,0.16732576183043554,0.28156171204574637,0.43943602175033897,0.35836430115473106,0.24068076553149265,0.20121763545305785,0.1831178686125852,0.16874925743412753,0.056259946987874475
ADE_val_00000016,ade20k_resnest_semantic_cityscapes_0_00_dropout_pu,0.18988423762895998,0.41907847833178197,0.5833200624912356,0.7032213114680068,0.0,0.0,0.25364376404352923,0.30625166976620816,0.3756077055458056,0.5099797341673445,0.6869219413733215,0.6704031601462057,0.6324163011707628,0.5305924920715196,0.4739731938776752,0.42617328416993355,0.18988423762895998
ADE_val_00001545,ade20k_resnest_semantic_cityscapes_0_00_dropout_pu,0.24451911737356966,0.42477001251323093,0.5550572885526776,0.0,0.0,0.0,0.31152906246460904,0.36447631086472065,0.4332474066356456,0.5314741753983188,0.6612165736277492,0.6234975414656934,0.5672236453410746,0.49404873654799664,0.4531606540857275,0.3844474286935496,0.24451911737356966
ADE_val_00000399,ade20k_resnest_semantic_cityscapes_0_00_dropout_pu,0.10178133333705655,0.3717065525667803,0.511568349086805,0.0,0.0,0.0,0.1341899274852481,0.1643234260188047,0.21404811765258788,0.3267275117065732,0.5051381702414478,0.47091617294951604,0.44421894101679954,0.35927871326688243,0.3199515677581644,0.18183283451766508,0.10178133333705656
ADE_val_00001542,ade20k_resnest_semantic_cityscapes_0_00_dropout_pu,0.06370676747174961,0.3827380218510924,0.52194397548077,0.0,0.0,0.0,0.08757341272956265,0.11429637205742073,0.16259537582982347,0.2773021506248336,0.5199745309209821,0.48502929234034203,0.39254000626764435,0.22289549880604184,0.18207097918173337,0.2626260098589487,0.06370676747174961
ADE_val_00001289,ade20k_resnest_semantic_cityscapes_0_00_dropout_pu,0.136567471400864,0.33347333109902083,0.0,0.0,0.0,0.0,0.17285214540624466,0.20367768850925844,0.24127328603971407,0.30918081038062306,0.37926952125781077,0.3502924885379107,0.32275936262060434,0.25495664495875453,0.2279413007985861,0.24438088938704836,0.136567471400864
ADE_val_00000788,ade20k_resnest_semantic_cityscapes_0_00_dropout_pu,0.05289600641223137,0.3704675665240948,0.5126234401477506,0.0,0.0,0.0,0.07457744549195508,0.10273896489057621,0.16202301831086857,0.28864751532620503,0.5151843815820992,0.4891454947951248,0.40328953851101096,0.2871072473775006,0.2476919095905279,0.2414467994124171,0.05289600641223137
ADE_val_00000213,ade20k_resnest_semantic_cityscapes_0_00_dropout_pu,0.08182656865733264,0.40095656146515196,0.5503523846962205,0.0,0.0,0.0,0.11060679149834168,0.14514980308491326,0.21274409291927748,0.35633678937120083,0.5893885121186083,0.5487869361435365,0.4303791989460077,0.26719444638672163,0.21023954614193835,0.33319370619708577,0.08182656865733262
ADE_val_00000191,ade20k_resnest_semantic_cityscapes_0_00_dropout_pu,0.25706834366568304,0.35520233379748695,0.5219321884244158,0.0,0.0,0.0,0.31374312062505655,0.3388691875995602,0.3674995607073454,0.407593318561369,0.46887336911088495,0.4385441490154425,0.40860606514092174,0.3659658280664217,0.3411711502658204,0.30096533197262615,0.25706834366568304
ADE_val_00000355,ade20k_resnest_semantic_cityscapes_0_00_dropout_pu,0.08998011307109088,0.37422390492126967,0.5213488364872355,0.0,0.0,0.0,0.1238381848854903,0.1605933131651162,0.22298329022508556,0.33887521752284744,0.4978311043295218,0.45945641225117834,0.4171205468873518,0.3169475066959009,0.2821798166104363,0.2736021611217682,0.08998011307109088
ADE_val_00001792,ade20k_resnest_semantic_cityscapes_0_00_dropout_pu,0.028702213816289904,0.3396238724290665,0.5116139697904413,0.0,0.0,0.0,0.03926427382824255,0.051899260478973544,0.07788000669810384,0.15146087885493306,0.3769282857169893,0.28771302021283574,0.19487493112601176,0.12163064880594573,0.10994942733567074,0.12020765043961679,0.02870221381628991
ADE_val_00000999,ade20k_resnest_semantic_cityscapes_0_00_dropout_pu,0.3485633287930004,0.4006477010570635,0.542105042908209,0.0,0.0,0.0,0.39584762703052345,0.4270267904466606,0.46506632261859066,0.5272347090375303,0.6031823981635186,0.5578514850158619,0.5042006131568607,0.423186294437372,0.4173590129106553,0.38235847508138754,0.34856332879300034
ADE_val_00000279,ade20k_resnest_semantic_cityscapes_0_00_dropout_pu,0.12391021265489433,0.3992152754495567,0.5360995811644317,0.0,0.0,0.0,0.1742482599871455,0.23513362624406528,0.3246035339968031,0.4417002449489399,0.5858695836457467,0.5657784340343661,0.5273599210264465,0.4808103620303599,0.45402629316050314,0.2604064024292645,0.12391021265489431
ADE_val_00001486,ade20k_resnest_semantic_cityscapes_0_00_dropout_pu,0.11126871934078843,0.3726342141471982,0.5383338586607475,0.0,0.0,0.0,0.15433437751347703,0.19544049901351387,0.24941865276717226,0.3590946407824888,0.6012495311452074,0.5558035794999975,0.4318581762183282,0.30997617221019297,0.27190291615288803,0.24663432152015277,0.11126871934078847
ADE_val_00001632,ade20k_resnest_semantic_cityscapes_0_00_dropout_pu,0.261497735685572,0.4039039807997226,0.5555740997367803,0.7321034244963658,0.0,0.0,0.34781044166188524,0.3946854386860434,0.44127863624874136,0.512986002444225,0.6539676121401945,0.5842380942219907,0.5116320627703286,0.4455410496731099,0.41604763694618785,0.40758497996533194,0.261497735685572
ADE_val_00000781,ade20k_resnest_semantic_cityscapes_0_00_dropout_pu,0.08317705251258954,0.3960710468428071,0.5629429855093427,0.0,0.0,0.0,0.11268916488176384,0.1442693318525065,0.20050690825706807,0.3392685502845581,0.6401850545380828,0.5732656138836386,0.45616997676024645,0.30999599486246415,0.2804244266932835,0.287121153143822,0.08317705251258953
ADE_val_00000951,ade20k_resnest_semantic_cityscapes_0_00_dropout_pu,0.07712107741129795,0.3382191716150653,0.5286775665638498,0.0,0.0,0.0,0.10779571382650083,0.14247299632351246,0.19125263216727298,0.2566857858439164,0.4502714374711234,0.3531061875737803,0.2872839074504314,0.2191124453499318,0.2025916699897687,0.12662603977836334,0.07712107741129792
ADE_val_00000944,ade20k_resnest_semantic_cityscapes_0_00_dropout_pu,0.2751940950623874,0.5617776642553817,0.6369824995213231,0.7391297436890711,0.0,0.0,0.3856909085382726,0.49762727385011046,0.6217376103143037,0.7171967302634105,0.8079927071956196,0.7970132076050814,0.7687021942860305,0.7401875953828551,0.7144913695628622,0.5205177399888189,0.2751940950623875
ADE_val_00001562,ade20k_resnest_semantic_cityscapes_0_00_dropout_pu,0.0793283046230432,0.35129193991045804,0.5113342902940063,0.0,0.0,0.0,0.11023265276692405,0.14117865515604625,0.17939050563356387,0.24024783518337317,0.44969343541486917,0.37109324360057605,0.2742123317722578,0.23337746304163398,0.21830227151120238,0.1764962999558521,0.07932830462304322
ADE_val_00000508,ade20k_resnest_semantic_cityscapes_0_00_dropout_pu,0.07799771050389666,0.3434751639463117,0.0,0.0,0.0,0.0,0.10825714507897917,0.1439093327193442,0.1997945353196467,0.2890362311973564,0.43340305068773843,0.36332414876930413,0.289529524032936,0.23078298000948513,0.21452219311068146,0.14810312462884667,0.07799771050389664
ADE_val_00001774,ade20k_resnest_semantic_cityscapes_0_00_dropout_pu,0.1425301542055623,0.376128732736064,0.5272673077309934,0.0,0.0,0.0,0.19720579825202136,0.2477774508147804,0.30531066689462044,0.39581754673631625,0.5525428680183283,0.5220013403168934,0.4686496732419635,0.39339337266332136,0.3886737068066278,0.23045798286708596,0.1425301542055623
ADE_val_00001088,ade20k_resnest_semantic_cityscapes_0_00_dropout_pu,0.13134799936148117,0.40531539573125663,0.5411429261127997,0.0,0.0,0.0,0.18372838633056818,0.24358070806138538,0.3411137223832997,0.4527809613337092,0.5766576354141947,0.5234749191086705,0.45375321599239754,0.3987899003188754,0.3379771678600057,0.2713357020309732,0.13134799936148117
ADE_val_00000903,ade20k_resnest_semantic_cityscapes_0_00_dropout_pu,0.08745322462886038,0.4707408854998035,0.5360675672551628,0.0,0.0,0.0,0.11961654122262741,0.15769798333224305,0.23348331925679452,0.4631797191440273,0.6086311188732163,0.5646579873762189,0.5334008301594055,0.39837329355497997,0.3553843536360487,0.34644487498990983,0.08745322462886038
ADE_val_00000247,ade20k_resnest_semantic_cityscapes_0_00_dropout_pu,0.10995385085714642,0.44403974260794105,0.5561899522210314,0.7225766500471813,0.0,0.0,0.15357660936306472,0.2049790670638671,0.30209448584498994,0.48823944081830245,0.6354136850622861,0.5792314330654045,0.4782747343769721,0.2740178261006046,0.23233020337909852,0.3481935494578381,0.10995385085714639
ADE_val_00000001,ade20k_resnest_semantic_cityscapes_0_00_dropout_pu,0.07526704381677667,0.38156540912393555,0.5253639076716633,0.0,0.0,0.0,0.10635410533508563,0.14533216933536147,0.1915671392944103,0.28059675628783876,0.515673955121437,0.5000673446716054,0.4627649952867292,0.28841476303061936,0.24418300797133594,0.20256955209622024,0.07526704381677667
ADE_val_00000339,ade20k_resnest_semantic_cityscapes_0_00_dropout_pu,0.06234674039862578,0.3871984518796376,0.5542912322818199,0.0,0.0,0.0,0.08312781833348151,0.10442809408491308,0.13924896497339212,0.2171559321988389,0.5299470916812177,0.46216703190865793,0.32838082206858565,0.1898265141321849,0.15774719811391452,0.079405927974675,0.062346740398625776
ADE_val_00000167,ade20k_resnest_semantic_cityscapes_0_00_dropout_pu,0.1320063000003912,0.38601302592832687,0.5221570362616712,0.0,0.0,0.0,0.18383942673028322,0.2383671230981911,0.3103494051773047,0.414849210247451,0.5205695553804998,0.481550453674402,0.4254721621723819,0.32900549011508473,0.28478315501322476,0.1922057937478132,0.1320063000003912
ADE_val_00001288,ade20k_resnest_semantic_cityscapes_0_00_dropout_pu,0.20787989934786194,0.3419830962102938,0.0,0.0,0.0,0.0,0.26415929669794713,0.2910361416625901,0.3203226536610552,0.36649427631387965,0.42501617548026394,0.3940009710785977,0.35487150086733804,0.28787636325577315,0.27399332028467727,0.24847577297878135,0.20787989934786194
ADE_val_00000150,ade20k_resnest_semantic_cityscapes_0_00_dropout_pu,0.036526250537821235,0.36508886926158596,0.556931639523271,0.0,0.0,0.0,0.05048803697585504,0.06774579011839427,0.10435912772827285,0.2026474216438711,0.4789667535091137,0.37816062202607176,0.21426930259640117,0.1929818915705256,0.1837572970376963,0.12363624405617214,0.036526250537821235
ADE_val_00000840,ade20k_resnest_semantic_cityscapes_0_00_dropout_pu,0.09149474622154932,0.38748161839054746,0.5295301103143566,0.0,0.0,0.0,0.1286493962688795,0.1757409389468159,0.2542978776971154,0.37490258075163607,0.5476684938389357,0.4923790818103217,0.4502721956091238,0.4045328895343361,0.3756777215976387,0.24682341588279938,0.09149474622154931
ADE_val_00000237,ade20k_resnest_semantic_cityscapes_0_00_dropout_pu,0.1382188012032972,0.37640642851575756,0.5424130923437523,0.0,0.0,0.0,0.1946407924541097,0.25850387453520074,0.31977309501693824,0.40824443787294457,0.629893654355595,0.5442253117179239,0.498473058224191,0.40919739082598894,0.368606466328662,0.22185868766858197,0.1382188012032972
ADE_val_00000440,ade20k_resnest_semantic_cityscapes_0_00_dropout_pu,0.10312139957075102,0.43234284919621024,0.5910089172200519,0.7084760366840167,0.0,0.0,0.14328409224931538,0.18526752127186735,0.24570256056185893,0.38473741084484897,0.6989719952242669,0.6781402421223506,0.6274177774329268,0.4586085931322066,0.3673085799749299,0.329791914623628,0.10312139957075103
ADE_val_00001771,ade20k_resnest_semantic_cityscapes_0_00_dropout_pu,0.14211789630348734,0.43711538706228975,0.5706434388246535,0.7164712946680577,0.0,0.0,0.20058108978875053,0.272910787269586,0.3869574928821739,0.5207652467937686,0.7105569200961851,0.6555057230390355,0.6366562083842185,0.5204520320947946,0.49870503369939134,0.3546159274235524,0.1421178963034873
ADE_val_00000037,ade20k_resnest_semantic_cityscapes_0_00_dropout_pu,0.1459931519062677,0.4014424840664802,0.5586630220929331,0.0,0.0,0.0,0.2035135999775971,0.26526712863598145,0.3398875730141102,0.4519823502495141,0.6888627104182434,0.6199670059544663,0.47753654386589695,0.4091189117630137,0.38520523388978356,0.33528581826643783,0.1459931519062677
ADE_val_00001065,ade20k_resnest_semantic_cityscapes_0_00_dropout_pu,0.04688641381664035,0.34054155501693123,0.5088864787446736,0.0,0.0,0.0,0.06484516246831991,0.08573242676589042,0.12580749305303837,0.22313118298613405,0.38095056857429666,0.3094053577273777,0.19716653466946318,0.12194295126564954,0.12710959248655304,0.16668916242173462,0.04688641381664035
ADE_val_00000232,ade20k_resnest_semantic_cityscapes_0_00_dropout_pu,0.04091322513453038,0.3642914648645517,0.5354759892101749,0.0,0.0,0.0,0.05530538847221305,0.07234122392308476,0.10881251998982777,0.22620021929061815,0.39099059835276284,0.29915780849605295,0.18745047629505535,0.09235733018330991,0.08007671596391233,0.20827597792728583,0.04091322513453038
ADE_val_00001884,ade20k_resnest_semantic_cityscapes_0_00_dropout_pu,0.062245181225397156,0.35945555831057413,0.0,0.0,0.0,0.0,0.08573550160346001,0.11322612275125371,0.16538708327543641,0.2696342723900971,0.4714934516922157,0.38015662438188097,0.22228880355364308,0.17128834689154818,0.14461774823610468,0.16047258293290645,0.06224518122539715
ADE_val_00000179,ade20k_resnest_semantic_cityscapes_0_00_dropout_pu,0.2055028812234694,0.4516381507140501,0.609295575052019,0.7326421318423825,0.0,0.0,0.28451403241113526,0.3503409472938456,0.43651627615715277,0.5927977795349154,0.796667020851799,0.7835863004406783,0.7487385485097423,0.6949715340532017,0.6582116518418722,0.3287758507657063,0.20550288122346935
ADE_val_00001962,ade20k_resnest_semantic_cityscapes_0_00_dropout_pu,0.1975051300632606,0.4319338803356373,0.5670478652786123,0.7070519917723389,0.0,0.0,0.2724627214188031,0.3405284646422321,0.42229140982154095,0.5342414217747556,0.7026540027408045,0.6728687376943993,0.6267375624980038,0.5923428269845046,0.566892688524188,0.3478451471341975,0.1975051300632605
ADE_val_00000389,ade20k_resnest_semantic_cityscapes_0_00_dropout_pu,0.05556295134096375,0.402887887441301,0.550405118703135,0.70482939302902,0.0,0.0,0.07832026853458775,0.10586383739820415,0.16100058256104932,0.3167948685968788,0.607790049562597,0.5283753523227696,0.37396792610719687,0.3296834432969489,0.28632581063139373,0.24299000356873715,0.05556295134096374
ADE_val_00000177,ade20k_resnest_semantic_cityscapes_0_00_dropout_pu,0.053491633812828225,0.48283052991822606,0.5712261725932384,0.0,0.0,0.0,0.07486261586422317,0.10182535831005445,0.1587828083650084,0.32885788031860624,0.6513357357591666,0.6316996373901594,0.5939934969941045,0.5298826713093996,0.48573771167308233,0.2184080295989028,0.053491633812828225
ADE_val_00000414,ade20k_resnest_semantic_cityscapes_0_00_dropout_pu,0.04197281256444277,0.4140783140139228,0.5314135494744741,0.0,0.0,0.0,0.05816292996519424,0.07883450313632108,0.1234517113816746,0.29223756964612235,0.5609398616454984,0.46203194282748206,0.3075351837560282,0.15790270533584053,0.1258782891005717,0.26515205292470956,0.04197281256444276
ADE_val_00001200,ade20k_resnest_semantic_cityscapes_0_00_dropout_pu,0.12625511683272234,0.44642138803705955,0.5669305397145601,0.7112151000215916,0.0,0.0,0.17443859625384256,0.22549264723864665,0.31020798827575685,0.4879305881651846,0.6814389379445722,0.6579395372428627,0.6193048824009557,0.5161464490302555,0.4678531250660312,0.3373428688423161,0.12625511683272234
ADE_val_00001637,ade20k_resnest_semantic_cityscapes_0_00_dropout_pu,0.16345442135822935,0.45298355705093574,0.5712294948073765,0.0,0.0,0.0,0.23167811845851213,0.31950322140358534,0.43233600990174315,0.5604996999861372,0.6806198769700057,0.6702435361871768,0.6549961896202255,0.5852061216149564,0.5542059984827586,0.3519706774011275,0.16345442135822938
ADE_val_00000376,ade20k_resnest_semantic_cityscapes_0_00_dropout_pu,0.09476440184382098,0.42461650466673684,0.573694169153087,0.7067261472065416,0.0,0.0,0.13419352717881627,0.18387715771952615,0.2733659335947255,0.4414561006923037,0.7026481981510154,0.6773048743853969,0.5945751265621084,0.49579242116556543,0.4201293746047872,0.25067288311314456,0.09476440184382097
ADE_val_00000057,ade20k_resnest_semantic_cityscapes_0_00_dropout_pu,0.21446093121143076,0.4375541726597708,0.5999404849965997,0.7097996686497912,0.0,0.0,0.2900167675881285,0.35343960534147345,0.4306155880842775,0.5743639958767892,0.7250473973609067,0.7144008170937728,0.6973889708420562,0.6523803677920036,0.6235806542269283,0.39137624972767454,0.21446093121143076
ADE_val_00000932,ade20k_resnest_semantic_cityscapes_0_00_dropout_pu,0.04174034083075409,0.32821780151852165,0.0,0.0,0.0,0.0,0.05835517376589979,0.07762617416631247,0.11223644397219276,0.18349077813784556,0.30896559495204506,0.2497773802130687,0.1834662627929956,0.15642943857961242,0.1513429011573078,0.06788643725445309,0.04174034083075409
ADE_val_00000617,ade20k_resnest_semantic_cityscapes_0_00_dropout_pu,0.09191817804093241,0.47404488462091116,0.588090388684041,0.7174707885744379,0.0,0.0,0.12970666996175678,0.17841355075294502,0.28225116834286357,0.5067196702117504,0.6872649512806555,0.6647532294386864,0.6111263111777611,0.3504618190599665,0.26687963518371616,0.398074420723826,0.09191817804093243
ADE_val_00000775,ade20k_resnest_semantic_cityscapes_0_00_dropout_pu,0.11181357347340974,0.36729942404725463,0.5588465130428282,0.0,0.0,0.0,0.15566342009803366,0.1936671578768963,0.2357149531138895,0.3187032305558101,0.47576387326875896,0.4111331181555334,0.3551470975692328,0.2179687886143774,0.1663943593529918,0.21674791984364558,0.11181357347340973
ADE_val_00001707,ade20k_resnest_semantic_cityscapes_0_00_dropout_pu,0.06255858195131786,0.3812237370474911,0.5465606091983659,0.0,0.0,0.0,0.08673403181578787,0.11648119201919856,0.17883419729520295,0.31714608386187915,0.4915444252533836,0.36858466537084583,0.3040408216063641,0.1953396844705811,0.1587982013535925,0.2881832749293991,0.06255858195131786
ADE_val_00001765,ade20k_resnest_semantic_cityscapes_0_00_dropout_pu,0.1337266269700789,0.32797539961330374,0.0,0.0,0.0,0.0,0.1622321072290745,0.17996922587099223,0.20281125390485075,0.2484013001681325,0.31635253737725794,0.2653449818933185,0.21679094418654138,0.18219963750478851,0.16480521242122725,0.1715404093847167,0.1337266269700789
ADE_val_00000446,ade20k_resnest_semantic_cityscapes_0_00_dropout_pu,0.13882430652227967,0.3813250063457144,0.5747681279417525,0.7313733353016574,0.0,0.0,0.19544498639315036,0.24246555723550234,0.29867314401129075,0.39327330341540156,0.687631534036808,0.5485165600974421,0.46664125494520325,0.35398207988049146,0.3285487686306345,0.22830329014399944,0.1388243065222797
ADE_val_00001170,ade20k_resnest_semantic_cityscapes_0_00_dropout_pu,0.05251597899498855,0.3500496702756204,0.0,0.0,0.0,0.0,0.07317164988858114,0.09460138595429317,0.13092089125343906,0.21723291401213385,0.4377486457227712,0.40483940953749253,0.279012282693619,0.16211875607485587,0.14999167076437794,0.13743566748783398,0.05251597899498857
ADE_val_00000759,ade20k_resnest_semantic_cityscapes_0_00_dropout_pu,0.0419984777228646,0.0,0.0,0.0,0.0,0.0,0.056527109496226906,0.07380545820491141,0.10436523295039885,0.16486643011236357,0.19988993363327345,0.18022977114095287,0.14971441183127424,0.09683616212669557,0.07893419748204833,0.06285904309186371,0.04199847772286461
ADE_val_00001998,ade20k_resnest_semantic_cityscapes_0_00_dropout_pu,0.18886365436239325,0.38364160833848476,0.5303142229300154,0.0,0.0,0.0,0.26795885353641863,0.3307677302784719,0.3854741421058171,0.45244356751022596,0.5531171584012775,0.5192324358378698,0.46308368739651984,0.37772877342389954,0.3493416494215641,0.2509179846321455,0.18886365436239325
ADE_val_00000587,ade20k_resnest_semantic_cityscapes_0_00_dropout_pu,0.0936979342220074,0.36699126502129953,0.5502366838265293,0.0,0.0,0.0,0.1271585729978362,0.16346763940188758,0.21350385459827223,0.28657373644657924,0.5881386186829931,0.5659741218445664,0.36955540394153,0.21865406933763856,0.2080892816014581,0.24825124926761802,0.09369793422200742
ADE_val_00000223,ade20k_resnest_semantic_cityscapes_0_00_dropout_pu,0.3433485068977406,0.4481553744324166,0.6000053517235284,0.725305607359341,0.0,0.0,0.41517898040355067,0.46613590312437453,0.5308397817625791,0.6418107357389343,0.7753417173837304,0.7442485640360562,0.7251477144559229,0.6175407632647094,0.6042438752759793,0.5123354867613346,0.34334850689774066
ADE_val_00001331,ade20k_resnest_semantic_cityscapes_0_00_dropout_pu,0.2247249333894154,0.4545439475939548,0.5622715857870905,0.7117045277666586,0.0,0.0,0.30943888551622367,0.3786985120154482,0.4668189315970363,0.5673522956562866,0.7119167148436761,0.6925613005567415,0.645033798341661,0.592998487536465,0.5602675127698679,0.4253632311735282,0.22472493338941546
ADE_val_00000747,ade20k_resnest_semantic_cityscapes_0_00_dropout_pu,0.15541985199626385,0.3816643890635199,0.5284262081803405,0.0,0.0,0.0,0.20964658853311638,0.2582379681210654,0.32637686475617994,0.4202427659445332,0.5777115327049773,0.4929549107140929,0.42102625794548953,0.3612341586466461,0.3387782581119092,0.31844291004877223,0.1554198519962639
ADE_val_00001473,ade20k_resnest_semantic_cityscapes_0_00_dropout_pu,0.11437915365988324,0.4072906448478448,0.5768363101220616,0.701106561626464,0.0,0.0,0.15762331296149568,0.2041156840279674,0.2806777824013742,0.4157359383833025,0.6219862047666098,0.5283588596317437,0.39062449442809416,0.24618131996582754,0.23093733618180587,0.2762674867122356,0.11437915365988321
ADE_val_00000570,ade20k_resnest_semantic_cityscapes_0_00_dropout_pu,0.23344671853767995,0.393769269740742,0.5584797376893295,0.7247741059219485,0.0,0.0,0.3022059069137562,0.341809177808569,0.392056193979565,0.48551273187016697,0.7188780900499344,0.6239990037318264,0.5641528722309137,0.5397107558988554,0.4974219821518777,0.350288727596913,0.23344671853767993
ADE_val_00001583,ade20k_resnest_semantic_cityscapes_0_00_dropout_pu,0.05454094684180208,0.3894036700776642,0.550353805142215,0.0,0.0,0.0,0.07597269516889961,0.10243972007297157,0.1584552754714438,0.342158532441875,0.6098053004542978,0.5433684627401165,0.4623462681123513,0.3543687131496363,0.29055620004405996,0.2946793140870102,0.054540946841802086
ADE_val_00001788,ade20k_resnest_semantic_cityscapes_0_00_dropout_pu,0.04777248503633474,0.39036989187331395,0.5390739716685321,0.0,0.0,0.0,0.06624459033081624,0.08887974630675112,0.13614821786812797,0.2681314767799891,0.5852745810741816,0.5043049576499727,0.31456949521034555,0.1940917699886491,0.16110149632905058,0.19555879702346107,0.047772485036334744
ADE_val_00001960,ade20k_resnest_semantic_cityscapes_0_00_dropout_pu,0.08283363268704516,0.412727189360129,0.5416226470708532,0.0,0.0,0.0,0.11697762417594154,0.15992198387775952,0.246074728277359,0.42467706287423673,0.5860057985587307,0.5708996064148717,0.5285597578303317,0.4571847827295187,0.43700808213254494,0.24931301111615756,0.08283363268704515
ADE_val_00000862,ade20k_resnest_semantic_cityscapes_0_00_dropout_pu,0.08692109460439777,0.35269617229011657,0.0,0.0,0.0,0.0,0.12029096588070003,0.15914533648732695,0.2138766567449442,0.29604609289673184,0.4424127280695189,0.3671878098146166,0.27764630333661816,0.1836341918888823,0.15857264950507582,0.19204575084740005,0.08692109460439774
ADE_val_00001987,ade20k_resnest_semantic_cityscapes_0_00_dropout_pu,0.10532555656822544,0.39056981332109786,0.5499746570696219,0.0,0.0,0.0,0.14574783255033413,0.19195738345308674,0.26041605939656126,0.3846541581901884,0.6368863107764874,0.611758259423272,0.5260772540029701,0.40182696558238734,0.36776447739394164,0.2676349291133264,0.10532555656822544
ADE_val_00000383,ade20k_resnest_semantic_cityscapes_0_00_dropout_pu,0.03305772546104433,0.352577895825662,0.5080120835991789,0.0,0.0,0.0,0.04450682927755517,0.05762136461912572,0.08395383045953186,0.18069437209465777,0.39724409850500997,0.31810041567519054,0.22563135111697147,0.12901371585312588,0.10027046549213933,0.1449313587008971,0.03305772546104433
ADE_val_00000852,ade20k_resnest_semantic_cityscapes_0_00_dropout_pu,0.05760526483025379,0.3619674815614994,0.5119782424159743,0.0,0.0,0.0,0.08025069458864928,0.10781935179998967,0.1606644940697088,0.24022009292730404,0.5005703277935554,0.4343757485823771,0.31834143345694005,0.22716096701081936,0.21455005207170502,0.16610938906466405,0.05760526483025379
ADE_val_00001985,ade20k_resnest_semantic_cityscapes_0_00_dropout_pu,0.12493907728742935,0.3439666012290337,0.5497262971004473,0.0,0.0,0.0,0.17641624464420455,0.22565965197891938,0.27016526656759304,0.32642342202230135,0.45103398589402416,0.4074543234692138,0.36666437617808934,0.28254461280783333,0.24912033731751734,0.17261929726175804,0.12493907728742937
ADE_val_00001540,ade20k_resnest_semantic_cityscapes_0_00_dropout_pu,0.3417884284628296,0.45362214886752533,0.5462271551320362,0.0,0.0,0.0,0.42927324142734274,0.48024604547155036,0.5260551804020226,0.5750208691787463,0.6395149234734955,0.5973208780484418,0.5358856532398447,0.5113448301311315,0.5048685148942492,0.48161664181301694,0.3417884284628296
ADE_val_00001622,ade20k_resnest_semantic_cityscapes_0_00_dropout_pu,0.09004982745997872,0.40621108056488076,0.5577022993660777,0.0,0.0,0.0,0.12260655515771916,0.1584013913910326,0.22748250752320612,0.3778396385307727,0.6711753121460974,0.6285644016285226,0.5103778050078733,0.3730229813150171,0.3384743377678004,0.27258549860388886,0.09004982745997873
ADE_val_00001644,ade20k_resnest_semantic_cityscapes_0_00_dropout_pu,0.16277181710645594,0.3802111861560639,0.5490058400318572,0.0,0.0,0.0,0.22234251548868417,0.27194772244940574,0.33325824029365386,0.42078510735297425,0.6151506196223078,0.5963233601972671,0.5331410568336904,0.4198331557500412,0.39608429992801664,0.32682577899989795,0.16277181710645588
ADE_val_00001460,ade20k_resnest_semantic_cityscapes_0_00_dropout_pu,0.2647561524669284,0.4285371149033417,0.5615294343442956,0.7169656739462391,0.0,0.0,0.34588427237550123,0.40284316529884756,0.4653404581661763,0.552768045106351,0.6690389461735599,0.6266220296479621,0.5618631776134584,0.4276705218740351,0.4071096225629205,0.3614132782530728,0.2647561524669284
ADE_val_00001432,ade20k_resnest_semantic_cityscapes_0_00_dropout_pu,0.09785955011875057,0.40757433763003215,0.5537063610272032,0.0,0.0,0.0,0.13657345720868122,0.17892113462268058,0.24582869829912002,0.3654471831025057,0.6262122282972691,0.548510186004546,0.45410370439743913,0.3412865569001818,0.3099443922249608,0.23084811656106424,0.09785955011875057
ADE_val_00000021,ade20k_resnest_semantic_cityscapes_0_00_dropout_pu,0.2723861184159981,0.49811595733303843,0.6326700231011655,0.735180847028088,0.0,0.0,0.3864555870832698,0.49262544094431016,0.5783724254390874,0.7049190762718983,0.796807421597751,0.7848627374198576,0.7564643870968165,0.713607524328155,0.6956232482547935,0.48666634394338454,0.2723861184159981
ADE_val_00000705,ade20k_resnest_semantic_cityscapes_0_00_dropout_pu,0.13077198466513726,0.3965900692432743,0.5417230303230832,0.0,0.0,0.0,0.1846546305706741,0.2460162725814198,0.3269072931168507,0.44263769920885293,0.6355626516107938,0.5576270464286456,0.44186407602501887,0.38656722057406645,0.3641145462759927,0.2699083526063566,0.13077198466513726
ADE_val_00000847,ade20k_resnest_semantic_cityscapes_0_00_dropout_pu,0.05867620842184422,0.38906604113931553,0.5747421268936104,0.7052731261840508,0.0,0.0,0.08086895677877665,0.10778072067282389,0.16095207335425554,0.2772307976128424,0.6858358859223371,0.6351335390193894,0.41711141181983313,0.25902788341400834,0.20755348579399505,0.22444260283908776,0.05867620842184423
ADE_val_00001821,ade20k_resnest_semantic_cityscapes_0_00_dropout_pu,0.043712659196352616,0.3801921987482079,0.5747430165248072,0.0,0.0,0.0,0.060720168558639855,0.08185262881160774,0.12598665100519665,0.2396839853914611,0.6289471560127484,0.5991792677403125,0.44562729424598,0.2837779325385611,0.2481601324965573,0.21790459066364057,0.04371265919635262
ADE_val_00001480,ade20k_resnest_semantic_cityscapes_0_00_dropout_pu,0.08449573653319258,0.3519149372087301,0.5195205290451264,0.0,0.0,0.0,0.11821906067673846,0.15751291527385566,0.21538352040607406,0.30145457924518215,0.4233292874112853,0.3140912518944328,0.22611451759208273,0.16423010073263883,0.14695791144881967,0.16246542446244727,0.08449573653319258
ADE_val_00000158,ade20k_resnest_semantic_cityscapes_0_00_dropout_pu,0.2042558266674047,0.45174524002251726,0.5794662146037628,0.7093650699910801,0.0,0.0,0.28911920331018226,0.38506319960729896,0.47555469014901103,0.578716263392618,0.7018850432890877,0.6789892220244319,0.655805218864473,0.5981626437847251,0.5029210318401003,0.3766087437012445,0.2042558266674046
ADE_val_00000328,ade20k_resnest_semantic_cityscapes_0_00_dropout_pu,0.05792721092970314,0.347418517172525,0.5133972631575672,0.0,0.0,0.0,0.08057910328874955,0.10697792168075379,0.15222497241312796,0.2363750004429616,0.47567615373116723,0.40919409187933636,0.2972437270655985,0.22066234555415387,0.18513697085997502,0.15087466928632642,0.057927210929703134
ADE_val_00000153,ade20k_resnest_semantic_cityscapes_0_00_dropout_pu,0.1742608614383895,0.42851477586286735,0.5600320624415428,0.7081020615622563,0.0,0.0,0.24506959146456303,0.31799674193878513,0.4039143776494821,0.5237952334590396,0.6913161538328719,0.6686343995968101,0.6241772616838247,0.555072509762844,0.5247580656635769,0.3445575534320778,0.17426086143838956
ADE_val_00000896,ade20k_resnest_semantic_cityscapes_0_00_dropout_pu,0.06371143397774538,0.38061474466401846,0.6475362236514391,0.7371996384480116,0.0,0.0,0.08448878220544226,0.1044787523238428,0.13697193243765965,0.21796668268745714,0.7227662421079782,0.5464793964213062,0.32083977309141054,0.2223485327170346,0.1894225279228314,0.11693960370003247,0.06371143397774537
ADE_val_00001406,ade20k_resnest_semantic_cityscapes_0_00_dropout_pu,0.04300875641816922,0.37447064582389517,0.5048882336852341,0.0,0.0,0.0,0.05962664167321316,0.0802976176075736,0.12369780206337364,0.2377922974751121,0.45042718928484904,0.37873718817614976,0.20920693128903192,0.1254915026919832,0.10798823746769166,0.17492800586203716,0.04300875641816922
ADE_val_00000827,ade20k_resnest_semantic_cityscapes_0_00_dropout_pu,0.05273139139745833,0.37746455953544744,0.5486856992622403,0.0,0.0,0.0,0.07253133374413298,0.09505599504471596,0.13915363057680544,0.2431918781173376,0.5093024913966175,0.4146035354318201,0.38228767299647015,0.27459449659019464,0.22238714462700046,0.11952521087131,0.05273139139745833
ADE_val_00001837,ade20k_resnest_semantic_cityscapes_0_00_dropout_pu,0.029118438217245805,0.43661512432086697,0.6156983821810345,0.0,0.0,0.0,0.03957396943668059,0.05200906770296591,0.07663658000091024,0.16317287005041115,0.6777937321649027,0.5828861529074774,0.3467577735634519,0.18404640785572998,0.13980004889886383,0.21327504445130166,0.029118438217245805
ADE_val_00001510,ade20k_resnest_semantic_cityscapes_0_00_dropout_pu,0.1325226266560726,0.4233351650060005,0.5845711997010478,0.7146917593306518,0.0,0.0,0.18222027440424204,0.23624231229893336,0.31376157266572785,0.4541900451040373,0.7213935691555001,0.6788668969204922,0.6095971139839359,0.45097206495313036,0.4143971764657026,0.3553276696083114,0.1325226266560726
ADE_val_00000791,ade20k_resnest_semantic_cityscapes_0_00_dropout_pu,0.04200767266720868,0.41775721642963787,0.5494231585588722,0.0,0.0,0.0,0.05883462387334854,0.08042146744372082,0.127187518770053,0.2603329447405747,0.5986535010443461,0.5464022454636467,0.3747749572319494,0.24428718739865604,0.194349608230899,0.2516866048696495,0.042007672667208694
ADE_val_00000488,ade20k_resnest_semantic_cityscapes_0_00_dropout_pu,0.06895056554939806,0.4190122699754667,0.5640442708258109,0.7323366702709005,0.0,0.0,0.09676121236597897,0.1294842676607158,0.18971786065668356,0.33441326635422736,0.6432721184853615,0.5482330739411263,0.3789689110854207,0.2056299607831968,0.16783345013669634,0.22561357985662722,0.06895056554939806
ADE_val_00001561,ade20k_resnest_semantic_cityscapes_0_00_dropout_pu,0.06597576035052347,0.33318596201310924,0.5136270095231331,0.0,0.0,0.0,0.08958495971893951,0.11389207785360568,0.15783351793526582,0.2692271098091483,0.3953167738968852,0.3151257356718572,0.22528433709723023,0.13356436727951815,0.11299528657689459,0.1924572596866912,0.06597576035052347
ADE_val_00001752,ade20k_resnest_semantic_cityscapes_0_00_dropout_pu,0.19589985141160665,0.4367108135866472,0.547044697445156,0.0,0.0,0.0,0.2742880294018957,0.3613102994337791,0.44716224872101296,0.5315806822473358,0.6375823562249662,0.5687535781009495,0.5125164512232694,0.45149342211237176,0.4451460838440087,0.3163827230833545,0.19589985141160662
ADE_val_00001645,ade20k_resnest_semantic_cityscapes_0_00_dropout_pu,0.1498328807207508,0.3974671820903485,0.5743341676120455,0.7040034328954399,0.0,0.0,0.20784698936104867,0.2659637448432402,0.3429175781143161,0.4516148429250854,0.6945884983448499,0.6657679744168525,0.6304073365822362,0.4915804237585341,0.4486712610566311,0.3224841149187886,0.14983288072075082
ADE_val_00001201,ade20k_resnest_semantic_cityscapes_0_00_dropout_pu,0.06945124836102227,0.3717935952510682,0.5417968716835261,0.0,0.0,0.0,0.09788958425032944,0.13413575302796887,0.20820615609635224,0.3397256747201678,0.5082683862867161,0.4329408660546447,0.31590742591201243,0.2529802825774297,0.2035383971428306,0.23492045904060868,0.06945124836102227
ADE_val_00000834,ade20k_resnest_semantic_cityscapes_0_00_dropout_pu,0.06241632050033776,0.3658822946811378,0.5394488771948702,0.0,0.0,0.0,0.08689039275243907,0.11707424574397958,0.16883804408996803,0.2438575494147613,0.5578908775011727,0.502371034998918,0.35488504528315656,0.27066454349989433,0.24150626283196466,0.13853346518115817,0.062416320500337796
ADE_val_00000265,ade20k_resnest_semantic_cityscapes_0_00_dropout_pu,0.13693611211360288,0.4290438228191774,0.5636843305394206,0.0,0.0,0.0,0.19350191775784045,0.2618501166685408,0.37707903798450837,0.5083371041962653,0.6577690507927157,0.6326072716514137,0.5956920849914205,0.5286757970994873,0.5027125269006267,0.3075741417652711,0.1369361121136029
ADE_val_00001343,ade20k_resnest_semantic_cityscapes_0_00_dropout_pu,0.230068583073133,0.5313268693579963,0.6050138193421313,0.7374452349407065,0.0,0.0,0.3169058962137908,0.4127837695612661,0.5502800880915978,0.66416077607486,0.8106435670928563,0.7816959313798685,0.7575548403013503,0.7135903991392464,0.6741819223305504,0.5115203298828142,0.23006858307313308
ADE_val_00000877,ade20k_resnest_semantic_cityscapes_0_00_dropout_pu,0.3255305105632374,0.536770959041447,0.6320264624728124,0.7266726085854414,0.0,0.0,0.4323203535860227,0.5143403618638627,0.6243121588628153,0.7004989582174658,0.7750571249936509,0.742407848746724,0.7049431478992829,0.6312644080231239,0.6088825034532559,0.5711254269109406,0.32553051056323745
ADE_val_00001950,ade20k_resnest_semantic_cityscapes_0_00_dropout_pu,0.11616220602711377,0.40319365527235096,0.5587112973902439,0.7019937374328107,0.0,0.0,0.16374442408564654,0.2186009563673373,0.2997804517707734,0.42296521108209023,0.6741710105463364,0.6156152598100517,0.5282541822544004,0.4101148459531823,0.3727822857378846,0.2492723777107568,0.11616220602711376
ADE_val_00000883,ade20k_resnest_semantic_cityscapes_0_00_dropout_pu,0.12394385941330559,0.36993392192272334,0.5298209863490356,0.0,0.0,0.0,0.17276547515266646,0.2212737513441145,0.2832040621398111,0.37781217109777004,0.5639078703585831,0.5070923420289969,0.4104309260362286,0.3294010403136103,0.308253075259683,0.19389901418900007,0.12394385941330557
ADE_val_00001992,ade20k_resnest_semantic_cityscapes_0_00_dropout_pu,0.03811626506203348,0.3648863409100901,0.536505996621559,0.0,0.0,0.0,0.05206729426989081,0.06912348727604539,0.10481814524811559,0.210031332335897,0.5303255543614018,0.469460273824092,0.2934646038751487,0.1685824254809535,0.14106326397688998,0.14647298393811867,0.03811626506203348
ADE_val_00001548,ade20k_resnest_semantic_cityscapes_0_00_dropout_pu,0.06360666132710505,0.40146765572662724,0.5587450935048525,0.0,0.0,0.0,0.08945108986839068,0.12110469882132563,0.18267877299248894,0.3224828976033989,0.6461270940060894,0.6003921381804114,0.5277260240617312,0.3573721115313651,0.26488095729914063,0.24662970361838546,0.06360666132710503
ADE_val_00000654,ade20k_resnest_semantic_cityscapes_0_00_dropout_pu,0.36067806117461215,0.4298296181283237,0.5471925509976701,0.0,0.0,0.0,0.4326431779714108,0.46827839395206494,0.5078530895480746,0.5640377601358323,0.6875119558708839,0.6737358083459377,0.6236107228775535,0.5011000787734068,0.4922331432411371,0.40166902801259363,0.36067806117461215
ADE_val_00001732,ade20k_resnest_semantic_cityscapes_0_00_dropout_pu,0.03617646229624224,0.3614199616472946,0.5436364342661146,0.0,0.0,0.0,0.05020561009248756,0.06713850874322896,0.10231152812730111,0.19986610804822433,0.510576943352643,0.39550289393592925,0.3243534027244685,0.23184439769950543,0.1836968250363844,0.12915792424115055,0.03617646229624224
ADE_val_00001830,ade20k_resnest_semantic_cityscapes_0_00_dropout_pu,0.09743241021187919,0.3746125601674899,0.5170058681201037,0.0,0.0,0.0,0.13349229621559136,0.16375539556892973,0.19842887478069424,0.29132151643770937,0.5138085586677876,0.4568119515466094,0.3960438906319332,0.30942948696437544,0.2562089793570273,0.21907425801328018,0.09743241021187916
ADE_val_00001370,ade20k_resnest_semantic_cityscapes_0_00_dropout_pu,0.08951800182988649,0.42150066913612083,0.5675447895874576,0.0,0.0,0.0,0.125437392640865,0.16581349252112138,0.23810725058259025,0.40022431018954224,0.6599197676487712,0.6356546712983218,0.5687803278403254,0.41987082035402074,0.3248263819672087,0.3342564252518838,0.0895180018298865
ADE_val_00000152,ade20k_resnest_semantic_cityscapes_0_00_dropout_pu,0.05392711382734458,0.3604044019511085,0.5187311499442225,0.0,0.0,0.0,0.07429518876621953,0.09766864608797202,0.1418929896985843,0.2527698265251794,0.42854463746487786,0.34604978308655077,0.23078373939025326,0.12710228071372748,0.11982500779829147,0.05889954329307773,0.053927113827344594
ADE_val_00000894,ade20k_resnest_semantic_cityscapes_0_00_dropout_pu,0.265259776392057,0.549053275733272,0.6223362775488095,0.765980664412358,0.0,0.0,0.3759221373642436,0.4913333021152416,0.6065069194547411,0.7165928776977287,0.82239771390985,0.8130340138878579,0.7751418161724486,0.6642358091601891,0.6437695232889877,0.5432674551076941,0.26525977639205695
ADE_val_00000322,ade20k_resnest_semantic_cityscapes_0_00_dropout_pu,0.09102608122272891,0.4019623143548281,0.5688367380564354,0.0,0.0,0.0,0.12602849670977054,0.16682192423062328,0.24218850217524965,0.38026395497302234,0.6471713196768991,0.6150507341898293,0.5666618776177134,0.42155739869879144,0.3811082984201165,0.2116424175015493,0.0910260812227289
ADE_val_00001949,ade20k_resnest_semantic_cityscapes_0_00_dropout_pu,0.11864294980374768,0.40536941570783097,0.5373052605568,0.0,0.0,0.0,0.16537970846874486,0.2225047601993736,0.315985545087362,0.44389062156679104,0.6319256495308173,0.5936546027355437,0.5130420979221058,0.4549518347887053,0.43139079700613403,0.2733778386491273,0.11864294980374768
ADE_val_00001145,ade20k_resnest_semantic_cityscapes_0_00_dropout_pu,0.025986116384630907,0.36355218360917085,0.5085964366774232,0.0,0.0,0.0,0.036627757988369716,0.05003921874615536,0.07774423336999807,0.17385345092812918,0.47809939890897646,0.4249523781957732,0.2547574644623442,0.14674173267942897,0.12183674527757944,0.15154972276062864,0.02598611638463091
ADE_val_00001458,ade20k_resnest_semantic_cityscapes_0_00_dropout_pu,0.13185901700074054,0.4380249011302502,0.5905927247039323,0.7082027528284802,0.0,0.0,0.18125226943924005,0.22562438973528018,0.28909251302382183,0.44371015258883967,0.704222838852708,0.6640614583266349,0.5331130632002746,0.3867569185913387,0.3193831897194529,0.32419172465856827,0.1318590170007405
ADE_val_00000711,ade20k_resnest_semantic_cityscapes_0_00_dropout_pu,0.04690879955242966,0.3712602557998508,0.5140148105078428,0.0,0.0,0.0,0.0658558323039537,0.09018247934198508,0.14048338915353437,0.2599341133891055,0.4680910715692698,0.42029467853651153,0.36377865647820956,0.17527070567638145,0.13233259423598764,0.23833918484671668,0.046908799552429666
ADE_val_00001360,ade20k_resnest_semantic_cityscapes_0_00_dropout_pu,0.09570535806716803,0.35754003984093546,0.0,0.0,0.0,0.0,0.12996723592250511,0.16786843604081225,0.21687698930743005,0.29816320424589454,0.4650644876029264,0.4113650950605879,0.34214002894296025,0.2550346006824815,0.23860018846027098,0.2263782480351995,0.09570535806716801
ADE_val_00000304,ade20k_resnest_semantic_cityscapes_0_00_dropout_pu,0.2742094410950425,0.48944309281671544,0.6128616106569864,0.7390066008003303,0.0,0.0,0.3719488737862471,0.44805051486238756,0.5428710591891462,0.668441885404945,0.8179745979334421,0.786293593902622,0.7448229154435682,0.6704368635928669,0.6525988933819126,0.4530753763450008,0.2742094410950425
ADE_val_00001235,ade20k_resnest_semantic_cityscapes_0_00_dropout_pu,0.05828717603081377,0.3567214841509053,0.0,0.0,0.0,0.0,0.07695318517671322,0.09573805163172167,0.12464535555495827,0.17622063492036824,0.29237150453734434,0.18520066829049728,0.15572982529244603,0.09054825805929483,0.08362236678197238,0.11665799416104339,0.058287176030813764
ADE_val_00000737,ade20k_resnest_semantic_cityscapes_0_00_dropout_pu,0.07162222070061143,0.45583643614142605,0.5844365791602607,0.721997096491661,0.0,0.0,0.09925679248503744,0.13334010534517846,0.20580719184541346,0.4098579247333515,0.7021283097977211,0.6433958652950734,0.3565978082536994,0.20326375953322612,0.16082509657311062,0.25852273197060543,0.07162222070061143
ADE_val_00001847,ade20k_resnest_semantic_cityscapes_0_00_dropout_pu,0.08142572194301478,0.3544022667646479,0.5411707372543314,0.0,0.0,0.0,0.11201574144240344,0.14748333203204836,0.2038861307687047,0.30318853335737783,0.49805929218022227,0.42592334022115,0.40005433778719934,0.27940608587235966,0.24955912587079862,0.20931440642937732,0.08142572194301477
ADE_val_00000879,ade20k_resnest_semantic_cityscapes_0_00_dropout_pu,0.1809150205617612,0.4193695190348033,0.5574104856494899,0.7129798669316877,0.0,0.0,0.2482207455456828,0.3130982227185944,0.4054294351199773,0.5063990482566455,0.651969578502115,0.6125801779651779,0.5098312899308481,0.45874271865232147,0.4379390214435214,0.32790558482706567,0.18091502056176118
ADE_val_00000841,ade20k_resnest_semantic_cityscapes_0_00_dropout_pu,0.0995382928009147,0.3597863205575461,0.5366059676917356,0.0,0.0,0.0,0.1375847753455866,0.1761756872091068,0.2338850095622652,0.33564075408349714,0.5904123367903851,0.5475536755889024,0.4595171123458077,0.3551165578192063,0.3168064961401853,0.23556348809331148,0.09953829280091471
ADE_val_00000378,ade20k_resnest_semantic_cityscapes_0_00_dropout_pu,0.05583828597106284,0.4186863029622589,0.5357380320648346,0.0,0.0,0.0,0.07730916936963966,0.10348837826080394,0.1546158868789906,0.26263318268644936,0.5809110750326041,0.5574512655921198,0.33833866363440973,0.22501890089302065,0.21589668348437413,0.20077588583459152,0.05583828597106283
ADE_val_00001162,ade20k_resnest_semantic_cityscapes_0_00_dropout_pu,0.11041557443007219,0.4516745004791794,0.5747633162719858,0.0,0.0,0.0,0.1555986735572013,0.21057365708580697,0.2926975011123442,0.45492916776492687,0.6354152471959263,0.6077763523437419,0.5393167322860285,0.2979428215991409,0.2536806006859072,0.31410933981891204,0.11041557443007222
ADE_val_00001085,ade20k_resnest_semantic_cityscapes_0_00_dropout_pu,0.08570364609871724,0.33094559430858045,0.5031990156709214,0.0,0.0,0.0,0.11630192699023097,0.1445602807075201,0.1818913992442368,0.24253990957038948,0.372498477499161,0.34485748217677,0.2891151818503312,0.2571449294506454,0.2398620416889371,0.14236873451134147,0.08570364609871726
ADE_val_00001405,ade20k_resnest_semantic_cityscapes_0_00_dropout_pu,0.4078497587557173,0.5372798324850013,0.6192570862292238,0.7541338464999294,0.0,0.0,0.5313164861586473,0.5947273435407714,0.6531739122919954,0.7367285980723715,0.8242063772669226,0.8134594558458679,0.750687924902695,0.6634614420757318,0.6105195257683181,0.6059688452325164,0.4078497587557173
ADE_val_00000432,ade20k_resnest_semantic_cityscapes_0_00_dropout_pu,0.12017054068697659,0.3819601002904447,0.5332585137584508,0.0,0.0,0.0,0.16931578497320993,0.22250857591878467,0.29003434600613126,0.38676952715250207,0.5602349368257553,0.5356260964888753,0.48341923675336884,0.34471353004945043,0.2977015827931937,0.2507210375772965,0.12017054068697662
ADE_val_00000637,ade20k_resnest_semantic_cityscapes_0_00_dropout_pu,0.12374337421010666,0.38375248035939913,0.5313705696180969,0.7139342895063145,0.0,0.0,0.16794015163989806,0.2061155643923691,0.25451192248665677,0.3579877065247027,0.5988860186650921,0.5087715633073742,0.4732621123183505,0.3643930024323754,0.32345783996734756,0.2677674238171145,0.12374337421010669
ADE_val_00000652,ade20k_resnest_semantic_cityscapes_0_00_dropout_pu,0.11301898012196973,0.37951417720603514,0.5582394862971142,0.7084534683418646,0.0,0.0,0.15419588877412851,0.20304343063942235,0.27643800254806383,0.3757017684316754,0.6903558846372435,0.6393347354263975,0.5678666419914721,0.3688913199116764,0.32744603267690825,0.3321830533117491,0.11301898012196972
ADE_val_00001434,ade20k_resnest_semantic_cityscapes_0_00_dropout_pu,0.024572628982102395,0.3901705743046869,0.5517735144762876,0.0,0.0,0.0,0.03460616279316065,0.04746560525884496,0.07529535832635732,0.17551734754792414,0.580575190605399,0.5077600644077014,0.34311055540254687,0.19083420212724783,0.15325821562377215,0.12894387801711554,0.024572628982102388
ADE_val_00000582,ade20k_resnest_semantic_cityscapes_0_00_dropout_pu,0.06911920546602264,0.4006400126862553,0.5310560386398046,0.0,0.0,0.0,0.0971391123032416,0.13277594285412717,0.2016137401561795,0.35547588312585077,0.5984415181294723,0.5435999462740719,0.437665472931448,0.3163279678993958,0.2581520638343006,0.3173550455504657,0.06911920546602264
ADE_val_00000481,ade20k_resnest_semantic_cityscapes_0_00_dropout_pu,0.09345472070401932,0.3944984920349958,0.5418802316511031,0.0,0.0,0.0,0.13129222213458513,0.1779720294007495,0.24849226422329018,0.3778218439266554,0.619829945976193,0.5497996220482755,0.47015926899383975,0.40761032361714855,0.3907664873480086,0.26128235760421736,0.09345472070401932
ADE_val_00000207,ade20k_resnest_semantic_cityscapes_0_00_dropout_pu,0.03781948692710385,0.369997426114499,0.533446587459024,0.0,0.0,0.0,0.05066237655490281,0.065740403829229,0.09735261198216562,0.19614862595218063,0.47183213730149226,0.35022278170703347,0.15582010095012655,0.08127137402831339,0.06860102258412823,0.21789023928786375,0.03781948692710385
ADE_val_00000794,ade20k_resnest_semantic_cityscapes_0_00_dropout_pu,0.09121255058533677,0.5615464177597891,0.6141807681051737,0.7344323478467683,0.0,0.0,0.12613513405401716,0.1678492680853067,0.24480068329957544,0.4282127692562564,0.780796563389301,0.7542825045623971,0.7241864996769632,0.6457253673767613,0.6245776884245413,0.36865327279603544,0.09121255058533681
ADE_val_00001127,ade20k_resnest_semantic_cityscapes_0_00_dropout_pu,0.07802773514706962,0.38897631221132756,0.567580643492613,0.0,0.0,0.0,0.10962412248726876,0.14653919584206176,0.21481633084204843,0.34035540533717185,0.6650386216906754,0.5254239936798458,0.39534555898720697,0.3008072787313754,0.27837939528503236,0.25889945294123135,0.07802773514706964
ADE_val_00000436,ade20k_resnest_semantic_cityscapes_0_00_dropout_pu,0.13035073032985328,0.4357220931839184,0.5808986796525202,0.7063212066339631,0.0,0.0,0.17948728404687092,0.22229812995075318,0.2844702051896343,0.43634901445372676,0.6993860153588123,0.6698090506982601,0.6238998139555713,0.427780320508069,0.3604412584813037,0.389210829853616,0.1303507303298533
ADE_val_00001438,ade20k_resnest_semantic_cityscapes_0_00_dropout_pu,0.1886410586842315,0.4199841846202759,0.5586982002924316,0.0,0.0,0.0,0.26833806135500426,0.35229242357374846,0.42519483350671183,0.5265508168860598,0.6750762286869414,0.6271000161335865,0.587296746358123,0.4610198137904648,0.4344354287091348,0.4207715423272854,0.18864105868423145
ADE_val_00001218,ade20k_resnest_semantic_cityscapes_0_00_dropout_pu,0.08574522159472758,0.36738025847648953,0.5137197212713354,0.0,0.0,0.0,0.11772164772574842,0.15139352388999297,0.20173332083017223,0.30059057652311216,0.5076522028388604,0.3681634339961408,0.22323248318788622,0.16738930166259067,0.14928996730342234,0.15968863773389286,0.0857452215947276
ADE_val_00000022,ade20k_resnest_semantic_cityscapes_0_00_dropout_pu,0.04981733832473887,0.33508564177418565,0.0,0.0,0.0,0.0,0.06700570253342092,0.08432326211338095,0.10994468443081659,0.16179191881365518,0.353396440170485,0.2093715543961481,0.130429919112891,0.11416601287488605,0.10623967528526128,0.11750379592666388,0.04981733832473888
ADE_val_00000620,ade20k_resnest_semantic_cityscapes_0_00_dropout_pu,0.1613747703661567,0.3927352001111511,0.5396969907043677,0.0,0.0,0.0,0.21733438061331728,0.2698487187680677,0.341348365609345,0.4426703430726118,0.6086429364641665,0.577317309747476,0.5369463906792907,0.4811790248705896,0.44563894312304736,0.3193276570954129,0.16137477036615663
ADE_val_00000825,ade20k_resnest_semantic_cityscapes_0_00_dropout_pu,0.1260637191580117,0.4389242563459862,0.5601468476455681,0.7042238152457111,0.0,0.0,0.1745535030511886,0.23039792405958168,0.3214600541158552,0.48608432647398125,0.6638933226901493,0.6307702285419079,0.5775977476049543,0.5001874079383802,0.47698580032971166,0.2845801698871911,0.12606371915801168
ADE_val_00001613,ade20k_resnest_semantic_cityscapes_0_00_dropout_pu,0.123327440940502,0.35744958742698674,0.5061643137673029,0.0,0.0,0.0,0.16982683511709307,0.22154298540440934,0.29028649614778107,0.370335910163559,0.4809599744147217,0.4606658680517598,0.42484950339241595,0.3706956557644487,0.36337114383976343,0.21011618357384912,0.12332744094050202
ADE_val_00001984,ade20k_resnest_semantic_cityscapes_0_00_dropout_pu,0.45174799499984425,0.561706742810111,0.6414709139040684,0.7445586272739914,0.0,0.0,0.5632705461275521,0.6311826272801278,0.6895057735693892,0.7524870125891607,0.8268637583464737,0.8090698035746438,0.7822676044276503,0.7293531488582201,0.7122622124690547,0.6198503012557462,0.4517479949998443
ADE_val_00000919,ade20k_resnest_semantic_cityscapes_0_00_dropout_pu,0.142094546394646,0.34771439170334284,0.0,0.0,0.0,0.0,0.2007296765043298,0.24210651023981586,0.2818676885595799,0.34234494405392946,0.46433594711011056,0.45398971189717235,0.432132740848254,0.3970599139735751,0.3803861519370436,0.21517965745391848,0.14209454639464603
ADE_val_00001898,ade20k_resnest_semantic_cityscapes_0_00_dropout_pu,0.10575575155804019,0.3961393166814473,0.5382895900384449,0.0,0.0,0.0,0.14604999302109004,0.18659158732669764,0.2501752678867942,0.37918133789302316,0.6167277284285363,0.5550518326031298,0.5010546585735323,0.40789266396629736,0.36162603512495506,0.20757194149520838,0.10575575155804018
ADE_val_00000410,ade20k_resnest_semantic_cityscapes_0_00_dropout_pu,0.16946266467760682,0.4258850595294517,0.5611996106481603,0.7360354901819165,0.0,0.0,0.2361556645436507,0.29994411074061617,0.38332326096199115,0.49880800530428876,0.6768221488012274,0.6301283503034215,0.5355027735351964,0.4292424244906603,0.3886695782237406,0.419451304571641,0.1694626646776068
ADE_val_00001617,ade20k_resnest_semantic_cityscapes_0_00_dropout_pu,0.19747260571774647,0.4378131381393037,0.5573187764034234,0.7074893843606691,0.0,0.0,0.2745346940824505,0.3528339759046283,0.440671699126874,0.538378484956717,0.6947389461367394,0.6249654631734471,0.5885041286915697,0.511363727293457,0.48542263944793723,0.38325045775245686,0.19747260571774652
ADE_val_00001389,ade20k_resnest_semantic_cityscapes_0_00_dropout_pu,0.06784535990602632,0.3956013252730669,0.5447502894170733,0.0,0.0,0.0,0.08712298319681377,0.10547296360449386,0.13374192252525685,0.19226350706027212,0.5602772076957518,0.5206436227241815,0.3261638307047622,0.15647370967941562,0.14622884737828518,0.22560652521370578,0.06784535990602635
ADE_val_00000373,ade20k_resnest_semantic_cityscapes_0_00_dropout_pu,0.1610770762377814,0.4926652730796681,0.6052173843074371,0.7530478495795471,0.0,0.0,0.22739097456277643,0.3085265177523934,0.4349660781642061,0.608020415239993,0.8372589036163359,0.8174369458414559,0.7816322127849457,0.718306022952098,0.6689989486291151,0.43792955664038385,0.16107707623778142
ADE_val_00001122,ade20k_resnest_semantic_cityscapes_0_00_dropout_pu,0.060191666442379964,0.44761400520144573,0.6048369225663341,0.7412029068511526,0.0,0.0,0.08491526871372443,0.11547978381277141,0.17849384857158782,0.32618993816252656,0.7068922430796312,0.643232521276323,0.6005696069319552,0.3279437533940099,0.25560906107264697,0.19202645375945254,0.06019166644237997
ADE_val_00001710,ade20k_resnest_semantic_cityscapes_0_00_dropout_pu,0.09509283550690095,0.3941433259266861,0.5417611020013985,0.0,0.0,0.0,0.13438256697597414,0.18355927870974462,0.2646075153827798,0.39776788981600114,0.6193776904439029,0.5920556743768506,0.5418896849648831,0.41506715670341415,0.3620707073171385,0.28544471868549853,0.09509283550690095
ADE_val_00001375,ade20k_resnest_semantic_cityscapes_0_00_dropout_pu,0.0714067251953424,0.36690892524730306,0.5343060428709022,0.0,0.0,0.0,0.09944809317038293,0.1334948517335173,0.19573342263396712,0.3055855743032213,0.5458890356718022,0.45393561234355423,0.38081650396489986,0.24713795052199594,0.2379161383516509,0.1796299303539362,0.07140672519534237
ADE_val_00000762,ade20k_resnest_semantic_cityscapes_0_00_dropout_pu,0.06020518145647091,0.36441795652626274,0.5362399723891619,0.0,0.0,0.0,0.0836210082310827,0.10898092907777414,0.15303092034516655,0.22669158647341306,0.42841826344662887,0.26692799423120755,0.23437271169894278,0.13229047690189366,0.11803426158027469,0.07232912018405858,0.060205181456470906
ADE_val_00001845,ade20k_resnest_semantic_cityscapes_0_00_dropout_pu,0.06570601522424355,0.4217125464768322,0.539834066520473,0.0,0.0,0.0,0.09155104587069234,0.12274885764351895,0.1800325373673419,0.29003766579554463,0.6055986463339625,0.569998506421121,0.5233458623739178,0.4079827361149049,0.3283873560615978,0.20148069514586384,0.06570601522424353
ADE_val_00000185,ade20k_resnest_semantic_cityscapes_0_00_dropout_pu,0.19396102446642066,0.4027526368083114,0.5328581649528018,0.0,0.0,0.0,0.2671375705261292,0.3261726941883307,0.39281391623372514,0.48115751688211467,0.5862651003715599,0.5542366354469285,0.5034084720439951,0.4586635826863775,0.4453773171754726,0.32913982566529876,0.19396102446642063
ADE_val_00000430,ade20k_resnest_semantic_cityscapes_0_00_dropout_pu,0.04647235274465143,0.36941610729849456,0.0,0.0,0.0,0.0,0.06465453630413101,0.08699668203561009,0.13403953622704992,0.23950045939330614,0.43146924629407807,0.40907196019827974,0.31123394843124375,0.1291590008043112,0.10841485933617924,0.18853845540292383,0.046472352744651446
ADE_val_00001133,ade20k_resnest_semantic_cityscapes_0_00_dropout_pu,0.04149502691534572,0.3662636286141436,0.5140880844977747,0.0,0.0,0.0,0.05733997988779094,0.07555737463144678,0.11172095947397225,0.2179186906542362,0.4745676057921412,0.4011215847661162,0.3188638166799297,0.24640764457634373,0.18443279466214063,0.11234355039223612,0.04149502691534573
ADE_val_00000585,ade20k_resnest_semantic_cityscapes_0_00_dropout_pu,0.14237171016742245,0.38869477483819,0.5618768991533284,0.0,0.0,0.0,0.19118436378372938,0.2347836935435694,0.2935678404125023,0.39797909669899684,0.6060266799920657,0.5722089419380312,0.5209532469467706,0.400773137810388,0.37219908154464343,0.29939865768509616,0.14237171016742248
ADE_val_00000727,ade20k_resnest_semantic_cityscapes_0_00_dropout_pu,0.19363388739238527,0.3873967014415816,0.5563396776421101,0.718969462258525,0.0,0.0,0.265697298969832,0.305828695723438,0.35135418020703224,0.44590804042362975,0.5959979533187139,0.5249402130725835,0.4147062236225404,0.31823084149615616,0.30581665996119217,0.28130783277403026,0.19363388739238527
ADE_val_00001376,ade20k_resnest_semantic_cityscapes_0_00_dropout_pu,0.12622435906548282,0.4552173799179174,0.6036816882055627,0.7596872726037625,0.0,0.0,0.17676297530945617,0.23877442716309735,0.3401881110664305,0.5161653355411592,0.8289948150630997,0.8124284089825214,0.7694465406758901,0.6453189002846088,0.6019375416373178,0.3849504067296675,0.12622435906548288
ADE_val_00000412,ade20k_resnest_semantic_cityscapes_0_00_dropout_pu,0.039711495571829375,0.37272984545708077,0.5060498619818626,0.0,0.0,0.0,0.054799556076598976,0.07370921523162949,0.11585720494446401,0.2687000078851482,0.41392089528352827,0.3680481716898143,0.22563028312230227,0.1184373463832072,0.09565865334086873,0.218759176302191,0.039711495571829375
ADE_val_00001203,ade20k_resnest_semantic_cityscapes_0_00_dropout_pu,0.10928080368264562,0.43272149660931575,0.575912158405758,0.7180148493538782,0.0,0.0,0.1495947250617521,0.1948019917070285,0.2686985966586616,0.40147641225850145,0.6437249678473147,0.5743447885475262,0.4366648038322251,0.28034018208572836,0.2249152810034326,0.3088979884612602,0.10928080368264563
ADE_val_00000974,ade20k_resnest_semantic_cityscapes_0_00_dropout_pu,0.01832558668569423,0.319006828834124,0.0,0.0,0.0,0.0,0.024538016457644033,0.03110027835170926,0.04284153759212968,0.07771875507926142,0.22978488622715043,0.16614695652714898,0.08586475042879192,0.03425178385975232,0.025661128448251868,0.0188583693243004,0.01832558668569423
ADE_val_00001332,ade20k_resnest_semantic_cityscapes_0_00_dropout_pu,0.09493532230446057,0.37997399714982155,0.5276336250704416,0.0,0.0,0.0,0.13043592002332774,0.17190374926667504,0.23263572327865809,0.34671915866516156,0.5636037367853364,0.49215585080760493,0.3850388180173686,0.276555365673876,0.22915441955750407,0.24479236417898456,0.09493532230446058
ADE_val_00001419,ade20k_resnest_semantic_cityscapes_0_00_dropout_pu,0.1005776212421289,0.33722457390686894,0.0,0.0,0.0,0.0,0.13508946600816205,0.16915118593500483,0.21260954158898793,0.2872906957947247,0.38832873488228126,0.3555967431713828,0.3027613186633424,0.23318198697822812,0.21039194479824472,0.11281604094944185,0.1005776212421289
ADE_val_00000798,ade20k_resnest_semantic_cityscapes_0_00_dropout_pu,0.05291642348361587,0.379289257191045,0.5269015267639838,0.0,0.0,0.0,0.07317726931248161,0.09833834587532103,0.15181319472745028,0.30968201929172057,0.5652474910755899,0.48724044885115986,0.4165268928783267,0.30324533755300953,0.250255559862865,0.24359539643707448,0.05291642348361587
ADE_val_00000801,ade20k_resnest_semantic_cityscapes_0_00_dropout_pu,0.025549357506042612,0.4245941007369892,0.5528580884600641,0.0,0.0,0.0,0.03377125608431746,0.043280305120876814,0.06304684097457217,0.13897705414696152,0.5400585248373434,0.44505441507091303,0.27809077845834773,0.13464876416527,0.1006528051131256,0.0794127146386616,0.025549357506042602
ADE_val_00001620,ade20k_resnest_semantic_cityscapes_0_00_dropout_pu,0.07145709060519606,0.40045825513869654,0.5371532870340899,0.0,0.0,0.0,0.10125841263018906,0.13890242266764055,0.20548814168697613,0.3238060337608865,0.5624764848773193,0.4907455054178948,0.3643483349268583,0.21146454531285502,0.16763521145696944,0.28624023200599513,0.07145709060519606
ADE_val_00001902,ade20k_resnest_semantic_cityscapes_0_00_dropout_pu,0.29045378084367574,0.4014413054217248,0.548431843184647,0.7340468690815034,0.0,0.0,0.3558330810172835,0.39640023559823934,0.44374376369930896,0.5139775005422386,0.6481666952447411,0.5968206607785534,0.57072919205222,0.49883698739325516,0.46693366568567946,0.34194814643876775,0.29045378084367574
ADE_val_00001129,ade20k_resnest_semantic_cityscapes_0_00_dropout_pu,0.031313248499320046,0.4140693192168466,0.548045259703624,0.0,0.0,0.0,0.043632515777264284,0.058910958989409366,0.0905115663925229,0.2048966285223451,0.6111007203549041,0.5680454301612721,0.500416515502213,0.3340938688415851,0.2650739953780151,0.2141938137828231,0.031313248499320046
ADE_val_00000796,ade20k_resnest_semantic_cityscapes_0_00_dropout_pu,0.10648563431571373,0.39974227675951374,0.5568010523852019,0.0,0.0,0.0,0.14466791406940585,0.17907224368349214,0.23045519245945223,0.3640886721627042,0.6510815357425268,0.6192641871363963,0.545803895983286,0.39916195030381085,0.321268296551962,0.2599017137557683,0.10648563431571376
ADE_val_00000477,ade20k_resnest_semantic_cityscapes_0_00_dropout_pu,0.10661125633919429,0.3794451198506452,0.5431285512255823,0.0,0.0,0.0,0.14981664575593617,0.20024897764517402,0.2741783637840108,0.3894185927688347,0.5991392522810545,0.5576137007255464,0.4618270222269614,0.38863817426542524,0.37410039017666025,0.23844527234319596,0.10661125633919429
ADE_val_00000863,ade20k_resnest_semantic_cityscapes_0_00_dropout_pu,0.025156591826693275,0.32163428532069643,0.0,0.0,0.0,0.0,0.033647988304348876,0.04382983565068452,0.0654448040950462,0.13332786831229312,0.2777853794190863,0.18357211572958207,0.10846768050697239,0.055793695203809175,0.04847310261514791,0.09142506599007363,0.02515659182669328
ADE_val_00001599,ade20k_resnest_semantic_cityscapes_0_00_dropout_pu,0.08738332760283071,0.3746825615457278,0.568058787399524,0.0,0.0,0.0,0.12002571610755346,0.15929672530327893,0.23440035136815549,0.36548616776686316,0.5886214388373915,0.45667121451130316,0.3640240552778494,0.281097827227092,0.22972371483219514,0.2654130083723827,0.08738332760283073
ADE_val_00001616,ade20k_resnest_semantic_cityscapes_0_00_dropout_pu,0.08680650070683553,0.3332849818425018,0.0,0.0,0.0,0.0,0.12144979836994568,0.15700867462781443,0.20505321594124623,0.2764368370101917,0.3617127728867727,0.33495129347958963,0.27612377145177186,0.21702015867207322,0.18222254198595011,0.0856055367495197,0.08680650070683554
ADE_val_00001594,ade20k_resnest_semantic_cityscapes_0_00_dropout_pu,0.039754688456660144,0.36971432790919373,0.5278489383323954,0.0,0.0,0.0,0.0557206845778483,0.07633037126779856,0.12262994104878765,0.26606453035893546,0.5444632949031106,0.4815631757492948,0.35442122284908756,0.2735002866749802,0.24655593907152776,0.22863479424671673,0.03975468845666013
ADE_val_00000691,ade20k_resnest_semantic_cityscapes_0_00_dropout_pu,0.12585016063694518,0.41022317693269356,0.6351816773548992,0.7197702690723619,0.0,0.0,0.16925147508801,0.20818410244986785,0.24864597834344,0.316016114147373,0.6549844383771309,0.4654276656524095,0.3362823929654651,0.2696924136028227,0.2634437270809811,0.2337482169416405,0.1258501606369452
ADE_val_00001999,ade20k_resnest_semantic_cityscapes_0_00_dropout_pu,0.07930944080598626,0.3382472669746244,0.503156726719573,0.0,0.0,0.0,0.11066107894987527,0.14633639238965185,0.19562195460824974,0.26166783526824355,0.35371253669923475,0.3184023795010772,0.25665721029725147,0.13385678964399958,0.1170240609735268,0.181454534396723,0.07930944080598626
ADE_val_00001758,ade20k_resnest_semantic_cityscapes_0_00_dropout_pu,0.07924831489429099,0.41833890008621083,0.5496937822007972,0.0,0.0,0.0,0.11025095835277772,0.14556230039602996,0.20923717016888435,0.35558923824001426,0.5816042469736038,0.5257425510567999,0.4075959537991391,0.26781055612281796,0.20540230362992365,0.3198536170021901,0.07924831489429099
ADE_val_00000013,ade20k_resnest_semantic_cityscapes_0_00_dropout_pu,0.1615045441437545,0.3973434509133513,0.5718511439977554,0.0,0.0,0.0,0.2226958117427766,0.280999063388803,0.3526049165201517,0.45851581549405324,0.6513343615764211,0.6024972097341699,0.5098797907930982,0.40935281474095897,0.38782687896013646,0.2882386145257078,0.16150454414375456
ADE_val_00001239,ade20k_resnest_semantic_cityscapes_0_00_dropout_pu,0.24016426054076137,0.41713658358438394,0.5677414683682431,0.7056123463641041,0.0,0.0,0.31389586172368633,0.3752532589059486,0.4386354419862844,0.5360304580077259,0.7056205021368294,0.6863528860175759,0.6493162996590184,0.5324084719859354,0.4985753223512995,0.36215971163058547,0.2401642605407614
ADE_val_00000507,ade20k_resnest_semantic_cityscapes_0_00_dropout_pu,0.09083135313456081,0.47052541786868846,0.5987505522393517,0.7131935862342449,0.0,0.0,0.12692805809796104,0.16748676741880586,0.22997019724993983,0.3685074920592117,0.7154382850972175,0.7036202791087374,0.6627907907261907,0.35007568943830697,0.2645427004112826,0.24315632078177413,0.09083135313456081
ADE_val_00001156,ade20k_resnest_semantic_cityscapes_0_00_dropout_pu,0.14469144479926913,0.3704938898666998,0.5362026514757762,0.0,0.0,0.0,0.20284545348099917,0.26146942376264193,0.3325973360334157,0.40658186854309214,0.5266571302225763,0.4709018174267036,0.38560092239067045,0.3244955521725537,0.2982319661547644,0.257393358993197,0.14469144479926915
ADE_val_00000354,ade20k_resnest_semantic_cityscapes_0_00_dropout_pu,0.39240734115756876,0.4723320052675157,0.5620852665550814,0.725816607890205,0.0,0.0,0.4754447609343594,0.5181657696933303,0.5579149503884268,0.6105004524786796,0.7424836542198368,0.6980965380372599,0.6571396563894674,0.6335876873465862,0.6087122988093056,0.496826722090063,0.3924073411575689
ADE_val_00001140,ade20k_resnest_semantic_cityscapes_0_00_dropout_pu,0.06793551317435367,0.3891140960319037,0.5307870807977709,0.0,0.0,0.0,0.09460511053946581,0.12618556328383884,0.18458987052554562,0.3107954957492261,0.5666370724712315,0.5002241505567739,0.44107171696197583,0.3782274030666822,0.3156319776036317,0.20394285449806399,0.06793551317435366
ADE_val_00000518,ade20k_resnest_semantic_cityscapes_0_00_dropout_pu,0.16844669264089837,0.41269220089599856,0.5567950458507508,0.0,0.0,0.0,0.23314930532847442,0.2897479720056792,0.36317350014309946,0.4798416874465255,0.659009442002076,0.645284062630875,0.5985643956811648,0.4805567380668567,0.457323919098426,0.28862550634576867,0.16844669264089837
ADE_val_00001628,ade20k_resnest_semantic_cityscapes_0_00_dropout_pu,0.19253534123657798,0.3962485674984834,0.5691818837115163,0.7011839567337419,0.0,0.0,0.26110120586843544,0.31525045230796095,0.37696592362237785,0.47384006324862965,0.6856130218402124,0.6626692390758704,0.6049726972758168,0.5000453592086113,0.44483258262032166,0.27628527049787954,0.19253534123657803
ADE_val_00000743,ade20k_resnest_semantic_cityscapes_0_00_dropout_pu,0.08744092020101128,0.34091882809165364,0.0,0.0,0.0,0.0,0.11603176984876587,0.14413869977142185,0.17956380005146771,0.23633425556373902,0.4400460225654031,0.36658602179939925,0.30413171436173814,0.24672939063463895,0.21801144871110972,0.15321421561343732,0.08744092020101127
ADE_val_00000907,ade20k_resnest_semantic_cityscapes_0_00_dropout_pu,0.319940329366443,0.5279969443822241,0.6554108440916371,0.7719158707751163,0.0,0.0,0.4363695517318115,0.524888409498593,0.6289094357945765,0.7598376253683747,0.8711239339221227,0.8369701889159329,0.7690385054093497,0.646968935264788,0.611992812041887,0.583641763110992,0.31994032936644307
ADE_val_00000622,ade20k_resnest_semantic_cityscapes_0_00_dropout_pu,0.053160975389387646,0.4166798629398661,0.5457320640062124,0.0,0.0,0.0,0.07388952099580001,0.0993357059577586,0.15162530033767568,0.29608104705062926,0.6106408849295619,0.5625873944624763,0.37241966515837627,0.16430122438885783,0.11916582791626934,0.2607699395322789,0.05316097538938766
ADE_val_00000874,ade20k_resnest_semantic_cityscapes_0_00_dropout_pu,0.14420138318455858,0.35687211813897973,0.5389725862394313,0.0,0.0,0.0,0.19325368541972723,0.2375227236852328,0.29052702566651983,0.36562332190557223,0.5241082819820558,0.4478378771199607,0.4114317243814305,0.3490611324823341,0.31985302903191365,0.24917508523976192,0.14420138318455858
ADE_val_00000500,ade20k_resnest_semantic_cityscapes_0_00_dropout_pu,0.34434375790796357,0.4835606232057729,0.5885064636819022,0.7320039298361188,0.0,0.0,0.4493509361381331,0.511901781631284,0.574873250051683,0.6574250758367989,0.8072813577860473,0.7648274657284818,0.7266678937390469,0.6623480566464615,0.6300670214529757,0.5288303793537721,0.34434375790796357
ADE_val_00000045,ade20k_resnest_semantic_cityscapes_0_00_dropout_pu,0.05216820433986855,0.36141703398238684,0.5315536365876806,0.0,0.0,0.0,0.07271153044932069,0.09761938219879071,0.1412832607226605,0.22718880784042142,0.43130118512421284,0.32950623692017017,0.2714313865180315,0.19416141482031224,0.17557608076479267,0.1253422216380825,0.052168204339868546
ADE_val_00000017,ade20k_resnest_semantic_cityscapes_0_00_dropout_pu,0.15332395772893548,0.35774308258825843,0.5354801934144411,0.0,0.0,0.0,0.2108010242077881,0.25769055658649087,0.3053111255988996,0.3740682275727767,0.5268806492778828,0.42757563259715037,0.37262286961685837,0.2891056218006449,0.26540714857353914,0.23214118845422388,0.15332395772893548
ADE_val_00000230,ade20k_resnest_semantic_cityscapes_0_00_dropout_pu,0.1820848862707746,0.48672234624669247,0.5844128228589403,0.7153634903378912,0.0,0.0,0.25156081087395327,0.3211588911224783,0.42499939708402196,0.5902361228913494,0.7202293413586465,0.6823682700660343,0.6265391059213138,0.5592598911545578,0.5128662775549272,0.39162108667750345,0.18208488627077465
ADE_val_00001418,ade20k_resnest_semantic_cityscapes_0_00_dropout_pu,0.10150987051668574,0.35474835866223614,0.5642204517297732,0.0,0.0,0.0,0.14282365920585824,0.18629461800570263,0.22853655559032235,0.30445480363837385,0.5300416069521782,0.3952639511900504,0.28653265234105757,0.2069521062246404,0.1904930663055514,0.2705998138983956,0.10150987051668575
ADE_val_00001313,ade20k_resnest_semantic_cityscapes_0_00_dropout_pu,0.17048090474730007,0.37833367241999377,0.5447557883615292,0.0,0.0,0.0,0.2354300637187716,0.29499012800188423,0.3569458734919449,0.4360145581137993,0.5609287568404736,0.4886363194941432,0.3947369584862334,0.3584285553520851,0.3162333084108627,0.25269888315099304,0.17048090474730007
ADE_val_00000222,ade20k_resnest_semantic_cityscapes_0_00_dropout_pu,0.19272130549075,0.4211243418782833,0.541522933406984,0.7043831405055648,0.0,0.0,0.27065081794630835,0.35040711961730775,0.42986834444961386,0.50909226808907,0.5889068344201559,0.5570563494764764,0.49100683449822063,0.4274295530892548,0.37766325995510375,0.33180380990273806,0.19272130549075
ADE_val_00000434,ade20k_resnest_semantic_cityscapes_0_00_dropout_pu,0.030773602162795365,0.4234247424680092,0.5424892168062156,0.0,0.0,0.0,0.042706810837957083,0.057580253314022486,0.08962885788961968,0.2016463581630121,0.6083181758749879,0.5197023779657155,0.3844217151505186,0.18357544409191712,0.14214664247008088,0.1521772598564468,0.030773602162795365
ADE_val_00001033,ade20k_resnest_semantic_cityscapes_0_00_dropout_pu,0.05615624187490814,0.4249992043569716,0.538562541041037,0.0,0.0,0.0,0.07698191776391708,0.10201370381955034,0.15061909091196374,0.28404174816657585,0.5868812823919406,0.5759010562165503,0.5329293197419331,0.47892675348071345,0.4308888750754564,0.2992411763387896,0.05615624187490815
ADE_val_00001176,ade20k_resnest_semantic_cityscapes_0_00_dropout_pu,0.06309335480176927,0.3889664393788786,0.5506201945394854,0.0,0.0,0.0,0.0869892180727121,0.11377774680340359,0.16264863164594381,0.2634122476086639,0.5854775980176319,0.5356294907868717,0.44716954529858394,0.3337918115938507,0.2711239913004928,0.18909326476631497,0.06309335480176925
ADE_val_00001807,ade20k_resnest_semantic_cityscapes_0_00_dropout_pu,0.05345408034761267,0.37364549088112226,0.5181003007510107,0.0,0.0,0.0,0.07456782996576085,0.10064792628432682,0.15198585200854262,0.26044230033540805,0.5214535769425876,0.4967550497694453,0.4415720689498318,0.271396496722306,0.2026248597640694,0.20014062895396018,0.053454080347612655
ADE_val_00000027,ade20k_resnest_semantic_cityscapes_0_00_dropout_pu,0.043612761430551684,0.3513947933944021,0.5263095273242392,0.0,0.0,0.0,0.05942184008627592,0.0766932870950059,0.10721472173785444,0.18535569711669142,0.48570606806384475,0.3492840415801109,0.2674468227139415,0.17433968769604932,0.14969637743723468,0.0991773994506783,0.043612761430551684
ADE_val_00001565,ade20k_resnest_semantic_cityscapes_0_00_dropout_pu,0.062485387043843654,0.4315473853044638,0.5645764321386221,0.0,0.0,0.0,0.0865547047188779,0.11586830182765014,0.1727665280901211,0.3308736806353013,0.6563143313268087,0.6123301181023013,0.5122299804171514,0.35500468830045706,0.3674156834587061,0.30399318528191166,0.06248538704384367
ADE_val_00001246,ade20k_resnest_semantic_cityscapes_0_00_dropout_pu,0.07021923012434196,0.36773184476985166,0.5391032207584379,0.0,0.0,0.0,0.09821664377212706,0.12919563693795097,0.18402945297911744,0.27817733856975885,0.5436308180412501,0.47320561213813633,0.29341957096759086,0.17216533129087985,0.14981700321341784,0.1672845234998612,0.07021923012434197
ADE_val_00000514,ade20k_resnest_semantic_cityscapes_0_00_dropout_pu,0.16951669283112236,0.4389667206186955,0.5945844431157419,0.7135658817010802,0.0,0.0,0.23406549112603534,0.2890148972587316,0.362683690341448,0.5137235905216083,0.7292975190512404,0.7014047664195836,0.6492273396455204,0.5267175317750898,0.48032600580355683,0.31705392860299614,0.16951669283112245
ADE_val_00000719,ade20k_resnest_semantic_cityscapes_0_00_dropout_pu,0.3116584947132148,0.4791305192373877,0.5810590389427969,0.7344380631575363,0.0,0.0,0.40564718849489245,0.477675486829168,0.5450372269928278,0.632675800525494,0.8160364911296764,0.7896362483462933,0.719628659577193,0.6276162733246614,0.6084945714822367,0.5183000148169459,0.31165849471321483
ADE_val_00000844,ade20k_resnest_semantic_cityscapes_0_00_dropout_pu,0.046527676738039134,0.38155449851852496,0.5371082608093197,0.0,0.0,0.0,0.06432460170920783,0.08613170387576488,0.13308063539134649,0.2777095745732069,0.5260415682022365,0.4740876887653313,0.4348934368098559,0.2907289425396699,0.22042798284304113,0.24216821670432032,0.046527676738039134
ADE_val_00001185,ade20k_resnest_semantic_cityscapes_0_00_dropout_pu,0.15190075126375693,0.42859288362026005,0.5444814637846943,0.0,0.0,0.0,0.2122646285105963,0.27459135748668745,0.36117887621549916,0.49370515135932924,0.6292266242428609,0.6135396788223066,0.5859754556562263,0.530849926044266,0.5182447210616652,0.36985015844397406,0.151900751263757
ADE_val_00001635,ade20k_resnest_semantic_cityscapes_0_00_dropout_pu,0.32205232417045543,0.4695909854306081,0.5709246003151687,0.7202337863538019,0.0,0.0,0.41338131679347884,0.4768625572063841,0.5378092428164407,0.6128567897689554,0.7469094781166064,0.7286189294826458,0.7057310491432982,0.6371597725852071,0.6023001463018535,0.4545320253527229,0.3220523241704555
ADE_val_00000656,ade20k_resnest_semantic_cityscapes_0_00_dropout_pu,0.1885519358818721,0.4166833937889672,0.5271908384940686,0.0,0.0,0.0,0.2486527910619284,0.3065035705292923,0.39653957881771845,0.47855734591586696,0.5922013390563778,0.5159033559691468,0.47804249485738104,0.4202269712154304,0.39608902951600844,0.3028784933486881,0.18855193588187208
ADE_val_00000451,ade20k_resnest_semantic_cityscapes_0_00_dropout_pu,0.15524565279343366,0.41768420488570374,0.5950095089332594,0.7111804312332175,0.0,0.0,0.20579230475392143,0.25192631020026873,0.3217450421854853,0.45691790450441483,0.71957821760152,0.6858275461366802,0.655043399821896,0.5646010331027765,0.5239979102171949,0.3695767736756832,0.15524565279343366
ADE_val_00001242,ade20k_resnest_semantic_cityscapes_0_00_dropout_pu,0.33149628933360326,0.40932637319544496,0.551980257535486,0.0,0.0,0.0,0.4002444773166212,0.43501618261432917,0.47761882143277573,0.5486744829055916,0.6746299842525123,0.6572516093697425,0.6019225007441327,0.5345760527118713,0.49136585027937674,0.4790787453565027,0.3314962893336032
ADE_val_00000659,ade20k_resnest_semantic_cityscapes_0_00_dropout_pu,0.21484035220226197,0.4308448606234355,0.5645081984167489,0.7184697470341512,0.0,0.0,0.29428841284046137,0.3609688470623496,0.43984290194662834,0.5386033980437593,0.7234887072665517,0.6771400321719974,0.5794983133884191,0.5301730207383607,0.47018031826822243,0.40026255730742333,0.21484035220226197
ADE_val_00001382,ade20k_resnest_semantic_cityscapes_0_00_dropout_pu,0.08813576790751336,0.3999551380726297,0.5355073293642183,0.0,0.0,0.0,0.12282060265612905,0.1601556088608467,0.22014353269592607,0.3379230770333782,0.5478509760765139,0.49413088740465483,0.4521413540174034,0.2907839530141119,0.26228805778737874,0.2068284669951712,0.08813576790751336
ADE_val_00001573,ade20k_resnest_semantic_cityscapes_0_00_dropout_pu,0.1397683253615385,0.40879036205514174,0.5630691704150768,0.7163729465362153,0.0,0.0,0.18298851150145434,0.22266360547780034,0.28776023962539865,0.4251482317459872,0.6934658500441948,0.6161656182747037,0.5331586435952023,0.4111553702943053,0.3731676056921219,0.33710326722819806,0.1397683253615385
ADE_val_00000882,ade20k_resnest_semantic_cityscapes_0_00_dropout_pu,0.07225095395700812,0.41417788873130423,0.5540215481645511,0.0,0.0,0.0,0.10002842488712736,0.13395835158898603,0.19905296089849744,0.35030384818222077,0.5916629763196792,0.5741056178219701,0.4092588294275831,0.23585308395265145,0.19040593095584574,0.340601823851062,0.07225095395700815
ADE_val_00000539,ade20k_resnest_semantic_cityscapes_0_00_dropout_pu,0.13024447255985264,0.36426628633257613,0.5225318648177297,0.0,0.0,0.0,0.18216317532921814,0.21866812594050486,0.2585166673764122,0.3367023013889667,0.5407917303189526,0.47144521034792186,0.4309672333050581,0.34320843797726097,0.3158379855110453,0.2671228446057285,0.13024447255985266
ADE_val_00001373,ade20k_resnest_semantic_cityscapes_0_00_dropout_pu,0.27547682214312685,0.4639747300268171,0.579667242810457,0.7250770326374487,0.0,0.0,0.3802826811174679,0.45127402157592555,0.5262502622230892,0.6191538589376245,0.75750217214844,0.7359035503700784,0.7093232535140879,0.6373431381473826,0.6062669442480463,0.4654271355146718,0.2754768221431267
ADE_val_00001372,ade20k_resnest_semantic_cityscapes_0_00_dropout_pu,0.0946413644669094,0.4342873216998663,0.5696482585339152,0.7266244392832143,0.0,0.0,0.13137598679103152,0.17314576520595215,0.244678883605083,0.4127203958541438,0.6667835135470271,0.5716725217571004,0.4627449791409447,0.3062392238187337,0.24465145372129182,0.31961833158360986,0.09464136446690945
ADE_val_00001831,ade20k_resnest_semantic_cityscapes_0_00_dropout_pu,0.059738786433938984,0.3700022082402262,0.5342666273416689,0.0,0.0,0.0,0.08241275453470788,0.11013124238363488,0.15860459966180945,0.23451541920875538,0.5197055141881003,0.41740367693322583,0.2971139758307284,0.19798972497927805,0.18290561634259248,0.20217145785648424,0.05973878643393898
ADE_val_00000371,ade20k_resnest_semantic_cityscapes_0_00_dropout_pu,0.14349548034428167,0.4801025591625039,0.5892556407215512,0.7108285545445014,0.0,0.0,0.20076500919580334,0.26417047915217384,0.3669801101891479,0.557801568076904,0.7172104755125323,0.711249629892105,0.6918220555169854,0.6459501041650237,0.5936731873289512,0.46224094531153864,0.1434954803442816
ADE_val_00001196,ade20k_resnest_semantic_cityscapes_0_00_dropout_pu,0.1298422466588326,0.37798870283991326,0.5331427362171716,0.0,0.0,0.0,0.17114038080970445,0.20196838967168174,0.2533239370524479,0.355687558607008,0.5554804648491461,0.43228374214363346,0.36434914458035533,0.3121884354175888,0.28513889370941714,0.3174436373279705,0.12984224665883265
ADE_val_00000928,ade20k_resnest_semantic_cityscapes_0_00_dropout_pu,0.1561137012525914,0.37367883403934976,0.5444199767066396,0.0,0.0,0.0,0.21907588300798114,0.27329209571423785,0.3258365562859948,0.4088597847171814,0.622640934801793,0.5370995200427298,0.47318290048805045,0.41613198546879476,0.3985219452895772,0.21060592602097655,0.1561137012525914
ADE_val_00000025,ade20k_resnest_semantic_cityscapes_0_00_dropout_pu,0.19665374502774075,0.43043079555748553,0.5442316916566611,0.0,0.0,0.0,0.2582527569745023,0.3116529525492183,0.3929386993643038,0.5112576195096986,0.5962062666707996,0.5626346161731651,0.5330432934173717,0.35596688946776667,0.297563313347608,0.37845510980554303,0.19665374502774075
ADE_val_00000375,ade20k_resnest_semantic_cityscapes_0_00_dropout_pu,0.23823769438874742,0.5584252500654291,0.6452124686069869,0.7433732171940228,0.0,0.0,0.3365770771612975,0.4429847209266924,0.5839811786767779,0.715935697263186,0.8220453140709728,0.8042492119006903,0.7744443734934489,0.735941303690134,0.6972751162091237,0.5121469187595608,0.23823769438874745
ADE_val_00001973,ade20k_resnest_semantic_cityscapes_0_00_dropout_pu,0.10566346712654201,0.35301732255619445,0.5131589816592913,0.0,0.0,0.0,0.14177633747288154,0.1790551930335605,0.22187632249158926,0.29865441456634123,0.44808295985281094,0.389909395008773,0.3499883935808408,0.25050819785680967,0.23691888441951656,0.2627754977442611,0.105663467126542
ADE_val_00001295,ade20k_resnest_semantic_cityscapes_0_00_dropout_pu,0.16135341710141468,0.4097470482592115,0.5347361615919011,0.0,0.0,0.0,0.22626491591569345,0.30088384657531764,0.38763828044982734,0.48218287316925523,0.5700625379602319,0.5242128597037902,0.4679566744864125,0.37085167914742234,0.32767424503531245,0.3141598445928109,0.16135341710141465
ADE_val_00000581,ade20k_resnest_semantic_cityscapes_0_00_dropout_pu,0.043334008542425716,0.347064533567298,0.0,0.0,0.0,0.0,0.05997799162458033,0.08067822077223914,0.12531344991361493,0.2488390837330895,0.4535045839912798,0.40407339163623723,0.3326670567390266,0.2565609885708238,0.2327936881700352,0.2180339380708797,0.043334008542425716
ADE_val_00001354,ade20k_resnest_semantic_cityscapes_0_00_dropout_pu,0.11618798943813995,0.33893052865823653,0.5088914178086961,0.0,0.0,0.0,0.15582784732335053,0.1906631811953914,0.23743965057697172,0.3158366392291267,0.3906707995482529,0.35720610464856395,0.30741690069295646,0.23416483365103663,0.20884668705770423,0.20585415167065052,0.11618798943813996
ADE_val_00001585,ade20k_resnest_semantic_cityscapes_0_00_dropout_pu,0.12371103669146126,0.4070688877502427,0.555445391079875,0.0,0.0,0.0,0.17379525745473565,0.22596876065103516,0.2910920813353427,0.4077470106808228,0.6417865803067692,0.607429165644116,0.5555727874811008,0.412019415334661,0.35537912861916326,0.2862847250833664,0.12371103669146123
ADE_val_00000934,ade20k_resnest_semantic_cityscapes_0_00_dropout_pu,0.4508365117126087,0.5202463963803418,0.6324058457271302,0.7495621283436765,0.0,0.0,0.5421840586000428,0.5992974069027868,0.6654227194361332,0.7428096172409604,0.8243674516596616,0.8190202877179315,0.8007681247234748,0.7636912842273531,0.7178544869270594,0.5908028416294708,0.4508365117126087
ADE_val_00001346,ade20k_resnest_semantic_cityscapes_0_00_dropout_pu,0.19507609418272098,0.432245959522199,0.5596282125885769,0.7078032249939136,0.0,0.0,0.27154498815230355,0.34191015478481207,0.42765963521372746,0.5381269524253525,0.6903618966867543,0.6449300798410116,0.604155389389431,0.5727742314210241,0.5353007674112862,0.4078860932837733,0.19507609418272095
ADE_val_00000386,ade20k_resnest_semantic_cityscapes_0_00_dropout_pu,0.2332043317647004,0.39633838392516646,0.5695147996710292,0.727996297340665,0.0,0.0,0.28727320495403275,0.3299404391852037,0.3852466221955133,0.4866430591933218,0.7320684686263299,0.7100986727369488,0.5547428493763615,0.4762407560224184,0.44853665396838777,0.4227262251545253,0.2332043317647004
ADE_val_00001269,ade20k_resnest_semantic_cityscapes_0_00_dropout_pu,0.11144715752641621,0.35379133287951253,0.5386995063604939,0.0,0.0,0.0,0.1503698424126277,0.18773392970996658,0.24038535098856276,0.33350058795325377,0.48757084689657854,0.37584129027361785,0.2841226940564161,0.19263287904410104,0.16724261465246928,0.23443764921310178,0.11144715752641624
ADE_val_00001993,ade20k_resnest_semantic_cityscapes_0_00_dropout_pu,0.06690586479158972,0.35342556601573877,0.5140649441535945,0.0,0.0,0.0,0.09079502606792975,0.11763525040235709,0.16637226541948405,0.2639069733076264,0.5050421178176623,0.4794294687466166,0.4141358615805764,0.2041883465593071,0.19238832872857675,0.18826861565079922,0.06690586479158972
ADE_val_00000718,ade20k_resnest_semantic_cityscapes_0_00_dropout_pu,0.33231551787306257,0.47826292333266435,0.5665903293477392,0.7241500253718496,0.0,0.0,0.4356797439756826,0.4995440844333114,0.5532813092683059,0.6186963653877575,0.7499177397256486,0.7097310830160333,0.6336485404858826,0.5437198523131949,0.4946875870553321,0.44444985763021516,0.33231551787306257
ADE_val_00001325,ade20k_resnest_semantic_cityscapes_0_00_dropout_pu,0.2879527298038424,0.4294551301492559,0.5675673997203023,0.7107157679937077,0.0,0.0,0.37180056169593323,0.42499709419597836,0.48283052903583074,0.5739741557252173,0.6831157972868774,0.6685185566575313,0.6414185293032069,0.5927164630477911,0.5526618191182099,0.41746559005791084,0.28795272980384234
ADE_val_00000101,ade20k_resnest_semantic_cityscapes_0_00_dropout_pu,0.15177545364857717,0.4336987816155185,0.5848765542518388,0.7127206603958274,0.0,0.0,0.20665872500737228,0.25840871011413813,0.3243008158753411,0.4685759976430225,0.7206708846415788,0.7036651146757549,0.6899433247205602,0.6063672288801957,0.5492536002697862,0.39530593559843263,0.15177545364857722
ADE_val_00001097,ade20k_resnest_semantic_cityscapes_0_00_dropout_pu,0.06491574278465068,0.3895180755942454,0.5543873650454012,0.0,0.0,0.0,0.09161895968635601,0.12477028779967812,0.18998395904252263,0.3220888883645165,0.5933759298470028,0.5825570672470256,0.5478349210850562,0.31090940009224516,0.2549401535149619,0.24866629787830974,0.06491574278465068
ADE_val_00000392,ade20k_resnest_semantic_cityscapes_0_00_dropout_pu,0.22761814358097945,0.42141153252846775,0.6056058914113217,0.7330438971871973,0.0,0.0,0.2787582337057456,0.3203845411629934,0.38106181698566405,0.5154523917499918,0.78916944125127,0.7140467450867124,0.6626986582829957,0.4841289030507817,0.4239595299322406,0.5249859220642872,0.22761814358097937
ADE_val_00001980,ade20k_resnest_semantic_cityscapes_0_00_dropout_pu,0.3192120753109617,0.48381314738958175,0.5824388281247833,0.7292087853336322,0.0,0.0,0.42915297642571104,0.49797687461157014,0.5627906012990229,0.6421786674275561,0.7443974458877054,0.7113111035147014,0.6531912951544201,0.5497903993246287,0.5352408090119278,0.5290965311542007,0.3192120753109618
ADE_val_00001919,ade20k_resnest_semantic_cityscapes_0_00_dropout_pu,0.18450186419420894,0.39127442561539827,0.5390309001302205,0.0,0.0,0.0,0.2550263202126588,0.3204648824418233,0.38276015724283513,0.46575297225068024,0.6381295702592511,0.6137206836231035,0.5379478796176405,0.4415516404105654,0.4242190421196665,0.34380980690647384,0.18450186419420894
ADE_val_00000658,ade20k_resnest_semantic_cityscapes_0_00_dropout_pu,0.18698423479451895,0.358425164929522,0.5303789038989972,0.0,0.0,0.0,0.2508899858624469,0.3039694044664088,0.35467909679286863,0.3978066240786958,0.5466597490146543,0.503649685754144,0.4298724120265623,0.3811273620371597,0.3660475491518723,0.317600506996317,0.18698423479451895
ADE_val_00001498,ade20k_resnest_semantic_cityscapes_0_00_dropout_pu,0.15169914820074487,0.39496604834271454,0.5398410467623544,0.0,0.0,0.0,0.208042835264388,0.2531743746200502,0.3067422787970772,0.4179947146475647,0.53842791188333,0.4889207386541654,0.3825580841365208,0.2951197274994159,0.25789708575470965,0.2618810938648244,0.15169914820074487
ADE_val_00000463,ade20k_resnest_semantic_cityscapes_0_00_dropout_pu,0.15454415144634134,0.3911660078239158,0.5289890232988697,0.0,0.0,0.0,0.21840431761976808,0.2845174987913448,0.3588856204569925,0.44856398905894407,0.6122667948287779,0.5509756299053784,0.48613546102029054,0.4473529502092608,0.4183518865416105,0.2856159418207071,0.15454415144634134
ADE_val_00001909,ade20k_resnest_semantic_cityscapes_0_00_dropout_pu,0.15803694290043885,0.3775590222516385,0.5464121395484524,0.0,0.0,0.0,0.21811406089922647,0.2641359358175091,0.3187099126858806,0.41054436534170047,0.6182991230517356,0.5837397004326511,0.5224384033947163,0.40468381928867564,0.366048566541962,0.20567519480945642,0.15803694290043882
ADE_val_00000871,ade20k_resnest_semantic_cityscapes_0_00_dropout_pu,0.07556315173238953,0.3516209929195921,0.0,0.0,0.0,0.0,0.10357589784725971,0.13517358804511204,0.19399037782382764,0.30454087111523853,0.39732389817255137,0.3507394876011307,0.2762259598403202,0.15860205315749884,0.14981554566047328,0.2120827629806869,0.07556315173238952
ADE_val_00001151,ade20k_resnest_semantic_cityscapes_0_00_dropout_pu,0.1487276221433405,0.3959083834546481,0.5416955161002507,0.0,0.0,0.0,0.20670852469369574,0.2695239762622724,0.34473970154178013,0.44765039722976435,0.645821344530972,0.6069749033196761,0.5009303557622489,0.42879413575289654,0.3847593314042758,0.3168901993446802,0.14872762214334043
ADE_val_00001441,ade20k_resnest_semantic_cityscapes_0_00_dropout_pu,0.14132594254720088,0.3826166331918446,0.5688056009040194,0.0,0.0,0.0,0.18847861951623782,0.2220401553134659,0.26895031756838866,0.36643771256262075,0.6460087187258925,0.5783358352151451,0.46640535727147314,0.301417997726288,0.2534388668857074,0.27848995273494953,0.1413259425472009
ADE_val_00000357,ade20k_resnest_semantic_cityscapes_0_00_dropout_pu,0.22561479035247667,0.3878850352858957,0.530490392835043,0.0,0.0,0.0,0.30007093693020215,0.3514803908437837,0.4005307042355087,0.47518161686609595,0.5719070613963978,0.5366720155020827,0.48779135512427046,0.405402854243048,0.3768790208563586,0.3363926022479129,0.22561479035247664
ADE_val_00001233,ade20k_resnest_semantic_cityscapes_0_00_dropout_pu,0.09318815406011842,0.3724662834661682,0.5375605086016897,0.0,0.0,0.0,0.12776823972325385,0.16865765757338705,0.23417104460915128,0.3393070588919957,0.5716650025317427,0.48894370381491653,0.34234924584592524,0.2782262038930028,0.26781491135764474,0.2104009918642947,0.09318815406011843
ADE_val_00001415,ade20k_resnest_semantic_cityscapes_0_00_dropout_pu,0.10071912943691647,0.38590328596877926,0.5152825182286482,0.0,0.0,0.0,0.14024919268594915,0.18273731527189085,0.2573381864173419,0.39201973865787876,0.49505386577474175,0.4269740907024402,0.3186143144505556,0.21087466715839526,0.20364455049964336,0.21463459878577107,0.10071912943691647
ADE_val_00000241,ade20k_resnest_semantic_cityscapes_0_00_dropout_pu,0.17307483627322046,0.4855616992220262,0.6085449419039954,0.7216018805768192,0.0,0.0,0.24400448621764673,0.3273186721990545,0.4476292245023823,0.6182292533923459,0.7460240928399238,0.7387726354120677,0.7186143361502825,0.6601376098287064,0.6198474102258394,0.34770068222177813,0.1730748362732205
ADE_val_00001769,ade20k_resnest_semantic_cityscapes_0_00_dropout_pu,0.21069340370969464,0.41898546654831653,0.5822344227060648,0.7295687448660573,0.0,0.0,0.2825026094449134,0.34222079160037105,0.4132633298266497,0.5264808093028454,0.7670272651280419,0.7226053095111046,0.6921466468611412,0.6201152206919598,0.5876852006982093,0.3750672065482076,0.2106934037096947
ADE_val_00000178,ade20k_resnest_semantic_cityscapes_0_00_dropout_pu,0.02780887801798804,0.41914882670192277,0.5467625960575041,0.0,0.0,0.0,0.039013889230090616,0.053265381324386366,0.08447690024687425,0.1987576295218542,0.5868084759251639,0.5395012263751151,0.44375586439760567,0.31745654211198476,0.27114046822988824,0.24308222281124545,0.027808878017988047
ADE_val_00000234,ade20k_resnest_semantic_cityscapes_0_00_dropout_pu,0.07079099999557961,0.39164744773207977,0.5393207367927609,0.0,0.0,0.0,0.09994892758889393,0.13621585503513073,0.18822973366050855,0.2698533279889907,0.5777658733532007,0.5263252256555702,0.461609396815076,0.34091563970448585,0.2839682058415753,0.2980778382163145,0.07079099999557961
ADE_val_00001843,ade20k_resnest_semantic_cityscapes_0_00_dropout_pu,0.0464914990341913,0.35669760678498413,0.5304383864114373,0.0,0.0,0.0,0.0638361533399749,0.08479201146489616,0.12867323487169455,0.25906480495986006,0.5288366202194256,0.4459476831032916,0.33562475092558247,0.2388916438475845,0.21024882141057355,0.20364568632049118,0.0464914990341913
ADE_val_00000915,ade20k_resnest_semantic_cityscapes_0_00_dropout_pu,0.05734663228416723,0.4211448749470956,0.5519485345802806,0.0,0.0,0.0,0.08095648124720567,0.11182894821002944,0.18126171581369882,0.3868958652411454,0.6305288470142115,0.6110236085041159,0.55327904175608,0.4418963534351564,0.4241808317474944,0.25012806511604996,0.05734663228416723
ADE_val_00001841,ade20k_resnest_semantic_cityscapes_0_00_dropout_pu,0.06451962432420522,0.3903920962903105,0.5884973817698382,0.0,0.0,0.0,0.08978909642032032,0.12020911908306874,0.1790292961934415,0.2843474231945912,0.6422352076730506,0.5143887369693878,0.3349988766909258,0.23579701224092975,0.21847393661620618,0.20801898749923003,0.06451962432420522
ADE_val_00001991,ade20k_resnest_semantic_cityscapes_0_00_dropout_pu,0.08517576934631585,0.454934018452091,0.560524787961535,0.0,0.0,0.0,0.12077783374524317,0.16785182791014472,0.2739888212241024,0.48813381876298867,0.6032394286507516,0.5763601707669409,0.4952014175466797,0.35436932891403833,0.2773577256057271,0.39592258881503173,0.08517576934631585
ADE_val_00001839,ade20k_resnest_semantic_cityscapes_0_00_dropout_pu,0.048131025787131534,0.3548521607854484,0.5225482925090794,0.0,0.0,0.0,0.06707031270744077,0.09080096676949402,0.13903980906956262,0.24312132647002205,0.5268147172935209,0.46565020986114425,0.36419355140224063,0.24341898828459269,0.2205290596578974,0.1586028975880614,0.04813102578713151
ADE_val_00001738,ade20k_resnest_semantic_cityscapes_0_00_dropout_pu,0.07566072771154839,0.3372121960478931,0.5711471506416885,0.0,0.0,0.0,0.10562362097100024,0.1370209223075701,0.19361233041899664,0.30768742222128453,0.5458879867154787,0.41687331709804876,0.3484336353924412,0.29816154771146536,0.2813599965751406,0.20152553495949735,0.07566072771154836
ADE_val_00000195,ade20k_resnest_semantic_cityscapes_0_00_dropout_pu,0.1438609647397162,0.39574606344011914,0.5542747553062207,0.718014601720196,0.0,0.0,0.19568286652712913,0.2478813763010343,0.3193604906527716,0.43752504714332213,0.7121221865685612,0.6493000141600623,0.5232553370446997,0.4207776655196334,0.3850616736104804,0.3078118771075198,0.1438609647397162
ADE_val_00000584,ade20k_resnest_semantic_cityscapes_0_00_dropout_pu,0.06734501847578254,0.38021313894528685,0.5269879758405052,0.0,0.0,0.0,0.09085454246286345,0.11788756651542946,0.16873517812899497,0.27897116776422265,0.5396165718690428,0.45575386354565234,0.36617705001250767,0.25526080160208126,0.23145015299855112,0.1989992466099083,0.06734501847578252
ADE_val_00001340,ade20k_resnest_semantic_cityscapes_0_00_dropout_pu,0.056930153183594116,0.34761298090168413,0.5127883471086455,0.0,0.0,0.0,0.07780923808432522,0.10213045489107665,0.14144571096999886,0.2037159705568031,0.4795473526184928,0.39218150661183865,0.2571445988572515,0.20005686486083402,0.1851591514485624,0.09937865641023981,0.05693015318359413
ADE_val_00001363,ade20k_resnest_semantic_cityscapes_0_00_dropout_pu,0.04748179500943954,0.30621489843404986,0.0,0.0,0.0,0.0,0.06515820877608486,0.08643380501182443,0.13002153042538764,0.18336863282347146,0.2753055505537667,0.24710212883231888,0.20499425522722883,0.14960595608147773,0.12585418608896892,0.10104973153220329,0.04748179500943954
ADE_val_00001187,ade20k_resnest_semantic_cityscapes_0_00_dropout_pu,0.21533762981665427,0.39597652353729307,0.5548250244979271,0.7022594619321694,0.0,0.0,0.27605551476172774,0.3197163218378417,0.375513283915315,0.46950470245908316,0.6115540407836569,0.5551257578535559,0.4791662180170859,0.3632950162114566,0.33952587125961897,0.32921055994442466,0.21533762981665427
ADE_val_00001922,ade20k_resnest_semantic_cityscapes_0_00_dropout_pu,0.021518570057508443,0.5192860135430863,0.5878809814809743,0.7044341965334657,0.0,0.0,0.029850629829470177,0.03764763387770841,0.05222675104103115,0.10973466945864875,0.43442569114992097,0.23882467078473119,0.1502183975519204,0.0793350305231025,0.06454059737908122,0.3222306215810285,0.021518570057508443
ADE_val_00001877,ade20k_resnest_semantic_cityscapes_0_00_dropout_pu,0.34857002958401645,0.4771737285142102,0.590247768954335,0.7266523307112824,0.0,0.0,0.45592117851168007,0.5122869316616507,0.5729907043541104,0.6569211954342183,0.7714776482589591,0.7536449367040855,0.714617476744371,0.6234646677106188,0.5952153627259666,0.5084209306362818,0.34857002958401645
ADE_val_00001210,ade20k_resnest_semantic_cityscapes_0_00_dropout_pu,0.03758978225523233,0.3480831431205124,0.0,0.0,0.0,0.0,0.0517258746300565,0.06926693750757269,0.10580596853991521,0.20954046395455705,0.3431384279180418,0.2515859621074059,0.14961898732671713,0.08402446927487078,0.09223881052838778,0.11288257127176414,0.03758978225523233
ADE_val_00001740,ade20k_resnest_semantic_cityscapes_0_00_dropout_pu,0.09168590504002906,0.3725173979474022,0.5127005322979019,0.0,0.0,0.0,0.12821058360089424,0.16579687715980063,0.21253763723016733,0.2862053302195208,0.43066933204371216,0.33133014560033414,0.24494065947879717,0.20933054943453502,0.18909659697294687,0.16213059074764943,0.09168590504002906
ADE_val_00000699,ade20k_resnest_semantic_cityscapes_0_00_dropout_pu,0.11331383611174974,0.36737520793151746,0.5359154231060957,0.0,0.0,0.0,0.15599418550529032,0.1895178844939961,0.22638896957517585,0.29438132310878684,0.5526321741945504,0.4731269352987576,0.3768600352602002,0.27272314744016884,0.23262110100492936,0.1642013832132744,0.11331383611174976
ADE_val_00001947,ade20k_resnest_semantic_cityscapes_0_00_dropout_pu,0.08579561388125863,0.3714926692951978,0.5372145233517899,0.0,0.0,0.0,0.12054586188433034,0.16093325353079543,0.22769797109355616,0.34776709574809633,0.5857283697147839,0.537897047911512,0.41678743124150563,0.2894487429701876,0.23745678165329728,0.25855355081113596,0.08579561388125866
ADE_val_00000780,ade20k_resnest_semantic_cityscapes_0_00_dropout_pu,0.08790062893979525,0.3796029250345711,0.5583471382658611,0.0,0.0,0.0,0.12019086971023418,0.15453212502067745,0.1981036030912556,0.3008672702115831,0.5984896678179656,0.4764518889316006,0.4301222772844278,0.2959737132845532,0.24190694574484392,0.21360293661722962,0.08790062893979526
ADE_val_00000266,ade20k_resnest_semantic_cityscapes_0_00_dropout_pu,0.13446502748583475,0.3742798657297539,0.5302071542522236,0.0,0.0,0.0,0.1804717147140747,0.22242595317020647,0.27725838799827746,0.3730947820041931,0.5781756943316773,0.5376470832136454,0.45316523777326856,0.4182553030433898,0.3728126265003657,0.24907877327791295,0.13446502748583472
ADE_val_00001571,ade20k_resnest_semantic_cityscapes_0_00_dropout_pu,0.05804374460766913,0.37471866102033363,0.5412867413086414,0.0,0.0,0.0,0.08023499458006271,0.10753112664512854,0.16452174563930608,0.3101474996020312,0.5672026138589803,0.5003788595404235,0.37027349464989967,0.24608545021569023,0.2210651937769528,0.21783674118426666,0.05804374460766913
ADE_val_00001555,ade20k_resnest_semantic_cityscapes_0_00_dropout_pu,0.21787614510495557,0.37256954894729344,0.5594444432365323,0.715170290013588,0.0,0.0,0.27340071134289573,0.30921072721715737,0.354766095922082,0.4279927322910855,0.6377455099731747,0.5720918921874683,0.46197996838288646,0.4071844916182817,0.38987868678147497,0.3576513249866271,0.21787614510495562
ADE_val_00001397,ade20k_resnest_semantic_cityscapes_0_00_dropout_pu,0.049771907882888405,0.32750230508070083,0.0,0.0,0.0,0.0,0.06926685418479162,0.0900526542438734,0.12585415658041088,0.17227684740326366,0.3127969298114349,0.23021233723747925,0.19998793785795896,0.1273230080191256,0.10608024982903091,0.08359385799280039,0.049771907882888405
ADE_val_00000741,ade20k_resnest_semantic_cityscapes_0_00_dropout_pu,0.2747983278190258,0.4354556901538223,0.5612582276786869,0.7219451696769913,0.0,0.0,0.34214080716906053,0.3903753953496976,0.46017806970804964,0.560908701878211,0.720542870097512,0.6678969147826105,0.6023405388643596,0.45770004605217174,0.43141804466371203,0.4031149914607194,0.27479832781902575
ADE_val_00001383,ade20k_resnest_semantic_cityscapes_0_00_dropout_pu,0.20883721835073069,0.5542136016078468,0.6390549713446236,0.7594482715396883,0.0,0.0,0.29683110577738864,0.4090115875733917,0.5651568258734028,0.7123651565403559,0.8660363572882527,0.8522682390731181,0.8292679034309376,0.7072671531644896,0.6741049569173005,0.4763402533745281,0.2088372183507307
ADE_val_00000850,ade20k_resnest_semantic_cityscapes_0_00_dropout_pu,0.1237561002790454,0.4386764171069379,0.5672661476700236,0.7131544786377417,0.0,0.0,0.17110239215710543,0.22680336236233406,0.33169981824210515,0.5012195445008923,0.691626312302906,0.6553224321367844,0.6070081774680551,0.5630201971217549,0.5060309966891468,0.33948865490486485,0.12375610027904536
ADE_val_00001772,ade20k_resnest_semantic_cityscapes_0_00_dropout_pu,0.17807602842844147,0.43958185664983673,0.5706402922928382,0.7159370371055829,0.0,0.0,0.2452888264969886,0.31267875487170643,0.4064046542894048,0.5335848979371273,0.7323966408811192,0.7000618785688247,0.6322266939288809,0.5445755024758094,0.49445620035772225,0.41565792587838846,0.17807602842844147
ADE_val_00001906,ade20k_resnest_semantic_cityscapes_0_00_dropout_pu,0.12956068413413863,0.357795109720486,0.5487522107857877,0.7138413370827319,0.0,0.0,0.18024104441392202,0.22563279068398354,0.27068992102139394,0.3429786216090631,0.633573971741554,0.5037993820993228,0.3854424492777212,0.29640639404293695,0.2602361115489791,0.28484951887471366,0.12956068413413865
ADE_val_00000010,ade20k_resnest_semantic_cityscapes_0_00_dropout_pu,0.21041168418252648,0.4416475536363361,0.5697011325795865,0.7114770521830309,0.0,0.0,0.28737984019210266,0.35474463483644875,0.4371625297959274,0.5550095758203133,0.7057042754193662,0.6635405738335975,0.5779464620301217,0.4792050794333146,0.41573260967364783,0.37157728344723956,0.21041168418252645
ADE_val_00001905,ade20k_resnest_semantic_cityscapes_0_00_dropout_pu,0.25903477357568516,0.4375741868943201,0.5643818692033055,0.7103495133307691,0.0,0.0,0.3673057647064867,0.43755312466376056,0.49420776815174783,0.5772159363663668,0.707754550841372,0.6889118247230699,0.6075488729073243,0.529061097645862,0.49998741333970403,0.36420964574988435,0.25903477357568516
ADE_val_00001835,ade20k_resnest_semantic_cityscapes_0_00_dropout_pu,0.043698034766281216,0.35189048208232643,0.535797494274172,0.0,0.0,0.0,0.06005736624901175,0.07965027251497372,0.11856093742260179,0.21106903281437167,0.5269669601354131,0.4224661732599097,0.30522705233071035,0.1876531006187143,0.18073369773981612,0.1185942690815798,0.04369803476628121
ADE_val_00001828,ade20k_resnest_semantic_cityscapes_0_00_dropout_pu,0.08717391974260964,0.40426597308654605,0.5632917583083573,0.7071670489946336,0.0,0.0,0.11836486849813246,0.15631313920853276,0.23347714634928476,0.3840668063164499,0.7036086529184137,0.6465791462421271,0.5273980939424142,0.37378654530377614,0.3331414994548394,0.35838625694700516,0.08717391974260967
ADE_val_00001316,ade20k_resnest_semantic_cityscapes_0_00_dropout_pu,0.08689463167278705,0.3370497468392568,0.0,0.0,0.0,0.0,0.11901015956380223,0.14955351841920628,0.18569878800235412,0.2413351243918082,0.34696097131484543,0.2621541165923534,0.21603677128078505,0.16897300182115657,0.16056160970300135,0.144493396894325,0.08689463167278708
ADE_val_00000458,ade20k_resnest_semantic_cityscapes_0_00_dropout_pu,0.10052308181016076,0.3702322565886678,0.522510741160152,0.0,0.0,0.0,0.14070265728078019,0.19070308629278493,0.27248842242596577,0.36695695302936926,0.530644741611766,0.5088782769482811,0.4619439260181902,0.36698221062437875,0.34560617121398807,0.23509054527689954,0.10052308181016081
ADE_val_00001705,ade20k_resnest_semantic_cityscapes_0_00_dropout_pu,0.05621628868128505,0.3709441443542262,0.5145255480316816,0.0,0.0,0.0,0.07779181292799,0.10437201702186931,0.15745493299746458,0.26986453388780685,0.4818594626700707,0.3203443220346601,0.23011435521300613,0.13519890142488525,0.11231048700765005,0.17926116019139998,0.056216288681285045
ADE_val_00000190,ade20k_resnest_semantic_cityscapes_0_00_dropout_pu,0.05536154077884882,0.40376134905852556,0.5376788098360765,0.0,0.0,0.0,0.0776655005469132,0.1060513463837347,0.16864956356068286,0.34889612621317023,0.5898365290013503,0.5383822850192533,0.4812749614532798,0.2835715455867285,0.2317917651450049,0.26677467287705514,0.055361540778848806
ADE_val_00000030,ade20k_resnest_semantic_cityscapes_0_00_dropout_pu,0.0973993078502973,0.35398810534015374,0.5312422160548156,0.0,0.0,0.0,0.1340551583940438,0.16919876475207124,0.20100920810713707,0.26844654684681657,0.48658223684721447,0.3676128886586353,0.3263874801844586,0.2711802548573703,0.23314102140176973,0.17139408473211143,0.09739930785029725
ADE_val_00001659,ade20k_resnest_semantic_cityscapes_0_00_dropout_pu,0.13014897620284024,0.39358161539660586,0.5789565195838271,0.7140950084803989,0.0,0.0,0.16972263664680387,0.2100480648766396,0.27438898575824383,0.39784520763304027,0.6079555424667531,0.46879481967366327,0.36834706039222637,0.2524712507311955,0.2265866007149647,0.23872789192324056,0.13014897620284027
ADE_val_00000478,ade20k_resnest_semantic_cityscapes_0_00_dropout_pu,0.1001166890353284,0.3692020107226736,0.5479981004437278,0.0,0.0,0.0,0.14022377935110325,0.1829607562663976,0.23779016524939872,0.325535695218477,0.4954520920863043,0.4452384200676086,0.3657395272802514,0.21536296692545506,0.1931096938407475,0.1944276520360666,0.10011668903532837
ADE_val_00001096,ade20k_resnest_semantic_cityscapes_0_00_dropout_pu,0.057012009886898626,0.362027383106514,0.5364349613544926,0.0,0.0,0.0,0.07798157632276792,0.10186039690172044,0.1461785131171568,0.2606669136653942,0.506098634525347,0.41023619287234003,0.33085017796506916,0.28739402273860154,0.2551310038697362,0.19308157296770334,0.05701200988689863
ADE_val_00001121,ade20k_resnest_semantic_cityscapes_0_00_dropout_pu,0.05741782850652471,0.39958442877754274,0.559048152844958,0.0,0.0,0.0,0.0811798113071911,0.11189074419522838,0.17643414327947396,0.3257069045682372,0.5919843775840027,0.5581097972315427,0.35057998264564477,0.1846418612066068,0.15785487837689693,0.23146448305976905,0.057417828506524715
ADE_val_00001266,ade20k_resnest_semantic_cityscapes_0_00_dropout_pu,0.12756577419975015,0.38470595095331733,0.5571685565755428,0.0,0.0,0.0,0.17571291944815773,0.2221270494847106,0.281364399808045,0.3805427223140226,0.6043488537732579,0.5300592106352184,0.4332228324554888,0.39244455771417386,0.3764444219997446,0.22281079068852302,0.12756577419975013
ADE_val_00000701,ade20k_resnest_semantic_cityscapes_0_00_dropout_pu,0.1439243756783122,0.3571909908847018,0.5299083273823013,0.0,0.0,0.0,0.20336567728959828,0.2428163357986487,0.27956833422459837,0.3399754668096699,0.4747312501159766,0.3801280489463956,0.3179012032206693,0.2571268285592373,0.24690373485219888,0.2994147148001686,0.1439243756783122
ADE_val_00000048,ade20k_resnest_semantic_cityscapes_0_00_dropout_pu,0.024341182742217637,0.33096245136789637,0.0,0.0,0.0,0.0,0.03339625838318967,0.04436970210064107,0.06707091131961222,0.13470870264295415,0.32765697480180606,0.2646854784109695,0.16760291157177462,0.14504955430232402,0.13887925259532174,0.06393949032903555,0.02434118274221764
ADE_val_00001643,ade20k_resnest_semantic_cityscapes_0_00_dropout_pu,0.04568022808855205,0.34147067941375625,0.546925256061965,0.0,0.0,0.0,0.06287405264719736,0.08400657618109798,0.12472226694373971,0.2177949492031275,0.33096150923530776,0.2503400513572009,0.2218591343696032,0.1207611604036853,0.09578825707642279,0.07002191047030568,0.04568022808855205
ADE_val_00000400,ade20k_resnest_semantic_cityscapes_0_00_dropout_pu,0.31590441201840547,0.5143325780804384,0.6114112961424927,0.7431808430172455,0.0,0.0,0.4374561940385513,0.5246479673290035,0.5997120022530986,0.7033298313948487,0.813437747874378,0.7817481617439936,0.7321010045321433,0.6222217519924024,0.5623314441876254,0.5204851840111547,0.31590441201840547
ADE_val_00001655,ade20k_resnest_semantic_cityscapes_0_00_dropout_pu,0.05196964040583067,0.44227419726591866,0.5718489829623352,0.7237233554639346,0.0,0.0,0.07157152273130987,0.09100889501259295,0.12012173844402631,0.2081496166108231,0.6855395225721623,0.6016745106607467,0.47821688699849735,0.27569847678641696,0.22314117767000538,0.20356951504205814,0.051969640405830686
ADE_val_00000713,ade20k_resnest_semantic_cityscapes_0_00_dropout_pu,0.05544863552895485,0.383358757212879,0.5065037520035724,0.0,0.0,0.0,0.07685170163968177,0.1013089867715685,0.14867994129532952,0.26561495156777676,0.4899903406696906,0.44206224800628524,0.3779769009631054,0.23099127862197213,0.19856421975609312,0.1847837423508858,0.05544863552895484
ADE_val_00001692,ade20k_resnest_semantic_cityscapes_0_00_dropout_pu,0.12777898812178276,0.38498456102151585,0.5634219672940128,0.7145690305963133,0.0,0.0,0.18064281180185066,0.24234116597164643,0.29854423249016515,0.3883555932510268,0.7134959691450569,0.676159701002684,0.5023866375848395,0.3711710978471761,0.349751604573783,0.3366627725435788,0.12777898812178276
ADE_val_00000925,ade20k_resnest_semantic_cityscapes_0_00_dropout_pu,0.042418943421472566,0.3369305556615735,0.0,0.0,0.0,0.0,0.059162888348898726,0.07856823486575945,0.11245280841625033,0.18381192404063176,0.28334068160928333,0.19354751487917743,0.14903191065456553,0.10926945393800949,0.10592573000862633,0.05693426973791416,0.042418943421472566
ADE_val_00000459,ade20k_resnest_semantic_cityscapes_0_00_dropout_pu,0.076885700503627,0.3697794159968811,0.5225504410507669,0.0,0.0,0.0,0.1064272903811152,0.1400783094198112,0.20032429494090004,0.3095391176599022,0.5373633018673639,0.48490262384586463,0.4157109544461752,0.3604946745717151,0.33729312263476324,0.17921091435964226,0.07688570050362699
ADE_val_00000918,ade20k_resnest_semantic_cityscapes_0_00_dropout_pu,0.18137713712094666,0.3283521821194102,0.0,0.0,0.0,0.0,0.22293603211920834,0.24751688938340813,0.2783306209055488,0.320455047146603,0.42112769296172275,0.3983168834332531,0.3501851377821308,0.30518670340707715,0.2843802946142115,0.1879662451388912,0.18137713712094666
ADE_val_00001536,ade20k_resnest_semantic_cityscapes_0_00_dropout_pu,0.1812961501972164,0.42133393314411205,0.5562243724520398,0.0,0.0,0.0,0.24374490279799899,0.2972219838808738,0.3731406417474937,0.4993277964143187,0.634444628329628,0.5826756378534056,0.5444827887119462,0.47771449119149617,0.4630259354538294,0.3286851811083412,0.18129615019721637
ADE_val_00001856,ade20k_resnest_semantic_cityscapes_0_00_dropout_pu,0.07331031017342554,0.3921966879519404,0.5350471772020919,0.0,0.0,0.0,0.10274363868043979,0.1382225920756538,0.19329616006321818,0.30218460193779106,0.5771840416190287,0.5433724781087601,0.3922177726682105,0.2552865201882046,0.22815262529909647,0.25208117834578686,0.0733103101734255
ADE_val_00000445,ade20k_resnest_semantic_cityscapes_0_00_dropout_pu,0.10304998392849904,0.3657132537718044,0.513983389797165,0.0,0.0,0.0,0.14253020481016568,0.1878660539232951,0.2537356587142008,0.3505731951276416,0.4805340719770193,0.4544756938495518,0.3942007016322512,0.26905907530621936,0.24292020356831986,0.22490805942052955,0.10304998392849904
ADE_val_00001958,ade20k_resnest_semantic_cityscapes_0_00_dropout_pu,0.10567872786364386,0.37895366842607986,0.5385232058814027,0.0,0.0,0.0,0.14937172959732542,0.20388600379765948,0.2771622090012426,0.37848408950621115,0.5253887343298786,0.47174582578970264,0.3569914632247863,0.28418799354062985,0.24378117955581788,0.2292854777664053,0.10567872786364385
ADE_val_00001895,ade20k_resnest_semantic_cityscapes_0_00_dropout_pu,0.23038278272213167,0.4830672911085811,0.5701972917724578,0.7120513106599639,0.0,0.0,0.3212023275461119,0.4107226627698497,0.5141227665477779,0.6011671580168265,0.6482025362908322,0.613129682026474,0.5889400785618178,0.4851516539434087,0.4119346870833487,0.4907238090894285,0.2303827827221316
ADE_val_00001889,ade20k_resnest_semantic_cityscapes_0_00_dropout_pu,0.11460090601571649,0.41391226274768284,0.5686648605623481,0.0,0.0,0.0,0.16088619849340247,0.21032655052630958,0.2666414273265978,0.38376249865647316,0.6412087502612708,0.6218274269434765,0.5797643044390228,0.4029232513249266,0.3277156415192338,0.31300592132726657,0.11460090601571646
ADE_val_00001736,ade20k_resnest_semantic_cityscapes_0_00_dropout_pu,0.06783266616082066,0.37292267885925373,0.5103282286471839,0.0,0.0,0.0,0.09399778849603276,0.12647399245249363,0.19367958271978142,0.3376681359786029,0.4846402865666048,0.4213808122012385,0.3491369123185133,0.24722526909612955,0.2094771569156758,0.2358128880645123,0.06783266616082069
ADE_val_00001745,ade20k_resnest_semantic_cityscapes_0_00_dropout_pu,0.2311249142768941,0.4516624333503006,0.5699699457004206,0.7178284983581918,0.0,0.0,0.32618843378312534,0.4193679452664432,0.4918967041540646,0.5789924179244689,0.7353529533386421,0.7094280979655021,0.6865277652251094,0.6265344488654159,0.6122527708180364,0.39222134010348547,0.23112491427689408
ADE_val_00001650,ade20k_resnest_semantic_cityscapes_0_00_dropout_pu,0.21930135577714777,0.3780332129822831,0.546267067697133,0.0,0.0,0.0,0.2799484901055025,0.31769326346503046,0.3631326858286282,0.4466371839442249,0.5645633345918188,0.5174025744748048,0.4174112157417584,0.34298282846684297,0.3167778780904033,0.3195543568392207,0.21930135577714777
ADE_val_00000842,ade20k_resnest_semantic_cityscapes_0_00_dropout_pu,0.09711114697984301,0.390637128675158,0.5462535843129869,0.0,0.0,0.0,0.13392112385321125,0.17763303264754424,0.24681697874077418,0.3765125197250911,0.6073703823363542,0.5624552363743934,0.4506384999481439,0.2915728306144215,0.28838790202000175,0.2915415087312022,0.09711114697984304
ADE_val_00001858,ade20k_resnest_semantic_cityscapes_0_00_dropout_pu,0.05722874553891857,0.35686728943712476,0.0,0.0,0.0,0.0,0.07714004137049112,0.09900330746739129,0.13919358611849836,0.22376429721527993,0.43782507512148094,0.4163608306197591,0.3675088515559405,0.21130644710578525,0.17583843638565833,0.13708153757640748,0.057228745538918574
ADE_val_00001592,ade20k_resnest_semantic_cityscapes_0_00_dropout_pu,0.09051153027902185,0.3808186751731841,0.5491828577468846,0.0,0.0,0.0,0.1271146438663743,0.1728530199313359,0.25365984133516917,0.3544099020481002,0.5900697054018786,0.5191810796833187,0.42153174011547334,0.36978413877078353,0.3346069605097747,0.29183299638845334,0.09051153027902184
ADE_val_00001273,ade20k_resnest_semantic_cityscapes_0_00_dropout_pu,0.07586704604231902,0.34235995612949266,0.5946759721207984,0.0,0.0,0.0,0.1069458682279702,0.14557082462226698,0.20782120534281148,0.29702731419531164,0.6286399428997759,0.45898053596043475,0.37242661796884313,0.3348612268382854,0.31245843571222454,0.16650666481956247,0.07586704604231902
ADE_val_00000452,ade20k_resnest_semantic_cityscapes_0_00_dropout_pu,0.08425642323922523,0.3738119554851202,0.5297036893079342,0.0,0.0,0.0,0.11323004495159783,0.14520358990085877,0.20088564930128291,0.3125648069901435,0.4847384264348864,0.38778012352825775,0.31668297281955166,0.18189300286868623,0.1508782802372814,0.2538919437313928,0.08425642323922525
ADE_val_00000978,ade20k_resnest_semantic_cityscapes_0_00_dropout_pu,0.022851325541443028,0.0,0.0,0.0,0.0,0.0,0.03204465467397734,0.04326667175589866,0.06672269217065922,0.13254988115165148,0.20028762547434806,0.15855141264521722,0.09609818356652199,0.066059244349752,0.05259612960827983,0.030375090419719395,0.022851325541443028
ADE_val_00000977,ade20k_resnest_semantic_cityscapes_0_00_dropout_pu,0.14535339059210386,0.4013081168847901,0.5420629026668027,0.0,0.0,0.0,0.20386883711485235,0.27325263003488176,0.36053257879949535,0.4668050513342105,0.6404720379490404,0.5737815321906258,0.5334249861615623,0.4820811942922932,0.46294840075159355,0.25811131537649973,0.14535339059210384
ADE_val_00000594,ade20k_resnest_semantic_cityscapes_0_00_dropout_pu,0.09726432173738847,0.45103629492272884,0.5909749096415946,0.7098494150236021,0.0,0.0,0.1379004794615986,0.18843104505839886,0.2387164882336377,0.33985997036224375,0.6256830318543402,0.5777175915637778,0.3913544881789018,0.27258735798912753,0.25322879991697783,0.33975402348519773,0.09726432173738847
ADE_val_00001090,ade20k_resnest_semantic_cityscapes_0_00_dropout_pu,0.10071785862495894,0.39605839967207584,0.528040797053341,0.0,0.0,0.0,0.14155045720139364,0.18674368435223027,0.26099838060152253,0.3934174315651034,0.563129718442719,0.5256215640918577,0.4264586948216196,0.3230974125731517,0.3038137033274047,0.22104938594943946,0.10071785862495891
ADE_val_00001662,ade20k_resnest_semantic_cityscapes_0_00_dropout_pu,0.03552860252724835,0.3619863346428595,0.0,0.0,0.0,0.0,0.04782889875592659,0.062048785719629025,0.09064530492369864,0.18573035650677955,0.4359529545461332,0.3876512451832905,0.261035373142539,0.14164914017986907,0.09881196099070404,0.20455324247690568,0.03552860252724835
ADE_val_00000614,ade20k_resnest_semantic_cityscapes_0_00_dropout_pu,0.27410638283097005,0.3337256750102055,0.0,0.0,0.0,0.0,0.3097402937182625,0.3273865505280082,0.3441328418922594,0.3729413053711341,0.4219439958163847,0.39247387547019386,0.3654255691538865,0.3453231779898229,0.336512689108044,0.31080006679391775,0.27410638283097016
ADE_val_00000754,ade20k_resnest_semantic_cityscapes_0_00_dropout_pu,0.16072203041132183,0.3783116578935218,0.5456835278769242,0.0,0.0,0.0,0.22173793128138242,0.2856867422615641,0.35098474917575057,0.42929518897725066,0.5805103075773604,0.5426406866602439,0.4653034569355299,0.374531764924144,0.3577910981700111,0.2804374402080281,0.16072203041132183
ADE_val_00001660,ade20k_resnest_semantic_cityscapes_0_00_dropout_pu,0.1631740510160995,0.36812083178652827,0.5446394910460195,0.0,0.0,0.0,0.2276716345733629,0.2850827088356419,0.34568942198091734,0.41231663250394657,0.5632980610631015,0.4608193630867498,0.4162635642473139,0.3341556964215032,0.28857097266581117,0.3443281438953032,0.16317405101609953
ADE_val_00000959,ade20k_resnest_semantic_cityscapes_0_00_dropout_pu,0.02367481794680959,0.40462960476929555,0.5477495078896912,0.0,0.0,0.0,0.032626077108419374,0.04360065768838977,0.06726998632489056,0.14644644697128417,0.5648216110016647,0.47030810686884555,0.2306835322369613,0.1394402087559188,0.1120318740996913,0.14315938558868171,0.023674817946809576
ADE_val_00001416,ade20k_resnest_semantic_cityscapes_0_00_dropout_pu,0.07922158062795634,0.37504978508750475,0.5547135673240263,0.0,0.0,0.0,0.11126735262589403,0.1507785472633147,0.22637596170040644,0.35367792247016994,0.5437997097637409,0.47014738217777974,0.3812998620265067,0.2739568479085375,0.22607091611538038,0.3353513601322537,0.07922158062795631
ADE_val_00001353,ade20k_resnest_semantic_cityscapes_0_00_dropout_pu,0.22647139256988832,0.4807515969941811,0.5946780348165367,0.7223411764535931,0.0,0.0,0.2972691881381136,0.35711504611298867,0.4488471182159291,0.609828566249007,0.7495638039235094,0.7279787273378993,0.6915145551543779,0.6336572286126503,0.6036488530671144,0.46273544856899007,0.2264713925698884
ADE_val_00001016,ade20k_resnest_semantic_cityscapes_0_00_dropout_pu,0.05444982676551086,0.3296715273419389,0.0,0.0,0.0,0.0,0.07434892528721294,0.09717537719387719,0.13856905167770853,0.2234436055491103,0.37533504739320456,0.3047529538224919,0.26118772168822246,0.1645787862905828,0.14628380455362086,0.15906251789538345,0.054449826765510856
ADE_val_00000782,ade20k_resnest_semantic_cityscapes_0_00_dropout_pu,0.10845767350690536,0.37324852826798705,0.5170396667748139,0.0,0.0,0.0,0.14612726762476538,0.1811608930565765,0.2253836258169185,0.3126205868451685,0.520600640555213,0.4935403129799644,0.45148930489207506,0.3414303655864618,0.2708483109075886,0.23939977858121947,0.10845767350690533
ADE_val_00000248,ade20k_resnest_semantic_cityscapes_0_00_dropout_pu,0.22910746408554233,0.49210132988438965,0.5598373022871946,0.0,0.0,0.0,0.31492726426433565,0.39703813540179,0.5083353858742204,0.5873985133526441,0.6426645103565627,0.621259186557086,0.5839680274175701,0.5061902374483309,0.44826259469328933,0.3827666714167458,0.22910746408554236
ADE_val_00001649,ade20k_resnest_semantic_cityscapes_0_00_dropout_pu,0.0476471286961125,0.37398572245299805,0.5296746942734172,0.0,0.0,0.0,0.06516544496656991,0.08666886442181483,0.13227126717767984,0.2513811528002707,0.4405275565646904,0.3534914222258198,0.2700818457780711,0.22263056994947902,0.17919975639106117,0.15381189356465205,0.047647128696112505
ADE_val_00000936,ade20k_resnest_semantic_cityscapes_0_00_dropout_pu,0.13028453067326795,0.37479649327648634,0.5765346693952872,0.7058654103098613,0.0,0.0,0.18381483868654663,0.24475726964555275,0.3143596126121774,0.40582140781371817,0.6740512192107899,0.6524891438891567,0.5771080533398796,0.46761782429092386,0.41641969563917236,0.27584598982282477,0.13028453067326795
ADE_val_00000931,ade20k_resnest_semantic_cityscapes_0_00_dropout_pu,0.06664081545013788,0.4764939561227552,0.6051271397029181,0.7297302307457603,0.0,0.0,0.09194217879241037,0.12303195897265534,0.18704259641086673,0.33394878650115356,0.7624240788712358,0.7069663531880892,0.6448302726817537,0.48604598906411184,0.4137615518890897,0.30450238635968163,0.06664081545013785
ADE_val_00001036,ade20k_resnest_semantic_cityscapes_0_00_dropout_pu,0.18999481715098357,0.3898932360876536,0.5233367977948218,0.0,0.0,0.0,0.2632740019076989,0.31537580879139326,0.37494386029968246,0.45017526025252563,0.5635466315935704,0.5238239476081098,0.47911941243027306,0.41976262513589363,0.4053606595783664,0.30766781965814105,0.18999481715098362
ADE_val_00001575,ade20k_resnest_semantic_cityscapes_0_00_dropout_pu,0.13291127500007746,0.43710240472403344,0.5447454120437284,0.0,0.0,0.0,0.1881052150556696,0.2585711595807229,0.38412992001739715,0.5062344656424174,0.6252687676215437,0.5905817826111467,0.537069957017483,0.46906778885476075,0.454887427286375,0.396896791832394,0.1329112750000775
ADE_val_00000527,ade20k_resnest_semantic_cityscapes_0_00_dropout_pu,0.10611520083278905,0.395457237926699,0.552985405065137,0.0,0.0,0.0,0.14935971818933644,0.19900427264247927,0.2617290691564695,0.37483548769897634,0.645930108620977,0.607546889519819,0.43979542025453433,0.3583509013790402,0.32036904883565526,0.2419884095445278,0.10611520083278907
ADE_val_00000904,ade20k_resnest_semantic_cityscapes_0_00_dropout_pu,0.20097025134968258,0.36322558518868536,0.5446539342460379,0.0,0.0,0.0,0.2706830946363345,0.31305534863654294,0.3543203220940123,0.41943809110514235,0.5931188306283315,0.5674083971303172,0.5163944646836618,0.40775179923701954,0.3468124618420965,0.3400574280904809,0.20097025134968263
ADE_val_00001310,ade20k_resnest_semantic_cityscapes_0_00_dropout_pu,0.14349524307293188,0.44295354285429644,0.5570403036574637,0.7220692492731646,0.0,0.0,0.2003990871447004,0.25789678531168186,0.3409255645481527,0.4973456290400308,0.7201441139547561,0.637834093371145,0.5647061008871389,0.5312276984268347,0.5133130564327818,0.30049112482536405,0.14349524307293188
ADE_val_00001595,ade20k_resnest_semantic_cityscapes_0_00_dropout_pu,0.08812398503538729,0.3809556026214566,0.5303114522857213,0.0,0.0,0.0,0.12435507151578842,0.16851881620024545,0.24301918446105564,0.3690022019897068,0.580733433839088,0.49447234582493427,0.45938359906337267,0.31141085645084615,0.3060991548252327,0.25476324965312214,0.08812398503538729
ADE_val_00001003,ade20k_resnest_semantic_cityscapes_0_00_dropout_pu,0.04984523739558146,0.3860924733301224,0.5602002022838053,0.0,0.0,0.0,0.06773820386855178,0.08686442044533098,0.11878211069582989,0.2087415004663487,0.5938929099575897,0.5204075606826356,0.38389663724337525,0.2152538550851707,0.17154326686620935,0.228784074342989,0.04984523739558146
ADE_val_00000916,ade20k_resnest_semantic_cityscapes_0_00_dropout_pu,0.107691053848724,0.4786944284280664,0.5552837603144095,0.0,0.0,0.0,0.15020307414499137,0.20290552062834516,0.3073754072267533,0.5183178473776441,0.6393294673293526,0.6135911099193033,0.5498840212489267,0.3913713792083902,0.30580942405482,0.26767204547638634,0.107691053848724
ADE_val_00001590,ade20k_resnest_semantic_cityscapes_0_00_dropout_pu,0.04708561264442392,0.3871417264665499,0.5615676769643265,0.7107098731570517,0.0,0.0,0.06447947957281189,0.08547157568346955,0.12824649614311517,0.22196261251018223,0.5954892844442812,0.4783770996572004,0.3349011726969775,0.20323919235717935,0.17820061266189693,0.2525638658085854,0.04708561264442393
ADE_val_00001241,ade20k_resnest_semantic_cityscapes_0_00_dropout_pu,0.1470679168706685,0.41424681561920956,0.5551211050023555,0.0,0.0,0.0,0.20519640144462695,0.2702398613650599,0.35315341974472086,0.47744021962658667,0.6555887428526048,0.6108934069491616,0.5682898092232205,0.4918397078636085,0.42775540066559453,0.3831575858600962,0.14706791687066853
ADE_val_00000888,ade20k_resnest_semantic_cityscapes_0_00_dropout_pu,0.16338057269200654,0.39628785473161576,0.5699344056070178,0.7240869891287203,0.0,0.0,0.2148328123725282,0.2532758872653922,0.3021405985918622,0.40351814089009536,0.7279095050233144,0.6850664092487908,0.5444052499643053,0.3214159927856723,0.2785711443788448,0.30119791899740533,0.16338057269200645
ADE_val_00000212,ade20k_resnest_semantic_cityscapes_0_00_dropout_pu,0.09473512992224221,0.325250994895236,0.0,0.0,0.0,0.0,0.12387018867252159,0.14929060533937444,0.1866503458069359,0.2577471738219951,0.34140303900168256,0.32562935412418403,0.2273634195857982,0.16342453884516572,0.14469389122123752,0.2266549787297104,0.09473512992224223
ADE_val_00001630,ade20k_resnest_semantic_cityscapes_0_00_dropout_pu,0.1023400443125451,0.3199717626097795,0.0,0.0,0.0,0.0,0.1355955017931965,0.16233456592300904,0.1907401330875473,0.23444049468614278,0.34648008158267624,0.28991675076000545,0.25879338930214196,0.2448866637628442,0.22620550561149808,0.12168127038561063,0.10234004431254512
ADE_val_00001451,ade20k_resnest_semantic_cityscapes_0_00_dropout_pu,0.24386615261361264,0.4625699082405785,0.5698966530918956,0.7315161584546787,0.0,0.0,0.33655776581393343,0.40960712009098765,0.4949796486300121,0.5906568389976523,0.7529748661882358,0.6936000369908142,0.5505730093792149,0.5112625300996028,0.49828982921428844,0.400327014253548,0.24386615261361255
ADE_val_00001876,ade20k_resnest_semantic_cityscapes_0_00_dropout_pu,0.09465135231029004,0.3492361341658324,0.5103119982547171,0.0,0.0,0.0,0.1294035247680276,0.16661102266968675,0.2229740118171754,0.3130329392052184,0.43841908773902893,0.3995151688244311,0.37882699715075474,0.3278220246496446,0.3021167264017411,0.20023553539336553,0.09465135231029005
ADE_val_00001228,ade20k_resnest_semantic_cityscapes_0_00_dropout_pu,0.2922614395800009,0.47560769345075804,0.5807659072951603,0.723718495855943,0.0,0.0,0.3767110530206679,0.4441086686377663,0.5281313070855441,0.6208468306040219,0.7666076902118586,0.7416319905455155,0.680069133250628,0.577932181369831,0.5144234059917645,0.4926120811826375,0.2922614395800008
ADE_val_00001840,ade20k_resnest_semantic_cityscapes_0_00_dropout_pu,0.059557818937270066,0.37751609042146594,0.5400037075032259,0.0,0.0,0.0,0.08297372574590212,0.11092016833521219,0.1620224993469784,0.2664711038773658,0.5761622415828414,0.5247529562874941,0.3972210711747421,0.31088725708315273,0.2837453304102795,0.20391479657209302,0.05955781893727005
ADE_val_00001321,ade20k_resnest_semantic_cityscapes_0_00_dropout_pu,0.1646650232542585,0.4093583415048409,0.5537405417984118,0.7024336376918439,0.0,0.0,0.2264656215778157,0.27507051985614406,0.3411334906309776,0.4600843430414547,0.6571682802698905,0.6348802391447887,0.576052067147387,0.4476278347423156,0.3938065141356118,0.37045930784581294,0.16466502325425852
ADE_val_00001463,ade20k_resnest_semantic_cityscapes_0_00_dropout_pu,0.09510371334352669,0.33290793121034656,0.0,0.0,0.0,0.0,0.13164295726251546,0.17171051746783522,0.225419653580188,0.3017593764346321,0.38015454990361774,0.34743207939249854,0.3007530661395689,0.23240735611662253,0.20215167702261844,0.12005322495687973,0.09510371334352669
ADE_val_00001456,ade20k_resnest_semantic_cityscapes_0_00_dropout_pu,0.22327238447097256,0.4668661018325575,0.5717723897464998,0.7104299863946193,0.0,0.0,0.3135499979325254,0.4085720678516312,0.49926793769738614,0.5944871896857273,0.7032145565303755,0.6757707210424561,0.6362869040277344,0.5772500246281923,0.5732063919532079,0.3782243999127155,0.2232723844709726
ADE_val_00001629,ade20k_resnest_semantic_cityscapes_0_00_dropout_pu,0.12268499709597415,0.3691998839270499,0.5763869215374866,0.7032002530254375,0.0,0.0,0.1734292618022087,0.23411001475980478,0.30220394669145717,0.3889344398540371,0.5578634640304603,0.4392011730031933,0.40120400719620436,0.3553886663824123,0.3397063543349022,0.22185529320491992,0.12268499709597415
ADE_val_00000094,ade20k_resnest_semantic_cityscapes_0_00_dropout_pu,0.12878339242259484,0.3786335584623713,0.5349680711245026,0.0,0.0,0.0,0.17216951786596046,0.2033660892936603,0.24395421759403826,0.33434375286922213,0.544959804068382,0.513237635817676,0.4287506089547612,0.3681285884801415,0.3596780059985142,0.2594919313716409,0.12878339242259484
ADE_val_00001171,ade20k_resnest_semantic_cityscapes_0_00_dropout_pu,0.05139645172592652,0.4192108282901448,0.56146921651096,0.7043666008268152,0.0,0.0,0.07112291022704977,0.0931803824042031,0.13382847161100447,0.2377444598670725,0.6671644219679703,0.5590145486472519,0.38656972591748884,0.20468752340444094,0.1868613037286007,0.179047129903315,0.05139645172592653
ADE_val_00001333,ade20k_resnest_semantic_cityscapes_0_00_dropout_pu,0.09360708410441015,0.36664812096410404,0.5034987129276842,0.0,0.0,0.0,0.13048639086928585,0.17100196513536559,0.23223426917808607,0.3345219769048639,0.4993570005614083,0.4850689091771641,0.46097824593339326,0.3930893242218675,0.36793031334000437,0.2240280205167611,0.09360708410441014
ADE_val_00001560,ade20k_resnest_semantic_cityscapes_0_00_dropout_pu,0.22041184665556038,0.3989082131371354,0.5479281226007742,0.7030644548219058,0.0,0.0,0.29803629158952827,0.35374018122988654,0.4096598838264341,0.490168284304658,0.6649684489155524,0.5920705185719897,0.47116594855153365,0.39066136038554516,0.3701856842844435,0.32432636670534426,0.22041184665556046
ADE_val_00000646,ade20k_resnest_semantic_cityscapes_0_00_dropout_pu,0.1359972548624453,0.3661189669587456,0.5634272463697481,0.0,0.0,0.0,0.1887820296322564,0.23762839374961764,0.28712284285702533,0.3682262339256278,0.5644342161336356,0.4906995103247074,0.3938288981831245,0.27164914828062886,0.24981518851225556,0.30159416435065173,0.13599725486244532
ADE_val_00001678,ade20k_resnest_semantic_cityscapes_0_00_dropout_pu,0.15506857301444316,0.4275270629951895,0.5725747940417097,0.7039878250537478,0.0,0.0,0.20562308889908562,0.2560243000711916,0.33561734904300233,0.47903894776636846,0.6617018471361071,0.651508818429744,0.6301509428336801,0.5344125411023336,0.49150529655953307,0.3554285762213855,0.15506857301444318
ADE_val_00001014,ade20k_resnest_semantic_cityscapes_0_00_dropout_pu,0.1944716697024847,0.4097401838172839,0.5601481693604283,0.7026582271156011,0.0,0.0,0.25529994886242124,0.30023674939385,0.3655248352650227,0.4766459520337035,0.6692141054636138,0.6457214740869825,0.5723161782281473,0.4123743192284228,0.41001222193431003,0.339199528452629,0.19447166970248475
ADE_val_00000309,ade20k_resnest_semantic_cityscapes_0_00_dropout_pu,0.14879224885152134,0.4255792386164223,0.554751441711546,0.0,0.0,0.0,0.20528610798135644,0.2537370444385336,0.3187339873751333,0.4546152278237942,0.6556099322937464,0.599320036655897,0.5895472212593695,0.4890328027711878,0.411891332252364,0.3165529067841241,0.14879224885152137
ADE_val_00001344,ade20k_resnest_semantic_cityscapes_0_00_dropout_pu,0.014655636076358943,0.0,0.0,0.0,0.0,0.0,0.020395815937804183,0.027624925923088853,0.043584319409200385,0.10740367938764107,0.2260640029713068,0.21177182062171432,0.14232720210413688,0.09663111265414123,0.08851321962601633,0.035540535857179756,0.014655636076358948
ADE_val_00000303,ade20k_resnest_semantic_cityscapes_0_00_dropout_pu,0.09059926992470448,0.3791985937443172,0.535861193450436,0.0,0.0,0.0,0.1276429563687933,0.17400736261732566,0.2557589373672128,0.3790941687412872,0.6199945747820577,0.5381748534899423,0.46201326068696524,0.3428057882459414,0.3177296335586615,0.23655145594890345,0.09059926992470446
ADE_val_00001816,ade20k_resnest_semantic_cityscapes_0_00_dropout_pu,0.04730582817103183,0.43553314974960244,0.5561277255371576,0.0,0.0,0.0,0.06592104504949575,0.0896239926187126,0.1419306779756413,0.3006953367325562,0.6239533288094197,0.5855195523450137,0.5288875171284555,0.3571134300575553,0.3019632809786499,0.3364050713243619,0.047305828171031815
ADE_val_00000868,ade20k_resnest_semantic_cityscapes_0_00_dropout_pu,0.06540802180343086,0.35102344086423004,0.0,0.0,0.0,0.0,0.09072974581732779,0.12109309433516902,0.15943421659687845,0.21723710683174743,0.41040676740959925,0.34898689537877203,0.208369629639226,0.16591398099913973,0.15357121299698262,0.19194527597990113,0.06540802180343086
ADE_val_00000474,ade20k_resnest_semantic_cityscapes_0_00_dropout_pu,0.1199523590134698,0.3713002063928631,0.534942490296775,0.0,0.0,0.0,0.1639564429397145,0.21080519790909205,0.27539078785922816,0.37697903179133657,0.5608215467950827,0.5085401962315997,0.4440286617612514,0.3690708494596546,0.35729710095298556,0.20314419219604707,0.11995235901346978
ADE_val_00001227,ade20k_resnest_semantic_cityscapes_0_00_dropout_pu,0.17201185649672793,0.42341977026341876,0.5673656786878718,0.7117047708940033,0.0,0.0,0.2397604114073449,0.2987665436965548,0.3816567630795941,0.5121519150703164,0.715261095461674,0.6831510490236444,0.6189127282415557,0.4813208317418312,0.4136474845228068,0.3200792640555833,0.17201185649672793
ADE_val_00001770,ade20k_resnest_semantic_cityscapes_0_00_dropout_pu,0.2956031517121249,0.4727218427473606,0.5892962152339225,0.7330971823731128,0.0,0.0,0.3757652086986932,0.44153427891904995,0.5246634179627613,0.6261141204934718,0.7775699528020358,0.6886130419214708,0.6607454698622607,0.6375387087038817,0.6270510317623066,0.4888247536072253,0.2956031517121249
ADE_val_00001369,ade20k_resnest_semantic_cityscapes_0_00_dropout_pu,0.1928792558558166,0.39452291662963807,0.5650375205961686,0.7034632387091527,0.0,0.0,0.24988575107404573,0.2925911781140558,0.3457772261599804,0.450144951333314,0.6982062509224154,0.6891831664561043,0.6506042894027679,0.49533543306989,0.41352002058207654,0.31859803164124023,0.19287925585581664
ADE_val_00000802,ade20k_resnest_semantic_cityscapes_0_00_dropout_pu,0.038169650485143335,0.3665982754584692,0.5138127704332207,0.0,0.0,0.0,0.052479135161407404,0.0699624759427819,0.10757766214301871,0.2345503451810925,0.47374132536199876,0.3881250918125428,0.2972165096087851,0.20996243113946733,0.1919004878011066,0.20140257839670347,0.038169650485143335
ADE_val_00001940,ade20k_resnest_semantic_cityscapes_0_00_dropout_pu,0.2693995822158196,0.4873078568500334,0.566309475666119,0.7202824017446692,0.0,0.0,0.3796762393144148,0.46796713366679626,0.5470752380206315,0.6094282281019919,0.6741272741351848,0.6167922198525583,0.5853537477159716,0.5489354036296317,0.5385132799982043,0.442861387463659,0.26939958221581956
ADE_val_00000938,ade20k_resnest_semantic_cityscapes_0_00_dropout_pu,0.053213772966595824,0.3792308538982308,0.5402699362253285,0.0,0.0,0.0,0.0729330382779931,0.09481420633211625,0.1331078083822331,0.21656499657554948,0.38782510832590694,0.30644178423906515,0.18809322030651401,0.12918093107528794,0.1057437332259425,0.19929241526590263,0.05321377296659584
ADE_val_00000506,ade20k_resnest_semantic_cityscapes_0_00_dropout_pu,0.09490005563360494,0.40027696843517363,0.5317199920849189,0.0,0.0,0.0,0.13360512785537942,0.18219709101001333,0.27526734903527805,0.42362034043178964,0.5950067198079348,0.532319561686862,0.4957301940740019,0.435190155445213,0.3871147755977422,0.28047114081306573,0.09490005563360496
ADE_val_00000987,ade20k_resnest_semantic_cityscapes_0_00_dropout_pu,0.15900477942277058,0.36503453008845066,0.5072875939636249,0.0,0.0,0.0,0.2224143453123723,0.304380039154418,0.373837509009917,0.40640294731152393,0.4595455046629962,0.43097585324758314,0.3896500207218407,0.3802318704185601,0.3762664388973801,0.2823074620578654,0.1590047794227706
ADE_val_00001209,ade20k_resnest_semantic_cityscapes_0_00_dropout_pu,0.10932811635560544,0.39656255089428466,0.5594401593700126,0.0,0.0,0.0,0.15274418340745646,0.20263459393224928,0.27149933694247275,0.3808482536494613,0.6021730714052008,0.5846971124178085,0.44408928669410974,0.254908531189825,0.237036615566198,0.23772655160741885,0.10932811635560545
ADE_val_00000545,ade20k_resnest_semantic_cityscapes_0_00_dropout_pu,0.09626847135638868,0.35311973939860697,0.5302042689351972,0.0,0.0,0.0,0.13536708902544037,0.1780740107026483,0.23611928699136833,0.3238621252168806,0.5319812313999416,0.41953307575642007,0.31159733728423494,0.2499033591744334,0.2302617810375476,0.18140094570415513,0.0962684713563887
ADE_val_00000797,ade20k_resnest_semantic_cityscapes_0_00_dropout_pu,0.0389104632762807,0.3758620727321632,0.5541744972830537,0.0,0.0,0.0,0.05318603384410338,0.06984012274412695,0.10381359328476382,0.20550233375570665,0.5225341979956722,0.3252134993866789,0.205596657201739,0.14303856120225547,0.11736407523494631,0.16654434493376108,0.0389104632762807
ADE_val_00000118,ade20k_resnest_semantic_cityscapes_0_00_dropout_pu,0.09176698771167463,0.39834153770546826,0.5400917826158108,0.0,0.0,0.0,0.12996388490142305,0.1782855207259517,0.2560401660199661,0.3787456636959019,0.6456681017427367,0.5908126071274072,0.5165090139884547,0.4395737634316382,0.39886838226795285,0.24280199479665507,0.09176698771167464
ADE_val_00000648,ade20k_resnest_semantic_cityscapes_0_00_dropout_pu,0.17895152220200586,0.4568630319737587,0.5842004494322723,0.7233792485608631,0.0,0.0,0.2521690844234501,0.3237848476405488,0.41417232215403227,0.5549606444916433,0.7210433666767052,0.6685435320601638,0.6255856479382378,0.5057058578982613,0.440444544050166,0.3994289985606289,0.1789515222020058
ADE_val_00001220,ade20k_resnest_semantic_cityscapes_0_00_dropout_pu,0.0929780026947422,0.4373439250380463,0.5744066973393747,0.7063077259474833,0.0,0.0,0.1284688860032746,0.16718583972032489,0.23642073930306945,0.40569066261461695,0.6308179430883925,0.5591597760435579,0.4491202580647776,0.261154747697743,0.21849866401993764,0.36681832212596593,0.09297800269474221
ADE_val_00001636,ade20k_resnest_semantic_cityscapes_0_00_dropout_pu,0.08922390812618411,0.40015258516550756,0.5342037948470744,0.0,0.0,0.0,0.12212608915662397,0.1553368048387366,0.21053040770826817,0.32772286191934896,0.5666333710281651,0.5403963940497899,0.4983671574114261,0.35848603404142276,0.32055724913631883,0.24485239466545086,0.0892239081261841
ADE_val_00000663,ade20k_resnest_semantic_cityscapes_0_00_dropout_pu,0.09204883089610225,0.3766433276771146,0.5405274990823459,0.0,0.0,0.0,0.13009532229455092,0.17906594972430384,0.2640931549718768,0.37923115844066635,0.5081011761299534,0.4517764147089311,0.37787916897447343,0.2872040973429679,0.24020616838980105,0.24536764693592944,0.09204883089610225
ADE_val_00000233,ade20k_resnest_semantic_cityscapes_0_00_dropout_pu,0.2779267195973222,0.4250999167900421,0.5773960983250496,0.7292180308295388,0.0,0.0,0.3578594796413217,0.4088416167119835,0.4709047843314179,0.573840806174635,0.7599257651543608,0.733834439413455,0.685028481323246,0.6273945283198595,0.607834379092053,0.44935183987710636,0.27792671959732224
ADE_val_00001059,ade20k_resnest_semantic_cityscapes_0_00_dropout_pu,0.21898051335502147,0.399921784264291,0.5502510327343115,0.7340872288362984,0.0,0.0,0.28139421728182795,0.3293638922659336,0.3882452944482493,0.47647043942671097,0.6996049196248683,0.6447289385999097,0.529171286028938,0.4591213233514136,0.4222147114005289,0.35881372359904734,0.21898051335502153
ADE_val_00000111,ade20k_resnest_semantic_cityscapes_0_00_dropout_pu,0.29306828745803465,0.4605917449891511,0.5721010952530039,0.742983765739314,0.0,0.0,0.39126390873479894,0.45983882077681787,0.5251162395236905,0.6058964354238736,0.7841840704107359,0.7717768275417817,0.7177589240154318,0.6286759275372282,0.5902181341384172,0.4448639590948491,0.29306828745803476
ADE_val_00001358,ade20k_resnest_semantic_cityscapes_0_00_dropout_pu,0.27071410769421667,0.3996019089546007,0.5434874063504103,0.0,0.0,0.0,0.3544648235567989,0.3959570555447933,0.4416324908109334,0.5089740180763459,0.6222360143455099,0.5615230215263418,0.5093932193380898,0.4343033833466828,0.3941583309359435,0.3665933396950883,0.2707141076942166
ADE_val_00000945,ade20k_resnest_semantic_cityscapes_0_00_dropout_pu,0.03830655381552538,0.3259631372605801,0.0,0.0,0.0,0.0,0.05370687632923197,0.07290270950344102,0.11264696449548198,0.21695282068322205,0.32345005588483017,0.2424174185700326,0.1385596517365605,0.11091661024447642,0.09586803226973535,0.12352477662658998,0.03830655381552538
ADE_val_00001135,ade20k_resnest_semantic_cityscapes_0_00_dropout_pu,0.05251344988433799,0.3687385055114635,0.5115280771080002,0.0,0.0,0.0,0.07203726162758957,0.09474655220266222,0.13802381929349283,0.2228711223609235,0.4600089544554205,0.40755583988126964,0.2475490104589892,0.14796606964260145,0.12312595181198194,0.14439452738228617,0.052513449884337995
ADE_val_00000260,ade20k_resnest_semantic_cityscapes_0_00_dropout_pu,0.041357754297502394,0.39601864625418426,0.5188627742557291,0.0,0.0,0.0,0.05674777187338371,0.075699216848932,0.11633531011479555,0.25005638556221804,0.5152877326863318,0.3673366213556795,0.25429190265375334,0.11501881841850377,0.0811158876317757,0.16920998973529242,0.0413577542975024
ADE_val_00000839,ade20k_resnest_semantic_cityscapes_0_00_dropout_pu,0.10573106680940103,0.3932139049850686,0.6032768561064465,0.7123106523061473,0.0,0.0,0.1430673740140658,0.1770118496951065,0.22295248285547586,0.33122711187549225,0.7064666575414119,0.6753891264817904,0.6152297070838354,0.37211859935469077,0.3561012001715375,0.3259375197950152,0.10573106680940103
ADE_val_00001703,ade20k_resnest_semantic_cityscapes_0_00_dropout_pu,0.17909711749847657,0.3892126705632636,0.5804104254091114,0.7111296787082766,0.0,0.0,0.24024832605150073,0.28794468919588706,0.34687511818669486,0.443360752412215,0.7005618566176695,0.6478608594073769,0.5507085077442817,0.4146911097498367,0.38526032465448906,0.30532985661959683,0.17909711749847657
ADE_val_00001320,ade20k_resnest_semantic_cityscapes_0_00_dropout_pu,0.08498895342004018,0.35700790182152364,0.5403148119023071,0.0,0.0,0.0,0.11853647447141542,0.15910337279214254,0.22238948992387172,0.3118770874296198,0.5252753047752551,0.45219690570729254,0.42266652260917165,0.29683439972494324,0.27937951779807196,0.2312621657560252,0.08498895342004015
ADE_val_00001173,ade20k_resnest_semantic_cityscapes_0_00_dropout_pu,0.08513012132902038,0.38592684411866574,0.5494212465650221,0.0,0.0,0.0,0.1193961411355246,0.1614874884535967,0.23107617999375535,0.33791065635460127,0.6206610419937575,0.5720014518822388,0.5003874498331001,0.3779841183333458,0.30856210892972424,0.2146611899204164,0.08513012132902038
ADE_val_00001385,ade20k_resnest_semantic_cityscapes_0_00_dropout_pu,0.09758170548266255,0.37093699156613574,0.5498897121561104,0.0,0.0,0.0,0.13814645433290243,0.18179397389571955,0.24625144261053644,0.32586263683045097,0.5922906690238523,0.49350885000016126,0.3531163457025629,0.2632984113163657,0.22914305285747955,0.21645994814651878,0.09758170548266253
ADE_val_00000443,ade20k_resnest_semantic_cityscapes_0_00_dropout_pu,0.1226832198243436,0.4116332982500501,0.5220542823140838,0.0,0.0,0.0,0.17413098630602283,0.2413014296422464,0.3683413691843988,0.46690981553829985,0.566628407697065,0.5329641702094868,0.48845570150937306,0.43438934654338324,0.4105703176574693,0.242701901076766,0.1226832198243436
ADE_val_00000125,ade20k_resnest_semantic_cityscapes_0_00_dropout_pu,0.1335336242465471,0.4105392223469793,0.5561874465519557,0.7107258656926454,0.0,0.0,0.18486150350517133,0.2387562382380718,0.313907719846241,0.44991819585806575,0.7000190934509053,0.6692351475179457,0.5789209424546158,0.4626749534329362,0.4283585055373449,0.31285090420044226,0.13353362424654708
ADE_val_00001698,ade20k_resnest_semantic_cityscapes_0_00_dropout_pu,0.1247810816801941,0.4614815650674316,0.5890768576198047,0.7236359563521886,0.0,0.0,0.17402128998780178,0.22837913026301127,0.3086109098927125,0.4988705793717371,0.7480627200646977,0.7209706118369467,0.6642377073155318,0.5961871883241456,0.5639679500659693,0.37376999741526906,0.12478108168019413
ADE_val_00000271,ade20k_resnest_semantic_cityscapes_0_00_dropout_pu,0.09233404825924141,0.3361839618036091,0.0,0.0,0.0,0.0,0.1264256697103326,0.16304423545890617,0.20970895488729097,0.276617938002718,0.3504154764066675,0.2793594579632209,0.22072858734523224,0.16618136097656028,0.15076381161197136,0.16382726635854733,0.09233404825924142
ADE_val_00001160,ade20k_resnest_semantic_cityscapes_0_00_dropout_pu,0.057353348572707206,0.3465420103756126,0.0,0.0,0.0,0.0,0.08017200443994175,0.10718554113072327,0.1558554266455624,0.2360792902526682,0.42005692743499323,0.3609596020388332,0.24969846670462947,0.16375444053306162,0.13834021059188664,0.142390816761823,0.057353348572707206
ADE_val_00000455,ade20k_resnest_semantic_cityscapes_0_00_dropout_pu,0.1820775696991082,0.44147669063380435,0.5425973015037976,0.7077317321072831,0.0,0.0,0.25887371559347455,0.3469677149446446,0.44012377733287716,0.5200970538203745,0.6705137954182215,0.6364988127733788,0.5862813916398941,0.5382869219990528,0.5109318324464802,0.3218649822164704,0.18207756969910827
ADE_val_00001921,ade20k_resnest_semantic_cityscapes_0_00_dropout_pu,0.1449236098263388,0.4682382727703871,0.5657785992677323,0.707022325672658,0.0,0.0,0.2023754215408809,0.26691906628044143,0.36836651057535075,0.5418682233929577,0.6932289614945363,0.6430506294186757,0.555465715759539,0.48764429049542085,0.4395819091411194,0.2932302229036152,0.14492360982633878
ADE_val_00000267,ade20k_resnest_semantic_cityscapes_0_00_dropout_pu,0.08200584319898847,0.3739964862715232,0.5797433360898482,0.0,0.0,0.0,0.11500200265091297,0.1537227107405026,0.21427537680158285,0.319461039234012,0.6544000219612855,0.6126952522090883,0.46412494858804865,0.37038364873082236,0.3128215777084435,0.27558556727073213,0.08200584319898845
ADE_val_00001046,ade20k_resnest_semantic_cityscapes_0_00_dropout_pu,0.12612789203478855,0.3822081228057277,0.5279483360489294,0.0,0.0,0.0,0.1781102259543289,0.23402601451285437,0.30633303325923344,0.41209833732704065,0.5432576037113709,0.509383871279151,0.4325639917974349,0.34876201102578863,0.2717628689037508,0.2124923911115362,0.12612789203478858
ADE_val_00000832,ade20k_resnest_semantic_cityscapes_0_00_dropout_pu,0.04391045381364514,0.3677589551165469,0.5216933905247805,0.0,0.0,0.0,0.0609221525972373,0.0806352842807451,0.11676042832939658,0.21061246125694397,0.4413461433795942,0.40503177365023796,0.32503877198964093,0.21952512276682512,0.18414181347420072,0.21985857645110035,0.04391045381364513
ADE_val_00000660,ade20k_resnest_semantic_cityscapes_0_00_dropout_pu,0.11606666528113915,0.4010679061014587,0.5499591136991026,0.0,0.0,0.0,0.16490903343571986,0.2210236778519353,0.26990077351918607,0.3971010276190819,0.6432265677532931,0.5846062301900637,0.5110889740648823,0.3978813891524798,0.3538594058918109,0.3202076406755499,0.11606666528113913
ADE_val_00001230,ade20k_resnest_semantic_cityscapes_0_00_dropout_pu,0.20552264055760602,0.4042536587804654,0.5451685289546524,0.705911692792882,0.0,0.0,0.2833888035037459,0.3442152567900157,0.40788035025469677,0.4941241965907096,0.5975340436264783,0.5578647577987721,0.5271351483208275,0.4817503446517278,0.4395802388469436,0.32007235511377635,0.20552264055760602
ADE_val_00001208,ade20k_resnest_semantic_cityscapes_0_00_dropout_pu,0.038398624610060224,0.35149371219356984,0.0,0.0,0.0,0.0,0.05373700337422074,0.07337740080576059,0.11384730419447345,0.21024902039494092,0.40960592696577286,0.29532481257230353,0.20564571159257114,0.11423023894021668,0.09298793661548702,0.17596770139230727,0.03839862461006022
ADE_val_00000062,ade20k_resnest_semantic_cityscapes_0_00_dropout_pu,0.13199587480163857,0.4465682769168694,0.5716913910524875,0.7423357440159769,0.0,0.0,0.18559830190967824,0.24377650570495632,0.3228789484803759,0.4854612121551851,0.7130115445085886,0.6485381371263078,0.5103591339451586,0.443661716627149,0.4259946309234375,0.30554102722053733,0.13199587480163857
ADE_val_00001026,ade20k_resnest_semantic_cityscapes_0_00_dropout_pu,0.26466547300561377,0.41225591467972433,0.5735187968428116,0.7245648445954685,0.0,0.0,0.3296341724791316,0.375163377653682,0.4337265248282711,0.5331793621709906,0.7300016739860518,0.6863755268440773,0.6446440933132734,0.5407686960408956,0.4955942443133378,0.4194817549374944,0.2646654730056138
ADE_val_00001217,ade20k_resnest_semantic_cityscapes_0_00_dropout_pu,0.18844384758616375,0.34325362536116105,0.0,0.0,0.0,0.0,0.23287232989774279,0.2628640658314307,0.2958336921051131,0.34897134142275504,0.4448079090858592,0.40902132444285466,0.3679202392255689,0.26972653888140197,0.24596733090910142,0.1946180615934962,0.18844384758616378
ADE_val_00000756,ade20k_resnest_semantic_cityscapes_0_00_dropout_pu,0.08582897695066062,0.37441913384523484,0.5178291098749431,0.0,0.0,0.0,0.11705289906493459,0.14990035483861963,0.19557179821363077,0.2758279714409518,0.43693987160996806,0.3499519386460868,0.2771350192050352,0.19044327039394215,0.1609287694799995,0.1991856435904359,0.08582897695066061
ADE_val_00000526,ade20k_resnest_semantic_cityscapes_0_00_dropout_pu,0.14332292262205557,0.37556954784197843,0.5232893298337687,0.0,0.0,0.0,0.19730318286398604,0.24665992708057982,0.30567005276488063,0.3962484281374115,0.545106606564561,0.4959973916384994,0.4270262045786452,0.3873940811604069,0.35955963207501346,0.27130214783114115,0.1433229226220555
ADE_val_00001184,ade20k_resnest_semantic_cityscapes_0_00_dropout_pu,0.04038817757985615,0.3763900994172484,0.5250193835984757,0.0,0.0,0.0,0.054722968323321526,0.07186575181279128,0.10784784763401174,0.2059433828345906,0.4923337124270756,0.36809250463688364,0.24721128089817454,0.1611687149653866,0.12389404880116717,0.11463825500424656,0.04038817757985615
ADE_val_00001640,ade20k_resnest_semantic_cityscapes_0_00_dropout_pu,0.038154012839792834,0.3861979547337003,0.5534746700411105,0.0,0.0,0.0,0.05316731516596417,0.071363270897705,0.10883549813534475,0.2397577182630226,0.4253889558576971,0.38820197039010007,0.3389825952735964,0.174445521269629,0.1241094589030279,0.24002565363543182,0.03815401283979282
ADE_val_00001452,ade20k_resnest_semantic_cityscapes_0_00_dropout_pu,0.10241432360816492,0.4723924423349296,0.594413284844916,0.7376653547476159,0.0,0.0,0.14290529614162964,0.1914230214083329,0.28086249923080986,0.4936732551917747,0.7786479739470458,0.7624306320527853,0.7189437749918777,0.6083523700162323,0.5643445262705312,0.3451562163065173,0.10241432360816495
ADE_val_00001495,ade20k_resnest_semantic_cityscapes_0_00_dropout_pu,0.2017218593130861,0.5135261355678907,0.6025875195731109,0.738639967488674,0.0,0.0,0.28268264910714463,0.3697193853270363,0.5013219415883815,0.641468042614883,0.7944858197880685,0.7581885872547687,0.726798175024436,0.6645233167258957,0.6281341416230751,0.4371845020097298,0.20172185931308612
ADE_val_00000609,ade20k_resnest_semantic_cityscapes_0_00_dropout_pu,0.1695198090058829,0.4248131313133967,0.5406257095415474,0.0,0.0,0.0,0.23882662900655277,0.31542851747679956,0.4102112862840085,0.5019512983194602,0.5943835326911633,0.5784758470335963,0.5387011050367653,0.45227809348754344,0.4339325039382054,0.3105857245810745,0.16951980900588284
ADE_val_00001948,ade20k_resnest_semantic_cityscapes_0_00_dropout_pu,0.3269291503385642,0.43450277795992087,0.5669326645342763,0.7100874534959993,0.0,0.0,0.41937417092939,0.4626682878707103,0.5144597374833494,0.5927665632935899,0.7018290510521149,0.6762229900168036,0.6458439317379379,0.5361617487216312,0.507164725492062,0.35899101273929407,0.3269291503385641
ADE_val_00001822,ade20k_resnest_semantic_cityscapes_0_00_dropout_pu,0.10514161983452777,0.3884705604653473,0.5435075656352463,0.0,0.0,0.0,0.14696988088672452,0.19431653482113992,0.26760651283443926,0.40005739010009206,0.6201590765426338,0.5922594268268726,0.5493305463681074,0.3404944451188638,0.2923900428895531,0.27171592782949505,0.10514161983452776
ADE_val_00000192,ade20k_resnest_semantic_cityscapes_0_00_dropout_pu,0.22673196971809023,0.3480009187688284,0.5042350057617598,0.0,0.0,0.0,0.2963336898946372,0.3299582799430451,0.3560650050631672,0.3941216141865844,0.44998011072910643,0.42870351640083443,0.40094366121504116,0.3840157261421913,0.359594041960094,0.2639626034838199,0.22673196971809018
ADE_val_00000922,ade20k_resnest_semantic_cityscapes_0_00_dropout_pu,0.053625204866512954,0.3699482771810485,0.540156388523026,0.0,0.0,0.0,0.07541733430685467,0.10243014204853133,0.1516495683276994,0.25140644041397264,0.5702551842967103,0.52931644862382,0.4128800081053586,0.24090828509619075,0.18504265892440214,0.13586702148156318,0.05362520486651293
ADE_val_00001248,ade20k_resnest_semantic_cityscapes_0_00_dropout_pu,0.04967659767056483,0.35410768409391463,0.0,0.0,0.0,0.0,0.06894970813263498,0.09259540243689292,0.13809636763549238,0.23498755414660455,0.39505635270562484,0.3322587108330757,0.22607475711882635,0.1264235902031641,0.10878938393813901,0.18313200917291464,0.04967659767056482
ADE_val_00000020,ade20k_resnest_semantic_cityscapes_0_00_dropout_pu,0.18459580523235258,0.400228739951549,0.5753127201667114,0.7366422762732665,0.0,0.0,0.25288613806975274,0.3054720494960499,0.3670032752315799,0.47302830318895356,0.7057614857684681,0.628688351675009,0.5378687456293446,0.3813249836486902,0.3167177757010316,0.364429486949144,0.18459580523235264
ADE_val_00000906,ade20k_resnest_semantic_cityscapes_0_00_dropout_pu,0.060126238752216954,0.3584025809873757,0.5025866216937666,0.0,0.0,0.0,0.08503307330025159,0.11680552762198762,0.18279903719477622,0.30221611687905264,0.47458861941592645,0.4470298107969199,0.3998087604527965,0.3151923584501052,0.2980240289895918,0.15347548472225697,0.06012623875221695
ADE_val_00000748,ade20k_resnest_semantic_cityscapes_0_00_dropout_pu,0.1656969808257509,0.44280304035673357,0.5478768266630825,0.0,0.0,0.0,0.2299772125980206,0.2983626375195263,0.39474394227560405,0.5201772217153307,0.6269732733509233,0.5890173484162617,0.5295341521230571,0.38428234833284625,0.3424792052987518,0.3371291402154733,0.16569698082575088
ADE_val_00001318,ade20k_resnest_semantic_cityscapes_0_00_dropout_pu,0.11240881294070856,0.506176172064093,0.6442912632582107,0.7512592985451183,0.0,0.0,0.15915711666494878,0.21507585475216565,0.3005679235653039,0.5008529886522012,0.8423028746909437,0.8271557518383428,0.77263512118392,0.6869532575945533,0.6214621580415496,0.4174166920040493,0.11240881294070856
ADE_val_00000109,ade20k_resnest_semantic_cityscapes_0_00_dropout_pu,0.10617141542748805,0.35377018879782474,0.5399567405060451,0.0,0.0,0.0,0.14992527731625663,0.19032677074812546,0.21949367925247848,0.27205260207928117,0.5261229737793225,0.4239334858967293,0.3175102977005492,0.25103984259712775,0.22903659862895506,0.11589727059742674,0.10617141542748809
ADE_val_00000198,ade20k_resnest_semantic_cityscapes_0_00_dropout_pu,0.03960474288293683,0.4703584377514611,0.596403512713038,0.7147667304905063,0.0,0.0,0.0555026868718253,0.07520411595063699,0.11719850456403368,0.25842706122786635,0.72191610833015,0.7052062299339635,0.6305829916522531,0.37182046858349976,0.30348357277908244,0.37725091591889803,0.03960474288293683
ADE_val_00000108,ade20k_resnest_semantic_cityscapes_0_00_dropout_pu,0.02565689950020334,0.3218737811373062,0.0,0.0,0.0,0.0,0.035785888309054444,0.048405519672335584,0.0757380999357241,0.162714011716818,0.2790386346776385,0.21681510503988313,0.10333025152906221,0.04912581402779529,0.041187593674596915,0.08488312415450197,0.02565689950020334
ADE_val_00001730,ade20k_resnest_semantic_cityscapes_0_00_dropout_pu,0.23124254859827026,0.38479506229935173,0.5502938673076164,0.0,0.0,0.0,0.2902476471829287,0.32558868122226936,0.3722545762135433,0.45930848493082543,0.6052451387743681,0.5505057906746997,0.4760356067545046,0.4005162466750297,0.35495765116692407,0.3444554528663769,0.23124254859827023
ADE_val_00001084,ade20k_resnest_semantic_cityscapes_0_00_dropout_pu,0.1981092242964251,0.3987860871775186,0.5581545906146734,0.0,0.0,0.0,0.2770432731552877,0.33587221920352284,0.3938576590458418,0.4863456563291742,0.6872942207069767,0.6747820114267,0.6302063883328008,0.538683030071317,0.5220108073059243,0.2875304313302228,0.19810922429642505
ADE_val_00001182,ade20k_resnest_semantic_cityscapes_0_00_dropout_pu,0.06884583422254788,0.3548236573097033,0.5042476032299674,0.0,0.0,0.0,0.09429460224392411,0.12270033891996453,0.17213655869143615,0.28157310204096053,0.45088609827881787,0.3973301431384244,0.3232332333161956,0.2666577846324563,0.20928192458974862,0.16042201883155804,0.06884583422254789
ADE_val_00000738,ade20k_resnest_semantic_cityscapes_0_00_dropout_pu,0.2979534168935325,0.3997480131838333,0.5367925039496511,0.0,0.0,0.0,0.36920977057490106,0.4064975278055914,0.44611421672486506,0.508685150761527,0.5970211736926764,0.5602968438060164,0.5013247397121822,0.4266925846325934,0.4045343908050456,0.3709697958638233,0.2979534168935325
ADE_val_00001194,ade20k_resnest_semantic_cityscapes_0_00_dropout_pu,0.07653252274360807,0.39105104279635605,0.538197036643783,0.0,0.0,0.0,0.10422093957049602,0.13443014973008113,0.1842756883913027,0.2914601018359293,0.5899125753608946,0.5228872258641377,0.43452871817268557,0.3224881413540197,0.2620924037891581,0.23100345731445046,0.07653252274360807
ADE_val_00001399,ade20k_resnest_semantic_cityscapes_0_00_dropout_pu,0.22026794641878716,0.5540220648217605,0.6456480746644355,0.7413966101137276,0.0,0.0,0.3127166501443443,0.4171814672389071,0.5719902359498077,0.7102154868514596,0.8418876302585434,0.8065579090970947,0.7584147602242934,0.7229565967966666,0.701011218077322,0.541333911767814,0.22026794641878714
ADE_val_00000074,ade20k_resnest_semantic_cityscapes_0_00_dropout_pu,0.07749543647522344,0.37388200066086114,0.5453653373283432,0.0,0.0,0.0,0.10956620290675868,0.14805716017761233,0.19156389015591063,0.27227276756685764,0.5742582842671133,0.5381528075637103,0.3680147842541821,0.20276824365443172,0.18552638997252463,0.1540701414608781,0.07749543647522344
ADE_val_00000283,ade20k_resnest_semantic_cityscapes_0_00_dropout_pu,0.05652955959053735,0.31945108249578225,0.0,0.0,0.0,0.0,0.0782413196516962,0.10261943781746381,0.1387410920087938,0.18637144115552698,0.3210043881652617,0.30929710749868783,0.25427794722174335,0.1783481632228229,0.16399497691467918,0.09386607553963028,0.05652955959053735
ADE_val_00001596,ade20k_resnest_semantic_cityscapes_0_00_dropout_pu,0.2896998924830258,0.40774273062085625,0.5781473857604142,0.7279631069194198,0.0,0.0,0.35312271960404984,0.3947832867616794,0.44834945215241095,0.5526688705362376,0.7609970666980095,0.7139263347027751,0.6421787424659777,0.5749954901883553,0.5554356870020861,0.5825256262320293,0.2896998924830257
ADE_val_00000276,ade20k_resnest_semantic_cityscapes_0_00_dropout_pu,0.12673590422859135,0.44500121808124676,0.5745423209731841,0.7044228975186165,0.0,0.0,0.1739723135538576,0.22640381410954474,0.3005902330294518,0.463541344628316,0.6754116016022177,0.6595990478848763,0.6308605946779074,0.3883974226631829,0.327101094508929,0.29811961197125303,0.12673590422859132
ADE_val_00000274,ade20k_resnest_semantic_cityscapes_0_00_dropout_pu,0.12647789631096293,0.3626610156825308,0.5377297604211592,0.0,0.0,0.0,0.1740309668080294,0.21717879061839385,0.2627733308401383,0.3393575032814134,0.5669468355306487,0.5249602896778887,0.4403555130291097,0.29487401761846177,0.272816228333058,0.18170332918987656,0.12647789631096296
ADE_val_00001255,ade20k_resnest_semantic_cityscapes_0_00_dropout_pu,0.11989153915375766,0.3647212262756187,0.5249960266748152,0.0,0.0,0.0,0.16299057769262346,0.20070491927703293,0.24955652429730002,0.34041853535896616,0.5330727431367781,0.5069002083345323,0.4431636427558082,0.33332913301950434,0.30233844444451136,0.24312082974946153,0.11989153915375769
ADE_val_00001071,ade20k_resnest_semantic_cityscapes_0_00_dropout_pu,0.0679017327823017,0.372799752549606,0.5363009988785472,0.0,0.0,0.0,0.0941075020534687,0.12478651858033883,0.17075264822101788,0.27465924222337235,0.5128728632189713,0.3816425206485626,0.274903464572439,0.17027735936486746,0.16324978988693334,0.1297107485412456,0.06790173278230169
ADE_val_00001043,ade20k_resnest_semantic_cityscapes_0_00_dropout_pu,0.19046433347545133,0.38522316578388405,0.5279838137512307,0.0,0.0,0.0,0.23747375691966752,0.2733686420111443,0.32383471208928083,0.41859684811453635,0.5577014563068855,0.5070403624246735,0.43290623970068987,0.2818900290739835,0.2571784969107078,0.34155706074325903,0.1904643334754513
ADE_val_00000053,ade20k_resnest_semantic_cityscapes_0_00_dropout_pu,0.0660917864422338,0.3563501821282046,0.5179247826363862,0.0,0.0,0.0,0.09219471039850675,0.12177934069741243,0.17198942744066528,0.2610955116828001,0.4922229581987974,0.466148754605981,0.3238895816955704,0.2389466181532819,0.22715186734021464,0.17679086730140142,0.06609178644223379
ADE_val_00001259,ade20k_resnest_semantic_cityscapes_0_00_dropout_pu,0.14092099457368437,0.34791571088995743,0.5130961054874192,0.0,0.0,0.0,0.18648137599760073,0.22334381148421203,0.26339024529365973,0.32455656481924466,0.4842621112847511,0.37698562108912315,0.32221040365779474,0.22225366910868094,0.20527952583989695,0.21753822943975526,0.1409209945736844
ADE_val_00000098,ade20k_resnest_semantic_cityscapes_0_00_dropout_pu,0.06980943308281937,0.4126121688134347,0.5246793733795507,0.0,0.0,0.0,0.0991097772966046,0.13577651669702928,0.20187105084480786,0.34982040217295146,0.5635290027512809,0.5172067702064238,0.4866690082290455,0.4051270038594885,0.3659872923367518,0.26531241238067177,0.06980943308281937
ADE_val_00000512,ade20k_resnest_semantic_cityscapes_0_00_dropout_pu,0.08257290574964278,0.38688095001493383,0.5457164020239748,0.0,0.0,0.0,0.11434600074606079,0.15213022412149924,0.2192338751666937,0.3423962941959528,0.5664480466875612,0.525112391854,0.39920460539568153,0.2765846817554475,0.2582249854546798,0.2635879016911357,0.0825729057496428
ADE_val_00001091,ade20k_resnest_semantic_cityscapes_0_00_dropout_pu,0.08949515083738482,0.35829994576101953,0.5142349877320499,0.0,0.0,0.0,0.12304460210368082,0.15948124270137246,0.21749209772024966,0.31452212276068425,0.5193560777876364,0.49956031965376546,0.40475402078430134,0.3129844154367758,0.2969893996807041,0.17429348786962998,0.0894951508373848
ADE_val_00001648,ade20k_resnest_semantic_cityscapes_0_00_dropout_pu,0.19919650667935437,0.4408522720752479,0.581994294335576,0.7094985802350812,0.0,0.0,0.2758347896954466,0.33208062000189126,0.41193671394547354,0.549035806742739,0.6761752765409256,0.6404937945736415,0.5746316260140191,0.5141845502212035,0.4279763129501652,0.41830658027267686,0.1991965066793544
ADE_val_00000540,ade20k_resnest_semantic_cityscapes_0_00_dropout_pu,0.1305220947486802,0.3821238926759685,0.5437615728742479,0.0,0.0,0.0,0.17676989642436758,0.22340403385420632,0.28842333120361174,0.39096673792900427,0.6087188476893965,0.5672993154270908,0.521409176591926,0.3669407716147134,0.32695076093899145,0.22090969754460166,0.1305220947486802
ADE_val_00001818,ade20k_resnest_semantic_cityscapes_0_00_dropout_pu,0.056718716844078795,0.4249461050687325,0.5651267119608953,0.0,0.0,0.0,0.07758026351562934,0.10277446848458313,0.15591178505095563,0.31604999291102653,0.6431836640359798,0.6283912626916327,0.5887430786640413,0.4372396799381537,0.3336618563477079,0.31513032071263863,0.05671871684407884
ADE_val_00000745,ade20k_resnest_semantic_cityscapes_0_00_dropout_pu,0.2068467736722236,0.3873934223651335,0.6117998359466226,0.7196776230528047,0.0,0.0,0.2687753791757079,0.31554382978009726,0.36844249299509935,0.4671016737004821,0.7127298565546163,0.6997720113011936,0.5424630258538141,0.4162806177464875,0.3625829158594736,0.3800482336847736,0.20684677367222354
ADE_val_00000965,ade20k_resnest_semantic_cityscapes_0_00_dropout_pu,0.14448697390272305,0.3999571825160428,0.5417116424231706,0.0,0.0,0.0,0.19989425784677733,0.2529958968373431,0.32408656592818424,0.4383051359680097,0.6192977427947707,0.5774123555633675,0.5109803078461421,0.42213507035030906,0.4235883671173079,0.274946731391218,0.14448697390272308
ADE_val_00000682,ade20k_resnest_semantic_cityscapes_0_00_dropout_pu,0.1359096286187315,0.4052427333752601,0.561834657750862,0.701536041316895,0.0,0.0,0.18906312625733093,0.24144742282284098,0.3042793884290786,0.42671274093973804,0.6153554228129969,0.479751434161015,0.31033631096991693,0.25993592008123967,0.24016574958671458,0.2591926361334009,0.13590962861873152
ADE_val_00001017,ade20k_resnest_semantic_cityscapes_0_00_dropout_pu,0.31794792142994627,0.4603790763331498,0.565401649705418,0.7404196992282034,0.0,0.0,0.4110278554526268,0.47104710700735797,0.5272266507490799,0.6009965210558524,0.7701855558029298,0.6991454556999345,0.6508083045676959,0.6142590895409255,0.6056573695711909,0.42754777246728726,0.3179479214299462
ADE_val_00000471,ade20k_resnest_semantic_cityscapes_0_00_dropout_pu,0.060466061099060685,0.35570528208945906,0.5449328917892863,0.0,0.0,0.0,0.08502194807788951,0.11450618051937998,0.1684752346090035,0.27280907000882787,0.5253838314285602,0.3942819918366323,0.2977046861332098,0.23248126994962895,0.21370561899929175,0.1738707779610238,0.060466061099060685
ADE_val_00001888,ade20k_resnest_semantic_cityscapes_0_00_dropout_pu,0.301564718800982,0.4456197841678258,0.5773231354555891,0.7143999273527958,0.0,0.0,0.39259392207831834,0.45030576030610603,0.5123595604445306,0.6055870194910608,0.7080230765228022,0.6688608794734927,0.6187469478498523,0.5415078972675732,0.5056620585719322,0.42800302907522186,0.301564718800982
ADE_val_00000887,ade20k_resnest_semantic_cityscapes_0_00_dropout_pu,0.08187995628338342,0.3616919106436636,0.5147945980135075,0.0,0.0,0.0,0.11272314711398225,0.1459068139692799,0.1964379867156324,0.2959350158771452,0.4905143425305452,0.43376013371571753,0.32998173993824326,0.18178316090715696,0.18471267212800396,0.1763068505296917,0.08187995628338342
ADE_val_00000004,ade20k_resnest_semantic_cityscapes_0_00_dropout_pu,0.07493664207006213,0.38593458117964163,0.5381926431441313,0.0,0.0,0.0,0.10585155574845809,0.1445801168721476,0.20885926085999226,0.3452442858352526,0.5711206030026303,0.46378390374895523,0.40997946687894254,0.34528002641598404,0.32440457892912317,0.26090988973956036,0.07493664207006212
ADE_val_00000860,ade20k_resnest_semantic_cityscapes_0_00_dropout_pu,0.04792392739888539,0.3522699259143142,0.5253467166827781,0.0,0.0,0.0,0.06688107113037647,0.09060610812935566,0.13758531217800943,0.23488424123678212,0.4791289732127486,0.3915547786429551,0.2723164073480403,0.21592514876379515,0.20610649701545117,0.1598422142737655,0.04792392739888538
ADE_val_00001448,ade20k_resnest_semantic_cityscapes_0_00_dropout_pu,0.15366219197315747,0.4153427703481687,0.560458146021004,0.707106064848076,0.0,0.0,0.21379667328425692,0.270006497972886,0.34420383551081263,0.4699665041396439,0.6986631500313719,0.669457927973818,0.5846276384066416,0.48228949040687286,0.4375163203633003,0.3385759890823468,0.1536621919731575
ADE_val_00000947,ade20k_resnest_semantic_cityscapes_0_00_dropout_pu,0.11693699540801453,0.44080663212089344,0.5638728232319621,0.7053886825514323,0.0,0.0,0.16512217327197085,0.22087857710318307,0.3030392541675923,0.47154775452411707,0.6650136718041613,0.6370773043346536,0.6021973313156529,0.5144176237171294,0.49563737692153337,0.33181250562780484,0.11693699540801453
ADE_val_00001853,ade20k_resnest_semantic_cityscapes_0_00_dropout_pu,0.08077823809679069,0.35535893142199665,0.521099298858297,0.0,0.0,0.0,0.11128453569010283,0.14459470646538383,0.18837199473426705,0.27256210492445443,0.48818223069715144,0.46989501551505924,0.3210341492192292,0.25090238149880156,0.21772076841489496,0.20539053317378647,0.08077823809679072
ADE_val_00001663,ade20k_resnest_semantic_cityscapes_0_00_dropout_pu,0.13555618397399835,0.42182130469524737,0.5645397254305301,0.7182600917932905,0.0,0.0,0.18956972892278084,0.2495629003005669,0.3380034837186854,0.47800807719603366,0.7331787040788973,0.7139071570499465,0.6239308412580629,0.49199339516165785,0.4239596022630015,0.3587168211139806,0.13555618397399838
ADE_val_00001007,ade20k_resnest_semantic_cityscapes_0_00_dropout_pu,0.22446463884012552,0.4270048783074455,0.565533581500922,0.0,0.0,0.0,0.3047790892244855,0.363751313298054,0.4332864002192847,0.5486056086019662,0.6737147124044189,0.6573194008784013,0.6325431638910778,0.6108850648438573,0.578289928280444,0.3688224933921785,0.22446463884012557
ADE_val_00000467,ade20k_resnest_semantic_cityscapes_0_00_dropout_pu,0.06866995775735722,0.42325544156702466,0.5687557767281866,0.0,0.0,0.0,0.09587781364646443,0.12939876461896455,0.19922310260531115,0.3658139484628144,0.6598706187276726,0.6270013143159209,0.6033848702278083,0.4852588229544649,0.3969488425482741,0.24351113734236,0.06866995775735721
ADE_val_00001172,ade20k_resnest_semantic_cityscapes_0_00_dropout_pu,0.09789096011382777,0.39995207664035215,0.5344817752103677,0.0,0.0,0.0,0.13773549622796452,0.18669086788496125,0.2679683133421942,0.40252993175647106,0.6281040021125835,0.5528839432210078,0.5365734679112113,0.44776762346573123,0.40573040801761195,0.25387331633701965,0.09789096011382774
ADE_val_00001533,ade20k_resnest_semantic_cityscapes_0_00_dropout_pu,0.06833236089863624,0.3740506374056541,0.6036348605401104,0.0,0.0,0.0,0.09573823767658954,0.12901182000275413,0.18113731891869406,0.27134780238710454,0.539950951261614,0.416109802036558,0.38360394936291065,0.2728277320814925,0.21028279995721624,0.1921786324003909,0.0683323608986363
ADE_val_00001706,ade20k_resnest_semantic_cityscapes_0_00_dropout_pu,0.2580526898931664,0.48397033266553074,0.5858356605620371,0.7222437001684061,0.0,0.0,0.3546663542200265,0.43987736729024435,0.5299507199087151,0.6300370346375944,0.7623926296903591,0.7488193995424713,0.7060741022614948,0.6500270116117184,0.6246148680366832,0.4778584567496994,0.2580526898931663
ADE_val_00000494,ade20k_resnest_semantic_cityscapes_0_00_dropout_pu,0.182204878442163,0.42099710251881084,0.5762984892073643,0.734456598832311,0.0,0.0,0.2554070570027956,0.3137797545199174,0.3804766547968777,0.5086500673722018,0.6388133532203574,0.6273252357876231,0.5923253668407822,0.40584831599292753,0.32695433503075466,0.4329851812386908,0.18220487844216302
ADE_val_00001412,ade20k_resnest_semantic_cityscapes_0_00_dropout_pu,0.03716989671302558,0.3165290130007112,0.0,0.0,0.0,0.0,0.05204024703716406,0.07125120415953587,0.11471027894209562,0.22196636663936448,0.3022337503747793,0.2496511820976754,0.19494684813636737,0.14072779628573243,0.12332859406725667,0.11121756954355425,0.03716989671302557
ADE_val_00001159,ade20k_resnest_semantic_cityscapes_0_00_dropout_pu,0.14663655558464686,0.3896970934449479,0.546836112431153,0.0,0.0,0.0,0.20239114671826497,0.24493036368729876,0.2920995042087859,0.38631305072965616,0.596846929176282,0.46195449703672564,0.2981434466722912,0.2618485355839314,0.2471161735704458,0.25022962436113944,0.14663655558464683
ADE_val_00001773,ade20k_resnest_semantic_cityscapes_0_00_dropout_pu,0.14355933846185984,0.3710202680399755,0.5093876943119255,0.0,0.0,0.0,0.19650343163291434,0.2460137466991682,0.30408695195976243,0.3946327551068212,0.5061242253482039,0.4847211884828752,0.4132189404373583,0.32775837661623103,0.291089288251786,0.227605770803413,0.1435593384618598
ADE_val_00000597,ade20k_resnest_semantic_cityscapes_0_00_dropout_pu,0.07052487116725671,0.38943826703558554,0.5276581090636,0.0,0.0,0.0,0.09723341820859902,0.1283137796986766,0.18459298677638555,0.29933537689425094,0.5598744022818175,0.5190417224217023,0.433542393905081,0.2957221744203416,0.24440831557672604,0.2254629692805857,0.07052487116725671
