uq_map_name,dataset_name,mean,above_threshold_mean_0.3,above_threshold_mean_0.5,above_threshold_mean_0.7,above_threshold_mean_0.9,above_threshold_mean_0.95,above_quantile_mean_0.3,above_quantile_mean_0.5,above_quantile_mean_0.7,above_quantile_mean_0.9,above_quantile_mean_fg_ratio,patch_aggregation_10,patch_aggregation_20,patch_aggregation_40,patch_aggregation_80,patch_aggregation_100,"class_mean_w_equal_weights_configurable_{'include_background': False, 'ignore_index': 0}","class_mean_weighted_by_occurrence_configurable_{'include_background': False, 'ignore_index': 0}"
glas_2_TILE_0,joint_noise_lizard_semantic_glas_set_softmax_pu_1_00,0.17629064619541168,0.4188064693301519,0.5654139681841046,0.711962890625,0.0,0.0,0.24451225155553744,0.31616342003721326,0.4016060935277157,0.498658101018328,0.46516449766642465,0.49260253906250007,0.36404541015625,0.28418121337890623,0.24071899414062506,0.21404331054687503,0.4363843262720017,0.3743367108334115
glas_2_TILE_1,joint_noise_lizard_semantic_glas_set_softmax_pu_1_00,0.1607920229434967,0.42313172951722755,0.5673359875801282,0.7187174479166667,0.0,0.0,0.22332278307838896,0.29431639315496144,0.39110071473189306,0.49731709107727134,0.4746485547727893,0.46274902343750013,0.3955676269531249,0.32296691894531243,0.22241462707519533,0.20462402343750002,0.44465827636183597,0.3877799778299693
glas_2_TILE_2,joint_noise_lizard_semantic_glas_set_softmax_pu_1_00,0.17310108244419098,0.42186930558686503,0.5745478895591207,0.7221919825819673,0.0,0.0,0.2394776758805226,0.31010444972826084,0.39962994047921535,0.5013522148277237,0.47509730050804017,0.5786376953125003,0.407164306640625,0.30745697021484375,0.2330540466308594,0.216119287109375,0.44129783291918817,0.3834454684893389
glas_2_TILE_4,joint_noise_lizard_semantic_glas_set_softmax_pu_1_00,0.17600595206022263,0.41978671852761174,0.5658745052613174,0.7154715401785714,0.0,0.0,0.24411850339515584,0.31661644725305726,0.40521900769228325,0.4994744965171901,0.4781502343919358,0.492431640625,0.40503173828125,0.29668579101562487,0.2542975616455079,0.22121875000000005,0.4682485601258368,0.3894371013684796
glas_2_TILE_5,joint_noise_lizard_semantic_glas_set_softmax_pu_1_00,0.17078939080238342,0.42001951965324785,0.5656602097331389,0.7134375,0.0,0.0,0.23746986581654014,0.3096120622293712,0.39987358044790344,0.4985332268712006,0.4765210176051071,0.5032568359375,0.391380615234375,0.278558349609375,0.2303042602539063,0.2052322265625,0.44761853446473765,0.387125642181546
glas_2_TILE_6,joint_noise_lizard_semantic_glas_set_softmax_pu_1_00,0.17548783868551254,0.42068289472266907,0.5637718939012096,0.70849609375,0.0,0.0,0.2437506562663111,0.31594659752114124,0.4050489497918256,0.5011368658746951,0.48288098518911754,0.47930664062500006,0.392196044921875,0.31574920654296873,0.2550862121582032,0.23041904296875004,0.45541223837236877,0.3984187629760882
glas_6_TILE_0,joint_noise_lizard_semantic_glas_set_softmax_pu_1_00,0.23876579850912094,0.4052349232147548,0.5510846480582524,0.0,0.0,0.0,0.3208944785778275,0.3803560747545467,0.43228154830193705,0.48495480171990635,0.43922015651998214,0.5869287109375001,0.4406005859375,0.3882037353515625,0.3172274017333984,0.29313657226562495,0.41771970599166697,0.34603280822491483
glas_6_TILE_1,joint_noise_lizard_semantic_glas_set_softmax_pu_1_00,0.2818889543414116,0.4158652662608412,0.5509800589352623,0.7238221460459183,0.0,0.0,0.3671160587365474,0.4177567731295384,0.45856448938412336,0.4972081087764384,0.46435413926449315,0.62744140625,0.482421875,0.4497640991210938,0.41427482604980476,0.40347236328125013,0.4428127120936198,0.3645304436028492
glas_6_TILE_2,joint_noise_lizard_semantic_glas_set_softmax_pu_1_00,0.2731238529086113,0.4126117874106361,0.5633480504823549,0.7218976702008929,0.0,0.0,0.35842084733966045,0.40967481847629683,0.45370455499646445,0.5016537133988139,0.4447722790181549,0.631806640625,0.45043945312499994,0.41582275390625,0.36877227783203126,0.354895654296875,0.42571695206381827,0.36262183501723405
glas_6_TILE_4,joint_noise_lizard_semantic_glas_set_softmax_pu_1_00,0.21134688705205917,0.4051478412037754,0.5473186859036377,0.71025390625,0.0,0.0,0.2899708908763569,0.35608170546095397,0.4185312579254375,0.48027352671094703,0.43542839409614065,0.48779785156249994,0.431641845703125,0.38706512451171876,0.3205986785888672,0.30340268554687505,0.39283235051857796,0.34999794926743205
glas_6_TILE_5,joint_noise_lizard_semantic_glas_set_softmax_pu_1_00,0.22967570275068283,0.41459715454694845,0.5573870421974523,0.7189178466796875,0.0,0.0,0.3123280723808252,0.3784241812070938,0.438823791878583,0.5007155041698256,0.4497364277164938,0.6135302734375001,0.4363488769531249,0.39466583251953125,0.3040216064453125,0.28222651367187496,0.42500466797396474,0.3664512118688004
glas_6_TILE_6,joint_noise_lizard_semantic_glas_set_softmax_pu_1_00,0.23257523030042648,0.4131790697384185,0.5653578515353921,0.71044921875,0.0,0.0,0.31404669522439804,0.3775133910864657,0.4371242959457914,0.49822578041926174,0.44383598440253913,0.5802246093750001,0.42771972656249985,0.40527923583984377,0.3590523529052735,0.32631611328125004,0.42127676746722453,0.35302774728822317
glas_21_TILE_0,joint_noise_lizard_semantic_glas_set_softmax_pu_1_00,0.21025840193033218,0.41068677385057795,0.5617646316002155,0.7115885416666666,0.0,0.0,0.28962060867125705,0.3565882222697579,0.422906813420518,0.4905164192413076,0.4495301123234217,0.4955810546875001,0.43378173828125,0.3933908081054687,0.32089035034179697,0.26736865234375,0.42655782230800254,0.35039247914630745
glas_21_TILE_1,joint_noise_lizard_semantic_glas_set_softmax_pu_1_00,0.22837629169225693,0.4129813331199246,0.5607001439884809,0.70751953125,0.0,0.0,0.3096451439383834,0.3727540611228232,0.4339718542047648,0.4962012580597611,0.4581571222058875,0.49583984375,0.41370849609374993,0.35683837890625,0.2748532867431641,0.271133203125,0.49180087666680306,0.3523562598823294
glas_21_TILE_2,joint_noise_lizard_semantic_glas_set_softmax_pu_1_00,0.1947743520140648,0.4097792954692962,0.5552542950803981,0.714599609375,0.0,0.0,0.269171358503444,0.3356634357269233,0.408355073268206,0.48732847346437813,0.4614307769278136,0.5142529296875001,0.4385144042968749,0.3810934448242187,0.3128617095947266,0.300944775390625,0.4129045817393189,0.3693489316690875
glas_21_TILE_4,joint_noise_lizard_semantic_glas_set_softmax_pu_1_00,0.2215573638677597,0.41080210070547435,0.5610868863049095,0.7182904411764706,0.0,0.0,0.3023113000675558,0.3664270798006722,0.4291052107919649,0.4916090439917595,0.4513686244897702,0.5179541015625,0.42701293945312485,0.36873809814453123,0.3208708190917969,0.2987213378906251,0.45566856591583893,0.34488297102215076
glas_21_TILE_5,joint_noise_lizard_semantic_glas_set_softmax_pu_1_00,0.22593450546264648,0.41355716002955056,0.5575031280517578,0.7089468149038461,0.0,0.0,0.309217490673927,0.37546916799089997,0.4365293437277648,0.4948695150033906,0.4749180085621155,0.5995996093750001,0.45150634765625,0.4065008544921875,0.33583198547363297,0.30966645507812507,0.46363502831610914,0.37730222411526276
glas_21_TILE_6,joint_noise_lizard_semantic_glas_set_softmax_pu_1_00,0.16874635964632034,0.4139562752800249,0.5538925265673524,0.7160295758928571,0.0,0.0,0.23329923697582922,0.30095988839217647,0.3882165773480751,0.4826148212482856,0.4737099261731392,0.5170751953125001,0.424862060546875,0.36248382568359383,0.24013404846191405,0.21737885742187504,0.4327780342572114,0.3836648233854234
glas_24_TILE_0,joint_noise_lizard_semantic_glas_set_softmax_pu_1_00,0.1516345590353012,0.41008394985538654,0.5595116301729025,0.703125,0.0,0.0,0.21073063707973508,0.2789406211674259,0.37374327368426075,0.47272755527162325,0.45551927420683824,0.5254980468750001,0.40659423828125,0.2923980712890625,0.2369895935058594,0.2210748046875,0.4498919582597143,0.347333175428092
glas_24_TILE_1,joint_noise_lizard_semantic_glas_set_softmax_pu_1_00,0.15182749927043915,0.4162339853087212,0.5633427819540334,0.7172407670454546,0.0,0.0,0.2098972375906858,0.277379563940417,0.3729637743847825,0.4811736824048397,0.4423915673390383,0.53486328125,0.40613525390625,0.33083648681640626,0.24028045654296876,0.22528115234375004,0.4525027780595612,0.34369096871882376
glas_24_TILE_3,joint_noise_lizard_semantic_glas_set_softmax_pu_1_00,0.11374075710773468,0.4096666618597139,0.5574938500216263,0.713623046875,0.0,0.0,0.15756616786743324,0.21736581833940635,0.3207646940239752,0.4526311371170553,0.4533053243101524,0.4592431640625,0.36739501953125,0.31364501953125,0.21626083374023441,0.19497690429687503,0.43148935144218303,0.34967039134726496
glas_24_TILE_4,joint_noise_lizard_semantic_glas_set_softmax_pu_1_00,0.13586555421352386,0.41740311435274075,0.5612836695429104,0.7236328125,0.0,0.0,0.18972397501769162,0.25785468428595915,0.36128351916368,0.4784379472579239,0.4460514823221368,0.5006494140625001,0.39416748046875,0.3044369506835938,0.24877624511718754,0.226655419921875,0.4185104334565568,0.3615196744028702
glas_50_TILE_0,joint_noise_lizard_semantic_glas_set_softmax_pu_1_00,0.18666523694992065,0.4080729271117439,0.546215676981409,0.714111328125,0.0,0.0,0.25884122720999736,0.32712288815939927,0.40241428778423527,0.480312925044704,0.4329277026939207,0.5215869140624999,0.42843017578125,0.3469873046875,0.30099632263183596,0.278309814453125,0.36134702704861016,0.33543045953970174
glas_50_TILE_1,joint_noise_lizard_semantic_glas_set_softmax_pu_1_00,0.1057974323630333,0.41418503801484674,0.5635474747147303,0.70361328125,0.0,0.0,0.14117298123493638,0.2073558480769085,0.317820430317316,0.45897159588024955,0.4611362815840145,0.5431201171875,0.410390625,0.3360150146484374,0.20984848022460942,0.18854267578125006,0.4037292556363002,0.3786777140811949
glas_50_TILE_3,joint_noise_lizard_semantic_glas_set_softmax_pu_1_00,0.13861817866563797,0.40449509358918184,0.5492542613636363,0.7156575520833334,0.0,0.0,0.19466010264042338,0.2648300986139912,0.3565881962443462,0.4569861103839857,0.42121297077633685,0.555791015625,0.4278918457031249,0.38940673828125,0.2794507598876954,0.25379887695312503,0.4350105743011802,0.3091488821279749
glas_50_TILE_4,joint_noise_lizard_semantic_glas_set_softmax_pu_1_00,0.1304045394062996,0.4135447267920094,0.5779128236103274,0.7224772135416667,0.0,0.0,0.18292349685336182,0.25091195519814613,0.35388467160734255,0.47009845890410956,0.4383039462078371,0.5924609375,0.4316394042968751,0.3462872314453124,0.29922164916992194,0.25898671875000007,0.43393292972719266,0.34485142047588646
glas_32_TILE_0,joint_noise_lizard_semantic_glas_set_softmax_pu_1_00,0.17666541039943695,0.42695640156849696,0.5718834837941009,0.7185021033653847,0.0,0.0,0.24157133101587638,0.30963509952047497,0.3999009292332664,0.5105718413162289,0.4527282667654051,0.5630712890625001,0.3804821777343749,0.28805511474609363,0.224295654296875,0.214507275390625,0.4564462548389752,0.35702948722449257
glas_32_TILE_1,joint_noise_lizard_semantic_glas_set_softmax_pu_1_00,0.1588183343410492,0.4236103246587877,0.5612640238387021,0.7252452761627907,0.0,0.0,0.21892077942744603,0.28278067206784246,0.3739818985235521,0.4937137604341363,0.45114743618363445,0.4999609375000001,0.3619396972656249,0.2677059936523438,0.21113182067871095,0.18755380859375,0.4073055382822047,0.3535639745949289
glas_32_TILE_2,joint_noise_lizard_semantic_glas_set_softmax_pu_1_00,0.17199847102165222,0.4244311182876507,0.5609744477537052,0.7123325892857143,0.0,0.0,0.23646284415034474,0.30446989429712973,0.394940690554165,0.5024827018248937,0.4629644287861121,0.546240234375,0.41976074218749987,0.2857958984375,0.23592399597167976,0.21362607421875,0.4399506760911941,0.3683917203096642
glas_32_TILE_4,joint_noise_lizard_semantic_glas_set_softmax_pu_1_00,0.18241386115550995,0.4348367995657879,0.5763761501610452,0.7200581564832089,0.0,0.0,0.24987630491980722,0.32008362095309356,0.4133542070054596,0.5291541557928223,0.47251327588600567,0.5522021484375,0.40166015625,0.29004119873046874,0.21930572509765625,0.20786064453125006,0.4623412225179736,0.38822261355355847
glas_32_TILE_5,joint_noise_lizard_semantic_glas_set_softmax_pu_1_00,0.16160067170858383,0.42030235033356744,0.557820000244906,0.713134765625,0.0,0.0,0.22206581852765991,0.2868979871273041,0.37632297506762075,0.4895917903467791,0.44314314217403017,0.50197265625,0.3816943359374999,0.26795684814453125,0.2173316192626953,0.193823486328125,0.42594944410430435,0.3564079014775669
glas_32_TILE_6,joint_noise_lizard_semantic_glas_set_softmax_pu_1_00,0.1690652146935463,0.4292693474383524,0.5691378627931436,0.718033161569149,0.0,0.0,0.23320554860128442,0.30169529558260644,0.39517223859838085,0.5119929535478109,0.4731268550687101,0.5697998046875,0.409898681640625,0.34846710205078124,0.25843162536621095,0.219505419921875,0.4366504552232244,0.38493110534341574
glas_34_TILE_0,joint_noise_lizard_semantic_glas_set_softmax_pu_1_00,0.20039841532707214,0.4089138121476817,0.5644304052888407,0.7321975295608109,0.0,0.0,0.2739134187574834,0.33851825772408717,0.40907955271540103,0.4878387635234469,0.4505989709872044,0.5740771484375,0.42610473632812484,0.3738394165039062,0.2818909454345704,0.25268271484375,0.4616350367766213,0.37731125870240323
glas_34_TILE_1,joint_noise_lizard_semantic_glas_set_softmax_pu_1_00,0.19791730493307114,0.41118158984171865,0.5549298865120836,0.7127278645833334,0.0,0.0,0.2705039531154738,0.33561048499546325,0.4086344665800376,0.49054614842201555,0.45288404606940363,0.5525537109375,0.4011376953125,0.38420166015625,0.2796365356445313,0.25219970703125,0.42403636092089814,0.35767624882547594
glas_34_TILE_2,joint_noise_lizard_semantic_glas_set_softmax_pu_1_00,0.19418394565582275,0.40584396005852885,0.5602152588879049,0.0,0.0,0.0,0.2666172350169463,0.33302041004010247,0.4052331361811344,0.4810235847040723,0.4406009798618476,0.5308691406250001,0.43830078124999994,0.384915771484375,0.2879796600341797,0.2565501953125,0.41708932437490753,0.3434358420370194
glas_34_TILE_4,joint_noise_lizard_semantic_glas_set_softmax_pu_1_00,0.18088559061288834,0.41482611907526495,0.562794046073978,0.7209250710227273,0.0,0.0,0.248199168474651,0.31298524770830793,0.39528769242258605,0.48895337833668745,0.457283029282829,0.5587207031250001,0.4277124023437499,0.32398254394531245,0.23091323852539067,0.217878125,0.4743715458014051,0.3845063970330056
glas_34_TILE_5,joint_noise_lizard_semantic_glas_set_softmax_pu_1_00,0.20051473379135132,0.40895459996570444,0.5377922798170194,0.7099609375,0.0,0.0,0.27721175968039585,0.3472055070748421,0.41733804097232813,0.4794792696138057,0.45565943396602704,0.4775634765625001,0.45008056640625,0.388426513671875,0.2953816986083984,0.27257197265625,0.4401737586183187,0.3588538312782059
glas_34_TILE_6,joint_noise_lizard_semantic_glas_set_softmax_pu_1_00,0.13221263140439987,0.40606519136859465,0.557671875,0.7184361049107143,0.0,0.0,0.1845255971306301,0.2464198119614534,0.3388649535983886,0.45474255204381636,0.44395471154938954,0.47357421875000016,0.39904052734375,0.2975973510742187,0.20757896423339844,0.202020166015625,0.4048062783493447,0.33664442316591975
glas_41_TILE_0,joint_noise_lizard_semantic_glas_set_softmax_pu_1_00,0.1791721135377884,0.4026055913104422,0.5310475419207317,0.7130533854166666,0.0,0.0,0.24699110417845793,0.3119380780415713,0.388923164220808,0.4659873132668131,0.42400710000363057,0.45655761718750015,0.4182080078125,0.35187774658203125,0.2784177398681641,0.234408251953125,0.41506220306120245,0.3260316511870367
glas_41_TILE_1,joint_noise_lizard_semantic_glas_set_softmax_pu_1_00,0.18491438031196594,0.40680658315414214,0.5596278001583458,0.0,0.0,0.0,0.254569123308327,0.31852231407793635,0.39470941572359397,0.4749041160687052,0.4216039822440848,0.569033203125,0.409833984375,0.3498602294921875,0.26549797058105473,0.24675864257812505,0.4297458275587427,0.32252224981490624
glas_41_TILE_2,joint_noise_lizard_semantic_glas_set_softmax_pu_1_00,0.18602469563484192,0.4016579196416253,0.5316416248933447,0.0,0.0,0.0,0.2540680994970873,0.31867397301487177,0.3929525707656576,0.4669798969733242,0.420335261636244,0.4989453125,0.419715576171875,0.3514935302734375,0.2952272033691407,0.271581884765625,0.3463376192237059,0.3249959265954036
glas_41_TILE_4,joint_noise_lizard_semantic_glas_set_softmax_pu_1_00,0.18110714852809906,0.40721973769476427,0.5678662386807528,0.7249603271484375,0.0,0.0,0.2495318750034037,0.31520965778213383,0.39361986615655986,0.4757489212841186,0.4319765729756406,0.5600390625,0.442659912109375,0.3734793090820312,0.2560062408447266,0.23240126953125004,0.39942044068277266,0.3421551422574627
glas_41_TILE_5,joint_noise_lizard_semantic_glas_set_softmax_pu_1_00,0.15288442373275757,0.40839973366080085,0.5486443988347458,0.712646484375,0.0,0.0,0.21039487670935636,0.26996266679842273,0.3576626817589091,0.4632557751038649,0.4500143286338273,0.4821435546875,0.4300927734375,0.3697369384765625,0.27503433227539065,0.23430751953125004,0.4621329479795677,0.379919978577092
glas_41_TILE_6,joint_noise_lizard_semantic_glas_set_softmax_pu_1_00,0.14658880233764648,0.4001252949598074,0.5307534427966102,0.0,0.0,0.0,0.20239577006204784,0.26030207328798716,0.3444480909576362,0.44964116798125287,0.4399632705409595,0.46662109375000005,0.4263989257812499,0.37167572021484374,0.218696517944336,0.20207221679687504,0.40713519940095694,0.34756107058520724
glas_55_TILE_0,joint_noise_lizard_semantic_glas_set_softmax_pu_1_00,0.15673895180225372,0.4064527585122591,0.5347065403388689,0.0,0.0,0.0,0.21710164891131925,0.2798656277648118,0.3653181370680894,0.4638308261303192,0.47231175928251734,0.48225585937500015,0.4430554199218749,0.36269866943359375,0.2994841003417969,0.275389208984375,0.3895772413277901,0.3519587590144231
glas_55_TILE_1,joint_noise_lizard_semantic_glas_set_softmax_pu_1_00,0.15387298166751862,0.40410981079792135,0.5322385976012324,0.0,0.0,0.0,0.21612284197202028,0.28335208862557976,0.37292811729787073,0.4618946903520516,0.45190219480319804,0.4742529296875,0.451558837890625,0.36907379150390623,0.29412071228027353,0.267287060546875,0.37314363075694845,0.32817534385393565
glas_55_TILE_2,joint_noise_lizard_semantic_glas_set_softmax_pu_1_00,0.1780218854546547,0.40253740143212013,0.5298540669102823,0.7228190104166666,0.0,0.0,0.2480625941449329,0.31359465808403203,0.3894903897439805,0.4661563035918445,0.4408440858557763,0.4841650390625,0.439300537109375,0.3688876342773437,0.3087850952148438,0.2852631347656251,0.376901281813653,0.3298609313150143
glas_55_TILE_4,joint_noise_lizard_semantic_glas_set_softmax_pu_1_00,0.19417601823806763,0.40495293658041764,0.5456762368546845,0.7060546875,0.0,0.0,0.26848459460598745,0.3346122907434174,0.40546210627889695,0.4747434057183275,0.46047222481977695,0.554287109375,0.416781005859375,0.35344024658203127,0.2954294586181641,0.2798615234375,0.4399053392021289,0.3453765769518498
glas_55_TILE_5,joint_noise_lizard_semantic_glas_set_softmax_pu_1_00,0.16561871021986008,0.4070299438014984,0.5277046535326086,0.0,0.0,0.0,0.23378269920099393,0.3088142886262206,0.3950928416851969,0.4700505483248403,0.4573255169061383,0.4788671874999999,0.446903076171875,0.39441925048828125,0.31207603454589844,0.26421357421875,0.40570716234485626,0.33695713488609647
glas_55_TILE_6,joint_noise_lizard_semantic_glas_set_softmax_pu_1_00,0.0850791335105896,0.4025022454859974,0.5411137599571079,0.0,0.0,0.0,0.11829839704534952,0.16087151187845514,0.23665915515573457,0.39482927634710585,0.46018958830885004,0.4616845703125,0.41352172851562485,0.3098388671875,0.21024024963378912,0.166470361328125,0.42987344594596344,0.3557408253496186
glas_22_TILE_0,joint_noise_lizard_semantic_glas_set_softmax_pu_1_00,0.16344919055700302,0.4177268557052058,0.5588746789383562,0.71827392578125,0.0,0.0,0.2277407822048158,0.3007903104290448,0.39512060715624364,0.4911415111674886,0.4757777418041207,0.5380712890625,0.39926513671874986,0.3338827514648437,0.24428787231445315,0.22575766601562505,0.440135339898039,0.3917097184338607
glas_22_TILE_1,joint_noise_lizard_semantic_glas_set_softmax_pu_1_00,0.15593118220567703,0.4203535898104944,0.560149961732939,0.7236328125,0.0,0.0,0.2170505891435155,0.2876752403186984,0.3859275680142385,0.4919746994917771,0.4721037895887581,0.49471679687500014,0.37354370117187485,0.3100830078124999,0.2269800567626954,0.20163603515625003,0.44162525363884575,0.3890879456426056
glas_22_TILE_2,joint_noise_lizard_semantic_glas_set_softmax_pu_1_00,0.15923064947128296,0.4190433811884092,0.5683341393103967,0.7205255681818182,0.0,0.0,0.22204718266047352,0.2897508862750175,0.38186310006699603,0.4903448266616458,0.4777085934536604,0.49744628906250016,0.386859130859375,0.2776763916015625,0.23276428222656254,0.20929033203125,0.4651491945174032,0.38890198881612253
glas_22_TILE_4,joint_noise_lizard_semantic_glas_set_softmax_pu_1_00,0.17626087367534637,0.4147551786815021,0.5649033539870689,0.7168511284722222,0.0,0.0,0.2453675873228833,0.32004911746140113,0.40431993637639024,0.490024710416036,0.4518001642031905,0.5050341796875,0.40422363281249996,0.2989593505859375,0.2460349273681641,0.21752148437500005,0.4146402620311665,0.3587275910192926
glas_22_TILE_5,joint_noise_lizard_semantic_glas_set_softmax_pu_1_00,0.17356820404529572,0.41904117224091475,0.5600021087724936,0.7182413736979166,0.0,0.0,0.2412497531937829,0.31575518847602635,0.40579278488213416,0.4977985308262228,0.47146484179863124,0.5052197265624999,0.40290771484375,0.3086798095703125,0.255283203125,0.22967041015625,0.4754370501215077,0.3925476715793624
glas_22_TILE_6,joint_noise_lizard_semantic_glas_set_softmax_pu_1_00,0.16165287047624588,0.41830029257070295,0.572923981741573,0.7286249416977612,0.0,0.0,0.22646151368973738,0.2976338239078225,0.39074650560310864,0.4917780407649962,0.47569083738761386,0.5006689453125001,0.371337890625,0.27114959716796877,0.22606178283691414,0.218437451171875,0.4741940099628305,0.39276174470822955
glas_15_TILE_0,joint_noise_lizard_semantic_glas_set_softmax_pu_1_00,0.20322658866643906,0.4078960600908722,0.5515365170518602,0.7369068287037037,0.0,0.0,0.27869327852668846,0.3456318698217065,0.41443737527328656,0.48250879767311494,0.4351665065642011,0.5201660156250001,0.430396728515625,0.3829302978515625,0.2740018463134766,0.26642929687499994,0.39337235680167937,0.32436691335081475
glas_15_TILE_1,joint_noise_lizard_semantic_glas_set_softmax_pu_1_00,0.17948681116104126,0.4169789447459889,0.5662338439211902,0.7193603515625,0.0,0.0,0.25014156133532756,0.31994141101633516,0.40269626790844604,0.49920397160171104,0.48222936963221547,0.6052685546875,0.40413940429687495,0.3135040283203125,0.2609609222412109,0.24147802734375,0.48439699851754936,0.3697476881844402
glas_15_TILE_2,joint_noise_lizard_semantic_glas_set_softmax_pu_1_00,0.1944374516606331,0.4116869723636811,0.5761200483320698,0.7177393713662791,0.0,0.0,0.267165305590917,0.3344173847492372,0.40945351604184665,0.4911534313024409,0.4520115630410493,0.556279296875,0.4239355468749999,0.36954376220703117,0.25548645019531246,0.22628354492187505,0.5076948427001011,0.33724860359949765
glas_15_TILE_4,joint_noise_lizard_semantic_glas_set_softmax_pu_1_00,0.19825727492570877,0.4062926665388708,0.5370211226851852,0.0,0.0,0.0,0.27022261942345793,0.33646707674352133,0.40786477294748147,0.477162083917475,0.4415545254246843,0.5469628906250001,0.43219970703125,0.3737103271484375,0.2863439178466798,0.25545146484375003,0.36342411507423034,0.32553986698748116
glas_15_TILE_5,joint_noise_lizard_semantic_glas_set_softmax_pu_1_00,0.1955760344862938,0.41472402598656566,0.556794251950662,0.7235483022836539,0.0,0.0,0.2712771058503081,0.34168844249775127,0.41771533946700506,0.4946748865621203,0.4723953176504231,0.5554101562500001,0.421949462890625,0.3695608520507811,0.27920677185058596,0.272256298828125,0.5203781297050862,0.35412155914759236
glas_15_TILE_6,joint_noise_lizard_semantic_glas_set_softmax_pu_1_00,0.1171305775642395,0.41155082746721083,0.5636318957790091,0.7301974826388888,0.0,0.0,0.1658356641654685,0.22618513225840847,0.3261170319957855,0.45663407705362563,0.44462824709566456,0.5041845703125002,0.3773303222656249,0.33696563720703115,0.2609557342529298,0.24871582031250006,0.43633227655677864,0.3237720746064785
glas_35_TILE_0,joint_noise_lizard_semantic_glas_set_softmax_pu_1_00,0.16164914518594742,0.43252063400247015,0.5770128418653576,0.7164713541666666,0.0,0.0,0.22523424481435697,0.2960651212868274,0.3979231357210928,0.5167916726122527,0.48361957232644204,0.5528857421875,0.417779541015625,0.292525634765625,0.2453883361816407,0.2159251953125,0.4791901177185758,0.4082349889418658
glas_35_TILE_1,joint_noise_lizard_semantic_glas_set_softmax_pu_1_00,0.14082667231559753,0.42102514937708124,0.5657678215088344,0.7195172991071429,0.0,0.0,0.19649427202012804,0.26115079977296274,0.35933236498863463,0.4836897831131824,0.4459849908365347,0.4839501953125,0.379091796875,0.27632720947265615,0.20234214782714846,0.19595473632812505,0.4170792508935827,0.35226021490858717
glas_35_TILE_2,joint_noise_lizard_semantic_glas_set_softmax_pu_1_00,0.12528254091739655,0.4167301931608232,0.5613705996929026,0.726318359375,0.0,0.0,0.17431788784637184,0.23380881246567295,0.33685679862169715,0.46801210645677693,0.45284585179316683,0.4906689453125,0.3827001953124999,0.24997802734374996,0.18764266967773438,0.17345170898437504,0.4420357299466234,0.3566385790778151
glas_35_TILE_4,joint_noise_lizard_semantic_glas_set_softmax_pu_1_00,0.15926135331392288,0.446601413354263,0.5732362328506098,0.7160204277663934,0.0,0.0,0.22113869781460918,0.2904443870975725,0.3936333305018545,0.5323859465565893,0.4965296918091113,0.5410205078125001,0.39622314453125,0.29811859130859364,0.22219436645507817,0.20589179687500003,0.4728894950346064,0.42409260643941366
glas_35_TILE_5,joint_noise_lizard_semantic_glas_set_softmax_pu_1_00,0.12915576249361038,0.4206461130359463,0.5705564805327868,0.70849609375,0.0,0.0,0.1798537441101603,0.24055615489708743,0.3408288479311703,0.47641896657120564,0.43881055044706363,0.5530615234375,0.38955810546875,0.25222198486328123,0.20690887451171874,0.18168779296875,0.43466095007182887,0.33454049379770995
glas_35_TILE_6,joint_noise_lizard_semantic_glas_set_softmax_pu_1_00,0.14237892627716064,0.41908483244040573,0.5638070184581565,0.7092633928571429,0.0,0.0,0.1980914670017911,0.2616966283796127,0.3570371009456715,0.4806428969478738,0.4400648973388905,0.4636279296875,0.35782958984374985,0.2598309326171875,0.22023162841796876,0.192834716796875,0.41229489980811534,0.34393345504009165
glas_39_TILE_0,joint_noise_lizard_semantic_glas_set_softmax_pu_1_00,0.2645438611507416,0.4114078052062755,0.5297814289122137,0.0,0.0,0.0,0.3514975497422161,0.4061881133633491,0.44901399088376803,0.4872675380179864,0.44303431116944764,0.5147412109375,0.45378784179687487,0.42848876953125,0.37908378601074216,0.3459,0.44222997927555396,0.36670946995856357
glas_39_TILE_1,joint_noise_lizard_semantic_glas_set_softmax_pu_1_00,0.27566884458065033,0.41352269135834246,0.5458389428307223,0.7121853298611112,0.0,0.0,0.3629869571984807,0.41352269135834246,0.45529475036029,0.4952968347052997,0.45570321090873056,0.5518505859375,0.45050170898437486,0.4229742431640625,0.37186027526855475,0.35831953125,0.4658390365693977,0.3699566728030749
glas_39_TILE_3,joint_noise_lizard_semantic_glas_set_softmax_pu_1_00,0.17441149055957794,0.40483539943673263,0.5450626076911027,0.0,0.0,0.0,0.24454895185466383,0.32999683663451274,0.4070454934995683,0.4733458069228719,0.4264896754762168,0.543525390625,0.43024658203125,0.4016302490234375,0.3714034271240234,0.34924545898437503,0.4080404125607465,0.33343847471178145
glas_39_TILE_4,joint_noise_lizard_semantic_glas_set_softmax_pu_1_00,0.15759601444005966,0.4148822104476866,0.5640375131735704,0.7159142127403846,0.0,0.0,0.22287786467374793,0.2974311154569462,0.39030782924645707,0.4849313276998942,0.4461404965463175,0.5879150390625,0.470728759765625,0.3885693359375,0.3248031616210938,0.299421044921875,0.38640381515315103,0.3729130288828974
glas_43_TILE_0,joint_noise_lizard_semantic_glas_set_softmax_pu_1_00,0.18853600323200226,0.43537892923176724,0.5642601457503733,0.7186153017241379,0.0,0.0,0.26015242505402125,0.33234670507288105,0.4229755495626683,0.531943889015844,0.4862053356316052,0.51744140625,0.3941748046875,0.297685546875,0.24323616027832035,0.233749853515625,0.44122975447334956,0.42702242342625507
glas_43_TILE_1,joint_noise_lizard_semantic_glas_set_softmax_pu_1_00,0.1679004579782486,0.42890859220514127,0.5676249654314159,0.7202690972222222,0.0,0.0,0.23218913696938442,0.30232210056631037,0.39652149449173524,0.5120188766442366,0.4894085097369842,0.5268701171875,0.40270874023437486,0.33934539794921875,0.2856312561035157,0.25930161132812507,0.4622927456968074,0.41400743612813573
glas_43_TILE_2,joint_noise_lizard_semantic_glas_set_softmax_pu_1_00,0.13369086384773254,0.4372518882909751,0.5675053741309916,0.70987548828125,0.0,0.0,0.18915152860857198,0.2547043063611645,0.3572682372389349,0.5037998887663523,0.5080120421378057,0.5559130859375001,0.39808105468749994,0.28030395507812494,0.2296085357666016,0.219301123046875,0.4795571954615079,0.4340895336507682
glas_43_TILE_4,joint_noise_lizard_semantic_glas_set_softmax_pu_1_00,0.049039535224437714,0.43442387810261,0.5602952860169491,0.72314453125,0.0,0.0,0.05881188971586725,0.08250252776605006,0.15491422344049058,0.35362541209183285,0.47479929154252437,0.5360986328125,0.324215087890625,0.23301208496093748,0.17759147644042972,0.15642128906250002,0.4343791885378194,0.4120504566699783
glas_43_TILE_5,joint_noise_lizard_semantic_glas_set_softmax_pu_1_00,0.02879403531551361,0.44712975874415434,0.5771689839882426,0.70703125,0.0,0.0,0.03715010708518721,0.04517406253123929,0.06421428284319458,0.161613333958021,0.6058312618371212,0.48970214843750015,0.39690917968749995,0.27851776123046873,0.13668670654296877,0.096901416015625,0.5389868550558702,0.5244917436079546
glas_43_TILE_6,joint_noise_lizard_semantic_glas_set_softmax_pu_1_00,0.036450594663619995,0.3772786458333333,0.0,0.0,0.0,0.0,0.04333915027047809,0.049781265797037816,0.0625184819819256,0.09818514790632521,0.455078125,0.16472656250000003,0.124952392578125,0.07828369140625,0.05821006774902344,0.052207568359375,0.0,0.0
glas_48_TILE_0,joint_noise_lizard_semantic_glas_set_softmax_pu_1_00,0.20695800334215164,0.4052480888666754,0.5386063249143835,0.7081705729166666,0.0,0.0,0.28614958121801504,0.3563958651669766,0.41950263787649456,0.47755013296364873,0.4399613453151843,0.4942919921875,0.43930908203125,0.3777639770507812,0.3027357482910157,0.283041552734375,0.44066228102420024,0.33226822527597943
glas_48_TILE_1,joint_noise_lizard_semantic_glas_set_softmax_pu_1_00,0.24677131325006485,0.4103599431209476,0.5564888219790091,0.713984375,0.0,0.0,0.32790925970010787,0.3853790439550805,0.4395088959361015,0.49520611436796896,0.45189920846107956,0.5546533203125001,0.427808837890625,0.40629974365234367,0.33050048828125,0.30552070312500007,0.43392984547176594,0.36101337348418416
glas_48_TILE_2,joint_noise_lizard_semantic_glas_set_softmax_pu_1_00,0.21328438818454742,0.40734226080100605,0.5588831445543093,0.70947265625,0.0,0.0,0.29090567446486554,0.3564611853968635,0.4200674658304608,0.4837446251553321,0.41893873426309663,0.5455810546875001,0.4442529296875,0.3717803955078125,0.3014227294921876,0.29520664062500007,0.42921216253710465,0.3266445938909421
glas_48_TILE_4,joint_noise_lizard_semantic_glas_set_softmax_pu_1_00,0.27202680706977844,0.4104366896182256,0.5563562225877193,0.7076590401785714,0.0,0.0,0.356689719119754,0.4062214437153697,0.4505684211507463,0.49607258495722434,0.44613039196839965,0.5763134765625001,0.44946044921875,0.39768768310546876,0.35301925659179695,0.32914428710937504,0.46668977598785155,0.3374025534627773
glas_48_TILE_5,joint_noise_lizard_semantic_glas_set_softmax_pu_1_00,0.24975986778736115,0.41422496461518243,0.5605322428204772,0.7124467329545454,0.0,0.0,0.332889754562014,0.39423261130932435,0.44751338435913707,0.5040051085841313,0.45266551611675815,0.5890283203125,0.44088745117187483,0.4263116455078125,0.3721213531494141,0.346806884765625,0.5054419261495655,0.3572944268482133
glas_48_TILE_6,joint_noise_lizard_semantic_glas_set_softmax_pu_1_00,0.255060113966465,0.4116035820741386,0.5661384191795822,0.7288523706896551,0.0,0.0,0.3348489317428296,0.3905938220292975,0.44352568285449373,0.5005694263627034,0.4338018597492092,0.6018310546875,0.44678955078125,0.40983367919921876,0.34182304382324225,0.318032666015625,0.5105577792458298,0.34179978747740625
glas_49_TILE_0,joint_noise_lizard_semantic_glas_set_softmax_pu_1_00,0.16583726555109024,0.4250514316436798,0.5680374096126618,0.7222237723214285,0.0,0.0,0.2274949267877188,0.2903109919126956,0.37827135539691914,0.5007690299608007,0.49907880660017134,0.49634765625,0.39402587890625,0.35553985595703125,0.2578258514404297,0.215102392578125,0.4830073887171037,0.4030807672916044
glas_49_TILE_1,joint_noise_lizard_semantic_glas_set_softmax_pu_1_00,0.1759229153394699,0.4321120658490406,0.5646157223300768,0.723643201462766,0.0,0.0,0.2429786719515681,0.3109668527907428,0.4041018800490296,0.5149037561827243,0.4862671150753152,0.5396679687500001,0.41932250976562485,0.3485968017578125,0.259188232421875,0.239623876953125,0.45613555316875865,0.40456645272891884
glas_49_TILE_2,joint_noise_lizard_semantic_glas_set_softmax_pu_1_00,0.1613960638642311,0.4381942201998102,0.5681590928686389,0.7146538628472222,0.0,0.0,0.223521663275863,0.290547710529628,0.3880021095614937,0.5187707681201477,0.49319706869541796,0.57232421875,0.41440185546875,0.3287777709960937,0.2192992401123047,0.2063723144531251,0.46366413031999876,0.41769307338961403
glas_49_TILE_4,joint_noise_lizard_semantic_glas_set_softmax_pu_1_00,0.17633912712335587,0.40704572429924596,0.5650986005675118,0.7177036830357143,0.0,0.0,0.24274778296450292,0.3054453739782224,0.3840179830677607,0.4745161994834397,0.444345258983717,0.536728515625,0.412545166015625,0.29701843261718747,0.2427203369140625,0.228047998046875,0.4731507417400475,0.33240840233387187
glas_49_TILE_5,joint_noise_lizard_semantic_glas_set_softmax_pu_1_00,0.15649603307247162,0.4171213635561468,0.5593330378310988,0.7091064453125,0.0,0.0,0.2167216647688888,0.27954801018514996,0.36913303436483946,0.48223478212359466,0.44700181919427273,0.5406640625000001,0.39278564453125,0.29495574951171877,0.22518531799316413,0.219479736328125,0.4415608005245517,0.3374446161159073
glas_49_TILE_6,joint_noise_lizard_semantic_glas_set_softmax_pu_1_00,0.14423781633377075,0.42425317788481215,0.5661147466170954,0.71624755859375,0.0,0.0,0.19951122260247947,0.25947103816398637,0.35344692983709175,0.4852745242235137,0.46070815408472443,0.513427734375,0.38840576171875,0.32415771484375,0.21235488891601567,0.19947763671875005,0.4796166910935607,0.34382784355701057
glas_23_TILE_0,joint_noise_lizard_semantic_glas_set_softmax_pu_1_00,0.24225272983312607,0.40397575009103254,0.5486551004129129,0.7222900390625,0.0,0.0,0.3278261415009965,0.38490772782172034,0.4335462775221194,0.481268999039047,0.42613954611212096,0.47426757812500014,0.4399633789062499,0.41348815917968745,0.3833524322509765,0.3731173339843751,0.4545242066834039,0.32283264524688643
glas_23_TILE_1,joint_noise_lizard_semantic_glas_set_softmax_pu_1_00,0.19521228224039078,0.40240560368762573,0.5538979524101307,0.7149939903846154,0.0,0.0,0.2635138126250734,0.32400116988426564,0.3923989950249784,0.47387453367986737,0.43618410516120143,0.525947265625,0.36848144531249993,0.32629394531249994,0.24038169860839845,0.22828950195312506,0.41793202989513617,0.3814619816183995
glas_23_TILE_2,joint_noise_lizard_semantic_glas_set_softmax_pu_1_00,0.21360772103071213,0.4072177487590253,0.5411929515239948,0.71630859375,0.0,0.0,0.29234584522996604,0.3581846842428075,0.4212331811486315,0.48273384897576843,0.4430088873288582,0.5320703125,0.426534423828125,0.4135699462890624,0.3549294281005859,0.3162351562500001,0.3723417706012856,0.33474892578125
glas_23_TILE_4,joint_noise_lizard_semantic_glas_set_softmax_pu_1_00,0.20185567438602448,0.4006373067017965,0.5336436396059783,0.7166015625,0.0,0.0,0.27773558812111804,0.3430619443285555,0.4071315107473965,0.47271360744446134,0.41577179823305016,0.46109375,0.4159643554687499,0.3681137084960937,0.28437095642089844,0.25030478515625004,0.37248189452811375,0.31179669857881226
glas_23_TILE_5,joint_noise_lizard_semantic_glas_set_softmax_pu_1_00,0.21243804693222046,0.4050365508973144,0.5496808519883204,0.7169300426136364,0.0,0.0,0.28666334078077704,0.3462864676177743,0.41089936978160585,0.48070780668129653,0.42070797396332354,0.5522412109375001,0.386441650390625,0.3555099487304687,0.28366394042968757,0.261542822265625,0.388146180252017,0.35233233362954186
glas_23_TILE_6,joint_noise_lizard_semantic_glas_set_softmax_pu_1_00,0.204434834420681,0.406218276682579,0.5581214541480655,0.0,0.0,0.0,0.2804748577674645,0.3463768159497928,0.4137004010089032,0.4831866608101261,0.43065174032218545,0.6067529296875002,0.45322998046875,0.379359130859375,0.31444389343261725,0.2847421875,0.4546943942775457,0.3329536523269561
glas_45_TILE_0,joint_noise_lizard_semantic_glas_set_softmax_pu_1_00,0.2255975678563118,0.4299772060655631,0.5648619269808827,0.7181919642857143,0.0,0.0,0.3082520892194169,0.37615733463279677,0.44935785482200935,0.5349154000785628,0.45906984659706407,0.5602001953125,0.4291015625,0.3406964111328125,0.27554031372070314,0.2664870605468751,0.4323377246414467,0.3729203449090808
glas_45_TILE_1,joint_noise_lizard_semantic_glas_set_softmax_pu_1_00,0.21862655133008957,0.42916739123272024,0.5706637547541429,0.7165195794753086,0.0,0.0,0.2964517761586467,0.36339504177121784,0.4393656827585549,0.5321807559725179,0.46155593107996096,0.520380859375,0.3817431640625,0.317257080078125,0.27329864501953127,0.25876376953125,0.43444498716158697,0.3706117408082531
glas_45_TILE_2,joint_noise_lizard_semantic_glas_set_softmax_pu_1_00,0.24707885086536407,0.42464641474819964,0.5619329227127798,0.7198061735733695,0.0,0.0,0.32657557385460445,0.3871853946749383,0.451885044133132,0.5304094042509853,0.47145529816261844,0.591826171875,0.474185791015625,0.34633148193359375,0.27355224609375,0.26693554687500004,0.42958852135365616,0.39649878943298156
glas_45_TILE_4,joint_noise_lizard_semantic_glas_set_softmax_pu_1_00,0.17300444841384888,0.42579363078430243,0.5652210007975378,0.7141845703125,0.0,0.0,0.2419808879548253,0.3167260511515163,0.4091299383706594,0.5125625845173701,0.4522024429158502,0.5646240234375,0.42471435546875,0.32724639892578117,0.28192550659179694,0.26151362304687503,0.4238523521769043,0.36204903951938466
glas_45_TILE_5,joint_noise_lizard_semantic_glas_set_softmax_pu_1_00,0.22190812230110168,0.43607817585718744,0.5693546565342755,0.711842606707317,0.0,0.0,0.3026747704486224,0.3742633702163601,0.45261555700488454,0.5452542083712466,0.4755148392544408,0.578828125,0.4191198730468749,0.3476333618164063,0.3016378021240234,0.29128164062500006,0.44002645499475873,0.3888080862065592
glas_45_TILE_6,joint_noise_lizard_semantic_glas_set_softmax_pu_1_00,0.25157275795936584,0.4206108494902681,0.557623833936768,0.71380615234375,0.0,0.0,0.3292131811953845,0.38728679893743906,0.44865711008082937,0.5197746849089077,0.47069539087249207,0.5808691406250002,0.449725341796875,0.35802337646484367,0.30521469116210936,0.3001666015625,0.4431822724287219,0.3788854487084078
glas_40_TILE_0,joint_noise_lizard_semantic_glas_set_softmax_pu_1_00,0.13033638149499893,0.41120991950573954,0.5623155752275313,0.7171912560096154,0.0,0.0,0.18135103892449025,0.24322325662855823,0.35157480940279545,0.46756299452982175,0.4458766535686318,0.5380615234375,0.43642944335937495,0.35644744873046874,0.2594783782958985,0.22501025390625,0.44533679312241603,0.3518846326621751
glas_40_TILE_1,joint_noise_lizard_semantic_glas_set_softmax_pu_1_00,0.22607415914535522,0.4211421506330984,0.5635516586230375,0.7242518833705357,0.0,0.0,0.30568324288922155,0.3698831039311379,0.4381999782268728,0.5204401314168183,0.4570895899411837,0.520458984375,0.42813232421875,0.33880889892578125,0.2820413208007813,0.256804248046875,0.43703201587188895,0.371075943835373
glas_40_TILE_2,joint_noise_lizard_semantic_glas_set_softmax_pu_1_00,0.20902260392904282,0.42995320846766605,0.5679462543729817,0.7132797241210938,0.0,0.0,0.2886515459048203,0.361154470544345,0.43951708666922745,0.5315178656559878,0.45990664431800854,0.57251953125,0.44493896484374995,0.34476715087890625,0.2758275604248048,0.2709970703125,0.43152358967120014,0.3743291167793309
glas_40_TILE_4,joint_noise_lizard_semantic_glas_set_softmax_pu_1_00,0.21251964569091797,0.42991029711262596,0.5647040888258584,0.7139204545454545,0.0,0.0,0.29153035415305456,0.36288158749542765,0.44053609759871765,0.5303710045797824,0.47161503759998297,0.5323291015625001,0.403524169921875,0.3661773681640625,0.28859336853027345,0.265000439453125,0.463096206202821,0.3838700265689985
glas_40_TILE_5,joint_noise_lizard_semantic_glas_set_softmax_pu_1_00,0.22082626074552536,0.4307011590785429,0.5692901363332946,0.7156941274578652,0.0,0.0,0.30190724422532145,0.37120675793402674,0.44628062117061573,0.5406692583703662,0.4859375872385171,0.5489062500000002,0.430723876953125,0.3182965087890624,0.28280265808105476,0.26893173828125,0.45099044107848585,0.4023658451640906
glas_40_TILE_6,joint_noise_lizard_semantic_glas_set_softmax_pu_1_00,0.20175834745168686,0.4332384584729987,0.5629910342452589,0.7095133463541666,0.0,0.0,0.2791404270237422,0.3535745493338289,0.4368760519577739,0.5309103164151481,0.46897289174339674,0.5391162109375,0.400927734375,0.3309756469726562,0.2852271270751954,0.271449169921875,0.44646756242385605,0.38080478495869863
glas_16_TILE_0,joint_noise_lizard_semantic_glas_set_softmax_pu_1_00,0.17583253979682922,0.4120590588496791,0.567191264526644,0.7253766741071429,0.0,0.0,0.24092617853468548,0.30925923920700316,0.396554292566271,0.4813717358732877,0.4650888382707663,0.4840234375,0.40688598632812484,0.3337350463867187,0.26802848815917973,0.24071123046875,0.3970322880629578,0.3721943152522297
glas_16_TILE_1,joint_noise_lizard_semantic_glas_set_softmax_pu_1_00,0.15238626301288605,0.4086686859451647,0.5477432006183155,0.0,0.0,0.0,0.2108470916748047,0.2756937725349137,0.36730617998698906,0.46785729579019486,0.4472616945298053,0.4899951171875002,0.399996337890625,0.3161776733398437,0.22378654479980473,0.20566787109375,0.425416500986453,0.351063064712961
glas_16_TILE_3,joint_noise_lizard_semantic_glas_set_softmax_pu_1_00,0.1305050253868103,0.4141205078271115,0.5540553763777555,0.7177036830357143,0.0,0.0,0.1825290350986382,0.24915531265687751,0.3572052886295755,0.47190584662110857,0.45889104666996783,0.4984375,0.43792724609375,0.34673248291015624,0.2700762939453125,0.23114345703125005,0.4354140786456347,0.3685221839837436
glas_16_TILE_4,joint_noise_lizard_semantic_glas_set_softmax_pu_1_00,0.14300274103879929,0.41383596291459857,0.5612217683180682,0.71142578125,0.0,0.0,0.2007708155023635,0.2730529811193552,0.3767643609505969,0.47946927257923205,0.44744894527905926,0.5074853515625,0.43390258789062486,0.385643310546875,0.26790153503417974,0.245353662109375,0.42631776571804286,0.3589325737557263
glas_53_TILE_0,joint_noise_lizard_semantic_glas_set_softmax_pu_1_00,0.22913454473018646,0.4066514970916213,0.5493669181034483,0.0,0.0,0.0,0.3042703138278458,0.3629794385956555,0.4230757975309933,0.48419669839650703,0.4364726895769942,0.5240917968750002,0.41322998046875,0.39449493408203123,0.334891357421875,0.302294091796875,0.429386170524767,0.33032060500261035
glas_53_TILE_1,joint_noise_lizard_semantic_glas_set_softmax_pu_1_00,0.1909526139497757,0.4073299728001799,0.566081843964041,0.7096354166666666,0.0,0.0,0.26115098456944835,0.3261887297409587,0.4011584660475804,0.47849547441587015,0.4411482799750902,0.5840869140625,0.46401733398437484,0.36281494140625,0.2894281005859375,0.273519677734375,0.4006049310548255,0.35806909575882306
glas_53_TILE_2,joint_noise_lizard_semantic_glas_set_softmax_pu_1_00,0.2238757386803627,0.40651267686827336,0.5592977834302325,0.7174153645833333,0.0,0.0,0.3028202527035156,0.36538818686760943,0.4249065978752605,0.4796303303423471,0.42259466645742627,0.5145947265624999,0.44713623046875,0.397904052734375,0.3138492584228516,0.2873181152343751,0.39236308753569665,0.3010528953212082
glas_53_TILE_4,joint_noise_lizard_semantic_glas_set_softmax_pu_1_00,0.19696012139320374,0.4085173542616693,0.5517785904255319,0.7095947265625,0.0,0.0,0.2683879749374456,0.33379274157598754,0.4076444830026304,0.47971111835592445,0.4349346975285559,0.5342724609375,0.43874145507812495,0.3763421630859375,0.2543260955810547,0.2428154296875,0.36046197288929843,0.3249547775726536
glas_53_TILE_5,joint_noise_lizard_semantic_glas_set_softmax_pu_1_00,0.17454009503126144,0.4081857850495064,0.5608478076955213,0.7282163558467742,0.0,0.0,0.23999988989413512,0.3056236691501251,0.38814641951253626,0.47374168851568405,0.43312316870586504,0.5418847656250001,0.44052001953124986,0.35384033203125,0.24264831542968757,0.221758837890625,0.4428476151601716,0.3413882699961627
glas_53_TILE_6,joint_noise_lizard_semantic_glas_set_softmax_pu_1_00,0.17425917834043503,0.4109128785402403,0.5554968369745575,0.709130859375,0.0,0.0,0.23819644196992207,0.3014211474329404,0.383825895183119,0.47889190762257894,0.4257289277784884,0.5000439453125002,0.380162353515625,0.3423895263671875,0.259647216796875,0.23452221679687504,0.41137689093339175,0.3424173715287947
glas_12_TILE_0,joint_noise_lizard_semantic_glas_set_softmax_pu_1_00,0.23328472673892975,0.421724234452374,0.5562394870341948,0.72119140625,0.0,0.0,0.31443591979957886,0.3782322199385065,0.44419078554550534,0.5229115615255172,0.4549777526959188,0.5711181640625002,0.4142834472656249,0.33808410644531245,0.30802703857421876,0.278096142578125,0.4216802986939675,0.37621850266247664
glas_12_TILE_1,joint_noise_lizard_semantic_glas_set_softmax_pu_1_00,0.2690434381365776,0.42383575115211963,0.5528944055275385,0.712939453125,0.0,0.0,0.3485761328193071,0.40393076819267154,0.4621368822637455,0.5321051939532905,0.46710214276103335,0.5667822265625001,0.4529797363281249,0.3862420654296875,0.30678802490234375,0.29992412109375005,0.44123993134537587,0.38179265641006627
glas_12_TILE_2,joint_noise_lizard_semantic_glas_set_softmax_pu_1_00,0.26452135294675827,0.41882364479108763,0.5475885206653226,0.7194010416666666,0.0,0.0,0.3394549580615922,0.39356531266190725,0.45134954218306017,0.5181253838340892,0.45188262567154563,0.5749414062500001,0.43692504882812494,0.33541351318359375,0.29825996398925786,0.2826619140625,0.40246474604064275,0.37444235962630834
glas_12_TILE_4,joint_noise_lizard_semantic_glas_set_softmax_pu_1_00,0.20899318158626556,0.4245656984661697,0.5671945263283322,0.7196742466517857,0.0,0.0,0.2873796858846175,0.36105475716302626,0.4366396547865451,0.5206760544851037,0.4569145225275872,0.555458984375,0.4109899902343749,0.32938995361328127,0.28476318359375,0.2696521972656251,0.4261964418626325,0.381737465433555
glas_12_TILE_5,joint_noise_lizard_semantic_glas_set_softmax_pu_1_00,0.21137578785419464,0.4220057049966665,0.5700144923830381,0.7157009548611111,0.0,0.0,0.29222260853708987,0.3668432758653553,0.4387988538944357,0.5162874240319706,0.458209656499097,0.5270751953125,0.40596557617187495,0.33445587158203127,0.30417472839355475,0.28933657226562504,0.4481389605539054,0.37027537342491096
glas_12_TILE_6,joint_noise_lizard_semantic_glas_set_softmax_pu_1_00,0.25207532942295074,0.42880921528447447,0.5635376250631455,0.7139867665816326,0.0,0.0,0.334247830211103,0.3952451276651274,0.4604975533610138,0.5399411538699073,0.4706604730146478,0.557470703125,0.4394140625,0.36684478759765626,0.2946924591064453,0.276260791015625,0.44568166973326095,0.3904177391653715
glas_56_TILE_0,joint_noise_lizard_semantic_glas_set_softmax_pu_1_00,0.20116351544857025,0.41115277195504885,0.5624019475786004,0.7129794034090909,0.0,0.0,0.2797930520066033,0.35394647190558404,0.42351687762625045,0.4880171112543773,0.45619683032217,0.5791162109375,0.438250732421875,0.4010565185546875,0.31658195495605473,0.27668974609375,0.45462350681183206,0.36651095599112427
glas_56_TILE_1,joint_noise_lizard_semantic_glas_set_softmax_pu_1_00,0.16769761592149734,0.4138095353514955,0.572034205129008,0.7227020263671875,0.0,0.0,0.23450258501090354,0.3094857770970495,0.39930162458398966,0.48430125381849576,0.46039279577697734,0.650380859375,0.43577026367187494,0.40433471679687494,0.359072265625,0.3130528320312501,0.42671571650524903,0.3723654564996075
glas_56_TILE_2,joint_noise_lizard_semantic_glas_set_softmax_pu_1_00,0.1521187573671341,0.4154051989589689,0.5622503328894807,0.7275390625,0.0,0.0,0.21356795626314762,0.28352339773748936,0.3777652161648766,0.4836492709840466,0.46342747988896443,0.54228515625,0.4258447265625,0.38960845947265627,0.30050354003906254,0.2581978027343751,0.40497869934381403,0.36484124884391006
glas_56_TILE_4,joint_noise_lizard_semantic_glas_set_softmax_pu_1_00,0.17909137159585953,0.41033489144348506,0.5663613974425887,0.7125172334558824,0.0,0.0,0.24838543764697557,0.3183749579691453,0.40144218551461247,0.48178854288835504,0.45552802007779597,0.52400390625,0.426624755859375,0.36856536865234374,0.2768494415283203,0.25278989257812506,0.47594440107673264,0.34882457685644724
glas_56_TILE_5,joint_noise_lizard_semantic_glas_set_softmax_pu_1_00,0.21068861335515976,0.42164553186576353,0.5640744070902874,0.711700439453125,0.0,0.0,0.28874821917454063,0.3618768491935299,0.4358840375346322,0.5077676056838871,0.4668989315936975,0.5561572265625001,0.44142700195312484,0.40568542480468744,0.3262971496582032,0.29435156250000005,0.46559036813537324,0.393134157335739
glas_56_TILE_6,joint_noise_lizard_semantic_glas_set_softmax_pu_1_00,0.18949954956769943,0.41475942337227706,0.57163984375,0.7171566611842105,0.0,0.0,0.26136608115468407,0.32995079967267615,0.4083596498923454,0.4988476443570178,0.4375137993234686,0.554921875,0.4157214355468749,0.3628756713867187,0.2690583801269532,0.25128027343750003,0.44437843018844614,0.3661196580817237
glas_3_TILE_0,joint_noise_lizard_semantic_glas_set_softmax_pu_1_00,0.1430557370185852,0.4095332180744806,0.56664077878937,0.7316706730769231,0.0,0.0,0.1969881871593357,0.2555291353947549,0.34291382114820784,0.46254202232007147,0.41686059521932983,0.498349609375,0.37752197265625,0.26034545898437494,0.19786125183105469,0.18707319335937506,0.4513252226186928,0.3033449910702194
glas_3_TILE_1,joint_noise_lizard_semantic_glas_set_softmax_pu_1_00,0.19177402555942535,0.4185858150378504,0.5665622048173804,0.7177877987132353,0.0,0.0,0.2629783214427512,0.331602628880171,0.41243356315637236,0.5009810891194909,0.4471192983341525,0.5776904296875002,0.46128906249999985,0.3643951416015625,0.2673075866699219,0.245661865234375,0.509770123836923,0.31907303532943354
glas_3_TILE_2,joint_noise_lizard_semantic_glas_set_softmax_pu_1_00,0.1875549480319023,0.41445318993461516,0.5656518881453155,0.7181980298913043,0.0,0.0,0.25733911146631583,0.32501052924878726,0.4041934611261118,0.49227241847826086,0.44548667551760907,0.5471142578125001,0.418875732421875,0.3300439453124999,0.24560386657714847,0.2244484375,0.46901529322392993,0.3278471517418806
glas_3_TILE_4,joint_noise_lizard_semantic_glas_set_softmax_pu_1_00,0.1431332230567932,0.4095932346469041,0.5501939648022823,0.7156575520833334,0.0,0.0,0.19772817822425695,0.25765866569785134,0.3472988088735901,0.4630492533112268,0.4288358444302137,0.5293896484375002,0.42634521484374993,0.2768804931640625,0.1941637420654297,0.17989335937500003,0.43165341087573156,0.30631941633549215
glas_3_TILE_5,joint_noise_lizard_semantic_glas_set_softmax_pu_1_00,0.11773151904344559,0.4266769793387547,0.5632322824457453,0.7197265625,0.0,0.0,0.1633047368926731,0.21641210633970198,0.3024465371643101,0.4602159387378123,0.5031160921663851,0.583505859375,0.42165527343749987,0.32921234130859367,0.20327964782714847,0.17437373046875002,0.44356471549246757,0.3810113292566996
glas_3_TILE_6,joint_noise_lizard_semantic_glas_set_softmax_pu_1_00,0.1924722045660019,0.4020676605034437,0.553585355858714,0.7184914981617647,0.0,0.0,0.2616023994503417,0.32346388971530576,0.39442243686603873,0.47172898263150903,0.4150175143963308,0.5051513671875001,0.38803466796875,0.311522216796875,0.25231399536132815,0.23625366210937504,0.4090312515217874,0.2912148224924939
glas_26_TILE_0,joint_noise_lizard_semantic_glas_set_softmax_pu_1_00,0.16586783528327942,0.41421601426983956,0.5684669318836405,0.70390625,0.0,0.0,0.22963528132822703,0.29773751901419726,0.38876026090367416,0.48267217854223693,0.4600864955357143,0.5516357421875001,0.443865966796875,0.39934356689453127,0.3602692413330078,0.33024370117187507,0.4305798693044407,0.34600478540079815
glas_26_TILE_1,joint_noise_lizard_semantic_glas_set_softmax_pu_1_00,0.19245463609695435,0.40422929621698905,0.5352723656631098,0.7206587357954546,0.0,0.0,0.2607712134800397,0.32394811153033676,0.39708809662486017,0.47070914591165414,0.41227726482423716,0.4767236328125001,0.435462646484375,0.3877252197265625,0.30517333984375006,0.271800732421875,0.3778977553575994,0.30674403047944193
glas_26_TILE_2,joint_noise_lizard_semantic_glas_set_softmax_pu_1_00,0.20168545842170715,0.40341420509144943,0.5451572755071599,0.0,0.0,0.0,0.2733136298050746,0.33520872401388974,0.40324568295243723,0.47228850277198636,0.40999276392249345,0.56658203125,0.402974853515625,0.32442535400390626,0.27380645751953125,0.25044135742187507,0.41642587519648205,0.29871278464807144
glas_26_TILE_4,joint_noise_lizard_semantic_glas_set_softmax_pu_1_00,0.16774079948663712,0.4030253891573878,0.544285129856419,0.72271728515625,0.0,0.0,0.23000097369244585,0.29043181143332675,0.36872904246652355,0.4618158871962794,0.41512659920504597,0.48998535156250006,0.39199951171875,0.32272338867187494,0.2817783355712891,0.2559765625,0.4217384814060798,0.302743858023348
glas_26_TILE_5,joint_noise_lizard_semantic_glas_set_softmax_pu_1_00,0.18667182326316833,0.40533690996044525,0.562377203078497,0.7094075520833333,0.0,0.0,0.2572484485875906,0.321683294697824,0.3946270361628232,0.4753385952748551,0.4136061934303244,0.5180224609375,0.416561279296875,0.3649710083007813,0.2885174560546875,0.25477714843750005,0.3682803340640457,0.2924053302524368
glas_26_TILE_6,joint_noise_lizard_semantic_glas_set_softmax_pu_1_00,0.17322108894586563,0.405721141275714,0.549017544450431,0.0,0.0,0.0,0.2382487333147564,0.30152427245364727,0.3807066074849046,0.4699902150489039,0.41852102232589955,0.5379296875,0.41452392578125,0.3267919921875,0.22358283996582032,0.210701025390625,0.35816558321732217,0.30558917638565547
glas_11_TILE_0,joint_noise_lizard_semantic_glas_set_softmax_pu_1_00,0.16284196078777313,0.42157371602819305,0.5593748905198991,0.7103794642857143,0.0,0.0,0.22545432235479151,0.29447159385582233,0.38807986033940817,0.493159979260111,0.4691669162717115,0.5404980468750001,0.416480712890625,0.32259765625,0.21669212341308594,0.19018989257812505,0.4232842048267619,0.37652813659247486
glas_11_TILE_1,joint_noise_lizard_semantic_glas_set_softmax_pu_1_00,0.17469967901706696,0.4147650110876295,0.563343164442732,0.7158935546875,0.0,0.0,0.24089986245933787,0.30956131432283734,0.39511780761842774,0.48852834811288615,0.4479311451045311,0.5507812500000001,0.4337499999999999,0.27830017089843745,0.2240599822998047,0.21247568359375,0.43640845091089303,0.36528477586000085
glas_11_TILE_2,joint_noise_lizard_semantic_glas_set_softmax_pu_1_00,0.15871963649988174,0.4238826301941184,0.5657848631902377,0.7127591646634616,0.0,0.0,0.22005266135302737,0.28777602552743176,0.38248688821596394,0.4977885263130332,0.45250763389310616,0.5047949218750002,0.357496337890625,0.3003005981445312,0.2409215545654297,0.21916396484375006,0.4363421573625419,0.3637732434306489
glas_11_TILE_4,joint_noise_lizard_semantic_glas_set_softmax_pu_1_00,0.1752687767148018,0.4246412772232305,0.5693632955237515,0.7162198153409091,0.0,0.0,0.24207195415358793,0.31169337466027436,0.4011617533055936,0.5072275257255311,0.45728195471783367,0.5114501953125,0.3949169921875,0.29286773681640627,0.23179885864257815,0.20995693359375003,0.43835498461871975,0.37241048534449456
glas_11_TILE_5,joint_noise_lizard_semantic_glas_set_softmax_pu_1_00,0.16190829873085022,0.420407953574864,0.5693685421715132,0.7182234221813726,0.0,0.0,0.22382936392099145,0.2926760075128803,0.38442024566038335,0.4935436474535281,0.46002029028075386,0.5328564453125,0.36761718749999994,0.28035552978515627,0.2334641265869141,0.21673515625000003,0.4504195187676987,0.3644914729420733
glas_11_TILE_6,joint_noise_lizard_semantic_glas_set_softmax_pu_1_00,0.15251508355140686,0.4243010740012215,0.564180227141905,0.720390124198718,0.0,0.0,0.21162655451071585,0.2781148018620264,0.3744844004077951,0.4942063980450913,0.4485648150719936,0.5861572265625,0.418653564453125,0.27417694091796874,0.2038043975830078,0.19678242187500006,0.450875853218005,0.3589178745439174
glas_14_TILE_0,joint_noise_lizard_semantic_glas_set_softmax_pu_1_00,0.1572723537683487,0.42223579845715614,0.562795191735045,0.7147352430555556,0.0,0.0,0.2184677490749451,0.28586898371520475,0.3805002855033442,0.49258625185756744,0.4613400861042899,0.4983349609375001,0.39622314453124985,0.27446319580078127,0.21723464965820313,0.2076150390625,0.45233085533195677,0.3636601970054173
glas_14_TILE_1,joint_noise_lizard_semantic_glas_set_softmax_pu_1_00,0.15707731246948242,0.42149683291991497,0.5651026126727386,0.7090169270833333,0.0,0.0,0.218008143278379,0.28392747143140484,0.37554956120380006,0.49224019275589803,0.46009157480654306,0.493525390625,0.37652221679687486,0.2960723876953125,0.2274811553955079,0.19683007812500003,0.44379008587386515,0.3659681702752634
glas_14_TILE_2,joint_noise_lizard_semantic_glas_set_softmax_pu_1_00,0.13482776284217834,0.42350963980166706,0.5750957020393274,0.7155983664772727,0.0,0.0,0.18877867745087668,0.2518244699818465,0.3492754092847977,0.483435592558665,0.47743120088147833,0.548828125,0.408875732421875,0.2820791625976562,0.21597618103027347,0.18361054687500003,0.4566518605477802,0.3718120668941164
glas_14_TILE_4,joint_noise_lizard_semantic_glas_set_softmax_pu_1_00,0.17129813879728317,0.42544769247799485,0.5618787966712762,0.7099609375,0.0,0.0,0.2376942678319517,0.30835272536762465,0.3995783345466022,0.5065812986047575,0.4612224622331604,0.5132031250000001,0.3871398925781249,0.28230072021484376,0.237532958984375,0.2274118652343751,0.45836460347052055,0.37543066006565484
glas_14_TILE_5,joint_noise_lizard_semantic_glas_set_softmax_pu_1_00,0.1372382864356041,0.4300444797397159,0.56901376105879,0.7125953851744186,0.0,0.0,0.19259074296628173,0.25573137533498796,0.3551895195092212,0.492767561208403,0.48228226302293176,0.549775390625,0.3764233398437499,0.267352294921875,0.22195457458496093,0.191434130859375,0.44925979565554947,0.3967395756318054
glas_14_TILE_6,joint_noise_lizard_semantic_glas_set_softmax_pu_1_00,0.11908867955207825,0.4070298981641699,0.5541374300733025,0.711181640625,0.0,0.0,0.16721172045962973,0.22374619638349957,0.320047681272242,0.4487335153991021,0.4396801589712434,0.54853515625,0.36228149414062494,0.2480035400390625,0.18859825134277347,0.15703925781250005,0.4399810264193347,0.3225980211718116
glas_10_TILE_0,joint_noise_lizard_semantic_glas_set_softmax_pu_1_00,0.1504753828048706,0.4074505017007675,0.5509257475339088,0.712890625,0.0,0.0,0.20525069848090371,0.2626615276386646,0.3457763138464763,0.45921167834051724,0.4416716758724393,0.492607421875,0.404759521484375,0.3203973388671874,0.24536178588867188,0.22203803710937506,0.3806277537245829,0.36067617210765335
glas_10_TILE_1,joint_noise_lizard_semantic_glas_set_softmax_pu_1_00,0.18521545827388763,0.40102741783331974,0.5545284598214286,0.7151692708333334,0.0,0.0,0.25461821738136203,0.3205724600739442,0.393930933057248,0.468374313114801,0.4245144496681416,0.48859863281250016,0.403167724609375,0.3368637084960937,0.2621584320068359,0.237850048828125,0.4174598665005414,0.3268367435691745
glas_10_TILE_2,joint_noise_lizard_semantic_glas_set_softmax_pu_1_00,0.20051515102386475,0.4048407368537695,0.558166892665207,0.7150390625,0.0,0.0,0.27133999064501724,0.3341811201610013,0.4036557499825321,0.4766368504013587,0.43623397351876503,0.5966162109375,0.434791259765625,0.3831280517578125,0.2823405456542969,0.25393549804687504,0.4797241737771764,0.34245367809734517
glas_10_TILE_4,joint_noise_lizard_semantic_glas_set_softmax_pu_1_00,0.17051298171281815,0.4097618277859885,0.5506903675939306,0.73388671875,0.0,0.0,0.23537495499809805,0.30240746865465296,0.38790686048193307,0.47590229082622926,0.437524330165378,0.5418750000000002,0.421990966796875,0.3522528076171875,0.29339805603027347,0.25927138671875,0.38949060790665063,0.33680187140348544
glas_10_TILE_5,joint_noise_lizard_semantic_glas_set_softmax_pu_1_00,0.1880713403224945,0.405325010417243,0.5470347181658879,0.725830078125,0.0,0.0,0.25700480817023813,0.3212631564959804,0.39607165901693536,0.47279819737912376,0.4388750025363201,0.473974609375,0.431895751953125,0.37531494140625,0.3009365844726563,0.2853853515625001,0.36768490828090206,0.3359363457648964
glas_10_TILE_6,joint_noise_lizard_semantic_glas_set_softmax_pu_1_00,0.1948421746492386,0.41045967294200775,0.5585590862148103,0.72255859375,0.0,0.0,0.2663089169038729,0.33458215683566966,0.41113330841839324,0.48222268231536247,0.4494808967002148,0.5595947265625001,0.43305908203125,0.38730712890625,0.30018013000488286,0.25960947265625,0.404728469834691,0.3689050311548706
glas_37_TILE_0,joint_noise_lizard_semantic_glas_set_softmax_pu_1_00,0.2094145119190216,0.41036499829965023,0.5592150054466231,0.7425608915441176,0.0,0.0,0.28893233984264477,0.36096709785499803,0.42656155694091485,0.48812705592105265,0.44359114591518417,0.5435009765625,0.4539013671874999,0.39142425537109365,0.31261772155761725,0.28006577148437506,0.4721314642138977,0.3596651367986098
glas_37_TILE_1,joint_noise_lizard_semantic_glas_set_softmax_pu_1_00,0.1739405021071434,0.4165787122513893,0.5601089152883976,0.7202351888020834,0.0,0.0,0.24060815964302007,0.3112325547734406,0.39893302975660905,0.490385941304017,0.4575311528015687,0.4973974609375,0.438341064453125,0.37243743896484377,0.28964118957519536,0.25812587890625005,0.4607285290682986,0.37600903789303186
glas_37_TILE_2,joint_noise_lizard_semantic_glas_set_softmax_pu_1_00,0.15567583590745926,0.4174889866065484,0.5714516031186698,0.7210181451612904,0.0,0.0,0.21742448035438927,0.28624141203562614,0.38118306734349583,0.4869468375428082,0.4577557473024068,0.5465234375000001,0.45036865234375,0.3697232055664061,0.219303207397461,0.19758325195312504,0.4794805173182295,0.3509069007793614
glas_37_TILE_4,joint_noise_lizard_semantic_glas_set_softmax_pu_1_00,0.2086385041475296,0.41082369338382846,0.5472773393707959,0.7269205729166667,0.0,0.0,0.2879513634345146,0.35985224353168854,0.4263760333007167,0.48640410129539585,0.45194858397400733,0.476435546875,0.4456896972656249,0.41852447509765617,0.3529412841796875,0.31317685546875007,0.48400244669614034,0.35527431985228725
glas_37_TILE_5,joint_noise_lizard_semantic_glas_set_softmax_pu_1_00,0.11121762543916702,0.42636599117575147,0.5676672296471853,0.7219645182291666,0.0,0.0,0.15673331149336356,0.21175379333952038,0.3089832295448487,0.4673485317682973,0.4779662133420756,0.5094873046874999,0.440218505859375,0.31827270507812494,0.226761474609375,0.18580908203125,0.46489089044096765,0.38443136819849744
glas_37_TILE_6,joint_noise_lizard_semantic_glas_set_softmax_pu_1_00,0.19189226627349854,0.4152247080472814,0.556876233828965,0.71343994140625,0.0,0.0,0.2654852300233899,0.338837759336989,0.4170452194694679,0.49273793963878326,0.4536529864197239,0.5670947265625,0.44101318359375,0.3868115234375,0.2750131988525391,0.251989404296875,0.45994772060153877,0.36856643416875756
glas_46_TILE_0,joint_noise_lizard_semantic_glas_set_softmax_pu_1_00,0.18752818554639816,0.41094633683991827,0.5562711773496686,0.7159830729166666,0.0,0.0,0.26082230120747446,0.332692614244598,0.41113760346498474,0.4844207066923516,0.45569883366003544,0.5175439453125,0.4300280761718749,0.4106890869140625,0.3196311187744141,0.27715898437500003,0.45185145456677206,0.3758697246046491
glas_46_TILE_1,joint_noise_lizard_semantic_glas_set_softmax_pu_1_00,0.14540787041187286,0.4305712569460195,0.5726883286997434,0.71807861328125,0.0,0.0,0.20289116698235057,0.2703203451185506,0.3701417343487902,0.5012981226235741,0.49907874186751444,0.58986328125,0.43185668945312483,0.32858673095703117,0.2201313018798829,0.210879833984375,0.47094068803721895,0.42150705551960066
glas_46_TILE_2,joint_noise_lizard_semantic_glas_set_softmax_pu_1_00,0.2163643017411232,0.4141879063823343,0.5596997434701493,0.7190692608173077,0.0,0.0,0.2955646084388617,0.3638361800324774,0.4301072853796061,0.49816809167395104,0.4453952525309761,0.5436181640625002,0.42715576171875,0.40811126708984374,0.3518928527832032,0.3103739257812501,0.43367162499060086,0.3599957090435607
glas_46_TILE_4,joint_noise_lizard_semantic_glas_set_softmax_pu_1_00,0.157139390707016,0.41543637449977766,0.5595574161828324,0.7204345703125,0.0,0.0,0.21982645562382858,0.28924067318439484,0.385856018872929,0.4813679455622146,0.48390808790377526,0.51033203125,0.440166015625,0.389298095703125,0.2896112060546875,0.25704462890625,0.4564335585783719,0.3969075991692784
glas_46_TILE_5,joint_noise_lizard_semantic_glas_set_softmax_pu_1_00,0.1542573720216751,0.41325990200956264,0.5551479517487047,0.737841796875,0.0,0.0,0.21530636526611446,0.2843683839327929,0.37907154307303587,0.4786399497142749,0.4677246829667483,0.4796972656250001,0.441619873046875,0.3656961059570312,0.28567817687988284,0.257247705078125,0.438434431909777,0.3680189044422787
glas_46_TILE_6,joint_noise_lizard_semantic_glas_set_softmax_pu_1_00,0.19503533095121384,0.41469792501253794,0.5622600199173483,0.7109375,0.0,0.0,0.2690856777004881,0.34232560945929985,0.41884000617162515,0.4934876676380715,0.4630408750294231,0.50984375,0.444873046875,0.4117318725585937,0.3432525634765625,0.29209165039062496,0.456859568973049,0.3686447287382177
glas_17_TILE_0,joint_noise_lizard_semantic_glas_set_softmax_pu_1_00,0.16466670483350754,0.4224862231656332,0.5719592164748708,0.7099104256465517,0.0,0.0,0.22947653180505975,0.2997650158579388,0.3941746972502414,0.5009469157938676,0.4753273773763751,0.5107617187500001,0.3675122070312499,0.2872052001953125,0.22484428405761725,0.21593901367187504,0.447274336620425,0.40597704029684323
glas_17_TILE_1,joint_noise_lizard_semantic_glas_set_softmax_pu_1_00,0.1865433156490326,0.432896335303545,0.5738740808823529,0.7103900331439394,0.0,0.0,0.25837934048529765,0.33247443279272754,0.42254708142784553,0.5265522977731524,0.4878848883623634,0.5349267578125,0.36675781249999984,0.2863665771484375,0.2408001708984375,0.222476220703125,0.47643052077319703,0.41844504806815075
glas_17_TILE_2,joint_noise_lizard_semantic_glas_set_softmax_pu_1_00,0.1690119355916977,0.42384448699586635,0.56658189073741,0.7135074013157895,0.0,0.0,0.23438771792450266,0.30305260116543187,0.39485268299735626,0.5016563338838333,0.4756609860279309,0.5744775390625001,0.3925769042968749,0.27693847656249987,0.2220740509033203,0.20411875,0.4488043752770791,0.39827082034979316
glas_17_TILE_4,joint_noise_lizard_semantic_glas_set_softmax_pu_1_00,0.17127198725938797,0.4224283000443315,0.5695953791042627,0.7127028245192307,0.0,0.0,0.23815601782189927,0.3100710656985339,0.40133669630371216,0.5030055066446766,0.47525958345065017,0.5843115234375,0.4076953124999999,0.31890106201171875,0.2355615234375,0.211601953125,0.47223339414638854,0.38912240383384533
glas_17_TILE_5,joint_noise_lizard_semantic_glas_set_softmax_pu_1_00,0.17885931581258774,0.42317966957841435,0.5729413251573542,0.7177734375,0.0,0.0,0.24859358124972797,0.3219162885976121,0.4108900997431725,0.5075163719575866,0.47907316048306775,0.5569775390625,0.3723242187499999,0.28385772705078127,0.23617019653320312,0.21619248046875006,0.44837434942442606,0.4008775411102097
glas_17_TILE_6,joint_noise_lizard_semantic_glas_set_softmax_pu_1_00,0.17274728417396545,0.4174556443305666,0.558390507435406,0.7122938368055556,0.0,0.0,0.23958752643990572,0.31014236931904837,0.3978033627009053,0.49274721168833635,0.47047546775477705,0.4861132812500001,0.37456054687499984,0.29525329589843746,0.22967453002929689,0.215321533203125,0.44117257379394426,0.38569867985675976
glas_31_TILE_0,joint_noise_lizard_semantic_glas_set_softmax_pu_1_00,0.2191365510225296,0.42911636848952556,0.5615151346430357,0.7164113898026315,0.0,0.0,0.299314503013196,0.37029632819647756,0.44540616744564115,0.531918770261251,0.4646484613958219,0.5731396484375,0.42546264648437493,0.40114654541015626,0.320955810546875,0.29587421875,0.42659119814143004,0.39577151548333744
glas_31_TILE_1,joint_noise_lizard_semantic_glas_set_softmax_pu_1_00,0.14255066215991974,0.4163477755855397,0.5578588662027311,0.7218191964285714,0.0,0.0,0.20012469625135942,0.26945845533290635,0.3762561797319885,0.480048524992392,0.45260492504853644,0.5005712890624999,0.44258178710937485,0.39653564453125,0.280379867553711,0.27047436523437507,0.4527933780186021,0.36283044647752194
glas_31_TILE_2,joint_noise_lizard_semantic_glas_set_softmax_pu_1_00,0.20769548416137695,0.4327029023400544,0.5685689418197196,0.7147409539473685,0.0,0.0,0.2876067012541952,0.3613015391115633,0.4419937564346179,0.5379116364316484,0.45447855630362083,0.5574755859375001,0.40831787109374995,0.31828399658203127,0.2801705932617188,0.26047480468750006,0.4243583379881543,0.3737629103936952
glas_31_TILE_4,joint_noise_lizard_semantic_glas_set_softmax_pu_1_00,0.17867286503314972,0.42515782160153076,0.5624323104693141,0.7292578125,0.0,0.0,0.2500988041467131,0.32760118329636573,0.4168449761246125,0.5120110948433222,0.4702587038018385,0.5675048828125001,0.42281005859375,0.3489276123046875,0.31033309936523445,0.29892666015625,0.43482868042638306,0.38515232964327706
glas_31_TILE_5,joint_noise_lizard_semantic_glas_set_softmax_pu_1_00,0.21452493965625763,0.42729057665976683,0.5716109390902152,0.7138671875,0.0,0.0,0.2928274974756135,0.36212018632519516,0.4371460773540322,0.5292443125665197,0.46585845795477154,0.5339355468750001,0.43212158203125,0.3501226806640625,0.2753492736816407,0.26925527343750005,0.4661055197276573,0.3719605987987813
glas_31_TILE_6,joint_noise_lizard_semantic_glas_set_softmax_pu_1_00,0.20750073343515396,0.4296820843751514,0.5702319290009407,0.7174275716145834,0.0,0.0,0.28683958689205463,0.35711284867869125,0.43586833220246873,0.532109749514914,0.4513338247723258,0.5701806640625,0.418817138671875,0.3270281982421876,0.27568542480468744,0.24996704101562506,0.4209708911361565,0.35488902405185424
glas_28_TILE_0,joint_noise_lizard_semantic_glas_set_softmax_pu_1_00,0.25355346500873566,0.40867477603081337,0.5307044982910156,0.7044270833333334,0.0,0.0,0.3393859770170913,0.39525696769947577,0.44226319389713736,0.48457754032333733,0.4608040218172164,0.4792236328125,0.453690185546875,0.40010406494140616,0.34434753417968766,0.31424130859375,0.4509824768012446,0.35246645653234177
glas_28_TILE_1,joint_noise_lizard_semantic_glas_set_softmax_pu_1_00,0.189426988363266,0.4146392540494743,0.560949786815768,0.7169543850806451,0.0,0.0,0.26034565966173845,0.3288487890231717,0.4087755798482406,0.48880296701044684,0.45594763711654185,0.4939599609375,0.462510986328125,0.3951895141601562,0.3171772766113282,0.25800947265625007,0.46548728112300786,0.367257113320441
glas_28_TILE_2,joint_noise_lizard_semantic_glas_set_softmax_pu_1_00,0.19985216110944748,0.41327165318526426,0.5531532981178977,0.71513671875,0.0,0.0,0.27295779311300356,0.3401937355535976,0.41516238564265573,0.4909530886433857,0.455717098259018,0.585244140625,0.438394775390625,0.3809948730468749,0.30113693237304695,0.274956640625,0.38269910125815865,0.35610616187023286
glas_28_TILE_4,joint_noise_lizard_semantic_glas_set_softmax_pu_1_00,0.21684563159942627,0.40926321915143143,0.5479372571983546,0.7093505859375,0.0,0.0,0.2942398753774894,0.35936462750201914,0.42413127909247356,0.4875240216010767,0.45967692451142234,0.5221728515624999,0.423134765625,0.3730322265625,0.2936920166015625,0.282965673828125,0.43214723872125616,0.36219736940336933
glas_28_TILE_5,joint_noise_lizard_semantic_glas_set_softmax_pu_1_00,0.24197814613580704,0.4112816641176358,0.5484055210167254,0.7021484375,0.0,0.0,0.3226840302172516,0.38218235345304397,0.4378066974162453,0.49476471224194646,0.46095685145984117,0.5515576171875002,0.4353698730468749,0.3779766845703125,0.30107467651367187,0.28175517578125003,0.4255248829933633,0.3426699261307725
glas_28_TILE_6,joint_noise_lizard_semantic_glas_set_softmax_pu_1_00,0.23403283208608627,0.4078037444775859,0.552707136169938,0.7316228693181818,0.0,0.0,0.3135043411761902,0.37369403669331486,0.4307240638987081,0.4879359247863168,0.43917721444819435,0.5712451171875,0.445689697265625,0.3748892211914063,0.31654884338378914,0.2854277343750001,0.4271477466806715,0.3407240398749646
glas_1_TILE_0,joint_noise_lizard_semantic_glas_set_softmax_pu_1_00,0.14718325436115265,0.40770652720057227,0.5494998877053389,0.7294921875,0.0,0.0,0.20717704689475175,0.274930738770573,0.37037951092098914,0.46569113756613756,0.43818996771521196,0.5073095703125001,0.4294775390625,0.38368499755859375,0.32879196166992203,0.2956888183593751,0.4100877152009095,0.32295254102779103
glas_1_TILE_1,joint_noise_lizard_semantic_glas_set_softmax_pu_1_00,0.14558979123830795,0.4045524737706231,0.5570680023521506,0.0,0.0,0.0,0.20234254473468688,0.2614868688192774,0.3474108449115213,0.455527986303252,0.42035859117404617,0.47763671875,0.40520385742187487,0.309884033203125,0.2303443145751953,0.2095865234375,0.36465765889729473,0.29569130461679866
glas_1_TILE_2,joint_noise_lizard_semantic_glas_set_softmax_pu_1_00,0.16500532627105713,0.42223486395288856,0.5641963652920622,0.7346875,0.0,0.0,0.22795821390730275,0.2921091802354614,0.38061264306980347,0.49276637711662863,0.4495689092739263,0.545751953125,0.43786621093749994,0.3438839721679687,0.22990791320800782,0.20848730468750004,0.4637745859299214,0.3168102435775557
glas_1_TILE_4,joint_noise_lizard_semantic_glas_set_softmax_pu_1_00,0.16855967044830322,0.4085965724349711,0.5711264857858352,0.7249860491071428,0.0,0.0,0.2344447939817841,0.2991983626850385,0.38029147541100494,0.47533658337782186,0.42591376433344136,0.582177734375,0.41319335937499985,0.36293182373046873,0.250058822631836,0.20326489257812502,0.452810828559332,0.31634120299020924
glas_1_TILE_5,joint_noise_lizard_semantic_glas_set_softmax_pu_1_00,0.16118589043617249,0.40506373927411876,0.5618184407552084,0.73883056640625,0.0,0.0,0.2220959018321333,0.2815889209566105,0.3599476080972844,0.4638636163435167,0.41226947932007246,0.4668750000000001,0.39467529296875,0.30323883056640627,0.23228546142578124,0.2103079589843751,0.40181215907487344,0.30338450666433703
glas_1_TILE_6,joint_noise_lizard_semantic_glas_set_softmax_pu_1_00,0.204196497797966,0.4117863330672595,0.5647494499161777,0.721016125801282,0.0,0.0,0.28015030949636976,0.3475684371329586,0.41846630492395387,0.4899493781887755,0.4499877689968361,0.5407910156250001,0.4385205078125,0.3794467163085937,0.32596572875976565,0.283634228515625,0.4780316925698897,0.3438870944878124
glas_27_TILE_0,joint_noise_lizard_semantic_glas_set_softmax_pu_1_00,0.2056918889284134,0.4073734820386547,0.5526750804967802,0.7109917534722222,0.0,0.0,0.28139156687829564,0.34800043800057207,0.41513347892216634,0.485343815551106,0.437049071695351,0.5939404296875,0.437255859375,0.3881747436523437,0.3080372619628906,0.28031806640625,0.4064821321086414,0.36089845527068304
glas_27_TILE_1,joint_noise_lizard_semantic_glas_set_softmax_pu_1_00,0.2096615731716156,0.4067110017965768,0.5412935540777836,0.7099609375,0.0,0.0,0.284815978837779,0.34675033630675933,0.4132769749323139,0.48252726639851484,0.4246033522955236,0.48494140625,0.42666381835937484,0.39348907470703126,0.2948877716064454,0.26510771484375,0.4241921509040185,0.357683480230067
glas_27_TILE_2,joint_noise_lizard_semantic_glas_set_softmax_pu_1_00,0.19896185398101807,0.40249836077720275,0.547320640250428,0.0,0.0,0.0,0.270968951072614,0.33408804136914744,0.4018304610324848,0.4733726535146141,0.4278815341438321,0.5721142578125,0.41254150390625,0.33950592041015626,0.27151428222656254,0.257909033203125,0.38127952780824975,0.3121007440501424
glas_27_TILE_4,joint_noise_lizard_semantic_glas_set_softmax_pu_1_00,0.17705118656158447,0.4113890826889543,0.5567070555291782,0.7247971754807693,0.0,0.0,0.24647283171809647,0.3163133100183431,0.39766971486083563,0.4868592052924924,0.42950485181685055,0.5764892578125,0.4248364257812499,0.37109375,0.2723007965087891,0.261351708984375,0.419874312836284,0.3316924514307742
glas_27_TILE_5,joint_noise_lizard_semantic_glas_set_softmax_pu_1_00,0.21762283891439438,0.40774172851341406,0.5514315846274979,0.705078125,0.0,0.0,0.2941551730328864,0.35593327509602485,0.4194977851487097,0.4877279734035481,0.42831622190030716,0.5169384765625,0.406055908203125,0.357943115234375,0.27256988525390624,0.259044677734375,0.43007454375441956,0.3440783580916862
glas_27_TILE_6,joint_noise_lizard_semantic_glas_set_softmax_pu_1_00,0.18721037358045578,0.4081500412727943,0.5435093647307887,0.0,0.0,0.0,0.25946709398251894,0.3279165344210358,0.40212453686947575,0.4795942341281895,0.4299945198674802,0.5122998046875,0.46088989257812485,0.369991455078125,0.31429908752441416,0.28077998046875,0.3948839001854886,0.3397597671996775
glas_51_TILE_0,joint_noise_lizard_semantic_glas_set_softmax_pu_1_00,0.12865044176578522,0.4050199323023614,0.5356667853552279,0.0,0.0,0.0,0.18041134828618094,0.2411983862002802,0.3392937728319568,0.4537055964589046,0.4493880549385884,0.46529296875000015,0.44129150390625,0.39067413330078116,0.2897415924072266,0.24895268554687505,0.3775879797921803,0.35100253742168586
glas_51_TILE_1,joint_noise_lizard_semantic_glas_set_softmax_pu_1_00,0.09485617280006409,0.40865794117065585,0.5456326775107991,0.7236328125,0.0,0.0,0.1346885987705296,0.18659237219351052,0.29133112675542183,0.4417093723835439,0.4505188114648033,0.4841845703125,0.39580566406249984,0.295777587890625,0.2391014099121094,0.21875952148437505,0.4040309883300827,0.34149802049056116
glas_51_TILE_2,joint_noise_lizard_semantic_glas_set_softmax_pu_1_00,0.16964790225028992,0.4106413221068447,0.5627278219200524,0.7271321614583334,0.0,0.0,0.23624028149656037,0.30627276838818396,0.3922572863722999,0.4770140633341595,0.46467672772882107,0.6048632812500001,0.44328613281249984,0.3584268188476561,0.2734810638427735,0.24138398437500005,0.41201418059595896,0.34738820260254955
glas_51_TILE_4,joint_noise_lizard_semantic_glas_set_softmax_pu_1_00,0.149099700152874,0.4160535669455602,0.5631024301944676,0.712158203125,0.0,0.0,0.20791499783042788,0.2738261511540836,0.3698192674729476,0.47902352369787704,0.4619811274976562,0.5478417968750002,0.426453857421875,0.3557415771484375,0.24544876098632812,0.2187028320312501,0.4410362327218383,0.38486216969681414
glas_51_TILE_5,joint_noise_lizard_semantic_glas_set_softmax_pu_1_00,0.1771007552742958,0.40838308216943275,0.5633824750830565,0.7101236979166666,0.0,0.0,0.24768628387126135,0.32365470353773945,0.40606533621325397,0.4773357110421105,0.4488254444997459,0.531484375,0.4341296386718749,0.3862701416015625,0.2641007232666016,0.24772978515625,0.46458895712225473,0.34830839484664916
glas_51_TILE_6,joint_noise_lizard_semantic_glas_set_softmax_pu_1_00,0.1751057207584381,0.4125309924819863,0.5614162407381997,0.7119954427083334,0.0,0.0,0.24552156232677383,0.32053599947559114,0.40591529407889726,0.4831311000009471,0.4693575459807346,0.5537500000000001,0.433028564453125,0.3911233520507811,0.31288749694824225,0.282653955078125,0.44423854777023913,0.3518230890357425
glas_36_TILE_0,joint_noise_lizard_semantic_glas_set_softmax_pu_1_00,0.1953120306134224,0.41560949781921014,0.5562817560310641,0.728515625,0.0,0.0,0.2661497225278237,0.33426833175288667,0.41500139161273714,0.49280989760970895,0.4484053804791876,0.5834619140625,0.47213256835937484,0.40083831787109375,0.3236140441894533,0.293487744140625,0.3935290422349104,0.35142914425598015
glas_36_TILE_1,joint_noise_lizard_semantic_glas_set_softmax_pu_1_00,0.19470829516649246,0.40540965140849744,0.5283614309210526,0.0,0.0,0.0,0.2632838254419467,0.32624312391430227,0.40058812868038984,0.47140227185218286,0.43494178092576696,0.49107421875,0.42541259765625,0.3676025390625,0.29475021362304693,0.274417724609375,0.4315491608186187,0.3561260348320435
glas_36_TILE_2,joint_noise_lizard_semantic_glas_set_softmax_pu_1_00,0.17676164954900742,0.40967108912721895,0.5466654796846224,0.7310965401785714,0.0,0.0,0.24125725238926218,0.30671842658365606,0.3915345897098044,0.4785744236544017,0.46066346896179494,0.5643652343750002,0.428394775390625,0.38516754150390625,0.2920934295654297,0.239616796875,0.42606400622661844,0.3746287284595032
glas_36_TILE_4,joint_noise_lizard_semantic_glas_set_softmax_pu_1_00,0.1764882579445839,0.4101949071627594,0.5522180844659674,0.7176513671875,0.0,0.0,0.24296153258579578,0.3091608391025543,0.3921148259275607,0.4809453416866804,0.4338467207355816,0.5805126953125,0.43195556640625,0.39188568115234373,0.3016825103759766,0.257406640625,0.351548105417621,0.33569788936396894
glas_36_TILE_5,joint_noise_lizard_semantic_glas_set_softmax_pu_1_00,0.15971429646015167,0.40076166966903365,0.545455965151919,0.0,0.0,0.0,0.21708254524816095,0.2735064872076859,0.3525196770129969,0.45349483789330336,0.42175970292285575,0.480068359375,0.401968994140625,0.34130645751953126,0.22416221618652352,0.20485966796875005,0.3496222674226401,0.3276668317723343
glas_36_TILE_6,joint_noise_lizard_semantic_glas_set_softmax_pu_1_00,0.1626412495970726,0.4088178146356668,0.5623256701837641,0.70712890625,0.0,0.0,0.22079253324873235,0.27861354011151396,0.36145653251639803,0.46639322420445883,0.45353916928887306,0.5594189453125,0.4353857421874999,0.36693572998046875,0.29945999145507823,0.28199453125000007,0.4563806235695387,0.3651062903294442
glas_33_TILE_0,joint_noise_lizard_semantic_glas_set_softmax_pu_1_00,0.16226838529109955,0.42109328920205596,0.568230933585595,0.7203842474489796,0.0,0.0,0.22396800546226836,0.29009809958679106,0.3822748771147691,0.494011249428963,0.46871511521703835,0.55943359375,0.431873779296875,0.28534088134765623,0.21912406921386718,0.20264809570312506,0.45078202798071176,0.37472845610562844
glas_33_TILE_1,joint_noise_lizard_semantic_glas_set_softmax_pu_1_00,0.1541512906551361,0.42636382296793573,0.5668539733178655,0.7118548768939394,0.0,0.0,0.213856022954221,0.27895178079990696,0.37452306027636595,0.49628986478776815,0.4650228015894536,0.5308740234375001,0.38544677734375,0.2921405029296875,0.19882987976074223,0.19445458984375,0.47717533703866555,0.3600407784237727
glas_33_TILE_2,joint_noise_lizard_semantic_glas_set_softmax_pu_1_00,0.17006636410951614,0.4261671713018341,0.5567527303890306,0.7080078125,0.0,0.0,0.23462415757719643,0.3029339160867462,0.3946317449213589,0.5038770855553862,0.47004162679028594,0.5439013671875002,0.389853515625,0.2847149658203125,0.23343162536621098,0.2179306640625,0.43484559908980314,0.3612935986318679
glas_33_TILE_4,joint_noise_lizard_semantic_glas_set_softmax_pu_1_00,0.17290794104337692,0.4272383204598491,0.5667043180057287,0.72158203125,0.0,0.0,0.23652333137497283,0.3031493872894328,0.3952202947470261,0.5088535763439119,0.470390708151017,0.5459375,0.37085083007812486,0.2794039916992187,0.22700645446777343,0.21627705078125,0.49199108198513425,0.3902391764014541
glas_33_TILE_5,joint_noise_lizard_semantic_glas_set_softmax_pu_1_00,0.15685534477233887,0.42735954271019677,0.5690864202949438,0.7163221571180556,0.0,0.0,0.21544328049863462,0.2806244900596743,0.3772996455759748,0.49917770585355187,0.4578117691768008,0.4746337890625,0.39169189453124986,0.27236206054687495,0.21984077453613285,0.19823310546875,0.4624494124679914,0.3643129646119923
glas_33_TILE_6,joint_noise_lizard_semantic_glas_set_softmax_pu_1_00,0.196860671043396,0.4207325365274079,0.5504889872883372,0.7132901278409091,0.0,0.0,0.2690547663205252,0.3339282084321523,0.41248102990719554,0.5048165330067413,0.44101025088529794,0.5066845703125,0.3728369140624999,0.3198565673828125,0.2641085815429688,0.25688125000000006,0.39165173796190533,0.34041941861033287
glas_42_TILE_0,joint_noise_lizard_semantic_glas_set_softmax_pu_1_00,0.1490352302789688,0.42541213512011544,0.5634798223652837,0.7128018465909091,0.0,0.0,0.20602263671832577,0.26928258411739375,0.3633106034959567,0.4916195615955826,0.4842027770310115,0.4976025390625001,0.35989990234375,0.256295166015625,0.2248380279541016,0.195732958984375,0.4586620891218777,0.40467143204558087
glas_42_TILE_1,joint_noise_lizard_semantic_glas_set_softmax_pu_1_00,0.13302748650312424,0.42134430813402923,0.5675202522453856,0.7178844105113636,0.0,0.0,0.18347964845700454,0.2421339762914638,0.33962963988798667,0.47531815354773527,0.45512919132614593,0.5265234375000002,0.3736254882812499,0.2999945068359375,0.1928850555419922,0.16771557617187502,0.42100087784002277,0.3632836108424997
glas_42_TILE_2,joint_noise_lizard_semantic_glas_set_softmax_pu_1_00,0.14514391124248505,0.42497110588675974,0.5676190776209677,0.7082170758928571,0.0,0.0,0.201678293805561,0.26516952898619794,0.36031207409107663,0.48993360209032333,0.4731290408644874,0.57869140625,0.371534423828125,0.29505096435546874,0.21895500183105468,0.19601552734375,0.4328245801636966,0.37018535940226877
glas_42_TILE_4,joint_noise_lizard_semantic_glas_set_softmax_pu_1_00,0.14834743738174438,0.41530742403827137,0.5680691120906801,0.7125244140625,0.0,0.0,0.2038401760073071,0.26417677751398033,0.3542886459313339,0.47377058233885677,0.4764553577608369,0.536396484375,0.38160644531249993,0.2850616455078125,0.21082511901855472,0.19753017578125,0.4769442203636328,0.38175472535246224
glas_42_TILE_5,joint_noise_lizard_semantic_glas_set_softmax_pu_1_00,0.15124979615211487,0.4239476271126048,0.5657141664415226,0.7155294215425532,0.0,0.0,0.20911296197330775,0.27542406260471564,0.371067411383203,0.49309042983625284,0.4654861360768939,0.5057763671875001,0.4024548339843749,0.3163186645507812,0.2148406982421875,0.199300732421875,0.4285834583437766,0.368172772324342
glas_42_TILE_6,joint_noise_lizard_semantic_glas_set_softmax_pu_1_00,0.17168884724378586,0.437212008501071,0.5737079633714994,0.7173969314759037,0.0,0.0,0.2374190263202345,0.30790514480138587,0.40500141493408354,0.5261085416350099,0.4894836341194813,0.6110498046875,0.4807324218749999,0.3948291015625,0.27672729492187503,0.24713427734375004,0.47523604792248747,0.4175972780381083
glas_4_TILE_0,joint_noise_lizard_semantic_glas_set_softmax_pu_1_00,0.215989850461483,0.423569725811468,0.5647672005802892,0.7110107421875,0.0,0.0,0.2964698883520377,0.36556028318077805,0.4372971430273189,0.5234273104293602,0.44635076852043637,0.571123046875,0.405384521484375,0.34391845703125,0.2810747528076172,0.27234038085937506,0.4174876700282318,0.3554715303067472
glas_4_TILE_1,joint_noise_lizard_semantic_glas_set_softmax_pu_1_00,0.17492832988500595,0.4306432581753782,0.5709174684358788,0.7142980238970589,0.0,0.0,0.24282582883020665,0.3171705486863179,0.4095124263465344,0.5197550579407295,0.45999742721596937,0.535205078125,0.383175048828125,0.329912109375,0.28469688415527344,0.27686967773437504,0.4355835849475549,0.36660573856528167
glas_4_TILE_2,joint_noise_lizard_semantic_glas_set_softmax_pu_1_00,0.23646830767393112,0.43231063672470244,0.5666605279519896,0.7167434692382812,0.0,0.0,0.3194463744659517,0.38651403446967386,0.45759541447117824,0.5436529356060606,0.4828779861532221,0.5797998046875001,0.423741455078125,0.33782257080078126,0.30327941894531263,0.28136625976562507,0.4497823548750335,0.40152853734776117
glas_4_TILE_4,joint_noise_lizard_semantic_glas_set_softmax_pu_1_00,0.20607414096593857,0.42895317627939267,0.5671962594024978,0.7170148577008929,0.0,0.0,0.28417830514057363,0.35689628579656413,0.43582834777785534,0.5273874126155653,0.44716423416009726,0.6001220703125001,0.41658081054687485,0.333685302734375,0.2896192169189453,0.284044970703125,0.4251822301238254,0.3582049577643558
glas_4_TILE_5,joint_noise_lizard_semantic_glas_set_softmax_pu_1_00,0.19185896217823029,0.41745530697972194,0.5663222856619443,0.719482421875,0.0,0.0,0.2638425484892668,0.334427498752552,0.41417518028846156,0.5020478251207408,0.4458732889912972,0.5402734375000001,0.4114514160156249,0.3397369384765625,0.2837416076660157,0.27396669921875005,0.4784624089091182,0.345017013162632
glas_4_TILE_6,joint_noise_lizard_semantic_glas_set_softmax_pu_1_00,0.21835164725780487,0.4264637055652681,0.5653286821243876,0.71673828125,0.0,0.0,0.29664028988209296,0.36325155118616614,0.43710755707682725,0.5293168169955806,0.4796517658703433,0.5763183593750001,0.42654174804687495,0.33181488037109375,0.27638122558593753,0.26505585937500004,0.4590110246498273,0.4026811865497498
glas_60_TILE_0,joint_noise_lizard_semantic_glas_set_softmax_pu_1_00,0.18674372136592865,0.406839255256196,0.555370017378507,0.70703125,0.0,0.0,0.2556824682794105,0.32057065064622975,0.3966447276447562,0.47895873062253935,0.43713984688537083,0.52640625,0.38931518554687494,0.3201095581054687,0.23763458251953132,0.213903564453125,0.44141204393024774,0.32234653801396435
glas_60_TILE_1,joint_noise_lizard_semantic_glas_set_softmax_pu_1_00,0.19476880133152008,0.40866382840253823,0.5562927356464737,0.7177734375,0.0,0.0,0.26729689582313426,0.3342286495964423,0.40715966310874974,0.4839679517970163,0.44189023350822854,0.543798828125,0.4175659179687499,0.3649105834960937,0.2938076782226563,0.2559931640625,0.43583080623749176,0.3291478572436348
glas_60_TILE_2,joint_noise_lizard_semantic_glas_set_softmax_pu_1_00,0.1636630818247795,0.4168627291851287,0.5621429267634357,0.7108226102941176,0.0,0.0,0.2271412178931825,0.29374079281895843,0.38312901030546237,0.48709911105293224,0.4535606230140852,0.517783203125,0.402919921875,0.33891601562499996,0.2518353271484375,0.21260751953125,0.4419885973171882,0.3343242365714999
glas_60_TILE_4,joint_noise_lizard_semantic_glas_set_softmax_pu_1_00,0.15767493098974228,0.41223959902432517,0.5649206773290094,0.7224839154411765,0.0,0.0,0.2183017691673834,0.2828667584382151,0.37240296744698975,0.4735553016529318,0.44694853262771167,0.5122558593750002,0.42673950195312493,0.376845703125,0.2458435821533204,0.21161005859375004,0.4551041970707159,0.318603759765625
glas_60_TILE_5,joint_noise_lizard_semantic_glas_set_softmax_pu_1_00,0.19618242979049683,0.4077434338543989,0.5639826681761615,0.7254845961084906,0.0,0.0,0.26905395271226673,0.33757200142526145,0.4103876572736275,0.48272536351130557,0.45395350302419357,0.5042822265625001,0.437176513671875,0.36459228515625,0.256283187866211,0.24743583984375003,0.48032720787671446,0.3459011303048255
glas_60_TILE_6,joint_noise_lizard_semantic_glas_set_softmax_pu_1_00,0.1904953345656395,0.4042757243009536,0.5509009576612903,0.705078125,0.0,0.0,0.26000143980777823,0.3245858207710779,0.397974029789126,0.47343205574912894,0.4292645003184939,0.494697265625,0.418594970703125,0.3547845458984375,0.2587139892578125,0.2377193359375,0.40322942752732516,0.3128360762080055
glas_38_TILE_0,joint_noise_lizard_semantic_glas_set_softmax_pu_1_00,0.14439130574464798,0.4252643415539584,0.5819427555303838,0.7202962239583334,0.0,0.0,0.2005521142430717,0.26182429294266946,0.35587534510103386,0.4898444943311738,0.4728148203017079,0.604638671875,0.38374633789062484,0.309388427734375,0.21108062744140632,0.189011572265625,0.5098131058527143,0.3500588569213575
glas_38_TILE_1,joint_noise_lizard_semantic_glas_set_softmax_pu_1_00,0.16620010882616043,0.41612482140082185,0.5669629791351963,0.7170840992647058,0.0,0.0,0.22886964482154498,0.2914609277308009,0.376397006240158,0.4862680105325309,0.4369090710353229,0.5092236328125,0.393375244140625,0.28587432861328127,0.21354217529296882,0.210743212890625,0.4758147712246691,0.3165741401665968
glas_38_TILE_2,joint_noise_lizard_semantic_glas_set_softmax_pu_1_00,0.1907193660736084,0.42348899157795133,0.5660537112937797,0.7169879415760869,0.0,0.0,0.25974065571052746,0.32634149115190175,0.409370334339263,0.5119427718012186,0.46297307399155724,0.536904296875,0.38861450195312486,0.30721313476562495,0.23981529235839844,0.22351542968750004,0.47198173285286005,0.36603117505227123
glas_38_TILE_4,joint_noise_lizard_semantic_glas_set_softmax_pu_1_00,0.14054565876722336,0.44652975230443825,0.5805545894644458,0.7173258463541666,0.0,0.0,0.19655392978808575,0.26102242650703,0.36666997351344827,0.5224951350296894,0.507400300378216,0.6070214843750003,0.401455078125,0.26167419433593747,0.1953758239746094,0.17301982421875003,0.46300556227270984,0.4108639114227536
glas_38_TILE_5,joint_noise_lizard_semantic_glas_set_softmax_pu_1_00,0.15998516231775284,0.4248012162223431,0.5687864547854223,0.7200907044491526,0.0,0.0,0.2203485802826345,0.28314353138505904,0.3747287933096757,0.49675475052321155,0.46002923947021024,0.517958984375,0.38515991210937484,0.27007049560546864,0.22367523193359376,0.20113061523437503,0.4474373515965935,0.35211305085247085
glas_38_TILE_6,joint_noise_lizard_semantic_glas_set_softmax_pu_1_00,0.17861581593751907,0.4124287365531978,0.5617080272429993,0.7272374770220589,0.0,0.0,0.24667349355404067,0.31316520467139763,0.394506780155179,0.48617628959760273,0.43553619903235335,0.501796875,0.399696044921875,0.353267822265625,0.2535555267333985,0.22954687499999996,0.4490445740298984,0.32644948331097334
glas_52_TILE_0,joint_noise_lizard_semantic_glas_set_softmax_pu_1_00,0.09373009204864502,0.40971670730950016,0.553675147251309,0.71142578125,0.0,0.0,0.1275972359971759,0.16952901949902177,0.2471797962655957,0.4090131942730483,0.42771909121929025,0.5172998046875,0.322200927734375,0.2340386962890625,0.15755546569824222,0.15183569335937505,0.3773175872170704,0.37464987619379453
glas_52_TILE_1,joint_noise_lizard_semantic_glas_set_softmax_pu_1_00,0.09658246487379074,0.42512259623901644,0.5736208637591996,0.721991177262931,0.0,0.0,0.13199567345089036,0.17671270836504796,0.2583628936250699,0.4339650936928702,0.45425501977378563,0.5047900390625001,0.31041748046875,0.2050762939453125,0.1407365417480469,0.13218212890625003,0.47947881010373633,0.412648479733599
glas_52_TILE_2,joint_noise_lizard_semantic_glas_set_softmax_pu_1_00,0.10783460736274719,0.4235545910900253,0.5644618988037109,0.7174030172413793,0.0,0.0,0.14761339049394095,0.19737037244063024,0.2861205732602243,0.45019903245467013,0.4357224192392319,0.48116699218750014,0.311409912109375,0.2010806274414062,0.16539253234863285,0.148100537109375,0.45876753567375567,0.3834699095131192
glas_52_TILE_4,joint_noise_lizard_semantic_glas_set_softmax_pu_1_00,0.12736822664737701,0.4168053660656719,0.585745422489648,0.729053561970339,0.0,0.0,0.17724432794803915,0.2355611490270328,0.32869282139976375,0.4647004871826543,0.44998211314641445,0.5629248046875001,0.4054248046874999,0.3291235351562499,0.20355148315429689,0.192106298828125,0.47643643469062286,0.3673139738687062
glas_52_TILE_5,joint_noise_lizard_semantic_glas_set_softmax_pu_1_00,0.12334460020065308,0.4144489572760917,0.5570201962991114,0.7021484375,0.0,0.0,0.17129878490489542,0.2275629274894245,0.3183433568358978,0.45617028424631517,0.4534829532398897,0.5526660156250002,0.3945739746093749,0.31425262451171876,0.2418585205078125,0.21170400390625005,0.4506717293253534,0.3699139227240097
glas_52_TILE_6,joint_noise_lizard_semantic_glas_set_softmax_pu_1_00,0.10659042745828629,0.42001811512108467,0.5661207793709528,0.7126736111111112,0.0,0.0,0.1469101720159663,0.19732955530923965,0.28939812212175225,0.4489739419188563,0.4474078548843596,0.5610009765625,0.4388769531249999,0.25908203124999996,0.15001617431640624,0.137314453125,0.4558061328259325,0.39460239224943905
glas_57_TILE_0,joint_noise_lizard_semantic_glas_set_softmax_pu_1_00,0.245963454246521,0.40944036002827594,0.5461461078689759,0.7276611328125,0.0,0.0,0.3261738753241376,0.3857080645599472,0.43834024724316023,0.48835725918866635,0.44607260193566206,0.5457568359375,0.43906860351562493,0.3931402587890625,0.34253952026367185,0.3173796875,0.38152767241987073,0.3315504488031915
glas_57_TILE_1,joint_noise_lizard_semantic_glas_set_softmax_pu_1_00,0.23931022733449936,0.4086686968289613,0.5445323000672043,0.7099609375,0.0,0.0,0.3174447693481565,0.37676676151952565,0.43290876073654605,0.4872685322105921,0.4503334065124354,0.49512207031250005,0.43680053710937483,0.39502288818359366,0.32542953491210946,0.284421533203125,0.42502781319211447,0.3394391010422055
glas_57_TILE_2,joint_noise_lizard_semantic_glas_set_softmax_pu_1_00,0.23536591231822968,0.4085426141274506,0.5582646697937376,0.7212890625,0.0,0.0,0.31249128296993384,0.37175152394591854,0.43007207483895354,0.48936000400762636,0.4456311486145607,0.5838916015625,0.44283935546874986,0.39855224609375,0.35630706787109384,0.299371826171875,0.47939031696251216,0.3273809899883359
glas_57_TILE_4,joint_noise_lizard_semantic_glas_set_softmax_pu_1_00,0.24684636294841766,0.409703628299653,0.5460611979166666,0.7109375,0.0,0.0,0.3263058001052927,0.383968323469162,0.4377777343154323,0.4894798924470131,0.4415817566619447,0.5145947265625,0.4379101562499999,0.390439453125,0.31019554138183597,0.2969003417968751,0.39792150011365984,0.3163354770037041
glas_57_TILE_5,joint_noise_lizard_semantic_glas_set_softmax_pu_1_00,0.2732440009713173,0.40802314795082945,0.542383323789267,0.0,0.0,0.0,0.3542805025413255,0.40368905873539906,0.44647478274682617,0.4886453347879129,0.45800681011858474,0.4978466796875,0.440955810546875,0.390938720703125,0.3565763854980469,0.3390373046875001,0.4080350125879947,0.3520580321976196
glas_57_TILE_6,joint_noise_lizard_semantic_glas_set_softmax_pu_1_00,0.21677132695913315,0.4172420139983783,0.5616232570213607,0.7178744612068966,0.0,0.0,0.2932611721863499,0.3600574975597853,0.4304444811337239,0.49870070924593835,0.45554712502751626,0.5198779296875001,0.451717529296875,0.38556732177734365,0.32222946166992195,0.311104638671875,0.4466440436399227,0.35686750857980387
glas_58_TILE_0,joint_noise_lizard_semantic_glas_set_softmax_pu_1_00,0.18458041548728943,0.41973520346957527,0.5668656628897228,0.722198486328125,0.0,0.0,0.2560680415648404,0.32800224856217797,0.41124683497051795,0.5033268239054906,0.44890019292893035,0.5778466796875,0.42570434570312493,0.33903228759765625,0.258377685546875,0.235992236328125,0.4010805775108358,0.3609015320871939
glas_58_TILE_1,joint_noise_lizard_semantic_glas_set_softmax_pu_1_00,0.19652456790208817,0.41239818681378804,0.5554712523612023,0.70322265625,0.0,0.0,0.2702695275091956,0.3405189828308958,0.41424802353245943,0.49224185247490876,0.4344469444552378,0.5563281250000001,0.405311279296875,0.33815093994140627,0.2784284973144531,0.24882587890625005,0.38511582605698813,0.34382883343767495
glas_58_TILE_3,joint_noise_lizard_semantic_glas_set_softmax_pu_1_00,0.15453946590423584,0.4151007669410527,0.5616539458525346,0.715576171875,0.0,0.0,0.21748086595851993,0.2969829921522227,0.3956636258257114,0.4883067621961608,0.4685818533441186,0.5419042968750001,0.42745239257812495,0.37430755615234373,0.2834992980957032,0.264402880859375,0.4525925221176327,0.3794711622671448
glas_58_TILE_4,joint_noise_lizard_semantic_glas_set_softmax_pu_1_00,0.1315310299396515,0.41557907437452973,0.5652943571535544,0.7103562127976191,0.0,0.0,0.18401154172121476,0.252354188747298,0.35906700606682074,0.4770275651954435,0.4553281798307675,0.5493115234375,0.3972180175781249,0.3365960693359375,0.25799667358398437,0.2360375,0.4680030638873839,0.36538172221907567
glas_54_TILE_0,joint_noise_lizard_semantic_glas_set_softmax_pu_1_00,0.16083113104104996,0.4500177966807282,0.5702320569550529,0.7182142469618056,0.0,0.0,0.22209415607594318,0.2896531188534901,0.3936782417047073,0.5371475068741437,0.5168119393124772,0.556103515625,0.346385498046875,0.2651559448242187,0.2142167663574219,0.197545703125,0.491256908395775,0.44517594071791977
glas_54_TILE_1,joint_noise_lizard_semantic_glas_set_softmax_pu_1_00,0.14243591576814651,0.4570982017312322,0.5737132799223112,0.7235826153621495,0.0,0.0,0.1983531662841924,0.2644746578260853,0.3758074533606963,0.5359444860635464,0.5144147322795468,0.4941210937500001,0.353902587890625,0.26162139892578123,0.21004440307617187,0.18860732421875,0.5009886613242709,0.46321468905177177
glas_54_TILE_2,joint_noise_lizard_semantic_glas_set_softmax_pu_1_00,0.1327848881483078,0.44085280103325497,0.5730642879710478,0.7139235276442307,0.0,0.0,0.18420560286029794,0.2450210415824614,0.34593842570814687,0.5031964765076671,0.5136350472197281,0.5133496093750001,0.37489013671875,0.29864715576171863,0.2356887817382813,0.195460009765625,0.46807499100237465,0.4258708966948353
glas_54_TILE_4,joint_noise_lizard_semantic_glas_set_softmax_pu_1_00,0.1352098509669304,0.4459421500471317,0.5748504846949138,0.7218424479166666,0.0,0.0,0.18794067334981387,0.24820559503594164,0.3487201376709369,0.5107652266457382,0.5077871581814654,0.584697265625,0.36486083984375,0.23005523681640624,0.1744232940673828,0.15618232421875006,0.4846176126600994,0.4355127836171435
glas_54_TILE_5,joint_noise_lizard_semantic_glas_set_softmax_pu_1_00,0.11614886671304703,0.4398378510332841,0.5698354949618737,0.7298409598214286,0.0,0.0,0.1632535575459389,0.21853753231592543,0.31738812449163745,0.4879741857662704,0.4980909639731992,0.5768310546875,0.38345947265625,0.28366638183593745,0.1935376739501953,0.16661269531250006,0.4769316756341458,0.40257819790252797
glas_54_TILE_6,joint_noise_lizard_semantic_glas_set_softmax_pu_1_00,0.1473250463604927,0.43436868335481604,0.5706360620769086,0.714630126953125,0.0,0.0,0.20466004074374824,0.2687201531582953,0.3673981788447846,0.505261396057194,0.48275136748973335,0.5254394531250001,0.35623779296874986,0.2612026977539062,0.23487586975097663,0.21509130859375,0.4741550051063515,0.4002607734868343
glas_25_TILE_0,joint_noise_lizard_semantic_glas_set_softmax_pu_1_00,0.1955731436610222,0.4052516381048387,0.5320723684210527,0.0,0.0,0.0,0.2668202017707153,0.33065594284717564,0.4034831638027311,0.473158353998833,0.4430895332646483,0.46824218750000013,0.4489855957031249,0.38475860595703126,0.3497689056396485,0.33082368164062503,0.40016366858713115,0.36662719427125917
glas_25_TILE_1,joint_noise_lizard_semantic_glas_set_softmax_pu_1_00,0.1361338198184967,0.41796594787205565,0.5625608075829605,0.7155330882352942,0.0,0.0,0.18886323388299434,0.2484718531024605,0.3425951244580833,0.47161201748075166,0.44426201080607475,0.55109375,0.42067016601562485,0.33824981689453126,0.21459037780761722,0.20243110351562504,0.3965531007965629,0.3646809573641812
glas_25_TILE_2,joint_noise_lizard_semantic_glas_set_softmax_pu_1_00,0.11972065269947052,0.4041653315413839,0.5341707164534121,0.0,0.0,0.0,0.16688883381987712,0.22020708924537558,0.31108971544541325,0.44072979169831383,0.42228808942938023,0.4502734375000001,0.3930981445312499,0.29825653076171876,0.21283462524414062,0.223383349609375,0.36674618839607875,0.3133855595990932
glas_25_TILE_4,joint_noise_lizard_semantic_glas_set_softmax_pu_1_00,0.1684957966208458,0.4054008260827842,0.5461138556985294,0.7244698660714286,0.0,0.0,0.23209871039832627,0.29731462731442665,0.37845544490018795,0.46752501631822685,0.42707418198751207,0.5420703125,0.41757812499999986,0.36556884765625,0.28616928100585937,0.256730322265625,0.4211892158158101,0.3290736663351128
glas_25_TILE_5,joint_noise_lizard_semantic_glas_set_softmax_pu_1_00,0.2015487104654312,0.4028145528255379,0.5365101207386364,0.70556640625,0.0,0.0,0.27561320019758756,0.34085341025982935,0.4072290657438074,0.47190454120072023,0.4212389380018816,0.5006787109375,0.42292236328125,0.34809539794921873,0.27962493896484375,0.25855708007812495,0.372780149875113,0.3142932247758846
glas_25_TILE_6,joint_noise_lizard_semantic_glas_set_softmax_pu_1_00,0.17721129953861237,0.40524414331748,0.548620415158686,0.0,0.0,0.0,0.24942968222105366,0.32018367116044205,0.3962939048766702,0.47188940708174903,0.4225638731639515,0.46781250000000013,0.40737792968749986,0.36675231933593744,0.3237966156005859,0.30256918945312505,0.41893622151318755,0.30285630756306003
glas_8_TILE_0,joint_noise_lizard_semantic_glas_set_softmax_pu_1_00,0.2772773802280426,0.4080620299989444,0.5424209853350106,0.0,0.0,0.0,0.3583784687894906,0.4053278962019524,0.448337664122477,0.49129066885224376,0.4561613927151068,0.5217578125,0.4533642578125,0.41580230712890626,0.3735873413085937,0.3476076660156251,0.43726502718990523,0.3424395323567289
glas_8_TILE_1,joint_noise_lizard_semantic_glas_set_softmax_pu_1_00,0.24758685380220413,0.409363684997137,0.5508978463074552,0.711181640625,0.0,0.0,0.3302147054568355,0.387812522626288,0.4395518489384694,0.4894425814777518,0.4523951350438178,0.5256347656249999,0.429957275390625,0.3778878784179687,0.32182922363281263,0.311464599609375,0.4156620244159273,0.3372467602340993
glas_8_TILE_2,joint_noise_lizard_semantic_glas_set_softmax_pu_1_00,0.255755290389061,0.4071684899589794,0.5443697328920718,0.7021484375,0.0,0.0,0.3342325793164488,0.38716552979637886,0.43785557642367645,0.48822381822450295,0.4398444543622276,0.5216601562500001,0.43315673828124995,0.391158447265625,0.3475656127929688,0.32676816406250003,0.37746999439689577,0.31563454260451745
glas_8_TILE_4,joint_noise_lizard_semantic_glas_set_softmax_pu_1_00,0.2526666149497032,0.4086931825013554,0.5456764914772727,0.708984375,0.0,0.0,0.33567531879872925,0.3923944105020445,0.44112621838317495,0.4896174754644891,0.4633096064814815,0.49460449218750013,0.4443652343749999,0.3953085327148437,0.3240353393554688,0.3159293457031251,0.4126229139570172,0.3578712833737864
glas_8_TILE_5,joint_noise_lizard_semantic_glas_set_softmax_pu_1_00,0.2558407261967659,0.4116547357936252,0.5655918621465296,0.7237684461805556,0.0,0.0,0.33656256597676254,0.39221368730068207,0.44482667429423195,0.5064678053590345,0.45404777520299877,0.5837451171875001,0.45615966796875,0.37893646240234374,0.3179496765136719,0.29668002929687504,0.4567340867093224,0.3417979386106334
glas_8_TILE_6,joint_noise_lizard_semantic_glas_set_softmax_pu_1_00,0.25200312584638596,0.40685575653424005,0.548665187669837,0.71015625,0.0,0.0,0.32897438122904377,0.3821935296938884,0.4346755959748883,0.4875144616473028,0.4346755959748883,0.4984912109375001,0.430830078125,0.3432424926757811,0.3052155303955078,0.2800519531250001,0.4687335608903278,0.31274851314458896
glas_30_TILE_0,joint_noise_lizard_semantic_glas_set_softmax_pu_1_00,0.1534460112452507,0.4170292678614813,0.5622406467407743,0.7171223958333334,0.0,0.0,0.21301377985160747,0.2808194982263488,0.3749850847760483,0.4859319010219172,0.43733383569307344,0.53748046875,0.397357177734375,0.2602777099609375,0.2102428436279297,0.19101494140625006,0.43181719022219256,0.3479836115517927
glas_30_TILE_1,joint_noise_lizard_semantic_glas_set_softmax_pu_1_00,0.13901697099208832,0.42011116861274744,0.5744144886806422,0.7232259114583334,0.0,0.0,0.19351605537763217,0.2566112273687875,0.35469690014650923,0.4813916216686366,0.45816508428730224,0.524404296875,0.40236694335937495,0.2908697509765625,0.20956878662109374,0.20429028320312503,0.45625313659471817,0.3735878793352601
glas_30_TILE_2,joint_noise_lizard_semantic_glas_set_softmax_pu_1_00,0.17557991296052933,0.4310971700392866,0.5704019393286877,0.7184464738175675,0.0,0.0,0.24193350664228216,0.31037048425405317,0.4019476337891121,0.5156026263272568,0.47461436296417725,0.5557226562500002,0.373299560546875,0.2623724365234375,0.2246570587158203,0.20108593750000003,0.46529430964906626,0.4049324328217183
glas_30_TILE_4,joint_noise_lizard_semantic_glas_set_softmax_pu_1_00,0.16318543255329132,0.42201961833200635,0.5638516788151364,0.7155691964285714,0.0,0.0,0.2250688858260721,0.2937881427870695,0.3856827771365703,0.49626362576161465,0.4558861326883344,0.54296875,0.436646728515625,0.27921875,0.21538970947265626,0.20240029296875003,0.4475494208857829,0.3663197112647997
glas_30_TILE_5,joint_noise_lizard_semantic_glas_set_softmax_pu_1_00,0.1548021137714386,0.4270565616592132,0.5703979873827602,0.7176016348379629,0.0,0.0,0.21480158857116408,0.28005440393095066,0.37487995562224025,0.4988500347698522,0.4669427834875013,0.5122607421875,0.4058386230468749,0.3019311523437499,0.20516815185546883,0.193683740234375,0.4632861863233323,0.37970349383747654
glas_30_TILE_6,joint_noise_lizard_semantic_glas_set_softmax_pu_1_00,0.15258346498012543,0.4278776234194912,0.5629015554100043,0.7369290865384616,0.0,0.0,0.21171106357100972,0.276941414353017,0.369316971510853,0.4968027804883854,0.4741711332381753,0.607724609375,0.399447021484375,0.27568206787109373,0.2107431030273438,0.19437041015625003,0.45784976571657443,0.3896606077375087
glas_5_TILE_0,joint_noise_lizard_semantic_glas_set_softmax_pu_1_00,0.12830202281475067,0.41440560408464566,0.5661932875067641,0.7150607638888888,0.0,0.0,0.18196765988372093,0.2482253197644547,0.3519820980757984,0.47053488802241933,0.47404598566994516,0.5583789062500002,0.429652099609375,0.3412353515625,0.23648597717285155,0.2105916015625,0.4968961500082314,0.36904352181937705
glas_5_TILE_1,joint_noise_lizard_semantic_glas_set_softmax_pu_1_00,0.15342814475297928,0.4084302265769028,0.5555338982154939,0.7206143465909091,0.0,0.0,0.21576621342817884,0.2860098335494204,0.3764768183549124,0.47138558960425225,0.44130215245642673,0.486962890625,0.43008178710937484,0.3558566284179687,0.25032875061035165,0.21840693359375,0.383437626256621,0.3446915737551721
glas_5_TILE_2,joint_noise_lizard_semantic_glas_set_softmax_pu_1_00,0.16182684898376465,0.40998757465948327,0.5430138221153846,0.0,0.0,0.0,0.2287593083332426,0.3027506599812721,0.3931213602296411,0.47367493000189825,0.46230984791519225,0.47428710937500007,0.43193359374999996,0.3914410400390624,0.3436969757080079,0.296667919921875,0.3913198431830411,0.34827626492057157
glas_5_TILE_4,joint_noise_lizard_semantic_glas_set_softmax_pu_1_00,0.14391469955444336,0.40828409246002395,0.5391980748373102,0.0,0.0,0.0,0.2020799756549934,0.26929181785455447,0.36571704952494666,0.4641073855737736,0.44602078200699186,0.48108886718750016,0.429287109375,0.33970184326171876,0.22496627807617187,0.206115771484375,0.4012871262642362,0.3354602619179601
glas_5_TILE_5,joint_noise_lizard_semantic_glas_set_softmax_pu_1_00,0.18445338308811188,0.4084435925706651,0.5453999837239584,0.7061767578125,0.0,0.0,0.259374326464661,0.332909706523148,0.4085917140499772,0.4780825196781899,0.44679158366533867,0.5277734375,0.42978149414062494,0.375203857421875,0.2729817199707032,0.23699208984375,0.44186057342916396,0.34408601439223385
glas_5_TILE_6,joint_noise_lizard_semantic_glas_set_softmax_pu_1_00,0.20255784690380096,0.4135717290068446,0.548286041450104,0.7099609375,0.0,0.0,0.2801779753902508,0.35248876781902727,0.4242674044477261,0.4864521831885178,0.4634326116596273,0.4947216796875,0.44310791015625,0.40365447998046877,0.36660385131835943,0.330187744140625,0.4416988731378571,0.3694553664312308
glas_7_TILE_0,joint_noise_lizard_semantic_glas_set_softmax_pu_1_00,0.1217317134141922,0.4143809084053546,0.557339776271593,0.7288411458333334,0.0,0.0,0.17069641716932943,0.229298828481258,0.3351320814919232,0.4663390368950076,0.4724279658467944,0.4547216796875,0.40133178710937495,0.27187774658203123,0.18080085754394531,0.18574497070312504,0.4232160642938098,0.38632210834170433
glas_7_TILE_1,joint_noise_lizard_semantic_glas_set_softmax_pu_1_00,0.13723326474428177,0.43831878048630274,0.5653989379750272,0.7128441220238095,0.0,0.0,0.19132162304391379,0.2569855103785627,0.3652144137387502,0.5067327889231824,0.47132878263142947,0.5248583984375,0.343885498046875,0.25773101806640625,0.20288093566894538,0.17232685546875004,0.4512669418050925,0.4042620663314796
glas_7_TILE_2,joint_noise_lizard_semantic_glas_set_softmax_pu_1_00,0.09739764034748077,0.4251012578408404,0.564647079066847,0.7206307870370371,0.0,0.0,0.13531546038593467,0.1860994968272712,0.2802029214854263,0.45133661878808073,0.4427451122470489,0.54060546875,0.346846923828125,0.255865478515625,0.17240966796875004,0.16101259765625003,0.39148132291537624,0.38043354593182777
glas_7_TILE_4,joint_noise_lizard_semantic_glas_set_softmax_pu_1_00,0.15291965007781982,0.41622402011983356,0.5620812378753374,0.7137044270833334,0.0,0.0,0.21168341308964825,0.27929605576114974,0.37527318844778756,0.4828549643927325,0.45379520252816796,0.478857421875,0.39116577148437487,0.270333251953125,0.22824981689453128,0.202546533203125,0.43371527054650466,0.360678271004358
glas_7_TILE_5,joint_noise_lizard_semantic_glas_set_softmax_pu_1_00,0.14363805949687958,0.42318683609754537,0.5693547642646144,0.7102272727272727,0.0,0.0,0.19965706852166662,0.2662174604092425,0.3694190967367819,0.48822108757035293,0.4689825608325099,0.49322753906250016,0.381883544921875,0.238946533203125,0.18310142517089845,0.17658603515625,0.44045435794843596,0.3750008522479346
glas_7_TILE_6,joint_noise_lizard_semantic_glas_set_softmax_pu_1_00,0.1542186290025711,0.4271355911561603,0.5681756524725274,0.7118765024038461,0.0,0.0,0.21432438867565773,0.2828628424752087,0.38364453819709093,0.5016291935268539,0.46622736502828943,0.5170996093750001,0.35766845703125,0.27119903564453124,0.200118408203125,0.19092016601562503,0.43902174138658795,0.3857067144855684
glas_61_TILE_0,joint_noise_lizard_semantic_glas_set_softmax_pu_1_00,0.13223401457071304,0.4183019987635312,0.5642686790812591,0.7162613407258065,0.0,0.0,0.18579429041162757,0.25259894228275465,0.3609191968994637,0.4793074765755664,0.4439185983082257,0.5812548828125,0.41937133789062486,0.310029296875,0.2493073272705079,0.24132519531250005,0.4424672624458262,0.35260905103966916
glas_61_TILE_1,joint_noise_lizard_semantic_glas_set_softmax_pu_1_00,0.15464705973863602,0.426527332793171,0.5767739111461172,0.7143998579545454,0.0,0.0,0.2153996709765659,0.2825855617640002,0.3767546794094878,0.5003285637777398,0.43362629464455743,0.5577685546875001,0.4160986328125,0.3119955444335937,0.2384835052490235,0.21036904296875,0.44090968570663874,0.3261565999113002
glas_61_TILE_2,joint_noise_lizard_semantic_glas_set_softmax_pu_1_00,0.1801547035574913,0.4184408341028879,0.5734420376606525,0.7164180360991379,0.0,0.0,0.25010208155443037,0.31808244669453756,0.40096546790772475,0.4998019961860236,0.4411658864660538,0.523349609375,0.407005615234375,0.3409539794921875,0.2636508941650391,0.242455224609375,0.4369430478401976,0.3233816662231163
glas_61_TILE_4,joint_noise_lizard_semantic_glas_set_softmax_pu_1_00,0.13758093118667603,0.4118821756238974,0.5645838191853234,0.7175202546296297,0.0,0.0,0.19198725534477057,0.2584020093813871,0.3620257547871529,0.4723429722068584,0.43128816770065703,0.558173828125,0.3955541992187499,0.3233135986328125,0.26083427429199224,0.24859248046875004,0.43834910373195224,0.3297545295545006
glas_61_TILE_5,joint_noise_lizard_semantic_glas_set_softmax_pu_1_00,0.16223783046007156,0.4155765635444519,0.5589991694774057,0.7171875,0.0,0.0,0.22507238421244347,0.29257720722851127,0.3799908863435577,0.4843884375712711,0.4178747434550399,0.49904296875,0.378341064453125,0.26814849853515615,0.22169395446777349,0.21475913085937504,0.41440242757072643,0.3081965448748551
glas_61_TILE_6,joint_noise_lizard_semantic_glas_set_softmax_pu_1_00,0.1729225590825081,0.41850342262591533,0.5626517316536527,0.7211248224431818,0.0,0.0,0.23975572123231773,0.30867097169681806,0.39383624136792933,0.4950052107126542,0.43151867269498345,0.48156738281249983,0.4076611328125,0.29772369384765623,0.2459886932373047,0.23315361328125,0.41630397843776,0.320802369870985
glas_59_TILE_0,joint_noise_lizard_semantic_glas_set_softmax_pu_1_00,0.1950887367129326,0.40660931068893674,0.5553176749465812,0.7138671875,0.0,0.0,0.2696460152797581,0.3349205176548885,0.40637573329105636,0.4812685453331686,0.4569401372985581,0.5213427734375,0.45650024414062496,0.4071636962890625,0.3321841430664063,0.280732666015625,0.4201863970468035,0.36111999147485085
glas_59_TILE_1,joint_noise_lizard_semantic_glas_set_softmax_pu_1_00,0.17717240005731583,0.40858822401825545,0.5502802270212023,0.7185872395833334,0.0,0.0,0.24813171438579817,0.3149026353500152,0.3919511432810594,0.4790076994478294,0.4401868492254821,0.5896093750000001,0.47541992187499993,0.38167388916015627,0.2588022613525391,0.24011850585937505,0.4407468015014223,0.3315931598932677
glas_59_TILE_2,joint_noise_lizard_semantic_glas_set_softmax_pu_1_00,0.21087798476219177,0.4069738144617211,0.5465070766533067,0.7197265625,0.0,0.0,0.28650657308226263,0.3500779718160629,0.41635341965102396,0.47806973876399184,0.45491516669832827,0.53654296875,0.45129760742187486,0.41202758789062494,0.339046859741211,0.29904184570312503,0.4230384155275796,0.3450237697877707
glas_59_TILE_4,joint_noise_lizard_semantic_glas_set_softmax_pu_1_00,0.23322536051273346,0.414216973694456,0.5537134753443347,0.0,0.0,0.0,0.3116092757080275,0.3725340071499558,0.434881329929868,0.5008524849411922,0.4647598660664159,0.5847314453125,0.443431396484375,0.41679656982421875,0.3295120239257813,0.28521875,0.4222038897506487,0.36658228159433326
glas_59_TILE_5,joint_noise_lizard_semantic_glas_set_softmax_pu_1_00,0.1929914653301239,0.40617915447173975,0.5311128282055413,0.0,0.0,0.0,0.26962030671737236,0.3411425656103161,0.4120424134079188,0.47491034908571106,0.4410497965192923,0.5379687500000001,0.43916625976562496,0.3877731323242187,0.3101494598388672,0.276958837890625,0.3695239289425636,0.35698079272605315
glas_59_TILE_6,joint_noise_lizard_semantic_glas_set_softmax_pu_1_00,0.14316901564598083,0.40723773077176284,0.5617365704835766,0.7171075994318182,0.0,0.0,0.20147696718053593,0.26507333422611784,0.35653831490470195,0.46358550386715197,0.4523986661100509,0.6131542968750003,0.422890625,0.38241912841796866,0.28533065795898443,0.2618424316406251,0.4033549724989723,0.3391379769484872
glas_9_TILE_0,joint_noise_lizard_semantic_glas_set_softmax_pu_1_00,0.1940339133143425,0.4060799090314932,0.5597132952564741,0.705078125,0.0,0.0,0.2699596060169777,0.3394874740662912,0.41046046257357793,0.4766345838291402,0.4334632123359287,0.4718945312500001,0.4167529296874999,0.37860198974609377,0.3340738677978516,0.30805087890625,0.5175224437596162,0.320082370755279
glas_9_TILE_1,joint_noise_lizard_semantic_glas_set_softmax_pu_1_00,0.20093632489442825,0.41347866810686185,0.5797802641487001,0.722219669117647,0.0,0.0,0.2734462200676235,0.3387012284959567,0.4128471185724811,0.49638235381155305,0.4430135007317848,0.63150390625,0.4112744140625,0.3415264892578125,0.2871725463867188,0.2678880859375,0.49322328503652313,0.3291631514533785
glas_9_TILE_2,joint_noise_lizard_semantic_glas_set_softmax_pu_1_00,0.251576192677021,0.40861293123259673,0.5505886168105487,0.7152235243055556,0.0,0.0,0.33314796878063524,0.38962252462868835,0.4398878071628573,0.4909375881772009,0.45221459173387096,0.5353173828125,0.44195312499999984,0.4017816162109375,0.3573297882080078,0.3423318359375,0.47111980423343575,0.3491973914178763
glas_9_TILE_4,joint_noise_lizard_semantic_glas_set_softmax_pu_1_00,0.19538967311382294,0.40803162555727857,0.5377496213329082,0.703125,0.0,0.0,0.27344828287317335,0.34204761603369493,0.4131012847593073,0.4758593098760988,0.44111913671204206,0.46455078125000004,0.43766357421875,0.38783843994140615,0.364757080078125,0.33020522460937507,0.4043223042919907,0.32899392177767234
glas_9_TILE_5,joint_noise_lizard_semantic_glas_set_softmax_pu_1_00,0.15234990417957306,0.4035605110623632,0.5703946100756726,0.7179236778846154,0.0,0.0,0.21443467307383257,0.27852709734020265,0.3669137015997005,0.4620450847594908,0.4394009804401776,0.5572558593750001,0.4069970703125,0.3471221923828125,0.2870391845703125,0.260040869140625,0.4010429504995225,0.3241340002221874
glas_9_TILE_6,joint_noise_lizard_semantic_glas_set_softmax_pu_1_00,0.2362707406282425,0.402810881379849,0.5364418029785156,0.0,0.0,0.0,0.31818409836969547,0.37563705304722766,0.42707171287986045,0.4775638372537681,0.4333666969296371,0.4735400390624999,0.44488281249999995,0.3951580810546875,0.3523674011230469,0.3095722167968751,0.43321974282841735,0.3335702357716288
glas_44_TILE_0,joint_noise_lizard_semantic_glas_set_softmax_pu_1_00,0.15312540531158447,0.4412865926951759,0.5727260176711897,0.7196480887276786,0.0,0.0,0.2129829652975984,0.2824336746962136,0.3862850031570464,0.5198616474572243,0.4893170633094637,0.512529296875,0.389141845703125,0.30365386962890617,0.2527542114257813,0.220680126953125,0.4469107300037785,0.4141295354897976
glas_44_TILE_1,joint_noise_lizard_semantic_glas_set_softmax_pu_1_00,0.13159222900867462,0.4217446671051233,0.5604009634877501,0.7088216145833334,0.0,0.0,0.1830311657736866,0.243203127969629,0.3434539372791014,0.47668918798142923,0.44935919245694383,0.4864404296875,0.35259033203125,0.24733947753906238,0.1964642333984375,0.183001708984375,0.4542629875676141,0.3463201607593548
glas_44_TILE_2,joint_noise_lizard_semantic_glas_set_softmax_pu_1_00,0.1500644087791443,0.4247502524565856,0.5682341052639869,0.7111922554347826,0.0,0.0,0.20748180753250856,0.27115307953256335,0.368689545186154,0.49295196347346987,0.45114029462064675,0.5034765625,0.35810791015624993,0.25257293701171873,0.20111106872558593,0.20238110351562502,0.43389468981674717,0.3618549365984727
glas_44_TILE_4,joint_noise_lizard_semantic_glas_set_softmax_pu_1_00,0.11489200592041016,0.43029073250011646,0.5715614332147008,0.7125202047413793,0.0,0.0,0.16131604763372534,0.2184245535952457,0.3255718059786748,0.48154696047333234,0.4797309544170137,0.5596484374999998,0.3928723144531249,0.2988088989257813,0.25157142639160157,0.23266679687500005,0.46463825928255276,0.3720159456623134
glas_44_TILE_5,joint_noise_lizard_semantic_glas_set_softmax_pu_1_00,0.1440892145037651,0.4237108724382649,0.5704566976584022,0.7271800321691176,0.0,0.0,0.19997673107429664,0.26658817455056905,0.3712773703501372,0.4915637543277279,0.45592651069600193,0.5302099609375002,0.4304211425781249,0.3225012207031249,0.26141899108886724,0.23719365234375003,0.4651402975730464,0.36568982741192707
glas_44_TILE_6,joint_noise_lizard_semantic_glas_set_softmax_pu_1_00,0.16677025705575943,0.41945562920408197,0.5636154760846372,0.7233573717948718,0.0,0.0,0.23062762757012528,0.2974350689256967,0.3852663588606228,0.4948971170774648,0.44907038892074963,0.4956787109375,0.3818041992187499,0.2618496704101563,0.20589576721191405,0.196495263671875,0.436765495754806,0.34856496273892595
glas_19_TILE_0,joint_noise_lizard_semantic_glas_set_softmax_pu_1_00,0.19922756403684616,0.40279143180638544,0.5324658739697802,0.0,0.0,0.0,0.2706595283459651,0.33446023739840963,0.4029890442668696,0.47248157182409806,0.42488036591029726,0.48922851562500014,0.4102111816406249,0.3662362670898438,0.2981405639648438,0.27969443359375,0.38333822892568703,0.31906014523088816
glas_19_TILE_1,joint_noise_lizard_semantic_glas_set_softmax_pu_1_00,0.19899222254753113,0.4079982902960937,0.5631306489680913,0.7213400135869565,0.0,0.0,0.27249579575443467,0.3383195676010679,0.40964597342965303,0.482399905672436,0.439164844793424,0.5662109375,0.42561157226562485,0.3666973876953125,0.2921524047851563,0.261493505859375,0.4636531637917789,0.33347498223056476
glas_19_TILE_2,joint_noise_lizard_semantic_glas_set_softmax_pu_1_00,0.19744278490543365,0.4051960867237524,0.5456124868597095,0.0,0.0,0.0,0.2716480025755681,0.33960506449093125,0.40918742815088155,0.47717167977677893,0.42582818754375684,0.5239843750000001,0.442293701171875,0.36923126220703123,0.32012191772460946,0.304773388671875,0.4077973903796143,0.31208612918127093
glas_19_TILE_4,joint_noise_lizard_semantic_glas_set_softmax_pu_1_00,0.09834728389978409,0.41187926608288844,0.5482370849963716,0.7100830078125,0.0,0.0,0.13848396729286516,0.19032492308555815,0.28519493040999744,0.4404029578615813,0.45417549867324164,0.4890234375,0.39465820312499994,0.3459103393554688,0.24645698547363284,0.197177734375,0.4355234363633365,0.3471644931214638
glas_19_TILE_5,joint_noise_lizard_semantic_glas_set_softmax_pu_1_00,0.14861878752708435,0.4167099177724783,0.5527521422189734,0.73046875,0.0,0.0,0.20718334544652772,0.270580695624372,0.3625769337674714,0.4791328273526616,0.45527613692342916,0.55830078125,0.443900146484375,0.34121856689453134,0.25553001403808595,0.208684033203125,0.3945405262748409,0.35980161560729756
glas_19_TILE_6,joint_noise_lizard_semantic_glas_set_softmax_pu_1_00,0.16025295108556747,0.4098972529475152,0.5614668084319526,0.72412109375,0.0,0.0,0.2227574697107957,0.28644385472201067,0.3738126011776282,0.47250252771297985,0.4404022739367924,0.582421875,0.40141845703125,0.31414306640625,0.22121795654296877,0.18515854492187503,0.4518761255663821,0.31382220749192713
glas_13_TILE_0,joint_noise_lizard_semantic_glas_set_softmax_pu_1_00,0.10969892144203186,0.41556632028090057,0.5541275400246305,0.707763671875,0.0,0.0,0.15258595468018785,0.20378894812888862,0.2905912129141662,0.4413313297169632,0.47238123356173867,0.5313525390625,0.39640502929687493,0.27552703857421873,0.14632484436035156,0.14046513671875,0.4498429284692541,0.34176091462400177
glas_13_TILE_1,joint_noise_lizard_semantic_glas_set_softmax_pu_1_00,0.13611598312854767,0.42429362559935324,0.577075855152027,0.7178334018640351,0.0,0.0,0.18952926074925558,0.24854813787111396,0.34170550697605667,0.4799558545114637,0.45246820183257275,0.5488037109375001,0.342183837890625,0.248507080078125,0.1920543670654297,0.185790771484375,0.45590849428274915,0.323988964029855
glas_13_TILE_2,joint_noise_lizard_semantic_glas_set_softmax_pu_1_00,0.1530987024307251,0.409518287182778,0.5590338973637441,0.7132703993055556,0.0,0.0,0.21064146867388162,0.27072054883533037,0.3555809036113016,0.4673265663133008,0.4311027277720419,0.5361914062500001,0.388868408203125,0.3308917236328125,0.20523696899414062,0.191839111328125,0.49557733673478965,0.31031501065101913
glas_13_TILE_4,joint_noise_lizard_semantic_glas_set_softmax_pu_1_00,0.09270276129245758,0.4257514312977099,0.5578211630544355,0.7163783482142857,0.0,0.0,0.1294366947531365,0.17359268304248862,0.2537713625219276,0.42306118759055206,0.5011620737930607,0.5007812500000002,0.33083862304687495,0.2473248291015625,0.14678955078125003,0.143368701171875,0.4398268617459369,0.38800569785785455
glas_13_TILE_5,joint_noise_lizard_semantic_glas_set_softmax_pu_1_00,0.1589227244257927,0.4134243126423441,0.5624527981569862,0.7163947610294118,0.0,0.0,0.2205431893128171,0.28380634845049346,0.3719040177720072,0.47848971042397437,0.43654701501018756,0.5770458984375,0.38092529296875,0.27536956787109373,0.2247142028808594,0.20264711914062508,0.4624814438144064,0.32484236751436274
glas_13_TILE_6,joint_noise_lizard_semantic_glas_set_softmax_pu_1_00,0.18060804903507233,0.4169110305774038,0.5712979349636584,0.7127364309210527,0.0,0.0,0.2473943379403344,0.3117531582624116,0.39416407680351423,0.4925711018273909,0.44633409642792304,0.532734375,0.41639404296874993,0.3227334594726562,0.24912361145019532,0.2193173828125,0.4589855130369056,0.33903895146067187
glas_18_TILE_0,joint_noise_lizard_semantic_glas_set_softmax_pu_1_00,0.13604459166526794,0.42568310920549157,0.5693813773366057,0.733795166015625,0.0,0.0,0.1891698697434361,0.2506681258090923,0.348824958950531,0.48599442151317795,0.4476527255043593,0.5735595703125,0.4110302734375,0.3052972412109375,0.1747802734375,0.172076416015625,0.4653879159053768,0.4040109793441874
glas_18_TILE_1,joint_noise_lizard_semantic_glas_set_softmax_pu_1_00,0.10643521696329117,0.42491592055199906,0.5712102845657704,0.7139020647321429,0.0,0.0,0.14629505502821682,0.1944974678024267,0.2822708436358795,0.45163942101883564,0.4430639593450873,0.570361328125,0.3871826171875,0.2444012451171875,0.16687263488769535,0.16856489257812504,0.43878490978729584,0.38390449070076826
glas_18_TILE_2,joint_noise_lizard_semantic_glas_set_softmax_pu_1_00,0.11282297968864441,0.40911657269310053,0.5604251605776239,0.70947265625,0.0,0.0,0.1551428282527248,0.20332539572311245,0.2863588281726711,0.4319759560502283,0.42201953446634416,0.488232421875,0.37481445312499995,0.2326263427734375,0.1768726348876953,0.14268701171875,0.44236037191257926,0.37120321085164837
glas_18_TILE_4,joint_noise_lizard_semantic_glas_set_softmax_pu_1_00,0.1353496089577675,0.4121021949735396,0.5741605963318133,0.721728515625,0.0,0.0,0.1905711063920239,0.25650307733753314,0.3494815413922099,0.46682073166381277,0.4406432380272467,0.5834814453125001,0.39373291015625,0.312069091796875,0.2308575439453125,0.21076826171875,0.42957586071275666,0.3381637287769006
glas_18_TILE_5,joint_noise_lizard_semantic_glas_set_softmax_pu_1_00,0.10734172910451889,0.4108142872778281,0.5490715050623053,0.0,0.0,0.0,0.14746296134662523,0.21018886260935166,0.31371938733761695,0.45217424612052554,0.4476677184281576,0.5005322265625,0.41116455078125,0.33067718505859367,0.22828804016113285,0.21518330078125006,0.392813391539711,0.33003748153205587
glas_18_TILE_6,joint_noise_lizard_semantic_glas_set_softmax_pu_1_00,0.11262761801481247,0.4168795926482087,0.5733083516609769,0.7228165811567164,0.0,0.0,0.15950302222677254,0.2155105264094533,0.31706906096759235,0.46147742138827685,0.46052059589805644,0.5835595703125,0.44586669921875,0.389949951171875,0.19943450927734382,0.18440546875000002,0.4087665248297404,0.356456394789005
glas_20_TILE_0,joint_noise_lizard_semantic_glas_set_softmax_pu_1_00,0.14167501032352448,0.407376432728701,0.5589429717702964,0.7245396205357143,0.0,0.0,0.19754975362817567,0.26474455022522353,0.3640738224637681,0.466892954709869,0.43005682058773714,0.476396484375,0.40491699218749994,0.3414572143554688,0.23728385925292972,0.21688125,0.4499105832088892,0.3341758708656375
glas_20_TILE_1,joint_noise_lizard_semantic_glas_set_softmax_pu_1_00,0.1675974503159523,0.4223096967478422,0.5698135842649444,0.7179857336956522,0.0,0.0,0.23303598285840285,0.3049091714140687,0.39650630461565817,0.5020877077057275,0.4401149790939434,0.5368505859375,0.4124816894531249,0.28577392578124994,0.23529441833496093,0.22495029296875,0.45587348209985473,0.34317320897874637
glas_20_TILE_2,joint_noise_lizard_semantic_glas_set_softmax_pu_1_00,0.19174595177173615,0.42521507962227617,0.5682052253522649,0.7199761284722223,0.0,0.0,0.26526909726944126,0.33817074024741606,0.421087307089941,0.5166051136363636,0.4553109274096592,0.5496142578125001,0.41493164062499993,0.32122314453124995,0.2611479949951172,0.23641015625000006,0.45708293568948055,0.36364943184257986
glas_20_TILE_4,joint_noise_lizard_semantic_glas_set_softmax_pu_1_00,0.17159472405910492,0.41752039746306485,0.5664525721714619,0.7135844983552632,0.0,0.0,0.24051688240178104,0.31677690703453876,0.4058638121156485,0.49845363968488193,0.4471270316345365,0.5173925781250002,0.40008911132812486,0.31888153076171877,0.2758145904541016,0.27119951171875006,0.45855454657703526,0.3659324717203016
glas_20_TILE_5,joint_noise_lizard_semantic_glas_set_softmax_pu_1_00,0.18878591805696487,0.42317011700127133,0.5621853220039826,0.713623046875,0.0,0.0,0.2617336509254027,0.33502106574180013,0.4180593435306683,0.5118898672480252,0.45192035831702376,0.5533203125,0.42753173828125,0.3345062255859375,0.26402885437011725,0.25608115234375,0.46140813566907857,0.35878887472531246
glas_20_TILE_6,joint_noise_lizard_semantic_glas_set_softmax_pu_1_00,0.2011754959821701,0.423175992129259,0.5659953645099507,0.7155936104910714,0.0,0.0,0.27551798654895443,0.34629253117275943,0.4251755607374892,0.5158626905082752,0.45034751256266364,0.5429833984375001,0.403062744140625,0.3190240478515624,0.25030586242675784,0.24506025390625,0.4213998953549969,0.36931491740471395
glas_47_TILE_0,joint_noise_lizard_semantic_glas_set_softmax_pu_1_00,0.18280132859945297,0.40814412073993445,0.5553024781341108,0.7108561197916666,0.0,0.0,0.2539500336905657,0.32325891384730654,0.4019556379201841,0.47745937047170534,0.4482267583028526,0.5024658203125002,0.44415039062499995,0.37983367919921873,0.27081947326660155,0.24830556640625,0.43055146845358094,0.3434412489376307
glas_47_TILE_1,joint_noise_lizard_semantic_glas_set_softmax_pu_1_00,0.21384060382843018,0.411036678516794,0.5618632877387874,0.7217145647321429,0.0,0.0,0.29172937732909104,0.3583908237036938,0.4245538417617104,0.49059107515047856,0.4528518983009316,0.55765625,0.435057373046875,0.3987933349609375,0.3424720001220704,0.3036909667968751,0.4842358809102401,0.3562694075366191
glas_47_TILE_2,joint_noise_lizard_semantic_glas_set_softmax_pu_1_00,0.15077970176935196,0.412073837692214,0.5503714723489168,0.7485926011029411,0.0,0.0,0.21138205393817963,0.2782675221207758,0.37098806292274833,0.47251390888743156,0.45495649817637374,0.5149658203125,0.43562622070312484,0.36936767578125,0.29731506347656256,0.262757080078125,0.4286785173421814,0.3471616396922968
glas_47_TILE_4,joint_noise_lizard_semantic_glas_set_softmax_pu_1_00,0.18391907960176468,0.40918754325767864,0.5658123405612245,0.7152099609375,0.0,0.0,0.25692150971619226,0.3295656829145058,0.4061202018341632,0.4838523358910608,0.4474918357211654,0.5531298828125002,0.428525390625,0.3597326660156249,0.2613550567626954,0.24393056640625005,0.47094326185310453,0.3477085560236419
glas_47_TILE_5,joint_noise_lizard_semantic_glas_set_softmax_pu_1_00,0.1932300552725792,0.41193843049588197,0.5571865630765682,0.7228285845588235,0.0,0.0,0.2664827299860314,0.3369489120619355,0.411641855823394,0.4896175869351951,0.4516957032479734,0.50142578125,0.4130078124999999,0.3624533081054688,0.3063923645019532,0.284864697265625,0.4823061837045778,0.35936817601411364
glas_47_TILE_6,joint_noise_lizard_semantic_glas_set_softmax_pu_1_00,0.029232271015644073,0.4543570986562942,0.5913252871260684,0.7145182291666666,0.0,0.0,0.038417288839449,0.04683338260518044,0.06126845760010279,0.12157607925616917,0.680767822265625,0.5687744140625,0.353375244140625,0.15955841064453122,0.054556503295898444,0.046269580078125,0.662445068359375,0.662445068359375
glas_29_TILE_0,joint_noise_lizard_semantic_glas_set_softmax_pu_1_00,0.1493956372141838,0.42282533785958654,0.5652872174738044,0.7145182291666666,0.0,0.0,0.20788689769458316,0.2744227810109997,0.3701540721440818,0.4895526350132878,0.44449432131210487,0.5384667968750001,0.41281494140624986,0.2766693115234375,0.24501373291015632,0.232797216796875,0.44070225015851905,0.34357869233962635
glas_29_TILE_1,joint_noise_lizard_semantic_glas_set_softmax_pu_1_00,0.12937654554843903,0.42221146797015213,0.5727247138530522,0.7157543285472973,0.0,0.0,0.18074265959016483,0.24277221772658036,0.34333903511557023,0.4788411210222942,0.44158400932367703,0.5347265625,0.37004394531249984,0.26049652099609377,0.21981369018554686,0.20258872070312503,0.4204353392136077,0.3551475972412829
glas_29_TILE_2,joint_noise_lizard_semantic_glas_set_softmax_pu_1_00,0.1390601173043251,0.42025306714514093,0.567301627682323,0.7158474392361112,0.0,0.0,0.1942260076412127,0.2594472687827934,0.360499906757872,0.48437246850221105,0.4458769555822365,0.4988134765625001,0.365850830078125,0.22789001464843742,0.17859313964843754,0.18051655273437503,0.4299182293581151,0.3618663408810284
glas_29_TILE_4,joint_noise_lizard_semantic_glas_set_softmax_pu_1_00,0.1606162041425705,0.4290184485818557,0.5692225113572499,0.7196389222756411,0.0,0.0,0.22519769052072444,0.2934651109915435,0.389315804571724,0.5086876707650273,0.4701992368014104,0.5238574218750002,0.36908081054687486,0.26833984375,0.21094924926757813,0.199548974609375,0.44946282197278353,0.3932662282789453
glas_29_TILE_5,joint_noise_lizard_semantic_glas_set_softmax_pu_1_00,0.16325147449970245,0.4356187457183402,0.5746727957943369,0.7160574776785714,0.0,0.0,0.22695458258768303,0.29825810654568785,0.3980537052868998,0.5211396226797149,0.4670435465391909,0.59525390625,0.382657470703125,0.28407196044921873,0.22178504943847657,0.211966943359375,0.46367184563930297,0.37869448172627074
glas_29_TILE_6,joint_noise_lizard_semantic_glas_set_softmax_pu_1_00,0.1587861329317093,0.433856832426174,0.5685870078959074,0.71220703125,0.0,0.0,0.21968914602773915,0.289015251301686,0.3889056683701342,0.511674509006488,0.46893178436147187,0.48150390625,0.36355712890625,0.27076995849609375,0.20641624450683596,0.183221923828125,0.45736808078387925,0.3970652101139191
