uq_map_name,dataset_name,noise_level,mean,above_threshold_mean_0.3,above_threshold_mean_0.5,above_threshold_mean_0.7,above_threshold_mean_0.9,above_threshold_mean_0.95,above_quantile_mean_0.3,above_quantile_mean_0.5,above_quantile_mean_0.7,above_quantile_mean_0.9,above_quantile_mean_fg_ratio,patch_aggregation_10,patch_aggregation_20,patch_aggregation_40,patch_aggregation_80,patch_aggregation_100,"class_mean_w_equal_weights_configurable_{'include_background': False, 'ignore_index': 0}","class_mean_weighted_by_occurrence_configurable_{'include_background': False, 'ignore_index': 0}"
crag_57_TILE_4,joint_noise_arctique_semantic_glas_set_dropout_pu_0_00,0_00,0.44501057936577126,0.5965323835431233,0.6495456335598324,0.8679245932464753,1.1222062174479166,1.1512972999165076,0.592961703398818,0.6601918231168772,0.699107695788872,0.7451256514308129,0.6965823662385858,1.219375,0.85828369140625,0.6505656433105468,0.5983504009246827,0.5558943305969237,0.8681630433248633,0.5900624834480932
crag_57_TILE_16,joint_noise_arctique_semantic_glas_set_dropout_pu_0_00,0_00,0.4672424342716113,0.6030818764182931,0.6599390088127074,0.8160042843947293,1.0822499959770855,1.131210963787012,0.6121108979853936,0.6758586064987799,0.717785528462971,0.7899784573620896,0.7157575996797708,1.19455810546875,0.8936883544921875,0.7094724273681641,0.6294511795043947,0.6118521057128907,0.775883350173818,0.6242785861438024
crag_57_TILE_19,joint_noise_arctique_semantic_glas_set_dropout_pu_0_00,0_00,0.38152507052291185,0.6035959789843031,0.6539017632830046,0.8289085070160958,1.0716113603547854,1.0997568167892158,0.5303757343801938,0.6401628902435652,0.6949114277528026,0.7428920925641846,0.704799369103229,1.0820898437500002,0.946177978515625,0.6662121582031248,0.6117775249481202,0.5665927352905274,0.6981054224317794,0.615603916497878
crag_57_TILE_34,joint_noise_arctique_semantic_glas_set_dropout_pu_0_00,0_00,0.48773102543782443,0.6105245822753513,0.6533016810921316,0.8296171521145136,1.0083572341873124,1.0496137640449439,0.631838847989972,0.6779628479314656,0.7043730502469026,0.7441522473693759,0.7000715652910641,0.9686132812499999,0.7768673706054687,0.6696861267089844,0.6428079605102539,0.6323917938232424,0.92610469172549,0.6180898142354384
crag_57_TILE_35,joint_noise_arctique_semantic_glas_set_dropout_pu_0_00,0_00,0.32280480914050713,0.5975504572757309,0.6454483931583648,0.7718487878477905,1.0248720366379311,1.0558815696022728,0.448439251651793,0.5857796532833667,0.6709333165028304,0.7067007732420109,0.6873562840901195,0.9423486328125,0.7103634643554685,0.64606201171875,0.6040018081665041,0.576235711669922,0.5954481365210514,0.5954481365210514
crag_45_TILE_10,joint_noise_arctique_semantic_glas_set_dropout_pu_0_00,0_00,0.31133503557066433,0.5806561686808421,0.6752392835216979,0.8707687230603448,1.0712120688354787,1.1071447423986487,0.4169752510290988,0.5198503635295554,0.6549413074217161,0.790346509831194,0.7521361799010977,1.1513964843750006,0.8174298095703123,0.6208580017089843,0.48451587319374084,0.4324162208557129,0.872413170534014,0.6503221187354123
crag_45_TILE_14,joint_noise_arctique_semantic_glas_set_dropout_pu_0_00,0_00,0.45905162929557264,0.5977081589158701,0.671016208291641,0.8437320311281772,1.0492209527725564,1.0985166946033382,0.5889523267200273,0.6694667065281443,0.731121013690899,0.8400066340384323,0.7462098345199226,1.2225732421875,0.8796588134765624,0.7272858428955078,0.5896515655517579,0.5588067321777344,0.8291814509165968,0.635449652968788
crag_45_TILE_28,joint_noise_arctique_semantic_glas_set_dropout_pu_0_00,0_00,0.40678799981833436,0.6121805426267204,0.7168857596372448,0.8718967296606306,1.044038672535956,1.0774000725103827,0.5410980979649183,0.6494182117136488,0.7628238650258524,0.941771159548241,0.8678710142253665,1.1894726562500006,0.9158993530273437,0.6857572174072266,0.5482123613357545,0.49653882064819344,0.9268436405768912,0.7501003907843901
crag_12_TILE_26,joint_noise_arctique_semantic_glas_set_dropout_pu_0_00,0_00,0.3303235870844219,0.5762988188199738,0.6486329571369664,0.8375638916657537,1.0472193008814104,1.0932455504966887,0.45415196150301607,0.5649054648765256,0.665279405106126,0.7412782637023233,0.694937964535879,0.98529541015625,0.7042031860351563,0.6220980834960939,0.43075718224048615,0.40733874053955077,0.6519366858191127,0.583634058768036
crag_12_TILE_31,joint_noise_arctique_semantic_glas_set_dropout_pu_0_00,0_00,0.31875455696717836,0.5938806012959571,0.682251773286098,0.9376940251294726,1.1073249444333864,1.130876070879574,0.43962787132918424,0.5566273538156886,0.6844757087833545,0.8296573196174545,0.7516203598713918,1.416591796875,0.8499896240234373,0.6163037872314452,0.4647718250751496,0.4212200839996339,0.9113767968619922,0.6387720784446108
crag_47_TILE_8,joint_noise_arctique_semantic_glas_set_dropout_pu_0_00,0_00,0.39659552738885395,0.6565712988774836,0.7434860746648703,0.9571316721132898,1.1126571554221854,1.1486779661670368,0.5411853421118952,0.6735690803115848,0.8008667060462958,1.0429441833263455,0.8643377574415387,1.268436279296875,0.8800045776367188,0.7129610443115234,0.5908244359493257,0.5599170349121094,0.8871272293899499,0.7478817051091715
crag_47_TILE_11,joint_noise_arctique_semantic_glas_set_dropout_pu_0_00,0_00,0.42877122524078004,0.6530462126029555,0.7312650665670131,0.8975359843763261,1.0783953333311462,1.1116161847729014,0.5859035240246678,0.7049114335202046,0.8088073342461094,1.017147122324421,0.8369024725663616,1.2113671875000003,0.8552340698242186,0.7021899032592772,0.6104005718231202,0.60148055267334,0.8628741995288376,0.7239318459603488
crag_47_TILE_19,joint_noise_arctique_semantic_glas_set_dropout_pu_0_00,0_00,0.3715101687266724,0.6467340862865748,0.7304531029289706,0.9389564612392703,1.099157682386089,1.1323861313524295,0.5116504666195969,0.6439992953256102,0.7733402457705454,0.9936583765110204,0.8307869905059376,1.2168994140625,0.9460128784179684,0.6761247253417967,0.5622811269760132,0.5406519287109375,0.9091592538260638,0.7260482847458659
crag_47_TILE_22,joint_noise_arctique_semantic_glas_set_dropout_pu_0_00,0_00,0.4011894748546183,0.6786282841841639,0.768289512604765,0.9438810281426401,1.0949870761922504,1.1260676012289463,0.5495870062185484,0.6903149665124081,0.8297715373017185,1.078563380634152,0.9179498078913356,1.2307275390625003,0.906648254394531,0.7395486450195312,0.613304591178894,0.6012777709960938,0.8839377230448277,0.8075349324751044
crag_63_TILE_2,joint_noise_arctique_semantic_glas_set_dropout_pu_0_00,0_00,0.21273687900975347,0.3588193993506493,0.5765066737072475,0.8008996212121212,1.1470703125,1.1470703125,0.25508888129586177,0.2825233162374592,0.316647212874339,0.3818064613984529,1.421875,0.518953857421875,0.38443603515625,0.30699851989746096,0.26358726501464846,0.2559298095703125,0.0,0.0
crag_63_TILE_10,joint_noise_arctique_semantic_glas_set_dropout_pu_0_00,0_00,0.17302844999358058,0.482171292345063,0.6961856088472365,0.8411792927918118,1.0318777901785714,1.0752964878941442,0.2067849265550936,0.23687826602957546,0.29184423307093177,0.464616553240829,0.9795146606956067,0.9636279296875,0.6096868896484373,0.5124341773986817,0.3510617017745972,0.288043978881836,0.9405195802824268,0.9405195802824268
crag_63_TILE_16,joint_noise_arctique_semantic_glas_set_dropout_pu_0_00,0_00,0.15673550684005022,0.5343242893325192,0.67048282009263,0.9376977566837316,1.2264127977256447,1.2455176376714938,0.20841124680899206,0.2649436611278662,0.36682883852338904,0.6170470232933755,0.8355627270165331,1.326123046875,0.6632402038574218,0.35777090072631834,0.24287571430206298,0.23271206970214844,0.9991813571586488,0.7852889850575436
crag_63_TILE_17,joint_noise_arctique_semantic_glas_set_dropout_pu_0_00,0_00,0.18062140527763404,0.5646572221400268,0.7257628332467864,0.9443217485153367,1.1301765331749278,1.168971600264891,0.24658247888371426,0.3167746957706706,0.4382891642852265,0.7195278537789811,0.9070582490808824,1.1631665039062502,0.8305502319335936,0.6608810424804686,0.3947932076454164,0.33802341461181645,0.9882091041165229,0.8091318970447166
crag_29_TILE_0,joint_noise_arctique_semantic_glas_set_dropout_pu_0_00,0_00,0.423949561547488,0.6181593137479446,0.6986542750762752,0.8889947283130601,1.0831002129448786,1.139162220379286,0.5645750862213711,0.6694726216909073,0.7584425043248476,0.9235551611834579,0.7922463956119679,1.4504052734375004,0.8875164794921875,0.7385504150390624,0.5637714290618897,0.5207586959838867,0.8517577750135943,0.6830281203313832
crag_29_TILE_9,joint_noise_arctique_semantic_glas_set_dropout_pu_0_00,0_00,0.44761278154328465,0.6012047638549735,0.6763297168554863,0.8713689863121824,1.0771147157897807,1.1237576416312272,0.5826726418886615,0.6680427168857157,0.7386298842988965,0.8679177848154995,0.7552263466889415,1.2325537109375,0.908665313720703,0.7258224868774412,0.57603187084198,0.5196877071380616,0.8513194703903315,0.6349965654892155
crag_29_TILE_10,joint_noise_arctique_semantic_glas_set_dropout_pu_0_00,0_00,0.3111282845493406,0.5655539947711352,0.6539095646754405,0.8437108615029183,1.0918132028761942,1.1433318205394192,0.4196014903189233,0.5228561462826975,0.6440497097425443,0.7496384335446036,0.7208465072132435,1.1853173828125,0.7472463989257813,0.6058169937133789,0.4600398373603822,0.4397728313446045,0.7543042726155289,0.633589909529851
crag_29_TILE_17,joint_noise_arctique_semantic_glas_set_dropout_pu_0_00,0_00,0.17422833558521233,0.5703882628134218,0.7060949625831485,0.9329960436698718,1.1248863617494687,1.1506473683223288,0.2385238939805487,0.3072685811390465,0.43239797248679307,0.7125050496444097,0.8665970708920623,1.33576171875,0.9832513427734372,0.5509694480895996,0.37765041351318374,0.3274048233032227,1.0772334062958162,0.8073053060625701
crag_29_TILE_20,joint_noise_arctique_semantic_glas_set_dropout_pu_0_00,0_00,0.41932840063236654,0.6200029843072451,0.6965645805191046,0.8959880639089695,1.0996986178932682,1.128988359184141,0.5584149361488189,0.6656231646250305,0.7542109918526559,0.9169313563506533,0.7898742956896844,1.2985449218750003,0.8523767089843747,0.657697696685791,0.5655816698074342,0.5491500610351563,0.8291350419920802,0.687678245652487
crag_29_TILE_22,joint_noise_arctique_semantic_glas_set_dropout_pu_0_00,0_00,0.3425749771122355,0.59922150437443,0.6672475938604,0.830300891567715,1.0914992559523808,1.1484866401257987,0.4631403821204924,0.5791167612205895,0.689102151920439,0.7746627927910855,0.7375478138124323,1.2971972656250004,0.7824864196777344,0.6590214538574217,0.6182790374755861,0.6116514282226563,0.9434463659494932,0.6653446367697566
crag_29_TILE_26,joint_noise_arctique_semantic_glas_set_dropout_pu_0_00,0_00,0.33562253072159365,0.6240147926834533,0.7334210036941695,0.8746379430970149,1.0827076900553663,1.1245348301688898,0.4503109220036362,0.5653624223660974,0.7211686654718324,0.9200469380520024,0.8534718292715022,1.27265625,0.8125729370117187,0.5906418323516845,0.4429893946647644,0.40544620170593265,0.9210921371013836,0.7891869289723235
crag_48_TILE_9,joint_noise_arctique_semantic_glas_set_dropout_pu_0_00,0_00,0.30444251536391675,0.6159244049738841,0.7150789291139633,0.8887843814823679,1.0808109530990018,1.118740456550543,0.42442498962236036,0.5424291746333346,0.6968557031329452,0.880350320576967,0.8688213856578759,1.3130468750000004,0.848228759765625,0.6304024505615234,0.5109713876247407,0.48310785102844245,0.9298592836190529,0.7335574290219411
crag_48_TILE_25,joint_noise_arctique_semantic_glas_set_dropout_pu_0_00,0_00,0.3100875597447157,0.6103161795299766,0.7249925003302606,0.8954654194262022,1.1131932090128647,1.1531273491194158,0.4238445334443551,0.5374087098825622,0.690595386278542,0.9008348961510599,0.9315782176602053,1.31068359375,0.8152779006958006,0.567760133743286,0.4281529450416564,0.3913046875,0.8820583258313666,0.8077952950527295
crag_48_TILE_29,joint_noise_arctique_semantic_glas_set_dropout_pu_0_00,0_00,0.28503097529755905,0.5936654411624179,0.7007201274206087,0.9320903904262087,1.1477672883635335,1.1765662440095848,0.3937042575486217,0.5035559784406652,0.653520359592687,0.8352678550252353,0.8046981616857827,1.27094482421875,0.9125790405273436,0.5322949981689452,0.4198183059692384,0.376296371459961,0.91440437796658,0.661698065447661
crag_22_TILE_1,joint_noise_arctique_semantic_glas_set_dropout_pu_0_00,0_00,0.28250088516506366,0.5678641955882656,0.6920487937683966,0.8604144346500905,1.0844886997767857,1.113446887494739,0.3870153949864669,0.48482376578234665,0.6221682071540281,0.8046706652728205,0.8200747566203546,1.30602294921875,0.8076397705078125,0.6695456314086913,0.5469522523880006,0.5049591705322266,0.8897430991414519,0.7004782335852888
crag_22_TILE_10,joint_noise_arctique_semantic_glas_set_dropout_pu_0_00,0_00,0.3211678736843169,0.5834577637460143,0.6694463685501454,0.8718866096808434,1.1382631031489463,1.1797064515553652,0.4415331647103351,0.5537438074553708,0.6746395769913951,0.7868652712375435,0.7494339065628128,1.30759033203125,0.7671862030029297,0.6171050262451171,0.4371445232629776,0.40646725234985354,0.8973256690237834,0.6367295699243062
crag_22_TILE_16,joint_noise_arctique_semantic_glas_set_dropout_pu_0_00,0_00,0.3945955445524305,0.5889080512615864,0.6841889598485454,0.8547661771712182,1.099693246870135,1.1434307197215026,0.5266655115275076,0.62561642341509,0.7229273548183365,0.8586300210514338,0.7849481698991175,1.279150390625,0.7965634155273434,0.6083654022216796,0.5240646672248842,0.49476755294799807,0.9850217584398098,0.663397732690518
crag_35_TILE_13,joint_noise_arctique_semantic_glas_set_dropout_pu_0_00,0_00,0.41014418355189264,0.5843261467026195,0.6948249990716173,0.9169844270498876,1.1169845563774066,1.161999250058248,0.5342039179781155,0.629389129908739,0.7330196888737486,0.9041189157411604,0.813360011438648,1.3939282226562504,0.7964192962646485,0.560432586669922,0.5043000411987305,0.4684121742248536,0.9293258948627302,0.6358890513235164
crag_31_TILE_9,joint_noise_arctique_semantic_glas_set_dropout_pu_0_00,0_00,0.27045869443099946,0.5836240563350831,0.7032495951481003,0.9111626137030516,1.1442660108024691,1.1863307578890931,0.36100559459932546,0.459122933147301,0.6105826066507347,0.8177520478273674,0.8134687776793623,1.41212890625,0.8023249816894529,0.5248041343688965,0.3786418855190277,0.3278165657043457,1.0413226684593362,0.7587603581152547
crag_30_TILE_5,joint_noise_arctique_semantic_glas_set_dropout_pu_0_00,0_00,0.23050792916910723,0.5878536937516716,0.6888178368950633,0.8524757201728952,1.0488030405779452,1.0801531206837016,0.3184662108023364,0.41561142541468143,0.5731641434621523,0.7744509349971396,0.779469723442492,1.05408203125,0.7466070556640624,0.5856239318847656,0.4500330233573914,0.3822861534118654,0.8842326146759593,0.6506081623110989
crag_30_TILE_15,joint_noise_arctique_semantic_glas_set_dropout_pu_0_00,0_00,0.31156587071018293,0.6463834536176492,0.7649636482839158,0.9561731191302573,1.1140533431671564,1.1421585127807545,0.42547229144363724,0.5471208016989375,0.722966515147543,0.9861752717391304,0.9101430887803235,1.15345703125,0.859300537109375,0.6040854644775391,0.4904726886749269,0.4163947303771974,0.9041325736882116,0.7986297693406261
crag_30_TILE_27,joint_noise_arctique_semantic_glas_set_dropout_pu_0_00,0_00,0.24393098999280483,0.5938605391579478,0.6933000429291699,0.9458903112054214,1.1604077888257576,1.1992273640610491,0.33291562254156565,0.42998468212904034,0.5873800046530886,0.7943642643586228,0.7890449847867862,1.018553466796875,0.704339599609375,0.6396192169189452,0.45270543456077583,0.35804420585632335,0.9724351301490445,0.665708245071886
crag_30_TILE_33,joint_noise_arctique_semantic_glas_set_dropout_pu_0_00,0_00,0.199499569600448,0.5379578044632912,0.7053183841114254,0.9236774799522527,1.1813899565508021,1.2420242006415563,0.2520495363402975,0.28973201764973044,0.35573032924107145,0.5744067539265143,0.8787634507665094,1.2753515625,0.796724853515625,0.6668423461914063,0.41015201091766357,0.32882203521728515,1.0945906104807508,0.7629811120411706
crag_30_TILE_35,joint_noise_arctique_semantic_glas_set_dropout_pu_0_00,0_00,0.21088228325243108,0.5810277485605682,0.6466041459383856,0.7642292061237373,1.0627874558971775,1.1276448567708333,0.28791588523927114,0.3692256659269333,0.5259789614405325,0.6986218708317454,0.7190014958129625,0.8303222656250001,0.6716821289062499,0.6410865783691406,0.5748056221008302,0.528313166809082,0.6239902432268062,0.6239902432268062
crag_51_TILE_0,joint_noise_arctique_semantic_glas_set_dropout_pu_0_00,0_00,0.26881508133374155,0.5926842731952185,0.7150623441647924,0.878758152683934,1.0533446613888147,1.0895144595112398,0.3639101141984443,0.4659226170253803,0.6221796443929897,0.8339756212492404,0.8273260201071169,1.088837890625,0.8429556274414063,0.6895723342895508,0.45092294216156015,0.4313364860534668,0.8006816839121581,0.6861875930194983
crag_51_TILE_3,joint_noise_arctique_semantic_glas_set_dropout_pu_0_00,0_00,0.4223322637262754,0.6581564437560112,0.7505359926106034,0.8750277268851401,1.0294147998963743,1.067010246492001,0.5695276284698569,0.6940991422508163,0.8141519110900727,0.9931962674933359,0.8946450831781806,1.3388281250000003,0.8532846069335936,0.6765015411376953,0.5895896434783936,0.5715484466552736,0.856743429476432,0.8000224718060851
crag_21_TILE_16,joint_noise_arctique_semantic_glas_set_dropout_pu_0_00,0_00,0.3642575319681782,0.6664297410709816,0.7788254691926345,0.9499858327932696,1.1074299994800332,1.133822530476518,0.4985359357335254,0.6328949701772585,0.7989358344644856,1.0641416968368902,0.9575773174560571,1.2805615234375,0.9843853759765624,0.6939472579956054,0.5015314960479736,0.47502916717529287,0.9450122665025074,0.8253550737964738
crag_21_TILE_23,joint_noise_arctique_semantic_glas_set_dropout_pu_0_00,0_00,0.2570594432472717,0.6783750121479786,0.8129933433285915,0.9568842085516716,1.1093932926129408,1.1416403439748202,0.3556292697868162,0.467440030771044,0.6614426622843677,0.9931961285092564,1.0121102533473016,1.3394042968750002,0.9038102722167969,0.6460779571533203,0.523224164247513,0.4386218788146973,0.9483891299721283,0.8794274854410382
crag_21_TILE_30,joint_noise_arctique_semantic_glas_set_dropout_pu_0_00,0_00,0.26142360594531056,0.6725302661884655,0.78858653681735,0.9123168162624673,1.0799064290677327,1.1160020754018614,0.3633815020867164,0.47957839630544186,0.6776527340770404,0.9648314722788403,1.007456268499812,1.2228002929687503,0.8427247619628906,0.6234489631652831,0.5203730440139772,0.5029425506591798,0.9724905434675039,0.9026880108059923
crag_21_TILE_33,joint_noise_arctique_semantic_glas_set_dropout_pu_0_00,0_00,0.25316039854078554,0.6292542915635887,0.7438017996601548,0.9141882804714748,1.084003826263496,1.1181664917599503,0.3522629929486756,0.46541828508234473,0.6454022673691454,0.896071053771322,0.9056595131022654,1.1882788085937503,0.7320168304443361,0.5600532245635985,0.46412612080574034,0.44711222229003916,0.9104099327767753,0.7996048864905841
crag_16_TILE_2,joint_noise_arctique_semantic_glas_set_dropout_pu_0_00,0_00,0.29980002144293394,0.5969611812962274,0.706335273655342,0.8748863256083493,1.0639080780480294,1.1030156299321339,0.41296991908439573,0.5268656387925148,0.6743155992761569,0.8505959324202288,0.8485110504000817,1.2656640625000002,0.9550177001953124,0.6342039346694947,0.4098384892940522,0.36675956535339355,0.8832318556670068,0.7292713053287897
crag_16_TILE_16,joint_noise_arctique_semantic_glas_set_dropout_pu_0_00,0_00,0.3144156039925292,0.5971475298296455,0.6970485968338815,0.8932989167180679,1.108572735363924,1.14461686158555,0.434867967809176,0.5521447124370613,0.6901394205249072,0.8540331570957503,0.8085818129097677,1.26503662109375,0.7867371368408201,0.6147782135009766,0.46786566853523254,0.4179174797058106,1.01375553100161,0.6671918525793319
crag_16_TILE_20,joint_noise_arctique_semantic_glas_set_dropout_pu_0_00,0_00,0.28479535310179926,0.5888614318479093,0.7182923141629903,0.9084975875358509,1.0736109578920625,1.1041373026739691,0.3913355187086934,0.4967561141304348,0.6455708561881708,0.8641596368018617,0.8641596368018617,1.1886169433593752,0.9244592285156247,0.6708071231842041,0.4357671928405763,0.38093810749053963,0.9074990925258204,0.7338519027246585
crag_16_TILE_30,joint_noise_arctique_semantic_glas_set_dropout_pu_0_00,0_00,0.28853172896197066,0.6073092397327333,0.7175278566077257,0.8877285199204872,1.0895677265730908,1.1289924493715084,0.3999409882629448,0.5106409819017211,0.6668214752398958,0.8686718987932085,0.8707344983869415,1.3054321289062503,0.8587957763671875,0.6371682739257812,0.5637014484405519,0.4898877056121827,0.9516826881946976,0.7074079078851745
crag_41_TILE_12,joint_noise_arctique_semantic_glas_set_dropout_pu_0_00,0_00,0.30997805163497105,0.5597254662102511,0.6496651088903128,0.8346981810041282,1.0825165171682098,1.1211896623883928,0.4279428582372416,0.5321459993720055,0.6445244100404548,0.7357276157169258,0.7137864043770021,1.284130859375,0.7163824462890624,0.6136079406738281,0.5486843585968019,0.49859806518554695,0.7843488396992948,0.6083806611292724
crag_41_TILE_25,joint_noise_arctique_semantic_glas_set_dropout_pu_0_00,0_00,0.3564678074908443,0.5645924813115352,0.6633891396753231,0.8251321834889148,1.0486788504464286,1.0872154330969452,0.4684716262722616,0.5656786777129802,0.6723170679861924,0.7785902470327807,0.7482521919610056,1.101116943359375,0.7489645385742186,0.6011892700195312,0.47546825587749486,0.42649035835266114,0.7546306023683813,0.670962969194266
crag_41_TILE_34,joint_noise_arctique_semantic_glas_set_dropout_pu_0_00,0_00,0.330094134202227,0.5732412723008526,0.6483082642471728,0.8404082053170595,1.079149199695122,1.0969515713778408,0.45998989055169076,0.5713563019379024,0.6667860209984253,0.7314552428960154,0.708285250056638,1.0712646484375004,0.7181512451171873,0.628671875,0.5413097572326661,0.5286344116210938,0.7515996229001483,0.5958485080053837
crag_40_TILE_14,joint_noise_arctique_semantic_glas_set_dropout_pu_0_00,0_00,0.35507169101038016,0.5744282122780586,0.6802550326903354,0.8530626582087754,1.0784002890012474,1.119470401966862,0.47556864063657733,0.5746291676083913,0.6892921847994612,0.8199023169989347,0.7735246333710977,1.3756591796875002,0.7700030517578125,0.5749235534667969,0.47271882295608536,0.46456568450927743,0.8728863254205222,0.638865524135129
crag_40_TILE_15,joint_noise_arctique_semantic_glas_set_dropout_pu_0_00,0_00,0.2947751409956254,0.5778010387612575,0.6667221881354901,0.859638553424023,1.1085816165937876,1.1480392969893851,0.39999329916996446,0.5085342176773455,0.6449219594132939,0.7673592505667962,0.7261854889084589,1.2191015625,0.9023071289062499,0.5528700733184815,0.3848439860343934,0.38720009918212894,0.8291588607006538,0.6640313851586642
crag_40_TILE_21,joint_noise_arctique_semantic_glas_set_dropout_pu_0_00,0_00,0.32377854725928046,0.572732078354014,0.6685761303404433,0.8073335471082089,1.0266732299061867,1.0655026569046788,0.4397856392093835,0.5479547051901187,0.6672691392544556,0.7802514641063878,0.7367950023817309,1.096962890625,0.8771261596679685,0.592960090637207,0.5269551467895508,0.48425129280090334,0.6821785571504732,0.5990936544091479
crag_40_TILE_26,joint_noise_arctique_semantic_glas_set_dropout_pu_0_00,0_00,0.31379279130487703,0.5662447279902431,0.6674064159661649,0.8625278687462996,1.050298469318674,1.0873295394829037,0.42235778025017234,0.5266184767389244,0.6495185594051932,0.7788971502130682,0.7343457790716285,1.3151464843750005,0.8654208374023438,0.6054085350036619,0.45896990776062013,0.44296009826660154,0.6740173622711157,0.646886167074271
crag_46_TILE_2,joint_noise_arctique_semantic_glas_set_dropout_pu_0_00,0_00,0.5968298194929957,0.6585934063843919,0.7603856339281285,0.9281066734676493,1.108125,1.1448915654962712,0.7247084500286779,0.809757778287978,0.9154870792358268,1.158325027965537,1.0453431397998627,1.3774658203125003,1.0273858642578122,0.8013204956054686,0.7029462051391603,0.696482940673828,1.034212195297271,0.8381939013806078
crag_46_TILE_16,joint_noise_arctique_semantic_glas_set_dropout_pu_0_00,0_00,0.5205694008618593,0.60691581628928,0.718718558753103,0.8960497225143933,1.0793265922172173,1.1118588809213714,0.6400263116806785,0.7228966762992012,0.8163226276163456,1.0276965961182907,0.8725280891857676,1.2122412109375,0.907703857421875,0.75467041015625,0.6561750602722168,0.5917357299804689,0.9237891047540165,0.7083048520082733
crag_46_TILE_22,joint_noise_arctique_semantic_glas_set_dropout_pu_0_00,0_00,0.458716778550297,0.6790723724349378,0.7999901671261399,0.9690895241978138,1.1441739902296535,1.1757485629702134,0.6091666447060551,0.7367547750473022,0.8857102130096853,1.1743287734589563,1.0337117006024164,1.46263671875,1.0494158935546876,0.8384224319458008,0.6007293272018432,0.5441071884155275,1.01578585669758,0.9001369804614343
crag_46_TILE_24,joint_noise_arctique_semantic_glas_set_dropout_pu_0_00,0_00,0.46992786356713623,0.7120467092548205,0.8299916167237443,0.9653239970048334,1.1215666939709423,1.1524511582790153,0.6270371436220535,0.7665093774554865,0.9270431478228552,1.1877155121197718,1.0516522371001427,1.3418603515625003,0.955177001953125,0.7162556838989258,0.6001107645034791,0.570822853088379,1.0207082800418803,0.9354921545123306
crag_52_TILE_3,joint_noise_arctique_semantic_glas_set_dropout_pu_0_00,0_00,0.37480846873950213,0.628324576109346,0.7256964072236888,0.8802682923029492,1.098579131890528,1.1401862599682937,0.5071093584500775,0.6294132242207995,0.759128054302237,0.9536403873007854,0.8532273219708004,1.2232128906250004,0.8535296630859374,0.6867224502563477,0.5764499759674072,0.5380707611083985,0.8874272132842682,0.7547887347224723
crag_52_TILE_5,joint_noise_arctique_semantic_glas_set_dropout_pu_0_00,0_00,0.22973005115636624,0.6082870530136627,0.7155206323066091,0.9108404672918713,1.1146155403415783,1.1473945528165976,0.3179276432764814,0.41935253824298613,0.5907365376613559,0.8258080853534101,0.8286338348720488,1.20018798828125,0.7275799560546875,0.5364200687408447,0.41531257033348096,0.4016638961791993,0.9045861753979934,0.7250788688956485
crag_52_TILE_7,joint_noise_arctique_semantic_glas_set_dropout_pu_0_00,0_00,0.14063461206387728,0.41365769825209037,0.5998818002096037,0.748858173076923,1.027099609375,1.1333984375,0.18058470761905604,0.21734412680389278,0.2739082495452307,0.3962434746853547,0.726416015625,0.6739916992187501,0.44209457397460933,0.30538522720336914,0.24439918279647826,0.22200029907226562,0.6872488839285714,0.6872488839285714
crag_52_TILE_15,joint_noise_arctique_semantic_glas_set_dropout_pu_0_00,0_00,0.30894636835728306,0.6022249873991935,0.7146222348144331,0.9278170723446532,1.0997211598977599,1.1278979748686724,0.4208197546816935,0.5328283312555788,0.682634220855581,0.8786446548429419,0.8330581319946374,1.17314208984375,0.8719262695312497,0.5607152652740478,0.42498393535614015,0.38277612762451174,0.9250147292865761,0.7590527172823075
crag_52_TILE_19,joint_noise_arctique_semantic_glas_set_dropout_pu_0_00,0_00,0.1522194854915142,0.4095546121717185,0.6229391039226264,0.7824901744631901,1.12939453125,1.2091796875,0.18280492794434497,0.2107482498649812,0.2577193396086011,0.37344040510583526,0.8566264490927419,0.6941503906250002,0.451815948486328,0.3010053634643554,0.19534407138824464,0.17737245483398437,0.7924017137096774,0.7924017137096774
crag_52_TILE_26,joint_noise_arctique_semantic_glas_set_dropout_pu_0_00,0_00,0.19627222488634288,0.565661269936306,0.7114069580177195,0.9241467243207689,1.1085968300672542,1.1367417279411764,0.26137361984658714,0.3327180300387634,0.4628007268144136,0.7356198121047318,0.8386098083109689,1.1123107910156251,0.6027922058105467,0.3982193756103516,0.2719050598144531,0.2422812515258789,1.0041087892859495,0.7391147187801392
crag_4_TILE_0,joint_noise_arctique_semantic_glas_set_dropout_pu_0_00,0_00,0.19689681119052693,0.604363352958223,0.6934996619998105,0.8476075259121981,1.0653894837317397,1.0980214619987725,0.2583049183476555,0.32733911443264857,0.47300090852839755,0.7459623268516755,0.7951986522791686,1.13844970703125,0.6583050537109372,0.5978047943115232,0.4730747342109682,0.389237823486328,0.9532347402136534,0.6978933241585112
crag_4_TILE_2,joint_noise_arctique_semantic_glas_set_dropout_pu_0_00,0_00,0.42540959487087093,0.590627009261992,0.6837184401081521,0.8492247657854209,1.040398770452816,1.085221194149403,0.5600689081646448,0.6520881588809466,0.7357603186319617,0.8657073928074489,0.7859260407471464,1.1744189453125,0.8480834960937499,0.6549631500244141,0.5603213620185853,0.5301960754394531,0.9243634692344308,0.6184040641216817
crag_4_TILE_3,joint_noise_arctique_semantic_glas_set_dropout_pu_0_00,0_00,0.37431029332219623,0.5661011561099595,0.6450841993936752,0.8004307345198509,1.045821814903846,1.0920770701476794,0.5040252789321009,0.5974791828582736,0.6743434103778376,0.7334311876188213,0.6912249085531069,1.0258032226562501,0.7102661132812499,0.6405397033691407,0.5635903453826906,0.5466595397949219,0.8047996460447506,0.5429615459258728
crag_4_TILE_7,joint_noise_arctique_semantic_glas_set_dropout_pu_0_00,0_00,0.38354049663757905,0.564340781972761,0.6449048644491385,0.8497443511474987,1.156451237251569,1.1841197672716628,0.5136312992985063,0.6029516625401448,0.6766374123423274,0.7379024815901615,0.6889602403088356,1.2710498046875,0.7383966064453124,0.6155577087402342,0.5359565448760988,0.5159191162109376,0.814446099542844,0.5530344899960037
crag_4_TILE_25,joint_noise_arctique_semantic_glas_set_dropout_pu_0_00,0_00,0.4597407429391751,0.5717553414753033,0.6522834590832461,0.8692797418176775,1.062405954428203,1.1050222585867118,0.5830420253894332,0.6508581186578106,0.7063094364689086,0.7832663948320024,0.712444928296351,1.133388671875,0.8029260253906249,0.65609130859375,0.5701379013061524,0.5525313842773439,0.9011888853845661,0.5647002616083199
crag_4_TILE_28,joint_noise_arctique_semantic_glas_set_dropout_pu_0_00,0_00,0.3664207693655044,0.5589197230301471,0.6404827129642265,0.8242822324954435,1.0727149852807971,1.0994048811431625,0.4967044102172998,0.5904567683820444,0.6673479416471904,0.7246501938121328,0.6873911006829065,1.10520263671875,0.7183898925781249,0.6131407165527344,0.5454855918884277,0.5367109008789063,0.7147584415896424,0.5728329889014312
crag_55_TILE_6,joint_noise_arctique_semantic_glas_set_dropout_pu_0_00,0_00,0.27417755316128023,0.6006554718235269,0.7026360844537543,0.8731173724112427,1.1134774866916404,1.1550354990617784,0.37559568099278967,0.48607088692574707,0.6461375669937859,0.832489656245232,0.8386344691130252,1.3357031250000002,0.7805284118652344,0.5841612243652343,0.3851130878925324,0.3612798873901368,0.9182033559288691,0.7120835450076889
crag_55_TILE_7,joint_noise_arctique_semantic_glas_set_dropout_pu_0_00,0_00,0.2916780179948546,0.6034009904177277,0.7037995584178264,0.9046973628357009,1.1156732571809862,1.1516812089560688,0.39937228416902343,0.5133174935336693,0.6679306515036472,0.8485091274517257,0.825555280207652,1.1593505859375,0.8174876403808594,0.5562805271148682,0.4105248433351518,0.3840832267761231,0.8635601492593733,0.7223637612119103
crag_55_TILE_17,joint_noise_arctique_semantic_glas_set_dropout_pu_0_00,0_00,0.16778021131176502,0.6105273773119659,0.7501972172730683,0.9497942243303571,1.171606014113751,1.2117602204623288,0.22852998586110668,0.29831699373665344,0.4279516779114803,0.7543265964673913,0.9109498237332696,1.397666015625,0.7604412841796873,0.6149819374084471,0.42229208469390883,0.40873907012939464,0.9880756813801082,0.7770023987226826
crag_10_TILE_8,joint_noise_arctique_semantic_glas_set_dropout_pu_0_00,0_00,0.31601809174753726,0.5902422438937385,0.6631822412455417,0.8061139272347156,1.0475590177279306,1.0928930953557312,0.4407078075772735,0.5610087157532614,0.6770045481202004,0.7620321943420253,0.7390766775911375,1.1383935546875001,0.7438885498046873,0.6511119079589843,0.4781205308437348,0.4052337661743164,0.7262258277557547,0.6391812282238754
crag_10_TILE_34,joint_noise_arctique_semantic_glas_set_dropout_pu_0_00,0_00,0.30457605913397856,0.5665082885665633,0.6574184096101254,0.8003692532354308,0.9897573484596631,1.0549178862235915,0.4218112284318059,0.5295319597206487,0.6495173962080241,0.7452235377541188,0.7240425969229244,1.0345654296875,0.7441802978515625,0.6007157135009765,0.48562749087810514,0.3783898824691773,0.7947188119217576,0.5954510617596942
crag_25_TILE_1,joint_noise_arctique_semantic_glas_set_dropout_pu_0_00,0_00,0.3421415189804975,0.5899284941989673,0.6488818488934228,0.8354343356169402,0.9941042139698852,1.024189319349315,0.47042784496638823,0.5893692887335025,0.6758201754664701,0.729166617804338,0.7012901844575239,0.9973925781250003,0.8031037902832031,0.6667367553710938,0.6129756546020508,0.5917126892089843,0.7842508611136894,0.6152846403400112
crag_25_TILE_5,joint_noise_arctique_semantic_glas_set_dropout_pu_0_00,0_00,0.11547138911555521,0.5249322174973629,0.6463265503651997,0.761045937831741,0.9806906960227273,1.1211635044642858,0.15585220447340384,0.19447945883703116,0.26285913929941696,0.4636687906478868,0.7153923128858025,0.78104736328125,0.6236572265624999,0.37756834030151365,0.23903342962265015,0.19953751983642581,0.6880292403796487,0.6880292403796487
crag_25_TILE_7,joint_noise_arctique_semantic_glas_set_dropout_pu_0_00,0_00,0.16334363917121664,0.57219076355978,0.6991672518963978,0.866862826475982,1.0290327851410506,1.0562461828175895,0.21609729191199206,0.277051981764516,0.39934611325344466,0.686594628116898,0.8756105342113466,1.0059960937500003,0.7512316894531249,0.5626326417922973,0.33911673247814184,0.32513808631896973,0.8485690024399353,0.7275925978318556
crag_25_TILE_16,joint_noise_arctique_semantic_glas_set_dropout_pu_0_00,0_00,0.13895978406071663,0.5930418701967467,0.8280162444145279,1.037844318120697,1.2141407089452005,1.2412775213068181,0.17055868514585218,0.20338070029957492,0.2665087464769455,0.49375283503743145,1.3690731897378516,1.2767822265625002,0.7498046875,0.4268984603881835,0.24317415952682495,0.20223632049560547,1.0852204221921267,1.0706621643222507
crag_25_TILE_29,joint_noise_arctique_semantic_glas_set_dropout_pu_0_00,0_00,0.19619529455667362,0.36720156851402125,0.5593474014945652,0.9326171875,1.1910807291666667,1.1910807291666667,0.24218978986555398,0.2655350270275224,0.2985320161816451,0.36981603110708844,1.443359375,0.48637939453125,0.3571966552734375,0.2787337493896484,0.2560560989379883,0.251555419921875,0.0,0.0
crag_7_TILE_0,joint_noise_arctique_semantic_glas_set_dropout_pu_0_00,0_00,0.2607563239580486,0.606811637885571,0.7255053605619837,0.9198841482058201,1.1253283030626782,1.1615579044117648,0.3589601308232746,0.46560278792592835,0.6313252550655486,0.8641505797716181,0.8419720036294126,1.4530151367187503,0.8383412170410155,0.6103392028808593,0.4034336483478546,0.36143145217895506,0.9325873225681852,0.709670969103726
crag_7_TILE_11,joint_noise_arctique_semantic_glas_set_dropout_pu_0_00,0_00,0.18282620143145323,0.4340849856852399,0.6117401402341367,0.7783958579009433,1.0884454900568181,1.1251085069444444,0.2225552709686921,0.25410833582282066,0.30694515216439655,0.4432366720060023,1.6259765625,0.65521484375,0.5169464111328124,0.307720832824707,0.23085633277893067,0.21955408935546875,0.0,0.0
crag_7_TILE_26,joint_noise_arctique_semantic_glas_set_dropout_pu_0_00,0_00,0.30270974538871087,0.6065577746141347,0.7187481836675385,0.905149087573335,1.1061340307310652,1.1384956094271579,0.4185147155451774,0.5363035746168361,0.6878962550981321,0.8875404303670019,0.839425969551743,1.3790673828125006,0.9479223632812499,0.6650592613220215,0.5057173824310304,0.4460420845031739,0.9261795593092611,0.7202680639865088
crag_7_TILE_29,joint_noise_arctique_semantic_glas_set_dropout_pu_0_00,0_00,0.14635370520409197,0.48590050952296193,0.6955363501172922,0.8576143772482014,1.101076916436464,1.138232421875,0.18847324960752798,0.2229311372246082,0.28483307675215846,0.4576711554276316,0.9950747965233119,0.9670654296875,0.7779150390624997,0.4712158966064451,0.26862842798233033,0.23220708312988286,0.995540331055209,0.8758988813920454
crag_7_TILE_33,joint_noise_arctique_semantic_glas_set_dropout_pu_0_00,0_00,0.283116946084192,0.6427857391834562,0.7435471781758252,0.9177380620929941,1.0900571893807411,1.1240051665712103,0.3952930907032544,0.5203975506370155,0.700654367395685,0.9318266439968735,0.8543506868283408,1.229718017578125,0.926918487548828,0.6560399055480955,0.48772128582000723,0.46495903930664073,0.8541097741426585,0.7349652076112333
crag_18_TILE_13,joint_noise_arctique_semantic_glas_set_dropout_pu_0_00,0_00,0.42841841909103096,0.5997772880129453,0.666984796702996,0.8398155200234251,1.1165751731897249,1.1491844733029801,0.5774891902930734,0.6627592942837854,0.7198321797494409,0.804296142944153,0.7385075964981679,1.3350830078125,0.8279809570312499,0.6374316406249999,0.5945585632324221,0.5720596313476564,0.9802168451178448,0.6320368679017738
crag_18_TILE_14,joint_noise_arctique_semantic_glas_set_dropout_pu_0_00,0_00,0.40861047798534855,0.6161908974641268,0.6870467858113254,0.9074549452291412,1.1216358575295275,1.1545958786867978,0.5573838384440388,0.663025025255824,0.7415630717381791,0.8790819455088178,0.7888692949091217,1.2686279296875,0.9320473480224609,0.6679322242736815,0.5730877661705018,0.5360002319335938,0.9915638915736047,0.7114114632136666
crag_18_TILE_20,joint_noise_arctique_semantic_glas_set_dropout_pu_0_00,0_00,0.38494627334875986,0.5984559607071472,0.6657593400980197,0.8553264938921844,1.1031281989308461,1.15495078216696,0.5268002649611605,0.632179172029939,0.7080396925531374,0.7941825556636198,0.7373495163965479,1.35981201171875,0.7917337036132812,0.64357666015625,0.55934232711792,0.5373794708251954,1.0138892929522965,0.621095991570678
crag_18_TILE_23,joint_noise_arctique_semantic_glas_set_dropout_pu_0_00,0_00,0.3331424865464214,0.5919261013157434,0.656216456149807,0.8635927961303663,1.132470703125,1.1639478336411353,0.46462995599561735,0.5857765000815243,0.6814553421412872,0.7581210732370592,0.7253051399707752,1.21900146484375,0.7310852050781249,0.6461055755615233,0.545858498811722,0.49662398338317887,0.8806207264249852,0.6122673143862789
crag_18_TILE_30,joint_noise_arctique_semantic_glas_set_dropout_pu_0_00,0_00,0.3938527409627568,0.6114887864771004,0.6989831390819751,0.9095303501863143,1.1141563197544644,1.1379917759851226,0.5356922355437844,0.6459223524040663,0.7467131782991939,0.9116313405280566,0.8206204914478674,1.2516259765625,0.8720828247070311,0.6986723327636717,0.5779645133018494,0.5465914428710938,0.8742039218257003,0.720275677290253
consep_9_TILE_0,joint_noise_arctique_semantic_glas_set_dropout_pu_0_00,0_00,0.11468941054772586,0.5804448549840548,0.762213534440899,0.9167343777684267,1.0627407962328768,1.089005813460669,0.15233039365550577,0.19472852560816867,0.27430051110263226,0.5154269797855728,1.016113850342366,0.97017822265625,0.6573910522460937,0.32645849704742425,0.21850961804389954,0.19833817443847654,0.9536050588845862,0.8527891855673863
consep_9_TILE_1,joint_noise_arctique_semantic_glas_set_dropout_pu_0_00,0_00,0.11921008018543944,0.45020941126416303,0.7420539136202831,1.0117228360355648,1.1552330280172414,1.1726019965277779,0.14888372275191258,0.17610061320654682,0.2217475533055054,0.33578794759734387,1.2106843171296295,0.95696533203125,0.3880491638183593,0.2129538345336914,0.14762227296829225,0.14480730438232423,1.1999737774884258,1.1999737774884258
consep_9_TILE_2,joint_noise_arctique_semantic_glas_set_dropout_pu_0_00,0_00,0.14425876195309684,0.5993622241864578,0.7387088054337232,1.008300157646871,1.19312890625,1.2173459633795143,0.19547926163536752,0.2528496443852498,0.3625335662320341,0.6750134988396805,0.8996000939602607,1.31287353515625,0.7926540374755858,0.4591021728515625,0.29874905586242684,0.281785693359375,1.0378552674635666,0.7477098167194092
crag_27_TILE_0,joint_noise_arctique_semantic_glas_set_dropout_pu_0_00,0_00,0.3583751062396914,0.617589388218845,0.7255240630520674,0.8868080276268115,1.104234192148926,1.1411670733475068,0.48374116928428496,0.6019343706152391,0.7393252866185368,0.9414865643085593,0.864653993544977,1.2507568359375003,0.7737834167480468,0.6101340103149414,0.4721868264675141,0.4661297569274903,0.9112527104129987,0.7395435409585043
crag_42_TILE_4,joint_noise_arctique_semantic_glas_set_dropout_pu_0_00,0_00,0.21239553682971746,0.5774845245942556,0.7381668052385075,0.9096515019916405,1.0595040216451916,1.0918063672482503,0.2845633165299512,0.3620355883578282,0.4956417751879544,0.781961465757928,0.9484811945234402,1.3415039062500003,0.9526968383789061,0.778413028717041,0.493560357093811,0.3986539627075196,1.056693670448618,0.8613718629994391
crag_3_TILE_2,joint_noise_arctique_semantic_glas_set_dropout_pu_0_00,0_00,0.47688492212910205,0.6043657948656795,0.6794732389299977,0.8664916925736595,1.1097333695187928,1.151141806009883,0.6097397264279896,0.6861070258400446,0.7491257978655905,0.886036199108505,0.7577659235655,1.1997509765625,0.7916073608398437,0.6392536544799805,0.5414097666740418,0.5335900436401367,0.8429713137398778,0.6547733803901304
crag_3_TILE_4,joint_noise_arctique_semantic_glas_set_dropout_pu_0_00,0_00,0.4533687179791741,0.6002558126073531,0.6684920816940755,0.8468476001831007,1.0527808138783596,1.1019155863463368,0.5880525179713385,0.6687539187662115,0.7229859964473151,0.8093223814320568,0.7342709028285079,1.2285400390625,0.84763427734375,0.6501744079589844,0.5879652428627016,0.5595241409301758,0.7840987775693284,0.6495434454772397
crag_3_TILE_7,joint_noise_arctique_semantic_glas_set_dropout_pu_0_00,0_00,0.46887348568998277,0.6018556768557484,0.6609906898986071,0.829308594588611,1.107876624235654,1.1412979482411012,0.6055739974318753,0.6736423088434907,0.7165748142764858,0.7884397813617402,0.727341753975366,1.3133398437500003,0.8174822998046875,0.663306198120117,0.6011702346801758,0.5879183959960937,0.8481115966210107,0.6438251578949382
crag_3_TILE_19,joint_noise_arctique_semantic_glas_set_dropout_pu_0_00,0_00,0.5024671240244061,0.588792323157796,0.6529667478319958,0.8080670620304062,1.038604042746804,1.1079157049005681,0.6206557038844871,0.6740050223044038,0.710091302651179,0.7632445336875975,0.7076232019088997,1.1530810546875003,0.8787103271484373,0.6983327484130859,0.597366008758545,0.5693156005859376,0.7588545203721841,0.6044478407212575
crag_3_TILE_23,joint_noise_arctique_semantic_glas_set_dropout_pu_0_00,0_00,0.4442873536609113,0.5916123068150871,0.6522214224838264,0.7951730803095491,1.0243598090277777,1.0755218050373134,0.5825658639635775,0.6562491957054724,0.6987438181587624,0.742214512807748,0.7026315848890097,0.997041015625,0.68990478515625,0.6627639770507812,0.6041354560852051,0.5742320556640625,0.804599822363137,0.6302914334118079
crag_3_TILE_28,joint_noise_arctique_semantic_glas_set_dropout_pu_0_00,0_00,0.4529527419945225,0.5833801990195767,0.6518640345650151,0.8043609231037503,1.0368317768402306,1.0808721611124288,0.5792946462508992,0.6518640345650151,0.7015485087641419,0.7580111945346321,0.711189967265747,1.0942919921875,0.7427720642089843,0.6536201477050781,0.589955005645752,0.5688639587402343,0.6962035195071545,0.6323078663776907
crag_14_TILE_3,joint_noise_arctique_semantic_glas_set_dropout_pu_0_00,0_00,0.2633854826563038,0.630621349887296,0.732727420107373,0.9143489044555396,1.0855559020483194,1.1129881978187741,0.3694684273846524,0.4839178910279151,0.6644027773584485,0.8917861277862927,0.848421235650892,1.16063720703125,0.8683059692382811,0.678718490600586,0.5581143569946291,0.5326568984985354,0.8220699389701931,0.7331082492078629
crag_14_TILE_4,joint_noise_arctique_semantic_glas_set_dropout_pu_0_00,0_00,0.35185689813806675,0.6421362367595975,0.7336659518903385,0.9106851091056034,1.0727793311055371,1.107331344934231,0.4874193209904189,0.6184319269189198,0.7606549571841636,0.9723614527039884,0.8509784073913728,1.2298559570312504,0.9631625366210932,0.6907124137878418,0.5620403933525087,0.5113114494323732,0.8287660758968417,0.7261595171886815
crag_14_TILE_7,joint_noise_arctique_semantic_glas_set_dropout_pu_0_00,0_00,0.46927294426131994,0.6731622324197163,0.7689496960884664,0.9364789825058226,1.1112239274599882,1.1421416324332787,0.6260027641384861,0.7454736051081767,0.8656592079749593,1.1172430525106756,0.9175954107531864,1.334736328125,0.9895297241210937,0.7013436508178711,0.5908958959579469,0.5469489654541017,0.9136655841552417,0.7969269838905197
crag_14_TILE_28,joint_noise_arctique_semantic_glas_set_dropout_pu_0_00,0_00,0.4095518187095877,0.6519923612276579,0.739427372979242,0.9160200601405053,1.0897208914809415,1.1239175348313017,0.555686851086616,0.6811518968379122,0.8011080360034675,1.0251874600673252,0.8459336862435229,1.35158203125,0.8874493408203122,0.7260267829895019,0.5980382084846496,0.5355633911132812,0.9370719309881268,0.7348159022882256
crag_14_TILE_33,joint_noise_arctique_semantic_glas_set_dropout_pu_0_00,0_00,0.3815671249758452,0.6421206343004294,0.7428242663571654,0.9223075033366966,1.07472265625,1.1104094639773912,0.5238366851151415,0.651040432542127,0.7855098663322326,1.0124607766754345,0.8571188536128341,1.39734130859375,0.9255805969238281,0.6542848682403565,0.5772414052486421,0.5377920623779298,0.8032209116126423,0.7366974872459593
crag_2_TILE_4,joint_noise_arctique_semantic_glas_set_dropout_pu_0_00,0_00,0.18104905367363244,0.4906432575575666,0.6957520752292303,0.9270644975581108,1.129726312099359,1.1554882342998798,0.23538443822740357,0.28670848740875843,0.3697371194628196,0.5742567538996989,0.893611598659206,1.058707275390625,0.6642537689208982,0.3500542449951171,0.2576531982421875,0.2219507095336914,1.1081214822748655,0.796067090010115
crag_2_TILE_21,joint_noise_arctique_semantic_glas_set_dropout_pu_0_00,0_00,0.31997661164496094,0.624393479385961,0.7073689717404233,0.901283855889284,1.1007880871231284,1.1391837284482758,0.44448564644912525,0.571439252454533,0.7166457426920192,0.8831958868446821,0.8253486148920323,1.213751220703125,0.9863409423828124,0.728291549682617,0.5747213649749755,0.5123805267333984,0.9072843244978988,0.707829698223934
crag_2_TILE_35,joint_noise_arctique_semantic_glas_set_dropout_pu_0_00,0_00,0.25733627870795317,0.6390867646902617,0.7167001577524038,0.8932053101212604,1.0911749492789584,1.1314910853309676,0.3615561491110684,0.48582257593903516,0.6751736985855564,0.8652066384891404,0.8547336460265373,1.1597851562499997,0.84685791015625,0.692133960723877,0.5339414548873903,0.5015173316955567,0.9078715170880295,0.7389467571853499
crag_59_TILE_0,joint_noise_arctique_semantic_glas_set_dropout_pu_0_00,0_00,0.49666522425832227,0.5893653358265745,0.6594501317717629,0.826194188202506,1.02935791015625,1.0618887374650186,0.6169744250456354,0.6766279404915654,0.7221279631909149,0.803138492759723,0.7248363404879924,1.03052734375,0.8711572265625,0.6826612091064453,0.592279281616211,0.582016902923584,0.7155013669495751,0.6067982370053371
crag_59_TILE_9,joint_noise_arctique_semantic_glas_set_dropout_pu_0_00,0_00,0.4491395525401458,0.5855698139500112,0.6582096218877939,0.8296698398815932,1.033936592893102,1.0683262711864407,0.5795509594144388,0.6555705462719482,0.7115446442467729,0.7839451958789452,0.7218737549846513,1.10342529296875,0.8152931213378907,0.6603671264648437,0.5742091178894043,0.5457785247802734,0.7628238777695513,0.60877656950714
crag_59_TILE_16,joint_noise_arctique_semantic_glas_set_dropout_pu_0_00,0_00,0.4585267447400838,0.5836847032596896,0.6474626024832785,0.8032664187193064,1.0224978333500805,1.0676131987235915,0.5875805585300593,0.6538361772320339,0.6975112248790649,0.7477034926056073,0.702131910725871,1.02404541015625,0.7954217529296872,0.6597326660156249,0.5902292060852051,0.5273324401855468,0.7527117677082096,0.5928199382248845
crag_59_TILE_17,joint_noise_arctique_semantic_glas_set_dropout_pu_0_00,0_00,0.4308131043217145,0.597241054148885,0.6560634946949602,0.8229018322769577,1.0031692848616551,1.0437347096565732,0.5715724626276143,0.6543431988511983,0.7058734441627748,0.7679445868896843,0.7138215363349416,1.0622558593750002,0.8078179931640623,0.6582902526855469,0.6374444198608399,0.6112907592773438,0.7500114338023796,0.6171737512735067
crag_59_TILE_21,joint_noise_arctique_semantic_glas_set_dropout_pu_0_00,0_00,0.46382816263940185,0.5880637777710861,0.6509595542189407,0.8166843081922713,1.060887726814516,1.1105274810522847,0.5975454579084343,0.6611302649456522,0.7050373254860864,0.7602509345339443,0.7099645405518337,1.1959716796875002,0.7938238525390624,0.6988880920410154,0.5723929786682129,0.5532994201660157,0.7623801752263001,0.5898173558694799
crag_59_TILE_22,joint_noise_arctique_semantic_glas_set_dropout_pu_0_00,0_00,0.47479149827267975,0.6109888919055159,0.6853214160403422,0.878654296374968,1.0322659681637134,1.0568499139252379,0.6129788314346167,0.6917611578550079,0.7588497504428459,0.9114562727606391,0.7634502915495386,1.1255078125000002,0.9336737060546872,0.7382156372070312,0.6222013258934022,0.5792427963256837,0.8307043333400461,0.654091174474468
crag_36_TILE_19,joint_noise_arctique_semantic_glas_set_dropout_pu_0_00,0_00,0.2226743278442882,0.5674584175210552,0.6755352263091255,0.8425738690739105,1.097828629228227,1.1322139910797575,0.30362808231197685,0.3900884158588743,0.532014488143401,0.7399161083197064,0.7949039445017296,1.1901318359375004,0.7493905639648435,0.605387496948242,0.3809272229671478,0.33262160606384283,0.8433398555293318,0.6568549732977302
crag_36_TILE_30,joint_noise_arctique_semantic_glas_set_dropout_pu_0_00,0_00,0.186942539177835,0.5438937968988286,0.6399873492016038,0.7425206642783149,1.0381433823529411,1.062744140625,0.25596453847046724,0.3317465092904407,0.46447833370217856,0.6703619015222282,0.6914905639775992,0.6976025390625002,0.672462158203125,0.5906739807128907,0.4264045757055283,0.3712949642181397,0.6346209677507724,0.6298162635629418
crag_36_TILE_33,joint_noise_arctique_semantic_glas_set_dropout_pu_0_00,0_00,0.15788140677614138,0.5127296828877157,0.6492418412328732,0.7546698481058903,1.07568359375,1.0842982700892858,0.2128408867623013,0.26906647731930167,0.3672594747467204,0.5968347281531188,0.7108841851691657,0.7549090576171875,0.6212983703613282,0.373062343597412,0.2419803547859192,0.21710072479248047,0.8719135247112422,0.6557620008847747
crag_54_TILE_7,joint_noise_arctique_semantic_glas_set_dropout_pu_0_00,0_00,0.17847757879644632,0.6589087002946449,0.757914515548563,0.9444355622388152,1.1349905211553324,1.1715309567947942,0.24738003115952828,0.33417699352934616,0.5130041483417361,0.8439882604087271,0.9571976750533774,1.3898095703125,0.9978373718261716,0.6594657897949218,0.592437105178833,0.5192652839660644,1.044535420029958,0.7983846639734917
crag_54_TILE_15,joint_noise_arctique_semantic_glas_set_dropout_pu_0_00,0_00,0.03299501645960845,0.4640161465947856,0.6661902421357616,0.8176131338443396,1.06982421875,1.0941569010416667,0.042201139234506184,0.051919010787050315,0.0708218991347254,0.13917690880889752,1.451171875,0.4588191223144531,0.168016414642334,0.11695576190948487,0.05956416189670564,0.047874521827697754,0.0,0.0
crag_54_TILE_16,joint_noise_arctique_semantic_glas_set_dropout_pu_0_00,0_00,0.05938685149885714,0.4146286590189873,0.62390234375,0.8633256392045454,1.1859375,1.245361328125,0.07400625319549665,0.08836922220618387,0.11329301687834702,0.18786137987968488,1.388671875,0.4376306152343751,0.22144268035888673,0.11086112499237061,0.0786426854133606,0.07305671844482423,0.0,0.0
crag_54_TILE_22,joint_noise_arctique_semantic_glas_set_dropout_pu_0_00,0_00,0.042293042060919106,0.41748710128961836,0.632366987910584,0.8261530949519231,1.14287109375,1.14287109375,0.05438789639233602,0.06752106163595734,0.09287603114678608,0.179167575027638,1.3486328125,0.36775848388671883,0.1717293930053711,0.11718899488449097,0.07068406760692597,0.06148529243469238,0.0,0.0
crag_54_TILE_26,joint_noise_arctique_semantic_glas_set_dropout_pu_0_00,0_00,0.06554904556833208,0.4115015292796921,0.6311477558724832,0.8763346354166667,1.070947265625,1.11083984375,0.08061334977463812,0.09518057126464397,0.12105632926765938,0.2048138037712559,1.294921875,0.4434954833984376,0.22857891082763665,0.11713664054870605,0.08553201079368591,0.07942760925292969,0.0,0.0
crag_54_TILE_34,joint_noise_arctique_semantic_glas_set_dropout_pu_0_00,0_00,0.06984954289509915,0.44723596184957737,0.620309736143868,0.7893237733004386,0.9665256076388888,1.0709635416666667,0.09183990464547552,0.11377465954312538,0.15356808868116614,0.27049154390391505,0.8609240301724138,0.641341552734375,0.3584671401977539,0.24781284332275388,0.14379156351089478,0.12007051925659179,0.7020221578663793,0.7020221578663793
crag_49_TILE_11,joint_noise_arctique_semantic_glas_set_dropout_pu_0_00,0_00,0.26154544079327025,0.6091442797802702,0.7014365484775641,0.9077658784762457,1.0917643587472483,1.1247605326938943,0.3638344357310381,0.47799772843070654,0.647681532890347,0.8335482770456446,0.8029014075532013,1.3564599609375,0.8698368835449218,0.542652015686035,0.43193827986717226,0.3923803653717041,0.8430570400640345,0.6871817752199543
crag_49_TILE_12,joint_noise_arctique_semantic_glas_set_dropout_pu_0_00,0_00,0.31594648165628314,0.6252450855285532,0.7288943507546096,0.9238953477002503,1.1098895420389487,1.1428793581996115,0.4285470129504159,0.5470101605831255,0.7076060993380167,0.9172705063297145,0.8097087655258985,1.255390625,0.816676788330078,0.6113462257385254,0.40939160346984854,0.38330871810913086,1.0182868891095012,0.7391154074786055
crag_13_TILE_7,joint_noise_arctique_semantic_glas_set_dropout_pu_0_00,0_00,0.21058460063068196,0.5749450523533268,0.6989487322602426,0.8237182744211758,1.0312639508928572,1.0758794193301227,0.2895359505385729,0.37675454653799534,0.5235532468084363,0.761886050144795,0.8117371540047115,1.09756591796875,0.81796630859375,0.7358137989044189,0.4063739699125291,0.32115318603515636,0.8761949714361466,0.7248519269200338
crag_13_TILE_10,joint_noise_arctique_semantic_glas_set_dropout_pu_0_00,0_00,0.30982032971223816,0.6033596689485786,0.7244015799069188,0.8726094279766653,1.0279017857142858,1.0561931042522708,0.4304304187990101,0.5412829876673596,0.6906073650698187,0.8966265271885938,0.8640507190108119,1.1581103515625002,0.8498277282714841,0.6877325439453125,0.47513175487518317,0.4339982582092285,0.9314106608143158,0.7129081453526809
crag_13_TILE_11,joint_noise_arctique_semantic_glas_set_dropout_pu_0_00,0_00,0.2754854405648075,0.5895277644676431,0.7166085983939697,0.8755021987920651,1.0084055901381244,1.0354624881562324,0.37819570792480045,0.4820157597547803,0.6326053293120105,0.8443576372363311,0.8548988634052075,1.1745336914062503,0.8405857849121091,0.6756726837158201,0.5173738598823548,0.4721661437988282,0.7898660183112469,0.7215757156892229
crag_13_TILE_35,joint_noise_arctique_semantic_glas_set_dropout_pu_0_00,0_00,0.2413656047428958,0.6039792715785015,0.739135795553904,0.8831196736219658,1.026536768906041,1.0651351021229307,0.336458531772976,0.4344152969055027,0.5866554687103003,0.8498740529040307,0.9346437142565359,1.2370019531250003,0.8958752441406247,0.6491719436645507,0.4641173779964447,0.4196313034057617,1.0008535627346058,0.798899470949636
crag_44_TILE_23,joint_noise_arctique_semantic_glas_set_dropout_pu_0_00,0_00,0.28447001200402156,0.5845220555487433,0.6773964239713122,0.8634030835126697,1.0952198009200507,1.1589304606119792,0.399166988925267,0.5244708123636453,0.6605349925875197,0.7997897651142238,0.7757110577142379,1.1347558593750002,0.8107231140136719,0.5893008041381835,0.4782542538642885,0.4050789405822753,1.1899595051804241,0.634301882890644
crag_44_TILE_31,joint_noise_arctique_semantic_glas_set_dropout_pu_0_00,0_00,0.330799552379176,0.5970028734273852,0.68188368651276,0.8911500969888952,1.1658135775862069,1.2035245028409092,0.4586710301536955,0.5772485633827522,0.6970367012741484,0.823474858431208,0.7931885641491146,1.3697119140625005,0.9604864501953125,0.8065295028686522,0.5287859630584717,0.4947440856933595,0.9055680495556399,0.6761402317793337
crag_38_TILE_2,joint_noise_arctique_semantic_glas_set_dropout_pu_0_00,0_00,0.2407686996011762,0.607892594671681,0.7449371703543876,0.9519456766419492,1.1621044875327693,1.2015570173533907,0.3323633923439629,0.43285368033740923,0.5973021306402866,0.8669295105929781,0.9483929234003958,1.348486328125,0.9507565307617187,0.6505356550216673,0.4221927726268769,0.39441354751586916,1.1671236008006483,0.8236946769456047
crag_38_TILE_11,joint_noise_arctique_semantic_glas_set_dropout_pu_0_00,0_00,0.3138035727897659,0.5887755686398324,0.7006156554909252,0.8838278027360892,1.106126667728007,1.152376626792394,0.43606155745412906,0.5525362379848957,0.685881231256989,0.8591052034153214,0.8816560399501301,1.2649658203125003,0.8751971435546875,0.6388331604003905,0.5315536975860597,0.47785250091552733,0.9991104090837004,0.722505500900764
crag_38_TILE_20,joint_noise_arctique_semantic_glas_set_dropout_pu_0_00,0_00,0.31041209143586457,0.5971620141006098,0.7180290059840425,0.8695758839229779,1.1010823166461228,1.1356571894248795,0.4281448638666553,0.5448439944683705,0.6896421503080202,0.8852512274744743,0.9291665537039715,1.2717480468750002,0.8242684936523438,0.6787294006347656,0.5551546287536623,0.4731533306121826,0.9042168588033863,0.8199002439610751
crag_38_TILE_26,joint_noise_arctique_semantic_glas_set_dropout_pu_0_00,0_00,0.25619040353922173,0.6064638081797097,0.7342084334240179,0.9281442405380924,1.1470608212661215,1.1769098582810866,0.3534559408737034,0.4599509604920316,0.6234001982213885,0.8749855753673671,0.9505067732456377,1.3576171875,0.8960762786865234,0.5710823631286621,0.37451430678367614,0.3300393606185914,1.0825302989268595,0.7979277674823877
crag_53_TILE_11,joint_noise_arctique_semantic_glas_set_dropout_pu_0_00,0_00,0.3183531674440019,0.5719834618807476,0.6682025445170382,0.8768020098993407,1.0912736622764385,1.1217891128104875,0.4402234046626895,0.5502663287257414,0.6668987943381025,0.7911491474594645,0.7227509665134004,1.23929443359375,0.8420120239257811,0.6646737670898437,0.49029876708984377,0.47179011077880867,0.6790405374132663,0.6030831365940984
crag_53_TILE_30,joint_noise_arctique_semantic_glas_set_dropout_pu_0_00,0_00,0.3627062047016807,0.5957127504705726,0.6447475458393718,0.7781326074301439,0.9643377774003623,0.9991092166385135,0.5048049600149616,0.6204922411972301,0.6784521888979971,0.7074175768514745,0.6872265431273634,0.8337304687500001,0.6869927978515625,0.6629359436035156,0.5882570064067841,0.5219935989379882,0.7527605153051337,0.609151232217419
crag_6_TILE_7,joint_noise_arctique_semantic_glas_set_dropout_pu_0_00,0_00,0.2765403036028147,0.6025561080749026,0.6736114575019952,0.9306218965889465,1.1801899717222588,1.2074281569809941,0.37916785622112725,0.49212030844191446,0.6508856355125483,0.7543272330030603,0.7481884253347598,1.201640625,0.859642105102539,0.6983782958984375,0.5912007141113282,0.545679080963135,0.965260692602346,0.649156118631197
crag_6_TILE_13,joint_noise_arctique_semantic_glas_set_dropout_pu_0_00,0_00,0.24367802147753537,0.5908463234197263,0.6524432992970486,0.901400936351103,1.1076801687047102,1.131195568647541,0.32715308340208504,0.42109463004438613,0.5912742504163911,0.7095057084490036,0.701748912461714,0.9061816406250003,0.6819897460937498,0.6597093200683593,0.6076355934143067,0.5874405090332032,0.8904738507386697,0.6000444633439025
crag_26_TILE_17,joint_noise_arctique_semantic_glas_set_dropout_pu_0_00,0_00,0.1679269922169624,0.5923747505473843,0.6703969724954725,0.8122820492379644,1.0779483015366023,1.1262837357954545,0.23567529541398774,0.3119487672243062,0.4536039652270662,0.7113641036184211,0.7348220264668367,0.9452185058593752,0.6767610931396484,0.6053084945678711,0.4252707278728486,0.3444300214767456,0.978749805647535,0.634856260897264
crag_26_TILE_23,joint_noise_arctique_semantic_glas_set_dropout_pu_0_00,0_00,0.16231191616680007,0.593575004097465,0.690535866391424,0.8657471341679381,1.1168662623355263,1.1513351966594827,0.228164638928361,0.305748307146132,0.4467035480794585,0.7286444294565301,0.7695874049055614,1.1062744140625,0.7013655471801757,0.5203732872009277,0.4086736965179445,0.3913312156677247,0.7932463007060297,0.6379000185719065
crag_20_TILE_15,joint_noise_arctique_semantic_glas_set_dropout_pu_0_00,0_00,0.4071837889496237,0.6468621417298425,0.7515665241993212,0.9476131374114359,1.1265657750571647,1.1579667821967472,0.5496117761825843,0.6735823006979303,0.8057865360943456,1.0579874562795442,0.8864939119635662,1.212548828125,0.9342532348632808,0.6574085044860838,0.5412887668609621,0.47863372650146496,1.0059862667331476,0.7489662056938116
crag_20_TILE_17,joint_noise_arctique_semantic_glas_set_dropout_pu_0_00,0_00,0.35721039917552844,0.6398470749029097,0.7450591931006794,0.9382352261156528,1.1206157710531157,1.151084651282233,0.491371812210645,0.6211619177811489,0.7672969971323716,1.004321076960448,0.8511994761292098,1.26389404296875,0.7833966827392578,0.6123839950561523,0.4715845274925232,0.42965007553100587,0.9433940998889422,0.7292918122108274
crag_58_TILE_10,joint_noise_arctique_semantic_glas_set_dropout_pu_0_00,0_00,0.22894223604816943,0.5312060427078106,0.6445247480570434,0.8243171996168759,1.0385542208831058,1.0670113848824787,0.3038809260091018,0.3831927152225581,0.509610678142799,0.6927097460550861,0.7225038599653476,0.9615283203125002,0.70259033203125,0.5275342559814453,0.33711802721023565,0.323931625366211,0.6603184728626708,0.6603184728626708
crag_58_TILE_16,joint_noise_arctique_semantic_glas_set_dropout_pu_0_00,0_00,0.17529687244677916,0.570355490263807,0.6942816770092173,0.8487705620028133,1.0385270266188789,1.0591793902207,0.24044246390542773,0.3160874220835717,0.45408126089372647,0.7235719076414303,0.8004162229340652,1.0817626953125004,0.8526583862304686,0.6042904663085937,0.3827830600738526,0.29714995155334484,0.701217728614713,0.7086093953065926
crag_58_TILE_27,joint_noise_arctique_semantic_glas_set_dropout_pu_0_00,0_00,0.18389998824568465,0.5534410713132748,0.6614568460190788,0.8537145267036753,1.099337113465314,1.1404395165381493,0.24899993368323667,0.32302220138773696,0.4552575554471369,0.6909388844559833,0.7279322830149502,1.173973388671875,0.74026123046875,0.527307071685791,0.35800816059112556,0.30010460128784183,0.8497941321369713,0.6227419019933556
crag_58_TILE_28,joint_noise_arctique_semantic_glas_set_dropout_pu_0_00,0_00,0.26037377410102636,0.5601706660040033,0.6645966518808137,0.8170345436556758,1.148937770298549,1.2188399465460527,0.35638727734979525,0.45880872437737363,0.5974967952664273,0.7471363526690629,0.7385626708817499,1.2860107421875002,0.8193373107910156,0.5837681198120117,0.4912277221679689,0.4699474090576173,0.7707363243374329,0.5853926536565282
crag_58_TILE_32,joint_noise_arctique_semantic_glas_set_dropout_pu_0_00,0_00,0.24731248407624662,0.5774713126469048,0.7039038104419001,0.8535831519202292,1.0326104058159722,1.0694298377403846,0.3246379067446538,0.40638005716036213,0.5472113309845394,0.781559108434882,0.830591669590764,1.0827685546875003,0.9035644531249999,0.6164378356933593,0.4410943508148193,0.40433647460937505,0.9086877774510964,0.7304761335023454
consep_12_TILE_0,joint_noise_arctique_semantic_glas_set_dropout_pu_0_00,0_00,0.1297694589011371,0.5536496544608935,0.7746060666212946,0.9304457625585723,1.0850467636579573,1.1310694929651608,0.17005430622275777,0.21783874211878632,0.3188549111790553,0.592585267491134,1.0921670042438272,1.0165258789062503,0.5969405364990235,0.41635671615600583,0.20985488176345826,0.17563697891235353,0.9987998718216373,0.9639497733410495
crag_24_TILE_19,joint_noise_arctique_semantic_glas_set_dropout_pu_0_00,0_00,0.3647328694933094,0.6838369945696288,0.8055231645699579,0.9672001048667372,1.1336502115174671,1.1623715120827538,0.4938308504973526,0.626650869311659,0.8096613997435556,1.1006156453711116,0.9898530305709243,1.386728515625,1.011288146972656,0.6096278762817382,0.49709744215011603,0.47127686920166023,0.9929924420346077,0.9082963534490858
crag_24_TILE_20,joint_noise_arctique_semantic_glas_set_dropout_pu_0_00,0_00,0.3548184316896368,0.6444029478201704,0.7570451153381494,0.9065893956544655,1.0966829243263565,1.1308724475489114,0.48365651875425747,0.6080915095578534,0.7661212528846887,0.9950511351180037,0.891247134411197,1.267900390625,0.965759582519531,0.6889022254943847,0.5164531445503235,0.4688519454956055,0.8949889320722291,0.8024924465033625
crag_24_TILE_21,joint_noise_arctique_semantic_glas_set_dropout_pu_0_00,0_00,0.30571282692835666,0.5964552804828258,0.7132071025063547,0.8913897339820035,1.1046090681319316,1.1409033203125,0.42206683256883937,0.5287282226949777,0.6757909178297516,0.8673499140126179,0.8298540990687485,1.480556640625,0.8322839355468747,0.5908944702148438,0.4912960171699524,0.4643570083618164,1.0798170297473044,0.6706870686133118
crag_15_TILE_26,joint_noise_arctique_semantic_glas_set_dropout_pu_0_00,0_00,0.553948107175529,0.6313896546960216,0.6987540945097559,0.8422348021394113,1.0559078244166882,1.0941068021146145,0.6791230894499318,0.7393541236963692,0.8006512886475721,0.9688268700993453,0.7675040986110847,1.2187207031250002,0.929754638671875,0.6987021064758301,0.6366864633560181,0.622249496459961,0.7840715079561948,0.6374121899655603
crag_34_TILE_5,joint_noise_arctique_semantic_glas_set_dropout_pu_0_00,0_00,0.24949690014182124,0.6233767898067397,0.7023450166502416,0.8913379207924206,1.1154554999813544,1.1474211541391017,0.34821771250744143,0.4639041706035857,0.6478215808842223,0.8298941737570428,0.8357766753637409,1.26185546875,0.8813687133789061,0.7351096725463867,0.5832559776306154,0.5187306015014649,1.01399789743246,0.7124617910627182
crag_34_TILE_15,joint_noise_arctique_semantic_glas_set_dropout_pu_0_00,0_00,0.18168911361135542,0.6923068825024737,0.8139820015098829,0.9977944066674957,1.1578346523691787,1.1898182937891293,0.23894795664726595,0.30070211159030186,0.42825221360950766,0.82644497010766,1.1246163196361527,1.3605371093750003,0.88143798828125,0.6447202301025389,0.431351878643036,0.34411013488769543,1.016056853865218,0.9558886546136214
crag_34_TILE_17,joint_noise_arctique_semantic_glas_set_dropout_pu_0_00,0_00,0.2828286231451784,0.6661810062746011,0.7547477303121138,0.9369095945669934,1.1329706557628465,1.1661007637320113,0.399180693997999,0.5341087952256203,0.7278721068125477,0.969792510241997,0.951343278174561,1.2966918945312507,0.9121906661987305,0.7372590637207032,0.559076687693596,0.4702229654312134,0.9949355828451699,0.8244147970701462
crag_34_TILE_23,joint_noise_arctique_semantic_glas_set_dropout_pu_0_00,0_00,0.28987679883721285,0.6490250085159353,0.7400215947375339,0.9182663355226675,1.11040835021449,1.143868491047994,0.40605837060322303,0.5378883166990668,0.7186055939987096,0.9396514752973467,0.909122139603541,1.2819238281250003,0.91236328125,0.7226200485229493,0.5516311872005463,0.5019757999420166,1.0415337821900987,0.7873953989873534
crag_64_TILE_8,joint_noise_arctique_semantic_glas_set_dropout_pu_0_00,0_00,0.22830145238549449,0.5724901329478701,0.6894208016327351,0.9334778897256777,1.112352528431182,1.1436229228107986,0.3181668111506363,0.4169332827546958,0.5694481202847728,0.7806211911982811,0.859757231488034,1.2423364257812504,0.7520066833496094,0.47894250869750976,0.36890101194381714,0.3655004150390625,1.0753602812351197,0.769050217955235
crag_64_TILE_20,joint_noise_arctique_semantic_glas_set_dropout_pu_0_00,0_00,0.12931565282633528,0.5411792057640751,0.6578778524189705,0.8208794487847222,1.0236125034568584,1.0620511451863355,0.17591268084114334,0.23125605434629465,0.3447334286834728,0.6183271703241728,0.7568332187847996,0.89896484375,0.7184136962890624,0.6192821502685546,0.34042346358299264,0.25723561172485354,0.7935983510047001,0.6408634217704267
crag_64_TILE_35,joint_noise_arctique_semantic_glas_set_dropout_pu_0_00,0_00,0.15734453065670095,0.6031940948551596,0.6596250616199313,0.8254998191991474,1.0365489612926135,1.0722401177705223,0.21917271944049638,0.29725409163672173,0.4623200136506173,0.6981328397998329,0.7273829068538648,0.9313403320312501,0.6912109375,0.6698304748535154,0.5877323150634766,0.5330517868041992,0.7288064573347628,0.6623669126250806
crag_17_TILE_14,joint_noise_arctique_semantic_glas_set_dropout_pu_0_00,0_00,0.2724324025621172,0.6028080343436298,0.7065620972938145,0.91004126118719,1.145336485745614,1.176288420273211,0.37483678552990757,0.489507569320236,0.6519150107009117,0.8453257663420036,0.7744300739906209,1.3289062500000002,0.8545848083496094,0.5111049079895019,0.39281879395246505,0.32861767520904545,0.94901338117577,0.6843260680246538
crag_17_TILE_18,joint_noise_arctique_semantic_glas_set_dropout_pu_0_00,0_00,0.1310925305588171,0.5987807775166678,0.7623895543222209,0.9591897191579172,1.1590152138157894,1.1986262664586183,0.17764576927202516,0.23044501834704134,0.3324172916977932,0.6342607798563996,0.9225397310513448,1.2788476562500002,0.7421884155273435,0.33210723876953124,0.2134888917207718,0.1846281005859375,1.0616330252918686,0.8525876015586458
crag_17_TILE_21,joint_noise_arctique_semantic_glas_set_dropout_pu_0_00,0_00,0.19164699636166915,0.5671058481930877,0.6841049022114842,0.9058541425419379,1.124355146942332,1.1617889862518769,0.26240980490310445,0.34484019362257645,0.4875532301315898,0.732325022137797,0.7566301197173436,1.4093896484375,0.78323127746582,0.5710995483398438,0.3993736112117768,0.3590715278625489,1.0369070059888166,0.696986108805413
crag_17_TILE_22,joint_noise_arctique_semantic_glas_set_dropout_pu_0_00,0_00,0.20989722188096493,0.5878024322115841,0.7022247083795223,0.9281557984357464,1.125801972378864,1.16188445804626,0.28670181163657543,0.37183515272768797,0.5228825463318362,0.7748411130577804,0.7785721242623496,1.20513916015625,0.7319952392578125,0.45650126457214346,0.3524588346481323,0.3095109504699707,1.0318313708174165,0.7092499395090334
crag_17_TILE_29,joint_noise_arctique_semantic_glas_set_dropout_pu_0_00,0_00,0.11132389740669169,0.5728311324801817,0.7264127439900476,0.9816515458930222,1.172571415523831,1.228296814638521,0.15289672332850124,0.20269408654581816,0.29824613979177794,0.568851601205221,0.8340310216403279,1.4675537109375,0.6429385375976563,0.42080495834350584,0.30805327892303475,0.2905271240234376,1.1015071505375207,0.7184108964500119
crag_17_TILE_32,joint_noise_arctique_semantic_glas_set_dropout_pu_0_00,0_00,0.10148661583662033,0.5477469917032259,0.6604651924805273,0.7960157152136259,0.9592666625976562,0.9999917240466102,0.13709802745208666,0.17690728601022482,0.25633752459409803,0.5135615350561509,0.721248656280281,0.9028515625000001,0.6450763702392576,0.2763746166229247,0.1917727863788605,0.17591899719238283,0.6555648921996124,0.6555648921996124
crag_39_TILE_4,joint_noise_arctique_semantic_glas_set_dropout_pu_0_00,0_00,0.4695469968573889,0.6642408537663865,0.7625682860717264,0.9066872658266062,1.0782296262966404,1.1138939074127074,0.6222246789531093,0.7379055751215675,0.8546655045453969,1.0753438648546998,0.8992645555799298,1.27351318359375,0.9548541259765625,0.7171579742431641,0.5604632282257082,0.5396192184448243,0.8538080683233233,0.7805371613464591
crag_39_TILE_7,joint_noise_arctique_semantic_glas_set_dropout_pu_0_00,0_00,0.1179261704091914,0.7403953937069788,0.8275845425325739,0.9460894145394007,1.0920534295550848,1.1395879810373675,0.16318527905553498,0.2231526396784253,0.36083074447923486,0.8425066216209776,1.0493576815152579,1.3920800781250002,1.0328042602539063,0.7439370727539063,0.3702577424049378,0.29775357742309577,0.9952812847853636,0.943251068147392
crag_39_TILE_15,joint_noise_arctique_semantic_glas_set_dropout_pu_0_00,0_00,0.552776483586058,0.65259325718217,0.7313790949817228,0.8677832216680164,1.0785367161894084,1.1182537273442588,0.6913559999962537,0.7690621724942835,0.8518818026860813,1.0560080534796268,0.8502000567548005,1.2917138671875,0.9158953857421875,0.7526807785034179,0.6206388235092163,0.6037174499511719,0.8507425215637064,0.7355673770786809
crag_39_TILE_22,joint_noise_arctique_semantic_glas_set_dropout_pu_0_00,0_00,0.4356852730270475,0.6430330617392697,0.7312223821895111,0.9049351353709043,1.0601515852154726,1.096252906833421,0.5823732953953302,0.6966585800825339,0.8023427435923063,1.007308426892639,0.8218948075037221,1.14423095703125,0.8619949340820312,0.7330718612670899,0.6879838037490845,0.6279068695068359,0.8927375064181973,0.7383733867191976
crag_39_TILE_33,joint_noise_arctique_semantic_glas_set_dropout_pu_0_00,0_00,0.43593148596119136,0.6418500078239792,0.7361790603909392,0.9252180795545937,1.0930359228242406,1.124749706520447,0.5799196022491242,0.6942896448562444,0.8071934229235511,1.0369118596155311,0.8538668827882263,1.3356591796875,1.0259481811523437,0.7238560867309569,0.6207814264297485,0.5878381515502931,0.938423412153262,0.7670465039321536
crag_39_TILE_34,joint_noise_arctique_semantic_glas_set_dropout_pu_0_00,0_00,0.3508439031429589,0.6560618404048825,0.7554353150715694,0.9503765604671061,1.1193025167820214,1.1502485452239046,0.4866905128431282,0.6223056811371465,0.7779694651029748,1.0278911875428605,0.8739830382962487,1.2710400390625003,0.9029405212402343,0.7174300479888917,0.5107134079933167,0.49333980178833015,1.0163241346336607,0.7778351136849115
crag_33_TILE_21,joint_noise_arctique_semantic_glas_set_dropout_pu_0_00,0_00,0.3461886451113969,0.6170292009247418,0.7067393258207214,0.9442677152727764,1.1359672909138456,1.1706313545822251,0.47511358124117886,0.5997353640787114,0.7282168212083651,0.9011032497256732,0.8018253228987599,1.23716552734375,0.9162918090820312,0.619640884399414,0.4534175121784211,0.4345834678649903,0.9646821604305592,0.7296552279173835
crag_33_TILE_22,joint_noise_arctique_semantic_glas_set_dropout_pu_0_00,0_00,0.2697574101621285,0.5996728317697457,0.6636513808677936,0.8557995959762533,1.1290436408780364,1.1767858186564837,0.37606240886303643,0.4988020744944054,0.6533786102918743,0.7389754915359674,0.7333963870097873,1.20960205078125,0.7436880493164062,0.6641030883789061,0.5903111171722412,0.5065520858764649,0.952509360686734,0.6406063810772163
crag_33_TILE_32,joint_noise_arctique_semantic_glas_set_dropout_pu_0_00,0_00,0.22229059028904885,0.6384211744759608,0.6851461627058683,0.7903745743053677,0.977850526751894,1.0100074067783817,0.309732730942963,0.418423792347312,0.6202693548758708,0.7478417559534944,0.7971668038078266,0.9975585937500003,0.862724609375,0.7102999877929688,0.6385610985755922,0.5775845596313477,0.689864739920244,0.689864739920244
crag_43_TILE_18,joint_noise_arctique_semantic_glas_set_dropout_pu_0_00,0_00,0.2321095221559517,0.5806621981965893,0.6736007382454129,0.8865939276997786,1.107938494001116,1.1678593576131306,0.3213357226347576,0.43061053497900204,0.5928819334100269,0.761705362242955,0.7546102786104627,1.5349462890625,0.820247650146484,0.5960811614990233,0.5048408508300781,0.4886739501953125,1.1915711618677387,0.6069115124176
crag_43_TILE_23,joint_noise_arctique_semantic_glas_set_dropout_pu_0_00,0_00,0.1523915102588944,0.48458950878133245,0.6327801560501918,0.7850886753627232,1.0471947079613095,1.0744916130514706,0.20334411062358668,0.25686526320346825,0.3504794835014295,0.555342922818648,0.7111343168324775,0.9689038085937502,0.6239219665527344,0.346657772064209,0.24493132829666148,0.2156817398071289,0.654127468096865,0.654127468096865
crag_43_TILE_26,joint_noise_arctique_semantic_glas_set_dropout_pu_0_00,0_00,0.19798359461128712,0.3721664298116764,0.5515785217285156,0.93408203125,1.1593424479166667,1.265625,0.24290038860440852,0.2674698406636097,0.3027258147565298,0.3804783980923408,1.4072265625,0.44417724609375014,0.3727203369140625,0.28123199462890625,0.2595216941833496,0.2543777221679688,0.0,0.0
crag_43_TILE_30,joint_noise_arctique_semantic_glas_set_dropout_pu_0_00,0_00,0.16768461535684764,0.5625238055008248,0.6860997577342446,0.7959295054953658,0.9829760354662699,1.0360713252314815,0.21114273949148266,0.2546460280187441,0.34394597311142616,0.6187500521508812,0.8392415749359732,0.9560815429687501,0.7627255249023438,0.5394244194030762,0.40480373978614814,0.34381267013549816,0.7602379008508479,0.7538753461234178
crag_43_TILE_34,joint_noise_arctique_semantic_glas_set_dropout_pu_0_00,0_00,0.1355110559379682,0.4970573158556919,0.6390627978976012,0.8174851361443015,1.03056640625,1.0695860327743902,0.18376109476115463,0.23383109073510905,0.32345567550647536,0.5404484217081427,0.7410096787177985,0.80592529296875,0.5651947021484375,0.3296879482269287,0.19311183452606204,0.18503784713745117,0.850444187855397,0.6603601141028147
crag_19_TILE_4,joint_noise_arctique_semantic_glas_set_dropout_pu_0_00,0_00,0.2449740415904671,0.37387282500417074,0.5408299251957495,0.9183349609375,1.06103515625,1.06103515625,0.29813802576374737,0.3311969198329477,0.37314629097859375,0.44507825143992763,1.109375,0.560859375,0.49292999267578125,0.38780021667480463,0.32308088302612303,0.31408364257812493,0.0,0.0
crag_19_TILE_11,joint_noise_arctique_semantic_glas_set_dropout_pu_0_00,0_00,0.17422389646526426,0.634909097873624,0.7866855785324172,0.9159895849043799,1.099835900066939,1.139160493460808,0.24258780148373638,0.3187256604160311,0.45780779920965137,0.8085038955299969,1.025026336429626,1.4221801757812502,0.7404171752929688,0.5317769813537595,0.3996443629264832,0.34118759422302253,0.9477442240307893,0.9019973953205002
crag_19_TILE_29,joint_noise_arctique_semantic_glas_set_dropout_pu_0_00,0_00,0.27406808611704037,0.6421292162273029,0.7514359563284088,0.9210434722558929,1.094357022372159,1.128691269028103,0.377505371029889,0.4949947018936743,0.6770212192179476,0.9257398097049748,0.9304505011815388,1.1860742187500002,0.8999697875976562,0.7134580802917481,0.49236222147941594,0.4581445098876954,0.8911456378407459,0.7990778522800241
crag_19_TILE_31,joint_noise_arctique_semantic_glas_set_dropout_pu_0_00,0_00,0.16315283739822917,0.6248143685707761,0.7083345890096979,0.9115912793418779,1.1131720231042654,1.1519964906178652,0.22685718012608477,0.3033711055484791,0.46217611045431933,0.7660724112383748,0.8317970755163774,1.2290966796875002,0.8642947387695311,0.6275769424438477,0.4583198523521424,0.39789041137695325,0.9604375043970993,0.7378458788535793
crag_61_TILE_5,joint_noise_arctique_semantic_glas_set_dropout_pu_0_00,0_00,0.13123626849846914,0.613583863888403,0.7598491762518237,0.9480310450880198,1.1811539004383635,1.2076190171252927,0.18137739134829528,0.23753127683952743,0.3474654418181869,0.6700270438419679,0.9275569145543856,1.23882568359375,0.8064166259765624,0.4439914107322692,0.3156664532423019,0.26188801689147956,1.0343366892771595,0.7766692516850491
crag_56_TILE_0,joint_noise_arctique_semantic_glas_set_dropout_pu_0_00,0_00,0.4245168215420563,0.5996162723314599,0.6769663160762914,0.8434855564701095,1.0420655076876997,1.0737010661578146,0.5647225950485354,0.6570989914445533,0.7310097962867703,0.8477969285918445,0.7512344646412,1.2821044921875002,1.0169647216796869,0.7178057861328125,0.595611152648926,0.5644830688476562,0.8297048252820899,0.6269914323848303
crag_56_TILE_6,joint_noise_arctique_semantic_glas_set_dropout_pu_0_00,0_00,0.4507753998041153,0.4509065057280213,0.5527176941931632,0.7776789878731343,0.9659737723214286,1.0325404575892858,0.4765618196612457,0.49554437403999346,0.5241424458440003,0.5829254266781083,1.41015625,0.8441259765625,0.6546160888671874,0.5299792480468749,0.48115844726562496,0.4785880126953125,0.0,0.0
crag_56_TILE_11,joint_noise_arctique_semantic_glas_set_dropout_pu_0_00,0_00,0.3933420181274414,0.39910399587079554,0.5718674791482952,0.7479791456653225,1.10869140625,1.1561279296875,0.42550724371130877,0.4527151196353118,0.4930189902016743,0.5741259661955945,1.3701171875,0.74083984375,0.637208251953125,0.5303030395507812,0.46950412750244147,0.45397138671875,0.0,0.0
crag_56_TILE_15,joint_noise_arctique_semantic_glas_set_dropout_pu_0_00,0_00,0.13140244843089022,0.5846353915648134,0.8388870966871113,1.0330379710477942,1.169726751025579,1.2001900166079176,0.1680068434295448,0.19600847644876274,0.24613552216673235,0.4162062818816743,1.4442560369318183,1.34375,0.8198397827148435,0.4680361366271972,0.30824600458145146,0.2536952056884766,1.3183677216880343,1.3310546875000002
crag_56_TILE_22,joint_noise_arctique_semantic_glas_set_dropout_pu_0_00,0_00,0.34838098754698876,0.6637446543298787,0.7615664919826229,0.935961742798529,1.0987861475742495,1.1307377045146763,0.4819898137716637,0.6189153231680393,0.7811946798157039,1.0264247681874523,0.8867939832967378,1.1421337890625003,0.8758464050292968,0.6577670860290525,0.5364222764968873,0.5098761947631838,0.9100670273794624,0.765087882448139
crag_56_TILE_35,joint_noise_arctique_semantic_glas_set_dropout_pu_0_00,0_00,0.36246209347154945,0.6678755278049955,0.7598433031441957,0.9148829482111412,1.0891726510595263,1.123551208985892,0.49857498336244194,0.635519565692025,0.7917474265359793,1.0201553095954594,0.8981324046763776,1.1485229492187503,0.7994342041015624,0.6858803176879883,0.6023500823974611,0.5896235137939455,0.8545001074640047,0.7819360530776014
crag_11_TILE_10,joint_noise_arctique_semantic_glas_set_dropout_pu_0_00,0_00,0.37140203223680146,0.671075257390762,0.7622402176071564,0.9197673406890151,1.0687935638569308,1.1003236367425955,0.5165443323953429,0.6586222636109776,0.8066668702723748,1.0335938095555726,0.8808402607873665,1.1664892578125,0.8353752136230469,0.6703076934814454,0.5979398250579835,0.5555855087280275,0.8404388189273619,0.7654184410814542
crag_11_TILE_35,joint_noise_arctique_semantic_glas_set_dropout_pu_0_00,0_00,0.3306055093416944,0.6051851042279858,0.7260368506935001,0.9152218123179068,1.100619399665445,1.1347075483706721,0.45133097538277434,0.5653309041491377,0.710341233234808,0.9188402674908842,0.8847264116795367,1.19951416015625,0.8653512573242185,0.6528681182861327,0.5321942901611328,0.4962293212890625,0.9515899549924883,0.7847480288796878
crag_28_TILE_3,joint_noise_arctique_semantic_glas_set_dropout_pu_0_00,0_00,0.22351288748905063,0.6264555896256891,0.7101828222116713,0.9154925284667597,1.1188291992758923,1.1488492398648649,0.3138209445225018,0.4230789296784409,0.6125376664884116,0.8249562797291919,0.85910900842027,1.188648681640625,0.8561410522460937,0.6422664022445678,0.5219495487213136,0.4565896286010742,1.009879984895683,0.7301578981594431
crag_28_TILE_18,joint_noise_arctique_semantic_glas_set_dropout_pu_0_00,0_00,0.24216489447280765,0.5273976817850492,0.6396940937192421,0.8214142287986866,1.0775714645737327,1.1181297971491229,0.32488867631208257,0.4104335172912408,0.5356933097276945,0.6938865373544078,0.706430309243591,1.1025244140625003,0.6581127166748046,0.4610309982299804,0.35356369018554695,0.32344065017700196,0.659145190840577,0.659145190840577
crag_28_TILE_25,joint_noise_arctique_semantic_glas_set_dropout_pu_0_00,0_00,0.21776775922626257,0.5666354085147067,0.6633640027068057,0.8292044666325935,1.0276929224426385,1.0624035957532052,0.2927998511276398,0.377273819298343,0.5254150117453718,0.7243503097200046,0.7575690815201934,1.0434887695312502,0.8883505249023438,0.6558917236328123,0.5041866266727448,0.4274592514038086,0.858040581016011,0.6714879355007453
crag_28_TILE_26,joint_noise_arctique_semantic_glas_set_dropout_pu_0_00,0_00,0.19486076215980574,0.5805804090360271,0.6991256757211773,0.8768139030359968,1.0587214806157044,1.1018292462384258,0.27148129284632583,0.36688876852563646,0.5327865672762703,0.7713729995571766,0.7864219209245612,1.3487939453125002,0.8690724182128904,0.6040000915527343,0.486714062690735,0.4725105178833008,0.7378563634510542,0.5791073164109114
crag_28_TILE_30,joint_noise_arctique_semantic_glas_set_dropout_pu_0_00,0_00,0.03435713314684108,0.4581866197183099,0.672174072265625,0.8936673677884616,1.12066650390625,1.183349609375,0.04320392965226255,0.052025340284308316,0.0683457013886684,0.12397976122220793,1.41015625,0.31318420410156256,0.15183673858642574,0.07398014068603516,0.04589987844228745,0.03989180297851563,0.0,0.0
crag_32_TILE_6,joint_noise_arctique_semantic_glas_set_dropout_pu_0_00,0_00,0.4126970453071408,0.5638505552014578,0.6578236886966267,0.8668983161750067,1.1100147155551976,1.146923928594393,0.534271387906513,0.6178264896607045,0.6962979177911481,0.7918393885103383,0.7228084851923141,1.3497314453125002,0.8448455810546875,0.6014457702636719,0.5163159561157228,0.5089332092285156,0.9033391775248876,0.5610460014072643
crag_32_TILE_14,joint_noise_arctique_semantic_glas_set_dropout_pu_0_00,0_00,0.13963084621354938,0.5460528253550184,0.7587685448992868,0.9334722563976378,1.0909002275981996,1.1278154296875,0.17903878222841346,0.21941942385017468,0.2922058151982358,0.5228446720940643,1.3299139968487395,1.0567480468750003,0.6808102416992188,0.4173106002807617,0.2742809867858887,0.20773221740722655,0.8721585313813025,0.8721585313813025
crag_32_TILE_35,joint_noise_arctique_semantic_glas_set_dropout_pu_0_00,0_00,0.39414644849603064,0.6547725506976034,0.7518032210015935,0.9125602041045446,1.0798922211106343,1.1136090908392726,0.5382208421960818,0.6694286477719978,0.8033579000637981,1.0265579270181895,0.8646051164614721,1.2895068359375,0.924190673828125,0.6772884368896485,0.5787001973390581,0.5132200210571289,0.8016703219026021,0.745811404326885
crag_23_TILE_10,joint_noise_arctique_semantic_glas_set_dropout_pu_0_00,0_00,0.4006811017752625,0.7225797031573087,0.8327266047081721,0.9642083980797606,1.1103385424741101,1.1423859677448698,0.5537556026918293,0.7048317268490791,0.8872189683926303,1.1512325174616937,1.0445230190638635,1.2606201171875,0.9560316467285156,0.7044818496704102,0.6199048423767092,0.5715396423339845,0.9815488556286598,0.9418856880398441
crag_23_TILE_13,joint_noise_arctique_semantic_glas_set_dropout_pu_0_00,0_00,0.27888611567323096,0.5853529687916086,0.7069921310057345,0.8703043871284767,1.0994770112655632,1.1333938186233108,0.3867553591195504,0.4958323293353403,0.6429948068988098,0.8418618353064995,0.8292834443563367,1.264931640625,0.8119082641601563,0.6179514503479003,0.4532082593441011,0.39848976135253905,0.9384137148635638,0.6987808988115143
crag_23_TILE_19,joint_noise_arctique_semantic_glas_set_dropout_pu_0_00,0_00,0.35967841881210916,0.5696033441908307,0.663280564526587,0.8465778827667236,1.0803005963387573,1.1168853759765625,0.4893271636779967,0.5873441689183778,0.6843294323728609,0.7892442153573869,0.7505477728784797,1.11759033203125,0.729014892578125,0.620241394042969,0.5671010780334473,0.5090121282577514,0.8625163467115364,0.6197763814515733
crag_23_TILE_21,joint_noise_arctique_semantic_glas_set_dropout_pu_0_00,0_00,0.403162097587483,0.5700700392416858,0.6532405126622846,0.8125704485385572,1.0487335426755449,1.0851631164550781,0.5373285950091469,0.6223209694001083,0.6931425870524378,0.7667040239401968,0.7295473712412366,1.153076171875,0.7900292968749997,0.6211843872070312,0.5484703540802003,0.5003676658630372,0.7878781232196577,0.6125339543587268
crag_23_TILE_28,joint_noise_arctique_semantic_glas_set_dropout_pu_0_00,0_00,0.3410626807017252,0.5699908816590812,0.6638659003640519,0.8145526018853886,1.0905473843183107,1.135386690647482,0.4661500540004155,0.5683092597289175,0.6753533178389324,0.7758180284724329,0.7424722703043015,1.0920092773437502,0.7608636474609375,0.6018339538574219,0.48237591743469244,0.44770042610168465,0.767276660206953,0.6197894861907065
crag_23_TILE_33,joint_noise_arctique_semantic_glas_set_dropout_pu_0_00,0_00,0.4272767112706788,0.5862180750314908,0.6796022508965164,0.8701595970830734,1.1072253448410225,1.1459379720543807,0.5609584711901291,0.6489424415891637,0.7318325640557531,0.8650134225650332,0.7949513410072389,1.2710815429687505,0.8029248046874998,0.6893757629394531,0.5767842864990236,0.5539785781860354,0.8521994010183558,0.6477375963581699
crag_23_TILE_34,joint_noise_arctique_semantic_glas_set_dropout_pu_0_00,0_00,0.27261322969570756,0.5697679851833337,0.6698637507754093,0.8702500450248865,1.0794398752585315,1.1173928931451613,0.3816056004661955,0.48281790068880975,0.6227457810592865,0.7680522219581749,0.7511161775190114,1.169267578125,0.88998291015625,0.5785568237304687,0.4221248090267181,0.3773990539550781,0.8418086157614482,0.612467896590819
consep_4_TILE_1,joint_noise_arctique_semantic_glas_set_dropout_pu_0_00,0_00,0.34002894556033425,0.6135748061299666,0.7120171934324317,0.8720475560455342,1.0653576034748578,1.1066194765127388,0.47459042241191995,0.5957393472247117,0.7283892431121995,0.9001552952975103,0.8279590666480946,1.257525634765625,0.8257489013671873,0.6762942600250242,0.5839397525787353,0.49943876304626467,0.8284377988611085,0.7186427046649528
crag_5_TILE_6,joint_noise_arctique_semantic_glas_set_dropout_pu_0_00,0_00,0.22915371786803007,0.6022853103802758,0.7117140791777382,0.8359501573404786,1.1393685460320329,1.168215825648907,0.3076950091199181,0.39627964007088057,0.5555705013358573,0.7996341352292652,0.7809969720289079,1.3389208984375,0.794520263671875,0.5327111434936522,0.3743472766876221,0.3377478256225586,1.0311482971333201,0.7178105928862435
crag_5_TILE_17,joint_noise_arctique_semantic_glas_set_dropout_pu_0_00,0_00,0.3337948741391301,0.5699000567820001,0.655201057955692,0.8280312674386161,1.0304995167012116,1.0716431529809398,0.4571031085022139,0.5633673436546384,0.6668871834487798,0.75726612191023,0.7265767711699382,1.1501269531250002,0.779547119140625,0.6239826965332032,0.5280878400802613,0.5161169052124024,0.8488424914773187,0.5955726003145498
crag_5_TILE_33,joint_noise_arctique_semantic_glas_set_dropout_pu_0_00,0_00,0.15568099994561635,0.49901767020031723,0.6414306812192551,0.8315021239306084,1.0609574751420454,1.1273755705758426,0.2094120893261404,0.2634772694522263,0.3565177083730431,0.5731156857148986,0.7339360583217807,0.76626708984375,0.5228514099121093,0.34272716522216795,0.25448265075683596,0.2261731376647949,0.909714318755874,0.6839673454378857
crag_9_TILE_2,joint_noise_arctique_semantic_glas_set_dropout_pu_0_00,0_00,0.14377113574300893,0.5295523936429127,0.6602775141877948,0.8108471871492705,1.017359956781915,1.0485233820921986,0.1922101240987607,0.24274032359612327,0.33378627452031856,0.5752239867344798,0.7397207843062347,1.0126147460937502,0.771236877441406,0.4895011711120605,0.24525853991508484,0.22274839401245117,0.708745194225051,0.6596946566712623
crag_9_TILE_16,joint_noise_arctique_semantic_glas_set_dropout_pu_0_00,0_00,0.3828336168662645,0.6409101368561725,0.7555314059841973,0.9276480707432936,1.1208565535764277,1.1556716774236038,0.5169645174488644,0.6415334108281713,0.7863112716294847,1.0310547619898933,0.8778531056530071,1.464091796875,0.9425863647460937,0.7692264938354492,0.5973362874984742,0.5506693801879883,0.8844152283283649,0.7428712900478381
crag_1_TILE_17,joint_noise_arctique_semantic_glas_set_dropout_pu_0_00,0_00,0.3841429447493283,0.6525528540726171,0.758673053091529,0.9213451906002896,1.0882231809230458,1.1235223288270317,0.5233083238837584,0.6508901925018881,0.7972397530667149,1.0324680235327743,0.8818572690916628,1.313291015625,0.9089973449707032,0.6784957790374756,0.5194111418724061,0.5074137153625489,0.8689818639886002,0.7475129606414228
crag_1_TILE_19,joint_noise_arctique_semantic_glas_set_dropout_pu_0_00,0_00,0.1868501529970672,0.5364375393710842,0.6526781949299365,0.844718003312813,1.0387605544916434,1.058899526127049,0.25535524269977766,0.33151533250805804,0.46336791390122095,0.6821264503315043,0.7358127466768043,1.074423828125,0.764528350830078,0.45888002395629884,0.3038511419296265,0.2716598335266114,0.7631360439682642,0.6416905567744007
crag_1_TILE_20,joint_noise_arctique_semantic_glas_set_dropout_pu_0_00,0_00,0.2650861527072266,0.5776048021753715,0.6927726053079586,0.8982600489648496,1.0863566409115921,1.1245334103014506,0.3551994278841898,0.45137368788474885,0.5998837895095303,0.793654227459561,0.8063030306796299,1.2876708984375,0.9054418945312496,0.6354969406127929,0.4125457191467285,0.36619736862182617,0.9028877128707377,0.721450687538129
crag_1_TILE_25,joint_noise_arctique_semantic_glas_set_dropout_pu_0_00,0_00,0.19096890650689602,0.6369876204259176,0.7555479719695082,0.8991244862748139,1.062221646119778,1.0930361144346203,0.2608869376299274,0.3433919588589012,0.5028214550925278,0.8255338799622829,0.8810741464566626,1.4512158203125,0.8838726806640622,0.6593109321594237,0.4811168026924133,0.42573465118408205,0.8927190275165485,0.8189583460620755
crag_8_TILE_17,joint_noise_arctique_semantic_glas_set_dropout_pu_0_00,0_00,0.3516506545129232,0.5804244467267904,0.671713261768356,0.8026708409736035,1.0502500694101677,1.097627019557823,0.47122967694256757,0.5780005197923977,0.6871990264765331,0.7932153566919192,0.7480443452713265,1.141162109375,0.7367974853515625,0.6578954696655275,0.5631968259811403,0.5337584869384766,0.7808623547023895,0.6611822453890684
crag_8_TILE_35,joint_noise_arctique_semantic_glas_set_dropout_pu_0_00,0_00,0.2489891953591723,0.5646745897203616,0.6630153995545175,0.826221075084401,1.0314959071997105,1.0738287144743461,0.34679408518251587,0.4508802863792844,0.5965711571026484,0.7469980956139683,0.73762157911059,1.0164208984375003,0.7386483764648437,0.6151171112060547,0.45022225797176363,0.41556419830322266,0.6557773117474794,0.6500547192212877
crag_62_TILE_21,joint_noise_arctique_semantic_glas_set_dropout_pu_0_00,0_00,0.1618610159785021,0.549201412066597,0.6533576832175177,0.825882832860201,1.0448982260505697,1.0741945947438163,0.22621691116010065,0.29998889838117704,0.43518164489597105,0.6764342777608298,0.7390623282715416,1.018896484375,0.6219165039062499,0.5533522415161131,0.3156497871875764,0.2571332370758057,0.7937952182407855,0.640587866975229
crag_62_TILE_22,joint_noise_arctique_semantic_glas_set_dropout_pu_0_00,0_00,0.4512226193328388,0.5938451885546816,0.6461205969217755,0.8023730527121936,1.0275040811567164,1.0731534090909092,0.596769231273569,0.6590375867976114,0.6916046861930983,0.7210704129192653,0.6923592300170178,0.9610107421875002,0.7254443359375,0.6850489807128907,0.6101396465301514,0.6027513671875002,0.659047897556781,0.5945487034790432
crag_50_TILE_8,joint_noise_arctique_semantic_glas_set_dropout_pu_0_00,0_00,0.3496136135654524,0.578625236483205,0.6475031172474204,0.818679019750435,1.0362738715277777,1.0780073255713296,0.4877841831144832,0.5985517253299512,0.6772432139134635,0.7363906061377697,0.695237827582201,0.9313281249999998,0.700081787109375,0.6241956329345704,0.5612790060043334,0.5306898307800293,0.7586180016114148,0.5657940655028796
crag_50_TILE_9,joint_noise_arctique_semantic_glas_set_dropout_pu_0_00,0_00,0.4260363773792051,0.5916808205335337,0.6779253130882948,0.850360963457439,1.0707178196624314,1.1273569285250864,0.5596520084104754,0.6501010050090762,0.7305705435532373,0.8551068901202032,0.7856812671434169,1.38638671875,0.83016845703125,0.6726174926757813,0.6254914474487306,0.6003805908203125,0.9366564209599932,0.6441968918514285
crag_50_TILE_19,joint_noise_arctique_semantic_glas_set_dropout_pu_0_00,0_00,0.38501844462007284,0.5900408185564435,0.6826347541676068,0.8223985969274389,1.115918321299639,1.1501873473343245,0.5144050152799953,0.6163880832317794,0.7156624004772011,0.8304944084685983,0.7846096175999199,1.4302294921875,0.8502264404296875,0.66789306640625,0.55841947555542,0.5256218078613282,0.9408812066999671,0.6566983332021411
crag_50_TILE_35,joint_noise_arctique_semantic_glas_set_dropout_pu_0_00,0_00,0.5212001698091626,0.577289509469081,0.6405392987542292,0.8058359128029505,0.9743447756634078,1.0088665301983173,0.6202207186182225,0.6642393353836332,0.6934098578118658,0.7257264202389985,0.690314649691792,0.9503808593750003,0.8301165771484375,0.650858154296875,0.6118097114562989,0.5905148559570313,0.5809498764714471,0.5809498764714471
crag_60_TILE_3,joint_noise_arctique_semantic_glas_set_dropout_pu_0_00,0_00,0.34292659992934205,0.5998670428171834,0.6752406642921294,0.8054547382287485,1.062507913042183,1.1076777590981013,0.47365063731468793,0.587713116267527,0.698518133692032,0.7912217503928733,0.8041782527159855,1.26956787109375,0.8238919067382813,0.7278017425537109,0.5629858398437501,0.5448425231933594,0.856611710272835,0.6705851265226375
crag_60_TILE_24,joint_noise_arctique_semantic_glas_set_dropout_pu_0_00,0_00,0.2279581994516775,0.6028068815977567,0.7163121712067644,0.9216467441452182,1.1251664331576603,1.152209744289447,0.3136256564733979,0.4119924980199419,0.5787627383764178,0.8218915241520579,0.8262845611691717,1.3137353515625003,0.860570068359375,0.5584678268432617,0.4243228960037232,0.41280970764160163,1.0131161119827088,0.7554151592760114
crag_60_TILE_33,joint_noise_arctique_semantic_glas_set_dropout_pu_0_00,0_00,0.4413134881760925,0.66256496014208,0.7463327530207442,0.9351774873541594,1.107248790888909,1.1403208830852432,0.5944048590524664,0.7157871164059878,0.8279831857533125,1.0700998121617245,0.8902881710928122,1.21802001953125,0.9090676879882811,0.722331428527832,0.6099531650543213,0.5835127166748046,0.9261998498185836,0.7744020040400332
crag_60_TILE_35,joint_noise_arctique_semantic_glas_set_dropout_pu_0_00,0_00,0.463162528059911,0.6672020563571616,0.7452547673471944,0.8752644920962959,1.0572118271145736,1.0988492658364084,0.632609450349417,0.742636225702124,0.8389914709607181,1.0238648296145658,0.849083984375,1.1490283203125,0.9371334838867188,0.759227409362793,0.6646147775650024,0.6374238342285157,0.8130810653291285,0.7408471290523849
dpath_38_TILE_0,joint_noise_arctique_semantic_glas_set_dropout_pu_0_00,0_00,0.3195220880879788,0.7048811560745416,0.7980748694589933,0.9814335328712105,1.1333656898352422,1.170784800743191,0.4492932935364798,0.5954141814382036,0.7965959395815325,1.0817642246799268,0.9599793040866571,1.392275390625,1.022396240234375,0.72583571434021,0.5679892563819886,0.5241425704956054,1.1012682571282022,0.8474857442820041
pannuke_25_TILE_3,joint_noise_arctique_semantic_glas_set_dropout_pu_0_00,0_00,0.3254115107120015,0.6742889530778512,0.7681776662140323,0.922323269519804,1.1036971023173054,1.1322046526064657,0.45684649976780434,0.6039489412690443,0.7797790015486022,1.0181109376191475,0.9688914415197898,1.4812646484375,0.9686531066894531,0.683518886566162,0.530112146139145,0.5015310989379884,0.911438795446033,0.8557910126034577
dpath_14_TILE_13,joint_noise_arctique_semantic_glas_set_dropout_pu_0_00,0_00,0.08471064368495718,0.631917657188595,0.7381470433533421,0.8869239579007475,1.1059451729910714,1.131254460644372,0.11718236337958486,0.15916204311373994,0.2543918754554742,0.6014689319977695,0.9043977864583334,1.1122552490234376,0.7024203491210937,0.5521510124206541,0.3663621467351914,0.24940128011703497,0.933209600761305,0.8118084422247251
dpath_14_TILE_15,joint_noise_arctique_semantic_glas_set_dropout_pu_0_00,0_00,0.12799505647853948,0.4048801875662224,0.5750977945733002,0.7693939208984375,1.08251953125,1.2373046875,0.16536093174825478,0.19753161229432262,0.24838849431366658,0.36445840572638993,1.2373046875,0.57120849609375,0.4452391052246093,0.32059494972228997,0.19116560459136964,0.16674459991455082,0.0,0.0
dpath_43_TILE_4,joint_noise_arctique_semantic_glas_set_dropout_pu_0_00,0_00,0.28040437161689624,0.5985358500915559,0.6963737458578793,0.8877738592854781,1.0768019691415147,1.1126763847436798,0.3899031494997296,0.5104309484264401,0.6642438800494458,0.8273055752840909,0.8065866457482828,1.1415460205078125,0.7193325805664059,0.5824619865417481,0.41459884881973275,0.41120975036621105,0.831774899763167,0.7125822134093721
dpath_43_TILE_5,joint_noise_arctique_semantic_glas_set_dropout_pu_0_00,0_00,0.3006781774456613,0.6091193752073185,0.6911943256165073,0.8960871144389808,1.09821559958262,1.132978830213331,0.42145201045584724,0.5507159384714965,0.6932017968233432,0.8300151564376596,0.7983339704615788,1.1559851074218752,0.7678790283203125,0.5661323451995849,0.4820171022415163,0.44376269989013684,0.7861871451399423,0.6960867867840443
dpath_5_TILE_7,joint_noise_arctique_semantic_glas_set_dropout_pu_0_00,0_00,0.4294996715616435,0.6093570454790179,0.7031410765348846,0.8235730082623871,1.0510959951345944,1.0875498786833488,0.5695390820201808,0.668588213066448,0.7622890190509295,0.9095624809422168,0.7870684776626833,1.1183325195312501,0.70562744140625,0.5812940406799316,0.529011001586914,0.5224539489746094,0.8098966161773427,0.6472628525149513
dpath_5_TILE_13,joint_noise_arctique_semantic_glas_set_dropout_pu_0_00,0_00,0.42842078980174847,0.6333070292865094,0.7241972681860669,0.8848456393250316,1.0681333341508694,1.1032730963479143,0.5766943125263907,0.687344941133344,0.7920674184665158,0.9857411454363567,0.8579581337108014,1.21736328125,0.9737341308593748,0.6917617225646974,0.5429814100265503,0.49887587127685545,0.8756010119976283,0.7280529270063518
dpath_3_TILE_9,joint_noise_arctique_semantic_glas_set_dropout_pu_0_00,0_00,0.33872861646159436,0.5733086471326699,0.6584612910791449,0.8730224001844117,1.1037594999659956,1.1369039818548388,0.4668920191724441,0.5728154182434082,0.6746367973833367,0.768721870754076,0.7169372024922342,1.0888842773437502,0.7644000244140624,0.6351642417907715,0.4775224819779397,0.4419404460906983,0.841070201484186,0.5793182143661797
dpath_3_TILE_16,joint_noise_arctique_semantic_glas_set_dropout_pu_0_00,0_00,0.3974227774706378,0.5770692128121823,0.6626855825979561,0.8724847506581451,1.0749621997698053,1.1041225351109039,0.5309454161731674,0.6223016196910848,0.7020989624314686,0.7987751062118845,0.7362915021145237,1.076785583496094,0.7568850708007813,0.6276059722900391,0.5855679512023926,0.5832045043945314,0.8509870527717318,0.601306843138292
dpath_3_TILE_22,joint_noise_arctique_semantic_glas_set_dropout_pu_0_00,0_00,0.36874338104826165,0.6209888815753627,0.7454839337562045,0.9579547384510869,1.1008613101132065,1.1379160385503149,0.49869018783492847,0.6143841278297733,0.7581975386894177,1.0026470532174443,0.9512045365634342,1.28489501953125,0.9225039672851563,0.6283440780639648,0.5275943851470948,0.5082202835083007,0.982687174398246,0.7248296740049731
dpath_62_TILE_5,joint_noise_arctique_semantic_glas_set_dropout_pu_0_00,0_00,0.22183698264416307,0.6473328948601339,0.7939633092429085,1.021351807620695,1.1798633567397223,1.211508704211098,0.30872465392818976,0.4107791359169088,0.5925263663431094,0.9273478593345023,0.9152151907446847,1.4717236328125005,1.0827767562866208,0.6252762365341186,0.3785605067014695,0.3197930484771728,1.0725132242221551,0.8148881417939696
dpath_62_TILE_12,joint_noise_arctique_semantic_glas_set_dropout_pu_0_00,0_00,0.43050171178765595,0.6192613345207214,0.7286872936057853,0.9262953847075432,1.1137981227927773,1.1443795584976184,0.5747515133270857,0.6795216801583336,0.7923515712388143,1.0193152522793893,0.8675790960246251,1.27669189453125,0.9694503784179688,0.730093240737915,0.5857053923606873,0.5418206832885744,0.926530810387993,0.7431181610900551
dpath_62_TILE_24,joint_noise_arctique_semantic_glas_set_dropout_pu_0_00,0_00,0.43180259354267037,0.6031791867338169,0.6957293242007526,0.9775584827769886,1.1546243450598803,1.1897197497961436,0.5701642280490139,0.6652967731133694,0.7557182312011719,0.9323809435087196,0.8163565590239429,1.324599609375,0.8560433959960938,0.6098270416259765,0.5342862820625306,0.5191480026245118,0.9572913460751897,0.6740187569341716
dpath_62_TILE_25,joint_noise_arctique_semantic_glas_set_dropout_pu_0_00,0_00,0.35349371419579256,0.5784451781162618,0.6786559512782913,0.8928013392857143,1.0792830426699718,1.111864664657687,0.48156773399444647,0.5853871223394317,0.6951781209103095,0.8275735865449819,0.7986130411021248,1.13953125,0.8467315673828124,0.6153468322753907,0.5280829572677613,0.5065693389892579,0.9302096358511875,0.6691368997332044
dpath_62_TILE_26,joint_noise_arctique_semantic_glas_set_dropout_pu_0_00,0_00,0.2598026515042875,0.5571846297056868,0.6462961219879518,0.8655096066022965,1.1166391225961538,1.1440245661903266,0.3653729486174446,0.4895303426959836,0.6176116245194141,0.7257923894961977,0.7114798663538434,1.22126220703125,0.6825387573242184,0.5888292694091796,0.5385786437988282,0.5287533035278321,0.8419300099806237,0.5709996056819202
dpath_62_TILE_27,joint_noise_arctique_semantic_glas_set_dropout_pu_0_00,0_00,0.21530914631148335,0.5512955006877144,0.6640633265630569,0.8851223021152373,1.1321887460589763,1.16787109375,0.3037155394837272,0.4022417888045311,0.5458208438612382,0.7346582611916832,0.7580976817076385,1.3180017089843752,0.626455078125,0.49365909576416017,0.3522770991921425,0.2906741258621216,0.9746756493420348,0.5684098601455849
dpath_62_TILE_33,joint_noise_arctique_semantic_glas_set_dropout_pu_0_00,0_00,0.3677396404236788,0.6440759142824583,0.7802015029944718,0.9557545959545636,1.1339617871667849,1.166907487986404,0.5054284493168298,0.6291667774015506,0.7895536104272554,1.0648332469250572,0.948724884065741,1.354716796875,0.8912362670898436,0.5936401748657226,0.514388074874878,0.4909005508422852,0.9688679888681105,0.8051448895509524
dpath_62_TILE_36,joint_noise_arctique_semantic_glas_set_dropout_pu_0_00,0_00,0.35618078629340744,0.5937317232988678,0.6990046311524645,0.9633997995847048,1.1418052410678543,1.1733738734382164,0.4923644313115069,0.6005035292370392,0.7186946798157039,0.8925781989707999,0.8270889416839647,1.391630249023438,0.9596199035644528,0.6191000175476076,0.5247422575950622,0.5060727416992188,1.0742383071980632,0.6789917933930945
pannuke_15_TILE_0,joint_noise_arctique_semantic_glas_set_dropout_pu_0_00,0_00,0.30728812054439913,0.55091852970059,0.6459015792278621,0.800972521281137,1.0440043355082418,1.0935758842054264,0.42803902393943655,0.5275866245285951,0.6372746157487419,0.7314478332352717,0.7110931868993593,1.0830615234375,0.7165341186523437,0.5993168640136719,0.4292338693141939,0.4200002784729005,0.706782435713195,0.5723006068115496
dpath_41_TILE_0,joint_noise_arctique_semantic_glas_set_dropout_pu_0_00,0_00,0.33935391914565116,0.6905102697155412,0.8182721339708254,0.9422530157042751,1.0825013861891946,1.1168930142597087,0.4750006396465217,0.6130488660323973,0.8056871667818777,1.0742180799998093,1.054536237501718,1.3462890625000004,0.8002111816406249,0.6028593683242798,0.5168074309825897,0.4683615272521974,0.9046265081581736,0.932260089042523
dpath_32_TILE_5,joint_noise_arctique_semantic_glas_set_dropout_pu_0_00,0_00,0.11952147752163,0.6453933639125852,0.7332807953729595,0.9397563985279386,1.1076462088018078,1.1347241531850354,0.16728227678761495,0.22860018885521136,0.36455002525447133,0.7350081224065402,0.8657250938475038,1.1619238281250006,1.0930566406249997,0.7699516868591308,0.38269203931093215,0.30934293460845946,0.7810656066871008,0.7478888071431369
dpath_65_TILE_8,joint_noise_arctique_semantic_glas_set_dropout_pu_0_00,0_00,0.170397957903333,0.5970486946583253,0.6721867003226524,0.8433894932827103,1.0612049615205223,1.1030073165893555,0.23939808580755984,0.32905874004743957,0.5187075532323667,0.737705578773459,0.7615851904287076,1.0762744140625002,0.7691110229492185,0.6524687004089355,0.5496751880645753,0.5079153518676759,0.8560860329598137,0.6702491984557492
dpath_30_TILE_3,joint_noise_arctique_semantic_glas_set_dropout_pu_0_00,0_00,0.4221142283640802,0.6599309742335118,0.74144833214571,0.9495928962106145,1.092131975554827,1.1230260899030717,0.5662101058554249,0.6928624066381336,0.8083033025640374,1.041922199031717,0.8923450338856951,1.2258251953125003,0.9109170532226559,0.6778347015380859,0.5593856787681581,0.5305355087280273,0.9901493908429858,0.7627572589260219
dpath_30_TILE_6,joint_noise_arctique_semantic_glas_set_dropout_pu_0_00,0_00,0.12859638224472292,0.6064243604684623,0.7413510580659626,0.9101292630269321,1.1435312454259368,1.1734887337716378,0.18167714468114243,0.24068026513859572,0.3505793551251382,0.6709496198647772,0.9508439781021898,1.2581689453125,0.912468872070312,0.5650935077667235,0.42738942623138426,0.3467282516479493,0.8744401844385281,0.833972690341709
dpath_30_TILE_8,joint_noise_arctique_semantic_glas_set_dropout_pu_0_00,0_00,0.4698436760372715,0.6024334593907299,0.6860482540951623,0.9030556154035105,1.1101832012431176,1.1487116512666113,0.6137557103627385,0.6899861842393875,0.7629692517674909,0.9315487465214242,0.8086175950332963,1.4390649414062502,0.9294477844238281,0.6948690032958984,0.5802635812759401,0.5499013732910157,1.0609664959927207,0.674173264600648
dpath_30_TILE_14,joint_noise_arctique_semantic_glas_set_dropout_pu_0_00,0_00,0.38034663616417674,0.6634814019852515,0.7666515075943724,0.9428806925607167,1.089280196184077,1.1176815916067178,0.5215262221666382,0.6534953818811408,0.8053568466327593,1.0513429037948132,0.9160226479388298,1.3105859375000002,0.838339157104492,0.6656773185729981,0.5367112445831299,0.5012740142822266,0.8339118955374637,0.8008145476094513
dpath_30_TILE_16,joint_noise_arctique_semantic_glas_set_dropout_pu_0_00,0_00,0.3499533180729486,0.6609572824399921,0.7151879589452603,0.9392165542991079,1.1027701867417123,1.1335552900265424,0.4859636488019017,0.6245455334370232,0.7523061517233164,0.9068564480980709,0.8215326281561368,1.2518994140625004,0.8548658752441404,0.6609844398498533,0.49796281158924116,0.45543810462951667,0.8837628154943854,0.7396042036126509
dpath_22_TILE_18,joint_noise_arctique_semantic_glas_set_dropout_pu_0_00,0_00,0.3905440517119132,0.6669063378700534,0.7418940896056395,0.9224778139211723,1.0767089119143523,1.107990517385957,0.5340704741855636,0.6719405625557814,0.7972206506814483,1.0129618100525675,0.839240609039472,1.172060546875,0.8667437744140624,0.6431840324401854,0.5751464581489565,0.5188719955444336,0.8228186571240544,0.7565166917317921
dpath_10_TILE_0,joint_noise_arctique_semantic_glas_set_dropout_pu_0_00,0_00,0.34955084475222975,0.6368262318619549,0.7036735160031337,0.9174350547822205,1.0891630994122186,1.1190111707689834,0.4852100145240231,0.6184034798893266,0.7393241446724541,0.8983425687651653,0.7921462230759346,1.14313232421875,0.793560791015625,0.6471347713470459,0.46508405923843393,0.46400113220214845,0.839386503404747,0.6939927844948901
dpath_26_TILE_0,joint_noise_arctique_semantic_glas_set_dropout_pu_0_00,0_00,0.29018595529487357,0.6668091075839404,0.7397851385378881,0.9076831524188702,1.0597836091084851,1.0878611406522687,0.40578960472251285,0.5392534900456667,0.7278147620097571,0.9358972850996722,0.8496120927064007,1.1994580078125003,0.8982318115234372,0.7003949737548827,0.4435684883594513,0.42345603218078615,0.8036681500075313,0.7583547159591657
dpath_26_TILE_13,joint_noise_arctique_semantic_glas_set_dropout_pu_0_00,0_00,0.3368162029364612,0.6504245906150644,0.7149113104104383,0.9143601865160519,1.0716924534464167,1.1029819907267793,0.47163418386063477,0.6158815249800682,0.74819365238348,0.9119010694804699,0.8052804545296479,1.35367431640625,0.8619567871093748,0.6497856140136717,0.49361017942428603,0.46311873512268065,0.8465205513279342,0.7279029278032063
pannuke_10_TILE_0,joint_noise_arctique_semantic_glas_set_dropout_pu_0_00,0_00,0.42070016227080487,0.7340255087740648,0.860944568332528,0.9893584438839315,1.127016693590669,1.159633995987508,0.5723625591199417,0.7232574866116384,0.9179950590593707,1.1965795287713545,1.0799473158487143,1.4253173828125,1.0446728515625,0.7473262405395508,0.5296524167060853,0.5078763504028321,1.002043093376714,0.9598580401341725
dpath_36_TILE_1,joint_noise_arctique_semantic_glas_set_dropout_pu_0_00,0_00,0.15614444576203823,0.7326905557572672,0.8561643120672902,0.9760719366517616,1.137208161904565,1.168596566650854,0.219541924867396,0.30225083249569085,0.4849955271927608,0.9297300952226628,1.1025896324798619,1.5459082031250002,0.8222604370117185,0.5932313537597657,0.4958072328567507,0.43873083496093757,1.2457885210366266,0.9960018985904217
dpath_53_TILE_14,joint_noise_arctique_semantic_glas_set_dropout_pu_0_00,0_00,0.05674336012452841,0.7435634863565593,0.890309526105967,1.0264354945824967,1.1829253739840246,1.2311518243018618,0.07600469269916313,0.10036309641382767,0.15681733141675752,0.422389137843123,1.249298095703125,1.3533642578125,0.7431205749511718,0.3580986285209655,0.1650089555978775,0.12827024650573732,1.1260239267410896,1.1188246987082742
dpath_4_TILE_9,joint_noise_arctique_semantic_glas_set_dropout_pu_0_00,0_00,0.0643636875320226,0.8082270543817357,0.9240235082910475,1.0119485029638582,1.1189320917655268,1.1583328952901597,0.0870406255432915,0.115849053830706,0.18297259319656334,0.49641992872702484,1.1813345313968515,1.3428466796875,0.9645245361328125,0.42259625911712645,0.2124955350160599,0.15424765624999998,1.1287726006441714,1.0777203191145344
dpath_4_TILE_15,joint_noise_arctique_semantic_glas_set_dropout_pu_0_00,0_00,0.0484491697861813,0.8173275981352179,0.9838790317026134,1.1056882747933885,1.2352312195975825,1.255922636595912,0.0641296049065875,0.08404968350804912,0.13005847736112677,0.34645585778067306,1.3610013593451242,1.4070263671875003,1.0077941894531248,0.46295531988143923,0.18849549293518067,0.15746384582519535,1.2437661377924605,1.3117951198016253
dpath_4_TILE_16,joint_noise_arctique_semantic_glas_set_dropout_pu_0_00,0_00,0.30378723819740117,0.6637755730593204,0.7829301560140414,0.9549477917284543,1.147469167619793,1.1780164871132257,0.42698389243431,0.5584825040597728,0.7432052471845916,1.026630474222438,0.9549477917284543,1.417216796875,1.0087585449218748,0.803951644897461,0.5802082443237305,0.5488583099365234,1.0668917999680783,0.823210572884753
dpath_4_TILE_21,joint_noise_arctique_semantic_glas_set_dropout_pu_0_00,0_00,0.1838517946016509,0.6018998785299526,0.7330821432464842,0.9194155439228505,1.1468080110056198,1.1761517870040448,0.25770911996640683,0.3517600430317963,0.5157912117817188,0.8037554552904406,0.8736948834205767,1.3420898437500006,0.864972686767578,0.550910949707031,0.39980446428060534,0.3686266204833985,0.9095020436966679,0.7455903675445644
dpath_27_TILE_9,joint_noise_arctique_semantic_glas_set_dropout_pu_0_00,0_00,0.19991085852961987,0.6548646528866945,0.7565789932400128,0.9190790467154449,1.0768730909304511,1.1109951091402084,0.2814675624454852,0.38606650952049354,0.5866229822608612,0.8817216826648246,0.8632059473252707,1.20182861328125,0.865458984375,0.6076875495910644,0.4396494388580322,0.4274264366149903,0.8197725049903374,0.7467776763296671
dpath_27_TILE_22,joint_noise_arctique_semantic_glas_set_dropout_pu_0_00,0_00,0.3466325426707044,0.7491911784827859,0.8662622843840011,0.9838616844001978,1.1298245896129333,1.158599072672218,0.48027417715882464,0.6310279000446728,0.8552425320523005,1.1600529210817199,1.041307517396787,1.2944140625000002,0.946347198486328,0.699109582901001,0.5149981236457825,0.4652226371765137,0.979390606510314,0.9530598292840975
dpath_27_TILE_25,joint_noise_arctique_semantic_glas_set_dropout_pu_0_00,0_00,0.26895163909284747,0.6281154100265512,0.7131730062887521,0.9205657656830136,1.0984809756012304,1.1386541290955396,0.375487876876294,0.49458124511599555,0.6720928900130652,0.8610631385786995,0.8412170204871855,1.1954663085937505,0.7281243896484375,0.6284023571014404,0.43076842784881597,0.35326081752777105,0.880111332039951,0.7242476509712839
dpath_27_TILE_32,joint_noise_arctique_semantic_glas_set_dropout_pu_0_00,0_00,0.0621363953105174,0.7135400953673907,0.8076929960343188,0.8959561545355361,1.0487219024122807,1.0831464872944694,0.08354311692620711,0.11074824446796305,0.1731435831627097,0.4667948634660131,1.0221866709341065,1.1286621093750002,0.8808538818359374,0.6413572216033937,0.3172132217884065,0.2405886558532715,1.195159777266264,0.9677130664255688
dpath_27_TILE_35,joint_noise_arctique_semantic_glas_set_dropout_pu_0_00,0_00,0.47040026739705354,0.6626523300874706,0.7364847690004118,0.9377495951434597,1.1168972986825505,1.1489118556190583,0.6207748565401124,0.7320572100107953,0.8239012829327167,1.0621460370444495,0.9056952509397362,1.27474365234375,0.9921485900878906,0.752899875640869,0.6144458556175232,0.5926080337524414,1.0146890469276657,0.7936530799523737
dpath_27_TILE_40,joint_noise_arctique_semantic_glas_set_dropout_pu_0_00,0_00,0.25309023789304774,0.6009071191765958,0.6919573853215683,0.8978648151283539,1.076712188628838,1.1116783430098076,0.35412809186609734,0.4698936511756416,0.635903495363749,0.8125129119965806,0.7683440945206493,1.0090551757812498,0.7089416503906247,0.5206268024444581,0.3426625150442124,0.3278884078979492,0.7470041767250329,0.6358067301212939
dpath_11_TILE_9,joint_noise_arctique_semantic_glas_set_dropout_pu_0_00,0_00,0.04167166262050159,0.6654414994600247,0.8395207062723814,0.9707098137842466,1.1355066016677897,1.1834664423473598,0.05409064757864598,0.0701096507507756,0.10605395536918144,0.26894962798541444,1.0446151342147436,0.922603759765625,0.5218033599853515,0.2946845543384552,0.12376352101564408,0.09613243427276612,0.9387373416818287,0.8782818134014423
dpath_11_TILE_15,joint_noise_arctique_semantic_glas_set_dropout_pu_0_00,0_00,0.2915603608635138,0.6080522060024932,0.7010335594854129,0.8724877850620727,1.1061968024678412,1.14452134571501,0.4062619462882111,0.5290543956009901,0.6813401910185645,0.844031785724389,0.8498117416415308,1.1261328125,0.8671063232421875,0.7337935447692869,0.5298184430599213,0.4893561225891113,0.9888545659745926,0.734128270295316
dpath_46_TILE_10,joint_noise_arctique_semantic_glas_set_dropout_pu_0_00,0_00,0.30513581850391347,0.6341414942608263,0.7218819538506192,0.9104641631155304,1.07659906048287,1.1050389857563852,0.42552296677443946,0.5581704559568286,0.718542112476806,0.9104641631155304,0.8327457751156154,1.161279296875,0.8492893981933594,0.669803638458252,0.5560127806663515,0.4769737637519838,0.8969655546329476,0.7090564905324461
dpath_46_TILE_11,joint_noise_arctique_semantic_glas_set_dropout_pu_0_00,0_00,0.3263435479893815,0.6464166254753276,0.7405737900152439,0.9164638741655697,1.0946561104910715,1.1269348683931,0.45607889433000837,0.588524381286947,0.7483380869498932,0.9605654229834096,0.8631597271924802,1.18253173828125,0.8244293975830078,0.6549454879760741,0.5034090673923494,0.47830455245971687,0.8547508627852388,0.7563817460611699
dpath_46_TILE_18,joint_noise_arctique_semantic_glas_set_dropout_pu_0_00,0_00,0.3890567428788927,0.645289909120311,0.7316486535236535,0.9302492024464185,1.080559508679369,1.1113843779859405,0.5362968212834216,0.6646767890741822,0.7844097354547764,0.9999890583317455,0.8397545883024277,1.2142456054687503,0.81956974029541,0.6299816131591797,0.5632293224334717,0.5363619140625002,0.9060220668443655,0.712254451704848
dpath_46_TILE_34,joint_noise_arctique_semantic_glas_set_dropout_pu_0_00,0_00,0.36538926245702896,0.6599659955723056,0.7429856441881378,0.9380989087523799,1.0957513650967328,1.1254923726351793,0.5062360391858794,0.6458833177531547,0.7851850308053862,1.0125871611804498,0.8658572131145511,1.31865478515625,0.7641695022583006,0.6252385330200194,0.520146312713623,0.5170695442199708,0.9682620661560246,0.7550451162703209
dpath_46_TILE_40,joint_noise_arctique_semantic_glas_set_dropout_pu_0_00,0_00,0.48776825302047655,0.6586775513887785,0.7499045074867091,0.9171692760187417,1.0828347858876228,1.1158289777473547,0.6434790556789824,0.7480522594692781,0.8535304815281023,1.0814378908629683,0.8860793242831568,1.2903271484375003,0.9876696777343748,0.7493968200683593,0.5899262809753418,0.5512722061157227,0.8654237477287773,0.7828982027205729
dpath_46_TILE_44,joint_noise_arctique_semantic_glas_set_dropout_pu_0_00,0_00,0.42464842967456207,0.6249069406928263,0.6977713037566512,0.9343095474397006,1.111576854139663,1.1413717398966166,0.5712351930807708,0.6765202563797594,0.7591907639637783,0.9300844469963824,0.7936612609604918,1.3118603515625,0.8848034667968747,0.6653347778320312,0.5856734371185304,0.543786043548584,0.897039580596078,0.7184225814452732
dpath_39_TILE_3,joint_noise_arctique_semantic_glas_set_dropout_pu_0_00,0_00,0.4156040809175465,0.6079788116362262,0.696000615334934,0.9236459778126888,1.1104687630950385,1.138500957739013,0.5547449126115025,0.6567753634502578,0.7512768064295703,0.9247647567468897,0.7742658337398679,1.336875,0.94300537109375,0.6782505798339844,0.5380044984817506,0.502537010383606,0.7799125450179969,0.6518455526947696
dpath_39_TILE_13,joint_noise_arctique_semantic_glas_set_dropout_pu_0_00,0_00,0.3503413522412302,0.599998125952457,0.6922548210264718,0.9013465757978724,1.094304578495939,1.1293844762368157,0.48952546922040174,0.6039617465258182,0.7181274004555505,0.8758174653450589,0.7874632669151376,1.3494873046875002,0.882525634765625,0.6639859008789061,0.5435189819335938,0.5039376403808594,0.8665307361373129,0.6576905998909401
dpath_13_TILE_10,joint_noise_arctique_semantic_glas_set_dropout_pu_0_00,0_00,0.2988119252404431,0.5946964675064685,0.6968462791349551,0.9010348353048901,1.1098341224954165,1.1514673477564104,0.420133781857164,0.5453529072736132,0.6832750649883053,0.8533575007140137,0.8169099488136885,1.37513671875,0.8672534942626953,0.5815004730224609,0.5056594347953797,0.45118038711547853,0.9814773103268339,0.6579914449104686
dpath_13_TILE_15,joint_noise_arctique_semantic_glas_set_dropout_pu_0_00,0_00,0.40020205482142046,0.6746854558620522,0.7882233013596242,0.962049325967407,1.1109646888226994,1.1449813305292917,0.5482880557803919,0.6818621430444317,0.8383056839194032,1.1051521417642236,0.9587419305055662,1.4260302734375,0.8940841674804687,0.7333375549316407,0.5244644832611085,0.5241460449218751,1.0241908055484883,0.8078646134918409
dpath_13_TILE_21,joint_noise_arctique_semantic_glas_set_dropout_pu_0_00,0_00,0.0919798695249483,0.43578830191165197,0.6741514715529581,0.8246054502807328,0.9225495328608248,1.1796875,0.12600318339873035,0.17101884530300213,0.25563841196814935,0.40509488522597253,1.4248046875,0.91087890625,0.728795166015625,0.4975385284423826,0.29974973678588873,0.2649710487365723,0.0,0.0
dpath_13_TILE_40,joint_noise_arctique_semantic_glas_set_dropout_pu_0_00,0_00,0.07165430860186461,0.7672837943691392,0.9257395165598291,1.040959389092854,1.1977614298439907,1.2331199048913044,0.09782591502176324,0.13079546347645538,0.20673753615436163,0.555233566288836,1.3527121072287087,1.4213525390625,0.8057678222656247,0.5501337718963623,0.3248583215475083,0.21713362731933594,1.2045206015854748,1.2039470856258596
dpath_42_TILE_2,joint_noise_arctique_semantic_glas_set_dropout_pu_0_00,0_00,0.2172229484640411,0.6109961479245772,0.6986925508568625,0.8818021160008181,1.0804960880097354,1.1093130633688097,0.3066938777747316,0.4134053895849624,0.5926011621009319,0.7963612303205615,0.7943315800580137,1.018486328125,0.6979852294921873,0.5201890468597412,0.39403103470802314,0.3961655708312989,0.8288160460204426,0.6768526462515463
dpath_42_TILE_4,joint_noise_arctique_semantic_glas_set_dropout_pu_0_00,0_00,0.2227462279934116,0.6447212576290388,0.7245002382209772,0.9178737665403754,1.1078470101033835,1.137592082392982,0.3138023814687287,0.4216349761758075,0.6132269047761908,0.844150528712749,0.8715895473028906,1.1746142578125003,0.8431679916381836,0.5287474632263182,0.3965607398748398,0.3517087921142578,0.8248169527567454,0.7621265593356211
dpath_42_TILE_14,joint_noise_arctique_semantic_glas_set_dropout_pu_0_00,0_00,0.0391427994472906,0.793204109716201,1.016326508754985,1.136318108974359,1.2403463585581787,1.2596468302772807,0.05161436647111904,0.06778106815181673,0.1039912859129953,0.2677036884844512,1.3579769736842104,1.07565185546875,0.5442957305908203,0.2624032974243164,0.13158755302429198,0.09499951019287109,1.2736054796422969,1.2759626484168867
dpath_42_TILE_18,joint_noise_arctique_semantic_glas_set_dropout_pu_0_00,0_00,0.23079734452767298,0.6536814653643771,0.7504206834601884,0.9232742475426715,1.1067409897438367,1.141044260707342,0.3211334002360948,0.43519231025129557,0.6401959758217245,0.8982490522250567,0.8499261864378749,1.317802734375,0.7495233535766601,0.648122386932373,0.516063222885132,0.46710477142333984,0.8852088903707851,0.7151262108501735
dpath_66_TILE_2,joint_noise_arctique_semantic_glas_set_dropout_pu_0_00,0_00,0.2903682029573247,0.7014277741900482,0.8105820343383202,0.9343282420873595,1.0803025837826956,1.1148197022356514,0.40443701758319117,0.5377561289883827,0.7501529340286608,1.032311788419398,0.9587503078143811,1.167412109375,0.9554997253417965,0.5942027282714843,0.46153380870819094,0.4143962234497071,0.9271032849298115,0.8560750075778853
dpath_66_TILE_7,joint_noise_arctique_semantic_glas_set_dropout_pu_0_00,0_00,0.21805676943040453,0.6790347416118229,0.7948264281674208,0.9683305919408683,1.1171232861143439,1.1486139294255842,0.3057998368898203,0.4168676986903871,0.6245470535861855,0.9550435873089063,0.9162115615422861,1.2938134765625,0.897397346496582,0.5783951568603514,0.4324093353748322,0.4019203868865967,0.8422892106572608,0.7956021311635795
dpath_66_TILE_21,joint_noise_arctique_semantic_glas_set_dropout_pu_0_00,0_00,0.44548837319598533,0.6679839945683831,0.7643637141779291,0.9397302689379149,1.0787196431759245,1.108973820889903,0.6002076701367886,0.7235974594950676,0.8474999722172831,1.0811442776592501,0.8645771469808298,1.2320898437500003,0.8179204559326172,0.7221125030517578,0.5627317094802856,0.5251485252380371,0.8334779333068851,0.7553511337138425
dpath_66_TILE_25,joint_noise_arctique_semantic_glas_set_dropout_pu_0_00,0_00,0.2216147914296016,0.625709032367304,0.7204384345868438,0.9008094603655165,1.1099284219100336,1.1410512874263743,0.30551461035930255,0.41190644008996175,0.5980731114892136,0.8353622410925347,0.8301700469349366,1.1211157226562505,0.8813531494140625,0.6201091003417968,0.4925517868995668,0.46704314346313486,0.8795753449490935,0.6826169171538184
dpath_50_TILE_2,joint_noise_arctique_semantic_glas_set_dropout_pu_0_00,0_00,0.4730812576599419,0.7232949067925575,0.8302430283437826,0.9592340186837247,1.1093889798366183,1.1410314758990403,0.6395877069674839,0.7833944335579872,0.9367729173818787,1.1816870996940094,0.9838814401949857,1.3288623046875,0.9392003631591797,0.7450978469848633,0.5519873368740081,0.523677695465088,0.945710953071582,0.8793194409146845
dpath_50_TILE_13,joint_noise_arctique_semantic_glas_set_dropout_pu_0_00,0_00,0.4672749724268215,0.5798099642664614,0.6547993401226038,0.8132259205149543,1.0838901452850878,1.1123466159986413,0.594386639659569,0.6602272399786979,0.7112536474557438,0.7843185304154856,0.8387207747204912,1.10163818359375,0.7762545776367186,0.67310791015625,0.6348224258422851,0.5909634643554688,0.9626623763408265,0.7339934777345671
dpath_57_TILE_6,joint_noise_arctique_semantic_glas_set_dropout_pu_0_00,0_00,0.33783846502774395,0.5877894618776895,0.6677317667275652,0.8081235662558475,1.0532849233084862,1.0938542530533775,0.4696563390125406,0.5955701754385965,0.6936861293057958,0.7897312871410093,0.7957418601606145,1.21419921875,0.7464764404296875,0.6403598785400391,0.5808511543273925,0.5792702880859376,1.084510825903414,0.7158120666385543
dpath_31_TILE_1,joint_noise_arctique_semantic_glas_set_dropout_pu_0_00,0_00,0.10142775395070203,0.6129045663559588,0.6916117334328504,0.858913799894958,1.0678443030973452,1.1147231158088236,0.14137017626016227,0.19443005982208741,0.31555120988995905,0.6864426033842649,0.807335616994896,1.0900219726562503,0.8121360778808594,0.5880452156066894,0.44777430534362794,0.37446199417114256,0.7081510064593712,0.7139937543924486
dpath_31_TILE_9,joint_noise_arctique_semantic_glas_set_dropout_pu_0_00,0_00,0.12863883029785939,0.69581733708441,0.7920204413648564,0.9520343998617853,1.0893668297493813,1.1224490211123512,0.18054700994194348,0.24876713387649496,0.4008145837257066,0.8169398211050725,0.9272618025301609,1.197275390625,0.8000977325439453,0.5464136648178101,0.3962409508228302,0.366397449874878,0.81079183332739,0.8003010909033786
dpath_31_TILE_10,joint_noise_arctique_semantic_glas_set_dropout_pu_0_00,0_00,0.49315938167274,0.4933036332043716,0.584647979019953,0.7785267018601552,0.9512540609529703,1.0070988581730769,0.522376057620207,0.5481263450072003,0.591002719823932,0.6833177487817877,1.388671875,0.9124462890625002,0.7478930664062498,0.6012452697753906,0.5478305053710938,0.53034169921875,0.0,0.0
dpath_31_TILE_14,joint_noise_arctique_semantic_glas_set_dropout_pu_0_00,0_00,0.27458495943574235,0.7003805856394005,0.816204025184047,0.9522171381764374,1.1058279612497286,1.1381468413978495,0.3800789029694668,0.503896513953805,0.7156987822392258,1.0267003230008,0.9687429464608162,1.2940722656250003,0.8085769653320309,0.5323576736450195,0.3930779528617859,0.3628572776794434,0.8768240159572988,0.8586953879552269
dpath_31_TILE_22,joint_noise_arctique_semantic_glas_set_dropout_pu_0_00,0_00,0.24538678545650328,0.612556245903472,0.7079857928569526,0.9189117626516603,1.1143515921446292,1.1543845240724382,0.342419665883095,0.4491084236651659,0.6238929817198543,0.826406368731003,0.7862072316393278,1.18951416015625,0.8092403411865231,0.5965370941162109,0.42541383266448984,0.34805612945556647,0.8999520987960483,0.6608418908570988
dpath_15_TILE_9,joint_noise_arctique_semantic_glas_set_dropout_pu_0_00,0_00,0.39080616395222023,0.6833988752159399,0.7945178252152011,0.9329813994187486,1.0918713908983522,1.1247836047021027,0.5364411879139805,0.6756933966199467,0.8394020651151558,1.087165497570503,0.8975416393632782,1.4167626953125003,0.975575256347656,0.6650988006591796,0.539861352443695,0.5004587219238282,0.8328580449182,0.77531736054125
dpath_18_TILE_15,joint_noise_arctique_semantic_glas_set_dropout_pu_0_00,0_00,0.05489580048015341,0.8127982276755283,0.9011309093724195,0.9856940804654536,1.0941647449171688,1.1247023762360548,0.07391895251548099,0.09763428121588079,0.15308993613088068,0.4165252303844403,1.1304734587919287,1.234306640625,0.9729074096679686,0.4600825762748718,0.22045263350009925,0.17973536338806154,1.0430692618268367,1.0343646502820043
dpath_60_TILE_7,joint_noise_arctique_semantic_glas_set_dropout_pu_0_00,0_00,0.06450112274615094,0.7016383139430015,0.7682025547445256,0.897541994953966,1.1475324128803455,1.1866638890564671,0.08780720059781102,0.1183444481726948,0.18739797035381095,0.4983389033150982,0.9148826316550925,1.3255371093750004,1.09616455078125,0.418233242034912,0.1936999344825745,0.1608702705383301,0.9807093539791338,0.8131587275752314
dpath_60_TILE_20,joint_noise_arctique_semantic_glas_set_dropout_pu_0_00,0_00,0.3611328983097337,0.697770707487133,0.8094628851123694,0.9406451716936677,1.0962011416875965,1.1272459155451642,0.5024956211445767,0.6500907852085781,0.8328211065033182,1.0934249752362084,0.9196024360648577,1.4007666015625,1.0345009613037108,0.649256706237793,0.5055737948417666,0.44976984252929697,0.7802662142590294,0.8349912808413101
dpath_49_TILE_1,joint_noise_arctique_semantic_glas_set_dropout_pu_0_00,0_00,0.4000895999488421,0.7070338960163038,0.8147721722912733,0.9370875416569223,1.0909817986045491,1.1229515431509327,0.5509134870735634,0.6986732684290227,0.8702044133813736,1.1136353749523265,0.9420692862930741,1.2504028320312504,0.84615966796875,0.6449551200866698,0.5302337145805359,0.5097597244262697,0.9267561616041656,0.8384731737894254
dpath_49_TILE_7,joint_noise_arctique_semantic_glas_set_dropout_pu_0_00,0_00,0.32423289623693563,0.6046773861835508,0.7059720640575039,0.9408293888537819,1.131823338026121,1.1659781203840474,0.4518658332857965,0.5703204639415375,0.7064113928351178,0.8842404978524105,0.7784019941165123,1.3367333984375003,1.0662809753417968,0.785081100463867,0.5710180664062501,0.540175752258301,0.9192038937431962,0.6391345867041529
dpath_49_TILE_13,joint_noise_arctique_semantic_glas_set_dropout_pu_0_00,0_00,0.41715821443358436,0.7271909797257268,0.8249291800581293,0.9414107067795593,1.0854650991934318,1.1185944259349707,0.5777365287907142,0.733015147593279,0.9006891653106885,1.1332028718502212,0.9584176755862269,1.3827099609375,1.1392056274414062,0.798428611755371,0.5526841914653778,0.4899490745544435,0.9262832089687989,0.8662720356399649
dpath_1_TILE_8,joint_noise_arctique_semantic_glas_set_dropout_pu_0_00,0_00,0.4283391918288544,0.6875489921612542,0.7877329037193974,0.956699556373873,1.161857097639591,1.1933867250413832,0.5823223694013965,0.7197102705661863,0.8648439285578242,1.1524382656511964,0.9399595840377509,1.43806640625,0.9546086120605467,0.6990584945678711,0.5059388160705568,0.4923962890625001,1.082687767716955,0.8493485236379605
dpath_2_TILE_4,joint_noise_arctique_semantic_glas_set_dropout_pu_0_00,0_00,0.359637304674834,0.656952779399909,0.7557378803063338,0.9375619998847471,1.1241117553986242,1.1561237446021984,0.49295819141689373,0.6273604494571541,0.7815460326118047,1.0301085913663235,0.894362301296658,1.316087646484375,0.895284194946289,0.684297981262207,0.44848610043525694,0.417800456237793,1.0196557457250137,0.797867636684753
dpath_2_TILE_13,joint_noise_arctique_semantic_glas_set_dropout_pu_0_00,0_00,0.029410094837658107,0.419145909005511,0.5906472507911392,1.031640625,1.17822265625,1.17822265625,0.03408176836424698,0.039215058755795146,0.05073472208282821,0.09650069634252993,1.3193359375,0.2181756591796875,0.1306402587890625,0.08082370758056641,0.050785810947418214,0.04494199981689454,0.0,0.0
dpath_35_TILE_12,joint_noise_arctique_semantic_glas_set_dropout_pu_0_00,0_00,0.41382467694347724,0.6693668690975796,0.780759026383774,0.9533095155218647,1.1145096132089702,1.1503700736560167,0.5620874825852527,0.6929768684039644,0.8406846650299283,1.1026426260380162,0.9292465342407774,1.4851879882812502,0.9912377929687497,0.7135947227478029,0.5203066623210908,0.48384244842529306,1.0719961876798736,0.8030683373202798
dpath_35_TILE_19,joint_noise_arctique_semantic_glas_set_dropout_pu_0_00,0_00,0.3706498845422175,0.6114651989201472,0.7031373531052026,0.9406707553700285,1.1451008813286745,1.1769282971398305,0.5111495865579601,0.6275555997369535,0.7400772503776147,0.9149384887310464,0.7798453880464978,1.5722216796875006,1.0287738037109375,0.6612129592895508,0.5622187328338624,0.4797437561035157,1.058595838442015,0.6208742689835531
dpath_35_TILE_20,joint_noise_arctique_semantic_glas_set_dropout_pu_0_00,0_00,0.1671352337289136,0.7164130436166096,0.8384160485428371,0.9885402878043945,1.1543997745385906,1.1837353182957986,0.2360387610649201,0.3255693162791431,0.5126542850535324,0.9315172148913872,1.0780142634608068,1.3770458984375002,1.086870727539062,0.6856727409362793,0.5211637192964553,0.4530151084899902,1.07910815826614,0.9380771836512823
dpath_35_TILE_24,joint_noise_arctique_semantic_glas_set_dropout_pu_0_00,0_00,0.4903122844407335,0.6560447888228724,0.759883202238096,0.9320012465110938,1.1083835000720599,1.1396407971279228,0.6393902267801288,0.7473971916981669,0.8619740754963693,1.106753951532947,0.9181432127120053,1.354482421875,0.9210821533203124,0.7066257095336914,0.601183295249939,0.5373307723999023,0.9780405379490764,0.7796386328800912
dpath_35_TILE_35,joint_noise_arctique_semantic_glas_set_dropout_pu_0_00,0_00,0.2606294737670396,0.6277928214183638,0.7457326818541613,0.9675390211931618,1.124258064110306,1.1598627618018618,0.3707203985718228,0.5067934159065551,0.6816081945463818,0.9287665364386436,0.8772924687873804,1.44236572265625,0.8800616455078122,0.6724317169189452,0.5002122139930727,0.4185343632698059,1.0882503015132579,0.6996843388796025
dpath_56_TILE_3,joint_noise_arctique_semantic_glas_set_dropout_pu_0_00,0_00,0.28424782486399636,0.6507402992570047,0.7398552841170364,0.8991523375323319,1.1029670439570782,1.1413947680405818,0.3985886314424012,0.5336542949828412,0.7164839483778226,0.9276292501330394,0.8520512812308008,1.3216210937500006,0.9054226684570312,0.6191673278808593,0.49460173130035406,0.45619631004333494,0.9803798094432231,0.7615191840656084
dpath_56_TILE_7,joint_noise_arctique_semantic_glas_set_dropout_pu_0_00,0_00,0.20918224047636613,0.6720636479652624,0.799529472642472,1.006550529233871,1.174230334499723,1.2067447699017968,0.2927823494682181,0.3859552491820719,0.556290521682806,0.9114977400531388,1.0229183414905372,1.3237548828125003,0.8943437194824216,0.6640604400634764,0.4225113093852997,0.3696156089782715,0.9968690587557565,0.8493918739521767
dpath_56_TILE_10,joint_noise_arctique_semantic_glas_set_dropout_pu_0_00,0_00,0.2986491729388945,0.6410739146716145,0.7658886646661233,0.9180406789616442,1.0865991681732095,1.1247752013558314,0.4118024843594186,0.5360807643323339,0.7116847043602249,0.9663747143945164,0.8564825377263009,1.3061718750000002,0.7741407012939452,0.5782765769958496,0.44927694678306584,0.37490290298461915,0.9336604491518989,0.755714871585722
dpath_20_TILE_4,joint_noise_arctique_semantic_glas_set_dropout_pu_0_00,0_00,0.2607278808791307,0.6058117295631488,0.7147297147842412,0.8953150564463351,1.1177339421745152,1.1489402441846426,0.36213004594536613,0.46429051650099895,0.6268540064881725,0.8398343085081075,0.8456347918476544,1.2449511718750004,0.8710504150390626,0.6489296817779541,0.4665635967254639,0.43151556243896494,1.018983391352982,0.7188391159695817
dpath_20_TILE_39,joint_noise_arctique_semantic_glas_set_dropout_pu_0_00,0_00,0.30539938833680935,0.6659985649563263,0.7845111413583564,0.9306474801603396,1.0827885335556109,1.1140759012675172,0.4230855625294612,0.5525762914498249,0.7401879849295457,1.0089091414230447,0.9645229545347891,1.4343505859375,0.8688842773437498,0.6243012237548828,0.45863462448120124,0.401884001159668,0.9729030461491303,0.8503532304579888
dpath_64_TILE_0,joint_noise_arctique_semantic_glas_set_dropout_pu_0_00,0_00,0.29649643365701195,0.6249336953365892,0.743706238125881,0.9044769660759733,1.0757485421650719,1.104508129864275,0.41109945262776815,0.5279811509166107,0.6940624880828291,0.9256119979972218,0.8849260315694739,1.167470703125,0.8519720458984373,0.6347485542297362,0.4560956978797913,0.4561002655029297,0.8200787772311217,0.7855348278861899
dpath_64_TILE_5,joint_noise_arctique_semantic_glas_set_dropout_pu_0_00,0_00,0.040031488169915974,0.4513688719828069,0.6148419797960725,0.7617582070707071,1.0841064453125,1.1380208333333333,0.05331471067551851,0.07006477530029356,0.10834806806045415,0.27438966147124294,1.306640625,0.670908203125,0.488287353515625,0.3009303593635559,0.12641861259937287,0.10352406005859376,0.0,0.0
dpath_19_TILE_9,joint_noise_arctique_semantic_glas_set_dropout_pu_0_00,0_00,0.27714610534894746,0.6463310294683329,0.7271560019257655,0.9227254844865186,1.1050818165908296,1.1398188772181628,0.38997777862927985,0.5241026230254187,0.7066383330777373,0.912698271780303,0.8313941914600215,1.1925341796875,0.92401123046875,0.6864383411407471,0.4937265849113464,0.4279781314849854,0.8807427168666362,0.7299197439622348
dpath_19_TILE_10,joint_noise_arctique_semantic_glas_set_dropout_pu_0_00,0_00,0.4029910589597421,0.5758100137866484,0.6781736393740286,0.8917660573237989,1.1165553349769786,1.1454759498425873,0.5318476821316094,0.6232799203547246,0.7165738350915858,0.8542146443672607,0.7612463319463624,1.1775048828124997,0.7897594451904294,0.5987246894836425,0.5378597068786621,0.4935964355468751,0.8238198132400365,0.6353327061319285
dpath_19_TILE_11,joint_noise_arctique_semantic_glas_set_dropout_pu_0_00,0_00,0.04549197686719708,0.645378382065717,0.6830661384693659,0.775830590564093,1.0699544270833334,1.1046305338541667,0.05995771644030994,0.0780241623838977,0.1198296998024374,0.31488887690843104,0.7740473153825037,0.8660888671875003,0.6820281982421875,0.5867645072937011,0.2337118190526963,0.15744488906860352,0.6412710226229809,0.6412710226229809
dpath_19_TILE_15,joint_noise_arctique_semantic_glas_set_dropout_pu_0_00,0_00,0.08379185202647932,0.6244067216150381,0.7199580104614037,0.8960568669527897,1.1557386301444834,1.1896492218875503,0.11412792381162629,0.15286783001936763,0.24186929401496413,0.6112779484022162,0.8566662073723483,1.277744140625,0.8053674316406249,0.5409701156616211,0.2763902056217194,0.22126289482116696,0.8967839586092118,0.7306672348806509
dpath_69_TILE_25,joint_noise_arctique_semantic_glas_set_dropout_pu_0_00,0_00,0.2493385212001158,0.6856161407949228,0.7797403799389548,0.9680011625812768,1.1179667300616547,1.146964766339558,0.35048089197852245,0.47400908857722207,0.6876091855266169,0.9764242566273441,0.9285370807179674,1.3887744140625002,0.8813374328613277,0.5889269638061524,0.37679549932479867,0.3470896545410157,0.8782836878281257,0.810212371643989
dpath_44_TILE_1,joint_noise_arctique_semantic_glas_set_dropout_pu_0_00,0_00,0.1917962762818206,0.6693422093420349,0.7790376435888304,0.9088429389138569,1.0669790562771095,1.1050731495067432,0.2689657134823553,0.36419984381466314,0.5509125584685879,0.8839798799249352,0.8879534929184799,1.1903784179687502,0.7777631378173827,0.50385169506073,0.34106183469295515,0.2745428991317749,0.8922141089539545,0.7994384385462083
dpath_47_TILE_0,joint_noise_arctique_semantic_glas_set_dropout_pu_0_00,0_00,0.28365133120678365,0.6712605033439816,0.7769903489561076,0.9179804427171581,1.0686590937573721,1.1011645627800666,0.3953410244006744,0.524846028104474,0.7214625715427493,0.984602715603547,0.9164123500932209,1.1886865234375004,0.9170137786865235,0.6088566017150878,0.42266992509365087,0.36199162826538084,0.9372162209863352,0.8163996571614291
dpath_47_TILE_11,joint_noise_arctique_semantic_glas_set_dropout_pu_0_00,0_00,0.35240538395009935,0.6396975810841303,0.7237810560146801,0.8973532758646129,1.0725122133253366,1.1064719241715013,0.491403574307718,0.626789855538,0.7585266097762522,0.9502070819031274,0.8283949572630603,1.1771386718750003,0.8103180694580077,0.6308282947540281,0.4854855430126191,0.4667994979858399,0.938552153060713,0.7349953994153753
dpath_47_TILE_16,joint_noise_arctique_semantic_glas_set_dropout_pu_0_00,0_00,0.34558758305502124,0.613583090311414,0.6758555790749162,0.8519443545596679,1.0851644695641283,1.114367261493686,0.48409358103073913,0.6111436095519012,0.7097216082607426,0.810514783120582,0.7577578990501125,1.1045458984375,0.8186261749267575,0.6622891235351562,0.5621724605560304,0.49881494674682625,0.9303059849353674,0.6818603451974884
dpath_9_TILE_1,joint_noise_arctique_semantic_glas_set_dropout_pu_0_00,0_00,0.12350788134790491,0.6372727166473071,0.7013475471368715,0.8654374342698318,1.0670571008572685,1.1012669799981858,0.1737121224060617,0.23937052673244885,0.3877579797824592,0.7366220165799802,0.8117341821652647,1.1417358398437503,0.7687460327148438,0.6243243789672851,0.4745645183324815,0.46223405838012704,0.8496535933136685,0.734000687200604
dpath_23_TILE_7,joint_noise_arctique_semantic_glas_set_dropout_pu_0_00,0_00,0.3371784271148499,0.6234012970386805,0.7105575303759346,0.932539853066216,1.0968699885142164,1.1333135118797308,0.46820792304625347,0.594382117769462,0.7298208445475749,0.9069287979347582,0.820144915517888,1.185655517578125,0.801405029296875,0.6313029098510742,0.5512788033485413,0.508367660522461,0.7741348699087148,0.7019838856950996
dpath_33_TILE_6,joint_noise_arctique_semantic_glas_set_dropout_pu_0_00,0_00,0.22020008589606732,0.6238126943329538,0.7383422588593279,0.9123035393265799,1.1051730372710737,1.14443371306124,0.30719490782162767,0.4078468624912755,0.582233299554525,0.8507816369342426,0.9260868491622847,1.2051708984375,0.7144522094726562,0.48412360906600954,0.3518268859386445,0.30549756355285645,1.0046591941593008,0.8083864463531174
dpath_33_TILE_12,joint_noise_arctique_semantic_glas_set_dropout_pu_0_00,0_00,0.2252515408981708,0.6510383367796967,0.7667833814185685,0.9240979410058937,1.0828234167860982,1.118187171340929,0.3155649320330081,0.4230703335838562,0.6096802285502911,0.9038758812881098,0.9250377606352838,1.2385864257812502,0.7666081047058104,0.5469380187988281,0.36453225314617155,0.3344360916137695,0.8458805928272995,0.8088392446822479
dpath_29_TILE_0,joint_noise_arctique_semantic_glas_set_dropout_pu_0_00,0_00,0.0814489694457734,0.6670889505525914,0.7861319539296031,0.9529577341046713,1.172860857887738,1.2213397862282462,0.11369730839909302,0.15569463846670478,0.24948922541763313,0.616528748629386,0.9905554366438356,1.5398095703125003,0.8422296142578125,0.4703966236114501,0.29436536818742753,0.24097169122695927,0.9354787149916491,0.8525852135833095
dpath_29_TILE_14,joint_noise_arctique_semantic_glas_set_dropout_pu_0_00,0_00,0.41025279663153924,0.6217908120601509,0.709797201388118,0.9265130413636673,1.083534022495443,1.1122028612214498,0.5529475543942822,0.663445643333149,0.7644720937357139,0.9529634046365748,0.7834092070783351,1.1702368164062502,0.8421752929687498,0.6761898612976074,0.5637223958969116,0.5257907363891602,0.9097588119805103,0.6679877112437704
dpath_68_TILE_3,joint_noise_arctique_semantic_glas_set_dropout_pu_0_00,0_00,0.4074812568142079,0.6643798953346726,0.7587707005282813,0.9248221933112749,1.0943925087725415,1.1317165257061026,0.5568497648629918,0.6884700136395107,0.8223560400959289,1.0551131256913717,0.8469625359087193,1.4261230468750004,1.1704405212402345,0.7241629219055176,0.5361494600772858,0.4954478822708131,0.7949707119475363,0.735358585205008
dpath_67_TILE_16,joint_noise_arctique_semantic_glas_set_dropout_pu_0_00,0_00,0.2746974005131051,0.7352553228669741,0.8260074469972842,0.9164712803395412,1.0785380260842983,1.116703357758352,0.3841013719322693,0.5193413224948364,0.7539031086900206,1.0288292609527254,0.9552764110239876,1.345267333984375,0.972600402832031,0.7672109222412109,0.5232594037055969,0.5270720520019532,0.9386297679405939,0.8592784222315634
dpath_6_TILE_3,joint_noise_arctique_semantic_glas_set_dropout_pu_0_00,0_00,0.4288824176765047,0.6778809153904394,0.7714150556264818,0.9098018800090486,1.0848522073269833,1.1218661041877531,0.5840210966572975,0.7174511128682024,0.8480714539637397,1.0704423810271937,0.8808613025412704,1.26816650390625,0.8188475036621093,0.749154224395752,0.5761549115180972,0.5484886428833008,0.8350660072455838,0.7594994571172071
dpath_6_TILE_10,joint_noise_arctique_semantic_glas_set_dropout_pu_0_00,0_00,0.3749137080885703,0.6146982630559399,0.7059328936658523,0.93176470084885,1.1318296926309195,1.1672578932207254,0.5102229849280612,0.6258645498574343,0.7417390490876422,0.9254628154018877,0.7768998129436276,1.3344189453125,0.9304806518554685,0.7358418655395508,0.5876157331466676,0.566364015197754,0.9015211582641088,0.646036969901509
dpath_21_TILE_6,joint_noise_arctique_semantic_glas_set_dropout_pu_0_00,0_00,0.21731681219534948,0.6676168279130329,0.7611705338609843,0.9288569299439389,1.0806165032800372,1.1170103126300457,0.3057340109214751,0.4198109278037932,0.6351000441422342,0.9119678367359436,0.872576851804967,1.17955078125,0.8343428039550779,0.6465317153930663,0.5197565126419068,0.4960729034423828,0.9049877564325934,0.7594271344813881
dpath_21_TILE_8,joint_noise_arctique_semantic_glas_set_dropout_pu_0_00,0_00,0.23780761641683057,0.7173647878783357,0.8043824768788447,0.9229016812362335,1.1045316604218172,1.133337017594914,0.3342891338708115,0.4593501287278805,0.6993433406820522,0.9967984176447648,0.9482879770294208,1.2171411132812497,0.9824063110351556,0.7245916748046874,0.5869083333015442,0.5909480033874513,0.879344536154775,0.8442820144497023
dpath_17_TILE_0,joint_noise_arctique_semantic_glas_set_dropout_pu_0_00,0_00,0.22258565948868636,0.6422139470229056,0.7232886666301194,0.8927652720784232,1.0675077267445117,1.0926656451692571,0.3132730134395405,0.43152754244156777,0.6438240468010947,0.8561811896290581,0.8268389582543594,1.2190026855468752,0.9322653198242188,0.7464963531494141,0.5924873781204225,0.5701067977905274,0.8785682982525438,0.719192052799166
dpath_17_TILE_4,joint_noise_arctique_semantic_glas_set_dropout_pu_0_00,0_00,0.38817208298132755,0.571889678314399,0.6731376408310625,0.9275887409553594,1.1308192310717282,1.163211486500162,0.51585528695753,0.6091277914210715,0.7044482856178526,0.8375343654466711,0.7686861902294235,1.304462890625,0.8470620727539061,0.6273899841308593,0.5144282913208008,0.47987978591918945,0.923463381324976,0.6122981870595195
dpath_12_TILE_7,joint_noise_arctique_semantic_glas_set_dropout_pu_0_00,0_00,0.3979727808582538,0.5723683948443362,0.6393482585612082,0.7935785343798399,1.0292793319610778,1.0535080853630514,0.529304651382256,0.616601641461696,0.6768454985573013,0.7221389786562453,0.7036003738326616,0.94953369140625,0.7389263916015625,0.6510575866699219,0.6058722686767578,0.5843321472167968,0.8313106659082974,0.6096354818331664
dpath_12_TILE_27,joint_noise_arctique_semantic_glas_set_dropout_pu_0_00,0_00,0.4100321819569217,0.6197780041696288,0.7159849292170393,0.9922936921989853,1.1468578616514902,1.1807436296546785,0.5517311530992903,0.661374226378929,0.7695965063487729,0.9786573024611399,0.8596015087314534,1.4057080078125006,1.0281323242187497,0.6696886634826659,0.5175422012805939,0.5225911762237548,0.9800028043988469,0.7234257847470904
dpath_12_TILE_38,joint_noise_arctique_semantic_glas_set_dropout_pu_0_00,0_00,0.16466266472707503,0.5504536864714066,0.6256793940528035,0.7853262588562753,1.0305382680084745,1.0716029575892858,0.23148738341762762,0.3192756727310562,0.5056842873214444,0.6732977697975446,0.6946747999924879,0.749986572265625,0.6663861083984376,0.6174359130859375,0.5348429012298586,0.45339178886413595,0.572428630125015,0.572428630125015
dpath_12_TILE_47,joint_noise_arctique_semantic_glas_set_dropout_pu_0_00,0_00,0.2680236970700207,0.6549161481479572,0.7421309990595882,0.9222659299751397,1.1007468424363198,1.131482734472942,0.3751763439617067,0.49296142406766874,0.6808100974983475,0.9053254565207067,0.8957624016212099,1.190419921875,0.7544651794433593,0.6239071846008301,0.4395430994033813,0.4055162689208984,0.8904983979230418,0.8119289858121399
pannuke_27_TILE_3,joint_noise_arctique_semantic_glas_set_dropout_pu_0_00,0_00,0.31494217889849097,0.7151194008304478,0.8191370100941942,0.9144765062793218,1.0453102487958523,1.082072484542937,0.43366765962440773,0.5778136801024168,0.7922604815391459,1.0305663318168827,1.0052791566233281,1.0983837890625,0.9183758544921875,0.6929618263244629,0.612396674156189,0.5703119415283204,0.9095285586594205,0.8750571723724822
dpath_37_TILE_1,joint_noise_arctique_semantic_glas_set_dropout_pu_0_00,0_00,0.2508503099088557,0.5881577706431558,0.6824459841798751,0.8719106065683646,1.0999915637270943,1.1458286830357143,0.35029961910624874,0.47263280359073695,0.6342640872454751,0.7935419820707648,0.7552902131293754,1.2854956054687503,0.73568603515625,0.6063137054443358,0.47233989655971537,0.39976773872375493,0.7880943432356478,0.6323939242717103
pannuke_2_TILE_2,joint_noise_arctique_semantic_glas_set_dropout_pu_0_00,0_00,0.4548780717304908,0.5744567399683472,0.6561902885907367,0.8530521141795286,1.090409295982871,1.124999518934729,0.5780241687936639,0.6504498575558335,0.7098546103948672,0.7928976720000741,0.7165309832727286,1.1386621093750002,0.8814559936523437,0.6589457702636717,0.5665766525268556,0.5422241790771485,0.8885787304357293,0.5903110239577577
dpath_51_TILE_4,joint_noise_arctique_semantic_glas_set_dropout_pu_0_00,0_00,0.3087447264115326,0.6411958537751465,0.7352375572748411,0.9535460338641062,1.1245965318703475,1.1495312363751309,0.43258117309902927,0.5655409175485501,0.7294396570390371,0.941703854237754,0.873514167636807,1.3414599609375,0.9905413818359373,0.6448852586746214,0.48937773168087007,0.42287235164642334,0.9380960063831345,0.7770082728856427
dpath_51_TILE_13,joint_noise_arctique_semantic_glas_set_dropout_pu_0_00,0_00,0.3496444398770109,0.6623502625243874,0.7703872787696983,0.9327818343452264,1.086072606006848,1.1155713303644854,0.4841663018037884,0.6206276501460374,0.785214561867949,1.0328266019318009,0.9264111398112757,1.2336279296875003,0.794219970703125,0.5902713966369629,0.4715418314933777,0.448053956604004,0.834939656060796,0.8218164844611727
dpath_7_TILE_2,joint_noise_arctique_semantic_glas_set_dropout_pu_0_00,0_00,0.27251275672460906,0.6588955940652628,0.7504894654872819,0.9124555965776391,1.0661478840856995,1.101712058738426,0.38324571557947107,0.5147408366774384,0.7087014911558702,0.9408768816692074,0.8866117231596896,1.15009765625,0.774114990234375,0.6014249420166016,0.49093356847763076,0.49153975143432616,0.8244269859891545,0.7818598619564336
dpath_7_TILE_3,joint_noise_arctique_semantic_glas_set_dropout_pu_0_00,0_00,0.3512290285434574,0.6530718758835612,0.7437672775424924,0.9394780189100655,1.1058514347035122,1.1349238390363128,0.48598609612196497,0.6214272494312028,0.7709595632994481,1.0010458381006866,0.871309834312262,1.20626220703125,0.8231295776367188,0.5884571552276612,0.4629647541046144,0.44572729949951173,0.877844995124635,0.7696301539153854
dpath_48_TILE_7,joint_noise_arctique_semantic_glas_set_dropout_pu_0_00,0_00,0.30598160179215483,0.6339179999395655,0.7344779038963295,0.9014665588550744,1.0801151938795854,1.1087896163161626,0.42630566955950877,0.5529655441641808,0.7175690640852256,0.9280907406569218,0.8433508131735177,1.2184765625000002,0.7878463745117188,0.5625760555267334,0.4241122817993164,0.40209937477111823,0.8256936967324224,0.7389616930871119
dpath_48_TILE_16,joint_noise_arctique_semantic_glas_set_dropout_pu_0_00,0_00,0.03511858094134368,0.6522034495676244,0.8404650893958077,0.9685230654761905,1.214724344978166,1.2380325029481132,0.04500316997918091,0.05737070714443821,0.08582162823144661,0.2146508815122036,1.2407342819940477,1.1073583984375,0.6403829956054686,0.3228197813034057,0.20643483877182006,0.13966147766113285,1.0354329427083333,1.0354329427083333
dpath_8_TILE_14,joint_noise_arctique_semantic_glas_set_dropout_pu_0_00,0_00,0.3221015591698233,0.6150758167100726,0.7354171229281384,0.9510028158455591,1.0954840613931522,1.1276699779914157,0.44389870136792403,0.560497398812929,0.7135218596245042,0.9394022054024141,0.8052450807938665,1.3415478515625,0.8405281066894531,0.6063760089874265,0.4887947750091554,0.46549949951171876,0.9032004741992129,0.6547475669764236
dpath_8_TILE_15,joint_noise_arctique_semantic_glas_set_dropout_pu_0_00,0_00,0.11243463910068385,0.7167539418854328,0.8404895751734557,0.9641466992613017,1.1039939561847665,1.1407925446160767,0.15746419553415805,0.21655015120883647,0.3499388642619351,0.7824400226499352,1.028302781810982,1.2237158203125003,0.8858651351928711,0.5578324174880981,0.3578262293338776,0.2836909816741943,0.9238860045080284,0.9361913546709948
dpath_8_TILE_18,joint_noise_arctique_semantic_glas_set_dropout_pu_0_00,0_00,0.5007772493554512,0.6058645047765431,0.6669719018743154,0.8892914234845298,1.074142266809256,1.0974763569078947,0.6307590227512071,0.6897730143974066,0.7382851068037974,0.8372074056167853,0.72503711038515,1.2586083984375,0.9154612731933592,0.6820326232910157,0.5971196746826172,0.5640494506835938,0.7925810834490781,0.6258798690194827
dpath_34_TILE_1,joint_noise_arctique_semantic_glas_set_dropout_pu_0_00,0_00,0.4590542528749211,0.6148726855891995,0.6860042545959187,0.9186379524632755,1.0916796399952224,1.126935877050042,0.6069668979904632,0.6893251811594203,0.7574745029887304,0.9132723464419119,0.754793754913522,1.2297314453125003,0.8815736389160155,0.6947706604003906,0.6200380897521973,0.5945114120483398,0.8434254410621301,0.6301462601951014
dpath_28_TILE_8,joint_noise_arctique_semantic_glas_set_dropout_pu_0_00,0_00,0.5134374185290653,0.647010224152309,0.7273496644686809,0.9196721773046282,1.0891129037752922,1.122445716481802,0.6629305230330381,0.7482829671966013,0.8347667096842192,1.0626962947176928,0.8086280862202688,1.2280615234375003,0.9079574584960938,0.7250896263122557,0.623178005218506,0.6024992507934572,0.8928448606559976,0.7141112387039066
dpath_28_TILE_13,joint_noise_arctique_semantic_glas_set_dropout_pu_0_00,0_00,0.3913516025786521,0.646259461376594,0.7177149453820678,0.9437443775702536,1.1083112159716557,1.1433675314624474,0.5402004207271096,0.6698039505560366,0.7740169151704026,0.970335034912742,0.8147875496487378,1.448369140625,0.9886680221557618,0.6504777908325196,0.5468144941329958,0.5390628875732422,0.9981375329688061,0.7232256888952038
dpath_55_TILE_0,joint_noise_arctique_semantic_glas_set_dropout_pu_0_00,0_00,0.12096777721308172,0.6902421662072596,0.7933466378618863,0.9581740359042553,1.132308644026301,1.1623152466210813,0.16820029394824781,0.23018243580977504,0.3722023595040924,0.7994835575512498,0.9672555017769425,1.3997363281250006,1.1303799438476563,0.7321665477752685,0.4886465466022492,0.39592904281616215,1.0144784859329317,0.8540999902169052
dpath_55_TILE_1,joint_noise_arctique_semantic_glas_set_dropout_pu_0_00,0_00,0.471559089171933,0.5852456828753583,0.6520313342270264,0.8583635911235624,1.1049488296361218,1.1398390137846421,0.5983726260225081,0.6623414996719861,0.708468314452332,0.7781926860353763,0.7216495618625661,1.195345458984375,0.7666061401367188,0.6597458648681639,0.5855727291107178,0.571127459716797,0.9567559377739558,0.6209050328556864
dpath_55_TILE_21,joint_noise_arctique_semantic_glas_set_dropout_pu_0_00,0_00,0.1061098063364625,0.5932421831099686,0.6714601960958472,0.849015613823319,1.0611637766768294,1.084636807781339,0.14650768815651466,0.19953864830852905,0.3193621901895565,0.6654104885256141,0.7585908225399153,1.0751708984375,0.73901123046875,0.5310517501831055,0.34837074756622316,0.272076655960083,0.8941212422610083,0.6260545596358429
dpath_55_TILE_23,joint_noise_arctique_semantic_glas_set_dropout_pu_0_00,0_00,0.09499741402396467,0.5523318681168645,0.6547075370393426,0.8271165397298995,1.047101338704427,1.087194991438356,0.13131519216215093,0.1793172394534528,0.28679645660083986,0.6064249364057255,0.7228599151634325,1.0152783203125002,0.6579980468750002,0.5457449340820313,0.34450453996658326,0.264564176940918,0.5621466264606106,0.5621466264606106
dpath_55_TILE_38,joint_noise_arctique_semantic_glas_set_dropout_pu_0_00,0_00,0.38673537579597905,0.599772078219444,0.7081463569149795,0.90673327395047,1.1001347710730474,1.1371112696383383,0.5175712151588622,0.6235892293131654,0.7399898743038956,0.9209113789984767,0.8385469665052732,1.4854296875,0.9945666503906248,0.7499922943115235,0.46808549761772156,0.45412947845458984,0.9914064754604586,0.6678081018138792
dpath_16_TILE_2,joint_noise_arctique_semantic_glas_set_dropout_pu_0_00,0_00,0.3703931269410532,0.6205532724773632,0.7091706113123228,0.8908438583797382,1.0881546888064382,1.119767496257485,0.511857970983858,0.6331977350757796,0.7481386959901046,0.9218326214327786,0.8014866330311119,1.2899316406250003,0.898101806640625,0.7252866363525391,0.5764024543762207,0.5400313262939453,0.8061766535353108,0.6918303339067913
dpath_16_TILE_8,joint_noise_arctique_semantic_glas_set_dropout_pu_0_00,0_00,0.13287912524538115,0.7085068072380423,0.8185441871116439,0.9491893700948332,1.1042160870190296,1.1417062824038948,0.18672283329157252,0.2576996019094567,0.4199672237392554,0.8556158154848185,0.9948130645991244,1.5238330078125006,0.861327667236328,0.6327685165405272,0.4932160866260529,0.3830999843597412,0.9375952232856393,0.9017194375040892
dpath_63_TILE_4,joint_noise_arctique_semantic_glas_set_dropout_pu_0_00,0_00,0.13686696987133473,0.5863444010416666,0.7436788023399015,0.8641610563076036,0.9973014899059734,1.0442389889039856,0.16227143464265045,0.18363854820388742,0.22034436561476373,0.3427678524620634,0.9209980425443459,0.9601074218750001,0.829644775390625,0.49152791976928706,0.24952388048171997,0.19088891525268556,0.7981928168402778,0.7981928168402778
dpath_63_TILE_5,joint_noise_arctique_semantic_glas_set_dropout_pu_0_00,0_00,0.10925883613526821,0.6749430338541667,0.8094412460166284,0.9653177540204678,1.1095028191896024,1.133014686853002,0.1522789891078652,0.20700595561916765,0.32943388907138915,0.7328650222601434,1.057046456812652,1.3852880859375,0.9410565948486327,0.6492507171630859,0.44749433398246774,0.35802309188842774,1.1107479260277229,0.8337994866152934
dpath_63_TILE_10,joint_noise_arctique_semantic_glas_set_dropout_pu_0_00,0_00,0.2906322957132943,0.6135758706210266,0.6955203537691089,0.8934355217874815,1.0963567658142896,1.1252819298932242,0.4076847878236661,0.5390951881598419,0.6897406874419884,0.8364809476412259,0.8118437211445161,1.2719287109375,0.8188786315917969,0.6154339218139647,0.49313793182373045,0.4555686897277832,0.8962418334480945,0.6804430257948977
dpath_24_TILE_5,joint_noise_arctique_semantic_glas_set_dropout_pu_0_00,0_00,0.2298377207480371,0.656738974566176,0.7647886643780955,0.9107306853317889,1.0685691502668446,1.0941824502701376,0.32248647634943567,0.43275922232215736,0.6306402480201607,0.9089974442930655,0.8659210317247611,1.11880859375,0.8433914184570309,0.5792917251586913,0.38559856176376345,0.3687063720703125,0.8916984638807048,0.7953370218112128
dpath_24_TILE_11,joint_noise_arctique_semantic_glas_set_dropout_pu_0_00,0_00,0.06707232084590942,0.8385719720571319,0.9823000518934791,1.0846996532227062,1.1852713303941909,1.2107828961417995,0.08959727349030726,0.117406507712629,0.18254303860955343,0.48879414460336723,1.2556491490340387,1.3785888671875002,1.02335693359375,0.6388589143753051,0.2625476986169815,0.186031388092041,1.2050808308155534,1.2131574502644895
dpath_54_TILE_7,joint_noise_arctique_semantic_glas_set_dropout_pu_0_00,0_00,0.24920847102475818,0.6169415848446872,0.7255960378368942,0.9246749504106347,1.0965704966882586,1.1264003991819551,0.3448437475257636,0.44824730791151524,0.6170543752701225,0.8500793632925072,0.8754870844822303,1.1201159667968752,0.7752427673339843,0.5640710258483886,0.43892273426055917,0.4132207420349122,0.935848084965213,0.7831701075606252
dpath_54_TILE_13,joint_noise_arctique_semantic_glas_set_dropout_pu_0_00,0_00,0.2802113541220024,0.6290295433576263,0.7287884574603646,0.9325408469922366,1.0778453698318995,1.1054740133965588,0.39121017311385364,0.5106923435808003,0.6829314799091251,0.8953677124319007,0.868414398935733,1.11349609375,0.697734375,0.5420989036560058,0.4592328488826753,0.437902099609375,0.8578382225207328,0.7776693459568278
glas_2_TILE_0,joint_noise_arctique_semantic_glas_set_dropout_pu_1_00,1_00,0.41836258737021126,0.6445340369783936,0.7261356957280675,0.9269731649649902,1.0910361188394277,1.1221654134070678,0.5634244583768147,0.6834743125838951,0.7909652124815634,1.0061362884256437,0.8980854497307216,1.17628173828125,0.7994061279296873,0.6557968521118163,0.577089614868164,0.5220770980834961,0.9150184035720202,0.7452369950912477
glas_2_TILE_1,joint_noise_arctique_semantic_glas_set_dropout_pu_1_00,1_00,0.38646714963397244,0.6481487327878572,0.7386652629628104,0.9444626251292849,1.1130226274229331,1.1404258721902596,0.5238508110476162,0.6515372129425876,0.7829274851602597,1.010269102188215,0.9271931165494119,1.1222924804687502,0.8960615539550781,0.6885195159912108,0.5422818827629091,0.4834706527709962,0.9467557354024436,0.7903442248462607
glas_2_TILE_2,joint_noise_arctique_semantic_glas_set_dropout_pu_1_00,1_00,0.4154936284176074,0.6446537601026856,0.7358174901246324,0.9336898112704157,1.1174930536645837,1.1535285696362956,0.5579235511290114,0.6785524151703315,0.7956464261689598,1.0229944065406311,0.9308435678856731,1.4203662109375004,1.0451296997070312,0.7277140998840332,0.562460355758667,0.5427590911865234,0.9456483795670462,0.7828541659147286
glas_2_TILE_4,joint_noise_arctique_semantic_glas_set_dropout_pu_1_00,1_00,0.4220252925879322,0.6474554234513956,0.7319439019294357,0.9128057865612152,1.1201343181027703,1.1534517196352692,0.5648774320929837,0.685637784367182,0.7954924876448318,1.0108134726931575,0.9291095818138844,1.1585546875,0.980607452392578,0.6775686836242675,0.5706094408035278,0.5305305557250977,1.012288413981192,0.7880007365419461
glas_2_TILE_5,joint_noise_arctique_semantic_glas_set_dropout_pu_1_00,1_00,0.40603362691763323,0.6455049195299118,0.7296221931887852,0.9212276867502172,1.103690747467241,1.1375660905934344,0.5485534022917415,0.6728526800529845,0.7871134688214558,1.0003317398719365,0.9240927516358738,1.22719482421875,0.8788327026367186,0.6679766082763672,0.5012794792652131,0.4669964782714844,0.9425286949992095,0.7804897914037501
glas_2_TILE_6,joint_noise_arctique_semantic_glas_set_dropout_pu_1_00,1_00,0.4210107699909713,0.6579218895595812,0.7407664781752317,0.9314456467756723,1.0897111292035069,1.1212288827607126,0.5689708333900937,0.6938102336694533,0.8083170556362516,1.0355763089154972,0.9714913302511581,1.1848266601562503,0.9212614440917969,0.7370093536376953,0.589809594154358,0.5664094177246094,0.9582431498223549,0.7968303791458888
glas_6_TILE_0,joint_noise_arctique_semantic_glas_set_dropout_pu_1_00,1_00,0.49274222418898717,0.6080144224514606,0.6658248929370838,0.8370832811931198,1.0827814308183321,1.1165334120153743,0.6256356806868326,0.6866184005241542,0.7270071285247222,0.812749464792638,0.7344477215514408,1.2397192382812503,0.80188232421875,0.6702101135253906,0.5964829063415528,0.566895916748047,0.8442745199502377,0.6483839422443897
glas_6_TILE_1,joint_noise_arctique_semantic_glas_set_dropout_pu_1_00,1_00,0.5546113257296383,0.6262745374355788,0.678378567565421,0.8908962135649067,1.1232168893628134,1.1642744988620448,0.6724744279136654,0.7156369798578696,0.7520901698821245,0.8729718505237221,0.7629598329344625,1.4627197265625,0.9108282470703125,0.7207492065429687,0.677535285949707,0.6673671875,1.0748307255890048,0.6738389006020182
glas_6_TILE_2,joint_noise_arctique_semantic_glas_set_dropout_pu_1_00,1_00,0.5567817834671587,0.6376234366483519,0.6901196534463291,0.8959079390645295,1.1139204708002746,1.1518758510504394,0.6825179336953293,0.7306790464774112,0.7786428212382117,0.9500282081649383,0.765857108188405,1.4728393554687502,0.9835536193847656,0.7633871459960936,0.6466874694824218,0.632418780517578,0.9553144904247313,0.6943683103988847
glas_6_TILE_4,joint_noise_arctique_semantic_glas_set_dropout_pu_1_00,1_00,0.4434782365569845,0.5990593860183918,0.6613775625846703,0.8484965025649694,1.0743805938254223,1.1062257050304878,0.5807784527970242,0.6616281059910205,0.7143200407781163,0.7933992830979408,0.7291754770890183,1.1532666015625004,0.7397064208984374,0.6553619384765625,0.5946128273010254,0.5756007812500001,0.9449831088158855,0.6552381464400198
glas_6_TILE_5,joint_noise_arctique_semantic_glas_set_dropout_pu_1_00,1_00,0.4988631681771949,0.6378099446485239,0.7037475200540494,0.8882100835020242,1.1308460980438242,1.1647318515282923,0.6426868424171261,0.7229739848918794,0.7878876684210026,0.9753445149267957,0.8052899848408704,1.4052343750000003,0.911029052734375,0.7337327575683594,0.5899382114410402,0.580378857421875,0.9347545340823131,0.7039612407022584
glas_6_TILE_6,joint_noise_arctique_semantic_glas_set_dropout_pu_1_00,1_00,0.49705885793082416,0.6236986682575248,0.6920257425060755,0.8787167957374782,1.1100196757729917,1.1564838157351323,0.6355181977085922,0.7103577367875015,0.7703200196452591,0.930100969958879,0.7797359040998664,1.3113818359375002,0.8388160705566406,0.6995639801025391,0.6285160446166993,0.5950962127685548,0.8734554571658366,0.6791029005744909
glas_21_TILE_0,joint_noise_arctique_semantic_glas_set_dropout_pu_1_00,1_00,0.4572370636451524,0.6225026208412028,0.6893737046108807,0.8712479149270544,1.1203879827185521,1.1586777851654846,0.6039276119720709,0.6921062335059646,0.758164287715572,0.9056703192769365,0.7915434003419852,1.2161181640625,0.8546307373046875,0.6966091918945311,0.5959460496902467,0.5290328845977784,0.9639102858049248,0.6954155313483191
glas_21_TILE_1,joint_noise_arctique_semantic_glas_set_dropout_pu_1_00,1_00,0.5027492106310092,0.6363269303208656,0.7033305858131682,0.8667273166103155,1.126698823609104,1.164560329116638,0.6465327401226159,0.7243272274894391,0.7909849042505209,0.9753653012119772,0.835066164165407,1.19015869140625,0.9079393005371094,0.7190988540649415,0.5748473668098452,0.5716071868896484,1.042231422470632,0.7221546595961794
glas_21_TILE_2,joint_noise_arctique_semantic_glas_set_dropout_pu_1_00,1_00,0.44101076733204536,0.6205370541687966,0.6981364307315668,0.8892318651871981,1.1106290136293162,1.1450348445563716,0.5865206000908141,0.6837459338199402,0.7652672410374366,0.9361629809067505,0.8570504902377177,1.3387426757812504,0.9293939208984375,0.7390140533447265,0.6295335292816163,0.6039669555664063,0.8712188543219954,0.7231382987210252
glas_21_TILE_4,joint_noise_arctique_semantic_glas_set_dropout_pu_1_00,1_00,0.4834446950117126,0.62070099340627,0.6921193850222283,0.9214493847777931,1.1358408623288787,1.173139624088991,0.6265002880668877,0.7050423665781765,0.7706929132296955,0.9428738398217814,0.8062545892363511,1.317685546875,0.9191418457031248,0.7172403717041014,0.6045520877838135,0.5743689651489257,1.0254727169091917,0.677027171674471
glas_21_TILE_5,joint_noise_arctique_semantic_glas_set_dropout_pu_1_00,1_00,0.4979302092688158,0.6398034645182844,0.7060329457750516,0.9335709639272178,1.12766326172871,1.15737090529057,0.648817305052777,0.7276027571888731,0.7930234240417743,0.9972121292070056,0.8812443781330854,1.2935693359375,0.9389089965820312,0.7396313476562498,0.6167137813568118,0.5826676010131837,1.0396992945120678,0.7333019877387461
glas_21_TILE_6,joint_noise_arctique_semantic_glas_set_dropout_pu_1_00,1_00,0.39985459129093215,0.6149903420831093,0.7089588323538127,0.9010305569640942,1.0837915070810307,1.1211318080805543,0.5341516971432221,0.6454501542163515,0.7538462503889185,0.927598898551899,0.9010305569640942,1.2291748046875,0.8172665405273437,0.6414694976806641,0.4958030754327774,0.4565709129333497,0.9312478138085856,0.7737219093819342
glas_24_TILE_0,joint_noise_arctique_semantic_glas_set_dropout_pu_1_00,1_00,0.34595267643453553,0.6086416685690885,0.6843132190592283,0.8876732235863095,1.0897816354998573,1.1251701893153527,0.4708776782293086,0.5895501196990098,0.7074347714030651,0.8269625494930433,0.7969655896897757,1.1721484375000006,0.8858941650390624,0.6131165742874144,0.5047688961029053,0.47889123458862304,0.9541525638684234,0.6841382099674033
glas_24_TILE_1,joint_noise_arctique_semantic_glas_set_dropout_pu_1_00,1_00,0.3632250794908032,0.6235321590228902,0.7091831889805766,0.9122704815001924,1.1205482145326326,1.1546612923374027,0.48630612169714754,0.6063021783737377,0.735323750738339,0.9101322117674516,0.8215680930802554,1.24277099609375,0.9619342041015625,0.701839599609375,0.5703189063072205,0.5321216873168946,0.9807008856894858,0.7159470037355765
glas_24_TILE_3,joint_noise_arctique_semantic_glas_set_dropout_pu_1_00,1_00,0.27017812270787545,0.6055989976237176,0.6822354266648892,0.8724690483033724,1.1103386582214407,1.1471966384747707,0.3727245512462798,0.48692086926458755,0.650410924528167,0.790715857866887,0.7946273048230054,1.10263671875,0.7813986206054687,0.6311793327331542,0.4645998919010163,0.4373561584472656,0.9098949402125454,0.6913034681884301
glas_24_TILE_4,joint_noise_arctique_semantic_glas_set_dropout_pu_1_00,1_00,0.3250732525775675,0.640290257688501,0.7189289878309922,0.9215079346272749,1.1153054517055616,1.1436047984657225,0.44592921623733706,0.5771687670324085,0.7302702941863496,0.9159127120451099,0.8398120014298616,1.248095703125,0.8253311157226562,0.6945372009277344,0.597896546125412,0.5368401489257812,0.9337618493555698,0.7400909190306586
glas_50_TILE_0,joint_noise_arctique_semantic_glas_set_dropout_pu_1_00,1_00,0.41517817991552874,0.6098534160416508,0.685355692596478,0.865082123523622,1.0602907584579389,1.0967648373637602,0.5567829871470785,0.6585021572273074,0.73988919483313,0.8756171797601356,0.7743175509537096,1.1874755859375,0.9434759521484369,0.755476655960083,0.577781550884247,0.5440631134033204,0.8058314590300915,0.665541748870515
glas_50_TILE_1,joint_noise_arctique_semantic_glas_set_dropout_pu_1_00,1_00,0.25861866562627256,0.6336308995866559,0.7155994536696726,0.8706398692166141,1.1003564762163767,1.1376181002920935,0.3614381890399107,0.48540268898883315,0.6713300931192485,0.8454962882131879,0.8641014176289615,1.213641357421875,0.9244165039062497,0.800185317993164,0.5084501707553863,0.47983802337646486,0.8852973599543719,0.7427380383520317
glas_50_TILE_3,joint_noise_arctique_semantic_glas_set_dropout_pu_1_00,1_00,0.3131978927995078,0.5819554135545129,0.6563459457464278,0.8101218809129612,1.0531129579286318,1.130615234375,0.43791357268093173,0.5621611964028935,0.6704583312805141,0.7493167887541428,0.7204039389353115,1.379638671875,0.7563946533203125,0.6795243835449218,0.5608347034454347,0.5178984405517578,0.9798898991294468,0.6237295735751127
glas_50_TILE_4,joint_noise_arctique_semantic_glas_set_dropout_pu_1_00,1_00,0.2930780067690648,0.610584643558377,0.6852265725032011,0.9359258683495625,1.1574455897013347,1.200961480453668,0.408484203720575,0.5355118846634374,0.6839135676381402,0.8238952608844573,0.7753100169944394,1.3810058593750003,0.9154930877685544,0.6300599670410156,0.5618034458160401,0.4986653518676758,0.9769449756474426,0.6888907354261451
glas_32_TILE_0,joint_noise_arctique_semantic_glas_set_dropout_pu_1_00,1_00,0.46565762464888394,0.6672617356386699,0.7770887156867995,0.9424691717909824,1.1221558844959616,1.1557208037584685,0.6084092496472004,0.730125857956496,0.8625863958560956,1.1221558844959616,0.9630931047188537,1.3072558593750003,0.9254818725585937,0.6997529983520507,0.5633872890472412,0.5397390686035156,1.0447653600072904,0.7956667415926268
glas_32_TILE_1,joint_noise_arctique_semantic_glas_set_dropout_pu_1_00,1_00,0.4172461382695474,0.6510807366774881,0.764470354477707,0.9294752893196134,1.1056981888085973,1.1416073095366979,0.5564294181137223,0.678764087660474,0.8183248187185419,1.0638750500343093,0.9509025290629404,1.21595703125,0.883692626953125,0.6981349182128908,0.5592402935028076,0.49497584228515623,0.9110383915101009,0.7816460932716986
glas_32_TILE_2,joint_noise_arctique_semantic_glas_set_dropout_pu_1_00,1_00,0.43137474328977987,0.6603404323251334,0.7653956087439092,0.9310477913200081,1.1060570243410786,1.1388940209740992,0.5750411017584766,0.6996126525553013,0.8330523009537452,1.0788736581947833,0.9652472122265295,1.2856835937500002,0.9291162109375,0.7007685089111328,0.5938635873794557,0.542035713195801,0.9938623281867749,0.7964819496104734
glas_32_TILE_4,joint_noise_arctique_semantic_glas_set_dropout_pu_1_00,1_00,0.4683114823419601,0.6956515966256314,0.8086802685892174,0.9797983521421886,1.1461173407054084,1.182392138104106,0.6202330478711449,0.7534254938364029,0.9030959804701392,1.1932947965869267,1.0335789142094938,1.407890625,1.1004901123046875,0.7343771743774411,0.5460435485839844,0.5388319717407226,1.0367183524089867,0.8575869829226762
glas_32_TILE_5,joint_noise_arctique_semantic_glas_set_dropout_pu_1_00,1_00,0.4205646872869693,0.6488182386359654,0.7566991414618974,0.9132763286618732,1.0863710163464313,1.1212385443463517,0.5565698839676815,0.6776171958443956,0.8118649838216989,1.0408065211796553,0.9221273419543405,1.1523461914062503,0.9701153564453122,0.7320827865600585,0.5792898416519165,0.5103726852416992,0.9956387123600176,0.7869235414611232
glas_32_TILE_6,joint_noise_arctique_semantic_glas_set_dropout_pu_1_00,1_00,0.43202921614283696,0.670154303157757,0.7753629740757515,0.9577578317764094,1.1266532178056181,1.1542744735023305,0.5763353847821837,0.7043817380369455,0.8443692114544656,1.1143517327770156,1.001335832019316,1.3005224609375003,1.0419635009765622,0.8956511688232421,0.6817744398117067,0.5723016799926759,1.0228498153331573,0.8297658288521208
glas_34_TILE_0,joint_noise_arctique_semantic_glas_set_dropout_pu_1_00,1_00,0.445112191780936,0.599189170069938,0.6820623434642298,0.9033761567511744,1.1199499545748706,1.1494814811496559,0.5814124823634839,0.6690402511099414,0.7444946965197673,0.8899879796319077,0.7978136520928781,1.4154443359375,0.8623114013671875,0.6770921325683592,0.5483728480339051,0.5092800109863282,0.9805781200543426,0.7194840172374599
glas_34_TILE_1,joint_noise_arctique_semantic_glas_set_dropout_pu_1_00,1_00,0.4547552433796227,0.6153962585686422,0.7008763321672633,0.8775324048432913,1.0920065973038064,1.1257259874458772,0.5937506703359937,0.6873932662396244,0.7700444121395698,0.942601751032468,0.8343446802914588,1.31115234375,0.821905517578125,0.6629937744140624,0.5648521041870117,0.5255117553710937,0.913532199368355,0.7115421006853324
glas_34_TILE_2,joint_noise_arctique_semantic_glas_set_dropout_pu_1_00,1_00,0.43289221014129,0.599714307542829,0.6791314963564268,0.8636973847631558,1.0893797096631206,1.1224917262629337,0.5685884929783203,0.6601729783884118,0.7340714442915438,0.8579043495816817,0.7768179770368282,1.2381201171875,0.8511474609375,0.6660559082031249,0.5436673974990844,0.5204071319580078,0.8554599244540239,0.669813565903956
glas_34_TILE_4,joint_noise_arctique_semantic_glas_set_dropout_pu_1_00,1_00,0.42279794279602356,0.6050078265099453,0.7013771882663867,0.8842106113624163,1.0992165649203958,1.1329018246257179,0.5560594001340483,0.6566233705084681,0.7538518863516652,0.9209989222084604,0.8396465604021781,1.29972900390625,0.8779803466796875,0.7208271408081055,0.5228911435604097,0.5005220726013183,1.0061663009847672,0.7424362702266349
glas_34_TILE_5,joint_noise_arctique_semantic_glas_set_dropout_pu_1_00,1_00,0.4375021153828129,0.6039862351410328,0.6728357811364606,0.8476220889458023,1.0643268675791557,1.1081322564019098,0.5777346793643204,0.6665635148812702,0.7266311320193528,0.8197776261992518,0.7661592860657589,1.3117504882812503,0.8200384521484375,0.6991208648681639,0.5840705156326294,0.5466444732666016,0.9849072121187248,0.671918511256546
glas_34_TILE_6,joint_noise_arctique_semantic_glas_set_dropout_pu_1_00,1_00,0.32762010232545435,0.59233877141319,0.6784544785777881,0.8745024891112503,1.0914417913360905,1.126266268082722,0.4440011161474453,0.5559413720975808,0.6820869748369814,0.8143659186664006,0.7960144647277227,1.21407958984375,0.835369873046875,0.6080770111083984,0.46834086894989013,0.45318202514648437,0.8621346516023789,0.6717036342158205
glas_41_TILE_0,joint_noise_arctique_semantic_glas_set_dropout_pu_1_00,1_00,0.4016960244625807,0.5719602196995748,0.6539767386673404,0.8217053992947622,1.0818201013513513,1.1391199945887447,0.5291692303968882,0.6181198338020071,0.6905479376889224,0.7552422579195843,0.7150263632855067,1.25662841796875,0.7576275634765625,0.6306614685058594,0.5459224939346313,0.48162156295776365,0.9188768564798176,0.6346084506654354
glas_41_TILE_1,joint_noise_arctique_semantic_glas_set_dropout_pu_1_00,1_00,0.41065737477038056,0.5779473154415291,0.6623708739428864,0.8465045530404618,1.0773093528593118,1.1064547206165702,0.5419635778939738,0.63031874171546,0.7053335451080051,0.7935587996535141,0.7281037106263276,1.11111083984375,0.7682662963867186,0.6617237091064452,0.52639062166214,0.5024672882080077,0.8483214872025377,0.6300406763384682
glas_41_TILE_2,joint_noise_arctique_semantic_glas_set_dropout_pu_1_00,1_00,0.4134094456094317,0.5723830253654943,0.6507444487126061,0.7966408592835723,1.06011952010918,1.0992607622997712,0.5370631028310714,0.6236243782396141,0.6895065516896526,0.7468979478293021,0.708784414757314,1.0246630859375,0.782977294921875,0.6443038940429686,0.5709629583358765,0.5400749282836913,0.6560588574168691,0.6251867970604615
glas_41_TILE_4,joint_noise_arctique_semantic_glas_set_dropout_pu_1_00,1_00,0.41471739538246766,0.5984355296593977,0.6828785673993453,0.8464449941309355,1.124395823200389,1.1739731512308313,0.5484241846900545,0.6470374201942516,0.7320431511885704,0.8569318856939163,0.7733825274461076,1.3845605468750002,0.8284123229980469,0.6384363555908203,0.5110875487327576,0.48723625030517576,0.8576566911989776,0.6890665255447171
glas_41_TILE_5,joint_noise_arctique_semantic_glas_set_dropout_pu_1_00,1_00,0.3721574387163855,0.583159612950536,0.6904417787875127,0.8370350264350453,1.0686121750750859,1.1172080003578244,0.49200638048501005,0.5927846878767014,0.7084066131872743,0.8444670102665023,0.8255997741771754,1.17248291015625,0.8839971923828125,0.6784223937988281,0.5639282703399658,0.5084964088439943,0.8604365503317707,0.7268995530333571
glas_41_TILE_6,joint_noise_arctique_semantic_glas_set_dropout_pu_1_00,1_00,0.34127222397364676,0.5533904639726944,0.6507386059248176,0.8332790154270586,1.0847424116290985,1.1269814311594204,0.4533558581148644,0.5481785753865733,0.6533345919079315,0.7455240020589798,0.741902091733871,1.1258740234375002,0.7896374511718747,0.6421360778808592,0.44705177307128907,0.4261681327819825,0.8414573618073506,0.6441775303045953
glas_55_TILE_0,joint_noise_arctique_semantic_glas_set_dropout_pu_1_00,1_00,0.3652308496530168,0.581982504603106,0.6785947305905442,0.8199861117419655,1.0372480139169111,1.0726111778846155,0.490331090487555,0.5940403303984814,0.7007106032573466,0.8131413435071243,0.8472971074496594,1.0763330078125002,0.82190673828125,0.6982553100585938,0.5902267265319825,0.5512283233642579,0.8072420495538896,0.6863293983513039
glas_55_TILE_1,joint_noise_arctique_semantic_glas_set_dropout_pu_1_00,1_00,0.34667293829261325,0.5836726818073632,0.6621418506699922,0.8314146447630246,1.0724821215733016,1.1099281424906717,0.47421382381901495,0.5829003241942033,0.6840514764401815,0.7663482805365297,0.7524679319806922,1.09472412109375,0.78018798828125,0.6675878906249999,0.5696901202201845,0.523547713470459,0.7544282152948244,0.6324989411138718
glas_55_TILE_2,joint_noise_arctique_semantic_glas_set_dropout_pu_1_00,1_00,0.3878013772482518,0.5732596832860043,0.6503565894061084,0.8203746097960833,1.10122223151771,1.1394453125,0.5245527739262495,0.6161847484516582,0.6864722066897113,0.7464376673111244,0.722953530203559,1.1952856445312503,0.8247009277343748,0.6466719055175781,0.587471981048584,0.5540151226043701,0.7397741635336142,0.6348474305003825
glas_55_TILE_4,joint_noise_arctique_semantic_glas_set_dropout_pu_1_00,1_00,0.41538999415934086,0.5894507596155013,0.6675667477021588,0.8089522872522392,1.100180093344156,1.1395869173879114,0.5563184834782212,0.6467399664684734,0.7148071214614251,0.7991508909343358,0.7726141787983153,1.238681640625,0.7939706420898438,0.6803366088867188,0.584020028114319,0.5642897216796875,0.9448943431575985,0.6838243256869284
glas_55_TILE_5,joint_noise_arctique_semantic_glas_set_dropout_pu_1_00,1_00,0.3602970029460266,0.5967144419535705,0.6609545442064634,0.8180669185824104,1.0725004944620253,1.1101956914131392,0.496250839524438,0.6103273197903952,0.6936002204450604,0.7577968592865391,0.744101954423682,1.23601318359375,0.747806396484375,0.6687178039550781,0.5772661435604097,0.5198803600311279,0.87893788328366,0.6429107803776135
glas_55_TILE_6,joint_noise_arctique_semantic_glas_set_dropout_pu_1_00,1_00,0.26950828210101463,0.565199603624009,0.6893789168565748,0.8547617741287084,1.0308150083280456,1.0691131241020115,0.3625390238201485,0.4564420090133777,0.59523518983656,0.7841063858385353,0.9365837482829671,1.03505859375,0.7817413330078122,0.6070293045043945,0.45226548314094545,0.3833573432922363,0.9630189398776131,0.7082897278502748
glas_22_TILE_0,joint_noise_arctique_semantic_glas_set_dropout_pu_1_00,1_00,0.38900804086006247,0.6558034954019074,0.7335566817904858,0.8987624915849507,1.0893811417783115,1.128723984815003,0.526568364451618,0.6585699728649537,0.7831199964129717,0.9857806874571395,0.9299914066192108,1.22609375,0.8414208984374999,0.7016248512268065,0.5609644889831544,0.5147434768676759,0.9278882500566183,0.8015524381313691
glas_22_TILE_1,joint_noise_arctique_semantic_glas_set_dropout_pu_1_00,1_00,0.3744766321615316,0.6527668353088967,0.7368278668987822,0.9312274109661495,1.0888043751864558,1.121224888392857,0.5085086112850855,0.6392657913704732,0.7762380189950358,0.9927802216636198,0.9273926740766963,1.1562060546875004,0.8707167053222653,0.672101821899414,0.5463193535804749,0.4841546142578126,0.9460118272689604,0.7930090730178696
glas_22_TILE_2,joint_noise_arctique_semantic_glas_set_dropout_pu_1_00,1_00,0.381169837739435,0.6344933322882063,0.727077425909471,0.9436053079526088,1.1231381721156444,1.1585540285845004,0.5180049014595072,0.6408615210063724,0.7671466414316414,0.9818671452348751,0.9404764492607092,1.2532177734375,0.783284912109375,0.5863380622863769,0.5164488291740418,0.4729476135253906,1.03378093667824,0.7950079086823851
glas_22_TILE_4,joint_noise_arctique_semantic_glas_set_dropout_pu_1_00,1_00,0.4019686473911861,0.6444914352221587,0.7132493848524883,0.8781451573744684,1.0968889286851322,1.133888191524072,0.5450069089194935,0.671175552382133,0.7698757657561022,0.9437249351437548,0.8365142531915677,1.23611328125,0.8606552124023438,0.660977325439453,0.5413203930854797,0.4783816116333008,0.8857315120391455,0.7305601506748269
glas_22_TILE_5,joint_noise_arctique_semantic_glas_set_dropout_pu_1_00,1_00,0.4023061950574629,0.6567965248731051,0.7355965711641388,0.9177897575492668,1.1035438318109896,1.1341584979363208,0.5445388141189567,0.6746022799331365,0.7922200471196121,1.0094555436937624,0.9105504591660382,1.23927490234375,0.9696963500976561,0.696642608642578,0.5636333990097048,0.5117722290039063,1.041426593901617,0.7964057879853231
glas_22_TILE_6,joint_noise_arctique_semantic_glas_set_dropout_pu_1_00,1_00,0.3841625153727364,0.643431548334032,0.7282589983593375,0.9161203529094828,1.1226886681241426,1.153080110872746,0.5255271814330722,0.6527354937357945,0.7753926083714141,0.9818598937290365,0.9281680009977844,1.2385070800781253,0.8586102294921872,0.6793019104003907,0.5212974691390992,0.5114095252990722,1.0744053990218483,0.8089597824721307
glas_15_TILE_0,joint_noise_arctique_semantic_glas_set_dropout_pu_1_00,1_00,0.4430639670463279,0.6048495802136316,0.6778256345388354,0.8813792758517796,1.0879615305280528,1.1237384429808799,0.581650842179531,0.6700624915983091,0.7365869985693803,0.8559652898611735,0.7595590726381644,1.2508447265625,0.8845106506347655,0.6749165344238279,0.5824486827850341,0.5761234558105469,0.8566728906769743,0.6387435637837201
glas_15_TILE_1,joint_noise_arctique_semantic_glas_set_dropout_pu_1_00,1_00,0.42891767001128756,0.6467757668061082,0.7354584813695337,0.9184428296649222,1.119572854649089,1.1572084164812877,0.5798793627041701,0.6974186207850168,0.8072437287928274,1.035785687838121,0.9845836270725469,1.2196728515625,0.9823858642578125,0.7014359092712402,0.6054775190353393,0.5708377609252929,1.0524142857236434,0.755575387277061
glas_15_TILE_2,joint_noise_arctique_semantic_glas_set_dropout_pu_1_00,1_00,0.44445638405159116,0.6142682023306412,0.6974236206980412,0.9377527712979821,1.169040682597397,1.2008383158213156,0.5842677192516702,0.680204003188036,0.7629366306900289,0.9377527712979821,0.8247645373498114,1.3058984375000002,1.0804473876953125,0.7224164772033691,0.6371930384635927,0.571612483215332,1.169902499941377,0.6875730887415232
glas_15_TILE_4,joint_noise_arctique_semantic_glas_set_dropout_pu_1_00,1_00,0.44384354137582704,0.5935013299276745,0.6705073181342485,0.8252188004439064,1.0463935193245126,1.081134755124328,0.5731009140694819,0.6593100080716214,0.7231728100868726,0.8177083580464243,0.7541226719274569,1.058505859375,0.9196948242187496,0.6482733154296875,0.5747003889083863,0.5239872604370118,0.7441722652175391,0.6463309991077396
glas_15_TILE_5,joint_noise_arctique_semantic_glas_set_dropout_pu_1_00,1_00,0.4501950084231794,0.6364160394085626,0.7166578723538306,0.8912822331292027,1.1288265108012638,1.1725107250193898,0.600368872170887,0.7040746228448276,0.7918819448411791,0.9868109709753354,0.9102618047652445,1.4150878906250002,1.0792327880859371,0.8079708862304688,0.6561730241775513,0.6361396865844726,1.0853237585977946,0.7260720204498808
glas_15_TILE_6,joint_noise_arctique_semantic_glas_set_dropout_pu_1_00,1_00,0.29131251509534195,0.6197471019936373,0.7125502783585901,0.920608748587147,1.1236300705318574,1.1566296650887016,0.4051355313336987,0.5327805581627147,0.6940480203633388,0.8812630029802712,0.8539860438577868,1.2573876953125,0.9017483520507813,0.7004788970947264,0.5536815595626833,0.5443689399719239,1.0100766336835743,0.6948503515266534
glas_35_TILE_0,joint_noise_arctique_semantic_glas_set_dropout_pu_1_00,1_00,0.39787864466779865,0.6804267231171764,0.7821719403104674,0.9823991481631184,1.133101151111525,1.1631062902614626,0.540776988885964,0.6783499115336644,0.833389316362556,1.1134414533204318,1.0161880065347546,1.3289501953125,1.0597369384765625,0.7753571319580078,0.5803399777412415,0.5259118270874024,1.0417615632092907,0.8362082087166413
glas_35_TILE_1,joint_noise_arctique_semantic_glas_set_dropout_pu_1_00,1_00,0.34566684186575003,0.6295873076301232,0.7326680152167024,0.9390951847808898,1.1094598879759339,1.1420419568502704,0.4721941105187932,0.5955656408474241,0.7422369213801409,0.9588644071025758,0.8649709474580132,1.20692626953125,0.8569821166992186,0.6540401268005369,0.5254623472690585,0.48820959510803225,1.0053315833274818,0.7350802723770669
glas_35_TILE_2,joint_noise_arctique_semantic_glas_set_dropout_pu_1_00,1_00,0.3045574070129078,0.6171420011534777,0.7058279922897521,0.9096723658795538,1.0993355681146573,1.1284346759450883,0.41438194574410586,0.5277234986494913,0.6857431879949346,0.8538669006236751,0.8245391807679728,1.145810546875,0.9303408813476559,0.6082766914367675,0.4583203411102295,0.41993134841918955,0.8954318567073428,0.7195372220929049
glas_35_TILE_4,joint_noise_arctique_semantic_glas_set_dropout_pu_1_00,1_00,0.41639566037338227,0.7021664442519796,0.822024321195048,0.9882044933191926,1.1216584808776293,1.1527346741221194,0.5638455593131498,0.706756402767236,0.8800917426821832,1.1616012854821183,1.0805838577740035,1.367373046875,1.0187063598632813,0.7959555053710937,0.5887472796440125,0.5443722953796387,1.0281947233529112,0.8990475802377158
glas_35_TILE_5,joint_noise_arctique_semantic_glas_set_dropout_pu_1_00,1_00,0.32038785924669355,0.6283359322008799,0.7279778245384165,0.9284320693305488,1.1038894226816836,1.1329521155867737,0.4377000755705041,0.5592181235551834,0.7173473334103938,0.9270728926605591,0.8450309430747645,1.2325146484375,0.9836822509765624,0.6235531806945801,0.4961043071746826,0.43148192405700686,0.9399212580996629,0.7042089171172771
glas_35_TILE_6,joint_noise_arctique_semantic_glas_set_dropout_pu_1_00,1_00,0.3571222483878955,0.6326665258725682,0.7336690861363101,0.9432406515397218,1.0909045159771462,1.1198906877230153,0.48276154659949105,0.607149307654067,0.7508470260943617,0.9760458337704074,0.8732870736851011,1.1258300781250001,0.7960766601562499,0.6400588798522949,0.5373061108589173,0.4812219017028809,0.8947020701642217,0.7226457694541605
glas_39_TILE_0,joint_noise_arctique_semantic_glas_set_dropout_pu_1_00,1_00,0.5234769945382141,0.6207304909424468,0.6740036367754716,0.846155475342827,1.0494910848413919,1.0971747504340277,0.65308360636042,0.7032770722211843,0.7366336635136765,0.8301924912213813,0.7320409405188989,1.37013671875,0.9089813232421874,0.7023527717590332,0.6421848487854004,0.615093701171875,0.9619771513747587,0.6667564915203097
glas_39_TILE_1,joint_noise_arctique_semantic_glas_set_dropout_pu_1_00,1_00,0.5487546054646373,0.6338258616025225,0.6813199188475815,0.8552171620732291,1.0802465926001081,1.120865690494012,0.6749831169901485,0.7188689563499329,0.7561758975356926,0.8844112081158565,0.7582601398917261,1.4041650390625002,0.8338052368164063,0.6850923156738281,0.6500518417358399,0.633517236328125,0.9802917786849663,0.6768436614901113
glas_39_TILE_3,joint_noise_arctique_semantic_glas_set_dropout_pu_1_00,1_00,0.35018221219070256,0.6146796079530621,0.6555663817607205,0.8518218851933831,1.0499734582717872,1.0876554220857417,0.4864872133223164,0.6214738637208939,0.6912206818124144,0.7434665102015415,0.7051467510434192,1.0750927734375,0.9065612792968747,0.7311378479003906,0.6413900756835939,0.6238167724609375,0.7996862782744089,0.6271052167501943
glas_39_TILE_4,joint_noise_arctique_semantic_glas_set_dropout_pu_1_00,1_00,0.3694239138276316,0.6453114307282773,0.7220553283907689,0.8954870755357948,1.1126293593222614,1.150915329002031,0.5181253539496244,0.6515837651825627,0.7692519698947061,0.9590708004093679,0.847456288800696,1.3648730468750003,1.049857177734375,0.7945030212402344,0.6145741510391235,0.5886277954101562,0.9126360595312574,0.7432369679418103
glas_43_TILE_0,joint_noise_arctique_semantic_glas_set_dropout_pu_1_00,1_00,0.4856339340476552,0.698157897279295,0.801321734174706,0.9671375140788018,1.1035039187080722,1.130079728956096,0.6478708861972071,0.7762624557895439,0.9118340817239367,1.1610547231301307,1.0504060926102814,1.3764599609375,1.036664733886718,0.7481586456298827,0.6171739459037782,0.6026573837280274,0.9352523754110387,0.9010539436704773
glas_43_TILE_1,joint_noise_arctique_semantic_glas_set_dropout_pu_1_00,1_00,0.44263212889200076,0.6873826547965711,0.7902991098444603,0.9412800834811893,1.090948716571054,1.124125318877551,0.5951600238563917,0.7288042733361938,0.8711872517197178,1.1116998372792326,1.066012978996823,1.2959521484375,1.0397021484374995,0.7802168273925781,0.7022481918334962,0.6657144760131837,1.0020446784435326,0.8785523648078251
glas_43_TILE_2,joint_noise_arctique_semantic_glas_set_dropout_pu_1_00,1_00,0.36563161545200273,0.712293374280251,0.8333050402711537,0.9847250524241004,1.1325818719439242,1.1641753243348514,0.5140806027325188,0.6622003549884704,0.8556599018442728,1.1537638935167556,1.1728435965332114,1.3553564453125,0.9875885009765624,0.7736525726318361,0.6777633333206178,0.6486442565917969,1.0365202352087584,0.9805217975383991
glas_43_TILE_4,joint_noise_arctique_semantic_glas_set_dropout_pu_1_00,1_00,0.1522780767409131,0.6879991380266722,0.8151723978220459,0.9603274783572635,1.1150407677411627,1.146943291423335,0.20910050989766826,0.280890620356506,0.4441144665880622,0.8547881358457284,1.08252941548583,1.219619140625,0.861510620117187,0.5683696269989013,0.4576429581642152,0.41918134613037117,0.9685816826625931,0.9363303354745582
glas_43_TILE_5,joint_noise_arctique_semantic_glas_set_dropout_pu_1_00,1_00,0.2177664351183921,0.7411997799881312,0.915125797661801,1.024816812878867,1.1534788121727748,1.184767586844308,0.2520330710162292,0.2828616238098906,0.345329011165758,0.612483735126706,1.3927759098101267,1.3014892578125006,1.07470947265625,0.8357878494262694,0.4909695768356323,0.37957578430175787,1.3470196000748609,1.3468044878194887
glas_43_TILE_6,joint_noise_arctique_semantic_glas_set_dropout_pu_1_00,1_00,0.2636259589344263,0.3869629235280492,0.5811517356155942,0.7562508070764463,1.1370442708333333,1.1755859375,0.29520387548331234,0.3216547674928287,0.36303326053479706,0.46395081105553226,1.4697265625,0.6301904296875,0.5260003662109375,0.422705078125,0.359251766204834,0.3371574584960938,0.0,0.0
glas_48_TILE_0,joint_noise_arctique_semantic_glas_set_dropout_pu_1_00,1_00,0.43339979788288474,0.6044792869935623,0.6582404935386372,0.8275226396566774,1.0810991352655013,1.1278528979700855,0.5739786878744239,0.6590148912747109,0.705641659647634,0.7634852440348601,0.7208280868681309,1.2375952148437503,0.7497528076171875,0.6568121337890624,0.5944724273681642,0.5720820251464844,0.9698371873216576,0.6367757044628666
glas_48_TILE_1,joint_noise_arctique_semantic_glas_set_dropout_pu_1_00,1_00,0.5285433788085356,0.6278687572479248,0.6929717430406026,0.876662157988653,1.0935591914342475,1.131694298664122,0.6603528843940046,0.7238482972829734,0.7799952053893089,0.949503475330451,0.802745642324198,1.367841796875,0.9354391479492186,0.7162126159667969,0.6656795692443848,0.6338603576660157,0.9667293417576026,0.6947183852192454
glas_48_TILE_2,joint_noise_arctique_semantic_glas_set_dropout_pu_1_00,1_00,0.4620906677446328,0.6075970750538371,0.674455572262675,0.8728786472531217,1.0928140847273446,1.127521701388889,0.5994009470855448,0.6794994462381381,0.7359510867413204,0.8469057856533878,0.7356392842545952,1.262900390625,0.9679891967773437,0.6679686546325684,0.5921401166915894,0.5823310424804689,0.9236073982147059,0.6446762088824117
glas_48_TILE_4,joint_noise_arctique_semantic_glas_set_dropout_pu_1_00,1_00,0.5388408820144832,0.6196707899386288,0.6690923454054023,0.8636019352389899,1.0757881697023175,1.1146390374331552,0.660497537284572,0.7038507125079977,0.7394781541478684,0.8394328880822634,0.7373288288064117,1.2949804687500006,0.9455548095703125,0.7197013854980469,0.629168176651001,0.6073227233886719,0.9973514095450494,0.6449441484901909
glas_48_TILE_5,joint_noise_arctique_semantic_glas_set_dropout_pu_1_00,1_00,0.5279318953398615,0.6310535488947732,0.6966200527733369,0.9308697863604246,1.132654799747208,1.1788431878459409,0.659514784875286,0.7256175707344751,0.7815320581828364,0.9660788711710426,0.7906682235755574,1.471650390625,0.8931561279296875,0.6947048950195313,0.641415367126465,0.6162624389648439,1.1852130740505646,0.6926843245525474
glas_48_TILE_6,joint_noise_arctique_semantic_glas_set_dropout_pu_1_00,1_00,0.5476522161625326,0.6288764796623955,0.6923983176001662,0.8701214408209931,1.119364562562313,1.1731981180481992,0.6708839373103109,0.7293720426337447,0.7841083341503061,0.9542866956530022,0.7744869601296582,1.5342041015625,0.9890484619140625,0.7772201538085938,0.6350094318389893,0.6215107055664062,1.1815225355620302,0.6886484006775334
glas_49_TILE_0,joint_noise_arctique_semantic_glas_set_dropout_pu_1_00,1_00,0.4381662163650617,0.6506955971406646,0.772834509388698,0.9699301569547002,1.1289662577627064,1.1672144435753784,0.5769330657834602,0.6958924373264895,0.8369060188186395,1.1128510354331833,1.1170757001173937,1.299404296875,0.950234375,0.7395244407653808,0.5590195775032045,0.4969811340332033,1.1387381836550992,0.8647699882029672
glas_49_TILE_1,joint_noise_arctique_semantic_glas_set_dropout_pu_1_00,1_00,0.4537518488941714,0.6661656835751435,0.7816508488097976,0.9417036809142099,1.1259879195929619,1.1611649431037159,0.6020562592756623,0.7247542387716017,0.8635983931545954,1.1279044738908988,1.043361378847387,1.3225048828125003,0.9257528686523437,0.7129724121093749,0.5711043405532839,0.528116032409668,1.0695392877962746,0.8601679018693152
glas_49_TILE_2,joint_noise_arctique_semantic_glas_set_dropout_pu_1_00,1_00,0.4122048754361458,0.67047987904857,0.7900540531419075,0.9675746284619839,1.1171983951645037,1.1471731284009128,0.5548821392838896,0.68547598945701,0.8423102491358715,1.1180554232703444,1.0581148155020383,1.5320605468750004,1.0185125732421876,0.7063148880004883,0.5857343983650208,0.5426455139160157,1.0248800734196992,0.8864177076715962
glas_49_TILE_4,joint_noise_arctique_semantic_glas_set_dropout_pu_1_00,1_00,0.41917271190322936,0.5898369251763461,0.6840289894386574,0.860676847824121,1.118439471763561,1.1593711412424013,0.5495455372049516,0.6435773073199496,0.7324571529975722,0.8683106357072469,0.801678431317973,1.28300537109375,0.7398968505859375,0.6320347595214844,0.5264390635490418,0.5034129806518555,1.0558269078376408,0.6788627993304203
glas_49_TILE_5,joint_noise_arctique_semantic_glas_set_dropout_pu_1_00,1_00,0.3990521435625851,0.6293053164628294,0.7341806795817877,0.9030387263742372,1.1113613877153472,1.1507822769777725,0.529305997351565,0.6448842485424422,0.7741507526821991,0.9892866400886727,0.8942382522546763,1.2209716796875003,0.897860107421875,0.6767116451263427,0.5513425564765929,0.5410885528564453,0.9368553367951866,0.7410657583784658
glas_49_TILE_6,joint_noise_arctique_semantic_glas_set_dropout_pu_1_00,1_00,0.37313811245257966,0.6235360062471574,0.7522374852889165,0.9507307860327789,1.1149226936751497,1.1524409301512761,0.5002350281204706,0.6146180853247643,0.7624196694586319,1.0101603010141833,0.9384602136724572,1.2229882812500004,0.8794207763671874,0.6642513275146483,0.5326900315284729,0.49240669860839853,1.052927985253734,0.7420906588683068
glas_23_TILE_0,joint_noise_arctique_semantic_glas_set_dropout_pu_1_00,1_00,0.4822302854154259,0.6027333799493376,0.6515127542944281,0.8481424758097521,1.1166575015169904,1.1564741290983607,0.6176888346503165,0.6714687346248169,0.7013221191875918,0.7426173544337606,0.6982868525566711,1.18146728515625,0.7546405029296872,0.6717254638671873,0.6529277420043949,0.6442094970703126,0.9890958036419909,0.6159235780072976
glas_23_TILE_1,joint_noise_arctique_semantic_glas_set_dropout_pu_1_00,1_00,0.4449946566019207,0.5843397102156345,0.6684190911979079,0.8384778891509433,1.0764756228441812,1.1258484760035772,0.5690608723249014,0.6510688472092424,0.723539700360278,0.8384778891509433,0.7753057321790833,1.2746435546875003,0.8647665405273435,0.6250712585449218,0.5183238267898559,0.48200455474853515,0.846311091356969,0.7086798605167072
glas_23_TILE_2,joint_noise_arctique_semantic_glas_set_dropout_pu_1_00,1_00,0.4508448335691355,0.6071896815153397,0.6686912142464966,0.8618280917783326,1.0697399591674426,1.106518156322844,0.5907225615476132,0.672082137886991,0.7265042459411869,0.8167029200893501,0.7469413449117568,1.19381591796875,0.810228271484375,0.6809564971923828,0.6340729808807374,0.5938346160888672,0.9213626869002507,0.645941728584838
glas_23_TILE_4,joint_noise_arctique_semantic_glas_set_dropout_pu_1_00,1_00,0.43742054971517064,0.5964858592345563,0.6619338601157039,0.8494233990326231,1.0763950892857144,1.1128642366247534,0.5749038891526528,0.6581778207832761,0.714811639620496,0.7962220050200621,0.7243656710699037,1.1630712890625003,0.8350488281249998,0.6757513809204102,0.5691386032104494,0.5084059188842774,0.8292117756409907,0.6145213433806457
glas_23_TILE_5,joint_noise_arctique_semantic_glas_set_dropout_pu_1_00,1_00,0.4777502832002938,0.6022313029652545,0.6779037707564576,0.8443566241131302,1.0757371219084224,1.1262512750370919,0.6086726248103234,0.6836540272215865,0.7487306322868035,0.8820495466012948,0.762613713935998,1.1909912109375,0.8331585693359375,0.6435786437988281,0.5992171573638917,0.5569060943603515,0.847064168600822,0.673647085862713
glas_23_TILE_6,joint_noise_arctique_semantic_glas_set_dropout_pu_1_00,1_00,0.4642570478608832,0.6164645180532332,0.687487785270391,0.8946624135863431,1.0742728924108667,1.1063801273580016,0.6058353945939945,0.6903033629457344,0.7571984324744846,0.910031259523084,0.7790796917912427,1.183330078125,0.8986978149414062,0.7285845184326171,0.6320317459106445,0.5933366577148439,0.959500149942588,0.6578275422077858
glas_45_TILE_0,joint_noise_arctique_semantic_glas_set_dropout_pu_1_00,1_00,0.5499990029784385,0.7026281179639229,0.7833668223170505,0.9476991420538596,1.0993644274652705,1.1328094354733265,0.7181223740103906,0.819027223988522,0.9337375605601697,1.1696518125380286,0.9604329399445294,1.3751513671875,1.09993408203125,0.8056609725952149,0.6620045232772829,0.6328203887939454,0.9499555827030383,0.803995627719891
glas_45_TILE_1,joint_noise_arctique_semantic_glas_set_dropout_pu_1_00,1_00,0.5339848793228157,0.684718364416129,0.774772167501232,0.9414248476751033,1.1011766048542075,1.1357827706878372,0.6928481571833389,0.7960224671956058,0.9097752375960368,1.153612090320122,0.958447423900932,1.3121875000000003,0.9899005126953122,0.8022434616088867,0.6870642518997192,0.6552055618286133,0.9511886572577976,0.7935761432063946
glas_45_TILE_2,joint_noise_arctique_semantic_glas_set_dropout_pu_1_00,1_00,0.6102813514880836,0.6971983426828565,0.7777749725310238,0.9250520031076641,1.1098231958819886,1.143129662057885,0.7556005990247271,0.8404076000030466,0.9504037793261179,1.1876946878331556,1.0060025199514921,1.3805859375,1.083668212890625,0.8609519195556641,0.7199816799163818,0.6906209472656252,0.9776213455578777,0.8570645330869986
glas_45_TILE_4,joint_noise_arctique_semantic_glas_set_dropout_pu_1_00,1_00,0.41205903666559607,0.6755076094567759,0.7607890869470001,0.941420141237237,1.1008892356010198,1.1334794475709384,0.5619950858584964,0.6988217756752273,0.8285032041365195,1.0748135612803018,0.9026460826541688,1.34697265625,1.002347412109375,0.7635508918762207,0.6591421031951906,0.6014270599365236,0.8901737482899131,0.7529572410274271
glas_45_TILE_5,joint_noise_arctique_semantic_glas_set_dropout_pu_1_00,1_00,0.5373758897185326,0.7025159669095831,0.7903533344706776,0.9521384846213807,1.0949110396841466,1.126306631022155,0.7028490887431484,0.8128812527416464,0.9323298977055238,1.1655305399889633,0.9876179722542485,1.3113232421875,0.9731585693359375,0.7998494338989258,0.7360769987106325,0.7100954498291017,0.950486944829764,0.8216572733243328
glas_45_TILE_6,joint_noise_arctique_semantic_glas_set_dropout_pu_1_00,1_00,0.5882532112300396,0.6643270788140743,0.746735634121431,0.9227093374539581,1.090866681744472,1.1269134279544926,0.7211856715280652,0.7984385960899136,0.8911154214318102,1.1236013878690494,0.9562914891620581,1.2795898437500002,1.0363433837890625,0.7983185958862304,0.7048256349563599,0.6436925384521486,0.9789091660362153,0.7741894577645667
glas_40_TILE_0,joint_noise_arctique_semantic_glas_set_dropout_pu_1_00,1_00,0.3150979720521718,0.6294449507678328,0.6993087887345444,0.9056384712395178,1.1184035626484952,1.1555791894469791,0.42530130496715635,0.5407882714629304,0.6991971592480231,0.8448944980127631,0.8079364526138183,1.3704638671875,0.9217523193359375,0.7545935440063477,0.5735632705688478,0.5140961059570314,0.9761355512324619,0.6943610449531895
glas_40_TILE_1,joint_noise_arctique_semantic_glas_set_dropout_pu_1_00,1_00,0.5257070281950291,0.6665186495242782,0.7475314513685768,0.920604853107762,1.1026494293833526,1.1368460615586047,0.6798233956175209,0.7719871997833252,0.8686334482996674,1.112435769714765,0.9091716873773518,1.2945068359375003,1.001099853515625,0.8013161468505858,0.6588637685775757,0.5997998077392579,0.9445317686762777,0.7686455878305043
glas_40_TILE_2,joint_noise_arctique_semantic_glas_set_dropout_pu_1_00,1_00,0.5163221475086175,0.7066212028643802,0.7911175636158753,0.9527043767141877,1.114595400984116,1.1471032144244464,0.6850355221603045,0.8026695320126834,0.9241684129037689,1.1777645948456554,0.9713961248194419,1.3442871093750002,1.0134002685546875,0.8661310577392576,0.6613304042816164,0.655108969116211,0.9544243502210419,0.8180575423259129
glas_40_TILE_4,joint_noise_arctique_semantic_glas_set_dropout_pu_1_00,1_00,0.5270809259964153,0.7051959261628901,0.7857629272516399,0.9543253509766306,1.09269113774129,1.1226010242049798,0.6936189224284741,0.8053751168179738,0.9216194592817947,1.156623155613021,0.9964364720676003,1.2367138671875002,0.9976171875,0.8232048034667969,0.7275255107879641,0.662985208129883,1.030949913160698,0.8245918344916315
glas_40_TILE_5,joint_noise_arctique_semantic_glas_set_dropout_pu_1_00,1_00,0.5302252310793847,0.7035041438824333,0.7830878142147315,0.954022214679804,1.1130666232638888,1.1450087468128816,0.6988071288743216,0.8069121125335642,0.922301112486362,1.1745673481741894,1.0292478239155252,1.313037109375,1.0300282287597655,0.7930459213256836,0.6944657325744629,0.658651156616211,0.9966184291862379,0.8495325743575354
glas_40_TILE_6,joint_noise_arctique_semantic_glas_set_dropout_pu_1_00,1_00,0.4906913721933961,0.7009553693771731,0.7862484572616,0.9430965245877836,1.090034261585454,1.1206366512993353,0.6576838319250727,0.7813526925350931,0.9033935546875,1.1381349515660701,0.9734084283420613,1.2081396484375,0.9484385681152341,0.8519338226318359,0.6882122611999512,0.6459199310302736,0.954349266844609,0.8091346960610957
glas_16_TILE_0,joint_noise_arctique_semantic_glas_set_dropout_pu_1_00,1_00,0.4047097065486014,0.6109158709510877,0.6946270974520066,0.8693608359829554,1.1164788769020446,1.155337890625,0.5301028189133733,0.6382432156330081,0.7372020363371724,0.8729645152036035,0.8264874186033457,1.153515625,0.854766845703125,0.6668155288696288,0.586653199195862,0.5321733230590822,0.8380223967283675,0.7064122731435678
glas_16_TILE_1,joint_noise_arctique_semantic_glas_set_dropout_pu_1_00,1_00,0.3555047091213055,0.5948989978597026,0.6823523807388809,0.8595220681281335,1.0717835394637463,1.1069562704822098,0.4778555013779954,0.5882653791462643,0.7029618177313615,0.8221923101515997,0.7868457650002731,1.05831787109375,0.7802899169921875,0.6555865478515623,0.5083229923248291,0.47610627975463876,0.883162985948116,0.6857884925181472
glas_16_TILE_3,joint_noise_arctique_semantic_glas_set_dropout_pu_1_00,1_00,0.30644266348099336,0.6316448494159068,0.71171461771922,0.8857964500114545,1.1167972457878501,1.1506644657679967,0.42631667827066805,0.5520454482871578,0.7111949880883512,0.8692320062091752,0.8390515742850408,1.2281591796875002,0.8933621215820312,0.6543255043029785,0.5599406361579897,0.48506196098327636,0.9482790281486544,0.7311911454396574
glas_16_TILE_4,joint_noise_arctique_semantic_glas_set_dropout_pu_1_00,1_00,0.3238649011182133,0.6359200748927156,0.7094591390370643,0.9138908094636488,1.1135980266839642,1.1487367843569016,0.45008081786444143,0.5844999953211781,0.7286170905539592,0.8887777743879544,0.8180498429469307,1.2063696289062502,0.8548101806640623,0.6933518981933594,0.5578144693374635,0.5222432739257813,0.9367536071693475,0.725899264401034
glas_53_TILE_0,joint_noise_arctique_semantic_glas_set_dropout_pu_1_00,1_00,0.4902154356823303,0.5954666334160408,0.6684670559495396,0.8477419422617614,1.10107280671631,1.137365484636142,0.6135266146276103,0.6809904470998414,0.7339697935182834,0.8388667451494791,0.7477205958130371,1.3836669921875002,0.8446463012695312,0.6795828247070312,0.6189907360076906,0.5755900329589844,0.9568395556011668,0.6492147465988173
glas_53_TILE_1,joint_noise_arctique_semantic_glas_set_dropout_pu_1_00,1_00,0.4206444763112813,0.5883288600501615,0.6742969576260173,0.869567858805617,1.100588672118077,1.1347790572723049,0.5496736006605599,0.6422181859201473,0.7203892937299863,0.8265635788296383,0.7646001531362514,1.4451611328125002,1.0963931274414063,0.7030519866943359,0.5543336951732637,0.5295471572875978,0.7962662807904866,0.6692861420756212
glas_53_TILE_2,joint_noise_arctique_semantic_glas_set_dropout_pu_1_00,1_00,0.46085418289294466,0.5874125210998459,0.6509191616057248,0.8618353914100043,1.1435669713050314,1.202962890625,0.5905721066779227,0.6586575083748742,0.701101427200606,0.7504253976312114,0.700402212577257,1.30254150390625,0.752166748046875,0.660492706298828,0.5686283564567567,0.5545253173828126,0.8511626933410391,0.590547691451046
glas_53_TILE_4,joint_noise_arctique_semantic_glas_set_dropout_pu_1_00,1_00,0.4348797198035754,0.5910100121318682,0.6714663366263577,0.8312131668734491,1.0959541525255643,1.1351308847402597,0.5646386927330792,0.6527199555863583,0.7224633414072831,0.8189534505208333,0.7471002935053228,1.3150439453125,0.8927474975585935,0.6699674987792967,0.5164020371437074,0.5040513870239258,0.8227490979778534,0.6423395536128385
glas_53_TILE_5,joint_noise_arctique_semantic_glas_set_dropout_pu_1_00,1_00,0.407422591408249,0.5870954985065948,0.6771069705579498,0.8583387715438628,1.0912436827707714,1.133011724545623,0.5332759154398143,0.6300633724319835,0.7183626962358929,0.8299156335683969,0.7641120270311483,1.3392724609375,0.7539337158203125,0.6190116882324218,0.5095816326141359,0.46597175827026366,1.031227328835946,0.6751049289891262
glas_53_TILE_6,joint_noise_arctique_semantic_glas_set_dropout_pu_1_00,1_00,0.4109559259668458,0.5940996470312582,0.6925805476526983,0.8882831952270855,1.1064409386451548,1.1377866322757633,0.5374466811985807,0.6366686601317004,0.7358952214751892,0.8916632025175332,0.7853735338868566,1.125357666015625,0.8068984985351563,0.624300079345703,0.5225156712532045,0.49123059539794933,0.8548726807736071,0.6804870237376452
glas_12_TILE_0,joint_noise_arctique_semantic_glas_set_dropout_pu_1_00,1_00,0.5516246615734417,0.6860757965254817,0.7607711523755131,0.9017444505168878,1.0657324329151487,1.1041524049608251,0.710010145498619,0.7995417542267078,0.8962183827033037,1.0965394246413076,0.9205072363404313,1.25400390625,0.9682232666015625,0.7836833190917969,0.7281170177459718,0.6713577148437501,0.9186772601463262,0.7941948043826744
glas_12_TILE_1,joint_noise_arctique_semantic_glas_set_dropout_pu_1_00,1_00,0.6529450857779011,0.7146685857985078,0.7837854981316424,0.8941829046866204,1.0793567611253494,1.118824849615542,0.7918887517029973,0.8667574598664949,0.9653575959727436,1.1609770127198968,0.9842893860338383,1.280546875,1.0181353759765626,0.8468875122070313,0.7346606302261356,0.7150199615478516,0.9807123446125023,0.8517771333359051
glas_12_TILE_2,joint_noise_arctique_semantic_glas_set_dropout_pu_1_00,1_00,0.6109816166572273,0.6680245979120407,0.7434898680135105,0.8526984876622268,1.0469604862792756,1.0894048753398717,0.736407924958456,0.8049326226631064,0.884423656954923,1.0546764128457407,0.893336667296707,1.1663427734375,0.8864813232421875,0.823589096069336,0.6981441593170168,0.6661537963867188,0.8450274249676548,0.7794654432848731
glas_12_TILE_4,joint_noise_arctique_semantic_glas_set_dropout_pu_1_00,1_00,0.47771851223660633,0.674760913467014,0.7485656068546543,0.9477716677504916,1.1007584059005127,1.129180776092397,0.6367977779946213,0.7487248125686248,0.8483210987869961,1.0970592466781683,0.8917749372744475,1.2254296875,0.9791015624999997,0.8183170700073242,0.6639834833145143,0.6116065490722657,0.9096638440582042,0.7737674324478565
glas_12_TILE_5,joint_noise_arctique_semantic_glas_set_dropout_pu_1_00,1_00,0.4673238673713058,0.6627332390250963,0.7288967200430774,0.9294360401881909,1.1092756308239486,1.1420633727411407,0.6243344277368865,0.731175430524094,0.8175678714652549,1.0490080847104681,0.8508788083305916,1.294609375,0.9390960693359374,0.7585826301574707,0.6664447116851807,0.6214256637573243,0.9642530271813655,0.7361460950575933
glas_12_TILE_6,joint_noise_arctique_semantic_glas_set_dropout_pu_1_00,1_00,0.5939994339132681,0.7003516438958014,0.7781422312352014,0.9289535830316876,1.1036831768916744,1.1395789911914038,0.7470693175495385,0.8349767889492754,0.9449421979097797,1.1792235620902576,0.9736090205589274,1.308681640625,1.0836627197265625,0.8939985656738281,0.7210617303848268,0.667101498413086,0.9731514383422787,0.8402794177597552
glas_56_TILE_0,joint_noise_arctique_semantic_glas_set_dropout_pu_1_00,1_00,0.4340412651654333,0.6239480861257879,0.6848775187600132,0.8722057660678137,1.1190726332839092,1.1582989020794539,0.5796172460405313,0.6792832238059183,0.7414683813736682,0.8615001845986552,0.7806138170974155,1.35548828125,0.8676278686523436,0.7048312377929687,0.6228222560882569,0.5750207458496095,0.9910473913203716,0.6973811053984577
glas_56_TILE_1,joint_noise_arctique_semantic_glas_set_dropout_pu_1_00,1_00,0.3763413279375527,0.6236093066944901,0.6964499906573797,0.9088145941076144,1.1414709889259,1.1808219643967661,0.5136785124086041,0.6359664586392851,0.7380289192350945,0.8782433408971075,0.8193006691146208,1.498525390625,0.9810096740722652,0.669004669189453,0.6358459615707399,0.5782065139770508,0.9359393658131683,0.7268305087672257
glas_56_TILE_2,joint_noise_arctique_semantic_glas_set_dropout_pu_1_00,1_00,0.37285517633426934,0.6429926228548769,0.7304538273744202,0.925119554995064,1.113236549124021,1.152793919160271,0.5143752419536239,0.6422690793507239,0.7717985004540951,0.9819726919289465,0.9217933127689519,1.3799169921875,0.9420028686523432,0.721155548095703,0.6137992763519287,0.5469776458740236,0.8903952329894272,0.743427007690111
glas_56_TILE_4,joint_noise_arctique_semantic_glas_set_dropout_pu_1_00,1_00,0.400748235246283,0.6059632609682954,0.6841458126500739,0.9338500228684479,1.1540496921242211,1.1964989272244457,0.536226039553623,0.6417828113081617,0.7288575361102635,0.8549614033775828,0.7923609774692089,1.2828198242187503,0.9020315551757813,0.6458761596679686,0.5446973776817322,0.5044324234008789,1.0730899204775168,0.6853275103335235
glas_56_TILE_5,joint_noise_arctique_semantic_glas_set_dropout_pu_1_00,1_00,0.474376771482639,0.6497692038645753,0.7273132401328459,0.9257247177325153,1.110492870254298,1.1500240228114984,0.6212671775898521,0.7250830614534063,0.8101614107163293,1.0289315390517768,0.8719919618501284,1.2366894531250003,0.9255767822265625,0.7054691696166993,0.5973541069030762,0.5506149597167969,1.0097560303247801,0.7633875843225593
glas_56_TILE_6,joint_noise_arctique_semantic_glas_set_dropout_pu_1_00,1_00,0.45010965075925924,0.6428076796127347,0.7284206972893202,0.925535185511723,1.1268159722222222,1.162472907278605,0.5969575225111704,0.7062573432922363,0.8062301421703472,1.035683843921546,0.855297889842099,1.3459863281250002,0.9166641235351559,0.7130852508544921,0.5678798389434815,0.5378328567504884,0.9927982490432045,0.7511161573448406
glas_3_TILE_0,joint_noise_arctique_semantic_glas_set_dropout_pu_1_00,1_00,0.36818733223481104,0.5963132742111715,0.7109172753328402,0.9145348016845477,1.1222719538903543,1.1548406476250548,0.48718535232876525,0.5945148334164467,0.7222143097978726,0.9107779143125284,0.8199359693500319,1.1846728515625,0.8629333496093747,0.6327033615112304,0.4532860898971557,0.4321229446411133,1.0438724419496535,0.6380483801409638
glas_3_TILE_1,joint_noise_arctique_semantic_glas_set_dropout_pu_1_00,1_00,0.45293727586977184,0.6323154482936503,0.7236318756153852,0.9171119879353452,1.1020645606935593,1.1339376470094087,0.5955175821695303,0.7001101825094024,0.7984563904908969,1.0133773738621648,0.8519331965750981,1.3031982421875,1.03313232421875,0.8653231811523437,0.6881890201568603,0.6119641792297363,1.1094454332429966,0.6791963357479708
glas_3_TILE_2,joint_noise_arctique_semantic_glas_set_dropout_pu_1_00,1_00,0.4394957424956374,0.6199930228291101,0.7049693670370227,0.9035007333118166,1.1078588904122542,1.1480503356866003,0.5773275305438132,0.6790078691123188,0.7696778286857019,0.952926935572163,0.8252842542548298,1.2477368164062503,0.8672439575195312,0.6699560928344728,0.539402084350586,0.5287814865112305,1.0277151676513947,0.6774078199911912
glas_3_TILE_4,joint_noise_arctique_semantic_glas_set_dropout_pu_1_00,1_00,0.3635282861359883,0.5980504818372353,0.7032845894118821,0.8826483730575195,1.066650390625,1.1036535438862736,0.4850857938096049,0.5940779259762825,0.7188692776515633,0.8883856283714481,0.8195828837830642,1.20909423828125,0.9085159301757811,0.6003500747680663,0.4432904541492462,0.42174743881225585,0.8125118824979725,0.6527718204017192
glas_3_TILE_5,joint_noise_arctique_semantic_glas_set_dropout_pu_1_00,1_00,0.37576464615995064,0.6482849111199259,0.7937421415721866,0.9539933473234503,1.1047542262278187,1.1366909985408304,0.5041442708787436,0.6269122734961402,0.7934430534016372,1.0703869444656198,1.1424208620478318,1.4075146484375003,0.9197863769531248,0.6672370529174805,0.5436403965950012,0.47802611923217775,1.01318734817859,0.8995966089899967
glas_3_TILE_6,joint_noise_arctique_semantic_glas_set_dropout_pu_1_00,1_00,0.43638446874683723,0.5829566171763125,0.6678547124242219,0.843760232928746,1.0966764126425217,1.1319815929415926,0.5659229967082143,0.6489401753153976,0.7196904073045307,0.8244267134232954,0.7394121846845073,1.1352734375000002,0.8651713562011719,0.6130007934570312,0.5302416348457336,0.4925762638092041,0.9278776816545985,0.6081757583454173
glas_26_TILE_0,joint_noise_arctique_semantic_glas_set_dropout_pu_1_00,1_00,0.3846554297488183,0.6077777309564812,0.6963837729143644,0.9031942989644842,1.1264976637517148,1.1718339909364501,0.5125767082501975,0.6243390800693046,0.7324005925355601,0.8748583589301768,0.8280170126322383,1.253892822265625,0.8997753906249997,0.7026786804199219,0.6453973197937012,0.6078231292724611,0.9672362032239533,0.6883831121939075
glas_26_TILE_1,joint_noise_arctique_semantic_glas_set_dropout_pu_1_00,1_00,0.4299485421506688,0.5799087988351389,0.6629847682393335,0.8363665643817346,1.096395423485376,1.1467261737485013,0.5524802312284783,0.6386361400176022,0.7089542357133332,0.7942738742307978,0.7219722511574074,1.3570166015625,0.8149407958984375,0.6556657409667968,0.5865427684783936,0.5359329681396485,0.8906164821620136,0.6185952813391636
glas_26_TILE_2,joint_noise_arctique_semantic_glas_set_dropout_pu_1_00,1_00,0.43606582446955144,0.5744461840336921,0.6495113274450274,0.8072078629453103,1.0777852019371346,1.1166544223050459,0.5608578050000953,0.6377344324921644,0.6952558711664807,0.7538802188509693,0.7012586847610183,1.1604248046875,0.8000689697265625,0.6294332885742188,0.5474016952514649,0.5087468574523926,0.868447022661277,0.5892110901081772
glas_26_TILE_4,joint_noise_arctique_semantic_glas_set_dropout_pu_1_00,1_00,0.4011296521057375,0.5693501527928407,0.6647325615002183,0.8352332844225888,1.1116035902301664,1.150665932513298,0.5232512107246253,0.6131081739571572,0.6992294247133815,0.7981645315529907,0.74291389876497,1.15440673828125,0.7740203857421875,0.6278759765625,0.576935863494873,0.5377495239257812,0.9611133209789946,0.6238514271116826
glas_26_TILE_5,joint_noise_arctique_semantic_glas_set_dropout_pu_1_00,1_00,0.41396747188991867,0.5885083038531105,0.6661058436616892,0.8533473166788523,1.0901657325634058,1.1321734325329247,0.5500011897618672,0.6411937352441415,0.7139122825120651,0.8103991566494637,0.7313655839471305,1.2567626953125,0.9103472900390623,0.7198267555236817,0.5537249684333803,0.5027526458740235,0.8041107272549685,0.6042916685860819
glas_26_TILE_6,joint_noise_arctique_semantic_glas_set_dropout_pu_1_00,1_00,0.39649559996905737,0.5758561618123555,0.6663489882551891,0.8540090124591503,1.046263367083625,1.0805182350056053,0.5238343409400545,0.6171088874038271,0.703255036143889,0.8057560553694778,0.7376463400692893,1.156064453125,0.8769515991210938,0.6138995361328125,0.49176266908645627,0.4715112228393555,0.7835208663174807,0.6127186343962293
glas_11_TILE_0,joint_noise_arctique_semantic_glas_set_dropout_pu_1_00,1_00,0.38709455195930786,0.6402195749755335,0.7302922254889006,0.9041149440631221,1.0895369549514053,1.1238275986346702,0.5201254910164509,0.6433376885077262,0.7718636035458899,0.9744148062642802,0.9024111711552698,1.307939453125,0.829171142578125,0.6574825286865233,0.5032765352725983,0.4524852745056153,0.9366611300201496,0.7776359213801997
glas_11_TILE_1,joint_noise_arctique_semantic_glas_set_dropout_pu_1_00,1_00,0.41715389594901353,0.6304314127823668,0.7202065136123218,0.897523926356252,1.1008445570852692,1.1339458006227685,0.5542702375101496,0.668713461957413,0.7767987633613467,0.9733445160130657,0.8582597169274653,1.2964892578125,1.0803619384765626,0.6159204006195068,0.5236366701126098,0.5078255310058595,0.9528222395438166,0.7500881086039364
glas_11_TILE_2,joint_noise_arctique_semantic_glas_set_dropout_pu_1_00,1_00,0.3902108941692859,0.6479713127573085,0.7438834379122519,0.9287694515973021,1.107521619688405,1.1411278433458696,0.5243969811158049,0.6512495296366447,0.7868931191491592,1.0214877255117796,0.8947225498269317,1.239150390625,0.9294525146484375,0.7150877380371093,0.574266963005066,0.5299848785400393,0.993470830022535,0.7754121822137394
glas_11_TILE_4,joint_noise_arctique_semantic_glas_set_dropout_pu_1_00,1_00,0.435655762325041,0.6583251855115917,0.7542290473332631,0.9382990561947435,1.12637288578876,1.1620605039114056,0.5792006234165576,0.702526886006811,0.826426547375959,1.0781125677742416,0.9244112111050395,1.3860302734375,1.0486373901367185,0.7701870918273925,0.5599980688095093,0.5182937881469728,0.9854747905526784,0.7917037522132185
glas_11_TILE_5,joint_noise_arctique_semantic_glas_set_dropout_pu_1_00,1_00,0.3927315392065793,0.6454974199931959,0.7383844907158854,0.9331975992927095,1.1345373514511354,1.1710463343732274,0.5287758259818879,0.6550867807255911,0.7850673385675919,1.0181515508501977,0.9150463202709149,1.2833251953125002,0.843548583984375,0.720173454284668,0.5559154558181763,0.5244313293457031,1.0524428255128537,0.7634329728108945
glas_11_TILE_6,joint_noise_arctique_semantic_glas_set_dropout_pu_1_00,1_00,0.3784271042677574,0.6492711742918695,0.7536781004557523,0.9329285530477193,1.1012605323564988,1.1410613504223883,0.5110058666114765,0.639015752868643,0.7857841430403361,1.0237830311405012,0.9009739096091571,1.40791015625,0.9544094848632809,0.6884874725341796,0.5100426769256592,0.4723272087097169,0.9902846375466766,0.769715617049288
glas_14_TILE_0,joint_noise_arctique_semantic_glas_set_dropout_pu_1_00,1_00,0.39177823334466666,0.6441566358693828,0.7437862339094798,0.9096844265839675,1.0863629505389625,1.1223207474801151,0.5274838158117466,0.6516336445752128,0.7866518486922373,1.0061195388638267,0.9174139463736546,1.1752197265625,0.8529797363281248,0.7377478790283203,0.5591801691055298,0.5187733329772949,0.9888068068897089,0.7687508361666198
glas_14_TILE_1,joint_noise_arctique_semantic_glas_set_dropout_pu_1_00,1_00,0.4229738910798915,0.6587067112971075,0.7639976562195158,0.9299088290930593,1.09926328125,1.1348306594619915,0.5650927029790594,0.6906047641830957,0.8256507837498095,1.0677092025146857,0.9818399878062317,1.2453076171875,1.0031457519531246,0.7798828887939453,0.5815427255630494,0.5204038665771484,1.011655727402614,0.7993042119876111
glas_14_TILE_2,joint_noise_arctique_semantic_glas_set_dropout_pu_1_00,1_00,0.358746251789853,0.661874326202756,0.7723361046262328,0.9577707667362358,1.130913252187106,1.1710627499607904,0.49326451586205206,0.6255238847807618,0.7896024132483088,1.053811766051548,1.0404941884139278,1.3252941894531254,0.9885134887695313,0.729369068145752,0.5963596487045288,0.518767350769043,1.014721228179373,0.8236724141541986
glas_14_TILE_4,joint_noise_arctique_semantic_glas_set_dropout_pu_1_00,1_00,0.42520775564480573,0.6594093765179867,0.7531206709685613,0.9296936952778744,1.0944827271052866,1.1258112535706728,0.5699488326928919,0.696350023150444,0.8212994034487684,1.0622227587168294,0.9285007152621683,1.1771337890625,0.863016357421875,0.7232258605957032,0.5786011219024659,0.5454857002258301,0.9776918965828506,0.79098939388049
glas_14_TILE_5,joint_noise_arctique_semantic_glas_set_dropout_pu_1_00,1_00,0.3827396358246915,0.682173694581231,0.8029829104035265,0.9573159522839134,1.1133215006303605,1.1501840658851197,0.5223558024047747,0.6595450082289537,0.8322008483244113,1.1046805724399313,1.07938578393003,1.2935253906250004,0.928948974609375,0.6701871871948242,0.6217430591583253,0.5406595245361329,1.02901178707639,0.897374357384622
glas_14_TILE_6,joint_noise_arctique_semantic_glas_set_dropout_pu_1_00,1_00,0.2900509414903354,0.6023122653051753,0.6915275750381581,0.9019690571816315,1.141545619940847,1.177862477857013,0.4020185763654762,0.5132729858160019,0.6654596731231885,0.8283764444523538,0.815763735490298,1.3759667968750002,0.9114508056640624,0.6106008434295654,0.4599170589447022,0.3925081069946289,1.053248561682187,0.6672093224734971
glas_10_TILE_0,joint_noise_arctique_semantic_glas_set_dropout_pu_1_00,1_00,0.3893030416802503,0.5911795142164803,0.7084054480816354,0.8544896161276474,1.0964013761797882,1.1415191437971288,0.5089733398543914,0.6107630829885999,0.7307693891540289,0.8989357310199969,0.8680947438921519,1.22135986328125,0.7691195678710936,0.627303237915039,0.5137507951259614,0.4640410530090333,0.8256304332512826,0.7434331984747024
glas_10_TILE_1,joint_noise_arctique_semantic_glas_set_dropout_pu_1_00,1_00,0.4094132477766834,0.5782081072873704,0.652987582399509,0.8259798287976153,1.0925413697630495,1.1373339674501732,0.5372083562503406,0.6268521398305893,0.6930296175965938,0.7584226113029902,0.7149488297608063,1.1170996093750003,0.7770001220703122,0.633289794921875,0.5249899554252625,0.49364464111328127,0.8480926646573435,0.6319253476174693
glas_10_TILE_2,joint_noise_arctique_semantic_glas_set_dropout_pu_1_00,1_00,0.43929397937608883,0.585234694310134,0.667125084465791,0.8440146842202173,1.09526901904719,1.1375937886757426,0.5662658784508471,0.6511585753020318,0.7191267300722338,0.8186629514444318,0.7514512692019483,1.4364697265625,1.0632109069824218,0.6494230651855468,0.5614061784744263,0.5213352676391603,1.0297150208824866,0.660590482045369
glas_10_TILE_4,joint_noise_arctique_semantic_glas_set_dropout_pu_1_00,1_00,0.38566290988819674,0.5926988723158171,0.6774792787831252,0.8593819523173883,1.0653250351539372,1.0944451032366072,0.513881269916119,0.6173899499037977,0.712456679963525,0.8237218358243789,0.7609071808482997,1.1093310546875004,0.8922601318359376,0.6440972900390627,0.566634740829468,0.5177060104370118,0.8091788464582067,0.6626098988702624
glas_10_TILE_5,joint_noise_arctique_semantic_glas_set_dropout_pu_1_00,1_00,0.4195246223243885,0.5797788113524012,0.6632208914409197,0.8133730069412175,1.070100775446843,1.104921470440161,0.5457643652873738,0.6342432497258772,0.707015139197335,0.7912266424954826,0.7443517234292273,1.1347607421875003,0.8079058837890625,0.6707787322998047,0.589217586517334,0.5689089111328125,0.775332074263787,0.6560154456761899
glas_10_TILE_6,joint_noise_arctique_semantic_glas_set_dropout_pu_1_00,1_00,0.42712255846709013,0.5973782234742064,0.6788574184846289,0.8579408237390351,1.1147113831951911,1.1500937112420269,0.5568777038160462,0.6525377199463479,0.7280706814412617,0.8350238255419672,0.770808574876083,1.294091796875,0.9118792724609373,0.6640858459472655,0.5681510829925539,0.5084830467224121,0.8430462039295384,0.6999470204465179
glas_37_TILE_0,joint_noise_arctique_semantic_glas_set_dropout_pu_1_00,1_00,0.4472425681306049,0.6201764422826701,0.6835534858528467,0.8849971819101814,1.132864490692468,1.1640856595849802,0.5904507915780031,0.6829732783679592,0.7426948872611525,0.8642002637528259,0.7629027544989414,1.3507275390625,0.7387551879882812,0.6732876586914063,0.5816053652763368,0.5380481185913086,1.0678665955860551,0.6809436678462457
glas_37_TILE_1,joint_noise_arctique_semantic_glas_set_dropout_pu_1_00,1_00,0.41664468857925385,0.6288953890910772,0.7157967950297552,0.9020175940405142,1.1103531591390459,1.1487228705405164,0.5539179097488612,0.6675670394785757,0.7725213027581936,0.9623100625285085,0.8610752168939917,1.23520751953125,0.8775531005859372,0.6528608703613281,0.5422011566162109,0.49491824264526374,0.9627955629299092,0.7435531538338301
glas_37_TILE_2,joint_noise_arctique_semantic_glas_set_dropout_pu_1_00,1_00,0.3804940039408393,0.6323579447151354,0.7249639614047197,0.9521760028618971,1.1515722480609263,1.1845572469982848,0.5167084019626276,0.6387951112927805,0.7647995733545776,0.9749226218531002,0.8798114033916725,1.25766357421875,0.9514398193359375,0.6715112686157226,0.48008804798126237,0.46561341247558596,1.1069273033785625,0.72145510128965
glas_37_TILE_4,joint_noise_arctique_semantic_glas_set_dropout_pu_1_00,1_00,0.4423388544237241,0.6179274261735742,0.6798730618759601,0.8720130407929297,1.1167597869706285,1.156975160587409,0.5866428699357876,0.678634774385546,0.7378669394935673,0.8520322417514867,0.7675672758864829,1.213837890625,0.8586352539062498,0.7027546691894532,0.6229608249664307,0.5712180511474609,1.1107565720231354,0.6739849908888462
glas_37_TILE_5,joint_noise_arctique_semantic_glas_set_dropout_pu_1_00,1_00,0.2891867198050022,0.6147459726434934,0.7289773968422826,0.9202658776806117,1.1136005184113424,1.147747942509542,0.3968411848634856,0.5126806473747273,0.6762002539728078,0.8876426403339093,0.9257130788652945,1.1567529296875,0.7684091186523437,0.6486683654785156,0.5181187629699707,0.4374215042114259,1.0574281103353804,0.7784809939674918
glas_37_TILE_6,joint_noise_arctique_semantic_glas_set_dropout_pu_1_00,1_00,0.43090863205725327,0.634883629970219,0.7095751665063234,0.9219577776993222,1.1103807329219393,1.14318041173037,0.574342517950903,0.6852480206505569,0.7738907551818736,0.9603832609534609,0.8333329592900587,1.22934814453125,0.8905224609374999,0.6641697692871092,0.5277759599685671,0.5059506652832033,1.031687011508029,0.7148991600890033
glas_46_TILE_0,joint_noise_arctique_semantic_glas_set_dropout_pu_1_00,1_00,0.41242467673146166,0.6156454046666374,0.6903586871155056,0.8990184348490776,1.0966161482076253,1.1329234060929647,0.5549216962242562,0.6608378610710173,0.7436221515191898,0.882892548532197,0.8039379175946548,1.1749658203125006,0.8361552429199218,0.6847685241699218,0.5847097420692445,0.5336807861328126,1.0068726255516667,0.7179087782352412
glas_46_TILE_1,joint_noise_arctique_semantic_glas_set_dropout_pu_1_00,1_00,0.38148164050653577,0.6715795496754965,0.7835892816379291,0.9618225889732805,1.124073155312165,1.1605766628379806,0.521110937440399,0.6556679055922056,0.8178056286477672,1.0873583805844378,1.090044930903313,1.3822900390625,0.942901611328125,0.6016394996643066,0.5437906742095948,0.52536943359375,1.0430436840556432,0.904812069686151
glas_46_TILE_2,joint_noise_arctique_semantic_glas_set_dropout_pu_1_00,1_00,0.47516943761729635,0.6318301912646822,0.7025267839565118,0.914095628571108,1.1021849522143927,1.1346479592864047,0.6200587985264947,0.7094924687480932,0.7814277553165812,0.9694087330887957,0.8055085535361182,1.190439453125,0.862403564453125,0.6738313293457031,0.6430766677856445,0.5850956787109375,0.9258136363643682,0.7044084125055399
glas_46_TILE_4,joint_noise_arctique_semantic_glas_set_dropout_pu_1_00,1_00,0.3714391273679212,0.6231967923228008,0.7140173364350626,0.906587695169832,1.114233786549016,1.1532439768260028,0.5027137875580331,0.6227622379622849,0.7463748944095828,0.9148679896498328,0.9363004480775688,1.2606494140625,0.8591687011718748,0.6699288940429687,0.5340452682971955,0.48234789428710945,1.0082322608913932,0.7868424435443251
glas_46_TILE_5,joint_noise_arctique_semantic_glas_set_dropout_pu_1_00,1_00,0.38192101335152984,0.6426976154143248,0.7270615944266073,0.9228735309082152,1.113494194104749,1.151595085573131,0.5151031590599455,0.6413964879508421,0.7687838695927823,0.9703342542949108,0.9265214439110662,1.241552734375,0.8066954040527343,0.6442753601074217,0.5342145115137101,0.49880036964416513,0.995874302635611,0.7685294900656108
glas_46_TILE_6,joint_noise_arctique_semantic_glas_set_dropout_pu_1_00,1_00,0.4315522494725883,0.6302733775897217,0.7033653681777058,0.9149745307562852,1.1281455103722968,1.1599135890151515,0.5735310426323815,0.6813894367709827,0.7652595507247756,0.9378005036333892,0.8375656999860491,1.2805078125000002,0.8593363952636718,0.6863665771484375,0.6096370267868043,0.5365179306030273,1.027990289457898,0.7320483497279859
glas_17_TILE_0,joint_noise_arctique_semantic_glas_set_dropout_pu_1_00,1_00,0.4071776540367864,0.6650111234351854,0.7602121793838361,0.9445632054118348,1.1173439414106672,1.150310179370031,0.5523070650647268,0.6825098141805586,0.8181593842968115,1.0690921691540867,0.9894480293232244,1.1958154296875003,0.8749081420898438,0.651552391052246,0.55044899225235,0.5273911224365234,0.988075676940436,0.844873352118916
glas_17_TILE_1,joint_noise_arctique_semantic_glas_set_dropout_pu_1_00,1_00,0.4558992083184421,0.6816036932001523,0.7758370444522569,0.9692888089428504,1.1260781757376819,1.1530814112798287,0.6130000707990251,0.7402293692791762,0.8673910476135325,1.1428495825790776,1.0184525612301494,1.3020605468750004,0.9473193359374994,0.7506791305541992,0.5709696865081787,0.5442490264892579,1.0568693632674524,0.8760894923922453
glas_17_TILE_2,joint_noise_arctique_semantic_glas_set_dropout_pu_1_00,1_00,0.4093428128689993,0.6445377457231447,0.7439141573700189,0.9617407245515416,1.114870710799828,1.1428269148426613,0.551633007642256,0.6727669144689417,0.79974305399026,1.0473613453987496,0.9617407245515416,1.4205517578125,0.8776690673828123,0.6570282745361328,0.5165038609504701,0.47604594116210935,0.9889020604423924,0.830039061412635
glas_17_TILE_4,joint_noise_arctique_semantic_glas_set_dropout_pu_1_00,1_00,0.4158445505890995,0.662007204376957,0.7501494314496939,0.9390219048445145,1.1212577344213834,1.1561934454017129,0.5632829720809175,0.6921140179769968,0.8161844799369188,1.0607562447583105,0.9690664776273504,1.2995849609375,1.03796875,0.7892593383789063,0.5235117387771607,0.47770007820129395,1.022734254753625,0.8082822028453877
glas_17_TILE_5,joint_noise_arctique_semantic_glas_set_dropout_pu_1_00,1_00,0.4234307862643618,0.6579172115925801,0.7428363963701159,0.9313014282721156,1.11496048593392,1.1502899049299036,0.5715905027381212,0.6963231544437601,0.8106704339748476,1.0439208798150268,0.9425384577071949,1.3454443359375,0.9715666198730467,0.6719362545013428,0.5388953065872193,0.5151452117919922,0.9502252385748848,0.8238770622824789
glas_17_TILE_6,joint_noise_arctique_semantic_glas_set_dropout_pu_1_00,1_00,0.41012206267623696,0.6437419953449519,0.7301248160025388,0.9131031530323713,1.1026434171931407,1.1365132020511168,0.5539655131678427,0.6750237846229024,0.7886779716946688,1.0008307691941867,0.9268448993297884,1.2734277343750002,0.9655712890625,0.6941964054107665,0.5421151387691499,0.5143113681793213,0.9336764482836154,0.7887255462575143
glas_31_TILE_0,joint_noise_arctique_semantic_glas_set_dropout_pu_1_00,1_00,0.5126501628546976,0.6820291868397887,0.7666573248049764,0.9183151720810852,1.0653885436795172,1.0998615252858832,0.6727003964132982,0.779557296629631,0.8837258048965898,1.0945946930931074,0.9260974286402037,1.22902587890625,0.9429037475585937,0.8020075988769532,0.7348153305053711,0.7015674591064454,0.8835875365595367,0.812388856250292
glas_31_TILE_1,joint_noise_arctique_semantic_glas_set_dropout_pu_1_00,1_00,0.32822668412700295,0.648302647824534,0.713777810908307,0.9366859441322332,1.11062666556578,1.14316724239503,0.45296262671536475,0.5842435751353575,0.7346628245045634,0.9065627427345407,0.8346214333036076,1.2137646484375,0.8996340942382811,0.7831763076782225,0.6171740865707399,0.5859653137207033,0.9316687240910668,0.7001162004689894
glas_31_TILE_2,joint_noise_arctique_semantic_glas_set_dropout_pu_1_00,1_00,0.4981691325083375,0.6958549857466617,0.7816138058113404,0.9394845268537405,1.0896399581918192,1.12253866955051,0.6655609055701117,0.7838799401697177,0.9014460961306501,1.1348431488553252,0.9247218901891378,1.2836621093750002,1.04522705078125,0.7981331443786621,0.6697548627853395,0.6181059448242188,0.9027857583805863,0.7885459868733686
glas_31_TILE_4,joint_noise_arctique_semantic_glas_set_dropout_pu_1_00,1_00,0.4177859046321828,0.6921538254310344,0.7665590116749353,0.9302694319794724,1.0858383542361774,1.118186591396568,0.5730086923406883,0.7161197289824486,0.843825606919847,1.0782061194937071,0.9609327677588105,1.2443066406250003,1.0042071533203125,0.8584586715698244,0.7556389570236207,0.710335531616211,0.949295616646646,0.7953454325995257
glas_31_TILE_5,joint_noise_arctique_semantic_glas_set_dropout_pu_1_00,1_00,0.5095357632962987,0.6884780064289939,0.7678208245343985,0.9730226592295537,1.135763821414691,1.165772604120432,0.6713933650368489,0.7803680603364431,0.8935354442775871,1.1721809667536973,0.9622743998133695,1.3095556640625,1.046741943359375,0.84255126953125,0.6852865409851076,0.66497080078125,1.0287288407677377,0.7746381986801586
glas_31_TILE_6,joint_noise_arctique_semantic_glas_set_dropout_pu_1_00,1_00,0.49757856657379307,0.6865841835763267,0.7733166214581018,0.9530410826565365,1.1118626333312296,1.1421347275417828,0.6651402742114954,0.7774510274086853,0.8938732267419699,1.149559325799596,0.9225025685951398,1.313173828125,1.0242715454101563,0.8192286491394042,0.6433019590377808,0.5856565856933595,0.9257812013183011,0.7618747204550822
glas_28_TILE_0,joint_noise_arctique_semantic_glas_set_dropout_pu_1_00,1_00,0.5106381681980565,0.6142245826340328,0.6663276240024071,0.8171564362435509,1.0441640658849654,1.0828184219465102,0.6430316225306539,0.6933126615550044,0.7252402866176619,0.7991442321758909,0.7451589882972295,1.1213720703125003,0.786746826171875,0.6928602600097656,0.634571409225464,0.5976106323242187,0.9804398778937269,0.6594350519221333
glas_28_TILE_1,joint_noise_arctique_semantic_glas_set_dropout_pu_1_00,1_00,0.4327542007085867,0.607759437490349,0.6948196422872805,0.8895616303950092,1.1255676041882512,1.1639707214325357,0.5668215796237426,0.6652705750332619,0.7508199673758505,0.9012860788882358,0.8145750446881059,1.274775390625,0.7358056640625,0.6785110473632813,0.5999722671508789,0.5208648220062256,0.9045666472959273,0.7294545288954148
glas_28_TILE_2,joint_noise_arctique_semantic_glas_set_dropout_pu_1_00,1_00,0.4540730830049142,0.6140245506205935,0.6974556041918145,0.8892558940776715,1.1133821844633391,1.1489134716386555,0.5894242014827368,0.6834275592335525,0.7635310866607179,0.9284877934154849,0.821893870424263,1.3464453125,1.155213623046875,0.7830599212646486,0.5855311536788941,0.5711896408081055,0.8261759940060733,0.706101248332365
glas_28_TILE_4,joint_noise_arctique_semantic_glas_set_dropout_pu_1_00,1_00,0.47655356337781996,0.6116114107369547,0.6880541487627316,0.8642288553725084,1.1098895308079022,1.1479970474689327,0.6122686944882946,0.6935171901930616,0.7576054715312389,0.9004168160471433,0.8090964308557853,1.273818359375,0.960945892333984,0.683736572265625,0.5778729152679445,0.5496544219970704,0.9815640999822558,0.7192724527722618
glas_28_TILE_5,joint_noise_arctique_semantic_glas_set_dropout_pu_1_00,1_00,0.5364078915445134,0.6313828625443767,0.6984556321884834,0.8772840797817775,1.0689096381770296,1.1048671938105816,0.6673710689730099,0.7319191878441924,0.7914788250015815,0.9709656050015237,0.8337339619189141,1.2628515625000003,0.8977484130859373,0.7860999298095703,0.6170047426223756,0.5900175262451173,0.9589706250700358,0.6939119682828186
glas_28_TILE_6,joint_noise_arctique_semantic_glas_set_dropout_pu_1_00,1_00,0.4956723590148613,0.6101495407919847,0.675283412774111,0.883350557493932,1.1160332982888632,1.1514464190559681,0.6263813384819521,0.6937001011023806,0.7459877515050697,0.8717630352504551,0.7576851568404454,1.46419921875,0.8367962646484374,0.6798741149902344,0.5984049940109254,0.5663994018554688,0.9184119297555422,0.6595512392359089
glas_1_TILE_0,joint_noise_arctique_semantic_glas_set_dropout_pu_1_00,1_00,0.33605974970851094,0.599576977305876,0.6719407070639288,0.8855780593487395,1.1002986169321038,1.1386813513470377,0.4599901261447504,0.5768662360233998,0.6912883787425055,0.7898906503117465,0.7510364740210843,1.154044189453125,0.7165948486328125,0.6504924011230468,0.6104853105545045,0.5619512435913088,0.9028805772499916,0.636292285497308
glas_1_TILE_1,joint_noise_arctique_semantic_glas_set_dropout_pu_1_00,1_00,0.3681921259849332,0.5613128319914309,0.6651599408179755,0.89500059553545,1.0979974307472398,1.1343857989752144,0.4877667737693563,0.5803058242762947,0.6812862405358414,0.7956086954728048,0.7498785519073297,1.12210693359375,0.789337158203125,0.6274801635742188,0.4957384109497071,0.4508425136566163,0.8375688840242077,0.6094410138547961
glas_1_TILE_2,joint_noise_arctique_semantic_glas_set_dropout_pu_1_00,1_00,0.4323139356565662,0.6322975312113283,0.7468411066796741,0.968807955165186,1.1473017452421057,1.177774227859225,0.5735436951847752,0.6853282060326419,0.8106116067172006,1.0737456484779793,0.9257063161771221,1.263583984375,0.9963351440429684,0.7437765884399412,0.5464080262184144,0.5258079010009765,1.0138727912140455,0.6999061473743226
glas_1_TILE_4,joint_noise_arctique_semantic_glas_set_dropout_pu_1_00,1_00,0.3855868094833568,0.5905253324319236,0.6767606761505648,0.9043578318725951,1.1094843319841374,1.1500676033669226,0.5191996802781539,0.6225162883580806,0.7153434691390371,0.8410452076412736,0.7628734129156333,1.4148583984375,0.9199298095703123,0.686703643798828,0.5310796880722046,0.4586220817565918,0.9780353563532231,0.6349251259740599
glas_1_TILE_5,joint_noise_arctique_semantic_glas_set_dropout_pu_1_00,1_00,0.4009937207738403,0.591435129186459,0.6907572208570928,0.9098195290791516,1.082040827753678,1.1157577731333028,0.5318301739185968,0.6312112494827106,0.7316962441202645,0.8941546709405753,0.7948148281224896,1.2058056640625,0.8567053222656249,0.7031774139404297,0.5005678033828737,0.4609862762451172,0.8921059884705601,0.6279977598819948
glas_1_TILE_6,joint_noise_arctique_semantic_glas_set_dropout_pu_1_00,1_00,0.4478957666142378,0.6092096309035371,0.6887010673595312,0.9125066672941767,1.129245505347989,1.1661371840827128,0.5882989502485207,0.6790882423520088,0.752147181039908,0.9007232610428051,0.7940970790539021,1.32523681640625,0.8253491210937498,0.6521231079101563,0.6063111972808839,0.5523686492919923,1.0803037977383547,0.682774671110862
glas_27_TILE_0,joint_noise_arctique_semantic_glas_set_dropout_pu_1_00,1_00,0.4574109883978963,0.6144985081026925,0.6865410773267339,0.8615365172398688,1.0994674689091006,1.1352684146068135,0.5960701022361616,0.6844629287661528,0.7519593487758354,0.8921818290609282,0.7787135415805102,1.4250390625,0.8298150634765625,0.6793994140625,0.577067232131958,0.5474035583496095,0.8656516958513295,0.6923109035202126
glas_27_TILE_1,joint_noise_arctique_semantic_glas_set_dropout_pu_1_00,1_00,0.4620842912700027,0.6051622735141273,0.6814094570889933,0.8484490429494312,1.1037476500321863,1.1442794055687033,0.5981948568503014,0.6801300644874573,0.7476973314027947,0.8813795152091255,0.7634316772707368,1.3165258789062504,0.8975604248046873,0.671371898651123,0.5740390586853029,0.5274959869384767,0.9951004663564766,0.6912038890035552
glas_27_TILE_2,joint_noise_arctique_semantic_glas_set_dropout_pu_1_00,1_00,0.4459004087257199,0.5929453386429613,0.6708586867404025,0.8887495935022299,1.0926752686187664,1.1296905634803136,0.5782314939437588,0.6615269407629967,0.7282506874857393,0.8368497888880835,0.7546036435774228,1.4733203125,1.0182904052734374,0.697538948059082,0.5514488601684571,0.517034329223633,0.8987627587877548,0.6194263576788477
glas_27_TILE_4,joint_noise_arctique_semantic_glas_set_dropout_pu_1_00,1_00,0.4115461669280194,0.6283034932288332,0.7090597179960755,0.9014017639567897,1.0925039807434447,1.1299290950829384,0.554748660206483,0.6683532997896708,0.766617793043202,0.9498564579757819,0.8084705869219977,1.3521533203125002,0.92574951171875,0.7507191276550294,0.6510135507583619,0.6086855072021486,0.8853949941478017,0.6705461024116378
glas_27_TILE_5,joint_noise_arctique_semantic_glas_set_dropout_pu_1_00,1_00,0.47978591977152973,0.6105732526895244,0.6842968540181682,0.8847203959524044,1.0925692247726044,1.1287593599693921,0.6152159084370029,0.6930727203986513,0.758812014197335,0.9132679832660676,0.7713359722479615,1.285751953125,0.8555848693847656,0.6483169937133789,0.5479443025588989,0.5439653106689453,0.9222262398339987,0.670518999604419
glas_27_TILE_6,joint_noise_arctique_semantic_glas_set_dropout_pu_1_00,1_00,0.41764984163455665,0.6065845959273346,0.680605232019769,0.8626741713507354,1.070298412668093,1.1089449264592341,0.5579907501152854,0.6570238542818602,0.7347308601092948,0.8613615180946048,0.7646756327426456,1.1704736328125,0.8841467285156247,0.7082509994506836,0.589130072593689,0.547325247192383,0.8602444193138876,0.6572582574505971
glas_51_TILE_0,joint_noise_arctique_semantic_glas_set_dropout_pu_1_00,1_00,0.30266446886525955,0.5870077398255814,0.6705424892839974,0.8618935360270701,1.0802662417763158,1.125513457216757,0.41578152874113816,0.5261771695800662,0.6618016880332033,0.7727854473990683,0.7679761340040098,1.227724609375,0.7442025756835935,0.6707142639160155,0.5438637772202493,0.49178971748352057,0.7636997653110869,0.6608904763926631
glas_51_TILE_1,joint_noise_arctique_semantic_glas_set_dropout_pu_1_00,1_00,0.22560381522634998,0.6150174364327229,0.6933611853115345,0.8809954048549876,1.0757494967407975,1.1169069169207317,0.31819345504259855,0.4307370577384346,0.6172751080743732,0.7953064511537877,0.8153814546264342,1.2976708984375003,0.7888549804687499,0.583548412322998,0.5194145560264589,0.48289928398132326,0.8748512756877567,0.6875497210021514
glas_51_TILE_2,joint_noise_arctique_semantic_glas_set_dropout_pu_1_00,1_00,0.37970931286690757,0.5959307646321422,0.6742387142371075,0.8824104275958755,1.108561866337269,1.1469710407619933,0.5118256443197171,0.6190760277993341,0.7101827819507652,0.813523789092296,0.7885708365612468,1.3786474609375003,0.8988378906249997,0.6604808044433592,0.5516177892684937,0.5077270355224609,0.8240425557281088,0.6697401972542032
glas_51_TILE_4,joint_noise_arctique_semantic_glas_set_dropout_pu_1_00,1_00,0.37223070266190916,0.6201380042941685,0.7174623267340402,0.8992800002294113,1.1041317698691517,1.1418627223043212,0.5001475426404909,0.6172517463564873,0.7452930720216457,0.9267911280650319,0.8737455182024323,1.3092236328125002,0.8179449462890624,0.6405841064453124,0.510916999578476,0.47920143508911134,0.9823983906971464,0.7594560680178424
glas_51_TILE_5,joint_noise_arctique_semantic_glas_set_dropout_pu_1_00,1_00,0.3791038275230676,0.6079454154652211,0.6712801781059697,0.8614811593416811,1.1649021442664809,1.2136842861622072,0.5153368496749332,0.6290744178879507,0.7102706548272384,0.7933027956967063,0.7494256333857272,1.229349365234375,0.8576885986328125,0.7071675872802734,0.5497227883338929,0.514546321105957,1.0376702165439768,0.659205948964473
glas_51_TILE_6,joint_noise_arctique_semantic_glas_set_dropout_pu_1_00,1_00,0.38577487057773396,0.6221484783349579,0.691525076309081,0.8876859543281462,1.1000494909502263,1.1373714005010982,0.5271049352862938,0.6455491096967964,0.7371654195562161,0.8684867792584616,0.8273447966420084,1.4084375000000002,0.8975994873046875,0.7011868286132811,0.5832371068000795,0.5342068809509277,0.9927855910384651,0.6808405612959229
glas_36_TILE_0,joint_noise_arctique_semantic_glas_set_dropout_pu_1_00,1_00,0.45750493387458846,0.6070406922450098,0.7011229411688177,0.874808488151072,1.0952117215253108,1.138189453125,0.5890165287831636,0.6823350570294623,0.7647766128776339,0.9258312995729103,0.8084083368017018,1.4571142578125003,1.1146737670898434,0.6925358486175537,0.6239005851745606,0.5906794342041017,0.8715107633605321,0.7082356053906713
glas_36_TILE_1,joint_noise_arctique_semantic_glas_set_dropout_pu_1_00,1_00,0.4281954485340975,0.5759508603706252,0.6653965160592897,0.8115721113767989,1.0292273116438355,1.055888301880023,0.5510342450527588,0.6370244099507834,0.7099226715662934,0.7963479922267468,0.7420648251919878,1.0226367187500003,0.8275164794921872,0.641583251953125,0.5594138574600219,0.5352429412841797,0.7873606006294761,0.6684966101029706
glas_36_TILE_2,joint_noise_arctique_semantic_glas_set_dropout_pu_1_00,1_00,0.41611580445896834,0.6029641934107176,0.7016668019656559,0.8574261499497782,1.0662805657637746,1.1115323490969582,0.5430770686095028,0.645773368315898,0.7476623544469381,0.8970947636998022,0.8519928141106382,1.2778515625000006,0.8148571777343748,0.6724398422241209,0.5816279411315919,0.5032972595214845,0.9745615645110213,0.7384155444006173
glas_36_TILE_4,joint_noise_arctique_semantic_glas_set_dropout_pu_1_00,1_00,0.43294377450365573,0.615079822286394,0.7108157126260775,0.8696706878541537,1.041375857550897,1.071808178877377,0.566686575078641,0.6701477277982356,0.7686987623557962,0.9392719463693381,0.8249782859881534,1.2281445312500003,0.8554278564453122,0.6701600646972656,0.5977669858932495,0.5464141647338867,0.8023089539256639,0.7183027796284804
glas_36_TILE_5,joint_noise_arctique_semantic_glas_set_dropout_pu_1_00,1_00,0.3867238533566706,0.5585550360374579,0.6666869708998395,0.8282802972560975,1.073458787240246,1.1181532955485116,0.5003491242328301,0.5893919692179684,0.6870584025474611,0.7984045841513138,0.758652516249876,1.1386083984375,0.6703466796874998,0.6273519897460937,0.4765174746513368,0.45312325286865246,0.7563863725832347,0.6542999586259945
glas_36_TILE_6,joint_noise_arctique_semantic_glas_set_dropout_pu_1_00,1_00,0.3866363522829488,0.5631342293154316,0.6720509923181696,0.8463603853583217,1.1222726389848066,1.1597436179577465,0.5003025025339725,0.5917248656202326,0.6921843823077118,0.8102630336958586,0.7991178425720525,1.2166064453125003,0.8621246337890625,0.6737930297851561,0.5775134468078615,0.5398898239135742,0.967576754819928,0.6886458294893112
glas_33_TILE_0,joint_noise_arctique_semantic_glas_set_dropout_pu_1_00,1_00,0.40815847320482135,0.6421667792565616,0.7482750644596752,0.9280615722943644,1.131903347013671,1.166830662375687,0.5461865407799801,0.6671665279054291,0.799059962377638,1.0376328792225866,0.9566224299962637,1.4069433593750003,0.9790728759765625,0.6912707138061523,0.5264812660217286,0.4985871353149415,1.0447778373611325,0.7790565757011774
glas_33_TILE_1,joint_noise_arctique_semantic_glas_set_dropout_pu_1_00,1_00,0.4006595686660148,0.6519829641678,0.7683404777284141,0.9251304495439587,1.1118903795126576,1.1463169447603219,0.5359039010702116,0.6611542173648304,0.8096415600055925,1.0554579886116826,0.9697200156546928,1.272421875,0.9571951293945312,0.6300912857055663,0.5131563496589662,0.49918399810791025,1.0757226269676883,0.7963424490855027
glas_33_TILE_2,joint_noise_arctique_semantic_glas_set_dropout_pu_1_00,1_00,0.42363962228409946,0.6613843213760365,0.763122822896932,0.9242126976825271,1.0939196555713777,1.1276415880367037,0.5655701755879724,0.6923661028874687,0.8271092389594666,1.062714148010542,0.9688190430364393,1.1556738281250003,0.9007327270507812,0.7067369079589845,0.5577441382408143,0.5255143112182619,0.9458628022486175,0.7784496624570536
glas_33_TILE_4,joint_noise_arctique_semantic_glas_set_dropout_pu_1_00,1_00,0.43810170888900757,0.6527464177290714,0.767001243569512,0.9486365315441806,1.1312116307965026,1.1613931707248653,0.5773189570288658,0.6972113582867461,0.8330867028280011,1.099416324921887,0.9790466273306514,1.2713623046875,0.8945068359374997,0.6954740905761718,0.55640869140625,0.5365097290039064,1.1248226709142046,0.8244493246400492
glas_33_TILE_5,joint_noise_arctique_semantic_glas_set_dropout_pu_1_00,1_00,0.40899036859627813,0.6483448766618635,0.7582399153935866,0.9534432052017806,1.1263202362577176,1.1594361115740204,0.5396116926782484,0.6619763272620037,0.8037398818791307,1.0619227440483,0.9346668668459097,1.21683349609375,0.9827770996093748,0.6950989723205566,0.5693284511566163,0.5155880836486817,1.0342884020841248,0.7816889368642619
glas_33_TILE_6,joint_noise_arctique_semantic_glas_set_dropout_pu_1_00,1_00,0.49572165502468124,0.661626112737426,0.754325305550376,0.8848559019426709,1.071451115604378,1.1076159731623545,0.6512364119422513,0.7549370510715158,0.8597124003115166,1.0620031615504038,0.9085230914224538,1.1982861328125,0.938443603515625,0.7346009063720703,0.6715871620178223,0.6256423309326172,0.8648895714496274,0.7632125822129963
glas_42_TILE_0,joint_noise_arctique_semantic_glas_set_dropout_pu_1_00,1_00,0.3889614179788623,0.6512628396108096,0.7692657139139243,0.963976338007465,1.1201776010231987,1.1541190134729296,0.5233383960172697,0.6489258929575733,0.8012995663429032,1.0703068413578836,1.0597182029765386,1.2456884765625,0.9748422241210938,0.7031255149841309,0.5988560914993286,0.5129584205627442,0.9513277090055583,0.8660811484557963
glas_42_TILE_1,joint_noise_arctique_semantic_glas_set_dropout_pu_1_00,1_00,0.3382385548320599,0.6353436780970931,0.7435990734213203,0.9326281777532154,1.1161913779027577,1.1514948789196735,0.4549603794688467,0.5734223203685249,0.7340436122117927,0.963712715233839,0.9161134880457461,1.2373486328125,0.9146505737304688,0.7511451721191407,0.46781129479408284,0.42609824638366706,0.9222479787113685,0.7733145014540093
glas_42_TILE_2,joint_noise_arctique_semantic_glas_set_dropout_pu_1_00,1_00,0.37157844519242644,0.6410971476784941,0.750355410512749,0.9188858624224582,1.102084272184016,1.1417731990034083,0.5002092041036909,0.6239227179451972,0.77202521671389,1.0029712829310804,0.9659292829692556,1.30080078125,0.8647180175781247,0.6746766853332518,0.5389467430114746,0.4897561767578125,0.9243255454146533,0.7781459783139092
glas_42_TILE_4,joint_noise_arctique_semantic_glas_set_dropout_pu_1_00,1_00,0.373609094764106,0.6031545249444125,0.7149669772695596,0.9082450709358555,1.1422407374745558,1.1797114270517128,0.4957473643796114,0.6057843522324153,0.7334495912465689,0.9231538247531265,0.9376432662479658,1.2892822265625,0.8958383178710938,0.6400502014160157,0.5110254430770875,0.48618294372558596,1.099857232836161,0.7864142927477377
glas_42_TILE_5,joint_noise_arctique_semantic_glas_set_dropout_pu_1_00,1_00,0.3969660848379135,0.6727937947987658,0.7780309075128279,0.9501646632763667,1.1220424680740526,1.1581936277748415,0.5351860506910207,0.6688796301859227,0.8235456305783734,1.0858476651887872,1.0106706917119108,1.2702685546875003,0.9729180908203126,0.8100061416625977,0.5531170606613159,0.5286525848388672,1.0409063666183054,0.8163358621861337
glas_42_TILE_6,joint_noise_arctique_semantic_glas_set_dropout_pu_1_00,1_00,0.4312292077229358,0.6827192637760712,0.7922001442293533,0.9695916574434474,1.1245023514104022,1.1510863609025206,0.5764064862393756,0.7097962822679852,0.860465913441376,1.1398760091791216,1.0430131163140728,1.417646484375,1.1064355468749998,0.9199800491333007,0.7082858371734619,0.6225266448974609,1.0532720141741616,0.8738201633449433
glas_4_TILE_0,joint_noise_arctique_semantic_glas_set_dropout_pu_1_00,1_00,0.5162393435020931,0.6829462578155946,0.7596722732860329,0.928355601235816,1.0910839533812153,1.127402066800274,0.679272353972647,0.780264396357948,0.8830161175624651,1.11730670725613,0.9031135839314167,1.3695996093750005,1.0068054199218748,0.8320726013183594,0.6833528089523316,0.6495205139160157,0.9073147730540583,0.7561843038027183
glas_4_TILE_1,joint_noise_arctique_semantic_glas_set_dropout_pu_1_00,1_00,0.4273749108542688,0.682916953710272,0.7709029759537113,0.9454392743707851,1.1041825005922299,1.135447951662419,0.5766579983742548,0.712183675882694,0.8451025162548867,1.0970823668036696,0.9319524918506111,1.2630126953125003,0.9340924072265625,0.7970660018920899,0.6815328216552736,0.6615572784423828,0.9395837446644865,0.7681574005657451
glas_4_TILE_2,joint_noise_arctique_semantic_glas_set_dropout_pu_1_00,1_00,0.5687521372456104,0.7145056494304928,0.7978221453517638,0.949495698725301,1.1053081293706293,1.1371584281887894,0.7361746584893915,0.8400478661060333,0.9608043842271123,1.1920574396979688,1.0328168426243496,1.3698193359375006,0.948883361816406,0.8314541625976563,0.7494028759002686,0.6778600616455078,0.9878711904084686,0.8575508100637814
glas_4_TILE_4,joint_noise_arctique_semantic_glas_set_dropout_pu_1_00,1_00,0.49855755892349407,0.6857245223621993,0.769657561741719,0.9486001541790162,1.1002307564540623,1.1288233356728645,0.661102035497849,0.7737591542124744,0.886731160151494,1.134810338855135,0.9066989142538976,1.295732421875,0.9741357421874999,0.8115612411499024,0.7194293880462648,0.6733235473632813,0.8704556049266172,0.7600750679466658
glas_4_TILE_5,joint_noise_arctique_semantic_glas_set_dropout_pu_1_00,1_00,0.44215740147046745,0.6386752922189286,0.7239593893529743,0.9344801658145899,1.117802459036778,1.1489662778988379,0.5858904528707758,0.696545455217136,0.7961021548615348,1.0197912651562737,0.8454471943094818,1.294659423828125,0.9147442626953125,0.7686886978149414,0.6520598316192628,0.6195117218017578,0.9692540751286245,0.7001650740460652
glas_4_TILE_6,joint_noise_arctique_semantic_glas_set_dropout_pu_1_00,1_00,0.5388513532234356,0.6994314732348378,0.7830039900620945,0.9307014012009236,1.108725743875113,1.1426829108757535,0.701861070180356,0.8085399631175664,0.922349680031965,1.1670984779916158,1.0327546369041634,1.4203906250000002,1.095645751953125,0.8173330688476562,0.6729115772247315,0.631747463989258,1.035052481614493,0.8803735713368838
glas_60_TILE_0,joint_noise_arctique_semantic_glas_set_dropout_pu_1_00,1_00,0.4369780808337964,0.6043964067595724,0.6929318801273748,0.8673195190429688,1.0852990234375,1.1275444358120899,0.571675005197946,0.6667555910899083,0.7514211807584341,0.9017971809183014,0.8012669396854512,1.17763671875,0.8095574951171876,0.6373183822631836,0.5155391073226929,0.4771285461425782,0.9532388714638012,0.6562380837034335
glas_60_TILE_1,joint_noise_arctique_semantic_glas_set_dropout_pu_1_00,1_00,0.442849085025955,0.607787203194647,0.687229795875593,0.8654567831017282,1.0880418588683873,1.1255584013037212,0.5807561213328456,0.673345125889247,0.7484044827923192,0.8883148393428877,0.7894542203614311,1.343681640625,0.8518475341796875,0.6714584350585937,0.5669322299957276,0.5186559734344484,0.9279573270773772,0.6615532758801663
glas_60_TILE_2,joint_noise_arctique_semantic_glas_set_dropout_pu_1_00,1_00,0.41731622781662736,0.641520631608188,0.7387389747689478,0.9327197306095887,1.1014549518453665,1.1396101685370248,0.5555294395462242,0.6742441830531486,0.7967601687264775,1.0261174263178456,0.9116941792598622,1.2732568359375003,0.9750729370117186,0.6903517723083497,0.5156287449598314,0.4575348175048828,1.0379611291383815,0.710698025813344
glas_60_TILE_4,joint_noise_arctique_semantic_glas_set_dropout_pu_1_00,1_00,0.38176421681419015,0.5970729171347052,0.6911989964565264,0.911497922015982,1.1379948013982313,1.179272330381016,0.5071764890582425,0.6141488223463474,0.7224766494467172,0.8632787773216414,0.8062280693863887,1.29474609375,0.9123381042480466,0.6836711502075196,0.5279845809936523,0.46855132293701174,0.9983735271709026,0.6379244744963064
glas_60_TILE_5,joint_noise_arctique_semantic_glas_set_dropout_pu_1_00,1_00,0.4561397236539051,0.6177198982723643,0.6954217920210429,0.8890996572620297,1.144636901498538,1.1896639945811796,0.5922683748414613,0.6860973925557781,0.7608527099510252,0.9190898479157145,0.8214260367460029,1.4409521484375003,0.9364486694335936,0.7395455932617188,0.5229954290390014,0.5220449127197265,1.1213015717475434,0.6895220633044072
glas_60_TILE_6,joint_noise_arctique_semantic_glas_set_dropout_pu_1_00,1_00,0.43562148162163794,0.5973252349788121,0.6749193902648707,0.8522719624345814,1.0787007099873311,1.120028377429565,0.5661402272909946,0.656858146997979,0.7291027773149911,0.8438777008962551,0.7610990989294835,1.2064794921875,0.8465588378906247,0.6576834106445313,0.5169310235977174,0.48315651550292976,0.8378430792521756,0.628284122346114
glas_38_TILE_0,joint_noise_arctique_semantic_glas_set_dropout_pu_1_00,1_00,0.40023164346348494,0.6567647120718958,0.7837012874832477,0.9511558764401306,1.1437195794843311,1.1822677860687967,0.5363828070505275,0.660592022283703,0.8187704546898831,1.0929263419243822,1.0507472221097798,1.3597900390625002,0.9200114440917969,0.695919189453125,0.5138753318786623,0.49769458389282234,1.1625650370690028,0.8045949495451156
glas_38_TILE_1,joint_noise_arctique_semantic_glas_set_dropout_pu_1_00,1_00,0.4146183847478824,0.6134643185390525,0.7238038030660378,0.9253391713403457,1.1076835034900514,1.1422475365346458,0.5509733465661852,0.6574995079059145,0.7735617284342613,0.9895329309072735,0.8610666840438881,1.2367285156250003,0.9969561767578125,0.613988037109375,0.5093624997138977,0.4985782360076905,1.0517703485010368,0.6895319789016116
glas_38_TILE_2,joint_noise_arctique_semantic_glas_set_dropout_pu_1_00,1_00,0.4671179541037418,0.6420537170673822,0.7474204200851954,0.9598018572209127,1.102721224643415,1.1320212186182446,0.6100401421890326,0.7185608304988824,0.8324182913298777,1.0870840484363082,0.9318893818552018,1.3263183593750003,0.9993734741210936,0.7556142425537108,0.6137629747390747,0.563920523071289,1.0345901984341328,0.7493810007355608
glas_38_TILE_4,joint_noise_arctique_semantic_glas_set_dropout_pu_1_00,1_00,0.3927450139890425,0.7094040380177404,0.8524219936222646,1.010538879842603,1.153795458169063,1.1896465059366375,0.5333604288807929,0.6746714095361876,0.8706863568477183,1.1881070785011045,1.151751676087814,1.4178271484375002,0.9635034179687498,0.6830961990356446,0.5251213479042054,0.4808705017089844,1.0884203496473248,0.9519852382894696
glas_38_TILE_5,joint_noise_arctique_semantic_glas_set_dropout_pu_1_00,1_00,0.4125593456556089,0.6395958572958206,0.7583271544026128,0.9196509506483749,1.1039110357250452,1.1395353779078505,0.5471895044031521,0.664918522768007,0.8045205772726117,1.0448473901582978,0.9491544607902138,1.279853515625,0.9370080566406247,0.6300924491882323,0.5288337397575379,0.4829206680297852,1.0540013180556014,0.774091309336195
glas_38_TILE_6,joint_noise_arctique_semantic_glas_set_dropout_pu_1_00,1_00,0.41452819597907364,0.6106158464465805,0.7016595180215297,0.8913456572079166,1.108253970533526,1.1463019924518825,0.5505935496003501,0.6552619515089166,0.7536527556132495,0.9236660590806919,0.8071276834161797,1.1307031250000001,0.81135498046875,0.6782756805419922,0.5477846837043763,0.5103093902587891,0.975624205163039,0.674891896491503
glas_52_TILE_0,joint_noise_arctique_semantic_glas_set_dropout_pu_1_00,1_00,0.25940393563359976,0.5720645114316563,0.7032982377640462,0.9250913637296685,1.1130339614299785,1.150524933724293,0.3432326125200744,0.43129335369571725,0.5739245445291044,0.7981301341665398,0.8308306504086583,1.2252270507812506,0.8331857299804686,0.5340095329284668,0.37405210256576543,0.3638564651489259,0.8466865187486294,0.7265503504948162
glas_52_TILE_1,joint_noise_arctique_semantic_glas_set_dropout_pu_1_00,1_00,0.2673037884524092,0.6163017749786377,0.7682631370808415,0.9860238820154378,1.1939085653526436,1.2286688246649184,0.35606485847450703,0.45232647904656237,0.6128210428740277,0.9078368581950801,0.9707946478795735,1.3678759765625,0.7930442810058592,0.5277992057800293,0.35620167255401614,0.32700272369384764,0.9858226895560704,0.8721450032648334
glas_52_TILE_2,joint_noise_arctique_semantic_glas_set_dropout_pu_1_00,1_00,0.29499620909336954,0.6185205580884872,0.7539851998388202,0.9973433657662154,1.1704210751878057,1.19873046875,0.39262369454725293,0.497440150320679,0.6624412096366744,0.9310079571098034,0.9060404783281336,1.2328198242187502,0.8002035522460937,0.489888515472412,0.4212687373161317,0.37992279205322266,1.0174303244728617,0.7989057969555411
glas_52_TILE_4,joint_noise_arctique_semantic_glas_set_dropout_pu_1_00,1_00,0.32832638768013567,0.5996059368851031,0.7110944141245278,0.8898798458890157,1.1457874004657451,1.1892318945200058,0.44489196242577767,0.5544262729574715,0.6948971643400854,0.8765969878261529,0.8489471974254285,1.3977587890625,0.8309054565429684,0.6274622344970703,0.45511080741882326,0.439473225402832,1.0071062145049396,0.7517339360528659
glas_52_TILE_5,joint_noise_arctique_semantic_glas_set_dropout_pu_1_00,1_00,0.3150570784928277,0.5999580955094518,0.7117763090561078,0.8963972464419357,1.0943472170756479,1.1366416106692265,0.4259525895433085,0.538114428767555,0.6843624801589193,0.875844801728041,0.875844801728041,1.310732421875,0.9904467773437499,0.7265768051147461,0.5895292043685914,0.5198652053833008,0.9894243676682605,0.7630230537007587
glas_52_TILE_6,joint_noise_arctique_semantic_glas_set_dropout_pu_1_00,1_00,0.3023289763368666,0.6019076197219093,0.7330273636325076,0.9675285372588674,1.1372742994718663,1.1725156413975046,0.4007794998298299,0.5039579555817805,0.659216073425507,0.8947393967258729,0.8947393967258729,1.3333642578125,0.9681665039062498,0.6224015045166015,0.37142189025878913,0.3519191879272461,1.102257300884532,0.8067940591724759
glas_57_TILE_0,joint_noise_arctique_semantic_glas_set_dropout_pu_1_00,1_00,0.5101800175616518,0.6016708903683121,0.6693459897135315,0.8339889279251186,1.078317059377002,1.1129200137147335,0.6319256784942736,0.691589798697138,0.732408680890644,0.8247866002524772,0.7401748647586296,1.0761279296875,0.763402099609375,0.6881526184082029,0.6112914085388185,0.5903789001464844,0.7992117561193095,0.6424354522512041
glas_57_TILE_1,joint_noise_arctique_semantic_glas_set_dropout_pu_1_00,1_00,0.5160058321198449,0.6075846974042866,0.6774093993278163,0.8386452958491548,1.0596394174813781,1.107758896884858,0.6382232020950235,0.7008578140716442,0.749515498513787,0.8709835794479405,0.7710345076534394,1.139345703125,0.832188720703125,0.7012737274169922,0.6056543159484864,0.5630207702636719,0.9535834041065454,0.6728769468296214
glas_57_TILE_2,joint_noise_arctique_semantic_glas_set_dropout_pu_1_00,1_00,0.5138712259940803,0.6040708271299222,0.6746197497443696,0.8558488898026316,1.0879436694811977,1.1257758989726028,0.6357231176717374,0.6976110477111173,0.7474621486479618,0.8685306442464688,0.7654314548661647,1.30947265625,0.8833453369140623,0.7116595458984374,0.6517210292816162,0.5826408233642577,0.9358256355755861,0.6546410746622456
glas_57_TILE_4,joint_noise_arctique_semantic_glas_set_dropout_pu_1_00,1_00,0.5215501730563119,0.6072263507374882,0.6722649563759985,0.8473833479847922,1.0969759031329924,1.1295332778346994,0.6417125108447831,0.6989156079789912,0.7436500947449005,0.8566960535246431,0.7496731302740807,1.0943505859374998,0.8136956787109375,0.6988044738769531,0.6030285072326662,0.5874027252197266,0.8789117206502075,0.628685100256339
glas_57_TILE_5,joint_noise_arctique_semantic_glas_set_dropout_pu_1_00,1_00,0.5515675485366955,0.6158629874908746,0.6699170947476486,0.8345668834372234,1.1108350504131217,1.1471481323242188,0.663311630430933,0.705108841432084,0.739220491797448,0.83820539215222,0.7535416410757306,1.29116455078125,0.9313656616210936,0.6613061523437499,0.6349032402038576,0.6231738281249999,0.8869835762975988,0.6665167507918652
glas_57_TILE_6,joint_noise_arctique_semantic_glas_set_dropout_pu_1_00,1_00,0.48742349829990417,0.6263373674473734,0.7057601152609935,0.9302989896076116,1.1281651088169642,1.1623050266912693,0.6239132461828863,0.71124188060164,0.7862669905995935,0.9834090005617764,0.8251670073103673,1.40565185546875,0.8771171569824219,0.6494725036621094,0.6086711502075195,0.5911048095703125,1.036274036383725,0.7052745404592917
glas_58_TILE_0,joint_noise_arctique_semantic_glas_set_dropout_pu_1_00,1_00,0.42998841221560724,0.6492065036232181,0.7351765533996647,0.9353509389342013,1.1203389313597918,1.157430034005931,0.5785604610088494,0.6974079447546345,0.8065641947048259,1.038548817696415,0.8716473487079438,1.377548828125,0.9673477172851562,0.7421099090576172,0.5732738304138185,0.5371331802368164,0.9064660746016002,0.7532581422249769
glas_58_TILE_1,joint_noise_arctique_semantic_glas_set_dropout_pu_1_00,1_00,0.441134623659309,0.6269369958431202,0.6975053261290153,0.8927968406916562,1.0868142049166938,1.1188005856318466,0.5829136455696698,0.6848343226107149,0.764564530417618,0.9322267859696797,0.7897734083872205,1.2828759765625,0.858780517578125,0.6998000621795655,0.5756360709667206,0.527414786529541,0.8392788196154061,0.69478089113532
glas_58_TILE_3,joint_noise_arctique_semantic_glas_set_dropout_pu_1_00,1_00,0.34347413561772555,0.6562264363140573,0.7191379544151963,0.9026226782330078,1.113892171603986,1.1515518792483006,0.4800536473675242,0.6286783516407013,0.7583953161126709,0.9387245701102269,0.8750948499108933,1.220439453125,0.8843154907226562,0.7156426239013672,0.6152932643890382,0.5648216339111328,0.9717364664635791,0.7532804687057967
glas_58_TILE_4,joint_noise_arctique_semantic_glas_set_dropout_pu_1_00,1_00,0.30146521030110307,0.6304374628004646,0.7059239376775028,0.926389865038319,1.1254000538793103,1.1669745746913152,0.41912207807042845,0.5489477257464929,0.7065082263296587,0.8709217916984006,0.8263151199140463,1.26057861328125,0.8450498962402344,0.6891122436523438,0.558128435611725,0.5251880020141604,0.9907084837537895,0.719053250739216
glas_54_TILE_0,joint_noise_arctique_semantic_glas_set_dropout_pu_1_00,1_00,0.49179167189868167,0.7361225893723681,0.8755580047329558,0.9969182628583417,1.1293230113949515,1.164628391206696,0.6524016575019345,0.7990562428489703,0.9827955016267602,1.2422858256378522,1.195664763393393,1.3671728515625,0.9402505493164063,0.706863899230957,0.5926359295845033,0.5509846343994141,1.1706651486538648,1.0311265947039117
glas_54_TILE_1,joint_noise_arctique_semantic_glas_set_dropout_pu_1_00,1_00,0.389258653493016,0.7331791881540823,0.8670297403608836,0.9850477090408394,1.1083517763868875,1.1398024719361917,0.5311431711823813,0.678042592016723,0.8865657555393827,1.1619596443513647,1.128928438936048,1.26839111328125,0.9049374389648438,0.6921875762939453,0.5268948209285738,0.4816137336730957,1.095947888597959,1.0139717176122574
glas_54_TILE_2,joint_noise_arctique_semantic_glas_set_dropout_pu_1_00,1_00,0.3621918228745926,0.6836032623090142,0.8181291686493293,0.9782067472244593,1.1299637579427715,1.158653561975226,0.49335707688662606,0.625578230736174,0.8123306624432569,1.1158791862465685,1.1504342184449325,1.2543945312500002,1.0190161132812496,0.8229748153686524,0.6493749618530273,0.5497629531860352,1.0427464490701746,0.9389672287827487
glas_54_TILE_4,joint_noise_arctique_semantic_glas_set_dropout_pu_1_00,1_00,0.40990526985842735,0.7135371931652194,0.8601697127580475,1.0013872991922717,1.1457773361410397,1.1848957401009594,0.552181200997352,0.6934584954532542,0.8903474355085629,1.1991382992138724,1.1920590702063645,1.474912109375,0.9697357177734375,0.6910976791381835,0.5175875425338746,0.46972617797851574,1.14044671247175,1.0287964354242094
glas_54_TILE_5,joint_noise_arctique_semantic_glas_set_dropout_pu_1_00,1_00,0.32786698087875266,0.6764758567722724,0.8163038726162295,0.9782235116181669,1.1370487504778288,1.1695519780072183,0.4518807770936812,0.5781100279882765,0.7682762869703983,1.0806976118350862,1.1184944796827996,1.504482421875,0.8902658081054687,0.6486331176757812,0.4995283478498459,0.4477996795654299,0.9919209294770572,0.8982127177820796
glas_54_TILE_6,joint_noise_arctique_semantic_glas_set_dropout_pu_1_00,1_00,0.38380512343428563,0.6692940771035193,0.7929357513634956,0.9831776680789951,1.1340743152006172,1.1638809206970295,0.5230224609375,0.6559899740735198,0.8220092736209591,1.115605129127898,1.0615758838767777,1.383798828125,0.8817221069335938,0.7393297576904296,0.6131552600860597,0.5625362365722656,1.093935437443419,0.8613243460164149
glas_25_TILE_0,joint_noise_arctique_semantic_glas_set_dropout_pu_1_00,1_00,0.419032109901309,0.5750376990837015,0.6566869275916514,0.8146187983547726,1.0850390625,1.1136800130208333,0.5459175466563542,0.631149861443807,0.6990784010832147,0.7657851133241759,0.733865284928078,0.9736230468750005,0.749901123046875,0.6767105102539063,0.6368861770629883,0.6136675109863282,0.8032870708521447,0.6655915687478078
glas_25_TILE_1,joint_noise_arctique_semantic_glas_set_dropout_pu_1_00,1_00,0.3478962160879746,0.6121619093442988,0.7253822561752644,0.9114901421340944,1.0912939612174266,1.1288949489974063,0.46692850192647717,0.5807894626460449,0.7243212763966418,0.9265764339158047,0.8650353689299063,1.2424414062500007,0.839227294921875,0.6227507019042968,0.47912427425384524,0.44719112548828127,0.8718141570283708,0.7453757151300652
glas_25_TILE_2,joint_noise_arctique_semantic_glas_set_dropout_pu_1_00,1_00,0.3046407444635406,0.5713783524450341,0.6728334834092267,0.8720863614341086,1.0679335578229514,1.102817499674818,0.40948634646055476,0.5092889735726338,0.6422101389908417,0.7789721198074735,0.7552834520413456,1.0598144531250002,0.6877496337890624,0.5553184127807617,0.4552579855918885,0.4668111831665039,0.7690436846418632,0.6257282220422055
glas_25_TILE_4,joint_noise_arctique_semantic_glas_set_dropout_pu_1_00,1_00,0.40282150101847947,0.5904484680502172,0.6766961456273985,0.892235573471439,1.0880114635886882,1.129202590678951,0.5266420133090375,0.626189686357975,0.7162488755425953,0.8337864250788933,0.766184394788115,1.3574804687500006,0.925081787109375,0.6463689422607424,0.5610031986236573,0.5154004394531251,0.969036259984616,0.6548991309237427
glas_25_TILE_5,joint_noise_arctique_semantic_glas_set_dropout_pu_1_00,1_00,0.4423791459412314,0.5894566911814643,0.6589817256155228,0.8357857511056658,1.0805991235723351,1.1253577758311604,0.5717668492580543,0.65289299004945,0.7097846426879896,0.7821257751320553,0.7205001659464806,1.1911669921875003,0.7532983398437498,0.6336141204833985,0.5486215305328369,0.5255599060058594,0.78606004800335,0.6182652784064661
glas_25_TILE_6,joint_noise_arctique_semantic_glas_set_dropout_pu_1_00,1_00,0.3933595043781679,0.5956301137083312,0.6609015518083801,0.9054553979531001,1.1073571767829307,1.141354714215573,0.5366877097271151,0.6363892037381564,0.705920523591822,0.7929440554835522,0.7266415745333867,1.1717553710937503,0.7361383056640625,0.634443359375,0.6064720153808594,0.5778238891601563,0.8651585835122115,0.6017721726746885
glas_8_TILE_0,joint_noise_arctique_semantic_glas_set_dropout_pu_1_00,1_00,0.5522121990798041,0.6174462854616706,0.6660056296768614,0.8389090178392714,1.094487953536436,1.1284710661967303,0.6636197303601011,0.7032985783295569,0.7366653381313643,0.8322009575076219,0.7473866500079372,1.1892919921875,0.908577880859375,0.7161789321899414,0.6535728359222412,0.6346904968261721,0.9701030043569414,0.6555566382541271
glas_8_TILE_1,joint_noise_arctique_semantic_glas_set_dropout_pu_1_00,1_00,0.5193134405417368,0.6173586370394925,0.6762641487183703,0.8337385216346154,1.103242599017423,1.1414372032580222,0.6470049656932457,0.7042883546560402,0.7484235547808322,0.8644678315484818,0.7658686569310411,1.211015625,0.8185528564453125,0.6910243225097656,0.6098330831527711,0.5942790954589845,0.9210096646278261,0.661814272071626
glas_8_TILE_2,joint_noise_arctique_semantic_glas_set_dropout_pu_1_00,1_00,0.5285045224009082,0.6036960832811221,0.6661166886124991,0.8449863411956262,1.0861799760298296,1.1225416041449199,0.6445248108222802,0.6958068261406083,0.7369288311183709,0.8377239218631718,0.739608573702083,1.1421801757812502,0.862960205078125,0.70109375,0.6245417022705079,0.6061105529785158,0.8355711960364913,0.6284352504692876
glas_8_TILE_4,joint_noise_arctique_semantic_glas_set_dropout_pu_1_00,1_00,0.5227072202833369,0.6176659234803974,0.6781153511613958,0.8368022036791054,1.0847787465260996,1.1206626080452127,0.6504983727576887,0.7068957959447759,0.7493341664216988,0.8676105332450861,0.7838625696463178,1.2133154296875,0.8543780517578125,0.6802447509765625,0.6095375728607179,0.609880584716797,0.8627029936261028,0.6777158897627943
glas_8_TILE_5,joint_noise_arctique_semantic_glas_set_dropout_pu_1_00,1_00,0.5473678044509143,0.6369104800396366,0.7048857524918833,0.8864780254037831,1.1089425888334326,1.1477970271915585,0.6768472500493654,0.7417569852632663,0.8054965259300086,1.0094168633086331,0.8247079773092562,1.3203955078125005,1.0172998046875,0.8511787414550781,0.6751750183105468,0.6204750579833984,1.0248609380407,0.6807038843497866
glas_8_TILE_6,joint_noise_arctique_semantic_glas_set_dropout_pu_1_00,1_00,0.52946694905404,0.6038461105217572,0.6679598011520462,0.8708997816801376,1.107743408203125,1.1549558087019836,0.6455885985886526,0.6985131304954169,0.7442870896125291,0.8620492423523607,0.7448344983552632,1.2518359375000003,0.9171640014648434,0.6733078002929688,0.596408977508545,0.5624158813476563,1.0452170414007576,0.6294327457601506
glas_30_TILE_0,joint_noise_arctique_semantic_glas_set_dropout_pu_1_00,1_00,0.375289579766104,0.6311845336217118,0.7257317207510456,0.9038159038665566,1.0949778675225734,1.1271724502578833,0.5059861785968491,0.6292130572592457,0.7593143065637225,0.9599764963933145,0.8441388272899347,1.21205810546875,0.80333251953125,0.6041509628295898,0.4971585774421692,0.45705103073120124,0.958935623412168,0.7343214445660828
glas_30_TILE_1,joint_noise_arctique_semantic_glas_set_dropout_pu_1_00,1_00,0.3470347069669515,0.6384042111287028,0.7413713860921658,0.9412947917344482,1.1477347453138467,1.187599308640017,0.4717091408208233,0.5970329260225973,0.7501618669468588,0.9812523074266387,0.9185686120455618,1.3284350585937503,0.8413218688964844,0.6315986442565916,0.48210750102996824,0.4814722854614259,0.9980583994903267,0.7751624572812201
glas_30_TILE_2,joint_noise_arctique_semantic_glas_set_dropout_pu_1_00,1_00,0.45011451793834567,0.6716870630749849,0.7853702029422108,0.9723640178729276,1.1402612362267837,1.1734663152370324,0.5994703062082479,0.7254190993811032,0.8664434228274823,1.1482315005334554,1.0285717345944776,1.28370361328125,0.9745166015625,0.6823704528808594,0.5517252779006959,0.496773828125,1.0390945891628913,0.8676403813299621
glas_30_TILE_4,joint_noise_arctique_semantic_glas_set_dropout_pu_1_00,1_00,0.3978535506466869,0.6413740967039574,0.7376066650849649,0.9336275971353593,1.1041723175536775,1.1343913976992126,0.5325190721130404,0.655703715980053,0.7846410143740787,1.0126129024765589,0.8947290752818639,1.2921337890625,0.91936767578125,0.6058932209014892,0.5159762454032899,0.4924140441894533,0.9771758124896083,0.7647569607375313
glas_30_TILE_5,joint_noise_arctique_semantic_glas_set_dropout_pu_1_00,1_00,0.4052242472534999,0.6557557047624122,0.769468694835842,0.9640326401232104,1.134388547474485,1.1712953964904487,0.5429387991388881,0.6687847765766574,0.8158054945944916,1.0823931052721867,0.9886060287383364,1.2946582031250002,0.965302734375,0.7053053283691406,0.578292407989502,0.5453190505981447,1.0712338868498255,0.8260462540223593
glas_30_TILE_6,joint_noise_arctique_semantic_glas_set_dropout_pu_1_00,1_00,0.39538717683171853,0.6519865160495595,0.7663396822817785,0.9382340286505941,1.107886183545433,1.1410540291432585,0.534023845474004,0.6606696477093312,0.8075453726725343,1.0595531981008077,1.0021416140005655,1.4622314453125003,0.8826437377929686,0.6711019134521483,0.5243848395347596,0.4849566925048828,1.1064156339283586,0.8397417579987336
glas_5_TILE_0,joint_noise_arctique_semantic_glas_set_dropout_pu_1_00,1_00,0.3126777744037099,0.6284905754630425,0.7100106669716741,0.8995374671352269,1.155470056287477,1.189332022987176,0.4372386919485837,0.5685467998110352,0.7177491016598434,0.8813517019668952,0.8995374671352269,1.34121826171875,0.8343298339843748,0.6828720092773437,0.5000291955471039,0.4770845397949219,1.1260542741412123,0.7563925481970353
glas_5_TILE_1,joint_noise_arctique_semantic_glas_set_dropout_pu_1_00,1_00,0.3538643737847451,0.6067631427810174,0.6823390212349493,0.8790047976356491,1.0928544763893049,1.1344685689929,0.4864994733424681,0.6042917583249123,0.7119961290773296,0.8302715015510881,0.7792473310847227,1.0928027343750002,0.7449105834960937,0.6341846466064454,0.5275337076187134,0.47467593231201183,0.8320218211819925,0.6741588942727399
glas_5_TILE_2,joint_noise_arctique_semantic_glas_set_dropout_pu_1_00,1_00,0.3490110638376791,0.6014687230061657,0.6703941992171681,0.8462758931891423,1.0744761049800355,1.1132446562150446,0.4844968228564967,0.6041640914064884,0.7010789328474339,0.784108310126756,0.7682426740013669,1.00954345703125,0.78771484375,0.6902101135253906,0.6356353569030762,0.5787470642089845,0.8002975260714599,0.6594142539828431
glas_5_TILE_4,joint_noise_arctique_semantic_glas_set_dropout_pu_1_00,1_00,0.33218033288721927,0.594749400445365,0.6750011110184003,0.8506377715250848,1.080374089837272,1.1114446135685885,0.45518186015735673,0.5699904998407801,0.6895989662135101,0.7916627925862458,0.7644602310320091,1.0616015625000004,0.8607818603515623,0.6955012512207032,0.4774677687883378,0.44268883209228516,0.8616273777240975,0.6522691074091838
glas_5_TILE_5,joint_noise_arctique_semantic_glas_set_dropout_pu_1_00,1_00,0.39531982550397515,0.6096654565476542,0.6739673791309142,0.8837898276597829,1.1005046080591079,1.1296712712037373,0.544022360803443,0.649641200713711,0.721807842121041,0.8200561233828217,0.7598852331409478,1.2380761718750002,0.7834513854980467,0.6476335144042968,0.5436685657501221,0.5049631607055665,0.8899962818998632,0.6574249329955645
glas_5_TILE_6,joint_noise_arctique_semantic_glas_set_dropout_pu_1_00,1_00,0.43332803482189775,0.6180520227713179,0.6855555277269871,0.8734974109521632,1.0940127981564538,1.1286174962338846,0.5760874454286419,0.6747742257807733,0.7425387545860369,0.8646915207058979,0.7942666336251001,1.21048828125,0.7392877197265624,0.68691162109375,0.6600832843780519,0.6171314819335937,0.9522270232267525,0.698045094463625
glas_7_TILE_0,joint_noise_arctique_semantic_glas_set_dropout_pu_1_00,1_00,0.2985455081798136,0.6355632956129932,0.7243808119373832,0.9263851304712856,1.1083268229166667,1.143101267207186,0.4091707437477012,0.5274338006485823,0.698204267442581,0.8895702740468348,0.9118342428574443,1.16765380859375,0.7658631896972655,0.6132822608947753,0.4135867989063264,0.37238658828735355,0.9186232149171751,0.7842327615489131
glas_7_TILE_1,joint_noise_arctique_semantic_glas_set_dropout_pu_1_00,1_00,0.37109755631536245,0.7001119703278631,0.8158938904176719,0.9808921522973213,1.127978538102271,1.1564717130085302,0.5054775573791667,0.6442645080387592,0.8320806814317766,1.1266493552154844,1.0281506000052345,1.3382421875,0.9741357421875,0.6483600807189941,0.5350163316726686,0.49757608947753906,1.0402970581594349,0.8961901431009767
glas_7_TILE_2,joint_noise_arctique_semantic_glas_set_dropout_pu_1_00,1_00,0.25985556485829875,0.642087906510365,0.755604799204003,0.9349580984679551,1.1247265763617813,1.1608976686819514,0.3579005990513575,0.4690465597106729,0.6504650101423906,0.9155842567868796,0.9036286711230427,1.32031005859375,0.8645886230468749,0.6186456394195555,0.46607402682304383,0.42457094955444336,0.8953302035082391,0.8060925735710817
glas_7_TILE_4,joint_noise_arctique_semantic_glas_set_dropout_pu_1_00,1_00,0.36481373372953385,0.6327527176387533,0.722296621708418,0.9296355537183879,1.099894783814149,1.1265821813899566,0.4923460543831224,0.6162757988740619,0.7505423417572786,0.9472941855483625,0.8651017541636727,1.1896093750000003,0.8441073608398435,0.7420041275024414,0.577366051673889,0.49045206756591797,0.9351199315352818,0.7361244849878401
glas_7_TILE_5,joint_noise_arctique_semantic_glas_set_dropout_pu_1_00,1_00,0.34769311477430165,0.6330030295333818,0.7249917414556999,0.9375210511103043,1.0992824260117247,1.129215275624557,0.47223599045087805,0.5952196779965714,0.7409668837268766,0.9359678915030757,0.8800488201493408,1.1332495117187502,0.764472198486328,0.5448117494583129,0.42260162115097044,0.4074991653442383,0.9266850562086149,0.7655605035333743
glas_7_TILE_6,joint_noise_arctique_semantic_glas_set_dropout_pu_1_00,1_00,0.3791945432894863,0.6595050243734877,0.7569056524192141,0.9318686603225237,1.098016812638654,1.1307643905700928,0.5128259918866787,0.6440485194325447,0.7929953460825161,1.028714985427461,0.9252637762024649,1.2406005859375,0.8422055053710937,0.707774486541748,0.5088177680969239,0.4668347686767579,0.930177939477664,0.7992185533831149
glas_61_TILE_0,joint_noise_arctique_semantic_glas_set_dropout_pu_1_00,1_00,0.30965458607533947,0.6453973805321829,0.7242159951153248,0.92726024227302,1.0974870104452643,1.128846500835697,0.431235946974225,0.5610121293162799,0.7269784423679229,0.9152524015541571,0.8326691994499563,1.3012060546875,0.9134255981445311,0.7430074310302734,0.5782329177856448,0.5618734313964846,1.0269089363996484,0.7056740488816013
glas_61_TILE_1,joint_noise_arctique_semantic_glas_set_dropout_pu_1_00,1_00,0.3860053395910654,0.6457156533364034,0.754466679294157,0.9681748914059014,1.149515604391075,1.1875698978813287,0.5237377061329249,0.6514236222035208,0.7931654715522278,1.0544752393865229,0.8826207698953971,1.3259765625000006,1.0484365844726562,0.8283072280883789,0.6127613639831543,0.5409302963256837,0.9783730551335836,0.7053016536438117
glas_61_TILE_2,joint_noise_arctique_semantic_glas_set_dropout_pu_1_00,1_00,0.4374876019428484,0.6437427549014667,0.7371005145349854,0.9568340909957304,1.1301673296717545,1.1636569440857438,0.589399886252881,0.7025089937919591,0.8142754126437767,1.0658112641915574,0.8821201651707491,1.2926318359375,1.0800012207031247,0.9084744644165038,0.7221211266517641,0.6357390083312988,0.9677152631169382,0.6821445052635426
glas_61_TILE_4,joint_noise_arctique_semantic_glas_set_dropout_pu_1_00,1_00,0.3210675827867817,0.6321837629399227,0.7007430801479599,0.9072576366297017,1.1175532588252315,1.1504960132524404,0.4385246028772114,0.5622657137865348,0.7114535064511107,0.8611968962403432,0.7918885790887001,1.34916748046875,0.8988554382324216,0.6633363151550293,0.57315758228302,0.5515656173706056,0.9355345390413076,0.6682875637139368
glas_61_TILE_5,joint_noise_arctique_semantic_glas_set_dropout_pu_1_00,1_00,0.4117274039890617,0.6338264661212377,0.7295960986311281,0.9169806016820169,1.084089268335133,1.1175015197535745,0.5529157042958106,0.6705230589028502,0.7868297047349159,1.0031242417069504,0.8370738430927993,1.1976123046875,0.9526489257812498,0.6934114456176758,0.5653513431549073,0.5449497116088868,0.9324313723087531,0.685808564739899
glas_61_TILE_6,joint_noise_arctique_semantic_glas_set_dropout_pu_1_00,1_00,0.42854170367354527,0.6391189213304888,0.7311429468978365,0.9401705722317202,1.1000959308745584,1.1306217876860665,0.5740512409114997,0.6890426159443368,0.7999118191595758,1.0320357613346165,0.8563974699721405,1.2318438720703129,0.9231320190429687,0.7359893798828125,0.6081547474861146,0.5667586563110352,0.989935899227479,0.6776644379003172
glas_59_TILE_0,joint_noise_arctique_semantic_glas_set_dropout_pu_1_00,1_00,0.4350416904198937,0.6068739731722327,0.6825925628212768,0.8483832019339123,1.0833373511731486,1.1283467975283752,0.5795904078309593,0.670853946705929,0.7423637749089605,0.8689947315856656,0.8094727912942019,1.4096411132812505,0.888359375,0.6768600463867187,0.6217668628692627,0.5427253826141358,0.9368447512239185,0.7023240269882798
glas_59_TILE_1,joint_noise_arctique_semantic_glas_set_dropout_pu_1_00,1_00,0.4025057088583708,0.6018829412361075,0.6799382989263503,0.8674193817143475,1.0428666345605022,1.0767018945769906,0.5466367153231662,0.6475871313313409,0.731051872068376,0.8620525105484227,0.7848410429421232,1.13561279296875,0.98634521484375,0.7118484115600584,0.5671257901191712,0.5325420623779298,0.9489571113770434,0.6490742544688529
glas_59_TILE_2,joint_noise_arctique_semantic_glas_set_dropout_pu_1_00,1_00,0.4544833994586952,0.5870573059851382,0.6616068837166825,0.8127865518333169,1.0949289422286184,1.1357534351710705,0.5858936854818716,0.6611065356726105,0.7137283932760589,0.7829703139867882,0.7470427528003789,1.2811621093750003,0.8598376464843749,0.6714828491210936,0.5997917318344117,0.5555337936401368,0.8098231506180997,0.6495566469777738
glas_59_TILE_4,joint_noise_arctique_semantic_glas_set_dropout_pu_1_00,1_00,0.5269989954540506,0.6352693353191778,0.7152315298129992,0.8735822890833651,1.0390308464685278,1.077963880864846,0.6655499669016693,0.7420353150154739,0.8124519658282521,0.9918733979084233,0.8769682828789971,1.4472998046875,0.9639282226562499,0.8079179382324219,0.6329731655120852,0.588409487915039,1.007892706138838,0.7493616232550947
glas_59_TILE_5,joint_noise_arctique_semantic_glas_set_dropout_pu_1_00,1_00,0.4019917050609365,0.5910698615175849,0.6540124090758369,0.7883386770481121,1.0369816004672898,1.0617392155466971,0.5439261505472837,0.6372842251263349,0.6951378230183547,0.744097830339842,0.7133376707500183,1.0749902343750004,0.81482177734375,0.6749761199951171,0.5753757762908936,0.5367303283691406,0.66491060483606,0.6515373761425897
glas_59_TILE_6,joint_noise_arctique_semantic_glas_set_dropout_pu_1_00,1_00,0.34150004884577356,0.5934764804980981,0.6841877736863057,0.86104346234862,1.0600258095662507,1.0960281566960932,0.4714055049386921,0.5833163194351757,0.7008234076703823,0.8280219452972435,0.8134868427945219,1.2994482421875007,0.9602618408203122,0.7262631988525391,0.5509510827064515,0.5381285461425781,1.0415489995222764,0.6724067860822461
glas_9_TILE_0,joint_noise_arctique_semantic_glas_set_dropout_pu_1_00,1_00,0.40768578567076474,0.5913600192318442,0.6572936186588141,0.8731199818045287,1.1181630224973376,1.1472598805147058,0.5499211861826474,0.6410606627459204,0.7012381023938535,0.7672446988718036,0.7184335779830979,1.14322265625,0.7762518310546875,0.664564208984375,0.6136586380004885,0.5846388671875,1.100890937705166,0.6214130184113427
glas_9_TILE_1,joint_noise_arctique_semantic_glas_set_dropout_pu_1_00,1_00,0.4555857594823465,0.6106192865616599,0.7017244093323312,0.9791041100543478,1.179857753990178,1.2081453236873507,0.590919758479701,0.6836032156437793,0.7713467729770072,0.9685206794129393,0.8142642010374931,1.438359375,1.0572384643554686,0.7112317657470704,0.5660175800323487,0.5557791534423828,1.096362416605988,0.6682437035073092
glas_9_TILE_2,joint_noise_arctique_semantic_glas_set_dropout_pu_1_00,1_00,0.5228650643839501,0.6165521598041742,0.6797755230750463,0.8544088054481163,1.1028404197958044,1.1533019630772292,0.6502318452526921,0.7083694570677214,0.7533022417617237,0.8802492088983211,0.7689168996988507,1.339677734375,0.8678436279296874,0.7243679046630858,0.6394804382324221,0.6257944091796875,1.0917403300938529,0.6768517022597973
glas_9_TILE_4,joint_noise_arctique_semantic_glas_set_dropout_pu_1_00,1_00,0.4090768823516555,0.5888814907477341,0.6575256907685738,0.8835984128321139,1.0627988204506384,1.0919718424479166,0.5565289737664832,0.6440498667245759,0.7031511184662125,0.7685999644886363,0.7238467487060088,1.0654882812500002,0.7668386840820313,0.6555999755859374,0.6362590789794923,0.6001979705810547,0.883866441384963,0.6309156546861436
glas_9_TILE_5,joint_noise_arctique_semantic_glas_set_dropout_pu_1_00,1_00,0.34461706632282585,0.5708533506348549,0.6597950613776419,0.8677296653865102,1.101661744156504,1.1434338396369814,0.4728842242042247,0.5755307033180307,0.6773931592348185,0.7662754769525947,0.7395866028457836,1.310771484375,0.7506639099121094,0.6211782836914063,0.5624462890625,0.5230820693969729,0.8683403678656052,0.637998814064142
glas_9_TILE_6,joint_noise_arctique_semantic_glas_set_dropout_pu_1_00,1_00,0.4831783486297354,0.5961854171511182,0.6507800348204186,0.791402441519936,1.0856584821428572,1.12790637433687,0.6136562893366646,0.6691034644306233,0.7018898249724279,0.741353084037637,0.705548043906692,1.08416748046875,0.7224682617187499,0.6604342651367187,0.6257307434082032,0.5756143951416016,0.8897318990113119,0.6319066698306075
glas_44_TILE_0,joint_noise_arctique_semantic_glas_set_dropout_pu_1_00,1_00,0.38709126715548337,0.6885675778117482,0.7992621167576793,0.983833990475792,1.126733446841162,1.1564938415901138,0.5285152729815523,0.6689697571089482,0.8384510953694178,1.126733446841162,1.0408086396758653,1.3206396484375,1.0291082763671875,0.7693560409545899,0.6594268274307251,0.5700095283508303,0.9487715253293147,0.8650471003360253
glas_44_TILE_1,joint_noise_arctique_semantic_glas_set_dropout_pu_1_00,1_00,0.32222210479085334,0.6180824129694107,0.720882445342781,0.9192321439474113,1.0865735370117875,1.116848863191545,0.4374443652433136,0.5551900307318045,0.7079580829097688,0.9051556663553896,0.8476263118264183,1.1634472656250003,0.8400466918945313,0.6396038627624512,0.49441824316978455,0.4641172927856445,0.9793654420351579,0.7140614626218946
glas_44_TILE_2,joint_noise_arctique_semantic_glas_set_dropout_pu_1_00,1_00,0.37360643153078854,0.6350464848591074,0.7427005177178715,0.966856789579481,1.1086261044755428,1.1369145622222596,0.500359439452827,0.6212915550839296,0.7657307413298562,1.0054934617949696,0.8883305580082924,1.1772119140625,0.9549798583984375,0.6598222732543944,0.4979627573490144,0.510385541534424,0.9346189498878669,0.7389765649119526
glas_44_TILE_4,joint_noise_arctique_semantic_glas_set_dropout_pu_1_00,1_00,0.2984438873245381,0.6825481562609832,0.7785026401083573,0.9629115831906393,1.1349264020144243,1.162952519806338,0.4126593473262943,0.5354860719080895,0.734907497747082,1.0057970364694555,1.0066559697014612,1.2671142578125,1.0004736328125,0.7982700347900389,0.7010131931304933,0.6201914543151855,1.0286235274359588,0.7750212950688973
glas_44_TILE_5,joint_noise_arctique_semantic_glas_set_dropout_pu_1_00,1_00,0.3469563847174868,0.6499428681103615,0.7398726576265536,0.9467058116780799,1.1154338709002678,1.1489588251495122,0.4710948099309657,0.598414890992835,0.754888967827098,0.9749233975334958,0.8765029072632305,1.22404296875,0.9929052734375,0.7463225555419922,0.6509230148792269,0.5986646049499511,0.9945217584876825,0.7396682369302017
glas_44_TILE_6,joint_noise_arctique_semantic_glas_set_dropout_pu_1_00,1_00,0.4151777272345498,0.6472970141225629,0.7509603432671379,0.9441271864128334,1.1098384790616518,1.1449236771914648,0.5569819578385882,0.6796204252071064,0.8097306232759827,1.0566288555968726,0.9225452127586244,1.27426513671875,0.867557373046875,0.6850142097473143,0.51587646484375,0.4711141242980957,0.9844654333798724,0.7402296514570766
glas_19_TILE_0,joint_noise_arctique_semantic_glas_set_dropout_pu_1_00,1_00,0.4571085593197495,0.592770382480601,0.6708500211049735,0.8245135530802773,1.0610848278550864,1.1007952008928572,0.5864732991600319,0.6667515325765925,0.7276020953509351,0.8264904446842345,0.7486304345910463,1.1474707031250002,0.8457666015625,0.6573124694824218,0.5968486022949219,0.5768802764892579,0.9014603057613987,0.652759629025596
glas_19_TILE_1,joint_noise_arctique_semantic_glas_set_dropout_pu_1_00,1_00,0.4337592811207287,0.5892941545022863,0.6672613256519523,0.8467924845480377,1.120259018059758,1.1576290646114864,0.5671202462678435,0.6523944524622772,0.7185386832351038,0.8096955862410203,0.7456507252786824,1.3712890625,1.0459478759765626,0.7319688034057618,0.5669224548339844,0.5179917785644531,0.873971126264905,0.6455539178149253
glas_19_TILE_2,joint_noise_arctique_semantic_glas_set_dropout_pu_1_00,1_00,0.42382591584464535,0.5931076392570032,0.6626743231946366,0.832292709284985,1.0547784961092388,1.1001908117296355,0.5600656823216388,0.649159076477453,0.7109846385790864,0.7888470396246329,0.725409244638319,1.1697607421875003,0.9325347900390625,0.7054056549072265,0.6053792953491213,0.5918740844726562,0.8756035882493669,0.6193720722548208
glas_19_TILE_4,joint_noise_arctique_semantic_glas_set_dropout_pu_1_00,1_00,0.25715587474405766,0.6117567284256213,0.7104304588144243,0.8999246621848176,1.086539645154937,1.124147325040453,0.3595520522359946,0.4727798901391024,0.6425930982299507,0.8393559133831007,0.8767849794697186,1.3249316406249998,0.8038464355468747,0.6574779510498047,0.5155868554115295,0.41926193809509277,0.952817053596824,0.7111502531178259
glas_19_TILE_5,joint_noise_arctique_semantic_glas_set_dropout_pu_1_00,1_00,0.4015629123314284,0.631938740162649,0.7351523142821635,0.8782743566176471,1.0605027991836864,1.1037379688018587,0.5367792203139985,0.65322773826063,0.7802004371586868,0.9748249816428899,0.9237740106230334,1.2381884765625006,0.9657095336914062,0.6498617553710937,0.5335729718208313,0.48678526458740246,0.8941080789960498,0.7725995022607935
glas_19_TILE_6,joint_noise_arctique_semantic_glas_set_dropout_pu_1_00,1_00,0.3768777478544507,0.5871463430173854,0.6810809759410549,0.8537070326141523,1.1051195810960202,1.150700963438735,0.5071495323363229,0.6091336009376621,0.7114002508535299,0.8328339010747504,0.7782192160345233,1.3664770507812503,0.7355040740966795,0.6169544982910156,0.48255389511585234,0.4298418918609619,0.9481286052092405,0.6603062072638528
glas_13_TILE_0,joint_noise_arctique_semantic_glas_set_dropout_pu_1_00,1_00,0.3377486857934855,0.6310744272081246,0.7585782668519213,0.9287401423355184,1.0884663484534438,1.128395330114719,0.456251121292826,0.5723739941129097,0.7345688475321002,0.9826447082649908,1.0631739810542506,1.3678125000000003,1.065692138671875,0.6803175354003906,0.45282591581344606,0.41851938400268557,1.0468838223332035,0.78958527225776
glas_13_TILE_1,joint_noise_arctique_semantic_glas_set_dropout_pu_1_00,1_00,0.36544115318974946,0.6321832171941207,0.7503094743673434,0.9407354379467918,1.1331789267728594,1.1790187081215342,0.49255144382237737,0.6098903219299066,0.760236838856818,1.0093334492151782,0.9334404946448703,1.32060546875,0.916574249267578,0.6586204719543456,0.46427943110466,0.45464722061157226,1.0713028568893694,0.7314760789754544
glas_13_TILE_2,joint_noise_arctique_semantic_glas_set_dropout_pu_1_00,1_00,0.3956495651509613,0.5917597335755994,0.7024897668582334,0.9136357115531752,1.0979594041798801,1.1293591750546192,0.5182546941999798,0.6199129596352577,0.7333084635284328,0.9121403887612065,0.8296937244293713,1.2232958984375,0.9039462280273437,0.6108683776855469,0.49807507276535035,0.4645270050048828,1.0859327136911305,0.66305707664058
glas_13_TILE_4,joint_noise_arctique_semantic_glas_set_dropout_pu_1_00,1_00,0.2883650090370793,0.6298733711326782,0.7807362508430755,0.942867390568981,1.1039397800429185,1.140184925395597,0.39608497615472105,0.5063856563558223,0.6761748041910269,0.9670193489821592,1.14567380046034,1.30669189453125,0.8152166748046872,0.6241268157958985,0.4079691350460053,0.41150409927368176,1.003701915952496,0.9092737905702241
glas_13_TILE_5,joint_noise_arctique_semantic_glas_set_dropout_pu_1_00,1_00,0.38771816952794325,0.6056337154747231,0.7103104101140552,0.8791965939686119,1.106420758126796,1.1408401606532879,0.5197640052362039,0.6284697791773446,0.7449700998795694,0.920140373252014,0.8283948373419631,1.339365234375,0.8910528564453122,0.6047229194641113,0.5043343734741211,0.4707501647949219,1.033871487693695,0.6871673024154082
glas_13_TILE_6,joint_noise_arctique_semantic_glas_set_dropout_pu_1_00,1_00,0.43531217967392877,0.6090533998670755,0.710460456543862,0.948091640210064,1.1357700239689479,1.1648060087496086,0.568151258089237,0.6683437526226044,0.7702654825288275,0.9770719849916197,0.8507700956549078,1.2583642578125,0.9711077880859372,0.7269137954711914,0.537565336227417,0.5188353729248046,0.9987930466953363,0.6951618721436249
glas_18_TILE_0,joint_noise_arctique_semantic_glas_set_dropout_pu_1_00,1_00,0.3428670266875997,0.6321948258565256,0.7477334054217502,0.9778955244526967,1.1462061240865513,1.1785580868503998,0.46090273243153906,0.5820839314476907,0.7393478518505862,0.9858565167682927,0.8905041143467376,1.4420458984375,0.9490106201171872,0.7372204208374024,0.4400800979137421,0.43596120529174803,1.0695553546258236,0.8037214285106844
glas_18_TILE_1,joint_noise_arctique_semantic_glas_set_dropout_pu_1_00,1_00,0.2907459100824781,0.6239838420395647,0.7672353202948362,0.9500645481691106,1.1335862331012505,1.1638217186918929,0.3892905992418391,0.494061211504867,0.6606022415196053,0.935509428981587,0.9196768332312961,1.2777783203125,0.9274900817871093,0.5989761543273926,0.43148419380187997,0.4331154586791993,0.9801162215351042,0.8069681005824572
glas_18_TILE_2,joint_noise_arctique_semantic_glas_set_dropout_pu_1_00,1_00,0.30104317842051387,0.577576283211416,0.7072679112980604,0.9343791317024334,1.099048924014858,1.1399265211455676,0.3982594518629284,0.4964829298960717,0.6384849053680397,0.8420045023606457,0.8289932842801433,1.28703125,0.7830133056640625,0.5683857822418212,0.43449636578559875,0.36244752044677736,1.0128562207637886,0.7376933610299569
glas_18_TILE_4,joint_noise_arctique_semantic_glas_set_dropout_pu_1_00,1_00,0.31968902685912326,0.6089743029433513,0.6976501318117426,0.8995504030661872,1.1630395558781315,1.2071420035344562,0.4455091663238115,0.5705354978129482,0.7045275427161702,0.867593694034827,0.8184015454806204,1.5454589843750002,1.09084716796875,0.6322411346435547,0.5171165847778322,0.47875801467895507,0.934917000748896,0.7070634755884267
glas_18_TILE_5,joint_noise_arctique_semantic_glas_set_dropout_pu_1_00,1_00,0.2526775023434311,0.6109837541361338,0.6909272350899713,0.8720828637774519,1.0666980924567504,1.0947158528381398,0.3547158186494167,0.4749070554971695,0.6439072467761469,0.8015511779646587,0.7990038484224649,1.1018872070312502,0.84115966796875,0.668956527709961,0.49614973604679113,0.4772487716674806,0.8533261166888131,0.6685833140277208
glas_18_TILE_6,joint_noise_arctique_semantic_glas_set_dropout_pu_1_00,1_00,0.2830356300692074,0.6283872488599064,0.7270220956966774,0.9021919557106974,1.1292700162716955,1.1672282201337638,0.3949954826029572,0.5105058995473046,0.6797137855756278,0.8816288148549073,0.8975679403877888,1.4411572265625,0.9683416748046874,0.6520478057861326,0.47142453432083137,0.43896695709228517,0.8747062517436155,0.7481388471678879
glas_20_TILE_0,joint_noise_arctique_semantic_glas_set_dropout_pu_1_00,1_00,0.32709213052294217,0.6207913821734112,0.6902122339434587,0.9132208370334348,1.0908665475482215,1.1228017128661087,0.44643286456360826,0.5687473376499855,0.7055440164534721,0.8421168038822591,0.7780357500572345,1.212060546875,0.893580627441406,0.7115147018432616,0.5610690784454346,0.5044778762817382,0.9244380818937737,0.652453830265313
glas_20_TILE_1,joint_noise_arctique_semantic_glas_set_dropout_pu_1_00,1_00,0.40466945836669765,0.6507571564783365,0.7398032759215752,0.9658299448402913,1.1184652612731243,1.1465056446094302,0.5456465894954626,0.6732674575036044,0.7973602762130614,1.0444047881335747,0.863149370939355,1.23876953125,1.0186126708984375,0.7408080673217774,0.5835538864135743,0.5397276809692384,0.9793957394480163,0.7098946130436656
glas_20_TILE_2,joint_noise_arctique_semantic_glas_set_dropout_pu_1_00,1_00,0.45725812422460876,0.6733412030596547,0.7570471781412088,0.9783692443491104,1.1337319995942194,1.1625654112617925,0.6145393652452307,0.7356475885017774,0.8509514170321545,1.1278408074982835,0.9193389175398983,1.278447265625,1.0911102294921873,0.7375378608703613,0.5904761123657226,0.5490792091369631,1.013118193723354,0.7562398361910206
glas_20_TILE_4,joint_noise_arctique_semantic_glas_set_dropout_pu_1_00,1_00,0.39787801131024025,0.6663592123867746,0.7340036910709711,0.9501159103795789,1.1358156994561464,1.1634173529914669,0.5463070191813222,0.6822648006929186,0.7962055997794193,1.0276652992508006,0.8682990534270265,1.23669921875,0.9571621704101563,0.8354081916809081,0.6542457056045532,0.6219441375732424,1.0026843942352652,0.7328641896713298
glas_20_TILE_5,joint_noise_arctique_semantic_glas_set_dropout_pu_1_00,1_00,0.44836547248996794,0.6578623779014149,0.7417294577359556,0.9479723371885095,1.1056862198004203,1.136491675714211,0.6018408446850546,0.7182820787014258,0.8260749424600908,1.0712986643721418,0.882948311101549,1.314990234375,1.0582693481445313,0.7461458587646483,0.605940091609955,0.5883846008300783,1.0010078299518521,0.7326570532448936
glas_20_TILE_6,joint_noise_arctique_semantic_glas_set_dropout_pu_1_00,1_00,0.47622174298157915,0.6594523895038905,0.7469747087768279,0.9316981641907995,1.0998824605559532,1.1350085819128788,0.627061874680688,0.7369205770888645,0.8407284590845607,1.07947716918629,0.8864489153642454,1.3672998046875002,0.9643603515624999,0.771709213256836,0.646972076892853,0.6096281112670898,0.8833824361479738,0.7460862390789462
glas_47_TILE_0,joint_noise_arctique_semantic_glas_set_dropout_pu_1_00,1_00,0.40753513132221997,0.5973930142270646,0.674844338139539,0.8494993830335676,1.0918601288830139,1.1314679284727904,0.5440256373888477,0.6431493932021476,0.7205033092604479,0.822713420805708,0.7670517386303309,1.1858300781250002,0.7925393676757811,0.6506192779541016,0.5485326528549195,0.511306576538086,0.9759760167002207,0.6680972952993114
glas_47_TILE_1,joint_noise_arctique_semantic_glas_set_dropout_pu_1_00,1_00,0.4666860526194796,0.6150278931980421,0.6889568437198822,0.9030242577432812,1.1082371048062865,1.1432281042618582,0.6053044339939108,0.6913358593344874,0.7574017185994091,0.908702747836648,0.7955472376114853,1.30124755859375,0.804908447265625,0.70891845703125,0.6326559352874755,0.5793795532226563,1.049982754149994,0.6975229368160274
glas_47_TILE_2,joint_noise_arctique_semantic_glas_set_dropout_pu_1_00,1_00,0.3480354272178374,0.6011152753628926,0.6885139665710983,0.8562310856972153,1.095953318698347,1.1365383137071794,0.4785871195633111,0.593622338538647,0.7106739154243702,0.8423242483652388,0.8060944139772597,1.2414111328125,0.8014556884765625,0.6575634002685546,0.5927856206893921,0.5431248893737793,0.8973272103017494,0.6941289297082515
glas_47_TILE_4,joint_noise_arctique_semantic_glas_set_dropout_pu_1_00,1_00,0.4124570087296888,0.6171415642432484,0.6862156188565921,0.930315781220272,1.1229470458779387,1.166141068801177,0.5572142104478883,0.6631411148160228,0.7418858445242689,0.8762189513471957,0.7911299477704004,1.372119140625,1.0930941772460934,0.6548791503906248,0.5459893536567688,0.5259750747680664,1.0766584830281465,0.6771796505400411
glas_47_TILE_5,joint_noise_arctique_semantic_glas_set_dropout_pu_1_00,1_00,0.4351673317141831,0.6246751449364603,0.6989363980342373,0.899219455372114,1.1228164260451858,1.1524232641250485,0.5774311708925419,0.6806709157792763,0.7635917460325011,0.9344072789953859,0.8253792568357758,1.2873095703125,0.9531155395507812,0.6891107177734374,0.6091226768493654,0.5760728881835938,0.9335444348604658,0.7145575312233495
glas_47_TILE_6,joint_noise_arctique_semantic_glas_set_dropout_pu_1_00,1_00,0.13062544399872422,0.6134234946185039,0.8319742736433501,1.00194175760582,1.1823425897277229,1.2367765943495204,0.16463401330640107,0.19078629763160526,0.23690084260419308,0.4062995689603824,1.5490409655448718,1.3717285156250003,0.9165919494628905,0.4375648212432861,0.18160564780235292,0.16303022003173828,1.5212464943910255,1.5212464943910255
glas_29_TILE_0,joint_noise_arctique_semantic_glas_set_dropout_pu_1_00,1_00,0.36658929055556655,0.640286184995229,0.7394683807699658,0.9497714775527071,1.1246497245756075,1.1592224587558788,0.4992040208438617,0.6259425953030586,0.7673142213781188,1.0015150707911078,0.8765163796958855,1.2976904296875003,1.0410064697265622,0.7256208801269531,0.6082466077804566,0.561199690246582,0.9700620389944918,0.7218304621664325
glas_29_TILE_1,joint_noise_arctique_semantic_glas_set_dropout_pu_1_00,1_00,0.318128749349853,0.6303129758488358,0.7330078439276712,0.9607264583936849,1.112287190631643,1.1465345180655295,0.4374164761066374,0.5604158275597613,0.7202344231725806,0.9383197681573765,0.8558407904177296,1.1953076171875,0.8494726562499999,0.6585940456390378,0.5352645850181581,0.4980733589172363,0.899947181705608,0.7285074461891686
glas_29_TILE_2,joint_noise_arctique_semantic_glas_set_dropout_pu_1_00,1_00,0.33791815501172096,0.6358328978688306,0.7279356039005475,0.9248030226683478,1.098935495903055,1.1328422339279163,0.46145783325378886,0.586844157968893,0.7377114023169337,0.9407611088632902,0.8510377081862769,1.2466845703125,0.8831600952148436,0.5612502479553222,0.4469028162956238,0.4344266311645509,0.9431093513047915,0.7369826670191391
glas_29_TILE_4,joint_noise_arctique_semantic_glas_set_dropout_pu_1_00,1_00,0.39930306539463345,0.6616452790709553,0.7753594234225656,0.9631449055079306,1.1242650240899932,1.153249516515226,0.5479145370960943,0.6775113940238953,0.8255255897492504,1.0971693838420913,0.984827540325087,1.2651806640625003,0.8951930236816403,0.660952377319336,0.5402875113487244,0.5097758666992187,0.9879272050491502,0.822020633541397
glas_29_TILE_5,joint_noise_arctique_semantic_glas_set_dropout_pu_1_00,1_00,0.4139569726539776,0.6771549274046563,0.781002690755967,0.9953388736425873,1.13677584181965,1.1638716485124867,0.557865597992093,0.6921777862294585,0.8412611085163438,1.1289280688815388,0.9629166595376727,1.3879638671875,0.973499755859375,0.7168490791320801,0.5546539711952211,0.5358101318359375,1.0318840287916096,0.797207607719007
glas_29_TILE_6,joint_noise_arctique_semantic_glas_set_dropout_pu_1_00,1_00,0.4013880622223951,0.6613063938577909,0.766532380296189,0.962970392296041,1.102360410515092,1.1306450897383897,0.5384412439330722,0.6677659661637109,0.8144955572514111,1.0731522037090007,0.9498023922775601,1.1776611328125,0.914214172363281,0.6672657775878905,0.5266284203529358,0.46857968902587893,0.9863388331962097,0.8178042081032523
