uq_map_name,dataset_name,noise_level,mean,above_threshold_mean_0.3,above_threshold_mean_0.5,above_threshold_mean_0.7,above_threshold_mean_0.9,above_threshold_mean_0.95,above_quantile_mean_0.3,above_quantile_mean_0.5,above_quantile_mean_0.7,above_quantile_mean_0.9,above_quantile_mean_fg_ratio,patch_aggregation_10,patch_aggregation_20,patch_aggregation_40,patch_aggregation_80,patch_aggregation_100,"class_mean_w_equal_weights_configurable_{'include_background': False, 'ignore_index': 0}","class_mean_weighted_by_occurrence_configurable_{'include_background': False, 'ignore_index': 0}"
308,joint_noise_arctique_semantic_blood_cells_tta_pu_0_00,0_00,0.34474742619204335,0.5002967172265035,0.6504708619674995,0.819393085844248,1.0461627538365785,1.085235715379902,0.4695171180775279,0.5390701433592558,0.622893934746418,0.7634606365738541,0.6608940240571761,1.2355322265625004,0.8735690307617189,0.6353880310058594,0.5533736610412597,0.534490798187256,0.6982711242379479,0.5654836075805785
235,joint_noise_arctique_semantic_blood_cells_tta_pu_0_00,0_00,0.3936195402202429,0.5027224914113723,0.6484837720001652,0.8186408026955995,1.0274543378995433,1.0612695489734574,0.508188667555057,0.567970613978834,0.6484837720001652,0.7843070563181186,0.663053054832044,1.1699951171875,0.888077087402344,0.7722834777832032,0.6047739553451538,0.5580807189941406,0.6714320514038208,0.5596732381266389
309,joint_noise_arctique_semantic_blood_cells_tta_pu_0_00,0_00,0.497630988349556,0.5575393915872239,0.6294156204959801,0.7899335032706606,1.034284016574024,1.0691557239713216,0.5966361979556895,0.6431539953753062,0.6962532463709626,0.7835121182309269,0.6669255151132922,1.2050927734375,0.8808013916015627,0.7165390014648437,0.6548203468322753,0.6383170776367187,0.704283000293117,0.5505785789772257
254,joint_noise_arctique_semantic_blood_cells_tta_pu_0_00,0_00,0.37402216052578297,0.5087819546030369,0.6560185555367416,0.8365657045764474,1.0284837284534427,1.0622026452676985,0.4962428505997676,0.5616228243699158,0.647954931147888,0.7931188262607816,0.6713703337153717,1.253603515625,0.9164230346679689,0.623658905029297,0.5542196464538574,0.5493211044311523,0.7082868528656335,0.5561943249405201
312,joint_noise_arctique_semantic_blood_cells_tta_pu_0_00,0_00,0.5572035615659843,0.5790980232584991,0.6351472546262046,0.8447797632303383,1.0462229897201416,1.0836166263233717,0.6328126954965594,0.6757485890468228,0.7402897506821272,0.888061151498705,0.7495749389476571,1.420263671875,1.014022216796875,0.7927851867675781,0.6605891227722168,0.6369214599609376,0.7311290732764807,0.6245769896832031
207,joint_noise_arctique_semantic_blood_cells_tta_pu_0_00,0_00,0.4063586887641577,0.4884206239393824,0.6607435809336447,0.8467362127941443,1.0540774517716098,1.0890263905123367,0.5069355670523289,0.5629229932398839,0.6474839490763036,0.8046904012330984,0.6837304092415015,1.23234375,0.9405017089843751,0.6300877761840818,0.5617568778991697,0.5484928405761719,0.7597202135707274,0.5844029613302818
258,joint_noise_arctique_semantic_blood_cells_tta_pu_0_00,0_00,0.3919035732978955,0.5072400026935325,0.6509084735936922,0.8424780700213591,1.0633563701923077,1.0990004215449223,0.5106930996735766,0.5692847370619942,0.6504777806246664,0.793047273566588,0.6712601061701645,1.1512500000000003,0.909056396484375,0.6432208251953122,0.5637505531311036,0.5302449535369872,0.7378284252022707,0.5633928501512842
260,joint_noise_arctique_semantic_blood_cells_tta_pu_0_00,0_00,0.45422220795444446,0.4895417911993329,0.673589260523251,0.8536996099968058,1.0253102484081769,1.0631275464612449,0.5269546846233142,0.5830579479226259,0.6710194088619373,0.8386568458385428,0.6991020602323257,1.1629443359375,0.83304931640625,0.6185066604614258,0.511166763305664,0.49588746948242196,0.6340827732473838,0.571230699086956
238,joint_noise_arctique_semantic_blood_cells_tta_pu_0_00,0_00,0.46228299899667036,0.5560168039371871,0.6422021736335622,0.8342957239032714,1.0392153440219924,1.076842758128352,0.5829290632100687,0.6377432946585679,0.7028476310797758,0.821879149060561,0.6982578113068876,1.2533300781250003,0.8988330078125002,0.6840965270996092,0.6138045430183411,0.5865091751098633,0.7112319082607835,0.5831635598104788
305,joint_noise_arctique_semantic_blood_cells_tta_pu_0_00,0_00,0.4602982245996827,0.5861121302654051,0.6508220806995252,0.835481506693142,1.0500050676469666,1.0853517350375441,0.6034057862630503,0.6608088955658729,0.7246706754792721,0.8564288004841449,0.7536755666370373,1.3732128906250003,1.0190588378906253,0.7331246948242186,0.6672108745574952,0.6571299209594726,0.7350024420670253,0.6392676314354083
302,joint_noise_arctique_semantic_blood_cells_tta_pu_0_00,0_00,0.40113837778335437,0.5407989140488262,0.6629558244570036,0.8310898058281079,1.0497009155852857,1.0865586324257426,0.5383364422102744,0.6051771091064515,0.6903732008640457,0.8322269345946847,0.6975518906774385,1.214404296875,0.9396820068359376,0.7490492248535157,0.6109662628173829,0.58873349609375,0.8351370413259739,0.6091192967966637
226,joint_noise_arctique_semantic_blood_cells_tta_pu_0_00,0_00,0.5063748300090083,0.559649103611906,0.6531749157809458,0.8775668964281766,1.0566436956902778,1.0871192917766943,0.6044265649609616,0.6575378103232327,0.7348854612042296,0.9119024270198897,0.7466284676240167,1.2238916015625003,0.9438998413085937,0.6974282836914063,0.6229834556579589,0.6071157531738283,0.7041871015044462,0.6341272854213122
233,joint_noise_arctique_semantic_blood_cells_tta_pu_0_00,0_00,0.563427274737478,0.5969249872351976,0.6365947018064393,0.8034248574027718,1.0341853580880382,1.0742457052149197,0.6444295326033257,0.6806437573966467,0.7256408223777939,0.8262757341289698,0.7044262791333973,1.2159423828125,0.87721923828125,0.7618441772460938,0.6645083826780319,0.655890205001831,0.6579177381498286,0.5777715433727718
202,joint_noise_arctique_semantic_blood_cells_tta_pu_0_00,0_00,0.39163243626535404,0.503276899691936,0.6597320225327955,0.8550894285314521,1.0570411873822236,1.0913949556697538,0.5082252561538896,0.5653285124915887,0.6475087882066387,0.8030866070749877,0.6836716233134509,1.1827001953125,0.9047235107421875,0.6424517822265625,0.5351980972290039,0.5196358467102051,0.7347335798707686,0.5621367839232568
306,joint_noise_arctique_semantic_blood_cells_tta_pu_0_00,0_00,0.41407959375646897,0.5272569015312657,0.6666956249824695,0.8483078243903935,1.0449847090338316,1.0801474181747095,0.537603254994085,0.6001485435358026,0.6870894522914761,0.837592601993559,0.6827381272103649,1.230390625,0.9037915039062502,0.7278823471069336,0.5975141429901122,0.5653790519714355,0.7121161506680195,0.567759811955022
219,joint_noise_arctique_semantic_blood_cells_tta_pu_0_00,0_00,0.4836462549501448,0.5268337741089092,0.6520624855437361,0.8545384598507708,1.0410758885264113,1.0761533668608672,0.568221649636396,0.621020077354715,0.6979042438146831,0.8473430983893491,0.6944183315595975,1.1747607421875,0.9504974365234375,0.6991073608398437,0.592634916305542,0.5787455558776856,0.69806537412513,0.5803614818172422
261,joint_noise_arctique_semantic_blood_cells_tta_pu_0_00,0_00,0.353251979482593,0.5185191437703506,0.6703092228506382,0.873239376058425,1.0633416446755666,1.0956631755664399,0.48364456250515153,0.5592744876642104,0.6494645688999209,0.8133764160620838,0.6812716331580568,1.192998046875,0.9184619140625,0.6682819366455078,0.5794907569885254,0.5636099487304688,0.7727364010622886,0.5754547029156191
213,joint_noise_arctique_semantic_blood_cells_tta_pu_0_00,0_00,0.3914039291921654,0.5294341995093839,0.6648532697499028,0.863667521757238,1.0528082812920818,1.089398052890855,0.5241031422647583,0.590362532306099,0.6771303150183688,0.8346102227633907,0.6759686540444004,1.18431640625,0.9208386230468751,0.7178477478027344,0.5919836032390594,0.6027386589050293,0.6982205794386862,0.5601040896523347
215,joint_noise_arctique_semantic_blood_cells_tta_pu_0_00,0_00,0.350429508544039,0.535712163998878,0.6706483255808875,0.8687075633400619,1.0698202381963315,1.1028275221921084,0.482962999970966,0.5722226275713911,0.6644205888514555,0.8296784874013358,0.7086311812305438,1.2472802734374997,0.9963812255859378,0.7058303833007813,0.592597417831421,0.5742353454589844,0.8089284802599279,0.6089188156428728
206,joint_noise_arctique_semantic_blood_cells_tta_pu_0_00,0_00,0.3064402451564092,0.5135998274236718,0.665608333302521,0.8446506410063905,1.0595508135559428,1.0969244171253016,0.4221760108541214,0.516486991177956,0.6158947746463694,0.778827573996564,0.6645987783871361,1.241875,1.01381103515625,0.7311093139648438,0.5493134069442749,0.5345800476074218,0.7059809559510253,0.5463691772832197
216,joint_noise_arctique_semantic_blood_cells_tta_pu_0_00,0_00,0.43753031935193576,0.5459175604725722,0.6435629891669307,0.8255020548502604,1.0374006427882025,1.0749485492137145,0.564037989890372,0.6242465298174411,0.6934449222921222,0.8143088292863456,0.6934449222921222,1.2457177734375,0.8964520263671875,0.7310330200195311,0.6181542882323264,0.6062802307128906,0.7099500238959919,0.5831050288173869
222,joint_noise_arctique_semantic_blood_cells_tta_pu_0_00,0_00,0.3434595370636089,0.4926214640852363,0.6801570054866706,0.8746812045804984,1.0465958661315014,1.077407221942999,0.46870810343694996,0.5327772496518278,0.6219176622281798,0.8134565190915978,0.740873711707062,1.1252490234375,0.8881610107421877,0.635307159423828,0.5440376091003417,0.5293267364501955,0.6697292322876167,0.6298820798297814
220,joint_noise_arctique_semantic_blood_cells_tta_pu_0_00,0_00,0.30835557170939865,0.4895563956337108,0.6640091514984626,0.8375027376808788,1.0537511905841799,1.0888787061140803,0.42005823137475595,0.49328402712474356,0.5874672065925239,0.7562724630225808,0.6374504175700835,1.37125,0.8928759765625,0.7333799743652343,0.5581918716430664,0.5012216278076173,0.6167684090339569,0.5274679814936012
217,joint_noise_arctique_semantic_blood_cells_tta_pu_0_00,0_00,0.2895836551870161,0.4857159425858208,0.6521329193005447,0.8206922794466028,1.043378652491094,1.0776211381151974,0.39738222369049214,0.48301044803499277,0.572856092893425,0.7298314738310878,0.6199514389614499,1.1380859375,0.8769305419921875,0.5754985809326171,0.49994802474975586,0.4699846733093261,0.6191234200408228,0.5078692124615994
259,joint_noise_arctique_semantic_blood_cells_tta_pu_0_00,0_00,0.48147429384698626,0.5600511493556789,0.6396028430374223,0.8310919932630533,1.0530449026323891,1.0899857090430596,0.5941552212888922,0.6461361560573902,0.7069704072466221,0.8222486915720526,0.7000961818588676,1.2370996093750002,0.9691522216796875,0.7677702331542968,0.6409790682792662,0.6182441970825195,0.7592119630079945,0.5768723056866023
310,joint_noise_arctique_semantic_blood_cells_tta_pu_0_00,0_00,0.3499499508543522,0.5182930148946714,0.6479810057604093,0.8373671129417779,1.0317260586286718,1.0667415716973951,0.4763045081889393,0.5537355770135839,0.6398124629851111,0.7691437634739211,0.6467594959415396,1.1436376953125003,0.8763555908203124,0.6278326416015625,0.5724256134033203,0.5456391235351563,0.7006762516023093,0.5106818070232652
210,joint_noise_arctique_semantic_blood_cells_tta_pu_0_00,0_00,0.4082648143012193,0.5104581580222851,0.6492279488087618,0.8192399772437843,1.0341108564829002,1.0704321440208537,0.5215393426836995,0.5803392934546192,0.6601667175130093,0.7836712762814502,0.6513658256756332,1.1579736328125,0.8588262939453125,0.6187409794330597,0.5573157534003258,0.5229974782943726,0.6858610027064873,0.5250284982548139
256,joint_noise_arctique_semantic_blood_cells_tta_pu_0_00,0_00,0.37025837614783086,0.5101265954070908,0.6490917139959388,0.8594566035850748,1.0410054393287336,1.073004707343603,0.49521910464153684,0.5593471799041995,0.6372440408656137,0.7909094188183995,0.6835721035218194,1.22212890625,0.8503820800781249,0.6311949157714843,0.5709470939636229,0.549970851135254,0.7095509672053375,0.5467547514822363
253,joint_noise_arctique_semantic_blood_cells_tta_pu_0_00,0_00,0.3681842224250431,0.5537728573455785,0.6504067523606103,0.8556579039977478,1.0549827361381718,1.0837607406398573,0.5072116476805885,0.5961303501445862,0.6776195327595467,0.8148059503412425,0.7126269983264761,1.2073437500000004,0.915506591796875,0.7476527404785156,0.6849035644531248,0.6456635066986084,0.7522335690631847,0.5762857007538177
230,joint_noise_arctique_semantic_blood_cells_tta_pu_0_00,0_00,0.45545897334523033,0.5409526443233517,0.6414692663351528,0.8249079717194321,1.0518777813026292,1.08756378027811,0.5665029366957489,0.6215946535344987,0.6905731200784119,0.8072725707975326,0.6757976892960702,1.413427734375,1.03788330078125,0.748452453613281,0.5790894699096679,0.567155712890625,0.7029892327748667,0.5600999781219067
221,joint_noise_arctique_semantic_blood_cells_tta_pu_0_00,0_00,0.3608748967453721,0.517730444409723,0.6511730190941758,0.8511028287497742,1.0402501763875822,1.0694916347287735,0.48937204850574906,0.5618795386765733,0.6489401187265982,0.7910066817121713,0.6702748189842557,1.1392822265625,0.878370361328125,0.663349609375,0.5920054626464843,0.5758113563537598,0.704639176480254,0.5395674080357642
304,joint_noise_arctique_semantic_blood_cells_tta_pu_0_00,0_00,0.40396770537336124,0.5402554348767291,0.6747888189470992,0.8539355579507829,1.041677605174613,1.0779521889400923,0.5385617676180324,0.6082631789531004,0.7003234692662008,0.8603717461819326,0.7111304324825628,1.4151953125000003,0.9504864501953125,0.7050132751464844,0.6095569610595705,0.5826853759765624,0.7229733748233943,0.6166037852110955
228,joint_noise_arctique_semantic_blood_cells_tta_pu_0_00,0_00,0.3907826496870257,0.5065459406352638,0.6865056983420179,0.883292286478655,1.0717430041245184,1.1029651509383207,0.5083267758762376,0.571171569463345,0.6656665409659142,0.8509940964554938,0.7084158238456878,1.3181689453125,0.95499267578125,0.7047453308105469,0.5611372566223145,0.539901159667969,0.7853536183462186,0.6104539371416217
240,joint_noise_arctique_semantic_blood_cells_tta_pu_0_00,0_00,0.363684826726967,0.4916661527358985,0.6425158050450493,0.8160950409843727,1.031737165724951,1.066264667371284,0.47986999367701233,0.5401271852780066,0.6203775677752935,0.7507982450138042,0.635270690167308,1.1413330078125004,0.853123779296875,0.639314956665039,0.5241977596282958,0.5043774589538574,0.6241149228921944,0.512634687594029
311,joint_noise_arctique_semantic_blood_cells_tta_pu_0_00,0_00,0.3702721082663629,0.5156612541234404,0.6567325410621727,0.8561273214154999,1.0432148990210595,1.0741134165629538,0.4990965631494204,0.5660573236922711,0.6489781004242057,0.8084212327605496,0.6972523058538984,1.2881982421875,0.9249462890625,0.6507875823974609,0.5861627006530761,0.5589082641601563,0.6751308205777992,0.5724055064263394
303,joint_noise_arctique_semantic_blood_cells_tta_pu_0_00,0_00,0.464080534518871,0.5478070491270536,0.636823916357897,0.8301135475005958,1.0504135621219033,1.086634785909681,0.5770277871433529,0.630978813540142,0.6937899574355567,0.8029287264113976,0.6767823762176434,1.274111328125,0.9341113281250002,0.7138916015625,0.6209646868705749,0.5992976539611816,0.6813581085478493,0.5510178461438177
229,joint_noise_arctique_semantic_blood_cells_tta_pu_0_00,0_00,0.3327130234465585,0.4880360620728812,0.6446496127610116,0.8140279820400345,1.0184579659540158,1.052136912849379,0.4479718233335967,0.514296582685552,0.6015772147048616,0.7360832489836333,0.6180146058407188,1.1004589843750003,0.7872924804687499,0.5885295867919924,0.49760930299758904,0.4745455337524415,0.6499440384687961,0.48450677960815464
239,joint_noise_arctique_semantic_blood_cells_tta_pu_0_00,0_00,0.3842295725335134,0.5082764096604706,0.6637193051314785,0.8599264820589704,1.050880254874086,1.089150778936654,0.5033211819231809,0.5671755581042325,0.6534919787221206,0.816414843095288,0.7084995054973284,1.3226416015625,0.8988824462890626,0.6681068420410154,0.5537239646911621,0.5315218872070313,0.7002864413851091,0.5867739478741356
224,joint_noise_arctique_semantic_blood_cells_tta_pu_0_00,0_00,0.39874378224340035,0.5211948154610218,0.6607738685544171,0.864979097952943,1.0506671939265482,1.082831525672684,0.5212731360401888,0.5854201985030327,0.6708224540876966,0.8153944260406378,0.665562919633305,1.2607812500000002,0.9295977783203127,0.6755143737792967,0.5670956230163573,0.5519566368103027,0.7165917141741802,0.5350406199044206
205,joint_noise_arctique_semantic_blood_cells_tta_pu_0_00,0_00,0.37033622949093115,0.49875256930616185,0.63984469719525,0.8168889129919097,1.0310433858272126,1.070599006204044,0.48772160824118216,0.5465779426352763,0.6228487188844773,0.7468425049320813,0.6366941765607051,1.20908203125,0.86136962890625,0.5933048248291014,0.5287621688842773,0.5165949096679687,0.6447222641938671,0.5041241529785265
231,joint_noise_arctique_semantic_blood_cells_tta_pu_0_00,0_00,0.3309969875626848,0.5206641029502237,0.6553591433464605,0.8438697176758395,1.0722267406696868,1.1064064753149665,0.45547548955832395,0.5466765909479201,0.6338942177934564,0.7770708683459215,0.6516142736699277,1.310595703125,0.8445706176757812,0.663876495361328,0.5727879476547243,0.5538764984130862,0.7636528884894618,0.5304902768554774
211,joint_noise_arctique_semantic_blood_cells_tta_pu_0_00,0_00,0.3708186097210273,0.533687102398352,0.6584972672922227,0.8520309608554203,1.067654017948117,1.1036886035594171,0.507992458071709,0.5808558383982656,0.6636378790158889,0.8196426449619771,0.7020335248961791,1.266572265625,0.9652215576171875,0.6945569610595702,0.5825704383850095,0.5600861907958985,0.7549875185998149,0.611268101698471
223,joint_noise_arctique_semantic_blood_cells_tta_pu_0_00,0_00,0.33202035776048433,0.48854321311148197,0.6541536602063934,0.8369687276936659,1.042002734375,1.0735598266064172,0.4417220074168598,0.5084733599155935,0.5991264920711444,0.7563233166773932,0.6478900007561733,1.22240234375,0.846971435546875,0.5924089050292969,0.5063054656982421,0.47703663330078133,0.6065250237471572,0.5401522573348857
301,joint_noise_arctique_semantic_blood_cells_tta_pu_0_00,0_00,0.3584334678016603,0.46691005221143206,0.6536919300810009,0.83093059647446,1.0354846896371581,1.0686147747708907,0.44774236091798714,0.5035340614716869,0.5860791046646681,0.7462282180059524,0.6457277942460226,1.139140625,0.8786547851562503,0.5696542358398438,0.5323618316650388,0.5206090209960939,0.6631437527763167,0.5309913352411644
227,joint_noise_arctique_semantic_blood_cells_tta_pu_0_00,0_00,0.3657323697116226,0.526968986699982,0.67501808635453,0.8485715487476592,1.0536062061258573,1.0863738308537076,0.5011818304283339,0.5756418694881318,0.6680976103524928,0.8358194965264543,0.7235774522619058,1.18046875,0.8737829589843752,0.629215087890625,0.567781867980957,0.5516836486816409,0.7912528772714746,0.6465431554913311
252,joint_noise_arctique_semantic_blood_cells_tta_pu_0_00,0_00,0.45599894504994154,0.5314588455680429,0.6681887771350589,0.8614393320837448,1.0634658286367205,1.0967544057288048,0.5623086006248399,0.6184990041490315,0.7037674593404806,0.8738367499215511,0.7303203552983147,1.2607568359375,0.9326629638671875,0.6733602905273437,0.6163521385192872,0.596960986328125,0.819481509544097,0.6535340608916487
212,joint_noise_arctique_semantic_blood_cells_tta_pu_0_00,0_00,0.3816780098459276,0.5254406386269743,0.6486725482806034,0.8492537532773372,1.0611937153633004,1.0998550588653604,0.5130949916258151,0.5805479168681953,0.6619154558714789,0.7943226257935868,0.6764200896804026,1.3180273437500003,1.0036083984375,0.7782543945312497,0.6136704158782958,0.5833946182250977,0.6941638234154155,0.5508395605627752
204,joint_noise_arctique_semantic_blood_cells_tta_pu_0_00,0_00,0.5660020484647248,0.609154816932442,0.6541200202294789,0.8311644964230482,1.066421314773046,1.1069836588463502,0.6598661436791944,0.7043236247894221,0.7656724909880566,0.912926114728505,0.7504569424795143,1.336689453125,0.968795166015625,0.7346959972381594,0.6753223419189451,0.6656758850097656,0.8012910291975572,0.6415298816749766
232,joint_noise_arctique_semantic_blood_cells_tta_pu_0_00,0_00,0.3267555677666678,0.4912058225842823,0.6517894191291446,0.8306582837776714,1.0263442896467048,1.06123953860528,0.44468978953927846,0.514922610846365,0.6025157937242235,0.7472454283432891,0.6221966362614124,1.134794921875,0.8771710205078128,0.6136019897460936,0.5120374083518981,0.48544131927490225,0.6758315897638878,0.4973814772712042
214,joint_noise_arctique_semantic_blood_cells_tta_pu_0_00,0_00,0.34245035736239515,0.5029770545709833,0.6491505399737503,0.8468066221592898,1.0512393461703577,1.0816525273035977,0.4680617167234774,0.5390938083867155,0.6219272859772494,0.7710371769803157,0.6607285847311779,1.193095703125,0.9052410888671875,0.6500816345214844,0.5909001731872557,0.5647643356323242,0.6771936940769286,0.531189797548302
308,joint_noise_arctique_semantic_blood_cells_tta_pu_0_25,0_25,0.3442535898357164,0.500086610097099,0.649922897569207,0.819785023253863,1.049461864207958,1.088923260840075,0.46891616591205254,0.5384851198106896,0.6223011482052687,0.7626781635089708,0.6601841049706376,1.240908203125,0.8746536254882814,0.6344630432128907,0.5538447046279907,0.5338163017272949,0.7242735624709715,0.564019394175738
235,joint_noise_arctique_semantic_blood_cells_tta_pu_0_25,0_25,0.3923892140155658,0.5021480931132117,0.6478362015587413,0.8169482960564008,1.0236466147682883,1.0596311707427537,0.5069454106750613,0.56641116068749,0.646708829115092,0.7805911209417281,0.6621349851682883,1.1711083984375,0.8897146606445312,0.761676025390625,0.5982282304763794,0.5543400192260741,0.6875253642170835,0.5583496929670952
309,joint_noise_arctique_semantic_blood_cells_tta_pu_0_25,0_25,0.49824018732033437,0.558170541573171,0.6301741762505206,0.790032848973596,1.0297789095815566,1.065492680305595,0.5973304525306156,0.643855081005338,0.6974448891386237,0.7849942302450702,0.6679762530144789,1.2072216796875,0.879720458984375,0.7167239379882813,0.6551491737365722,0.638746435546875,0.7115014627260401,0.5513024007384689
254,joint_noise_arctique_semantic_blood_cells_tta_pu_0_25,0_25,0.37557214692787966,0.510007710243731,0.656179685077791,0.8364793174494929,1.0276184312700776,1.0623267230092126,0.4986135981412453,0.5641503331862823,0.6502885328755814,0.7951434899994768,0.6734060613914057,1.2464355468750004,0.9119924926757814,0.6229629516601562,0.5550093936920165,0.5490123168945312,0.7153118420692328,0.5573586600336705
312,joint_noise_arctique_semantic_blood_cells_tta_pu_0_25,0_25,0.5593795435015636,0.5804853603852368,0.6363753698461811,0.848608804535523,1.0463476847073823,1.084723809723286,0.634734702054327,0.6778181941342148,0.7431829368005741,0.8952876075946358,0.7532346642626558,1.418720703125,1.015758056640625,0.7918008422851562,0.6571056795120238,0.6391690185546876,0.7434241071380796,0.6311828756271609
207,joint_noise_arctique_semantic_blood_cells_tta_pu_0_25,0_25,0.40510752832051367,0.4879333823889874,0.660583632089711,0.8458155937043605,1.0533046037198392,1.0882502944766121,0.5055321929029666,0.5618650636186734,0.6467514635283639,0.8035252562271263,0.6832942689610892,1.2230419921875,0.9293865966796875,0.616846923828125,0.5617343139648437,0.5486881713867188,0.7576550219182876,0.5849788369378355
258,joint_noise_arctique_semantic_blood_cells_tta_pu_0_25,0_25,0.3910592216052464,0.5067529149853643,0.6509218037626147,0.8414218853392325,1.0595577873702158,1.0949177599884379,0.5098310359405055,0.5686178255966767,0.6498341471602505,0.7922885442479984,0.670886064904832,1.1535205078125,0.9088711547851563,0.6433453369140623,0.5632487678527831,0.5310556484222413,0.7232056852707236,0.5631011986082822
260,joint_noise_arctique_semantic_blood_cells_tta_pu_0_25,0_25,0.4568637744014268,0.49097137128767443,0.6721582641640097,0.8528316655723425,1.0243829320199824,1.0618230031838316,0.5295944196413374,0.5853482385938868,0.6733586436180781,0.8390502999153515,0.7010095064779746,1.1218017578125004,0.8386981201171875,0.6204467391967774,0.5162087440490722,0.5000634765625,0.645118165822616,0.5725491914589064
238,joint_noise_arctique_semantic_blood_cells_tta_pu_0_25,0_25,0.46329395262000617,0.557157234927041,0.6439832530808787,0.8391325807044036,1.041116692636614,1.0760949911901283,0.5843439380305341,0.6395058341688725,0.7058036307978436,0.8297168043126428,0.7012066290482738,1.2547802734375006,0.8899441528320312,0.6842808532714844,0.6144578933715821,0.5859511966705323,0.7244721743799305,0.5876988755295506
305,joint_noise_arctique_semantic_blood_cells_tta_pu_0_25,0_25,0.45993405012995936,0.5857287769621168,0.6500479170112434,0.8347638901954663,1.0497618252524208,1.0865404862914194,0.6029358234349719,0.6601973011000637,0.7232813173927108,0.8546557670243338,0.7507516719625499,1.3728515625000002,1.01881103515625,0.7307839965820311,0.6637801647186278,0.6588425491333009,0.7322341986751467,0.6391560082020467
302,joint_noise_arctique_semantic_blood_cells_tta_pu_0_25,0_25,0.4001976376166567,0.5406265700820454,0.664248655324502,0.8358717387164349,1.0518124205700798,1.0861640444988478,0.5377389078525532,0.60505449605015,0.6910218393758732,0.8358717387164349,0.6989822466263659,1.18814453125,0.9438348388671876,0.7446710968017578,0.6142889595031739,0.5960332641601563,0.8290171521065244,0.6107798679963884
226,joint_noise_arctique_semantic_blood_cells_tta_pu_0_25,0_25,0.5073629324469948,0.560950379515865,0.6545934796913422,0.8775926771011341,1.0559229927453961,1.086489548575462,0.6059777135128913,0.6592802933891925,0.7375851768131318,0.9153591391560033,0.749047755894538,1.21505859375,0.9458236694335938,0.697930908203125,0.623028221130371,0.6046972473144532,0.7066089521383618,0.6361751783954915
233,joint_noise_arctique_semantic_blood_cells_tta_pu_0_25,0_25,0.5635985124354193,0.5969075416861539,0.6368359638790781,0.8042996419919659,1.0329019669391193,1.0726910939364558,0.6444734407528165,0.6811264248128959,0.7265768499389846,0.8281380733247129,0.7053487313036172,1.1898095703125,0.877734375,0.7612521362304687,0.6650777810811996,0.656304806137085,0.7600259674415893,0.579349270605306
202,joint_noise_arctique_semantic_blood_cells_tta_pu_0_25,0_25,0.3906328240846051,0.5025123712940119,0.6597618255228425,0.854119985755282,1.051891560624552,1.0849800058196952,0.5073128586395256,0.5644080707455685,0.6467705230495749,0.8020933596423683,0.6836129708377726,1.15844482421875,0.8749346923828125,0.64091796875,0.5347697448730471,0.5192445381164552,0.7302281638834982,0.5625613566339264
306,joint_noise_arctique_semantic_blood_cells_tta_pu_0_25,0_25,0.41486929277016316,0.5277719887487079,0.6641210998146638,0.8480465217385589,1.0495825690548122,1.0850111354801126,0.538622709228332,0.6005397130601233,0.6861244740230751,0.8338879060034681,0.6825341003257183,1.2191796875,0.8964093017578122,0.7280872344970701,0.5969542503356934,0.5648040298461914,0.7156393055511141,0.5657268675210819
219,joint_noise_arctique_semantic_blood_cells_tta_pu_0_25,0_25,0.4847375380122685,0.5278407376508301,0.6539074019752633,0.8582594028491491,1.0427082164497308,1.0760239382091383,0.5696353266914684,0.6230245723766706,0.7007184191862458,0.853445259050911,0.6971462726043564,1.1821142578125,0.9521362304687503,0.69845947265625,0.5906282806396485,0.5771934894561769,0.6981869225042653,0.5843137218179457
261,joint_noise_arctique_semantic_blood_cells_tta_pu_0_25,0_25,0.35359290066116955,0.5193025927078632,0.6700834825875198,0.8769071424801781,1.0677754094481413,1.0991902494635193,0.48420129906217557,0.560130504505067,0.650146304362335,0.8142745967607419,0.6817513715115745,1.1975830078125003,0.9167993164062501,0.6879242706298827,0.5839691925048828,0.5619941162109375,0.775433863887804,0.5744512907835835
213,joint_noise_arctique_semantic_blood_cells_tta_pu_0_25,0_25,0.39152430815738626,0.5298930093850553,0.6650023755247099,0.8656617109504393,1.054619225316878,1.0903022448491928,0.5244059979584657,0.5907663317611583,0.6777879027932295,0.8363041759318338,0.6765850567253205,1.1814697265625,0.9199511718750002,0.7176963806152346,0.591923507452011,0.6028917137145997,0.6929523493371093,0.5611408212010045
215,joint_noise_arctique_semantic_blood_cells_tta_pu_0_25,0_25,0.3505258052609861,0.5362280312817036,0.6713175256362448,0.8684238569516695,1.067256277251624,1.100052866031098,0.4832345944928161,0.5726653489377306,0.6651950103731061,0.8312599710760633,0.7098046424904049,1.2479052734375,0.9955908203125002,0.7054493713378908,0.5933092594146728,0.5750571228027342,0.8125999439823313,0.6089783469602429
206,joint_noise_arctique_semantic_blood_cells_tta_pu_0_25,0_25,0.3067348847107496,0.514337834739599,0.666483482931873,0.8463152308477998,1.0579400523945646,1.0961341902947905,0.4226480787734801,0.5173575917857919,0.6170132423985144,0.7804346389799506,0.666093087363705,1.2461083984375,1.0177886962890623,0.7341593933105469,0.5520812797546387,0.538516458129883,0.704996350144544,0.5478506361331495
216,joint_noise_arctique_semantic_blood_cells_tta_pu_0_25,0_25,0.4373024794040248,0.5459527052985707,0.6445500163029864,0.8252678623034834,1.0319225788535984,1.071167430763473,0.5639621685169399,0.6244235575816364,0.6942222222222222,0.8155173101420465,0.6946074799191592,1.2475830078125,0.9027209472656252,0.7359750366210936,0.6191379511356354,0.6053448333740234,0.7124677416580797,0.5845763621512275
222,joint_noise_arctique_semantic_blood_cells_tta_pu_0_25,0_25,0.3447940015612403,0.4935712134372842,0.6796680052393267,0.8712939863445378,1.042842150314591,1.0756155872122668,0.47099573960101504,0.5350071852829826,0.6243191195442183,0.8143038824575488,0.743226759433451,1.11748046875,0.8888687133789064,0.6316368103027342,0.5422486114501952,0.5230313186645508,0.6808233758473942,0.630804820510362
220,joint_noise_arctique_semantic_blood_cells_tta_pu_0_25,0_25,0.30978467189561343,0.49027766650035093,0.6642314349825241,0.8386843096724415,1.0511213348089061,1.0879271798711574,0.42222792330714903,0.49572001481757016,0.5899296665648801,0.7581867298834972,0.6395015086439911,1.371953125,0.8947125244140625,0.7349472045898436,0.5580906867980957,0.5008522804260254,0.6203698411944142,0.5287787585007196
217,joint_noise_arctique_semantic_blood_cells_tta_pu_0_25,0_25,0.2915221122530056,0.4879366842495875,0.6536176944342034,0.8251050982558936,1.0428373613430344,1.0775072337962963,0.4002007725494701,0.48679164864217483,0.5771469417608581,0.7346830737998723,0.6240294022411695,1.140029296875,0.8785568237304687,0.5755587005615235,0.499861831665039,0.4756807315826417,0.6746501987219544,0.5113229341039407
259,joint_noise_arctique_semantic_blood_cells_tta_pu_0_25,0_25,0.4833828356640879,0.5616944796485785,0.6405767810016118,0.8296108346252393,1.0522793567165092,1.0907582147359343,0.5961627281139661,0.6479472812883179,0.7085322698449456,0.8229447727740407,0.7017540710508189,1.236201171875,0.9601452636718751,0.7628775024414063,0.6399318945407867,0.619476058959961,0.7667554005560779,0.5779597683953746
310,joint_noise_arctique_semantic_blood_cells_tta_pu_0_25,0_25,0.35196498010191135,0.5207024646981415,0.6485629993260126,0.8376304502347359,1.026373240573347,1.0610518292682927,0.47914012095589686,0.5570780761971923,0.6434036429379765,0.7730007658210455,0.6504483636611103,1.1438427734375,0.8764526367187502,0.6259635925292969,0.5728957939147948,0.5509713111877441,0.7039953407344888,0.5152945247343103
210,joint_noise_arctique_semantic_blood_cells_tta_pu_0_25,0_25,0.41128167420356476,0.512597497001223,0.6483785291066362,0.8173119247881631,1.0326329519738497,1.069085331199715,0.5251555841220207,0.5835703741048822,0.662442437239623,0.7844354467815298,0.6536574831224968,1.11833984375,0.8511529541015626,0.6178617206215857,0.5571424911916256,0.5284468530178071,0.7065798170381832,0.5281391279679599
256,joint_noise_arctique_semantic_blood_cells_tta_pu_0_25,0_25,0.3711448519861733,0.5105428233749884,0.650688974089954,0.8596057583664868,1.0457226134964428,1.0798852772990184,0.4966045751050413,0.5606964044977972,0.6392904212841855,0.7938766377933291,0.6858644028197458,1.2444140625,0.84814697265625,0.6322424316406251,0.5701154327392577,0.5494009742736817,0.7138076392617473,0.5498739559943614
253,joint_noise_arctique_semantic_blood_cells_tta_pu_0_25,0_25,0.36878444271860644,0.5551649033642401,0.6522203362871424,0.860210953199573,1.0572745988175676,1.0874350683926544,0.5081634947224414,0.5977570272252416,0.6801491980695024,0.8193675064501442,0.7157002324312561,1.2276611328125,0.935111083984375,0.7467333984375,0.6847387695312499,0.6456641014099122,0.7627765098680537,0.5798049139238519
230,joint_noise_arctique_semantic_blood_cells_tta_pu_0_25,0_25,0.45638487485121004,0.5418478136113162,0.6416237946657177,0.8255333056961159,1.0532432713691464,1.089681181880612,0.5675639384968931,0.622694603524557,0.6916999326114766,0.8080506121194933,0.6770954742235011,1.41638671875,1.0384979248046875,0.7479921722412108,0.5781625366210938,0.5673559387207031,0.7164359324806013,0.5615488408097739
221,joint_noise_arctique_semantic_blood_cells_tta_pu_0_25,0_25,0.3611308698018547,0.5185816708578443,0.6513308675546813,0.8514138215292736,1.0391393347559845,1.0688802843896028,0.48986304525954705,0.5625470303755842,0.6495301250303864,0.7921156376367745,0.6705941766692188,1.1361572265625,0.8767776489257816,0.6649772644042968,0.599347743988037,0.5791407699584961,0.6841134570550759,0.5401060540253181
304,joint_noise_arctique_semantic_blood_cells_tta_pu_0_25,0_25,0.40539460973013774,0.5420426446546233,0.6751291478845894,0.8530020303735396,1.038974165177033,1.075638383893393,0.5409059003858897,0.610741278491498,0.7028039216971003,0.8625299795782675,0.7143338078929341,1.40951171875,0.9414276123046875,0.7040838623046874,0.6090688705444336,0.5822761474609375,0.7208159053547836,0.6194120341821625
228,joint_noise_arctique_semantic_blood_cells_tta_pu_0_25,0_25,0.3916681834089104,0.5086043072541138,0.686258036448183,0.8851579426844507,1.0692007882254464,1.1004905149883846,0.5102670150696064,0.5732881149627334,0.6678170045966041,0.8527526181483702,0.7114947449999397,1.3155566406250003,0.9523291015625,0.7004208374023437,0.5632523250579832,0.5534427612304688,0.7792786983987674,0.6105714152314635
240,joint_noise_arctique_semantic_blood_cells_tta_pu_0_25,0_25,0.36496322198945563,0.4934884393235,0.6443783969260987,0.8211359006528831,1.040167407279163,1.0764765577670639,0.48171610783219787,0.5423332302223562,0.6231105997464316,0.755643521911947,0.6381050189666868,1.1437890625,0.8781173706054686,0.6411609649658203,0.5249485367536545,0.515137977218628,0.6138966930965568,0.5157744796803558
311,joint_noise_arctique_semantic_blood_cells_tta_pu_0_25,0_25,0.3710701925738249,0.5169259622025123,0.6562859943913317,0.8578128019544994,1.043498644331254,1.0747255078364697,0.5005418582168121,0.5677741841893743,0.6506475787274733,0.809533135801514,0.699423765252523,1.2876904296875,0.9189178466796875,0.6591967773437497,0.5861486244201658,0.5606221740722657,0.679009514367779,0.5719544145815418
303,joint_noise_arctique_semantic_blood_cells_tta_pu_0_25,0_25,0.4664341748430161,0.5497242718809618,0.637741094382268,0.8303735966000924,1.0483506903934106,1.086509725083944,0.5796365535516402,0.6334994211303456,0.6964406619309892,0.8055000289395378,0.6792113141518802,1.279375,0.937401123046875,0.7130364990234375,0.6125540399551391,0.6000591583251954,0.6859058700110174,0.5547506941912573
229,joint_noise_arctique_semantic_blood_cells_tta_pu_0_25,0_25,0.33389618320870795,0.48903006660526227,0.6456401219119998,0.8213226610472729,1.0370024971602134,1.0720604456768135,0.4498635835704073,0.5165220955571755,0.603832447882566,0.7395129345208031,0.6202203149484559,1.1676269531250003,0.8915740966796878,0.5924683380126953,0.4979357695579529,0.4746770828247071,0.6365413905641248,0.4859337446819489
239,joint_noise_arctique_semantic_blood_cells_tta_pu_0_25,0_25,0.384508813964203,0.5084598656242341,0.6636937424396518,0.8597070749996818,1.0522623829706477,1.0896804438652556,0.5037519203948658,0.5676046341742147,0.6541848817253769,0.8168827873770312,0.7093231023791693,1.3191162109375003,0.89910888671875,0.6680953216552733,0.5533788108825682,0.5370634155273437,0.6816734615675183,0.5879250430173335
224,joint_noise_arctique_semantic_blood_cells_tta_pu_0_25,0_25,0.40041602942801546,0.5228017986563919,0.6606438463832035,0.8650256570821885,1.052797278676185,1.0833843524639424,0.5235369711034888,0.5875390837239534,0.6725235527982752,0.8164999801660604,0.667384546177879,1.245849609375,0.9031164550781251,0.670987548828125,0.5775315284729001,0.5520698608398438,0.708476202243358,0.5362299142993914
205,joint_noise_arctique_semantic_blood_cells_tta_pu_0_25,0_25,0.37149887495615985,0.500549770630467,0.6401557332142706,0.8199146999707736,1.039803873987629,1.078129390602816,0.4897343358153106,0.5489305503476063,0.625260020295211,0.7491765814401159,0.6393994746147452,1.2029150390625,0.8678179931640625,0.5922384643554688,0.5277842807769776,0.5148665344238281,0.652723220319671,0.5062784319975766
231,joint_noise_arctique_semantic_blood_cells_tta_pu_0_25,0_25,0.33110708745152806,0.5206242575314072,0.6548500242581979,0.8443904095693059,1.0763733704407532,1.1100902499044343,0.45562214867747697,0.5468578597162794,0.633832164202748,0.7762587569514481,0.6519244708326956,1.3104345703125,0.8450634765624998,0.6642041015624999,0.5721475529670716,0.5492288284301758,0.7725709217378693,0.5307189569617642
211,joint_noise_arctique_semantic_blood_cells_tta_pu_0_25,0_25,0.37070590478833765,0.5336263747032235,0.658468750961716,0.8520335329462234,1.0679264716006447,1.1040289131044685,0.5078506575324294,0.5806280514925576,0.6635275248656726,0.819545540886438,0.7018988690553692,1.267822265625,0.9650933837890626,0.6956516265869138,0.5828232955932615,0.5601228912353516,0.754906114391773,0.6112086937393507
223,joint_noise_arctique_semantic_blood_cells_tta_pu_0_25,0_25,0.3341757849957503,0.4895658522547924,0.6555872684845826,0.8412193623233296,1.0465088816101213,1.0777692943196253,0.4449105374620416,0.5116802072593724,0.6029451291750836,0.7609336550315094,0.6515916485701412,1.222568359375,0.8495758056640625,0.5924786376953124,0.5078294563293457,0.48110680541992196,0.6230392061353343,0.5437330043753678
301,joint_noise_arctique_semantic_blood_cells_tta_pu_0_25,0_25,0.3582596352789551,0.46711083434499334,0.652997305110287,0.8309035038593737,1.0380389873798077,1.0718416624431368,0.4477574402036953,0.5036841131461903,0.5865830742037124,0.7455446472307298,0.6459236564712282,1.13603515625,0.8770950317382815,0.5710200500488279,0.5338051986694335,0.5219421142578125,0.6585066911853905,0.5315405638186733
227,joint_noise_arctique_semantic_blood_cells_tta_pu_0_25,0_25,0.3658491858514026,0.5273960937850253,0.676075393929465,0.8501822353075943,1.0544604974516603,1.0867282661881124,0.5014459026192631,0.5761538471336448,0.6687836396200665,0.8374128565834441,0.7250038510238731,1.181220703125,0.8734802246093749,0.6283451080322267,0.567717342376709,0.551523876953125,0.7932665888543536,0.6477913091585853
252,joint_noise_arctique_semantic_blood_cells_tta_pu_0_25,0_25,0.45686620217747986,0.5324876606451977,0.6672454763152094,0.8616374349095424,1.0594589811573312,1.093424300309066,0.5636321692119118,0.6197759331018448,0.7047675853893745,0.8748674333582905,0.7308426561173659,1.2548828125,0.9376129150390625,0.6698883056640625,0.615554084777832,0.5960519653320312,0.8261867919478283,0.6535311233887549
212,joint_noise_arctique_semantic_blood_cells_tta_pu_0_25,0_25,0.3829300385696115,0.5268978542072787,0.6491983477484868,0.850898799086161,1.0582688220439513,1.095668983646651,0.5149928484806519,0.5825867340136064,0.6637525253020944,0.7971727460604648,0.6783303933759811,1.3259619140625,0.9938433837890625,0.7722598266601562,0.6127678966522216,0.5844858306884767,0.7004516525645456,0.5534563883033564
204,joint_noise_arctique_semantic_blood_cells_tta_pu_0_25,0_25,0.5673038932145573,0.6103117348492209,0.6565415015646139,0.8326810622639547,1.0621219434952507,1.1034730255583072,0.6617669877517224,0.7070986119683911,0.7694427431741155,0.9195421895228078,0.7541145240783266,1.33693359375,0.9662243652343752,0.734909029006958,0.673928108215332,0.6672287841796875,0.8035751859836985,0.6441189977204862
232,joint_noise_arctique_semantic_blood_cells_tta_pu_0_25,0_25,0.3287188848553342,0.49408563687143653,0.6542289340046193,0.8347032346036832,1.0278226548861653,1.0615505851833977,0.44749928382933196,0.5184208859385601,0.6069599238277029,0.7533296669173075,0.6270352979485126,1.13955078125,0.8713128662109375,0.6203610229492188,0.5194718694686888,0.502539747619629,0.6920580844283979,0.5038385494984868
214,joint_noise_arctique_semantic_blood_cells_tta_pu_0_25,0_25,0.3423707771144109,0.5031234077452177,0.6484767273094388,0.8462665317246502,1.0501562640209978,1.0806813984444692,0.4680251449477279,0.539229201621824,0.622046900437778,0.7705132041750752,0.6609413785689272,1.1917968750000005,0.9042874145507814,0.6491638946533201,0.5931135845184324,0.5655892227172852,0.6775029570894474,0.5315053822388409
308,joint_noise_arctique_semantic_blood_cells_tta_pu_0_50,0_50,0.34594154049409553,0.5029633779632906,0.6528682493505215,0.8226278648105447,1.0455031813236706,1.0852827834805172,0.4717538334291506,0.5423097350648376,0.6268978828139887,0.7691023754335645,0.6649846625922734,1.2519775390625,0.8768188476562502,0.6340907287597656,0.5564355659484863,0.5319666374206544,0.72398352809637,0.5695184529294458
235,joint_noise_arctique_semantic_blood_cells_tta_pu_0_50,0_50,0.3964792911428958,0.5078737107103033,0.6523903789660593,0.8351150449380835,1.0451925391920227,1.0784777488642021,0.5132610466622476,0.5738794799055219,0.6558709183154469,0.7971041628438728,0.6724322035703634,1.16490234375,0.9017266845703124,0.7278068542480469,0.5970416021347047,0.5660190307617188,0.7453203366661495,0.5666648587684084
309,joint_noise_arctique_semantic_blood_cells_tta_pu_0_50,0_50,0.5031426044151885,0.5624938430488473,0.6336328125,0.7986041373843594,1.0474294361999887,1.0856638062760882,0.6024997359879894,0.6495865878218338,0.7044260370605903,0.7999699364562283,0.6738162271340388,1.23015625,0.912099609375,0.714148712158203,0.6535252761840821,0.6379406494140625,0.7234476570554962,0.5598214499109176
254,joint_noise_arctique_semantic_blood_cells_tta_pu_0_50,0_50,0.37876095795218134,0.513933280741333,0.6569434311884256,0.8372618074466861,1.0269733630885398,1.064009189488984,0.5034124336134801,0.5693242873890819,0.6557638235176079,0.7998354913723935,0.6785209759879668,1.231591796875,0.9039871215820312,0.6286209106445313,0.5587693786621094,0.5507277694702148,0.7234343048908691,0.5616589075566274
312,joint_noise_arctique_semantic_blood_cells_tta_pu_0_50,0_50,0.5719739808191662,0.5901198748109955,0.6455792112133351,0.8607609662460383,1.0490747821514423,1.087205796087633,0.6476050061425584,0.6935637641186897,0.7644958828959301,0.9332441206398113,0.7733429481805081,1.4105078125,1.020194091796875,0.799495849609375,0.6552911710739134,0.6437995971679688,0.7662765154318241,0.6582041895300896
207,joint_noise_arctique_semantic_blood_cells_tta_pu_0_50,0_50,0.4037174216064159,0.489709734460733,0.6629219668768969,0.8515572168903454,1.0526748639563006,1.0854415149146253,0.5051019778227398,0.5628645251815764,0.6494713012408234,0.8080515707130342,0.6874579061117813,1.1990673828125,0.9214129638671876,0.6210409545898438,0.5644189262390137,0.549001141357422,0.7623151454304804,0.5902447122192431
258,joint_noise_arctique_semantic_blood_cells_tta_pu_0_50,0_50,0.3942543234916229,0.510677002706714,0.6521577817190432,0.847059192432685,1.0661101872272813,1.0983920287374738,0.5144958028785176,0.5741490218746186,0.6556078209405783,0.7997209980836983,0.6768382336100117,1.1551074218750004,0.9088702392578126,0.6424479675292966,0.565221784710884,0.5387510730743409,0.7191967960731798,0.5666986846682773
260,joint_noise_arctique_semantic_blood_cells_tta_pu_0_50,0_50,0.4670923642697744,0.4988527964347665,0.670559376172134,0.8589326051885157,1.0307088077271758,1.067935149057825,0.5411913269208127,0.5980651816870985,0.6856212983179462,0.8518492933140416,0.7109649147380708,1.1985498046875005,0.8643157958984375,0.6212574005126953,0.5349314308166504,0.5194977172851563,0.6590017973226499,0.5826045983039111
238,joint_noise_arctique_semantic_blood_cells_tta_pu_0_50,0_50,0.4667841686241445,0.5615982631999691,0.6471022156602909,0.8442817454657288,1.0450283185006957,1.0815469289257982,0.5893274839255189,0.6451374041210517,0.712439389918033,0.8428482382696305,0.707786135768746,1.2799365234375,0.9034588623046876,0.6926527404785158,0.6214864945411682,0.5989992126464845,0.759926494469562,0.5942252515816738
305,joint_noise_arctique_semantic_blood_cells_tta_pu_0_50,0_50,0.46066063698526705,0.5868964033502286,0.6513168328455841,0.83723185132179,1.0544582717648627,1.0910620599740881,0.6042672363927685,0.6616755561041913,0.726471498888536,0.8613649974971396,0.75507438722729,1.37169921875,1.0176477050781252,0.7280694580078125,0.6619173049926758,0.6563034805297853,0.7321393005013657,0.642437329965153
302,joint_noise_arctique_semantic_blood_cells_tta_pu_0_50,0_50,0.40325423784088343,0.5470507786057998,0.6687061913121387,0.8444117749353035,1.0551861224961725,1.088599650065104,0.5434992592394873,0.6128750087441797,0.7006979974914528,0.8511131820840596,0.7099834502583271,1.1969433593750003,0.9482611083984375,0.742611389160156,0.630772819519043,0.6055141235351562,0.8586189817666228,0.6185761785699706
226,joint_noise_arctique_semantic_blood_cells_tta_pu_0_50,0_50,0.5153589544715942,0.569726163429054,0.6600481186198507,0.8771253147236385,1.053164238938074,1.0852002193748815,0.6165700935764957,0.6715776900795896,0.7515512608213515,0.9334723815348589,0.7659527008829119,1.3305859375,0.956904296875,0.6962139892578125,0.6273871994018556,0.6087248413085937,0.7316783791269018,0.6461328496326381
233,joint_noise_arctique_semantic_blood_cells_tta_pu_0_50,0_50,0.5640659987402614,0.5975468175670596,0.6382376607649606,0.8090022916824089,1.0327842072139253,1.0734608577105755,0.6456502859439013,0.682948363123318,0.7296310173009488,0.8359569642601944,0.7072280108510499,1.1972412109375,0.87258056640625,0.7568334960937498,0.6644735312461854,0.6557076690673828,0.7670725417891807,0.5839385513370987
202,joint_noise_arctique_semantic_blood_cells_tta_pu_0_50,0_50,0.3925063522765413,0.506620771380163,0.6610893582557883,0.8577949700704935,1.0530769548685732,1.0860895742974757,0.511079357138174,0.5692992661485733,0.6525501777698476,0.8087891219966111,0.6899308964698182,1.1405908203125,0.8866122436523439,0.6335983276367188,0.5421182537078857,0.5252851676940918,0.7400786225468561,0.5666091497065917
306,joint_noise_arctique_semantic_blood_cells_tta_pu_0_50,0_50,0.42327008290885715,0.5387861506365331,0.6686345154112758,0.8575878902494424,1.0454754391675123,1.080679283218466,0.5508370754948464,0.6143448031459983,0.7011634778499803,0.855156800238555,0.6989915355854593,1.1774609375000002,0.9046350097656252,0.7114339065551758,0.5977670097351074,0.5910125732421876,0.7699622389065119,0.5762320693387616
219,joint_noise_arctique_semantic_blood_cells_tta_pu_0_50,0_50,0.49157735193512053,0.5352513333300495,0.6550033252924315,0.8601800022814833,1.0455771017256625,1.0796542409751186,0.5783007199968421,0.632380813199472,0.7103928132697631,0.865256613405192,0.7064795965396816,1.202763671875,1.0108239746093752,0.694614028930664,0.5920768308639527,0.5812555927276611,0.7296502091179359,0.5929632099831162
261,joint_noise_arctique_semantic_blood_cells_tta_pu_0_50,0_50,0.3553095118404599,0.5231403440211948,0.6698585655532184,0.8803355869220453,1.069960319922636,1.1026624319094036,0.48683113761232116,0.5642459940451633,0.6542429467726876,0.8174660466901837,0.6857065838768213,1.205625,0.901226806640625,0.6831394958496094,0.5848754119873049,0.5732813110351562,0.7657875475220517,0.5735589026952121
213,joint_noise_arctique_semantic_blood_cells_tta_pu_0_50,0_50,0.3997258057061117,0.5412236265750833,0.6698912906041298,0.8771533542566358,1.0568476322048126,1.0889619651174915,0.536490252722596,0.6051461611943293,0.6938409495497461,0.8581784495292,0.6934063404565698,1.1958984375,0.95452880859375,0.7183561706542969,0.6075308609008789,0.608223876953125,0.7323541162222961,0.5719987526540716
215,joint_noise_arctique_semantic_blood_cells_tta_pu_0_50,0_50,0.34931533245253377,0.5363526412435526,0.668522544327083,0.864990884325392,1.0638720168141103,1.095584936625477,0.48199257111914456,0.5721377911041489,0.6634195786675389,0.8260012343755957,0.7084912730921745,1.247763671875,0.9900250244140624,0.69872802734375,0.5958560562133788,0.5771088500976562,0.7922927245043134,0.6049412769799257
206,joint_noise_arctique_semantic_blood_cells_tta_pu_0_50,0_50,0.30853731915703975,0.5169378692700125,0.667558819658429,0.847068069996641,1.0539187596849173,1.0909036476518854,0.4253012765485054,0.5214969139444864,0.6217702411499978,0.7856810808054742,0.6703519085454347,1.2003466796875,0.957176513671875,0.6851142883300781,0.5760092830657959,0.5446431579589844,0.7066810123139236,0.5499588872236987
216,joint_noise_arctique_semantic_blood_cells_tta_pu_0_50,0_50,0.44193514386643074,0.5515625056295334,0.6482637640247411,0.836208903813506,1.0372747755461786,1.0714212086047452,0.5705605107625852,0.6312356326085796,0.7022968981733828,0.8339966614938236,0.7032318165893071,1.1955859375000002,0.9230865478515626,0.7481686401367188,0.624841530919075,0.6090119598388671,0.7222985053721613,0.594413846424982
222,joint_noise_arctique_semantic_blood_cells_tta_pu_0_50,0_50,0.3508558674220694,0.5019852382182874,0.6805545652705346,0.8754916789811688,1.0512325898153965,1.0842997000373922,0.48084079015463305,0.5466837391479827,0.6378984572669133,0.827875887553867,0.7581201528177791,1.1836083984375,0.8911968994140623,0.6202117919921873,0.5414178311824799,0.5426163940429688,0.7101861481517431,0.6454212461389891
220,joint_noise_arctique_semantic_blood_cells_tta_pu_0_50,0_50,0.31142578762955964,0.49125984550974683,0.6627408829310633,0.8411307537686057,1.0586477591559948,1.0969860115548118,0.42502580057806555,0.49951603946042256,0.5926520809038016,0.7582293735591945,0.6412636987513635,1.3695751953125,0.896273193359375,0.7365611267089843,0.5556458473205567,0.4981722200393678,0.690323532275395,0.5300292954653766
217,joint_noise_arctique_semantic_blood_cells_tta_pu_0_50,0_50,0.2936926390211738,0.49012165891910375,0.6559349919985203,0.8298034032627082,1.0471394152789792,1.0814237071349557,0.40341856851839264,0.4910249538007923,0.5818075798015959,0.7409168391746253,0.6291933263500394,1.1723193359375,0.909139404296875,0.6188502836227417,0.5218029224872588,0.504821990966797,0.7315336250543212,0.5171340639722104
259,joint_noise_arctique_semantic_blood_cells_tta_pu_0_50,0_50,0.48903275093471166,0.5683949741231015,0.6444661837874808,0.8370580895920319,1.0514435412157608,1.0889291644183965,0.6036986091026931,0.6558184609590991,0.7180277078359644,0.8413783003516563,0.7114837207703998,1.2398388671875,0.9290521240234376,0.7507991027832032,0.6372446250915528,0.6313715301513672,0.7687186945082994,0.5872069924614431
310,joint_noise_arctique_semantic_blood_cells_tta_pu_0_50,0_50,0.3573992399906274,0.5274009271941448,0.6500228407506149,0.8361378028897644,1.023236715572752,1.057298131680185,0.48701954323957714,0.5660948020205943,0.6518847353470705,0.7812851803736848,0.6584803622904652,1.1422314453125002,0.8739215087890625,0.6398443794250487,0.5853944063186646,0.5620443267822266,0.7115119858679583,0.5215089602521303
210,joint_noise_arctique_semantic_blood_cells_tta_pu_0_50,0_50,0.4231699834763276,0.5257732002858675,0.6559803196062839,0.8383764192487266,1.039226626085543,1.0732170413339308,0.5411799654082912,0.6014019825354616,0.6825572392276803,0.8166716339099773,0.673509300301928,1.138076171875,0.8424371337890625,0.6371586608886719,0.5758994960784912,0.5599715942382812,0.7205348461998551,0.5503551303880299
256,joint_noise_arctique_semantic_blood_cells_tta_pu_0_50,0_50,0.372927999458625,0.5127910473269327,0.6497166350022445,0.8531858766233766,1.042365678181927,1.0788280073418675,0.5000102643701608,0.5635658118277738,0.6418600294605336,0.7924335493980035,0.6879123318375338,1.170361328125,0.847598876953125,0.6333494567871094,0.5742699050903319,0.5478569732666017,0.7100562847484644,0.5496823151242463
253,joint_noise_arctique_semantic_blood_cells_tta_pu_0_50,0_50,0.37107016130903503,0.5593330850640619,0.6516959345143312,0.8557063425214062,1.0521187128257175,1.0811383307842046,0.5115797395022312,0.6023692102438142,0.6832481624740367,0.8209156383377655,0.7184980359676769,1.15423828125,0.9040283203125001,0.7442373657226561,0.6762127208709715,0.6383136745452881,0.7574090136391098,0.5820399154863225
230,joint_noise_arctique_semantic_blood_cells_tta_pu_0_50,0_50,0.4623324001004221,0.5480542813125637,0.6437137776091854,0.8271082541590354,1.0614294625680876,1.0996921583153736,0.5751000752111836,0.6305619547329248,0.6992462300520509,0.8183045393957346,0.6844120614294735,1.43078125,1.0459259033203125,0.7490421295166014,0.6038273406028748,0.5880635219573974,0.7372028161545783,0.5688080617490322
221,joint_noise_arctique_semantic_blood_cells_tta_pu_0_50,0_50,0.3647452741424786,0.5233990441946264,0.6506807143224781,0.8454005662557094,1.0365462165263508,1.0666347971649794,0.4954496191366871,0.5689814961451786,0.6545055172307704,0.7937430032869665,0.6756734893009082,1.1447412109375,0.8667901611328125,0.6424578857421875,0.6095227432250974,0.5858293029785157,0.6999581218216872,0.5438493141117972
304,joint_noise_arctique_semantic_blood_cells_tta_pu_0_50,0_50,0.4107572560187691,0.5472301520215894,0.6758801773811044,0.853665417783878,1.038991493688139,1.075347118112738,0.5484937885428758,0.6181957459223699,0.7095918433047506,0.8709074350838241,0.7341199600464853,1.4155859375,0.9472753906249999,0.7003175354003907,0.6041396522521972,0.5758164916992189,0.7318547298509783,0.6396934238071007
228,joint_noise_arctique_semantic_blood_cells_tta_pu_0_50,0_50,0.3966012686723843,0.5160157967695356,0.6846732965585354,0.8876936366986404,1.0717108316903077,1.103925136225027,0.5180861704138883,0.5826884644429019,0.6771186424281823,0.8619841790696345,0.7204113984758674,1.3097314453125,0.9532385253906253,0.6932295227050781,0.5793819236755369,0.5773166381835938,0.7822607537335976,0.6165263958488041
240,joint_noise_arctique_semantic_blood_cells_tta_pu_0_50,0_50,0.3699740915471921,0.5006127047893951,0.6506868870033025,0.8392120018251513,1.0544154141597821,1.0877612099033545,0.4894067527825459,0.5517179221510142,0.6347415362763834,0.7738241520006375,0.6496944109861482,1.2275,0.9784707641601562,0.6557733917236328,0.5450003433227539,0.5335107696533203,0.7420410210280742,0.5256489659549092
311,joint_noise_arctique_semantic_blood_cells_tta_pu_0_50,0_50,0.37394690280780196,0.5218893490576143,0.6592082521371514,0.860528360776981,1.0451163154372256,1.07963793997591,0.5057172217230583,0.5739728040691846,0.6583108985938195,0.8190636389633484,0.708098193055725,1.23236328125,0.9158407592773438,0.6508198547363281,0.5887332344055176,0.5618466064453125,0.7018988554517697,0.57645762149624
303,joint_noise_arctique_semantic_blood_cells_tta_pu_0_50,0_50,0.4732715712307254,0.5570871318115308,0.6428127628444514,0.838993446401453,1.046588973778353,1.0810804115853658,0.5882562785813308,0.6428127628444514,0.7079408930646022,0.8277297211903368,0.6981479481744995,1.24888671875,0.9654266357421877,0.7031706237792966,0.6291015648841857,0.6129967033386231,0.709880168615945,0.568135672594461
229,joint_noise_arctique_semantic_blood_cells_tta_pu_0_50,0_50,0.33706175295083085,0.4912220055407164,0.6443864435918155,0.8189482560394503,1.0362234794358847,1.0748969184027777,0.45465217098817085,0.5215575561318678,0.6080247972752845,0.7402752171993001,0.6238887102065894,1.19693359375,0.7912716674804687,0.6057406616210936,0.5096406507492065,0.48255999755859386,0.6466771766168768,0.4881174361054223
239,joint_noise_arctique_semantic_blood_cells_tta_pu_0_50,0_50,0.3867693271167809,0.5115032274850476,0.6678184311934803,0.8667215452488827,1.0529598677338368,1.088644409751499,0.5073829614014298,0.5720353439027192,0.6601059220857892,0.8275803177315715,0.7173898826754879,1.3107519531250003,0.9036273193359375,0.6665255737304686,0.5702531528472901,0.5562171752929688,0.6683119466427677,0.5939161634442615
224,joint_noise_arctique_semantic_blood_cells_tta_pu_0_50,0_50,0.40562850221976987,0.5297953170999424,0.663039060999599,0.8697173587859623,1.0472149768991617,1.0800258703399124,0.5312709349677949,0.5962036947017809,0.6817425677026479,0.8282220537074627,0.6773303953197524,1.2150683593750002,0.898682861328125,0.6800054931640624,0.581310806274414,0.5619230186462403,0.7198602397164128,0.5417483944247389
205,joint_noise_arctique_semantic_blood_cells_tta_pu_0_50,0_50,0.3735375980613753,0.5045336322600595,0.6437755820835688,0.8237940150971741,1.0312391391075344,1.073328518189278,0.4938581497884887,0.5539567544115546,0.631913311336242,0.7583488539469058,0.646639774967668,1.1847265625,0.8734942626953126,0.5902327728271485,0.5389877700805665,0.52310625,0.6607972936548275,0.5165443381706277
231,joint_noise_arctique_semantic_blood_cells_tta_pu_0_50,0_50,0.3337031884257158,0.5249288822259697,0.6599508115789803,0.8561203019193994,1.0650240613873347,1.0980860603380502,0.4594562206249498,0.5520791813578712,0.6410343030622244,0.7901793049866641,0.6612747005510023,1.3025537109375,0.8470196533203125,0.6691639709472657,0.5763616180419922,0.5565029815673829,0.7803825097911465,0.540434615348112
211,joint_noise_arctique_semantic_blood_cells_tta_pu_0_50,0_50,0.37025112519040704,0.5337066283010603,0.6606726735981888,0.85245267004712,1.06355672001028,1.0981627406336325,0.5075835646151156,0.5807255988560768,0.6645320245886862,0.8226735655981887,0.7045801630907859,1.227822265625,0.9673254394531251,0.6822605895996093,0.5822617721557615,0.5566406860351563,0.7551645349736027,0.614462998814307
223,joint_noise_arctique_semantic_blood_cells_tta_pu_0_50,0_50,0.3361865963343007,0.4896336846702396,0.6539915857158077,0.8377425909771254,1.0452595996530518,1.0755082556622,0.4484370030842569,0.5150490288058619,0.604918938735068,0.7601903427901471,0.6522647116083515,1.1769580078125,0.8463787841796876,0.5939460754394531,0.5127721786499024,0.48086889038085956,0.6402465041310501,0.5457378593268939
301,joint_noise_arctique_semantic_blood_cells_tta_pu_0_50,0_50,0.36348359638941474,0.4687610650266052,0.648026459819548,0.8226884150193222,1.0239067970037068,1.0606008117703187,0.45405485630775655,0.5099592564024176,0.5920316082975507,0.7433407497046156,0.6483171232417144,1.07289794921875,0.8554010009765627,0.5740878295898436,0.5376509284973142,0.525634521484375,0.6509080103790368,0.5323410724102328
227,joint_noise_arctique_semantic_blood_cells_tta_pu_0_50,0_50,0.36664404394105077,0.5292696218827648,0.6762107967255194,0.8517179843044438,1.0595781466113416,1.09375490819974,0.5029842284789069,0.578496381184464,0.6718229579708498,0.840385580962559,0.7286710194777929,1.1761962890625,0.9245690917968753,0.6532217407226563,0.5818201255798338,0.5557981445312501,0.798018039095671,0.6490945231660884
252,joint_noise_arctique_semantic_blood_cells_tta_pu_0_50,0_50,0.4587087854160927,0.5352509256248497,0.6680203703241272,0.8641784604235555,1.0648977559858395,1.099497144563316,0.5664367597682305,0.6229923392852376,0.7079610980742583,0.879377747861253,0.7342188817772486,1.254052734375,0.929951171875,0.68437744140625,0.6190927314758301,0.59870439453125,0.8338297534582487,0.6548827582418708
212,joint_noise_arctique_semantic_blood_cells_tta_pu_0_50,0_50,0.38858046088716947,0.5342806037715395,0.6526525515589756,0.8551192490304412,1.0579335617369126,1.0950929300048098,0.5235546286443263,0.5922165225860427,0.6740122451871441,0.8118539549014473,0.6889523304429642,1.353876953125,0.9970397949218753,0.7389944458007812,0.6075282096862793,0.5999592956542968,0.7444261151174898,0.5626052625225321
204,joint_noise_arctique_semantic_blood_cells_tta_pu_0_50,0_50,0.568192084421753,0.6118517063047241,0.660007209226151,0.840443581292287,1.0576779527597915,1.0958447736795327,0.6640468919505915,0.7111896926878025,0.7763765227980723,0.9351475258484572,0.7700605776186125,1.335380859375,0.966602783203125,0.7310459899902344,0.6706649041175843,0.660423828125,0.8127067063903524,0.6568124774593141
232,joint_noise_arctique_semantic_blood_cells_tta_pu_0_50,0_50,0.33765275418772944,0.5044328465324501,0.6577235466127169,0.8396443011349806,1.0313354251891609,1.0649384038733818,0.4602233760993765,0.5338008901325785,0.6230287824662948,0.7696419466668888,0.6428525064819722,1.12287109375,0.9051773071289062,0.6170901489257813,0.5553620934486388,0.5366181503295899,0.7187881549597261,0.516343471729916
214,joint_noise_arctique_semantic_blood_cells_tta_pu_0_50,0_50,0.34344898391282186,0.5050400554846318,0.6508658605677481,0.8501806851886031,1.0551205336692624,1.0882578517306314,0.469789761400796,0.5415292801179695,0.6248052456173078,0.7749690769443758,0.6640924540297339,1.1873828125,0.9010671997070315,0.6520034790039061,0.5974485874176024,0.5658597396850586,0.7377026880530971,0.5359316157399571
308,joint_noise_arctique_semantic_blood_cells_tta_pu_0_75,0_75,0.3561665958404774,0.5218176636002934,0.6611270973447936,0.8496151498876033,1.0600920546478427,1.0930252195451475,0.48788704783287773,0.5645373202177131,0.6532550456494008,0.8027322923013939,0.6930708451704546,1.15412109375,0.8837689208984376,0.6493365478515624,0.6007204818725586,0.5736406372070313,0.7893996112253072,0.5847947319539273
235,joint_noise_arctique_semantic_blood_cells_tta_pu_0_75,0_75,0.4224134265969042,0.5410933615019442,0.6702813545254072,0.8734665491947515,1.0514735725755586,1.083203275937017,0.5514687009475792,0.6175822696917205,0.7053566731659171,0.8720425610369162,0.721382681374372,1.2044287109375,0.9323840332031251,0.816924591064453,0.6593177032470703,0.6241822143554688,0.8155676803369392,0.6064388959665331
309,joint_noise_arctique_semantic_blood_cells_tta_pu_0_75,0_75,0.5150130848414847,0.5771406448960101,0.6456833336484548,0.8183623098577156,1.0448791162927724,1.0800638338414634,0.6185741936994351,0.6681195917190212,0.7276745518509289,0.8429431025307474,0.6934756396001875,1.19625,0.9020642089843749,0.7111611938476563,0.6441386222839356,0.6311857055664063,0.7347489482289444,0.5773131155356612
254,joint_noise_arctique_semantic_blood_cells_tta_pu_0_75,0_75,0.3932479233335471,0.5417433602156564,0.6751766462292899,0.8723389021289103,1.054193923336534,1.0870155343112966,0.5284755344190374,0.6022664868392704,0.695650000834255,0.8602184607582474,0.7201022920540405,1.2410009765625003,1.023214111328125,0.6684027099609373,0.604865665435791,0.5825618347167969,0.7715889752841023,0.587530758428699
312,joint_noise_arctique_semantic_blood_cells_tta_pu_0_75,0_75,0.6058752061071573,0.617864208034258,0.682724490617886,0.8850810982207922,1.0532239892533692,1.0887828838288935,0.686396728210167,0.7462529369261408,0.8361448317498539,1.0327518392583626,0.8283720965810766,1.3096484375,1.1887841796875,0.8691482543945312,0.6863673400878906,0.6646685485839845,0.8763818520468039,0.7352025479200028
207,joint_noise_arctique_semantic_blood_cells_tta_pu_0_75,0_75,0.4182634178432636,0.5119593764155,0.6692060605757555,0.8714484473388934,1.0592195073243393,1.0892520124537177,0.5283463048297435,0.5904026517769697,0.6794191445678981,0.8452423397397814,0.7175197768470911,1.279833984375,0.94150146484375,0.6470597839355469,0.5755735492706298,0.5544618041992188,0.7869372027842725,0.6089460719829921
258,joint_noise_arctique_semantic_blood_cells_tta_pu_0_75,0_75,0.41508832313411403,0.5405971273359927,0.6658365393478848,0.8653209770122172,1.0579864567488368,1.091889755776133,0.5462621936900869,0.6125565777045969,0.6983532912966556,0.8558378347070075,0.7206495026689967,1.2018701171875,0.9297576904296875,0.7101936340332031,0.6010186195373535,0.5763512390136719,0.7377850090304872,0.5930392659216907
260,joint_noise_arctique_semantic_blood_cells_tta_pu_0_75,0_75,0.5261755428800825,0.549156200204744,0.6864668949309038,0.8993189701343948,1.062669881435636,1.0945847365340133,0.6085165583987235,0.6722096659326151,0.7667252355099519,0.9750046786790509,0.7876086790131269,1.2474169921875,1.124361572265625,0.7130179595947266,0.601969165802002,0.5821441772460938,0.7635247503220891,0.6736777360478522
238,joint_noise_arctique_semantic_blood_cells_tta_pu_0_75,0_75,0.4849894847320684,0.585767893084222,0.6645703495333518,0.86969973574003,1.0676825657363767,1.1027274025447578,0.6155416463390139,0.6749765542454494,0.7496921814306523,0.9147930150350516,0.7522611082658004,1.2863183593750003,1.1243133544921875,0.7384524536132814,0.6692137908935547,0.6330022827148438,0.802637353313428,0.6378637166072135
305,joint_noise_arctique_semantic_blood_cells_tta_pu_0_75,0_75,0.4746454242922482,0.6055628605633894,0.6660111577692962,0.8517294031758931,1.0505091365058705,1.0861911352911076,0.6244356660283439,0.6841661059948465,0.754798685350237,0.912008081028624,0.7872204419318275,1.26419921875,1.0331903076171878,0.794214630126953,0.6913942718505859,0.6786338127136231,0.7560525123052121,0.6698596912364946
302,joint_noise_arctique_semantic_blood_cells_tta_pu_0_75,0_75,0.4097435383591801,0.5634119577072331,0.6801058761429808,0.8588530718564293,1.0546301685064134,1.0872366725957388,0.556459431068751,0.6314532059712813,0.7236171457219251,0.889918417588643,0.738008712886393,1.1947851562500003,0.9494439697265628,0.7327207946777345,0.6745307540893554,0.6458164794921875,0.8403761920841006,0.634509293308646
226,joint_noise_arctique_semantic_blood_cells_tta_pu_0_75,0_75,0.5382211465766886,0.5948484605998747,0.6764032748422366,0.8845664654871884,1.0530383930608167,1.0855344962293818,0.647270151547116,0.7067462928463115,0.7927914763899303,0.9900571833580896,0.8107555792586318,1.2167041015625,1.0631732177734374,0.7369100952148436,0.6678805541992188,0.650893115234375,0.7813905301409103,0.6874933743621543
233,joint_noise_arctique_semantic_blood_cells_tta_pu_0_75,0_75,0.5687172818179533,0.6039100363079503,0.6498958842358113,0.8355044757094576,1.0452221165575244,1.082800031847,0.6551408809067588,0.6973061023490954,0.7520309065666639,0.8879047905545951,0.7309699675640546,1.2283740234375,0.9012200927734377,0.7462542724609375,0.6789637184143067,0.6674557411193848,0.8359467362430062,0.6042556749714759
202,joint_noise_arctique_semantic_blood_cells_tta_pu_0_75,0_75,0.4034280977357412,0.5238756395977235,0.659969639754933,0.8536225777759867,1.0455386709783856,1.0819198398958125,0.5292576440519339,0.5909488679955706,0.6746509771433588,0.825362541985826,0.7116224381149283,1.2018896484375,0.847730712890625,0.6429632568359375,0.5658318138122559,0.5598310668945312,0.7405937599339768,0.5852191150956411
306,joint_noise_arctique_semantic_blood_cells_tta_pu_0_75,0_75,0.44443952884466853,0.5693101572507437,0.6848663221221655,0.8818885547666587,1.0508990605183512,1.0812466087697958,0.5826716517778097,0.651780710194653,0.7439786720454964,0.9281659533410961,0.746188583038618,1.2613134765625,1.087374267578125,0.8621646118164062,0.7054276657104492,0.657943896484375,0.7974643446799383,0.6150418771324926
219,joint_noise_arctique_semantic_blood_cells_tta_pu_0_75,0_75,0.5187472376273945,0.5654704341208735,0.6722649513767565,0.893395360197643,1.0685132602480725,1.1007695880645574,0.6147239637020618,0.6743649198591207,0.7606838368518607,0.9561623035862257,0.7567461675378445,1.230185546875,1.0984259033203125,0.7114946746826172,0.6253290367126465,0.60140498046875,0.7919847761204517,0.6503332681680889
261,joint_noise_arctique_semantic_blood_cells_tta_pu_0_75,0_75,0.35769001820881385,0.5321835542430005,0.6697028275575745,0.8811987710953066,1.0629940637996969,1.0969683887164356,0.49129254078080553,0.5731355421213057,0.6643849143394714,0.8258883502503908,0.6964772159184998,1.178740234375,0.8984066772460938,0.711370849609375,0.5814409828186036,0.5636363037109375,0.7868445113780151,0.5707101446191716
213,joint_noise_arctique_semantic_blood_cells_tta_pu_0_75,0_75,0.41959017688350286,0.5721216826643655,0.6889725031924819,0.9005886510301547,1.0579071022727273,1.090231938889642,0.5670598516907663,0.6438814361844388,0.7400951952688902,0.9390352912713179,0.7449125294963085,1.3846386718750003,1.1034783935546877,0.7883613586425782,0.6322700500488281,0.6171535491943361,0.784203848334192,0.607379843558734
215,joint_noise_arctique_semantic_blood_cells_tta_pu_0_75,0_75,0.3579118461930193,0.5533443582009581,0.6727216648112886,0.8606568287649837,1.0564529466579409,1.0904444470740544,0.49477190709248153,0.5913387200383281,0.6843453893998364,0.8437183603839069,0.7298399855970671,1.27009765625,0.950263671875,0.712622833251953,0.6201509666442873,0.5992369995117187,0.7923831852622181,0.6100369022268736
206,joint_noise_arctique_semantic_blood_cells_tta_pu_0_75,0_75,0.3243579941627104,0.5432754412391751,0.6735669780255664,0.8625394319757013,1.0543588390943195,1.090025950185402,0.44858771187146446,0.5557532226115629,0.6585485147251735,0.8215701879274461,0.7072786204687898,1.2441162109375,0.8655426025390627,0.6662123107910156,0.6122405052185058,0.5909864746093751,0.745897157402427,0.5614495857268657
216,joint_noise_arctique_semantic_blood_cells_tta_pu_0_75,0_75,0.46656316363078076,0.582381314224682,0.6714823400549802,0.8724096563535413,1.0561424298000117,1.0890380162996705,0.6052175548331724,0.6692798874335897,0.7516289352189897,0.9267929395766652,0.7512065616056277,1.2779248046875,1.0165631103515624,0.7694972229003905,0.6514997863769532,0.6381252197265626,0.7899211239325994,0.6305043299871916
222,joint_noise_arctique_semantic_blood_cells_tta_pu_0_75,0_75,0.3895018343027914,0.5543750146658213,0.699557281571479,0.8999917137662553,1.0580680126595008,1.0898560611327401,0.5370543815289713,0.6153227872766104,0.7181630626659278,0.9331017272025466,0.8434448522036909,1.3147998046875,1.0593255615234378,0.6931201171875,0.6174341201782227,0.592331201171875,0.7785131504803446,0.7346107307733727
220,joint_noise_arctique_semantic_blood_cells_tta_pu_0_75,0_75,0.33014632761478424,0.5099095762082804,0.6694276446813496,0.8636141430466968,1.059469526831998,1.0939961057720762,0.45245920619983,0.5330444983742623,0.6276089182067531,0.7952449284513788,0.6733559300189159,1.2147265625,0.9261657714843752,0.7375598907470703,0.5728842735290527,0.5260800842285156,0.7008183143473414,0.5543291734278452
217,joint_noise_arctique_semantic_blood_cells_tta_pu_0_75,0_75,0.3014352076788782,0.5022416704308656,0.6628223806445769,0.849410653764762,1.046699128437576,1.083892299107143,0.4150912075607304,0.508334465452308,0.6013682845310354,0.7647977884313371,0.6494864576413532,1.1366455078125002,0.8768206787109376,0.6270732879638669,0.5435804879665375,0.5319817443847658,0.6890283002461071,0.5342385476934527
259,joint_noise_arctique_semantic_blood_cells_tta_pu_0_75,0_75,0.5035626022872748,0.5894779431301633,0.6598471823969674,0.858093384788096,1.054987285796888,1.089904944214937,0.6255704091642758,0.68073739881813,0.7487358251289004,0.9004182224529004,0.7377713285610972,1.2255322265625,1.0599444580078126,0.7651316833496093,0.6605804800987244,0.6370534545898437,0.7962618698644935,0.6099224858870336
310,joint_noise_arctique_semantic_blood_cells_tta_pu_0_75,0_75,0.3740494590238086,0.5527793898295698,0.6648767942299098,0.8596386173976144,1.0433136731913437,1.079350427277291,0.5123129566140012,0.5981382940060018,0.6874701305601717,0.8327126040975644,0.6947168489236343,1.187314453125,0.9635330200195312,0.6904085540771484,0.6472525215148924,0.6240922454833985,0.7548287752610204,0.5418109096401224
210,joint_noise_arctique_semantic_blood_cells_tta_pu_0_75,0_75,0.44880213246506173,0.5571875651589139,0.6779986846654235,0.8833017895664662,1.056846610943289,1.0891546615511054,0.5772882629502587,0.6449933701350266,0.7341602197251368,0.9119605684911426,0.7269596497341411,1.2409521484375,1.0529986572265626,0.7705167007446289,0.66545933842659,0.6207515144348145,0.7821642634323654,0.597416006746451
256,joint_noise_arctique_semantic_blood_cells_tta_pu_0_75,0_75,0.3869731974118622,0.5317283731292893,0.6546544360439394,0.8546929173570201,1.0448885478670635,1.0836996209000314,0.5224949232606102,0.5879613815735216,0.6686164457164956,0.818462709631249,0.7110800198956784,1.1798437500000003,0.9025872802734376,0.6434056091308594,0.5902219772338865,0.5701387451171875,0.7221247578498077,0.5680843099328425
253,joint_noise_arctique_semantic_blood_cells_tta_pu_0_75,0_75,0.379405634230352,0.5762505359394486,0.670340864535261,0.869508600090093,1.0479717626901888,1.0812875120704581,0.5241322945932109,0.6208646835547144,0.7099419893279133,0.8741564360827367,0.7501084827169338,1.2360107421875,1.0152490234375,0.7762454223632812,0.7086399459838867,0.663933203125,0.7884808068983067,0.6033468073788464
230,joint_noise_arctique_semantic_blood_cells_tta_pu_0_75,0_75,0.48111929053266067,0.573388886402025,0.6586309936171755,0.8575807434460271,1.0668355774769585,1.1001354204513143,0.603216490436294,0.6615087947183823,0.7344294740456142,0.8841548969498438,0.7172314010659623,1.48419921875,1.0997930908203124,0.7998223876953123,0.6264427077770233,0.6159557220458984,0.8023217714060096,0.5974933573645113
221,joint_noise_arctique_semantic_blood_cells_tta_pu_0_75,0_75,0.3786630944669014,0.5470034927340659,0.6663047414216374,0.8653053717686736,1.054244682553538,1.0881246135668177,0.5177122102982192,0.5973028795999985,0.6864439067479273,0.8409563835923569,0.7105854868166738,1.16919921875,0.8867315673828127,0.6907908630371093,0.6411043548583983,0.6207019226074219,0.7336188077675718,0.5617661985962926
304,joint_noise_arctique_semantic_blood_cells_tta_pu_0_75,0_75,0.43210105116304476,0.5788684663914744,0.6901447983770709,0.8799210228841641,1.065301839841712,1.0990743050181344,0.5814009242145909,0.6560341343447844,0.7507512910466285,0.9408942000504685,0.7827882379683809,1.481279296875,1.1235333251953123,0.7396232604980468,0.675049409866333,0.6501280090332031,0.7840243336070499,0.6839016783436779
228,joint_noise_arctique_semantic_blood_cells_tta_pu_0_75,0_75,0.4067944751586765,0.534698036561951,0.684663932571327,0.8864739126001274,1.0613443588393114,1.0925959749041863,0.5358345620712507,0.6050754810121454,0.7013245618313192,0.8864739126001274,0.7463041724618593,1.25998046875,0.9669140625000001,0.6791091918945312,0.589692440032959,0.5707470458984375,0.7753182721413734,0.6360020470735649
240,joint_noise_arctique_semantic_blood_cells_tta_pu_0_75,0_75,0.38649780536070466,0.5236475504554986,0.6582180657905226,0.849616851244047,1.0420675126333085,1.0766886149991994,0.5144779721727415,0.5814413739374071,0.6665435587363775,0.8095722278388967,0.6803574635139074,1.1387158203125,0.8712066650390626,0.6505697631835937,0.5837812042236328,0.5646465698242188,0.7649497250899624,0.5522200903434723
311,joint_noise_arctique_semantic_blood_cells_tta_pu_0_75,0_75,0.39407985968864523,0.5493141420200893,0.6786696344510429,0.884921582993544,1.0579712056946207,1.0915383731617647,0.5365843865155777,0.6105691457793074,0.7035727275857497,0.8867929577259163,0.7571564662554553,1.234775390625,1.0549627685546874,0.7307072448730468,0.6122315502166749,0.6031682250976562,0.7622230412641862,0.6177824147985372
303,joint_noise_arctique_semantic_blood_cells_tta_pu_0_75,0_75,0.49021783252828754,0.5776793935652264,0.6623865654444576,0.873878433409915,1.063866487424219,1.0976020501379282,0.6121511830348024,0.6713464055697872,0.7461878868935146,0.9109932636630845,0.7383615630422611,1.242509765625,1.047183837890625,0.7392338562011719,0.6607752943038939,0.6506091033935548,0.7706631890267903,0.6053671262592962
229,joint_noise_arctique_semantic_blood_cells_tta_pu_0_75,0_75,0.35493125639186474,0.5137169743586693,0.6584518985015055,0.8516482038076408,1.0413728966957385,1.074093380489865,0.4810832562022186,0.5532737092165985,0.6428183112520819,0.7856492986795741,0.6601095923670766,1.0886572265625,0.863375244140625,0.6369953918457031,0.5488540720939638,0.5433590576171877,0.67456113812177,0.5205708325049243
239,joint_noise_arctique_semantic_blood_cells_tta_pu_0_75,0_75,0.41439450945472345,0.5434346346325979,0.6891657445920301,0.8999499586035944,1.068195537331916,1.1005656885136523,0.5479428084005268,0.618068619090431,0.7154637182834339,0.9148058843534581,0.7750588797847312,1.28326171875,1.0913220214843753,0.6798262023925783,0.5909458875656128,0.5851439208984375,0.7468358127176102,0.6461101518999253
224,joint_noise_arctique_semantic_blood_cells_tta_pu_0_75,0_75,0.4270282110737753,0.5563321540779804,0.6752452665826205,0.8917801669061257,1.0624677640448454,1.0955512089911645,0.562134827316298,0.6308704731474059,0.7200218000190428,0.8904595500949668,0.7178022879813714,1.197783203125,1.0721166992187503,0.7044648742675781,0.6227153396606444,0.6160989532470703,0.7112366923179739,0.5707282980583355
205,joint_noise_arctique_semantic_blood_cells_tta_pu_0_75,0_75,0.3931896270078141,0.5356931441619488,0.6645737424271143,0.8674646769949895,1.0369403226826759,1.068801332551123,0.5251729802155308,0.5944997427821087,0.6815310166651316,0.8336215864207965,0.6981803789610438,1.1915869140625,0.9731561279296875,0.6563887023925781,0.5908790683746338,0.5712383728027345,0.7475867757252544,0.5647180431579761
231,joint_noise_arctique_semantic_blood_cells_tta_pu_0_75,0_75,0.3496235485363286,0.5492022123490455,0.671521965944018,0.8713889844707866,1.0626159014699905,1.094764855873519,0.4823175072140614,0.5812965731326891,0.6738421104160057,0.8370255863903512,0.6969079106834917,1.2877197265625,0.8667669677734376,0.6792933654785156,0.6128396081924439,0.6037698822021484,0.7751997838388522,0.5719749144814019
211,joint_noise_arctique_semantic_blood_cells_tta_pu_0_75,0_75,0.37453026173170656,0.5435813126402484,0.6665642006010494,0.8509695187893016,1.0469337597227932,1.080344870450087,0.5146033428083584,0.5918044518614699,0.6788643190560467,0.837595974122115,0.7219292096408713,1.1761767578125,0.928057861328125,0.688363037109375,0.611506652832031,0.5820921508789062,0.7692572762753962,0.6244794503383074
223,joint_noise_arctique_semantic_blood_cells_tta_pu_0_75,0_75,0.35139930996956537,0.5048990851754338,0.6603349540752401,0.8556341617266259,1.0573501364569167,1.088296863780517,0.47309714919340967,0.542941172523768,0.633295781815051,0.7904272980148068,0.6775291195199071,1.1716845703125,0.9905242919921875,0.65594970703125,0.5623723983764648,0.5373021942138672,0.6853941799434483,0.5642841200500701
301,joint_noise_arctique_semantic_blood_cells_tta_pu_0_75,0_75,0.3859846711566206,0.4824267118610068,0.6539173725354149,0.8417598094012909,1.036822176351728,1.0726002040544023,0.48472459715679356,0.5415834699690721,0.6245837558716862,0.7765521947163057,0.6764463809597623,1.091552734375,0.9041168212890625,0.589719009399414,0.5384602546691892,0.5290194580078125,0.7204797056407964,0.5543067237929838
227,joint_noise_arctique_semantic_blood_cells_tta_pu_0_75,0_75,0.3720345518668182,0.5401993926802967,0.6723776809963689,0.8537315463038495,1.0531992116532571,1.0894218756486633,0.512628873106138,0.5914337169378996,0.6833040259900951,0.8456656276394583,0.739524779156064,1.2999658203125,0.9771673583984378,0.6795364379882812,0.6129053115844728,0.5861486938476562,0.7881415393694685,0.6473207343670111
252,joint_noise_arctique_semantic_blood_cells_tta_pu_0_75,0_75,0.4622927993768826,0.5459664354393593,0.6700553007955766,0.8651236405643764,1.0632332147733983,1.0959370225852791,0.5770671725686196,0.6366250729141261,0.7226587419899261,0.8958905732162584,0.751198493035224,1.2572216796875,1.0788494873046879,0.698343505859375,0.654097270965576,0.6247828979492188,0.8040131939082102,0.6657266288407867
212,joint_noise_arctique_semantic_blood_cells_tta_pu_0_75,0_75,0.40677562552446034,0.5617185947120118,0.6766498708481791,0.8882024056474432,1.0599770505144783,1.0907887576517776,0.5511880370774472,0.6267165728213293,0.7178858510528489,0.8946587864253567,0.7512863716904874,1.2357763671875,1.032630615234375,0.7708071899414063,0.6586969995498656,0.616069856262207,0.8166181705166923,0.6209061347057991
204,joint_noise_arctique_semantic_blood_cells_tta_pu_0_75,0_75,0.5714836690021912,0.61883600907972,0.6713095057592775,0.8553051998464603,1.0607796992888865,1.0980745337191045,0.6728166229803033,0.7251768123381953,0.7973135996686207,0.9736096656484783,0.7908767474980157,1.327587890625,1.0638421630859376,0.7728488159179687,0.682368278503418,0.6735911376953125,0.8194240945083733,0.6628348391547505
232,joint_noise_arctique_semantic_blood_cells_tta_pu_0_75,0_75,0.36424261436332017,0.5388375396203816,0.675690314605209,0.8749011798063787,1.0523864800932166,1.086059471374007,0.4988838929354834,0.5809895042691954,0.6762737147647653,0.8400377300815692,0.6969787456988026,1.15798828125,0.9513677978515627,0.7228456115722658,0.6244052934646607,0.580450597000122,0.7834073105617277,0.5568539344681906
214,joint_noise_arctique_semantic_blood_cells_tta_pu_0_75,0_75,0.3600849465292413,0.5293142581849968,0.6693794972715286,0.8756548450534575,1.0529954034011395,1.085053900923886,0.4942253430727716,0.5725919795121064,0.6634248756290482,0.8313253283346196,0.7074650034035318,1.169267578125,0.9352984619140625,0.6712698364257812,0.6111274051666259,0.5888807083129886,0.7613146448200778,0.5713787718169209
308,joint_noise_arctique_semantic_blood_cells_tta_pu_1_00,1_00,0.36966865858994424,0.5421301314765147,0.6815393066556681,0.8816929104025218,1.066548414878306,1.0962702198603842,0.5072682064104896,0.5898464209108794,0.6871896187080431,0.8557987833822441,0.7248190407694587,1.25138671875,1.1212274169921874,0.7161167907714843,0.6236129951477052,0.6050198974609375,0.8112395152338054,0.6082663254310877
235,joint_noise_arctique_semantic_blood_cells_tta_pu_1_00,1_00,0.44173683010740206,0.5605668852805916,0.6760874394706167,0.8777130200527791,1.0576480205121384,1.088031785890495,0.5759635137535819,0.6416157749355141,0.7301153721032949,0.9064642445269975,0.7439798954619726,1.2635546875000006,1.1226361083984377,0.7172325134277344,0.624084129333496,0.6115624755859375,0.7837114312642166,0.6260335988769564
309,joint_noise_arctique_semantic_blood_cells_tta_pu_1_00,1_00,0.521315823396435,0.5885481693141648,0.662207649323503,0.8513566278437017,1.0628240301051208,1.096291295989685,0.6310493082610469,0.6862960954821297,0.7529594363646159,0.90224080788569,0.7210948075419069,1.2792236328125002,1.0714764404296873,0.731201171875,0.6551445198059082,0.6428070068359375,0.8592652129775891,0.5871845158978124
254,joint_noise_arctique_semantic_blood_cells_tta_pu_1_00,1_00,0.4109599066723604,0.5650911229319436,0.6897252516845628,0.8977138722412076,1.0702761222783317,1.1015886348458483,0.5539908611161249,0.6317440617248511,0.7295103851637175,0.9203903811567449,0.7532661955006245,1.2585546875000002,1.1046008300781252,0.7352921295166014,0.6388747215270996,0.6076339172363281,0.8356222281272534,0.6122193181773982
312,joint_noise_arctique_semantic_blood_cells_tta_pu_1_00,1_00,0.6174584376130952,0.6330007182302521,0.6880196879363417,0.8817459778853962,1.0535860062418902,1.0877010437355843,0.7011757279053545,0.7619388883650663,0.8502657899543542,1.0440668567476927,0.8202805978900739,1.31921875,1.170830078125,0.8833775329589844,0.7093778896331787,0.6890506835937503,0.9334810826878959,0.7229164265701324
207,joint_noise_arctique_semantic_blood_cells_tta_pu_1_00,1_00,0.45826243120245636,0.5505757243264354,0.6792241907959442,0.9063930431162421,1.0996844122510632,1.1280345809827792,0.5783022312111002,0.6419765070428628,0.7326976425951811,0.927332326650674,0.7637782233467367,1.37037109375,1.2041314697265626,0.7629032897949218,0.6224773025512695,0.6007859497070314,0.8467225890814584,0.6471690785394059
258,joint_noise_arctique_semantic_blood_cells_tta_pu_1_00,1_00,0.4326825304888189,0.5617162318735994,0.675556352212072,0.8786596379103967,1.063214988079333,1.09724343345133,0.5704071538776869,0.6378646981432766,0.7262740617521076,0.898213306657712,0.7469741588060698,1.309384765625,0.9568878173828125,0.7103497314453125,0.6308828163146972,0.6105207397460938,0.7915988950741377,0.6072718734385966
260,joint_noise_arctique_semantic_blood_cells_tta_pu_1_00,1_00,0.5932345545516,0.6098089265019893,0.6818876682397192,0.8784456208735723,1.0536838160230466,1.0890769202574233,0.6762784881590965,0.7355818625910301,0.8218356670081316,1.0150719756114701,0.8336309991960291,1.4034765625000003,1.242147216796875,0.8927365112304685,0.7443188858032227,0.7111623046875,0.7742722250401112,0.6988672479391033
238,joint_noise_arctique_semantic_blood_cells_tta_pu_1_00,1_00,0.49215519479184877,0.5949006461117936,0.6720549963571533,0.877915482183565,1.0755915278799488,1.108840347958411,0.625730385296854,0.686836775348264,0.7643029476583695,0.942369370496278,0.7717154220459372,1.281240234375,1.0265838623046877,0.7500102233886718,0.6633127784729004,0.6434967407226563,0.8582201232924302,0.6482082275327676
305,joint_noise_arctique_semantic_blood_cells_tta_pu_1_00,1_00,0.4787592525826767,0.6155359446344846,0.6818402070450644,0.8743558327004816,1.0613473151783923,1.0976513312267207,0.6332515883686979,0.6996205774997332,0.7807458258103028,0.9639232472168787,0.8165799031040506,1.294912109375,1.1264776611328124,0.7972187805175781,0.6946525955200192,0.6815650543212891,0.8456131305581721,0.6931031662538086
302,joint_noise_arctique_semantic_blood_cells_tta_pu_1_00,1_00,0.4234314287023153,0.5837806073685786,0.6911740055492117,0.8704100365406224,1.0617497319812732,1.0940157487187894,0.5765955530156066,0.6558584287358286,0.7503647053499486,0.9309505532912639,0.7649086018319339,1.2570068359375002,1.0140148925781254,0.7654832458496093,0.6843928146362305,0.6609205200195313,0.881909200749283,0.6518871006900135
226,joint_noise_arctique_semantic_blood_cells_tta_pu_1_00,1_00,0.5700959712266922,0.6235835722622073,0.6876559515292386,0.87828183368714,1.0583400958866245,1.0948195203682867,0.6791222896971467,0.7399516590211882,0.8267832209180793,1.0211843308429092,0.846539367426715,1.302568359375,1.0326232910156248,0.7619059753417967,0.7016490936279297,0.689336279296875,0.8384123294674614,0.7249131620526484
233,joint_noise_arctique_semantic_blood_cells_tta_pu_1_00,1_00,0.5736249353649328,0.6131823619915819,0.6661902986099133,0.8659337838292205,1.0647929671067622,1.1003461078884083,0.6679982675716004,0.7171835131799091,0.7822048186337622,0.9559583210916089,0.76882235891462,1.278515625,1.01445068359375,0.7541732788085938,0.6906864929199219,0.6799560150146484,0.7965656330799623,0.6446484860883982
202,joint_noise_arctique_semantic_blood_cells_tta_pu_1_00,1_00,0.43241540755843744,0.5580309219845724,0.6671628387492865,0.8740704402081515,1.0577217811321808,1.0873809003662198,0.5687929531266177,0.6323033149725756,0.7167561688657246,0.8816060948589972,0.7498078471482402,1.208876953125,0.9359405517578122,0.7114706420898438,0.6135087776184082,0.6035696166992187,0.7808895022810451,0.6174750918066539
306,joint_noise_arctique_semantic_blood_cells_tta_pu_1_00,1_00,0.468298419873463,0.5956465054697427,0.6923154029250908,0.899331606306473,1.0738597143599815,1.1051441504291726,0.6135923215965786,0.6831546010316517,0.7774654913154716,0.9818575697893628,0.7786320493281488,1.2522021484375003,1.0411834716796877,0.7430615234375,0.6572949981689454,0.6408916625976562,0.8399666452815548,0.6499094317666412
219,joint_noise_arctique_semantic_blood_cells_tta_pu_1_00,1_00,0.5504585216040141,0.5957670873704556,0.6815671608765008,0.8926305345679361,1.0581516364092245,1.0887736700808766,0.6501411155341151,0.7111781416198101,0.800317116946564,1.0041102049756818,0.7947249533094565,1.233095703125,1.04013916015625,0.7384886169433593,0.6685455322265623,0.6485469970703126,0.8152119707706067,0.6890644905310086
261,joint_noise_arctique_semantic_blood_cells_tta_pu_1_00,1_00,0.37652070057811216,0.5600620285928323,0.6899147663050137,0.9175255316808255,1.079922756807625,1.1101032599408973,0.5173869243274007,0.6061675265867049,0.7058152458210871,0.8954862622326951,0.737236240642626,1.336650390625,1.1220611572265624,0.7424695587158203,0.658056640625,0.6366462646484375,0.8648743616119353,0.6055761736423207
213,joint_noise_arctique_semantic_blood_cells_tta_pu_1_00,1_00,0.42641741162515245,0.5756188350873733,0.6946956103772093,0.8973532653708607,1.0605975536747385,1.0926263014149127,0.5748477129201573,0.6493250614897789,0.7483623294799042,0.9510086490215007,0.8056947269281833,1.2723583984375002,1.0032214355468752,0.7389552307128906,0.6346122932434082,0.6218857727050782,0.8010695088017197,0.6817809613081661
215,joint_noise_arctique_semantic_blood_cells_tta_pu_1_00,1_00,0.3699240494752303,0.570253883551537,0.6843659429266902,0.8763693345371031,1.0531911113239443,1.086307294214775,0.5115612018970758,0.6118883679152403,0.7097390863018793,0.8838357561639362,0.7557715918978615,1.1524072265625,0.979649658203125,0.7360391235351562,0.6656247329711914,0.6273044677734377,0.8158369119555249,0.6320577198598342
206,joint_noise_arctique_semantic_blood_cells_tta_pu_1_00,1_00,0.3418344483070541,0.5686257028744405,0.6935465609128082,0.8863773216895948,1.0641801313920454,1.0980102110315793,0.47333093214558075,0.5886918237861986,0.6976824336649062,0.8816750264219602,0.7504152828335233,1.20689453125,1.0587023925781252,0.7291574096679687,0.6435702133178711,0.62671171875,0.8191026963160728,0.5889299872250625
216,joint_noise_arctique_semantic_blood_cells_tta_pu_1_00,1_00,0.4690869119076524,0.5866941913317841,0.6764124285827989,0.888352440214782,1.0678443784127603,1.1012218731837893,0.6093617269187049,0.6754172534772681,0.759873380454017,0.9472517378462307,0.7741710944678307,1.361337890625,1.0399249267578128,0.7895631408691406,0.6594710731506348,0.6386229370117188,0.807880120755952,0.6392950225944625
222,joint_noise_arctique_semantic_blood_cells_tta_pu_1_00,1_00,0.4302781146252528,0.5998585445307378,0.700748410524351,0.8827995799098899,1.0490064150718073,1.0836741049458662,0.59366738426533,0.672937786812662,0.7729282103424725,0.9709203374604446,0.8749348958333333,1.2883740234375,1.0753912353515627,0.742974853515625,0.6779262542724608,0.6778582519531251,0.795694843053564,0.7536584451061529
220,joint_noise_arctique_semantic_blood_cells_tta_pu_1_00,1_00,0.3548804657475557,0.5344788167071574,0.6889785470426323,0.900336495509689,1.071490122604246,1.1021391692578433,0.48721127596783587,0.5728587366763381,0.6741424012224739,0.8621833222599844,0.7157310319649259,1.241044921875,1.167486572265625,0.8059246826171873,0.6475190734863281,0.5852498138427734,0.7723171896040266,0.5958061718395039
217,joint_noise_arctique_semantic_blood_cells_tta_pu_1_00,1_00,0.3253929562633857,0.5365870722776993,0.6947370918754746,0.8912309379720318,1.0640189883052373,1.0943590880400014,0.44896512479527834,0.5526627904483244,0.6592322060687198,0.8504277896514207,0.7104365568058255,1.2190625000000004,1.0778729248046874,0.6898020935058592,0.6046872282028198,0.5706591033935546,0.7789323778904359,0.5849386925166283
259,joint_noise_arctique_semantic_blood_cells_tta_pu_1_00,1_00,0.5151089969440363,0.6048736375271961,0.6676047310104362,0.8723024435077745,1.0593700320855988,1.0944024613551633,0.6414117071139724,0.6978139828168362,0.7700624256315718,0.9419367552511709,0.754881175419942,1.286513671875,1.0248211669921878,0.7571913146972656,0.6778109169006347,0.6585918182373046,0.8156659530352875,0.6299019318693517
310,joint_noise_arctique_semantic_blood_cells_tta_pu_1_00,1_00,0.39213761215796694,0.5787417533339816,0.6911660358224649,0.8993209022449191,1.0708179688150121,1.1035263176531627,0.5388993087385884,0.6308628580135627,0.730141342706244,0.9190207245990324,0.7846151522672802,1.27583984375,0.9453826904296878,0.7496862030029295,0.6726693439483643,0.6527413940429687,0.8229766230909317,0.6185494298331489
210,joint_noise_arctique_semantic_blood_cells_tta_pu_1_00,1_00,0.464238926069811,0.5714322299143557,0.6809045076106668,0.8931600054396873,1.0616496088293943,1.0936645806868706,0.5950398500606985,0.6608712994502275,0.750150060641581,0.9376243974116403,0.7412177598749474,1.246064453125,1.01552734375,0.7012435913085935,0.6346455383300781,0.6163613037109374,0.7629063145636543,0.6098492078585699
256,joint_noise_arctique_semantic_blood_cells_tta_pu_1_00,1_00,0.40969700581626967,0.5601465069914364,0.6853366860734095,0.8864668352438336,1.052454029276791,1.085353106142529,0.5543842935883048,0.6280085163127221,0.723224670266763,0.9098124525514527,0.7636311522654371,1.28791015625,1.0418627929687498,0.7060252380371095,0.6318565559387206,0.6028791389465333,0.7801799506129432,0.6263895545979694
253,joint_noise_arctique_semantic_blood_cells_tta_pu_1_00,1_00,0.386475857172627,0.5878036342748064,0.6839048422364663,0.8906750889106707,1.0666628921127803,1.0997651931901136,0.5339699603672368,0.6333354096859694,0.7286093496813918,0.9163437072802747,0.7905754073090495,1.24658203125,1.0822552490234374,0.7865100860595703,0.7216393089294434,0.6828711181640625,0.8185251540436633,0.6328097360908816
230,joint_noise_arctique_semantic_blood_cells_tta_pu_1_00,1_00,0.4878608087019529,0.5844014242819061,0.6710860671380138,0.8752526674618463,1.0794075802154313,1.1104520537428921,0.6149209020547922,0.6778820424418571,0.7541771582948006,0.9223196129131405,0.7361219885260435,1.3420166015625,1.0412377929687502,0.7725482177734375,0.6395092964172363,0.6230304443359375,0.8431741050547047,0.6062228319001285
221,joint_noise_arctique_semantic_blood_cells_tta_pu_1_00,1_00,0.40074758262198884,0.5731434477134102,0.6917830005310043,0.8888022016584448,1.0599348069648877,1.0944822706731265,0.5490842290637414,0.6340949565500184,0.7332301288086136,0.9194662807911929,0.7568672511656678,1.257265625,0.9146740722656252,0.7652777099609374,0.6835607528686524,0.6726361083984376,0.8310278768145621,0.5973504005099642
304,joint_noise_arctique_semantic_blood_cells_tta_pu_1_00,1_00,0.444482655642787,0.5958235035295595,0.6987628180174791,0.8998744058923954,1.0801989596756039,1.111197397734468,0.5995937950371604,0.6762256754808609,0.7740678960098534,0.983541955489176,0.8100239211384787,1.35052734375,1.19478271484375,0.7899284362792969,0.6972496891021729,0.6675699157714846,0.8322541638642241,0.7019929375359966
228,joint_noise_arctique_semantic_blood_cells_tta_pu_1_00,1_00,0.43739261143491603,0.5655642570816186,0.6902306657368138,0.8904457161238406,1.062421421083644,1.0947209677942304,0.57632885418057,0.6476466687472836,0.7441881760779121,0.940669964403863,0.7849300455656032,1.2816650390625,0.9985626220703125,0.7312100219726563,0.6360407590866087,0.6200990356445313,0.7985570487755678,0.672244666581352
240,joint_noise_arctique_semantic_blood_cells_tta_pu_1_00,1_00,0.40722362653468736,0.5508661744582353,0.674569046677007,0.8824435132805243,1.0613984489182064,1.0927110797458008,0.5447844516924707,0.6159588101835652,0.7063942926939469,0.8721166630132287,0.7204618912938888,1.2053515624999998,0.9499212646484375,0.6879862976074219,0.628770179748535,0.616759814453125,0.8053518054703227,0.5784774566388906
311,joint_noise_arctique_semantic_blood_cells_tta_pu_1_00,1_00,0.4227817342034541,0.5833442287759704,0.6988467294825824,0.9003639238228911,1.0562168579179743,1.0884878673612772,0.5760391591057937,0.6555266918391188,0.756370364121652,0.9635108550310808,0.8020751647000033,1.2576806640625,1.015538330078125,0.7371540832519531,0.6533330154418944,0.6392137939453126,0.7992747068410068,0.6636727127891058
303,joint_noise_arctique_semantic_blood_cells_tta_pu_1_00,1_00,0.5047956351772882,0.5932854077911726,0.680806082177316,0.8920154357922585,1.0732932617566062,1.1051367172177768,0.6305367166199837,0.6944280798763344,0.7786635214894648,0.9731265467421455,0.7819839500525135,1.331298828125,1.1226110839843753,0.7651803588867188,0.6823861598968506,0.6553150604248047,0.8203359111639428,0.6450131640350235
229,joint_noise_arctique_semantic_blood_cells_tta_pu_1_00,1_00,0.3860583088826388,0.5481178974647778,0.6839651341942232,0.8973972008627157,1.0692979221075194,1.1003077212263586,0.525381628776913,0.604106578177893,0.7017696775676542,0.8792343243732946,0.7184153126024004,1.2505712890625,0.9348150634765625,0.7149812316894533,0.6356223678588867,0.6058083923339844,0.7829096996792841,0.5750486195758533
239,joint_noise_arctique_semantic_blood_cells_tta_pu_1_00,1_00,0.46827385161304846,0.6003130685925163,0.7039210949260861,0.9080448940452653,1.0693269624937813,1.1030596961273007,0.6181152686918752,0.691723912646373,0.7932718951269706,1.0114731776287604,0.8384308984324652,1.3114794921875,1.202056884765625,0.8710276794433592,0.6901235580444336,0.66259482421875,0.7905529084922797,0.7061634425468261
224,joint_noise_arctique_semantic_blood_cells_tta_pu_1_00,1_00,0.44873201713198796,0.5794643111907153,0.6887981168198618,0.9016162717254762,1.0635405695317357,1.093248946805835,0.5906674278120897,0.6610702861841039,0.7549058774898787,0.9510710494693464,0.7549058774898787,1.2979345703125003,1.0238946533203128,0.7751664733886718,0.6794017601013183,0.6505536254882812,0.7934334767269683,0.6130603452566449
205,joint_noise_arctique_semantic_blood_cells_tta_pu_1_00,1_00,0.4095943787251599,0.5575404505531477,0.681897035119598,0.8909379556797705,1.0486213358787173,1.078711828940777,0.5482650884711711,0.6215892683847508,0.715759580723307,0.8909379556797705,0.7293895758206245,1.222470703125,0.98693115234375,0.6662153625488281,0.6183992195129394,0.5971773071289063,0.812931272902446,0.5962940057622518
231,joint_noise_arctique_semantic_blood_cells_tta_pu_1_00,1_00,0.36743197217583656,0.5782702772524043,0.6934492862205506,0.9092411305846669,1.0689462253249016,1.100599415410291,0.5075912126801738,0.6145288803861226,0.7165037114239446,0.9142910046315224,0.7947345242834395,1.2676220703125,0.9971313476562503,0.7250631713867185,0.6683722686767578,0.6645224853515626,0.8301725228893129,0.6446843351928169
211,joint_noise_arctique_semantic_blood_cells_tta_pu_1_00,1_00,0.3969568824977614,0.5777037253287517,0.688079428533726,0.8799833222629565,1.069573792828748,1.101736047558955,0.5466683340914823,0.6331453711476536,0.7298551160855477,0.9179942320036135,0.777845460659986,1.275068359375,1.0435119628906253,0.7294195556640625,0.6514516830444336,0.6265862548828127,0.8359517723626207,0.6717622592288615
223,joint_noise_arctique_semantic_blood_cells_tta_pu_1_00,1_00,0.37491486748331226,0.5284239345285848,0.6727404130340243,0.8896425720386636,1.0692138070247044,1.0983340771607222,0.5064735329652734,0.5794429864252855,0.6725250367046854,0.8414698584001064,0.7114904319200186,1.299248046875,1.1102838134765627,0.7399972534179686,0.6091035652160645,0.5828917724609375,0.7501769440705419,0.5851009115758442
301,joint_noise_arctique_semantic_blood_cells_tta_pu_1_00,1_00,0.424491997808218,0.5177318672205425,0.6788888692942522,0.9148364186763936,1.091755350185471,1.1191978666910656,0.5352900486079517,0.5966153687007696,0.6870077679137603,0.8792337625264467,0.7361166162041605,1.267919921875,1.200762939453125,0.7497755432128905,0.6231747627258301,0.5857613159179688,0.8280670776273974,0.6149058655258662
227,joint_noise_arctique_semantic_blood_cells_tta_pu_1_00,1_00,0.391895238077268,0.5692894661526872,0.6829531606521537,0.8741245350939162,1.0644922768336367,1.0962190395341678,0.5409639845754138,0.6251796654721065,0.71985580011005,0.8982245499643536,0.7736658076049258,1.329384765625,1.068941650390625,0.7312132263183594,0.6419208145141602,0.620483154296875,0.8561030029624727,0.6741005204583174
252,joint_noise_arctique_semantic_blood_cells_tta_pu_1_00,1_00,0.49550396745326,0.5819653322006,0.6848368530715048,0.8802235414033102,1.069129439842229,1.1011377359542212,0.6189155496759067,0.6831183879278913,0.7747995346430726,0.9710207047900175,0.8015079624883071,1.315498046875,1.053890380859375,0.7148704528808593,0.6749976539611816,0.6479212036132813,0.8487028034704944,0.7184656786452152
212,joint_noise_arctique_semantic_blood_cells_tta_pu_1_00,1_00,0.41458326441716054,0.5721238738454494,0.687080698739881,0.8978639172829886,1.0644303230612184,1.0945721444220748,0.5617166549638383,0.63906758969903,0.7348240693476886,0.9272770650086719,0.7922184868785853,1.2601025390625,1.0473602294921875,0.7454702758789061,0.6504611206054688,0.62806806640625,0.8147273350778669,0.6527666953347218
204,joint_noise_arctique_semantic_blood_cells_tta_pu_1_00,1_00,0.5748400067386683,0.6264477767628004,0.6825957332043667,0.8765622549745609,1.0653443044302313,1.0993888354247494,0.6815246618613101,0.7382524709105814,0.8160844370088526,1.010670792973811,0.8166928934695696,1.294150390625,1.0574542236328126,0.7604385375976562,0.7030891036987305,0.6827941955566407,0.8517815472028609,0.6911773503171834
232,joint_noise_arctique_semantic_blood_cells_tta_pu_1_00,1_00,0.38283116903039627,0.5568541437126444,0.6908605972621328,0.9016482468596165,1.0712821495575717,1.1018745896618476,0.5248197517875619,0.6091579687392791,0.7094131424025332,0.8994940059677251,0.7315211156910804,1.288388671875,1.1181329345703128,0.719801025390625,0.6282355928421021,0.6058745605468749,0.8114692845364966,0.5865180122135412
214,joint_noise_arctique_semantic_blood_cells_tta_pu_1_00,1_00,0.3777199148898944,0.5537059228369587,0.6926631982548846,0.9042459351021159,1.0725719007554946,1.100549776085251,0.5192870149123847,0.6037750587542244,0.7047962875361363,0.9001576394196988,0.7500560011454046,1.2538183593750003,1.080877685546875,0.7168087768554687,0.6343867492675781,0.6187605224609375,0.7934718820124296,0.6098258140214627
