uq_map_name,dataset_name,noise_level,mean,above_threshold_mean_0.3,above_threshold_mean_0.5,above_threshold_mean_0.7,above_threshold_mean_0.9,above_threshold_mean_0.95,above_quantile_mean_0.3,above_quantile_mean_0.5,above_quantile_mean_0.7,above_quantile_mean_0.9,above_quantile_mean_fg_ratio,patch_aggregation_10,patch_aggregation_20,patch_aggregation_40,patch_aggregation_80,patch_aggregation_100,"class_mean_w_equal_weights_configurable_{'include_background': False, 'ignore_index': 255}","class_mean_weighted_by_occurrence_configurable_{'include_background': False, 'ignore_index': 255}"
23823,joint_noise_gta_semantic_cityscapes_dropout_pu_0_00,0_00,0.17436150230827635,0.40949081405992993,0.6030189468518996,0.7554953166130964,0.0,0.0,0.2434990419493244,0.2742503394824853,0.3106820802626985,0.4186633824040195,0.22514847775374935,0.7099524011956936,0.5716146139589688,0.4154825418235407,0.29354078855875937,0.27607848581491523,0.2604622087804569,0.14331475813558378
04330,joint_noise_gta_semantic_cityscapes_dropout_pu_0_00,0_00,0.32947803387989294,0.6141747660221836,0.7251821083391515,0.79798709470038,0.9162172503088216,0.0,0.4117410879285806,0.4932483280127406,0.6539501782245773,0.8255482606071955,0.46668904433744307,0.934919116118418,0.9160226084319214,0.8627415606053197,0.6363161759198686,0.5819604486840676,0.2842034734119657,0.2103509000421358
00968,joint_noise_gta_semantic_cityscapes_dropout_pu_0_00,0_00,0.2540950233006677,0.5356198027773772,0.7388574146218515,0.8424710766786712,0.9186055058168915,0.0,0.31960504970776016,0.36518630046738676,0.4679995907146162,0.7265908011186948,0.3577692147286964,0.9374251950341213,0.9063755349228414,0.6276995046990058,0.41597234266656535,0.3731492387922126,0.3210499847475904,0.2064369842490109
10243,joint_noise_gta_semantic_cityscapes_dropout_pu_0_00,0_00,0.20580885705594318,0.6989049125604812,0.7879667778877436,0.8321617755263364,0.9123306000724215,0.9503220848258365,0.28968935767251297,0.383160471756893,0.501776845740236,0.842411505746985,0.2879708766763234,0.9217511359403565,0.9157140270214534,0.8821996449557575,0.5786986446884103,0.5010954303589128,0.25128089178389656,0.1390397047467163
09213,joint_noise_gta_semantic_cityscapes_dropout_pu_0_00,0_00,0.16702443908549933,0.436563220313105,0.5971602111868581,0.7553809475076003,0.0,0.0,0.22930880832912182,0.26405102968511635,0.3002625746985821,0.4407968100810459,0.20317935462640682,0.6418255575866122,0.4950135273276335,0.40989115286637146,0.29641225100015334,0.27370728156643476,0.3005874701108979,0.16195934565841558
08439,joint_noise_gta_semantic_cityscapes_dropout_pu_0_00,0_00,0.23425972329295125,0.4024732847610587,0.5868868751393779,0.7681841743880441,0.0,0.0,0.2898389745976742,0.32624833266954195,0.37739677686760054,0.4814794127754586,0.2557984899928648,0.7623871800867431,0.61607404214755,0.46296688234016053,0.4033222669069214,0.38351892281042105,0.3333337108891811,0.23089324331043617
05352,joint_noise_gta_semantic_cityscapes_dropout_pu_0_00,0_00,0.21286042496429242,0.6150756768032356,0.7892304613218802,0.8715289558185016,0.931285190244311,0.9581091298950903,0.2972982264377368,0.33429144443939873,0.4182170450708783,0.7334483167028341,0.31011812312943404,0.9622695513510432,0.9490954785861693,0.6748139633483266,0.4380166242405167,0.3897838782890624,0.2594496131973547,0.1530144279393066
04008,joint_noise_gta_semantic_cityscapes_dropout_pu_0_00,0_00,0.2042266804079195,0.6107848118178465,0.7942374376515188,0.8411756969311598,0.905455175969074,0.0,0.28406900394472995,0.3158039325077106,0.388422222934608,0.6853062718103446,0.30357216093967393,0.9053627559741906,0.8985850201241251,0.6255052616568112,0.41214590162486403,0.3695876251116406,0.28107919171192675,0.15812514923115056
20256,joint_noise_gta_semantic_cityscapes_dropout_pu_0_00,0_00,0.21459769967601985,0.6204033751419549,0.7700216217600192,0.8269368121405433,0.9306094755396377,0.95990282088046,0.30326792545449205,0.35236400406326984,0.44968479775000747,0.7746913476357843,0.3204744092825807,0.9594292232013862,0.9449698623737044,0.8163681631492508,0.5090114188021654,0.44532659836726896,0.2671958150782444,0.14401177646744084
03449,joint_noise_gta_semantic_cityscapes_dropout_pu_0_00,0_00,0.237368748586906,0.46361810247914,0.5952264756193206,0.7442416138945294,0.0,0.0,0.29561101798124834,0.330829146821664,0.40937783592137555,0.5737359539567372,0.31979658135369443,0.7842186848005228,0.7224309987523391,0.650502284313457,0.43959048169481585,0.388101399801114,0.25848702940798296,0.1989619816155105
21974,joint_noise_gta_semantic_cityscapes_dropout_pu_0_00,0_00,0.1944581167991442,0.5825400880011352,0.7632924145909656,0.8233164992097904,0.9098548288135365,0.0,0.2742093945581547,0.31767274143597524,0.39215048493809773,0.6794939789992834,0.3027295586780434,0.9002373864954817,0.8724154574381887,0.6208331679069219,0.4115597253592301,0.36935941742523576,0.27057815513179345,0.15344077400713232
15454,joint_noise_gta_semantic_cityscapes_dropout_pu_0_00,0_00,0.16236137399826836,0.4087541452017879,0.6047627842503586,0.7371391982551503,0.0,0.0,0.22663326891221583,0.24021584273415564,0.2614890400724207,0.35941507514399146,0.24261114151121235,0.6201850013141101,0.4903451649706752,0.3654366672882556,0.2797332423812722,0.26067280199944814,0.23026221635988514,0.15763626050316148
01195,joint_noise_gta_semantic_cityscapes_dropout_pu_0_00,0_00,0.27386211417152667,0.6122198404732466,0.7621988624704049,0.8193446704428688,0.9173783264640133,0.9554415657104557,0.33958533941250474,0.39311908771835885,0.5167225893686646,0.8145738757606196,0.3696835389725668,0.9196757966293262,0.8910535293515445,0.8336270544885913,0.5180524289794054,0.4527528971128975,0.23861499721332627,0.20768538165539313
01118,joint_noise_gta_semantic_cityscapes_dropout_pu_0_00,0_00,0.20536155105738568,0.5951191867897494,0.7288335429467955,0.7850793453943331,0.9186928784171371,0.0,0.28843235925982585,0.3290606991873913,0.4106431461800501,0.7063872909645571,0.3184847250586938,0.927804322086494,0.8528518778887275,0.6797908321423317,0.432743431299496,0.3838489813053767,0.3271847123790279,0.15624065400135637
03683,joint_noise_gta_semantic_cityscapes_dropout_pu_0_00,0_00,0.26844951986192417,0.6304146046736241,0.8038081751455518,0.8494676300531179,0.9141823245044921,0.0,0.34960939742590286,0.4074880811927987,0.5375955809095071,0.8602704816796026,0.36515201172266626,0.9349207125505851,0.9249416431362953,0.9019496309825751,0.5755346322331696,0.49900213305776003,0.2135378833556991,0.19151824693032027
08264,joint_noise_gta_semantic_cityscapes_dropout_pu_0_00,0_00,0.1736570838578077,0.41934015090574644,0.6003603740743843,0.755872501879877,0.0,0.0,0.23089316289607575,0.2615097217670436,0.3040602650881949,0.4384013502109544,0.245784407391255,0.7533864996552144,0.6064375378277597,0.43794838704257294,0.3631230808000979,0.33459251697154985,0.3571791391308465,0.16499820419499633
08763,joint_noise_gta_semantic_cityscapes_dropout_pu_0_00,0_00,0.16594586616975857,0.4070623556885008,0.5951473343565741,0.761256178507992,0.0,0.0,0.22875194294735005,0.2734483171902701,0.30846826826476487,0.41936597812476883,0.18322176773834975,0.699278557450409,0.5241564803717363,0.41915204817179846,0.32867896919324724,0.31414838889593866,0.2994215968716021,0.1443364789867562
18758,joint_noise_gta_semantic_cityscapes_dropout_pu_0_00,0_00,0.25876626221865284,0.5941347480441913,0.7734940764986922,0.8243715732049028,0.9257670402501368,0.95584838182569,0.3311958775427724,0.3819392539901074,0.49548481189604404,0.8118002317313502,0.3494215249067384,0.945562962993309,0.9249553093983625,0.8696101778623997,0.5312595136691537,0.4611258086767236,0.2708800721073771,0.1875434775659719
22454,joint_noise_gta_semantic_cityscapes_dropout_pu_0_00,0_00,0.33455770097181653,0.5760958809093976,0.6830344225582925,0.7874198755843471,0.9220269575178975,0.9523507001647828,0.4090530296543944,0.488409982583701,0.6275876646526231,0.7871118297106535,0.42851784717676106,0.9361171409333637,0.9049503672747555,0.7405593385325788,0.5257059950254434,0.46755175438869767,0.3594537570704601,0.2044953768207278
01013,joint_noise_gta_semantic_cityscapes_dropout_pu_0_00,0_00,0.2298030586485802,0.5769451094061355,0.7646828466954649,0.840637231832216,0.9213734722631285,0.0,0.3133617693755093,0.35840537334296324,0.45682382704268093,0.7597664459389658,0.29667926618745083,0.9432570435123734,0.9324810198561656,0.7516515313994263,0.48198506163210747,0.4264483948783658,0.20579633810210432,0.1597327889019897
20899,joint_noise_gta_semantic_cityscapes_dropout_pu_0_00,0_00,0.24233368198913058,0.6482752627570681,0.766194258651156,0.811552956328184,0.9121490747190946,0.0,0.33950441217706173,0.39552106585042657,0.5210763237130961,0.8227012554491729,0.3623295755785313,0.9186963119749584,0.8933956123722412,0.854044075782529,0.5472032242421629,0.47931852889354615,0.3215967435498882,0.15436923393306354
07549,joint_noise_gta_semantic_cityscapes_dropout_pu_0_00,0_00,0.1998387600563062,0.5592389540124993,0.6908381517596779,0.7922638621528683,0.9163446136895677,0.0,0.280748610513216,0.33174157388141184,0.41548314779467344,0.680734709916791,0.30567319195269216,0.9084004205444027,0.8336038066561536,0.5641958648666235,0.3755856236932953,0.3414601018674672,0.3719341014563142,0.15835719380728783
24166,joint_noise_gta_semantic_cityscapes_dropout_pu_0_00,0_00,0.1936430297027063,0.518242082135551,0.7062108986570635,0.7747987609633578,0.0,0.0,0.2667586121643647,0.2937944514023436,0.3518620182210461,0.565051701313002,0.28350463600741116,0.8422516362868848,0.8007684094439894,0.5454259261230441,0.3729263012064117,0.3381232690138247,0.2758473273138859,0.15803839844384102
20248,joint_noise_gta_semantic_cityscapes_dropout_pu_0_00,0_00,0.2347108175166151,0.5997039799693523,0.7751057217057794,0.8339763043653722,0.9310079931922851,0.9591273181376888,0.31504592476952,0.35951204726451585,0.46159949483288115,0.7847378714169115,0.33239527080619946,0.9602777404018119,0.9443705853320931,0.8176965176869061,0.5008436439386176,0.4389131454977841,0.23154812214119613,0.17310543566493491
15370,joint_noise_gta_semantic_cityscapes_dropout_pu_0_00,0_00,0.1568124940984721,0.4102131175428225,0.6099139147862078,0.7654644066272618,0.0,0.0,0.21556229412677239,0.24667820748720798,0.2753623697820767,0.38867772485058055,0.2360345054629814,0.7609824435632766,0.6032884306828972,0.4361243985413166,0.3222701765401152,0.2857592923432552,0.23115842881475326,0.15271097095250225
08321,joint_noise_gta_semantic_cityscapes_dropout_pu_0_00,0_00,0.1936309664048515,0.3981163768545289,0.5780908772517063,0.7304253286232248,0.0,0.0,0.2558508862317809,0.2820442676158324,0.3189873090438646,0.42548910417073527,0.21534754475271584,0.6534012763517129,0.521068432209156,0.386605516845451,0.33126660999065327,0.3046967973267997,0.28342318435683167,0.19715127960241352
16454,joint_noise_gta_semantic_cityscapes_dropout_pu_0_00,0_00,0.19175042164831343,0.5223672907942104,0.7857831912487389,0.8430544526523968,0.9305721337576564,0.9564951522910896,0.2658512870674845,0.29018504782230853,0.34546899756968136,0.5598082611986638,0.2742280493184325,0.9563299046909571,0.8550142239719406,0.5329552932615679,0.35973871482528574,0.3273499300475092,0.19110800870189726,0.16045167537164862
21938,joint_noise_gta_semantic_cityscapes_dropout_pu_0_00,0_00,0.21721006538143894,0.5807267864644062,0.8060459218282365,0.8511222980723314,0.9126191051602096,0.0,0.30154386470370137,0.341670359194014,0.42986780267438707,0.7345617578451097,0.3191867710489136,0.9280110292937962,0.9038768034023871,0.6555756429506944,0.4315027424965895,0.39114326810009065,0.2751365438561597,0.16591445063352286
10345,joint_noise_gta_semantic_cityscapes_dropout_pu_0_00,0_00,0.2365228274955274,0.5161695680374654,0.7874214475695628,0.8726598245178496,0.932918702527471,0.9546516319537852,0.29559900462203675,0.32992202129657905,0.40784357875501404,0.6492233667763455,0.31560217081295794,0.9485147075542838,0.9399033904015238,0.6175314162016688,0.40992669010963567,0.36873647783235675,0.28738473074751675,0.20542846879490825
00253,joint_noise_gta_semantic_cityscapes_dropout_pu_0_00,0_00,0.19404808762404732,0.458637980968749,0.6664362762521462,0.8136203445355349,0.9060880414123488,0.0,0.2538605762258457,0.2715187644799816,0.31115341077508074,0.4658135380669834,0.27232366523165946,0.8605790504151817,0.6233411449888178,0.3971692626261754,0.2937448489263109,0.27588227055845427,0.25592228633496533,0.18051572750793365
06019,joint_noise_gta_semantic_cityscapes_dropout_pu_0_00,0_00,0.22067796426190503,0.5958143745506032,0.7857752614627601,0.8578748186052282,0.9276327866817657,0.9562115300893974,0.29785491989340646,0.33543541361239754,0.4214853105027332,0.7292713794572756,0.31524123906988355,0.9462903186443289,0.8991317972035752,0.7708162022384373,0.4953845281199046,0.4346730613385508,0.3370393359614721,0.16702203019764467
15487,joint_noise_gta_semantic_cityscapes_dropout_pu_0_00,0_00,0.18783557173050838,0.4181217498624455,0.6035457553403917,0.7570490074259899,0.0,0.0,0.2504813998599065,0.26778925831466377,0.30304389998564346,0.42594924923092053,0.24710200335550692,0.686114445319459,0.5596162320177371,0.4457424122349403,0.31371198053818544,0.27979585169954413,0.263432253104879,0.18447693686718883
12657,joint_noise_gta_semantic_cityscapes_dropout_pu_0_00,0_00,0.14725206534588298,0.4341486320874407,0.5932746736973123,0.7348732065784878,0.0,0.0,0.20388421882361474,0.26009279294324417,0.2996740327506184,0.4463318471521459,0.1969256759846012,0.6774897216624504,0.5980684478415903,0.5040870986631909,0.3284397077450275,0.3217430746468086,0.28910937418199734,0.12652184633668587
10338,joint_noise_gta_semantic_cityscapes_dropout_pu_0_00,0_00,0.23458938669908153,0.5064356810943327,0.779987129479064,0.8644832130220582,0.9170375003040313,0.0,0.28636293344545577,0.31678042590918254,0.3861585000128259,0.6119444724568612,0.3108057570159759,0.9120040278198536,0.8775643178385789,0.5801052897343884,0.3858681778053236,0.3483122134035817,0.26847823679170874,0.20304495261019814
05867,joint_noise_gta_semantic_cityscapes_dropout_pu_0_00,0_00,0.22725392949214768,0.5535696282958942,0.7634748699905766,0.828771439049668,0.9121684951490336,0.0,0.30036562968300595,0.3382646894832987,0.42532270809171857,0.7061505891147255,0.3258552632604995,0.9202933052938843,0.9012599479985987,0.6518760803517103,0.41899752007710617,0.374397419501637,0.26690911170033194,0.18208426619207335
08183,joint_noise_gta_semantic_cityscapes_dropout_pu_0_00,0_00,0.15116034347319585,0.4280533215108367,0.5878035526753247,0.7407256934821735,0.0,0.0,0.21357241869778756,0.2729097814211233,0.31597505177457225,0.4517134834263758,0.187025030794044,0.7071982961373203,0.5347655423925876,0.38778467763676155,0.31878420977178396,0.31105946779050503,0.2335838970376575,0.14536976174730726
12479,joint_noise_gta_semantic_cityscapes_dropout_pu_0_00,0_00,0.1210071311817788,0.4091001866175273,0.5686206161246165,0.7183374101337298,0.0,0.0,0.16590049126431813,0.21973811368710153,0.293081265612386,0.4153344744114084,0.13957963232280024,0.6600667257424311,0.5581502666378774,0.46621649697055084,0.2741876688313405,0.25857667294327924,0.2432150013939891,0.12019095606792085
04000,joint_noise_gta_semantic_cityscapes_dropout_pu_0_00,0_00,0.2228302630159017,0.5470750500791288,0.7334327112322712,0.8424618283324884,0.9128686984835126,0.0,0.2880558588551815,0.3210066356752496,0.39592238581482014,0.6570058786549526,0.30653553501137704,0.9193275951183787,0.8824878155439767,0.7060524548863847,0.4484165191381467,0.393372240841394,0.2494408629656222,0.1786155985559524
03648,joint_noise_gta_semantic_cityscapes_dropout_pu_0_00,0_00,0.2837466611747436,0.6142762439212318,0.7952007895445881,0.8480376787105107,0.9144417641559309,0.0,0.36181584669012606,0.4246239047758415,0.5630795612700514,0.8617272348723498,0.3900684740934634,0.9235867471050513,0.907454666333637,0.8895514378483029,0.5775371540750901,0.5019534870517554,0.24774154981800234,0.20561937734738617
13890,joint_noise_gta_semantic_cityscapes_dropout_pu_0_00,0_00,0.15772604023892228,0.40774993309652535,0.596807747175826,0.7423047696617161,0.0,0.0,0.21200873303493495,0.24749515258589952,0.27610485545295677,0.36625276717253413,0.1713116450819424,0.681118222926904,0.4175461006281106,0.28130316029333646,0.24332169878072615,0.24066391698460166,0.1517897768121101,0.15531475608119227
03786,joint_noise_gta_semantic_cityscapes_dropout_pu_0_00,0_00,0.25233155262013174,0.6872500053322087,0.8360929977435745,0.8836372696605745,0.9231456722017715,0.9563883687292324,0.34701143963931325,0.4039522297471089,0.5355686695699056,0.8981671545507534,0.3771802108083946,0.9583150463347542,0.9422124078461027,0.9075097509329808,0.5836032330708006,0.5067327495677781,0.27977596432993823,0.16520723579522656
13237,joint_noise_gta_semantic_cityscapes_dropout_pu_0_00,0_00,0.18855458586195545,0.42020426504527636,0.5987819956582182,0.7318565786124877,0.0,0.0,0.25508394474706836,0.28847798199268443,0.33950800903233685,0.47014203017730577,0.2257782242205742,0.7174979021984563,0.6675143120201409,0.47749471617864614,0.3223326141828433,0.29350069873261797,0.3097390297167873,0.17851931629901
12788,joint_noise_gta_semantic_cityscapes_dropout_pu_0_00,0_00,0.2232548561937347,0.5125695110889708,0.6775253228658497,0.766691479345565,0.9130694452369108,0.0,0.2809367946862834,0.32810143654215,0.4084115641529253,0.6411387004954697,0.26288903000585834,0.8791173781394841,0.8265288409998409,0.7757557535748383,0.5230752188061658,0.4479431402185202,0.2678587878265003,0.17712745467210034
22500,joint_noise_gta_semantic_cityscapes_dropout_pu_0_00,0_00,0.1872592568221119,0.5525447898447358,0.7185617608802697,0.7968307542852893,0.9088022608015963,0.0,0.26367990259196206,0.30261118379094365,0.36738575053556405,0.6162760659752201,0.28846064510332825,0.8998348005122206,0.8644263636012809,0.6830736196630466,0.4222172017508889,0.37594412909898056,0.29156633578796737,0.141204571112684
09867,joint_noise_gta_semantic_cityscapes_dropout_pu_0_00,0_00,0.24247703945524815,0.44321304425266017,0.6054293394126125,0.7657427437274467,0.0,0.0,0.3159565706072063,0.3708789648035876,0.44346634328489487,0.5798000417816761,0.25406799153805165,0.8373668681909038,0.8143740991760451,0.5934637183902585,0.42101028685208,0.39929934046458393,0.46086901335890196,0.2689361909860077
01734,joint_noise_gta_semantic_cityscapes_dropout_pu_0_00,0_00,0.23075791696555445,0.608856291790787,0.7496777159570444,0.7906590960922687,0.9031328066504506,0.0,0.3245095754113217,0.3744060186991402,0.48682931405830543,0.7873377859817985,0.3404233645180457,0.8932071073424146,0.8617872959969709,0.8179436892193199,0.5168413369483484,0.45439160068249856,0.2620729495115958,0.15820696829010772
16884,joint_noise_gta_semantic_cityscapes_dropout_pu_0_00,0_00,0.205791799043046,0.4709350548917704,0.6641624326271446,0.826435425813402,0.9026605711073942,0.0,0.254803942948048,0.2694187569934436,0.29868401718119536,0.4175576112256689,0.2798616146233731,0.8763519007525303,0.7479313252394081,0.4392773112891404,0.30302377908169015,0.28582897931557866,0.2612759657005317,0.20518266687014033
19917,joint_noise_gta_semantic_cityscapes_dropout_pu_0_00,0_00,0.17082757032205195,0.40057609965289875,0.58999701935573,0.7227060524717267,0.0,0.0,0.23353168718290107,0.24290019055034157,0.2629514292355873,0.3520772466258667,0.24623376961815047,0.5738911770788389,0.45467118223684727,0.35129701538798824,0.2633151107846545,0.24411107054443038,0.2065142180669219,0.16888908395567784
04859,joint_noise_gta_semantic_cityscapes_dropout_pu_0_00,0_00,0.23629636329093642,0.5749035336192129,0.7557598904751655,0.8260399708900438,0.9182182029501367,0.9525064118550038,0.30236781194172024,0.34080480076191194,0.4292627143368901,0.722934800485082,0.3417883108750376,0.9176357866322248,0.873376202207019,0.6291264063946373,0.4103442595738502,0.36690603558192875,0.3198296937667272,0.18595533038686746
13849,joint_noise_gta_semantic_cityscapes_dropout_pu_0_00,0_00,0.18902944776306363,0.5368120675970031,0.6714897102976926,0.7578027225294853,0.0,0.0,0.2611732391192232,0.34093085079661123,0.43559995810251595,0.6777980942753126,0.2425215653266029,0.8561414303657703,0.8248694454131195,0.7360032425787567,0.6356617072132476,0.5910524536137705,0.4495669265383184,0.13056885463350446
03073,joint_noise_gta_semantic_cityscapes_dropout_pu_0_00,0_00,0.29184958575410175,0.6015081579281083,0.845596535433591,0.8888094251265808,0.9356681081147773,0.9579261373788184,0.3633499639273397,0.42656813127929155,0.5604188838732814,0.9014205913682973,0.3770823843036312,0.9684827558154255,0.9655920663450543,0.9154310278644323,0.5809811480745612,0.5043830294590356,0.27938000789443396,0.21360889956730247
20492,joint_noise_gta_semantic_cityscapes_dropout_pu_0_00,0_00,0.2846605645084959,0.5666984284243721,0.6760138394670578,0.7528640441796853,0.0,0.0,0.38951707724310264,0.46392534717476686,0.6014665195049262,0.7414719851981355,0.3527424511242263,0.8262464465533949,0.8195884870027362,0.8013619044828663,0.7483835128455399,0.6332302715329744,0.25086089001623796,0.1677995921217629
10872,joint_noise_gta_semantic_cityscapes_dropout_pu_0_00,0_00,0.13738523919149806,0.4187813536589926,0.5616685669568908,0.7248078084686425,0.0,0.0,0.1894769050807681,0.2513973381407391,0.3084202473986379,0.43974812347802816,0.1396909443046391,0.682803965646006,0.5685631980958589,0.4777669141167686,0.370447681622608,0.3186045017388049,0.301004124315269,0.13590349642420205
23503,joint_noise_gta_semantic_cityscapes_dropout_pu_0_00,0_00,0.26005548312116183,0.7126130772656046,0.8111560579528259,0.8372955931569461,0.9120263401778018,0.9517256602395268,0.368332396696075,0.4407719150577808,0.5964928080290591,0.8689330072538544,0.3959250129102354,0.9297410133643873,0.9094053408344017,0.8860792642780124,0.6773005936270573,0.5803219287837578,0.1850450962272083,0.14224532079371507
23022,joint_noise_gta_semantic_cityscapes_dropout_pu_0_00,0_00,0.17197881640597687,0.44348447346693826,0.6126857752242079,0.7452312124766234,0.0,0.0,0.2395614639153566,0.2616632672628902,0.29992762854617183,0.4447101401867366,0.2556054839008022,0.6994992945807241,0.5887405533930975,0.400190533008349,0.30046987599987435,0.27952083037708925,0.2885491841462842,0.14782726654256517
13329,joint_noise_gta_semantic_cityscapes_dropout_pu_0_00,0_00,0.13608079916942845,0.43214461888852784,0.6143632306962018,0.7551236508743437,0.0,0.0,0.18790500938196023,0.24932170922508115,0.2934384046040095,0.4340802011647027,0.1849048748642352,0.7354922805462907,0.6683713239576596,0.49449747271441635,0.34837703209699566,0.3128513951335443,0.2624441183142103,0.13415567899943082
21495,joint_noise_gta_semantic_cityscapes_dropout_pu_0_00,0_00,0.2205531223722588,0.5112302868033872,0.5986896678557645,0.7588853325605567,0.0,0.0,0.3096328073301309,0.3555046146032918,0.4519658735132919,0.62254027616869,0.30621008784425435,0.8060586120443491,0.7490002340078523,0.6317714365192995,0.47426146723443785,0.4152114397336748,0.2773111512053523,0.14153222960186215
07322,joint_noise_gta_semantic_cityscapes_dropout_pu_0_00,0_00,0.22439091003616923,0.6383957146302014,0.751843378084562,0.8044003606799258,0.9159759408450068,0.0,0.3105873357764156,0.35351582617381283,0.4521003144960893,0.7785915967962762,0.3445542989084635,0.9151017318932415,0.8972732934041601,0.8226936005975659,0.5221088447360948,0.45488137815669716,0.20540017342509734,0.1561734614455729
02663,joint_noise_gta_semantic_cityscapes_dropout_pu_0_00,0_00,0.22930864289789057,0.4631370536402557,0.6261008234947235,0.7573886242505089,0.0,0.0,0.29642916645619755,0.33320131965524585,0.4135069502327307,0.5899070975934636,0.30459566279595607,0.8132017652533304,0.7374482400402451,0.6029620007219333,0.40490400178593894,0.3587777876305088,0.29761710935346614,0.18928690167268344
01838,joint_noise_gta_semantic_cityscapes_dropout_pu_0_00,0_00,0.21590258869656223,0.5663781487887438,0.6982729899639953,0.7764907342580364,0.9136389544076201,0.0,0.30369110147788647,0.3556183831611784,0.45602995251200884,0.7223537915955205,0.3127895886648824,0.896823475572358,0.831904442218293,0.7944616001712832,0.5200367487903741,0.45314175584258093,0.1898593761469761,0.150936480009827
24624,joint_noise_gta_semantic_cityscapes_dropout_pu_0_00,0_00,0.2079499379950018,0.5991117482292105,0.755084370917325,0.8344775069948985,0.9216649919048931,0.9554695282801483,0.29266413563933535,0.33761142697285657,0.4239609920588349,0.729622515883162,0.3119347161218863,0.9500882315198674,0.9277095755628486,0.9024274901163204,0.5551888004998807,0.4589620326689187,0.28633714544220484,0.15054743832092515
08597,joint_noise_gta_semantic_cityscapes_dropout_pu_0_00,0_00,0.19529423195136264,0.4045161577887861,0.5983204508476943,0.7530426103748246,0.0,0.0,0.2653485657442558,0.30604284636871026,0.3539980179378706,0.46429948646134234,0.23459097528947145,0.7222029839018868,0.6564697729559041,0.4832441291036265,0.3254034373012403,0.310329329152182,0.28147120868396114,0.19976596938853486
10735,joint_noise_gta_semantic_cityscapes_dropout_pu_0_00,0_00,0.2607745870767943,0.41602892815474546,0.5883255968563759,0.7507694772344385,0.0,0.0,0.3141900971059699,0.3589713928488818,0.4214576038481146,0.531686364653761,0.3276365779341836,0.798671681092774,0.6976338478392993,0.5380433706958021,0.433105036790449,0.39911840661230474,0.2923584550337419,0.2594680397763044
03105,joint_noise_gta_semantic_cityscapes_dropout_pu_0_00,0_00,0.22960179505888623,0.6766584737407491,0.787193219388736,0.8221642758095992,0.9217365110692907,0.0,0.3226393699387041,0.37424065324987954,0.4871215914568889,0.8277810953918348,0.34358053356159307,0.9376002264165233,0.9129877676261249,0.8690303333547691,0.5639924752068218,0.4889138385359812,0.3105480904717572,0.14333100600259016
08768,joint_noise_gta_semantic_cityscapes_dropout_pu_0_00,0_00,0.17749659817342234,0.4196309604284153,0.5867449210599606,0.7396206132654126,0.0,0.0,0.24109854668263286,0.2756698877784721,0.31998352016509524,0.446894810104799,0.22750660708311657,0.6754731645142239,0.568754459090497,0.4141785710986936,0.3159930447109994,0.29455932222144177,0.23635371593537416,0.169319533596116
03970,joint_noise_gta_semantic_cityscapes_dropout_pu_0_00,0_00,0.20656905552064636,0.5905286335105863,0.7758405911494625,0.8424601731176072,0.9167288670384687,0.0,0.2888408104404838,0.32675188574714215,0.40645739672833053,0.7062777554684612,0.30378707056505033,0.9117316358311532,0.8764590348170822,0.6798302543415816,0.4391236796842052,0.39406017141097793,0.30082047987544636,0.15887102690666208
13899,joint_noise_gta_semantic_cityscapes_dropout_pu_0_00,0_00,0.1520422109591476,0.41114763996024617,0.5770617145937897,0.7489066275715736,0.0,0.0,0.20797696409417457,0.27255254802571394,0.3280074462288968,0.4470831512440957,0.16212245034054718,0.7202116594593564,0.5485455365602546,0.4656494228770051,0.34651634216041155,0.31889175960357524,0.28654497219500924,0.15869892766845803
10344,joint_noise_gta_semantic_cityscapes_dropout_pu_0_00,0_00,0.2296440106619546,0.5420602362458201,0.7926005521762003,0.8574905210376992,0.9215078397158252,0.955207952469474,0.2959516072796004,0.33043921126299486,0.40879867204688286,0.6737609165572113,0.31021544495549447,0.9398256266002378,0.8915207252627327,0.6306638237186752,0.41838602942448444,0.3770760364303919,0.21531129088085485,0.19228258487277589
16656,joint_noise_gta_semantic_cityscapes_dropout_pu_0_00,0_00,0.2255547090297845,0.4178766894335517,0.5623850986778757,0.742587262801546,0.0,0.0,0.27707571506465706,0.30606005484415305,0.3659627242658277,0.49117285153075346,0.2930749472022617,0.7106807238584918,0.5673790599151366,0.4664299824737299,0.4018141959546724,0.3882038977845482,0.27538996997224463,0.20802890771882135
23720,joint_noise_gta_semantic_cityscapes_dropout_pu_0_00,0_00,0.20461734547509366,0.5006583745609411,0.6963050123601888,0.7717332897569501,0.0,0.0,0.27640301684331064,0.3024383518433697,0.35942507175337784,0.5605477217958107,0.2625873306344224,0.8360134740662373,0.7435211611225385,0.4868909408063082,0.3707533539770162,0.3394683641818969,0.22209039266545266,0.15282101211024698
13455,joint_noise_gta_semantic_cityscapes_dropout_pu_0_00,0_00,0.1893459350600801,0.41648383798738364,0.6072241809182845,0.7360560082415448,0.0,0.0,0.2532329833408576,0.3013153109945381,0.33927285940461654,0.4554219391217262,0.19677560902434837,0.7316269818038568,0.6723604621931895,0.5016768337690978,0.3920084208835848,0.3612718813564513,0.316316185376436,0.18832967381439047
06117,joint_noise_gta_semantic_cityscapes_dropout_pu_0_00,0_00,0.21203011345913023,0.5756553958999984,0.7984425338792774,0.8697083443815566,0.9216857611489814,0.9516278776001489,0.2978967777334832,0.34914271937738506,0.4422832459873722,0.7487843108935917,0.30364465546814373,0.9486523338108174,0.9081303742532016,0.6884305090113575,0.44312585434528484,0.3941461009252881,0.2841229744863044,0.16071320044157558
13590,joint_noise_gta_semantic_cityscapes_dropout_pu_0_00,0_00,0.26579243984829815,0.40525631293038505,0.590066374967756,0.7467667797966254,0.0,0.0,0.3343367011576787,0.3770331135619488,0.43146298545419487,0.5174270612669829,0.3350507950261101,0.7297862928895746,0.6525954886560075,0.4865256787628751,0.45334747285120325,0.42900322237132543,0.3219533692432849,0.2625866745473423
13132,joint_noise_gta_semantic_cityscapes_dropout_pu_0_00,0_00,0.18203471100934385,0.4292357290741836,0.5976436848778582,0.7346950366146874,0.0,0.0,0.25252057266444855,0.3020945234624057,0.3632994864549026,0.49968049551379334,0.2392105891200897,0.7102028043568418,0.5908087707449065,0.4589541836668162,0.33283232252045125,0.31937837081259346,0.25649415325274244,0.1582399810541757
07966,joint_noise_gta_semantic_cityscapes_dropout_pu_0_00,0_00,0.20564182600227524,0.480517589367082,0.63716426301177,0.7874388585891933,0.9100049039742955,0.0,0.27580570992647174,0.3017033815639565,0.3596394680634085,0.548194378075412,0.29710881635803177,0.776169584469375,0.6718990493162655,0.5939549112468311,0.4094074741826939,0.3695968943628106,0.35085334409939795,0.17960820433158453
09976,joint_noise_gta_semantic_cityscapes_dropout_pu_0_00,0_00,0.18845792488383106,0.6373115902451897,0.8325610470888488,0.892686247182793,0.9220895426259799,0.953446694246548,0.2655600010574068,0.29723621829475444,0.35811979463322635,0.6384952716426413,0.29880126012885416,0.9527229109987764,0.9395139973021821,0.6562461353997953,0.4271091135238848,0.3814888083882251,0.2178268867799073,0.14786440440883364
24130,joint_noise_gta_semantic_cityscapes_dropout_pu_0_00,0_00,0.24231779837043413,0.7421697730459927,0.835847841511931,0.8645001912145001,0.924234850814741,0.9577601470061844,0.3430840754547872,0.4120606942652595,0.5507203977916363,0.8903269393552682,0.37326940741946374,0.9619344378831345,0.9356375687343149,0.9012043995393093,0.6383998228386606,0.5491214712991672,0.2203323610923269,0.13127582712250233
02739,joint_noise_gta_semantic_cityscapes_dropout_pu_0_00,0_00,0.24524714840493622,0.5339215471062279,0.6823394088808834,0.7773931152206989,0.9017150390078923,0.0,0.316467849843105,0.3608240363417294,0.4619443988778144,0.6984118833826102,0.3385866148329927,0.8696106921031713,0.8357020274426332,0.777344468613705,0.49780724829589884,0.43482505015251927,0.22932485058796392,0.18723584776171318
22666,joint_noise_gta_semantic_cityscapes_dropout_pu_0_00,0_00,0.18696280306749075,0.4330179348374115,0.6088997123143164,0.759783244302194,0.0,0.0,0.25748997335822793,0.28228147327652364,0.3348204957111876,0.48370942352397317,0.26409571799103043,0.7873612262617523,0.6713063021360901,0.43439944024970095,0.3121367658925778,0.28718638774085486,0.390849341561871,0.17750945519011702
23702,joint_noise_gta_semantic_cityscapes_dropout_pu_0_00,0_00,0.18914815755844744,0.4838463666785756,0.6631118671559029,0.7806657955368822,0.0,0.0,0.2631152203058408,0.2947007707202794,0.34993045189769234,0.5346700335514435,0.29035255153037254,0.8310573196454045,0.6255218701567717,0.4646344083143665,0.34437911754633094,0.305792551234558,0.3775907694845586,0.17923653474861911
06444,joint_noise_gta_semantic_cityscapes_dropout_pu_0_00,0_00,0.2300379127017882,0.5762350950849935,0.7483729185653741,0.8405949951069747,0.9188488851576219,0.9512809193900591,0.3163257873443377,0.36075553618095285,0.460652741726262,0.7518250701916761,0.33996718554794136,0.9419810283348098,0.9038008993545514,0.6660860631355955,0.4399069073547615,0.3969138917510086,0.3362722550884997,0.1814221281541785
19831,joint_noise_gta_semantic_cityscapes_dropout_pu_0_00,0_00,0.1978618318008083,0.42347175066437925,0.5858297870335248,0.7296260953507834,0.0,0.0,0.26762017734325544,0.28240818170554893,0.31171205117111167,0.4259373112342542,0.1978618318008083,0.6456306802889084,0.5662281306930965,0.4718015241322889,0.3264032304461996,0.3006272636956346,0.29275741903744196,0.1913720849440087
09203,joint_noise_gta_semantic_cityscapes_dropout_pu_0_00,0_00,0.13890478625135602,0.4108570129089499,0.6086675738703209,0.7510183147635092,0.0,0.0,0.1923360823264954,0.2572088676189598,0.30459986027480396,0.42543998191241555,0.14786373872953046,0.751556602037223,0.6214302266566177,0.4421365429154956,0.31526363602620966,0.27617167640563817,0.23037083841510553,0.13659092153033703
06135,joint_noise_gta_semantic_cityscapes_dropout_pu_0_00,0_00,0.21557163967954643,0.4685634771430685,0.743794322308284,0.8792213171410066,0.9378934741723879,0.9569670963887887,0.26765191348374995,0.29137500923287274,0.34447748554373364,0.5169765036413778,0.29960284768366124,0.9497624033155536,0.6430729370435059,0.42181061915739293,0.3112515705701503,0.2875050188704561,0.2370552540679277,0.19666304027640355
17015,joint_noise_gta_semantic_cityscapes_dropout_pu_0_00,0_00,0.21083540340545082,0.4639616664806424,0.6362829433758331,0.7436279375619189,0.0,0.0,0.2684954399799756,0.2918643981343605,0.3431859506585681,0.5134346088174484,0.27177986142978106,0.785973217016494,0.7395199859722691,0.722372059984641,0.5029540772565917,0.4280047922394365,0.19800736241373465,0.1855829739850504
13869,joint_noise_gta_semantic_cityscapes_dropout_pu_0_00,0_00,0.18297353286784965,0.4102152616460862,0.5855600845513063,0.7304912356973146,0.0,0.0,0.242687214446741,0.28667624061207964,0.32746026803829414,0.4420699601295392,0.19136920557210155,0.665658096246363,0.5201388211966089,0.4414947156442575,0.3266920457130888,0.3065251317745191,0.35815077932324235,0.18251321296552345
10078,joint_noise_gta_semantic_cityscapes_dropout_pu_0_00,0_00,0.1628838944037193,0.44433559044108356,0.6092260744661958,0.7743204482114919,0.0,0.0,0.22947697145787893,0.27035568903193957,0.31364669116096827,0.47021073448339484,0.25309304860603365,0.7897473139448644,0.5470296872701694,0.4579716888628599,0.2953788815486548,0.27425957177395754,0.2622535397580826,0.14292034536815146
23840,joint_noise_gta_semantic_cityscapes_dropout_pu_0_00,0_00,0.18378770037597222,0.4172773701549038,0.608311445166859,0.7555896855994382,0.0,0.0,0.2542757936317011,0.27739403138869306,0.3167379522317258,0.43394651454103583,0.24947837831866873,0.7906697914169298,0.6047827135566551,0.4224775676002277,0.30854452562791557,0.2833909974876638,0.2724455943130595,0.15850842910571636
20666,joint_noise_gta_semantic_cityscapes_dropout_pu_0_00,0_00,0.1863423882624143,0.5385066254163022,0.7775862865810436,0.8536585954463951,0.9328086872007196,0.9542527255052345,0.263330975078248,0.30088524961563445,0.3624383531568618,0.5990580468257773,0.28234906593839504,0.9545506600351297,0.9374455255377518,0.6305228391897489,0.395275637292712,0.35366643113522694,0.24520111308678094,0.15211253659925564
08293,joint_noise_gta_semantic_cityscapes_dropout_pu_0_00,0_00,0.24523267293309087,0.44242263622268513,0.6238764571130347,0.7630458010666961,0.0,0.0,0.33282293465810825,0.39771804743153333,0.47017610853003106,0.5942121821030638,0.25519714882756744,0.8129961405890813,0.7676514055923946,0.5818840130576806,0.4405511295321325,0.4089976279301935,0.40333170076948877,0.24641642077152678
12029,joint_noise_gta_semantic_cityscapes_dropout_pu_0_00,0_00,0.2914981114407136,0.4364021946263314,0.6093818324194158,0.7386108237259434,0.0,0.0,0.36564744832813334,0.41969982526659133,0.4847648893197768,0.6021755521593785,0.35652888548614337,0.7800919714160445,0.7344764736842093,0.6472109869812555,0.4942418764247904,0.46683174670187894,0.30244340475695175,0.2648587345501787
02222,joint_noise_gta_semantic_cityscapes_dropout_pu_0_00,0_00,0.19988792467463035,0.613207631969057,0.7537671176486271,0.8074957450332086,0.9105267580188304,0.0,0.282578687493021,0.3217162086702587,0.3974216190243492,0.7009431031469232,0.3106265701610281,0.9132579690218141,0.8927430585331723,0.6416627263936182,0.41698615375986053,0.3737562345364639,0.3139038375677483,0.1459682970186723
08637,joint_noise_gta_semantic_cityscapes_dropout_pu_0_00,0_00,0.16338168609860412,0.40670545041791345,0.5890349742646015,0.7465502861453273,0.0,0.0,0.22153712168655282,0.24817930781146383,0.2793924140320516,0.3932706061186717,0.24034262932169356,0.6641922744366185,0.535285600848466,0.35487024436935605,0.2808194355782619,0.24309156570399146,0.2660773689717859,0.1615320855044051
01209,joint_noise_gta_semantic_cityscapes_dropout_pu_0_00,0_00,0.23005165270894426,0.644713155273019,0.7741506570923984,0.8141084038998991,0.9200154123988417,0.9535026958428003,0.32193903838787696,0.3698836580720946,0.4778679231826186,0.8098650209242245,0.34607957041491794,0.9269707639356035,0.8745989989154151,0.845498053821327,0.5585246607716047,0.48660688258196416,0.28112857512276684,0.15835015892306958
11717,joint_noise_gta_semantic_cityscapes_dropout_pu_0_00,0_00,0.1780480192872615,0.40825564752035637,0.5611981486403689,0.7226737307699457,0.0,0.0,0.24072988433257161,0.30698722560900843,0.38928719272312584,0.4767994395930583,0.20151231958221666,0.6824409153653772,0.5781579817934164,0.4861020646691667,0.4141818974845246,0.4041632717486226,0.260826802698357,0.17436289783254305
14710,joint_noise_gta_semantic_cityscapes_dropout_pu_0_00,0_00,0.15141539962796388,0.38928221669918345,0.5890140556611073,0.7473588489692664,0.0,0.0,0.20831710232350062,0.25491095161345395,0.2839764289305287,0.3823905250906127,0.1640784013260263,0.6451768539344669,0.502500765589454,0.4024583419029112,0.3213021294497614,0.29778283541987105,0.1672082844090281,0.16168439491902908
10002,joint_noise_gta_semantic_cityscapes_dropout_pu_0_00,0_00,0.17351312697357127,0.41582246593154487,0.5993786451297894,0.7547160956157521,0.0,0.0,0.2310087906736883,0.24140628748001552,0.2648318233253736,0.3668425908931807,0.2447707819842577,0.6123836311705145,0.448979313964862,0.3283021873667653,0.2714519639536899,0.252983455183343,0.2823977832768803,0.17132162972986192
02584,joint_noise_gta_semantic_cityscapes_dropout_pu_0_00,0_00,0.1931709531404652,0.4755455760319754,0.6420269596132339,0.7991441941000097,0.9015277433054404,0.0,0.26786230293827484,0.29471510243529,0.35345361449633084,0.5404393763898063,0.2797173897532343,0.8860407631054358,0.7693046743174005,0.48929906404055856,0.3458292110621974,0.31587160009071674,0.32115808648594313,0.15930925395289577
08021,joint_noise_gta_semantic_cityscapes_dropout_pu_0_00,0_00,0.19897480114458801,0.48311844368792894,0.6360107582958906,0.7789781579224432,0.9134471762417293,0.0,0.26341407164426067,0.28472663990693226,0.3326981231792044,0.5185574354245259,0.29046534989100947,0.7800192047175145,0.6780084689977731,0.48340066503482526,0.3381588353179491,0.30699477605576614,0.2868910672050216,0.17706186484243921
21062,joint_noise_gta_semantic_cityscapes_dropout_pu_0_00,0_00,0.2689030721842667,0.5772815240843366,0.7393229597847736,0.8067299824842407,0.9277396052539505,0.9533553331158802,0.3443592140572432,0.39979100516680793,0.523478760795788,0.7937278223923766,0.3562199824599932,0.9493047831841065,0.9342480534563623,0.8880915632500791,0.5410892488117527,0.4698715502417524,0.3475786058849872,0.20212473212839427
11693,joint_noise_gta_semantic_cityscapes_dropout_pu_0_00,0_00,0.14182070771754987,0.43749396796395984,0.6196070808664002,0.7461997514669695,0.0,0.0,0.1986143793440141,0.2508903074250137,0.2803764742848811,0.39605520017183515,0.16850303610031436,0.7410035364875663,0.5729128785893256,0.41613227139122044,0.3242410593112253,0.29066627690489655,0.30497931422630487,0.11871259539113077
08084,joint_noise_gta_semantic_cityscapes_dropout_pu_0_00,0_00,0.17217626338727762,0.43089585190773816,0.6070579116274885,0.7505088174171539,0.0,0.0,0.2383223779366347,0.2524325679233496,0.27931976132370373,0.3972767338156908,0.2543948151501694,0.6514079038547576,0.5103584092167335,0.36413166329877106,0.2839095029139592,0.2623414449730662,0.25974431303095824,0.16566489120240244
24392,joint_noise_gta_semantic_cityscapes_dropout_pu_0_00,0_00,0.19166883964265785,0.41517131778233346,0.5928737778958869,0.7286159402676371,0.0,0.0,0.2571363683691461,0.277326282422952,0.32212384713203684,0.4506137848618895,0.26611791502804516,0.6617493937541847,0.5359754492991108,0.40013439454949823,0.3003293128499114,0.2858718776046232,0.23584440220415093,0.18043067718802433
18509,joint_noise_gta_semantic_cityscapes_dropout_pu_0_00,0_00,0.24477793906932582,0.5570162115302756,0.6907373352184106,0.7811605719471544,0.9161229482002019,0.0,0.33188652886088377,0.37712614101604247,0.47817301303876864,0.7270499054000746,0.24477793906932582,0.9261678365767146,0.900981099574589,0.7759436874422341,0.49970398177935726,0.43962697686454694,0.3242744637395262,0.18092645425305345
14544,joint_noise_gta_semantic_cityscapes_dropout_pu_0_00,0_00,0.1732486494282132,0.4005443839612421,0.5847072304135831,0.7600129832568218,0.0,0.0,0.2389158914113788,0.2911239511127838,0.3324890303897448,0.4422863827644465,0.17582201846577972,0.6954438347351514,0.5471709397270946,0.4196934020800272,0.3404510851607205,0.31147397793268883,0.2384030620635986,0.16829409928383954
23946,joint_noise_gta_semantic_cityscapes_dropout_pu_0_00,0_00,0.20136158372005625,0.6084025291665696,0.775409112361598,0.8234489493002316,0.9057838360284617,0.0,0.2817707681434918,0.32939605416679274,0.41263030391562733,0.7269343495380075,0.3125583452595238,0.9078900446315414,0.8831254431548955,0.6232097909458476,0.4129802877860363,0.3706062430559546,0.29205624786261714,0.1477600688231071
16866,joint_noise_gta_semantic_cityscapes_dropout_pu_0_00,0_00,0.20351502587172235,0.3903443681077639,0.5814249054407056,0.7488575840544993,0.0,0.0,0.26507469506966186,0.28410736994031466,0.3198597287453706,0.41666529563091176,0.28053196387900375,0.643241788909313,0.4824203089140758,0.37897718189934293,0.3082777106170875,0.2881072926639373,0.27384898772793703,0.20116470480101273
05457,joint_noise_gta_semantic_cityscapes_dropout_pu_0_00,0_00,0.23802150785640905,0.585606793195008,0.8038030707429722,0.8579730791538406,0.9237017024089266,0.9543827504599683,0.31127383898077077,0.3532501584721175,0.4496120191720051,0.769847541125308,0.3446392522893348,0.9517140979049641,0.9109552352782836,0.7498309397693904,0.4737277017857396,0.41646735717124356,0.33280284659678583,0.18212673124764323
09876,joint_noise_gta_semantic_cityscapes_dropout_pu_0_00,0_00,0.21099625244494463,0.4175139394495957,0.5718105873432653,0.7687145572683585,0.0,0.0,0.2850952503541972,0.3527105705972155,0.41910394871444856,0.5116323224133699,0.2369025936191988,0.7261557000589173,0.605595646983642,0.500637757980978,0.41804871256761994,0.3725536434664901,0.2910411784932558,0.1966378621468325
09274,joint_noise_gta_semantic_cityscapes_dropout_pu_0_00,0_00,0.20341812779494586,0.42699592381149637,0.5985865099645105,0.7469659614605785,0.0,0.0,0.2672091044391963,0.2959741324046493,0.34516728793672835,0.4806073921513005,0.21721352013666279,0.7154235272734927,0.5651822748215067,0.4643549908583859,0.2861792462955969,0.26740427882061174,0.2731510820830942,0.1970181077273032
20900,joint_noise_gta_semantic_cityscapes_dropout_pu_0_00,0_00,0.23966928771957027,0.6916312338996264,0.7733702830268758,0.811976272358214,0.9145191686573263,0.0,0.3373023698108084,0.39633358594376555,0.5227007272104062,0.8298758882965179,0.3786669629704774,0.9256074738820298,0.8909963785053512,0.8532246135256352,0.5699747681049467,0.49595878734774285,0.2608777931051925,0.1459346855762761
20000,joint_noise_gta_semantic_cityscapes_dropout_pu_0_00,0_00,0.18329087408360395,0.41268065306774565,0.6086364217455195,0.7481759296179817,0.0,0.0,0.2471877540815029,0.26254938182026416,0.29481116430691934,0.4123391732292619,0.2601688124858137,0.7125906478902766,0.5560978466875519,0.3884032514343865,0.30944797558647025,0.2895986295302948,0.31511012782857317,0.17497457952231865
09809,joint_noise_gta_semantic_cityscapes_dropout_pu_0_00,0_00,0.20958536342167688,0.41711141586279826,0.583725702941559,0.7412397822406089,0.0,0.0,0.28330882087047166,0.3320522827968869,0.3859752135790936,0.49846019852641926,0.2160594199691472,0.6952342388708665,0.5594217753455032,0.4821767471127512,0.4139713974863232,0.39826814160795354,0.2838634976136647,0.20489320574559775
21733,joint_noise_gta_semantic_cityscapes_dropout_pu_0_00,0_00,0.23678255301112072,0.6757226544429162,0.7795924033505012,0.8284753980047617,0.9066260413237858,0.0,0.33506562354010366,0.3997965382306056,0.5298328934100424,0.8442666645939253,0.35633664939869836,0.9089211702655371,0.8939909557239709,0.8806600613030895,0.639277910287154,0.5482147638893095,0.22750693093764185,0.13545892808723597
15681,joint_noise_gta_semantic_cityscapes_dropout_pu_0_00,0_00,0.1512907851853956,0.399267600239103,0.5917405975397227,0.7597644036668224,0.0,0.0,0.2060760590938792,0.25156267081626305,0.28704951895543,0.3994782638614825,0.20717802594023016,0.5841210977130699,0.47003789475442376,0.3774348931037265,0.2660686161488464,0.24597988203795126,0.2710768812422321,0.14912507954425
21699,joint_noise_gta_semantic_cityscapes_dropout_pu_0_00,0_00,0.16262315647501283,0.44030064241158556,0.6160471794359204,0.750458248188348,0.0,0.0,0.2282083370021904,0.24929339621236019,0.2782384986240452,0.4112662656863203,0.25053089220061825,0.726117107361564,0.5598312202949166,0.37738600179863313,0.27619622383505077,0.2618687740662326,0.38619323342239753,0.15823573641668798
14660,joint_noise_gta_semantic_cityscapes_dropout_pu_0_00,0_00,0.1108144403259561,0.4765759863144688,0.6321193947886401,0.7430833223885353,0.0,0.0,0.1524350522156451,0.20433276636643188,0.2850900697305143,0.411554799024143,0.11783879502512787,0.7756591639194298,0.7484409090315863,0.6448702669271813,0.4039529377930461,0.3474138145435401,0.3321674396440854,0.09783968181796919
13339,joint_noise_gta_semantic_cityscapes_dropout_pu_0_00,0_00,0.18173394209560623,0.4149496074054516,0.5924181929761232,0.7429269373052838,0.0,0.0,0.25054598621824936,0.28732651506377177,0.3433815638617763,0.4675906651979374,0.261741156354018,0.7132616017728851,0.5638699843708103,0.4437272000953496,0.3248247022366448,0.31200742609699966,0.3908799107563351,0.17337319936016804
08285,joint_noise_gta_semantic_cityscapes_dropout_pu_0_00,0_00,0.1863813166635451,0.46456075413473386,0.6852292010498641,0.7777587320607275,0.0,0.0,0.25406216901509965,0.3295749271137779,0.442099466626828,0.6002510947076218,0.19735674836028788,0.8716319282680456,0.8222175142640448,0.7568516834192452,0.5725104210842038,0.49698516207594284,0.40743470737835735,0.15366069532681403
05302,joint_noise_gta_semantic_cityscapes_dropout_pu_0_00,0_00,0.1913823321015928,0.5728893341903563,0.6825582531243803,0.7599375628757654,0.9024027220442169,0.0,0.27075298898761635,0.30976490751205493,0.37632194045506834,0.6413174872096209,0.3025437247750413,0.8644330019608384,0.7533539378404694,0.563485954133395,0.38536310663709306,0.3488754974040876,0.36845482577894045,0.14434077349181654
18910,joint_noise_gta_semantic_cityscapes_dropout_pu_0_00,0_00,0.17341384963071818,0.4229084071412626,0.5901003853502369,0.7373671055142731,0.0,0.0,0.24149328959715752,0.2618195668996982,0.296417284791155,0.42366837405260127,0.25680541735346807,0.6745095785387564,0.5294056374154217,0.35777960605496856,0.28530339523913384,0.26614317206706206,0.25977442164006953,0.16299739208012476
18235,joint_noise_gta_semantic_cityscapes_dropout_pu_0_00,0_00,0.18548934915644696,0.410840763762108,0.5843220733134208,0.7334873995877486,0.0,0.0,0.24453050099296203,0.2586975724674055,0.29068298193811165,0.41415699304435366,0.2643163449189046,0.6318698442449991,0.48477155808018396,0.36367149906510166,0.3038370329336757,0.277091326510672,0.2159180140576021,0.18247622928210683
03588,joint_noise_gta_semantic_cityscapes_dropout_pu_0_00,0_00,0.2630945078036382,0.5315143934715761,0.6863071506852008,0.7381065531762486,0.0,0.0,0.3490012803321603,0.4058213034791067,0.5171376100223116,0.7246687415488416,0.34916797676330574,0.8041158036104922,0.7748514474515905,0.7356627196542769,0.5160324803535083,0.4769204150132833,0.2317958001708678,0.19720446435291972
01896,joint_noise_gta_semantic_cityscapes_dropout_pu_0_00,0_00,0.265149088722749,0.6442867828955022,0.8060754640955164,0.8440095960464248,0.924850958953368,0.9544984009144812,0.34344415763780806,0.3983382016388616,0.523540139522314,0.8550317643870406,0.3516703430925786,0.9420724090723097,0.918956190013532,0.8801501770545755,0.6023585207788907,0.5292058714012187,0.24210890722486897,0.18055511280090042
04293,joint_noise_gta_semantic_cityscapes_dropout_pu_0_00,0_00,0.22038149763137854,0.6193080260442471,0.8327854649683897,0.8883886954446434,0.924569279823916,0.960826855418543,0.29744223177535556,0.3340184582012286,0.41849409825437145,0.7467904124146099,0.3304543285481394,0.9536412721065091,0.9253601718728882,0.705585886719351,0.4531602746722221,0.40327264188389805,0.22752383033362542,0.16789548914862842
05783,joint_noise_gta_semantic_cityscapes_dropout_pu_0_00,0_00,0.25478710664088416,0.5366065726770589,0.7167920590591834,0.8036771091916337,0.915415687858892,0.0,0.31764315701727375,0.3604585274019225,0.45380636064892754,0.7080864214280483,0.3242331868247404,0.9170390818494448,0.8330692636073042,0.6853882987730965,0.4427498217152688,0.39882671506827844,0.2448824420600557,0.19953933354405948
23436,joint_noise_gta_semantic_cityscapes_dropout_pu_0_00,0_00,0.22117604514690423,0.5420056648059894,0.7277355966622256,0.8376935401262687,0.9131206575734081,0.0,0.2918220150192656,0.3266198295979272,0.40175597541932856,0.6538826874324175,0.3056501930871312,0.9165614988138786,0.8838941717559058,0.5809816262118093,0.39214564697820237,0.35533655078878956,0.309936921520213,0.16633442528011597
06029,joint_noise_gta_semantic_cityscapes_dropout_pu_0_00,0_00,0.1958925813783471,0.5668876289368264,0.7110969406405273,0.8054508540181702,0.9102542338508491,0.0,0.2741554457409511,0.3143815643246274,0.383306156611974,0.643525305455595,0.30164178284066534,0.8855793657014503,0.8268302334016863,0.5941774184344399,0.39611936780769486,0.35785903718050327,0.25796155994635006,0.1560207104937601
15458,joint_noise_gta_semantic_cityscapes_dropout_pu_0_00,0_00,0.18580691895981483,0.39795116020268795,0.6077549478987536,0.7463756808995999,0.0,0.0,0.24481441444942045,0.2595500505286767,0.2910276207829537,0.39795116020268795,0.2482755345733513,0.7340448780978156,0.5851592559383447,0.43851223404376893,0.2867073035419649,0.25807834473401564,0.24938864709850725,0.18116037011866362
22246,joint_noise_gta_semantic_cityscapes_dropout_pu_0_00,0_00,0.18798998456670002,0.4209938833433145,0.5794306781551174,0.7467586064859544,0.0,0.0,0.2533234362568743,0.27221734306294326,0.3065725099979984,0.4285690545980955,0.25235473285559473,0.689207554586496,0.48365513536339455,0.4065366419979295,0.3094647787385816,0.28991411573913656,0.26832248107298395,0.15867494616721936
02496,joint_noise_gta_semantic_cityscapes_dropout_pu_0_00,0_00,0.2232061838164442,0.5944268059668034,0.7854991672135715,0.8722561118538793,0.9154520565853426,0.9534967942451906,0.3014397115589177,0.339550614326556,0.4275336697276546,0.7397189674851284,0.33829516789051384,0.9379196898978551,0.9159660157368238,0.6864381103248957,0.44195309885825407,0.3923540878466957,0.3805322879800692,0.16948886460079698
14124,joint_noise_gta_semantic_cityscapes_dropout_pu_0_00,0_00,0.18782241311711786,0.465370515098472,0.6457379092108304,0.7694585221299609,0.0,0.0,0.25791534871778116,0.29727910218999315,0.3530701234881698,0.527302475901805,0.2140408831971848,0.8719105581954064,0.8194334946700661,0.6919174980610673,0.4310585018364377,0.34771691854638587,0.31364282535064036,0.19054580230343227
13951,joint_noise_gta_semantic_cityscapes_dropout_pu_0_00,0_00,0.18421703288799288,0.4034752467996035,0.5609124321298841,0.7091762675057639,0.0,0.0,0.2572590609218153,0.2910773174852374,0.34612412291474187,0.4567319706485709,0.27113922984527195,0.6898631257423764,0.5865301653357862,0.5125646282548327,0.43039490022466576,0.39271090248311347,0.27488413014552293,0.14382118662231066
22201,joint_noise_gta_semantic_cityscapes_dropout_pu_0_00,0_00,0.20096210234730635,0.4340586412888836,0.6316619894471841,0.784523100424032,0.0,0.0,0.25161068857794816,0.2700595343968941,0.3121092452181858,0.45794273587874007,0.26789703280039057,0.8642469598477431,0.698176964255903,0.4375600802841879,0.3032825510359258,0.2828144306400564,0.22951349107111105,0.18697656236645668
17228,joint_noise_gta_semantic_cityscapes_dropout_pu_0_00,0_00,0.1577412054369181,0.4173795609800952,0.5903867066571878,0.7654812771223563,0.0,0.0,0.22262147052677383,0.24341428032708856,0.26323150899379194,0.3483942897905439,0.24292946563944617,0.6998094034046751,0.5285470195509778,0.37782640037646587,0.2654823089893896,0.25830511631485814,0.21873850746074142,0.15239136390150276
19665,joint_noise_gta_semantic_cityscapes_dropout_pu_0_00,0_00,0.16884874912087727,0.4117951512645464,0.5848257090310406,0.7321199905773239,0.0,0.0,0.23838171434826022,0.26971501213307847,0.3087693425317379,0.4369377251990145,0.2628392913801859,0.6974755066000533,0.573424466830374,0.40454543360243894,0.3527272073564033,0.32467589450584755,0.23319559548413912,0.16091491558345059
09460,joint_noise_gta_semantic_cityscapes_dropout_pu_0_00,0_00,0.18893767147056773,0.436363565188661,0.5901346454578387,0.7440413404870794,0.0,0.0,0.2571916346394613,0.2990215063786534,0.34492076751612544,0.4851327001347279,0.20997496481840372,0.7386211090453111,0.6256160082188267,0.49617829425658977,0.37802320922549204,0.33341602428781536,0.3217899355478679,0.1800292590071545
20530,joint_noise_gta_semantic_cityscapes_dropout_pu_0_00,0_00,0.1508662444002873,0.39846143871357603,0.6112882557153633,0.7937267810564311,0.9163568401611366,0.0,0.21087537356239786,0.2614908456714584,0.2967355485591595,0.3866177218967291,0.18412728551462806,0.7125372139252731,0.5697494102130122,0.39293412885431733,0.29902002505263353,0.2763664222372046,0.24186271597531056,0.09734254961920355
00437,joint_noise_gta_semantic_cityscapes_dropout_pu_0_00,0_00,0.24357110134541854,0.631778724372803,0.7984481937927089,0.8491112088567402,0.9207688510048873,0.9610102003274572,0.32711424956188984,0.37609010030739654,0.48915182317622147,0.8343029556102658,0.3547131920536733,0.9643447983870943,0.9137508653903226,0.8410915415993045,0.5126182040756209,0.44881461219439406,0.25777337985836185,0.17556973920798583
04448,joint_noise_gta_semantic_cityscapes_dropout_pu_0_00,0_00,0.19848142421110374,0.6112385301665264,0.8356839814470036,0.8964261637923314,0.9322077914137807,0.9641836672196689,0.2811834425407099,0.32901496865018853,0.4102102740085958,0.7249712311117112,0.2912169933874194,0.9747676114263488,0.9587821589733997,0.6989655265619942,0.45906683873302817,0.40991916937668155,0.24898277546757278,0.13789850985844457
19948,joint_noise_gta_semantic_cityscapes_dropout_pu_0_00,0_00,0.145090084976075,0.39981014996200326,0.6175435249952417,0.7461717982365892,0.9065657396315349,0.0,0.20567531965844546,0.23914767617264343,0.25764970862046077,0.337428671810671,0.23606722028202534,0.627100399618008,0.4807014649842101,0.3500077038256319,0.25997599494500717,0.2486003060218092,0.23205763613030525,0.14445931143516602
09954,joint_noise_gta_semantic_cityscapes_dropout_pu_0_00,0_00,0.1878133958585155,0.585409927537337,0.7919695993521876,0.8661403452347843,0.9267498823850213,0.9540681567396956,0.26336640347197177,0.30467746499040926,0.37099161668078307,0.6380317983570732,0.2847008044017409,0.9500896674085737,0.9193205854082934,0.6246600120128142,0.40740371365185857,0.364958066936161,0.30213697687734953,0.14199026611056048
23874,joint_noise_gta_semantic_cityscapes_dropout_pu_0_00,0_00,0.1974008924705062,0.48527498458465357,0.649887009814593,0.7487401463905609,0.0,0.0,0.27466869054175663,0.3037054206031439,0.36795116579361387,0.5722590329208428,0.28795494425185636,0.8118106876774508,0.7393570132604961,0.5568311989228333,0.36800366762068043,0.3308930041711491,0.3379478420202371,0.16646250164491472
12655,joint_noise_gta_semantic_cityscapes_dropout_pu_0_00,0_00,0.15961311621674712,0.40065222768473197,0.5785617321397598,0.7263698149798804,0.0,0.0,0.21718008857550705,0.2593812268721438,0.29161835686752496,0.395766976195462,0.1684612264438532,0.6033877066514496,0.4588929610281703,0.3564571980577537,0.26500218528218733,0.262286212470012,0.187842814118412,0.15682611559788365
04334,joint_noise_gta_semantic_cityscapes_dropout_pu_0_00,0_00,0.21864995303722243,0.41944673277600486,0.5954492047060813,0.7458043193745125,0.0,0.0,0.2772774165675952,0.3053224481825133,0.36819298572268677,0.4926208433176409,0.2968150565151316,0.7463236943220488,0.6061988216116115,0.4194736262426565,0.3203915495411133,0.2971030210982018,0.3260098415768291,0.1862448886363135
10889,joint_noise_gta_semantic_cityscapes_dropout_pu_0_00,0_00,0.17431441549329715,0.3944746246463895,0.5642087566023769,0.7281008122241713,0.0,0.0,0.23754411398275838,0.2718527316731823,0.3078882653254866,0.41136313438003513,0.18301413001951913,0.6489342168328005,0.5048366448760621,0.38231284257601933,0.2994799462417948,0.2790029212456965,0.24796054351526353,0.1737235943139606
15902,joint_noise_gta_semantic_cityscapes_dropout_pu_0_00,0_00,0.2655768239954135,0.4233957819307147,0.5977149601127181,0.7600510147134794,0.0,0.0,0.3465352149496633,0.3949710431830527,0.4558594118873971,0.5467488554755854,0.3446961412356242,0.8121334265454563,0.6763429266689542,0.5607055007059781,0.4571568766134178,0.44429555700147566,0.39032642902582904,0.26007378490444466
05964,joint_noise_gta_semantic_cityscapes_dropout_pu_0_00,0_00,0.22672535166348373,0.6723566426793279,0.8216181528829474,0.8690506258909737,0.9261459976914104,0.9551412774503134,0.3209605724380661,0.39702926141832984,0.5249763986109197,0.881679962075625,0.32476289082512844,0.957242528245488,0.9475157626318651,0.9308254483827872,0.6175358489260572,0.5320550629790268,0.20401248631535407,0.13639315182848236
16658,joint_noise_gta_semantic_cityscapes_dropout_pu_0_00,0_00,0.22488815324481357,0.49985417714730046,0.7530498086859863,0.8950209600280711,0.922774527056108,0.9512572703410124,0.27120501129412294,0.29707897296179536,0.35464252092700704,0.5570128137584555,0.27643000720102934,0.9388722752703705,0.9240699917357563,0.6136559329834657,0.40332767102342365,0.36158803707761933,0.21165051492919504,0.19164668410325691
00119,joint_noise_gta_semantic_cityscapes_dropout_pu_0_00,0_00,0.1692584118608251,0.4887557670477079,0.6418764455336223,0.7538019720156539,0.0,0.0,0.23887153087173754,0.2832008716867918,0.333263342377703,0.5240070893179726,0.26861971375088706,0.8145515891615105,0.7436201400106691,0.4854568873660481,0.34174471636153875,0.31407433840003296,0.26248435778425805,0.13453807144322003
09828,joint_noise_gta_semantic_cityscapes_dropout_pu_0_00,0_00,0.16672796762292097,0.4373547913876828,0.5847048463559656,0.731955452022354,0.0,0.0,0.21937058860557065,0.25315640101438014,0.2897347358367205,0.43087854259844116,0.24011153758770515,0.6743246152176987,0.5321305825721627,0.4376229566334458,0.3624025766342618,0.34003504784678174,0.30380435459108623,0.16581699191686847
18553,joint_noise_gta_semantic_cityscapes_dropout_pu_0_00,0_00,0.2019832064071642,0.41488640950050104,0.5734439775229594,0.7393567018534346,0.0,0.0,0.27238731251040865,0.3011502277000952,0.3563489171092255,0.4798446105927838,0.267370201142888,0.6388015054513957,0.5737170488471771,0.45115440695970394,0.3860596379862075,0.36785355585586,0.3319790050136403,0.18662844025830255
06783,joint_noise_gta_semantic_cityscapes_dropout_pu_0_00,0_00,0.16597603778587997,0.6719579423352471,0.7714123057677235,0.8025378408140056,0.9174236377546354,0.0,0.23542340592729205,0.30258638286649925,0.36674722724140285,0.6700673281894587,0.26814570839927077,0.9232657232013003,0.900234025773207,0.6476738525912897,0.4216127987415587,0.3778462138292284,0.15198341987574635,0.11680024776661024
18844,joint_noise_gta_semantic_cityscapes_dropout_pu_0_00,0_00,0.17782485427060798,0.42452400889376934,0.591796608840951,0.7526201205571689,0.0,0.0,0.23906068893098417,0.25207896233864635,0.2810618892310055,0.3979861948186126,0.25001532356612394,0.6576826392260509,0.5365658831811829,0.4067308611253894,0.29571067999760997,0.26858093548759043,0.23945105170764736,0.1695901701080855
04174,joint_noise_gta_semantic_cityscapes_dropout_pu_0_00,0_00,0.2176623134806491,0.562248735659171,0.7385471260674332,0.8195306521406414,0.9094533003174191,0.0,0.30304758557870715,0.345197600728989,0.43688144912251015,0.7181376867385169,0.32526249188959244,0.9113688473714012,0.8732495741152769,0.6564175214281829,0.4297065545714655,0.38385853075861553,0.2786955248532095,0.1660400024295055
23323,joint_noise_gta_semantic_cityscapes_dropout_pu_0_00,0_00,0.3016699537434228,0.5673849968408958,0.7289262723848655,0.8264521172687951,0.9141652733149498,0.0,0.3883039307970444,0.45856664116491663,0.5917686210854305,0.8227754247980664,0.3410606057055253,0.9332528895574969,0.9179474937638503,0.8268386397320349,0.5628124179931551,0.4828929239847736,0.3267994582589392,0.1821937677551205
11087,joint_noise_gta_semantic_cityscapes_dropout_pu_0_00,0_00,0.20356071621580074,0.47041198271227924,0.6099729976568316,0.7437286188764,0.0,0.0,0.2748245387105161,0.3487782258375533,0.4383729764613694,0.6063728961733907,0.2392342680534386,0.786780285496418,0.7611492444676223,0.6998806799654378,0.5560750790686082,0.4954558357043783,0.3761402966616906,0.19950611506590785
23813,joint_noise_gta_semantic_cityscapes_dropout_pu_0_00,0_00,0.1598283809983915,0.4903867774479797,0.6352808760500989,0.765605597873835,0.0,0.0,0.22389485109525542,0.2791972993726195,0.3279240288102393,0.5165651902086175,0.2715375109595516,0.8408748095688271,0.7740329191506514,0.4990055939926315,0.4069570749668099,0.3569157888396983,0.41285447091934724,0.1579252658203472
22658,joint_noise_gta_semantic_cityscapes_dropout_pu_0_00,0_00,0.22087496060812004,0.4515589494425558,0.6323914193898895,0.7804919229795799,0.9075490870815925,0.0,0.2825981472641633,0.31400994275700816,0.3622980080756753,0.5121649378733163,0.2773681573014451,0.8328096432634908,0.6893356436049726,0.5841562716587676,0.41211644985338763,0.35576105653051465,0.3626065787570978,0.18126926272534655
07550,joint_noise_gta_semantic_cityscapes_dropout_pu_0_00,0_00,0.20034236597663643,0.5590370357580591,0.7137461787434489,0.8089004356692905,0.9053071059092709,0.0,0.2799693648125461,0.32002681843992864,0.39621320292647244,0.6635282364216558,0.30293206081181506,0.8837953827629313,0.8517814026962401,0.6135630139662596,0.40286083002862694,0.3633652018235237,0.3132150420199453,0.15556237818544005
13710,joint_noise_gta_semantic_cityscapes_dropout_pu_0_00,0_00,0.14089391326349018,0.4157471854179797,0.5977280928148037,0.7521082654397222,0.0,0.0,0.1944158818609141,0.24400318207364294,0.27384064846105477,0.3852157414208915,0.20742114094305433,0.6400828414443468,0.5059238119231064,0.3889291378942222,0.29177284843538853,0.2651100508949525,0.25981806062437424,0.1397590520878936
06080,joint_noise_gta_semantic_cityscapes_dropout_pu_0_00,0_00,0.1909435976722413,0.5841832369361468,0.7498956511736251,0.8332785887682396,0.9305730200337946,0.9596380959370541,0.26906508945356544,0.3234745203213527,0.4024589309546835,0.6943932026336649,0.2960851826451158,0.962233489838902,0.8960195380650139,0.6531149948686393,0.4173427511657144,0.37067760042671827,0.3150221410847309,0.13970258892624549
20025,joint_noise_gta_semantic_cityscapes_dropout_pu_0_00,0_00,0.1683935768421653,0.3835409540942166,0.5855014457073546,0.7487187740331251,0.0,0.0,0.23396672689793543,0.2482451540373522,0.2731059437199802,0.3671059049974208,0.25042268252748345,0.6484560208813132,0.48403770719428885,0.365137729706223,0.30737298624389736,0.2785680679060062,0.24165093206747593,0.1681416708278527
19705,joint_noise_gta_semantic_cityscapes_dropout_pu_0_00,0_00,0.1529173184306596,0.41272979719378905,0.6170626787774234,0.7817586141695917,0.0,0.0,0.21082484865345769,0.24228139617163771,0.26450488502740094,0.34815099687293194,0.24224406224012351,0.7286351366373256,0.5422363955625817,0.33934287646495703,0.25690557715661216,0.23914529806428642,0.2338432516118262,0.15156061361385287
00015,joint_noise_gta_semantic_cityscapes_dropout_pu_0_00,0_00,0.21757697548767105,0.5751557362153525,0.7188747916375989,0.8051026025801694,0.9123455844213433,0.0,0.3003377070278575,0.33818137103336027,0.42333854451063974,0.7063715732320724,0.32450881778059903,0.9084017694095516,0.827470089772198,0.6329499203373089,0.4176240703747962,0.3736379863388514,0.351246827507143,0.17140114488450675
22325,joint_noise_gta_semantic_cityscapes_dropout_pu_0_00,0_00,0.1754594960469298,0.443746190976312,0.6784960353863639,0.816133653910995,0.9039473883227925,0.0,0.24572095192233948,0.2673330983646158,0.30761489433005557,0.4561790156576665,0.2507689927394194,0.8787657812093695,0.7295732599229632,0.4651713062243285,0.3286654507695411,0.30047831105303763,0.19849459109929904,0.15789313104713817
12026,joint_noise_gta_semantic_cityscapes_dropout_pu_0_00,0_00,0.23219927369178595,0.4832460245970125,0.6260079753222854,0.726470185013174,0.0,0.0,0.29998374396102817,0.3380843477653868,0.42294589409774797,0.6098849222870799,0.3122310648205572,0.7520463327362589,0.7349797316701908,0.5736896582057477,0.3879631843730557,0.3505671906009067,0.3556129735521885,0.18889160013490927
18064,joint_noise_gta_semantic_cityscapes_dropout_pu_0_00,0_00,0.19198012794843572,0.4407264235500117,0.5834150805398803,0.727017884858997,0.0,0.0,0.24588493369738115,0.26034283672154374,0.2927641085778516,0.4290402621206788,0.2688324927107107,0.6754548618095347,0.5851770264677199,0.4758187822974926,0.3248057038902095,0.2933941847809547,0.2381226301846509,0.18725470939392788
00773,joint_noise_gta_semantic_cityscapes_dropout_pu_0_00,0_00,0.20882164825990912,0.4723367645462563,0.5875330388301321,0.7334858632098245,0.0,0.0,0.2857445596230734,0.31955341012556693,0.3910905970602822,0.5549308460803832,0.30332632075721927,0.7239159316105979,0.6252462072357284,0.5322488658033214,0.45783061473979453,0.4116253766231075,0.35341147776720233,0.18384081000451288
04345,joint_noise_gta_semantic_cityscapes_dropout_pu_0_00,0_00,0.22649123289871115,0.5600603103035625,0.7160749764335593,0.8074871335615008,0.9264243917782694,0.9547775063937001,0.30910676732619635,0.35010541201461287,0.4444244645405699,0.7222240039051762,0.33289038239092084,0.9469078040525915,0.8581601209040228,0.6858722104163988,0.43420644976148426,0.3844046989244775,0.31289840533671404,0.17194219961249457
13376,joint_noise_gta_semantic_cityscapes_dropout_pu_0_00,0_00,0.19567746845871237,0.5499327539847981,0.6608917418910358,0.7815559781503574,0.917963092743629,0.0,0.27273102993483367,0.32956589478262305,0.41630882151292936,0.6654550071007495,0.3063240272802782,0.9023661222613619,0.8188766215450358,0.7361379101515384,0.5438376744875862,0.5130014023558365,0.43467173919576835,0.14685913234099535
11438,joint_noise_gta_semantic_cityscapes_dropout_pu_0_00,0_00,0.1526151605963286,0.4292999951081482,0.6125796610014327,0.7424092260377925,0.0,0.0,0.2117004215750429,0.2827276908601986,0.3443809185466696,0.48490530317264474,0.164610021725,0.7670608755436645,0.663474529637333,0.5472098997895218,0.4001411397876283,0.37328914562613413,0.317167598403225,0.14362050960592476
09008,joint_noise_gta_semantic_cityscapes_dropout_pu_0_00,0_00,0.18424742791656126,0.4181285127003786,0.6101630743579018,0.7703937019451278,0.0,0.0,0.24513339643829776,0.2757210175032434,0.3101961404627645,0.4282237523254152,0.19696189351745186,0.725715845111648,0.5852160713968708,0.4258944162131387,0.3090873109452446,0.28590934249272415,0.29285994527864956,0.18127543872320712
02303,joint_noise_gta_semantic_cityscapes_dropout_pu_0_00,0_00,0.20814836045158203,0.57543813298543,0.7212809420988746,0.8073637704841307,0.9126788406177908,0.0,0.2928191852074531,0.3441204071045967,0.4354156077801226,0.7182418143076624,0.3170703010120314,0.9172900525392272,0.8641381263856502,0.6353337569305642,0.41849215322043176,0.3758180768331191,0.24670253831201838,0.14806803627255644
09051,joint_noise_gta_semantic_cityscapes_dropout_pu_0_00,0_00,0.22586577707236485,0.425292067776408,0.6024280157021099,0.7470516051538328,0.0,0.0,0.2896457148362595,0.3158686357180147,0.368759631516823,0.501944550109901,0.24211240686446867,0.7644973348225891,0.693245821183968,0.49021289061606926,0.41050915680856,0.3781911371036684,0.38195218152922406,0.21565374562630935
21068,joint_noise_gta_semantic_cityscapes_dropout_pu_0_00,0_00,0.31878929098137865,0.6318137983335033,0.7669027724154966,0.8271715267348095,0.9147411031404195,0.0,0.40769142104905565,0.4886667472044574,0.6544402425490575,0.8663648902630088,0.43932326247287473,0.9351366285007682,0.9192229346609515,0.9014962518898362,0.5640997368139575,0.48577360240944956,0.3160089490319735,0.24536097047636138
03380,joint_noise_gta_semantic_cityscapes_dropout_pu_0_00,0_00,0.21483126168987146,0.613727029589055,0.8424722104723796,0.9134258952056377,0.9320641455685006,0.9555434895977787,0.2969616173030936,0.3341102056167088,0.41928562800752955,0.7443031925670667,0.30636282177635704,0.9590703222940263,0.9512225217063368,0.6950907836770175,0.448152961456003,0.4013823211088722,0.26550159246200544,0.1647450182078072
17933,joint_noise_gta_semantic_cityscapes_dropout_pu_0_00,0_00,0.20271240118281428,0.5634530481723877,0.7775659527807185,0.854222294349448,0.9160155067242493,0.0,0.275843063130136,0.30411037419604103,0.3680840293079257,0.6216398752796382,0.29017496761008216,0.9309800697869196,0.8450773272241306,0.5200798809519486,0.36113134685126413,0.330401327094588,0.26969295900467266,0.16908953677732952
02651,joint_noise_gta_semantic_cityscapes_dropout_pu_0_00,0_00,0.22074321342912934,0.4908072455051317,0.6748408554612161,0.7657938603909645,0.90963093346664,0.0,0.3061278965819033,0.348590582884192,0.4407010403814134,0.6454610388821337,0.31021889947871395,0.8828424943083689,0.8403779060843104,0.6947487865214204,0.44940601405413055,0.3728305642873928,0.26339715537593966,0.16855988778309297
19789,joint_noise_gta_semantic_cityscapes_dropout_pu_0_00,0_00,0.1781037469707536,0.3990296091349997,0.6068153013356795,0.7432037294367659,0.0,0.0,0.2400799078891631,0.25198921012128744,0.2782818026851003,0.38458367454888387,0.2509306381568088,0.6890226912299998,0.5229389604980718,0.38966333886854115,0.28853164487347643,0.26925256789642577,0.24700971678694061,0.17529170421635903
04888,joint_noise_gta_semantic_cityscapes_dropout_pu_0_00,0_00,0.20984261132834642,0.5606361213742119,0.7506211555512528,0.8343041388168604,0.9121542056680365,0.0,0.29398664074402203,0.3336109714210245,0.41753492768709977,0.6979678388626327,0.31134557260809864,0.9263776721308855,0.8874475856623582,0.6171422923900693,0.4095497508240245,0.3684020932561396,0.2976704834873566,0.15634346421106793
04955,joint_noise_gta_semantic_cityscapes_dropout_pu_0_00,0_00,0.21047529225518574,0.49002803244314447,0.6289368722353343,0.7877669201281621,0.0,0.0,0.2890844293748842,0.322951233967782,0.40001735134599214,0.595285028810402,0.3049154268297521,0.8705325994208916,0.7800275358165597,0.48960392429133476,0.3566205987380651,0.33469922544869,0.2767426020422562,0.17397520205734754
24560,joint_noise_gta_semantic_cityscapes_dropout_pu_0_00,0_00,0.2626297638291642,0.5581363557734149,0.6833807549536364,0.7819554010694021,0.9144970449910946,0.0,0.35018654051991355,0.4147841512796495,0.5417731497359032,0.7506770593239739,0.3318156982200927,0.9166392611147585,0.8812184122813116,0.8241204609382529,0.6848825142730897,0.6171624218162983,0.2225482046874575,0.21122762377846416
17508,joint_noise_gta_semantic_cityscapes_dropout_pu_0_00,0_00,0.2017228858856032,0.4020652402125184,0.59718582736982,0.7441474460374058,0.0,0.0,0.28252440018725833,0.33897489827953076,0.3895621727561219,0.500923512996603,0.2022066626830789,0.7194153256353905,0.6097146028462219,0.4770340319188865,0.3823751565264496,0.366813316052632,0.33799240833153493,0.19453089988486666
20395,joint_noise_gta_semantic_cityscapes_dropout_pu_0_00,0_00,0.21411102183239442,0.5267628889250936,0.6439750620035789,0.7361707940601115,0.0,0.0,0.2902567918118869,0.3245548836570858,0.4032972608632297,0.6372202049147702,0.3166278348584757,0.7810271130664046,0.7522380578252812,0.6806142416865378,0.43327778794046135,0.38373211922237177,0.31239189913681004,0.16716134018354106
06193,joint_noise_gta_semantic_cityscapes_dropout_pu_0_00,0_00,0.20752001479719456,0.5151340910086483,0.6794492533770229,0.7688983123576134,0.0,0.0,0.2743345653184564,0.3007162466271639,0.35962436840244544,0.5754368963534889,0.2922871910519616,0.8597179020453973,0.7025597792972832,0.4511477457541182,0.3320996698601707,0.30864210951014004,0.24352575609435684,0.18743468865716734
09880,joint_noise_gta_semantic_cityscapes_dropout_pu_0_00,0_00,0.20246424574297173,0.403091845866559,0.5595234453284362,0.731584047716138,0.0,0.0,0.2664214624818475,0.3062529853818933,0.34982487004246376,0.45903978104351273,0.21005385521387618,0.6774092346239623,0.5282930150399153,0.48589468444764283,0.386443747451003,0.36283410797261867,0.2961170677241706,0.20264992272438137
19599,joint_noise_gta_semantic_cityscapes_dropout_pu_0_00,0_00,0.19188894419729127,0.4070976812512743,0.5893228803654772,0.7457293138269226,0.0,0.0,0.24448733925408137,0.25866398766302223,0.28954406518104864,0.4001506178530698,0.24418986912416873,0.6420628892091897,0.49590755681735166,0.3730688227007233,0.2769479210030093,0.2601379528202661,0.2862362935811803,0.18226944194267705
22585,joint_noise_gta_semantic_cityscapes_dropout_pu_0_00,0_00,0.2192867516884033,0.5579224475751644,0.6981401369862962,0.7836149498627974,0.9129632143364951,0.0,0.3025420962034139,0.3417154724244213,0.43166366319340493,0.6973926091546049,0.32427520089296863,0.8971092159245679,0.8704274391406587,0.727057390364667,0.4620002944270442,0.40775881495512734,0.30825990571633965,0.16576956241693705
15504,joint_noise_gta_semantic_cityscapes_dropout_pu_0_00,0_00,0.18733551161312148,0.3946131263491189,0.5709983447669563,0.7215136250924722,0.0,0.0,0.23686900780066503,0.24890518711641665,0.27568523518241494,0.37011562367651774,0.24720733379180088,0.5906031804024484,0.5186344193023006,0.3699130531854089,0.3151543732117731,0.28326546494257315,0.26290604138401663,0.18459191011829781
08055,joint_noise_gta_semantic_cityscapes_dropout_pu_0_00,0_00,0.19702273786521357,0.5205163294615008,0.6344942905602312,0.7623921666619238,0.0,0.0,0.2590827329059811,0.2792250926916982,0.3238281164537028,0.5174827205738712,0.2774545193031255,0.8012538936184573,0.7303528672658116,0.5461349329996298,0.33664765107082245,0.309415311026504,0.2279362251391007,0.1700628190559715
20010,joint_noise_gta_semantic_cityscapes_dropout_pu_0_00,0_00,0.17817038049212694,0.4300063376450657,0.5935200903803287,0.7374035412636026,0.0,0.0,0.24637499178988465,0.26206322146718286,0.29588395918197025,0.4273444299437228,0.24670546321475562,0.6855508034870852,0.5927233052904193,0.3813089741498702,0.275837416701428,0.25982229158268516,0.2107761943409912,0.16736475332200224
07652,joint_noise_gta_semantic_cityscapes_dropout_pu_0_00,0_00,0.16780635740966893,0.5290073237726325,0.7426779556336737,0.8411543574219826,0.9188904258322997,0.0,0.23430337539214113,0.24445029074265553,0.2650679675540801,0.36012681632564936,0.2549004883862753,0.8807413532626012,0.5713629239885336,0.3867829619476724,0.2977413688964638,0.2788089905482016,0.16890010853988618,0.15713739973291474
11591,joint_noise_gta_semantic_cityscapes_dropout_pu_0_00,0_00,0.17906712472440048,0.4403584324334652,0.5813018747717515,0.7591726421967264,0.0,0.0,0.24535255390266644,0.28617443047410934,0.33097259990199107,0.47065022457113725,0.1992350089863151,0.7500163109430447,0.5933694404387719,0.512498159628429,0.34572085795279606,0.3160572409823075,0.24435923058247228,0.1825408906797959
14656,joint_noise_gta_semantic_cityscapes_dropout_pu_0_00,0_00,0.14140395547476645,0.3940737264644729,0.6041154980314272,0.7460725381892079,0.0,0.0,0.19534558143708533,0.25631025645319816,0.29529987844005634,0.39960215636990326,0.16986318934854872,0.6483353510900308,0.5089575187031629,0.3684588257936637,0.28248925241169653,0.2726866829121964,0.24392901932328098,0.14060559138880047
13701,joint_noise_gta_semantic_cityscapes_dropout_pu_0_00,0_00,0.17510720985100098,0.387837622152483,0.5811521044310833,0.7473804047587689,0.0,0.0,0.23821146246991975,0.2829618531062213,0.3207663224504442,0.41871821642884405,0.17752122630830294,0.6130988672906805,0.4915353408796089,0.40947058275538495,0.3148311829789345,0.29769685003272073,0.2858434016761103,0.17275752614389583
16053,joint_noise_gta_semantic_cityscapes_dropout_pu_0_00,0_00,0.2431981553389537,0.5591567236811766,0.7196285844862347,0.7882846491250809,0.9146521254717104,0.0,0.33677510964286494,0.39043207916844785,0.5080445629354207,0.7663923889700038,0.3173058938447125,0.9193064341399316,0.8987638270911082,0.84241976814528,0.5775398299850274,0.49690490188292613,0.28549595230232894,0.1542875863199817
19231,joint_noise_gta_semantic_cityscapes_dropout_pu_0_00,0_00,0.20628641709408502,0.6785148847008543,0.7899086150418886,0.8643363133102199,0.9215656760649559,0.9623493329779828,0.29261666207999726,0.3595591826591334,0.46095664452769664,0.8240725447915331,0.3155273381043405,0.9669657784074498,0.9454849435603211,0.8965099306776102,0.6071060576295677,0.5232187495961043,0.13773592866643292,0.12857759841430588
16606,joint_noise_gta_semantic_cityscapes_dropout_pu_0_00,0_00,0.18905886317684226,0.4783190648437438,0.6368087953733553,0.7885844114233346,0.0,0.0,0.261861669440312,0.28453200223415215,0.33371496749847396,0.5158940945053789,0.27954913228367206,0.8388044606087248,0.7141856995898408,0.45178326256315704,0.3184601500217912,0.29376108189136896,0.3280535678082511,0.17235635215173858
04693,joint_noise_gta_semantic_cityscapes_dropout_pu_0_00,0_00,0.24426134862686769,0.6303580412911717,0.7984507815369118,0.8622574522254305,0.9262878774601809,0.951876831527936,0.34116417516915193,0.4001054221811895,0.528523323023293,0.8627175101248235,0.35355416687806407,0.9467078569252972,0.9285865897901483,0.888004427700848,0.5708076647525442,0.4965114492715171,0.18912170792473312,0.16070865440841464
09323,joint_noise_gta_semantic_cityscapes_dropout_pu_0_00,0_00,0.1891484863308552,0.3811768747427174,0.5571940976281271,0.727342264896555,0.0,0.0,0.25798812857469133,0.28978452633548035,0.330164128547814,0.4186516108981916,0.22811439950314188,0.6039961202288948,0.5239573253182379,0.42948644423875904,0.3313130787634219,0.3086005858590026,0.261250322617896,0.19416092365183749
08496,joint_noise_gta_semantic_cityscapes_dropout_pu_0_00,0_00,0.17539923728876042,0.42071109983500604,0.6044772275901193,0.7441542061831335,0.0,0.0,0.23695401673586378,0.29131816240213937,0.33802031458324133,0.47035285620339307,0.18698118913682388,0.7394099896016176,0.6263689748185615,0.47767679906565,0.3759817666423363,0.32478683754089366,0.3170792100345462,0.1718028244945346
02506,joint_noise_gta_semantic_cityscapes_dropout_pu_0_00,0_00,0.21599079958136852,0.5166957758827663,0.6564922839021757,0.7859539875978535,0.0,0.0,0.28035388196765043,0.3099251143656638,0.37738285825590656,0.6031832457211466,0.29442096869701,0.8869155449159023,0.8149610589145135,0.5852547697087523,0.38464648249762445,0.3445243924493827,0.26666961535835626,0.17335397698073435
12565,joint_noise_gta_semantic_cityscapes_dropout_pu_0_00,0_00,0.16906879272536657,0.4216659168019504,0.5588301755238113,0.7270327886188392,0.0,0.0,0.23129238548588651,0.29998395506362313,0.37390660321537234,0.4839781198249817,0.17419404913774886,0.6582615416896002,0.5248267019623573,0.4729373612140778,0.4086320435490515,0.3450527436361077,0.21451849730490832,0.16473094535111754
00825,joint_noise_gta_semantic_cityscapes_dropout_pu_0_00,0_00,0.1920545005877486,0.3888299598881654,0.5822004904234239,0.7548895148000027,0.0,0.0,0.24748558474956206,0.26139693830187966,0.2902009836240836,0.3907823979734339,0.25729482647551344,0.6026470941616966,0.48456222694381296,0.3397691470805416,0.2827068213438551,0.27227230502431093,0.2946780272305762,0.18472541013028096
21912,joint_noise_gta_semantic_cityscapes_dropout_pu_0_00,0_00,0.22080045818458016,0.4430102503135874,0.6064885627778523,0.7324053727870886,0.0,0.0,0.2820534740657909,0.3119463952544813,0.3764869131432253,0.5317882741028308,0.289894060422847,0.7215542251526793,0.6108765667585664,0.43714410114648344,0.3419857257985167,0.3196502925301157,0.27726888878450384,0.19999254750247414
20548,joint_noise_gta_semantic_cityscapes_dropout_pu_0_00,0_00,0.1899513269437048,0.5327866913452388,0.7412292230310732,0.8205030498300526,0.9129908542885069,0.0,0.2659214349915333,0.3046861290988343,0.37085766373614454,0.6098091579305288,0.2864235743670186,0.9078970155186168,0.8738074178155497,0.5570280101191745,0.37769930425177356,0.34293270644218865,0.18218617383224503,0.15486507857828555
08674,joint_noise_gta_semantic_cityscapes_dropout_pu_0_00,0_00,0.17904361698361262,0.40800027186755733,0.5948561879087191,0.7610998382014393,0.0,0.0,0.23607545238535757,0.2795957295769978,0.3097404816501389,0.40888679308723486,0.18522156184204755,0.6973603121659941,0.5425267926128972,0.40577795725649757,0.32803272230639424,0.30704395880016466,0.26226891173590017,0.17190021434563132
21917,joint_noise_gta_semantic_cityscapes_dropout_pu_0_00,0_00,0.24437889888998227,0.44310770573960845,0.5741687992191716,0.7348230215791423,0.0,0.0,0.29673966673632535,0.3322559796862973,0.40301439116583626,0.5488099798518554,0.30516842967135394,0.6705376905667613,0.6023922812130335,0.45841546522129606,0.35204311342186534,0.31911627958237154,0.27535924112894683,0.22116415611293366
08317,joint_noise_gta_semantic_cityscapes_dropout_pu_0_00,0_00,0.193812833516933,0.45028907328548257,0.6273294314133778,0.741988715300192,0.0,0.0,0.2633808881362963,0.3063081920847469,0.3587560974061553,0.5165325560954334,0.19774257371740867,0.7611867058587218,0.7239585255161106,0.6593372656193693,0.42903409444223684,0.3957634261629154,0.20595004908428696,0.1703027354875831
00280,joint_noise_gta_semantic_cityscapes_dropout_pu_0_00,0_00,0.18621567843327919,0.467232831975531,0.6210444665491665,0.7688396227847285,0.0,0.0,0.25713405241978277,0.27928596162879343,0.32544799619228415,0.5006890317957249,0.28064386934924845,0.806998852825085,0.6431435049905665,0.5215503720022562,0.30341190439853216,0.30255570150973987,0.3436260556738774,0.1707177922142298
02725,joint_noise_gta_semantic_cityscapes_dropout_pu_0_00,0_00,0.20833484686647463,0.5826945337317616,0.6875680761644619,0.7840268964388895,0.0,0.0,0.2939999051907207,0.3399318144308564,0.4293319750900918,0.7043071706362956,0.31975876912005174,0.8581855694806572,0.8420431471597025,0.7503257284782957,0.4742345990596398,0.41799115784320684,0.20749348585125624,0.1471961500305414
23582,joint_noise_gta_semantic_cityscapes_dropout_pu_0_00,0_00,0.16589607352885563,0.44409743527592577,0.6102418543387245,0.7472103850112741,0.0,0.0,0.23169233173545653,0.2529771900120646,0.2829382060522967,0.41394117213368875,0.25373776869607584,0.7149184650490894,0.5544127838868844,0.3751528918510656,0.2851174553098897,0.2660809223313786,0.33685453682486105,0.15496464818502548
02346,joint_noise_gta_semantic_cityscapes_dropout_pu_0_00,0_00,0.2160766763980809,0.5424446456780329,0.7136076986624198,0.8032130962482521,0.9128816701363891,0.0,0.2935489171717984,0.3285341723060374,0.4081421141283263,0.6664322933902056,0.3021232784676115,0.9097935259192237,0.8413959077592951,0.6483575993002999,0.4153307236792505,0.37049625306015355,0.2329937258022065,0.16788822390228295
08636,joint_noise_gta_semantic_cityscapes_dropout_pu_0_00,0_00,0.15553925837690818,0.4098876029430922,0.5801162345718269,0.7501046545856515,0.0,0.0,0.211307302498814,0.2458935853704736,0.27578687924441,0.3890086249451792,0.23190277977752463,0.6394486797716854,0.5089495371987555,0.33238623285951613,0.2688124045584725,0.23196333983969444,0.26025958441031627,0.1537684433789533
02619,joint_noise_gta_semantic_cityscapes_dropout_pu_0_00,0_00,0.22394576027311736,0.5233612860093816,0.6483062813822271,0.7615203461153206,0.0,0.0,0.30887080529354255,0.3537497349329394,0.4522890713185205,0.6678194285672698,0.32192841939077577,0.832055425840773,0.8155764025867406,0.6904452629175255,0.4538724420778732,0.40081858518227625,0.27859652745259833,0.17148995432188718
01191,joint_noise_gta_semantic_cityscapes_dropout_pu_0_00,0_00,0.2516425060672974,0.6805642747510787,0.8245111625311194,0.861227227185023,0.9208746475626453,0.9539652436388515,0.34650642942266435,0.4032011239234271,0.5338776551452212,0.8745843468312872,0.3835535290464158,0.9345882285444922,0.9083402188098094,0.8813396955042799,0.5864227821334778,0.510438090705903,0.2705692121867904,0.16178447807131402
12247,joint_noise_gta_semantic_cityscapes_dropout_pu_0_00,0_00,0.2298188786755382,0.43477152351688036,0.5876843067312661,0.750544375487384,0.0,0.0,0.3084028025213602,0.3435641879305321,0.4079462678678298,0.5484166835114704,0.23682860690905563,0.7724909452571761,0.6641873535732513,0.5795733470066543,0.4679836110906529,0.4272800957228747,0.2843474421792523,0.21477892524442663
02722,joint_noise_gta_semantic_cityscapes_dropout_pu_0_00,0_00,0.23788919947204573,0.5534608521605413,0.6872787179256932,0.7849158712274714,0.9158001186188076,0.0,0.3225117579860298,0.3693102877230925,0.4754303059407003,0.7210032372694665,0.33724388400295335,0.9242430817801225,0.8986381339399623,0.6949463977272993,0.46281738221790875,0.411278313046546,0.2880798118633567,0.1781909783224955
19071,joint_noise_gta_semantic_cityscapes_dropout_pu_0_00,0_00,0.23637746478436578,0.6544755359086771,0.836564903710222,0.8842093978740556,0.9190640304897741,0.9555360111923796,0.32765687590886694,0.38060471758799047,0.4939650281705181,0.8675523150626843,0.33874185028718673,0.9450736977952873,0.9235304541160864,0.9110630220195206,0.5629727135085097,0.48752901084574607,0.2289633391188116,0.1642632660492867
08965,joint_noise_gta_semantic_cityscapes_dropout_pu_0_00,0_00,0.28753516481517644,0.5753618011660232,0.6811973602513237,0.7539901344037981,0.0,0.0,0.37165018828803575,0.4382236090654099,0.5756091544432161,0.744053263156899,0.39066246865035303,0.8694632674441316,0.8500608858134925,0.7983993063118565,0.7198137023873818,0.631923339913921,0.3559189449380835,0.2732995842784356
10357,joint_noise_gta_semantic_cityscapes_dropout_pu_0_00,0_00,0.16571898625878695,0.39418709353283937,0.573001539017529,0.7351278691526325,0.0,0.0,0.2254829049444871,0.2345048583264639,0.25470296281317484,0.3384921452586021,0.23425562722276377,0.5985921647097056,0.4343041658644093,0.3071457329580049,0.24116529256451616,0.23328981494935466,0.25765437644483913,0.15578725861552095
24954,joint_noise_gta_semantic_cityscapes_dropout_pu_0_00,0_00,0.18299209543592854,0.6540347007256099,0.7769701872158865,0.830716318287136,0.9135304176982745,0.0,0.2574509911723994,0.3064543756261484,0.3722618855589061,0.67132780822313,0.2945680979986136,0.9085631876067548,0.8591901714969965,0.6409601461409037,0.4234000157293889,0.3789761082738603,0.25672487308383096,0.13941432587155514
17910,joint_noise_gta_semantic_cityscapes_dropout_pu_0_00,0_00,0.2191593024349892,0.5988245953526243,0.7820638861182185,0.8457200873356511,0.9177973011803902,0.0,0.3040860655016816,0.3438509798630215,0.4345090384907253,0.7477665572176847,0.31332691969464704,0.9371414869820717,0.926046980735067,0.6234008017829227,0.40759876896271136,0.3694483163783969,0.30615127559408495,0.1636256632367977
08143,joint_noise_gta_semantic_cityscapes_dropout_pu_0_00,0_00,0.17871365360233804,0.5212696553351074,0.7216015591159873,0.8347294114195204,0.9133913795610326,0.0,0.24953267111704627,0.27159742715709345,0.31353466873479635,0.4976582267222352,0.26951164226672064,0.9212461374832158,0.6853236353345905,0.44543121015995946,0.32579551487924474,0.30089642439467945,0.3312634253053353,0.15860094301576583
05071,joint_noise_gta_semantic_cityscapes_dropout_pu_0_00,0_00,0.19720875840523247,0.47387804495117797,0.6363051555317573,0.7835973186495527,0.0,0.0,0.2729807338970113,0.30399650071126016,0.3668486028193418,0.5536284849800706,0.28991768895995484,0.8568245562934493,0.7814624115614558,0.4973072516595879,0.34282126732867035,0.3161106348332488,0.14220195098780697,0.16609949947983
21262,joint_noise_gta_semantic_cityscapes_dropout_pu_0_00,0_00,0.19396821875317208,0.39340224048082545,0.5456675605324567,0.7378830896325246,0.0,0.0,0.25923648812980427,0.2800448175420981,0.32418450516587555,0.4277552539865241,0.23606019785480747,0.628196092230804,0.49582369058283776,0.44578336095094623,0.3509645334735265,0.3171802027418463,0.19141651320169242,0.15300320056731406
21437,joint_noise_gta_semantic_cityscapes_dropout_pu_0_00,0_00,0.21573270042665876,0.46424741240660977,0.6466842289517003,0.8651588939597692,0.9426615288626524,0.960156344811327,0.28190468018532056,0.3114595064994358,0.3751032581857832,0.5519094310182003,0.2715170394857342,0.9644093856213778,0.8043968566938209,0.4966472977352254,0.3492924196176956,0.317552118626215,0.23189465735344497,0.17024073128082834
17424,joint_noise_gta_semantic_cityscapes_dropout_pu_0_00,0_00,0.2316898487165678,0.5554100942076232,0.7739362937348717,0.8614958354875005,0.9140942646967417,0.0,0.3088048380538073,0.3507973545001892,0.44738450138864383,0.7286788127564015,0.3309332678377867,0.9261544169439122,0.9069287304585688,0.6190533526864817,0.4098126371359461,0.3684366365504119,0.2736041461321076,0.17928727564490166
09120,joint_noise_gta_semantic_cityscapes_dropout_pu_0_00,0_00,0.1765588092022045,0.4372321583783465,0.6215470762071587,0.7466097697355506,0.0,0.0,0.2376080872154227,0.2558977524457009,0.292912167258367,0.41107779725251237,0.24611126547051024,0.6964598636573461,0.5831169506011262,0.398149900401296,0.30363179009225616,0.28126791203515833,0.3681891412118895,0.17106847023995683
17435,joint_noise_gta_semantic_cityscapes_dropout_pu_0_00,0_00,0.15210469858666992,0.412615116951559,0.5749853290912211,0.7456066358709998,0.0,0.0,0.21506819028000404,0.27302725936847966,0.3130139513234215,0.4315628745843452,0.15210469858666992,0.7197202681857897,0.5828958381817175,0.42333691305030685,0.3394570991076241,0.3183458048381389,0.26169482011410267,0.14793151241083793
14915,joint_noise_gta_semantic_cityscapes_dropout_pu_0_00,0_00,0.13836128856660815,0.4236581795163096,0.5831015671510822,0.723957874588393,0.0,0.0,0.1932145952162985,0.24130739185490047,0.2648343498919047,0.35926114267279313,0.16787760839206953,0.6131308349445815,0.46003044757210704,0.34962935243651594,0.26801382718789024,0.25810632204515943,0.27022288272469525,0.13672234574950326
07260,joint_noise_gta_semantic_cityscapes_dropout_pu_0_00,0_00,0.2001309665943375,0.5810083868534688,0.8063900668710733,0.8707975585093941,0.9094497401812478,0.0,0.2802790700123521,0.31151044494419433,0.3813566761706149,0.6561302619144922,0.2610552929841874,0.9156434565424577,0.8991170545876302,0.5825908987845156,0.39217281799767834,0.3540606475565304,0.2647160164285398,0.14492371304394266
03713,joint_noise_gta_semantic_cityscapes_dropout_pu_0_00,0_00,0.26390366058925474,0.6365203671250967,0.810436161647161,0.8394749243162631,0.9239494767440014,0.9536344668591012,0.34593108706917275,0.4025170013970639,0.5307974203585829,0.8560863579519544,0.3639400171611194,0.9497994851038917,0.9317736417382241,0.9036193620703246,0.5970753496210615,0.5157701402833259,0.2637844050321265,0.1819779216695133
03796,joint_noise_gta_semantic_cityscapes_dropout_pu_0_00,0_00,0.27092908153810075,0.6880117623857046,0.8588967194524012,0.8993273972651176,0.9327962530626092,0.9611253790476634,0.35408310970904117,0.41376644160175713,0.5517512787905386,0.9153173858134322,0.38299585790334245,0.9738296437609643,0.9631887961980108,0.9375411875436005,0.6204695239929358,0.5348038334464087,0.26298375701448207,0.17882224660645996
24535,joint_noise_gta_semantic_cityscapes_dropout_pu_0_00,0_00,0.23206627377836697,0.5446639181663145,0.6768880026737506,0.764774273986038,0.0,0.0,0.31452024924931626,0.35879974968296674,0.45376868859229624,0.6985512742824512,0.3169248969678674,0.8393379907896328,0.7893487821528552,0.7372094512419483,0.47818710039777484,0.4236325238125628,0.31369936745953064,0.16611595486606168
15772,joint_noise_gta_semantic_cityscapes_dropout_pu_0_00,0_00,0.25202175671799215,0.5493242441071591,0.7384206036660859,0.8130492385935933,0.9121855044773945,0.0,0.3367486629823915,0.3900935494686065,0.5033233972584146,0.7740064947884203,0.34036423486058787,0.9182693091318568,0.8919395090683746,0.8392117773726464,0.5583143627992848,0.4983537292277571,0.21410369639689436,0.18738734670766113
13112,joint_noise_gta_semantic_cityscapes_dropout_pu_0_00,0_00,0.18130124259675562,0.4443878885115341,0.61916592475372,0.7309566089756034,0.0,0.0,0.24555000538983135,0.30131110698133906,0.36221342833781656,0.5173140524284517,0.21129287921842366,0.7573857377811157,0.7142120708224953,0.6711769491660765,0.405464962041421,0.37272155016171515,0.29462660103235805,0.15716975049856108
15519,joint_noise_gta_semantic_cityscapes_dropout_pu_0_00,0_00,0.17491030068954447,0.4272587675467152,0.6182396133975812,0.7406782550512575,0.0,0.0,0.23667887692855952,0.2495141331536476,0.2785171389741423,0.39542825663147146,0.25035588953094845,0.7189157342669918,0.5752620200364196,0.4053239819486473,0.2846468264276208,0.2639533553541843,0.31045100895459204,0.16640618548486513
15062,joint_noise_gta_semantic_cityscapes_dropout_pu_0_00,0_00,0.17923528126233274,0.42912531885169386,0.6364114415450506,0.7784870796265017,0.9013235605315224,0.0,0.2466976306368382,0.27920462265852125,0.3202940176718072,0.4554294075200445,0.18511846573054458,0.8841799691235503,0.6959692144284066,0.45350540568866243,0.30082370348388354,0.2710099673506807,0.26989182797386885,0.17381172233945838
17179,joint_noise_gta_semantic_cityscapes_dropout_pu_0_00,0_00,0.23140627054137006,0.42891620175187734,0.589256110245174,0.74928762725331,0.0,0.0,0.27183352157037427,0.2930548034529922,0.3371428442131794,0.474493968391664,0.297569646971842,0.7722719819820577,0.7332176997677436,0.5739363461736633,0.37181927086082617,0.3213175874595153,0.21781094697717618,0.2333831144632433
02160,joint_noise_gta_semantic_cityscapes_dropout_pu_0_00,0_00,0.22683275120870788,0.5318909137252276,0.6719152752167162,0.7811916937306599,0.0,0.0,0.29877176214314327,0.33628002781027433,0.42158468299643775,0.6599514981864183,0.32325444320892366,0.8489443525589673,0.8155564725040072,0.6057899410962451,0.40468158878984395,0.36396160454453347,0.37882782364090983,0.19069440873676938
24293,joint_noise_gta_semantic_cityscapes_dropout_pu_0_00,0_00,0.24870181164088181,0.5883068927516144,0.7353463110259946,0.8203930228944923,0.9237662563738405,0.9526013815372744,0.3227822120192494,0.36943035455824563,0.47603736723711115,0.7696228759550839,0.34727169034268235,0.934007107730418,0.911022289742966,0.8111574232553965,0.5073491334302264,0.4434533971685251,0.36163245659209087,0.18493000684220595
24061,joint_noise_gta_semantic_cityscapes_dropout_pu_0_00,0_00,0.25203085760111754,0.6226542112664203,0.7463891835882979,0.8050899451987689,0.9047639143629539,0.0,0.3518609066007191,0.4117733143883695,0.5477190475481635,0.8160130119876958,0.36365686872273795,0.9002678875023494,0.8871956499300806,0.8643114232985173,0.6524928778764917,0.5597533815745994,0.22830988834811797,0.14948939032986028
03861,joint_noise_gta_semantic_cityscapes_dropout_pu_0_00,0_00,0.21968169485604172,0.6309961053597376,0.839370842424978,0.881617356658804,0.9190694907079129,0.9508920471192099,0.3022251858927017,0.3409178788127393,0.42983736599046046,0.7716819919487373,0.3331496159223851,0.9414182447347662,0.922623048036468,0.7460251739789427,0.4711912381475776,0.4168521176164883,0.2402904155898812,0.16205555816708556
02391,joint_noise_gta_semantic_cityscapes_dropout_pu_0_00,0_00,0.19730078242675644,0.5348184449863693,0.6796077063311341,0.7895163630053922,0.9061014925275414,0.0,0.2775665615205894,0.31342347740218296,0.3835789153083663,0.6269536330964962,0.2984313847690442,0.8691686979518025,0.8368146635796776,0.6291068322598242,0.4065527772252402,0.36236781343934726,0.24819433321928577,0.1538496103177414
14762,joint_noise_gta_semantic_cityscapes_dropout_pu_0_00,0_00,0.14605985159826854,0.4429854290712565,0.6212044358686896,0.7476956070199684,0.0,0.0,0.201732851584519,0.24375116491447407,0.2724984222541542,0.3808099608346356,0.2070427647654374,0.7345655993112331,0.5867329412444793,0.416931733493189,0.31084538647753707,0.2722342389300504,0.29899640761097135,0.1419852659275475
12630,joint_noise_gta_semantic_cityscapes_dropout_pu_0_00,0_00,0.2147193212484713,0.4359972378263527,0.5763807177535868,0.7435868150518349,0.0,0.0,0.2801285058566216,0.3276244335495244,0.4025115157596011,0.5294985608507409,0.2532122104968829,0.663245114907922,0.6096225157456289,0.5021826419591116,0.367207395935362,0.35143957566020945,0.234171172507273,0.1777907490080961
04281,joint_noise_gta_semantic_cityscapes_dropout_pu_0_00,0_00,0.20288414024642562,0.5864285309474437,0.782915210320984,0.846173939806474,0.9272837739804646,0.9564504572057736,0.28302952914709756,0.31627043476634187,0.38893241754712327,0.6734174952653503,0.3065336428824847,0.9523953048131488,0.9202801135352694,0.644368326907359,0.4187444071091491,0.37381682015372736,0.2716817952185399,0.16695275760831443
09357,joint_noise_gta_semantic_cityscapes_dropout_pu_0_00,0_00,0.16660259515726,0.42366354136488005,0.6016967959788762,0.7493456980708467,0.0,0.0,0.22825870482846433,0.2892357917439601,0.3428013982364701,0.47751472947379386,0.18259337854905003,0.7754865249346693,0.6265263347452833,0.48771894044465214,0.3295866662387937,0.3047815662844966,0.2904215319107267,0.16280714800443236
07300,joint_noise_gta_semantic_cityscapes_dropout_pu_0_00,0_00,0.21398433263947084,0.552901423925342,0.7723460545576396,0.8607647820834775,0.9156644902284276,0.0,0.28163145244244353,0.3125256816977779,0.3831118825644952,0.643086381471702,0.3034776511744815,0.9339751115687994,0.8946759020194378,0.5796999034774456,0.38380385553724217,0.3445753221445855,0.18243783890806012,0.17261043937541587
07257,joint_noise_gta_semantic_cityscapes_dropout_pu_0_00,0_00,0.19039794424590833,0.5605084655135177,0.7639214502948452,0.8192944660359369,0.9102569477375134,0.0,0.2681315940620127,0.3146541323721515,0.3872077656139044,0.6576722289849559,0.2790197163664202,0.9115215984723519,0.8914674351491706,0.6326436571598741,0.41082658033238545,0.3725006994248938,0.1950349653686175,0.14716924390369726
19921,joint_noise_gta_semantic_cityscapes_dropout_pu_0_00,0_00,0.18589601887826804,0.42847849973290203,0.6004430497166127,0.7496785917470169,0.0,0.0,0.24441370452084285,0.2572746729842297,0.28501597584077926,0.4029882544538652,0.2632072283427692,0.6927457916031922,0.5556589964028781,0.4085817266031428,0.3076423417973292,0.2891738774448217,0.3151264871830783,0.18315471351104265
16442,joint_noise_gta_semantic_cityscapes_dropout_pu_0_00,0_00,0.23529514939213544,0.5573241628813177,0.7725978909538725,0.8645410701436048,0.9217945273388076,0.0,0.3055616932875879,0.3453483942256385,0.4362418175898132,0.7248659220110215,0.32822000147549923,0.9433042770488711,0.9318395217599753,0.7085102329258713,0.44171371570570145,0.38939682539198267,0.26272540469685046,0.18588492520478037
05366,joint_noise_gta_semantic_cityscapes_dropout_pu_0_00,0_00,0.21912562899817162,0.5648551792848386,0.755679992976671,0.8302482154234195,0.9294578608324399,0.9595836523276928,0.2929883999530394,0.32761407147517535,0.4073991392662211,0.6898871129902074,0.3124430868346596,0.9633721023204517,0.8958951646148714,0.6414076599466436,0.4144431542820816,0.3684520570142305,0.2546555620592497,0.1779682935288781
06977,joint_noise_gta_semantic_cityscapes_dropout_pu_0_00,0_00,0.2355232670528626,0.5766451436635708,0.7866968176213448,0.8443600466956227,0.9206380472952221,0.9535027793654107,0.3145363997564824,0.35731650450402835,0.45451231637539113,0.763279430319543,0.3299280765305834,0.9315279138427078,0.8976440923449137,0.8230056801346926,0.49295282735654317,0.4325236558797189,0.25625000200077414,0.18258543123700738
17027,joint_noise_gta_semantic_cityscapes_dropout_pu_0_00,0_00,0.2118712879491696,0.44301261197979724,0.5866262578969876,0.7466173933372072,0.0,0.0,0.26761523954747934,0.29113347943563156,0.344430891929712,0.5014316629036428,0.2954999402120764,0.7891908252989154,0.6894276242236154,0.5086465724650171,0.36976412741880466,0.33555134734259123,0.3038016212812329,0.18833343288464702
09414,joint_noise_gta_semantic_cityscapes_dropout_pu_0_00,0_00,0.14030930538673295,0.40291120330048014,0.6022414627041126,0.7687916003896303,0.0,0.0,0.19029293271072795,0.24507799990007786,0.3113652355209044,0.4262728376195329,0.14495126065007152,0.7148199566320695,0.6220981324171998,0.4363700646901369,0.3117441867041053,0.2950511328679112,0.380123063981911,0.1387716635463064
02947,joint_noise_gta_semantic_cityscapes_dropout_pu_0_00,0_00,0.21770925991736054,0.6008913005635076,0.7642531427648003,0.8352296090072678,0.9171456329032931,0.0,0.3005788914708289,0.338279193742628,0.4244479390510119,0.7364338659391544,0.33173284160035477,0.9218705330121033,0.8879926700023195,0.6593518509388266,0.4303420283024365,0.3853727785807956,0.3028561754951744,0.1694899491208681
16235,joint_noise_gta_semantic_cityscapes_dropout_pu_0_00,0_00,0.1669800490336311,0.41942772361818315,0.5939795879854488,0.7332676962330289,0.0,0.0,0.23075379932304724,0.2795468180018115,0.3177126857324873,0.4426257858657069,0.1669800490336311,0.7134661386426593,0.5816870340737307,0.44597962882149395,0.3152604095267327,0.29900495889865525,0.2631866381915536,0.16018500664275678
20408,joint_noise_gta_semantic_cityscapes_dropout_pu_0_00,0_00,0.20845260225721648,0.5509910292628128,0.6956932929194781,0.7832801556703256,0.9059855803050152,0.0,0.29138417529242655,0.33212848267949424,0.4166519098660257,0.6763714188375055,0.30545312961926524,0.8912103030414427,0.8697976789095029,0.7542188362410422,0.473885139994395,0.42374156142695246,0.22837337125446697,0.14863417528004585
03842,joint_noise_gta_semantic_cityscapes_dropout_pu_0_00,0_00,0.20751659501566452,0.5963096525248887,0.8200829290734325,0.8786538363734792,0.9178557375590753,0.9510140346422128,0.2866422601331536,0.31963364069324285,0.395045100037287,0.6888136842394262,0.2911126988781798,0.945628641773082,0.9174141742024591,0.6903224717511887,0.4432276421637372,0.3939508140858211,0.24340714446350967,0.16020269864220582
02024,joint_noise_gta_semantic_cityscapes_dropout_pu_0_00,0_00,0.28427812374525807,0.5664220579024102,0.7150699412275929,0.7933576090662672,0.920854225926935,0.9517980299642826,0.3654924974177274,0.42894113171805,0.5642538031073856,0.7908223675061739,0.3885314759653703,0.928597338512414,0.8648365540181233,0.7495460258362115,0.5584007987577636,0.4853884079520266,0.15433639492389564,0.18606637796898517
24252,joint_noise_gta_semantic_cityscapes_dropout_pu_0_00,0_00,0.2305563993968904,0.5408271520807674,0.7120619548516794,0.7820881350402502,0.0,0.0,0.30373901514110635,0.34423747474908234,0.4354615602899107,0.704341838282935,0.32387934538993285,0.8699662928671562,0.844209852391722,0.7587958341539739,0.4806409478097325,0.42419749756674857,0.2699423897573953,0.1815773700483397
20082,joint_noise_gta_semantic_cityscapes_dropout_pu_0_00,0_00,0.20670632285694088,0.6246494650844256,0.7580555070849301,0.7916311515415572,0.9121815597363129,0.0,0.29293016436649555,0.35369795740178295,0.4524234340491546,0.7793934858923635,0.3271128863520772,0.9006161932915259,0.8617340175115568,0.8201931384992557,0.5201174159039773,0.45379555719811226,0.21671962058574806,0.14407464930695815
00565,joint_noise_gta_semantic_cityscapes_dropout_pu_0_00,0_00,0.21851879498771606,0.429365154693257,0.6242354685253756,0.7607648735087794,0.0,0.0,0.28481483534523816,0.31484145539256997,0.38015151625882293,0.525888695012513,0.3015329673732834,0.8097523232116476,0.7088681416310404,0.472406134473136,0.36135271357706467,0.33531735354948194,0.3662194582449137,0.1931935807020739
03678,joint_noise_gta_semantic_cityscapes_dropout_pu_0_00,0_00,0.2570054604394992,0.6142031741972623,0.7946311586887967,0.8302061236800354,0.9113985294283118,0.0,0.3361489324713234,0.388596173146757,0.5074792745432499,0.8341507078008067,0.36028131295378757,0.913111283312814,0.8897160772300068,0.8338533293133173,0.5350935004791413,0.4687333259584163,0.2708487792027348,0.18126022316793844
08914,joint_noise_gta_semantic_cityscapes_dropout_pu_0_00,0_00,0.12494089063372833,0.4339721841016452,0.5803033185971631,0.7333300447191634,0.0,0.0,0.17213894876019323,0.2278385678123774,0.2838044268281143,0.4100109979655395,0.14406008662529726,0.6130520658711601,0.4870236727847966,0.4074272643084606,0.2643894953992543,0.2656388077012037,0.2679069730295217,0.12137445483361807
06238,joint_noise_gta_semantic_cityscapes_dropout_pu_0_00,0_00,0.20128645082343785,0.47688421496436995,0.688501988823009,0.8058341187287261,0.9134526403345395,0.0,0.2629774463404704,0.28510364720934617,0.3350495859316617,0.5142727741839238,0.27460083906896154,0.8767181979121149,0.660985034570386,0.4262467534530363,0.31225895896383143,0.2907335148782797,0.2930496286541333,0.18212395621094776
14897,joint_noise_gta_semantic_cityscapes_dropout_pu_0_00,0_00,0.13128223944731846,0.39304448811561715,0.6082940893833096,0.7507423987547772,0.0,0.0,0.18314391742221148,0.23731748903849964,0.26098312186629635,0.3613667843497025,0.19578180718923008,0.6668887533951435,0.5353024637727704,0.3142028487612228,0.23720274381157974,0.23513919083734067,0.2561175711108028,0.13380356259753792
17920,joint_noise_gta_semantic_cityscapes_dropout_pu_0_00,0_00,0.209994668598526,0.6216161707332748,0.8053748567193678,0.8588692526715599,0.9088576499500087,0.0,0.2929809904727277,0.3355992999819962,0.421866673508272,0.7466035579059983,0.31214419825759515,0.9076184876188758,0.8920697066263996,0.6507714464785995,0.4241839691452383,0.3785413746104638,0.2651346804762513,0.15356924577296174
17775,joint_noise_gta_semantic_cityscapes_dropout_pu_0_00,0_00,0.1824412438068916,0.40769115880116297,0.5879861599614279,0.7268712779411555,0.0,0.0,0.2542004855809978,0.28512320186603807,0.3258573587429781,0.4470975048569957,0.1824501647715678,0.6525257863495331,0.5530283277441052,0.440091475271905,0.37137234644721384,0.3333341566860906,0.29331218625838074,0.17581151506557596
08126,joint_noise_gta_semantic_cityscapes_dropout_pu_0_00,0_00,0.17178501213153993,0.45978092146022853,0.6349640153440346,0.7466401580385763,0.0,0.0,0.24150318309117408,0.27241419048715126,0.3129956490323852,0.4695139947150323,0.27048254553069045,0.7758619318103274,0.7447494319690781,0.5700085588783572,0.3616616390061982,0.31505901729927455,0.35848349491163195,0.16851989979824766
14707,joint_noise_gta_semantic_cityscapes_dropout_pu_0_00,0_00,0.18956264700461653,0.435748786570896,0.5994515510467872,0.7365125364725774,0.0,0.0,0.26145048811547633,0.2867370661979838,0.33283378934606334,0.4767825999737615,0.2239669816415168,0.6949981143250542,0.6262356891901957,0.48993686510956685,0.3510601284573561,0.3157483980849202,0.3170749363346935,0.18325109837160822
02332,joint_noise_gta_semantic_cityscapes_dropout_pu_0_00,0_00,0.19953287697961647,0.6044184475129389,0.7486918028591175,0.822696469698826,0.9143895949755493,0.0,0.28238213910057985,0.3207359024088077,0.39593159076796036,0.6935702292536485,0.3027814741528031,0.921031592154071,0.8987289456484211,0.6722586750253039,0.4274127361564246,0.37943405465737673,0.2780917349362693,0.14146118593737256
06176,joint_noise_gta_semantic_cityscapes_dropout_pu_0_00,0_00,0.18881325040002692,0.49231674547601595,0.6754396085200979,0.7829282638451399,0.0,0.0,0.2656134485336048,0.3037186159748702,0.36385502394651653,0.5661816631110527,0.29158984644455693,0.8446322669927495,0.6981128964903691,0.4532356815024493,0.3441137127727951,0.3100478499808715,0.29848922447667386,0.1620745385373332
13858,joint_noise_gta_semantic_cityscapes_dropout_pu_0_00,0_00,0.23487265033543542,0.48764332978925645,0.6218510548206394,0.7327404364321555,0.0,0.0,0.3233375427574236,0.3785227007807703,0.4766943047279601,0.643417403384642,0.31974870235677255,0.7674425878762606,0.7564349847796373,0.7158468651635245,0.5100008321643337,0.45728313482404864,0.36619006365285856,0.2043858258934884
00066,joint_noise_gta_semantic_cityscapes_dropout_pu_0_00,0_00,0.18723311545025817,0.4758952370420815,0.7099285997124732,0.8282226143750488,0.9009538329432932,0.0,0.2618186141387985,0.29177350075786834,0.3467930222380796,0.5356702271820862,0.18723311545025817,0.8952227079817066,0.8768057091020972,0.6830413560891941,0.4320472135924158,0.38205243850617776,0.21006942370780124,0.15916047533875935
14351,joint_noise_gta_semantic_cityscapes_dropout_pu_0_00,0_00,0.20542002931435496,0.39424566299769137,0.5844897315079839,0.757811831122326,0.0,0.0,0.27548244454511006,0.2929714510545372,0.32476753715918744,0.4193799640756244,0.205779361134937,0.6591226341692549,0.49752786241584906,0.4580672241781625,0.35047939365692765,0.3208748153025339,0.2765308104178793,0.20245694892623484
09884,joint_noise_gta_semantic_cityscapes_dropout_pu_0_00,0_00,0.14767448049442017,0.4268760015396082,0.6258230949628514,0.7565285841520535,0.0,0.0,0.20627657267272947,0.25198764121585604,0.283352396454425,0.4038901482820027,0.2134216043187517,0.6893091476510549,0.5591379022253306,0.41917610512756903,0.31380385109016695,0.3038386704481725,0.3302838259982776,0.1430029601038151
16696,joint_noise_gta_semantic_cityscapes_dropout_pu_0_00,0_00,0.23218443494542473,0.4124588574480872,0.5744687715492853,0.7370154276373804,0.0,0.0,0.27014206879429636,0.2931364748562348,0.34259962134940125,0.46194572331956213,0.2913446819512732,0.656689224050579,0.5433224347027302,0.4461971125232283,0.3394239456493181,0.33291090354288255,0.252450296256779,0.22243932830366492
10571,joint_noise_gta_semantic_cityscapes_dropout_pu_0_00,0_00,0.24331924391045406,0.4146634704987216,0.5789637644537695,0.7283855144582647,0.0,0.0,0.30455171564477684,0.3441907368479173,0.4030917272337167,0.5132666228176498,0.2648927796814147,0.7107045619366511,0.663534501997333,0.5131956357689507,0.3924903744666117,0.36376736870923015,0.29379731171881873,0.2419169441531567
15498,joint_noise_gta_semantic_cityscapes_dropout_pu_0_00,0_00,0.18268041290920303,0.46454823478349166,0.6766064344947945,0.8097127743577603,0.9013923766606018,0.0,0.2497600249094356,0.26723587155850403,0.3061683732143356,0.46188369748233465,0.27038847223556073,0.8442044749360016,0.5772772732379072,0.40806163422401853,0.3133494904508316,0.29087236466482186,0.3745134839355189,0.17180583012023315
20618,joint_noise_gta_semantic_cityscapes_dropout_pu_0_00,0_00,0.22649984914228283,0.49602855352874486,0.6476715875956383,0.7657699290158353,0.9017766869464847,0.0,0.3077489267964299,0.34936495882952384,0.44229079909389996,0.6378362168506658,0.30990485190258693,0.8892492354146755,0.8443112545295958,0.6653019997739671,0.42871359586233615,0.38255811149341923,0.17585438736429512,0.18197491832845059
24640,joint_noise_gta_semantic_cityscapes_dropout_pu_0_00,0_00,0.20953643649430295,0.524200024514858,0.6551435951166449,0.7596986744459324,0.9093109262756218,0.0,0.2878755751271012,0.32090200186463547,0.3954068032105746,0.625575719105924,0.2701726904996934,0.897721959299124,0.8537989874351435,0.6773125010702242,0.44218085196255685,0.3802146740701378,0.32918264666138647,0.13920710267101194
17957,joint_noise_gta_semantic_cityscapes_dropout_pu_0_00,0_00,0.19861055378677514,0.5730796232328979,0.8046101664898596,0.9003648801023875,0.9342720846425189,0.9551519015110461,0.27990786128902756,0.3308634396078325,0.4129248003538783,0.7009355970422709,0.27726870008701615,0.9603864125702408,0.9542590992322769,0.6431031626320656,0.421227954331592,0.37885865646089806,0.21214949990417156,0.14933837789900686
05843,joint_noise_gta_semantic_cityscapes_dropout_pu_0_00,0_00,0.21646007805020864,0.6033286195530772,0.7949652079820123,0.8464644133516595,0.9086843268825245,0.0,0.2962888997096533,0.33208899492823335,0.41399274566848393,0.7235739136060098,0.31892080097783554,0.9158219328574303,0.9044249702330537,0.6903260675566335,0.44751497051235234,0.39898588937616775,0.2599369297351664,0.16913537190083167
07241,joint_noise_gta_semantic_cityscapes_dropout_pu_0_00,0_00,0.17726681312973203,0.6144838049632146,0.7964267834202724,0.8622684760176335,0.91096674376817,0.0,0.25027904615947594,0.2950237525840842,0.3541174468784227,0.6198873317434745,0.2812371790941945,0.9196361138868886,0.9048572301242804,0.5941478912497875,0.3946490668723292,0.35555943798989614,0.2518325412923192,0.13455314166215857
11012,joint_noise_gta_semantic_cityscapes_dropout_pu_0_00,0_00,0.1280436963965151,0.43251789425366693,0.5863965084257242,0.7477612966906768,0.0,0.0,0.17499527831259953,0.23049249871860764,0.27399270975121814,0.3887982617497038,0.14006805669356032,0.6597415427127717,0.5203122879366994,0.3741922071834663,0.2838283876735666,0.26956244545256985,0.28886517828446173,0.11862017207503371
08244,joint_noise_gta_semantic_cityscapes_dropout_pu_0_00,0_00,0.1659451407729448,0.4236318250845935,0.604813650443662,0.7362729821160956,0.0,0.0,0.2245971574201784,0.28189742465345563,0.32315264031397295,0.4466471788835751,0.17765939030528669,0.7290822141648053,0.5908978993727421,0.514350684965676,0.3181113648932285,0.3022805602171517,0.3276162536113407,0.15812511245710653
02331,joint_noise_gta_semantic_cityscapes_dropout_pu_0_00,0_00,0.18081717923227533,0.5905564539166338,0.7371287613386203,0.8182021103473898,0.9124965611409539,0.0,0.2551023856497857,0.31923547446939554,0.39438181860745725,0.6827916084494099,0.2646584327393629,0.9051068339440402,0.876248480568355,0.664610068243791,0.43155911834489863,0.3817153129523308,0.24912685457239675,0.12563236180050186
21560,joint_noise_gta_semantic_cityscapes_dropout_pu_0_00,0_00,0.17173081446199437,0.5322209307280764,0.7091839469227925,0.808869758416199,0.916512440187726,0.0,0.2399056119147151,0.27427963214926826,0.3193223558348816,0.5155074585592763,0.2708634831988621,0.9228389259138445,0.8006634403717681,0.500570536291339,0.3500647976226445,0.32210458878897513,0.3330538765616583,0.1427170802977498
20124,joint_noise_gta_semantic_cityscapes_dropout_pu_0_00,0_00,0.21359921352460878,0.5526838358387444,0.7071712468957755,0.7826538137373497,0.9046251851411719,0.0,0.3018738695819437,0.36126590755398447,0.46410823193223977,0.722956879672441,0.2968991114132531,0.8837571741695581,0.8474019785259208,0.8066811273767525,0.5299298626193896,0.46944435565987086,0.3141443699278245,0.13644470883894855
02404,joint_noise_gta_semantic_cityscapes_dropout_pu_0_00,0_00,0.17495768844633997,0.5080087388948735,0.6473465802302425,0.7697825745158279,0.0,0.0,0.24663192870804254,0.2902486834416583,0.34430183643377865,0.5471162101525103,0.262567001084676,0.8480082363947986,0.7079818715387289,0.5354302760366396,0.3514329241124337,0.32021030948859475,0.19231426883765282,0.1384293940288734
11630,joint_noise_gta_semantic_cityscapes_dropout_pu_0_00,0_00,0.11217385894941208,0.4116008135160185,0.5913668190896094,0.7396384963233186,0.0,0.0,0.15512531009401911,0.20872484603833974,0.2543951936871471,0.33827551032517206,0.12826019649340364,0.5966876612703186,0.46001510610654905,0.3729938631922733,0.29116470815339285,0.2691226600280566,0.2645335571256851,0.11192298430174925
02282,joint_noise_gta_semantic_cityscapes_dropout_pu_0_00,0_00,0.2300907347746368,0.5576532989406023,0.722890222909019,0.803449425930492,0.9127007000941242,0.0,0.3066880994960742,0.34710006982900593,0.43940861017440497,0.7108011999172604,0.3401684647409946,0.9215565685193919,0.8707958184889085,0.6591411644081956,0.42690786912548695,0.3800888889844167,0.2951140026778447,0.17886557925032487
02009,joint_noise_gta_semantic_cityscapes_dropout_pu_0_00,0_00,0.18983323023081175,0.6691121302062514,0.8235246132913588,0.8913456404392431,0.9217796652064574,0.9559210609975544,0.26863943476174645,0.32794003221469176,0.4091989035193423,0.7519953679842483,0.28244953873075546,0.9427592687607471,0.9355349343878727,0.7053242684088906,0.45402614212418757,0.39386791754588185,0.23990110426788158,0.12900629981797712
21723,joint_noise_gta_semantic_cityscapes_dropout_pu_0_00,0_00,0.1969318231121896,0.4724357479716508,0.6709160993813529,0.8223082494296328,0.9196318017195504,0.0,0.27203187176488586,0.30084824195051,0.3628203671118875,0.5451646496448124,0.28497934543498155,0.9286744668916858,0.6284352776052072,0.4260191131890948,0.3276970622891628,0.30469391603335333,0.3722408570892531,0.17468907008111734
17567,joint_noise_gta_semantic_cityscapes_dropout_pu_0_00,0_00,0.24849888234549652,0.4599761868544951,0.6286275009452521,0.7399345091891372,0.0,0.0,0.2728439126777145,0.2932792660616693,0.3377845199391675,0.4982059480457922,0.32165593341579113,0.7202367151171244,0.634612328376244,0.4530885200123073,0.35771579907438655,0.3213696349770091,0.38955416121954106,0.23783535674510464
18678,joint_noise_gta_semantic_cityscapes_dropout_pu_0_00,0_00,0.18304705568019838,0.41903421521935685,0.6364405853241498,0.817145778593314,0.9028078485902288,0.0,0.2548196816753837,0.28831140757151674,0.3408814777937467,0.4722025327469785,0.20684139643582208,0.88892961063968,0.729205844679454,0.46659586373458917,0.3373826461029303,0.31434869552696215,0.25659969574300207,0.16440956510857188
19743,joint_noise_gta_semantic_cityscapes_dropout_pu_0_00,0_00,0.1791886007421363,0.4671163697993396,0.6257026198503108,0.7502428890778977,0.0,0.0,0.2504163601587387,0.3141784803835943,0.3768256388076864,0.550843846785663,0.2705019989916664,0.8272089556123325,0.7752863708450984,0.6005803515684918,0.41498254424068454,0.3756210657043732,0.2947759534741542,0.1558078407964929
05933,joint_noise_gta_semantic_cityscapes_dropout_pu_0_00,0_00,0.20413701577114313,0.5860100172447567,0.7937007752316013,0.8637383521285596,0.9258394469522854,0.9568914149086147,0.2849871597152185,0.32914662671642597,0.411798502370954,0.7126793638030223,0.30491230735816016,0.9493590603773786,0.9277770214459912,0.6586161628407394,0.4245865170029441,0.37791060928159503,0.2694389680585158,0.15861985876645002
02257,joint_noise_gta_semantic_cityscapes_dropout_pu_0_00,0_00,0.22473998851117322,0.5881148868683881,0.7871035244772892,0.8525525527307378,0.9191444451280516,0.9529888536165801,0.30451105176197196,0.3437128924400709,0.4335459571917669,0.7404500792513289,0.32145039034968037,0.9478413185124586,0.9003425192057513,0.7495398980953516,0.47145759641696416,0.4173869772998031,0.2537001863126756,0.17061032544638355
18860,joint_noise_gta_semantic_cityscapes_dropout_pu_0_00,0_00,0.18401050157309834,0.41858296998505484,0.5883398603791482,0.7381616230279393,0.0,0.0,0.24798163546592808,0.2649795718238933,0.30226198165189433,0.4323323186077587,0.2573836891996734,0.6015514019240021,0.48325932952807404,0.3870151866140255,0.2960062793293021,0.27745766313471953,0.29269617752101157,0.181522222397845
03147,joint_noise_gta_semantic_cityscapes_dropout_pu_0_00,0_00,0.2647842182796984,0.6422571721879893,0.8067709112825249,0.8498630098993355,0.9133650754208716,0.0,0.35153169498670606,0.4104518572136745,0.5433741472466248,0.8613266190063028,0.3702535297041325,0.927969923416105,0.9049279446422687,0.875792232417689,0.5908863566484246,0.5114629307277083,0.32451019545451293,0.18158978710772736
07073,joint_noise_gta_semantic_cityscapes_dropout_pu_0_00,0_00,0.15255874140750303,0.5368095147500709,0.7218057660151335,0.7950350796735949,0.904947358665658,0.0,0.21490259731655767,0.2535823666815818,0.28223550313650464,0.4170311525853404,0.24947839940450445,0.878427273072496,0.7345368481530632,0.4863991717820436,0.34255263587067103,0.31564427832476283,0.19672797832853212,0.13419671905087482
02634,joint_noise_gta_semantic_cityscapes_dropout_pu_0_00,0_00,0.2568022272657588,0.47684842255362797,0.6274695919872983,0.7464434102086656,0.0,0.0,0.31414936034423685,0.3577496966381899,0.44440817838430985,0.6259526885240284,0.3234616277271887,0.8005143839272404,0.7647794891102718,0.6459896981107305,0.42717207232515086,0.38833782243449594,0.403832705106833,0.20956179316932017
22152,joint_noise_gta_semantic_cityscapes_dropout_pu_0_00,0_00,0.19354384140985925,0.44686604040572425,0.6415761168120047,0.7616355369584685,0.0,0.0,0.26152514919790737,0.28333320172775495,0.33238237910071605,0.49091468461543697,0.26707387924259224,0.817910492193556,0.7202293537493428,0.5136832546697435,0.3536780707696071,0.3231636071481309,0.2900854961490358,0.17840246191217402
02624,joint_noise_gta_semantic_cityscapes_dropout_pu_0_00,0_00,0.2457760921574255,0.5169748369521924,0.6466983865005607,0.7437027675601677,0.0,0.0,0.32839313334400777,0.3766354721151777,0.47712665149159433,0.6777123044541133,0.3016354354072919,0.8137179694939669,0.7910787745694559,0.7473063180605668,0.48766383533194274,0.4262166347084001,0.33689651756283107,0.16774738535787345
08861,joint_noise_gta_semantic_cityscapes_dropout_pu_0_00,0_00,0.13769241801341503,0.4086407113976707,0.5930611250903655,0.7555138323979023,0.0,0.0,0.18664714369034568,0.24126241462606937,0.29889034023438965,0.41384844882852817,0.14567073471592154,0.6748615820789436,0.540283386242263,0.44464420009438477,0.3057460622117384,0.27667022289967685,0.23921697431332925,0.13243969923946583
14790,joint_noise_gta_semantic_cityscapes_dropout_pu_0_00,0_00,0.22155242357299365,0.5660785841572278,0.7532332826546236,0.8272255089150023,0.905067295383039,0.0,0.30113466110007636,0.3393270315591046,0.42579475459376953,0.7077277556165077,0.31212594541510297,0.8918299047726107,0.8768648712427642,0.6936874446529591,0.44897416249023836,0.39966834951923824,0.23421860305486109,0.17418351796577572
04667,joint_noise_gta_semantic_cityscapes_dropout_pu_0_00,0_00,0.22911776836235154,0.681866434265611,0.8166897026421515,0.8423731116174116,0.9165839833019864,0.0,0.32346384651861526,0.3761395900391639,0.4891133457859469,0.8500697855118764,0.33330818273396534,0.9375483386200796,0.9153027141132438,0.8771333942465993,0.5545021087602283,0.48161609981070835,0.2769906789126487,0.1439578708329739
21176,joint_noise_gta_semantic_cityscapes_dropout_pu_0_00,0_00,0.22066881880227956,0.6328310422243745,0.7690544265010819,0.8308336456106471,0.921391666522598,0.961426155125142,0.31010794282711046,0.3597445568531076,0.4622914563551516,0.7947742624629938,0.3205466452170847,0.954529730869436,0.9243221175507407,0.7253043631615832,0.47356677229309807,0.4123475525645267,0.3519590212864423,0.14882791137021448
09254,joint_noise_gta_semantic_cityscapes_dropout_pu_0_00,0_00,0.13919748875719706,0.4931370037052157,0.6587004388419498,0.759834762764616,0.0,0.0,0.18340180510132342,0.23052681865517508,0.2756473315194068,0.4203462325534683,0.18380446306491585,0.807884795406862,0.7784368283555159,0.6420219494780377,0.39282317305377445,0.30896626429345686,0.32445725244026025,0.12340410012947627
21554,joint_noise_gta_semantic_cityscapes_dropout_pu_0_00,0_00,0.2149994499489877,0.6078796100395634,0.6946259585700437,0.7822763718170627,0.9104336667104806,0.0,0.2974072725394258,0.389907412126086,0.5204514388978975,0.7621705027459028,0.25719989848803837,0.8933934007735437,0.8672322542409274,0.8061861359254635,0.6457494391451606,0.5399375246843692,0.29418446051626623,0.12382308567938041
22111,joint_noise_gta_semantic_cityscapes_dropout_pu_0_00,0_00,0.18816808040261343,0.5036596333264145,0.7114239940814671,0.7949398058981155,0.901087681677221,0.0,0.2514022747229544,0.27028120770313163,0.31344310365361183,0.4957579373231385,0.27287053689484037,0.8739503641372679,0.772450682607753,0.5277863131528923,0.3577128806188099,0.3185918411224508,0.22223965017977615,0.16290354348330152
01561,joint_noise_gta_semantic_cityscapes_dropout_pu_0_00,0_00,0.2092895571282151,0.5493891499424186,0.740505202985183,0.8496927352489247,0.9149742322902881,0.0,0.2921452265018675,0.3319086029896665,0.4145948960518315,0.6812514751157311,0.2945628531771336,0.9313574556983183,0.9211706385450462,0.6255544093482047,0.4094640282998889,0.3661559149263638,0.2889200882678164,0.13756246531250785
23046,joint_noise_gta_semantic_cityscapes_dropout_pu_0_00,0_00,0.19161433566346256,0.471101556859648,0.6173498589575714,0.7286004447566551,0.0,0.0,0.2663929686332251,0.2940251422379405,0.3531390235018107,0.5353081369328584,0.2796280642243991,0.7230245875666017,0.6803125249742429,0.47772502188558,0.3352597647197303,0.3096231928304046,0.29947061667211305,0.1549948723068646
03238,joint_noise_gta_semantic_cityscapes_dropout_pu_0_00,0_00,0.2684555642276857,0.6640185051600318,0.8348183300119644,0.9036950545620437,0.93581535923968,0.9541232432246286,0.3522756653712019,0.4118497776423289,0.5483363128827334,0.9123000535094634,0.38584130248515114,0.9625814955468442,0.9555658485423172,0.9391754545153038,0.5917309666827504,0.5129542909434043,0.3112127276449654,0.18351459775311707
15360,joint_noise_gta_semantic_cityscapes_dropout_pu_0_00,0_00,0.13917488839794762,0.43867199406303536,0.591771524259028,0.7372924729373402,0.0,0.0,0.1932872370380759,0.2598811166705642,0.3107492826994425,0.44409837521445317,0.14660945172375123,0.6915242231647984,0.5829155428284237,0.4539868466887459,0.32985860815010326,0.30050582502129,0.32817599759550287,0.12926531287027374
24477,joint_noise_gta_semantic_cityscapes_dropout_pu_0_00,0_00,0.21838341624409963,0.6462404353202947,0.8010417863813888,0.8405719451166189,0.9269267708599704,0.9538209954236891,0.30918172693831525,0.3621430822915896,0.4652529101140277,0.8175544694632331,0.32740581853596906,0.9437824527448752,0.9000677882713797,0.8478719204617297,0.5308647119484287,0.46501807767772324,0.3496462341031915,0.14634694112918825
21700,joint_noise_gta_semantic_cityscapes_dropout_pu_0_00,0_00,0.1810768255280011,0.39330468687888964,0.5680220763766701,0.7314440557009573,0.0,0.0,0.23999207188319258,0.253556179334035,0.2795530683845132,0.37715681888890334,0.24054229461091337,0.5551497772562876,0.4362301738576738,0.3776165222687833,0.30798158499842454,0.29267862830842223,0.28630440800681334,0.1495926225715662
20992,joint_noise_gta_semantic_cityscapes_dropout_pu_0_00,0_00,0.2100398162440011,0.45062694668766345,0.6108955865053447,0.7705283437000582,0.9082433437724582,0.0,0.28419209764622505,0.3167207970041202,0.3877734460260658,0.5426831590081781,0.28545806139077634,0.8500173312729283,0.7712779104726608,0.49439261594114986,0.3342253501690309,0.29716912356689007,0.2914879307521307,0.16950837218712367
19419,joint_noise_gta_semantic_cityscapes_dropout_pu_0_00,0_00,0.1437171616604478,0.40769800714285354,0.6045158718767608,0.7302129364370171,0.0,0.0,0.20326289088890212,0.23139404899062177,0.24806900825699485,0.32240782646063687,0.22987095081199058,0.5669750512654982,0.4586447587753259,0.35316399038907276,0.2590275476898059,0.23756259531575405,0.2151825574671254,0.14246495715162114
11756,joint_noise_gta_semantic_cityscapes_dropout_pu_0_00,0_00,0.18346472853804724,0.43622218771319393,0.5749849289721976,0.7354334918008224,0.0,0.0,0.24456930591474324,0.2920856288190607,0.34385358311887326,0.49031085655822715,0.1964227814460167,0.6575195942134555,0.6003684434376327,0.5472713426926288,0.3742258049913093,0.3235468211162944,0.2561252382101366,0.18171514687988394
09755,joint_noise_gta_semantic_cityscapes_dropout_pu_0_00,0_00,0.1706178535898301,0.3918553684084072,0.5731873829944399,0.7321363161306984,0.0,0.0,0.22936965767604967,0.23974853551836542,0.2629036496432837,0.3547978492294064,0.2379152573587705,0.5727466773785721,0.46151046573273,0.32091259363820257,0.2521866590415382,0.24197328525537337,0.2486529703078755,0.16284900647352896
07765,joint_noise_gta_semantic_cityscapes_dropout_pu_0_00,0_00,0.17767107808590457,0.45448484230328806,0.6359448426266462,0.7439990519105557,0.0,0.0,0.2476847486753663,0.2713361392678897,0.3106592630512265,0.4616292775055907,0.26629539958767257,0.7814942142644529,0.6140784038966121,0.3990761181397878,0.32048100460766066,0.2978630535661294,0.24513088196498445,0.16319539837900265
11648,joint_noise_gta_semantic_cityscapes_dropout_pu_0_00,0_00,0.14729811693515846,0.38985135549722744,0.5849418297304734,0.7516521223381323,0.0,0.0,0.20437386090594642,0.2359280268410121,0.2582654564393401,0.3494065922305189,0.22373775414216948,0.6157548240295152,0.4676790981467251,0.3443580729119097,0.25676362553495347,0.24489958638270806,0.23469777065665356,0.14923968132617865
08993,joint_noise_gta_semantic_cityscapes_dropout_pu_0_00,0_00,0.15917931090784218,0.46230097396270736,0.6694466003154683,0.7883258366169639,0.9025339456925131,0.0,0.21972874300961354,0.27384166462405585,0.317807853042195,0.4788481925827854,0.1732649198176336,0.8829691083338033,0.8605031321134874,0.7393656468320483,0.41843611668370345,0.3824057842272041,0.31226017846477216,0.14255206504510542
09905,joint_noise_gta_semantic_cityscapes_dropout_pu_0_00,0_00,0.1695504356033438,0.4562200226185279,0.6292464210325339,0.7599701512414181,0.0,0.0,0.2368976276274007,0.2966052844146081,0.3496142141556968,0.5106484710407356,0.17090899203661958,0.830132694341904,0.7999010972180994,0.6037964418208293,0.3927937287921132,0.3457986111979041,0.3379288971510088,0.17262733070726077
14548,joint_noise_gta_semantic_cityscapes_dropout_pu_0_00,0_00,0.20299263832943595,0.41647479751685507,0.5735208118117011,0.7617894973908659,0.0,0.0,0.2778837314824996,0.32520120242715833,0.3862051867181591,0.49929031052683137,0.2151816214042773,0.6912025387072306,0.5920503679177395,0.4879267541546187,0.4267851204950791,0.39178255858350597,0.30232583227131254,0.1913505282435172
05019,joint_noise_gta_semantic_cityscapes_dropout_pu_0_00,0_00,0.20110546589004427,0.5801596221471171,0.710857058393515,0.783856680493668,0.9057566733885783,0.0,0.28146565697434717,0.32188132839127226,0.39709690461842406,0.6726876445570029,0.29897142312453134,0.8848161443412941,0.8068822978039539,0.5867043611443351,0.3958768118968369,0.36206472185001826,0.2301312417775048,0.14729902442998502
24037,joint_noise_gta_semantic_cityscapes_dropout_pu_0_00,0_00,0.2558395833518151,0.5660065795419565,0.7197413441705661,0.7781910666730512,0.9158603658679386,0.0,0.34871019127409475,0.40674689407890774,0.5278112557298189,0.7716715473708773,0.343999690981657,0.9265702590157029,0.8890652396680481,0.8035682170853566,0.5756378596884135,0.4960788156778764,0.32122821273099145,0.16293385175796268
11148,joint_noise_gta_semantic_cityscapes_dropout_pu_0_00,0_00,0.20372869167051078,0.38863180671951836,0.616603877164863,0.790607471487976,0.0,0.0,0.2755949748764185,0.30157618824692545,0.346717771603554,0.44402263868322067,0.20372869167051078,0.8453500433005645,0.7118011090161097,0.3880737732400382,0.31530454853713247,0.297372380144884,0.28428949393120084,0.20346005111099463
16811,joint_noise_gta_semantic_cityscapes_dropout_pu_0_00,0_00,0.22364093876369812,0.4845563471189497,0.7493066866790178,0.8988423947799601,0.9272379735617085,0.9556631125142245,0.27695982611125874,0.2988296254953028,0.3443124271174244,0.5149800200048661,0.3134440107879309,0.9549379786353873,0.9356595037347961,0.6014783154631285,0.41127652774418794,0.3719899102664135,0.21005904188971536,0.208585981984674
11751,joint_noise_gta_semantic_cityscapes_dropout_pu_0_00,0_00,0.18854640290812638,0.42970511528984956,0.6023522947921913,0.7527546121680675,0.0,0.0,0.24905878824905567,0.28295924771137687,0.32674423618226595,0.466527479827501,0.2099544755695317,0.7777514008047697,0.6224941867572928,0.43348100537004486,0.31853301814774193,0.29436618279704724,0.29944465372972845,0.1848589213615282
02789,joint_noise_gta_semantic_cityscapes_dropout_pu_0_00,0_00,0.23396695477476603,0.6349697560214017,0.7802644514399009,0.8296864638509138,0.9179060666750951,0.9548671795052079,0.325009432371485,0.37441062402421305,0.4865814018547494,0.8208261339505057,0.3366349534398981,0.9412641950322737,0.9170994118687656,0.8823965125931589,0.5713747358980265,0.49620123774663927,0.24267101896443816,0.15571752272576375
00339,joint_noise_gta_semantic_cityscapes_dropout_pu_0_00,0_00,0.22508781605340125,0.670450387207502,0.7933423341184208,0.8236997707578888,0.9246474013669063,0.9526184056518874,0.3124586138246727,0.35528217324864075,0.453540895550224,0.8119273588736864,0.3302218223731974,0.9463169838628179,0.9339201865751625,0.836321524203979,0.5077737461087126,0.4441333982790408,0.21232155865288946,0.15036707278657446
16842,joint_noise_gta_semantic_cityscapes_dropout_pu_0_00,0_00,0.2571754604650207,0.45280302827347574,0.6976206721271176,0.8280725796441992,0.907598992821207,0.0,0.2974255551479547,0.32514913321169864,0.382336826511727,0.5540754693311867,0.37714487592121915,0.9005104694212244,0.868015063966311,0.5776631078426856,0.4105544988984579,0.37928264753587715,0.23631632115620388,0.24298537933061612
23101,joint_noise_gta_semantic_cityscapes_dropout_pu_0_00,0_00,0.21757867326317076,0.5030164264518839,0.6348202753542805,0.73013825346491,0.0,0.0,0.2989491535980576,0.3375458561171422,0.41822278222093096,0.6238745091814917,0.31675755485298374,0.7658762778635523,0.7504793634825883,0.6540068942387478,0.43271076680070375,0.3820768857923796,0.24777471385725477,0.16727642010572308
20934,joint_noise_gta_semantic_cityscapes_dropout_pu_0_00,0_00,0.2179625186762375,0.6868300853910877,0.7681586015949123,0.7923806199831328,0.9124267462531305,0.0,0.3090710771430776,0.37266659092503884,0.48429291807712826,0.8029557436445226,0.340240835436478,0.9131119554947794,0.865169266085954,0.8128697720207192,0.5452331291286139,0.47620234853722976,0.3586584184958285,0.12354661800353363
03917,joint_noise_gta_semantic_cityscapes_dropout_pu_0_00,0_00,0.21454195667743134,0.5437541209660448,0.7242931761448876,0.7885026724047748,0.901600558016968,0.0,0.28579367482418994,0.31765513047432076,0.39070896542406336,0.6493582981151846,0.3064236000166856,0.8541885684603581,0.8057938912573047,0.5819557874719666,0.39413735526683047,0.3558298557103964,0.30847772826449815,0.17789918742437927
02808,joint_noise_gta_semantic_cityscapes_dropout_pu_0_00,0_00,0.23819001665414408,0.6582097237336,0.8069967444448396,0.8550468716013939,0.9340145220090685,0.958882642044637,0.33659585914219103,0.39527554830377004,0.5218352060154112,0.8652766762261922,0.32939779317678275,0.9680180057538489,0.9582259013900011,0.9368132873389152,0.5896467239644256,0.5131840595623661,0.26802190693872313,0.1494176733585292
19973,joint_noise_gta_semantic_cityscapes_dropout_pu_0_00,0_00,0.1741780384349872,0.4275459232455787,0.5994135215045531,0.7474151984946763,0.0,0.0,0.23949670111648572,0.25227443059398375,0.2784006591148017,0.394065100604496,0.25315739560418943,0.6846405145645581,0.5891621882517922,0.4086549222515333,0.28714865982803167,0.2629445116795743,0.2600338448408168,0.16888445722097123
08103,joint_noise_gta_semantic_cityscapes_dropout_pu_0_00,0_00,0.18001521367463988,0.4169117148940105,0.5621799311862321,0.7263300338143591,0.0,0.0,0.2516304823926873,0.27311524489601696,0.3135477649707653,0.44192254095316746,0.27024903563654845,0.6254989152083077,0.5430365653624774,0.43511831844760357,0.3463531153199076,0.32015340008588694,0.234305805911704,0.17037057915553575
18793,joint_noise_gta_semantic_cityscapes_dropout_pu_0_00,0_00,0.22317215095789214,0.5740908542960812,0.6974905687748474,0.780006021890568,0.9120271585121396,0.0,0.3089584914019834,0.3505462670737595,0.4453292074407218,0.7188970433688974,0.32449869780194346,0.8776128405990805,0.8247114391395514,0.765699258314031,0.4748066164171481,0.4172528190183281,0.21099986496122103,0.1596929677370678
05079,joint_noise_gta_semantic_cityscapes_dropout_pu_0_00,0_00,0.19674312861398294,0.5338124302317524,0.6911614766937991,0.7837852547366413,0.9106895914752422,0.0,0.27625240079467245,0.30716380707183877,0.37293003163071053,0.6132227888309859,0.29099272125255404,0.8688646173847494,0.7934956481490576,0.5844086031524777,0.3974282160218627,0.3612691170227725,0.2906611884624578,0.1636350670727986
12942,joint_noise_gta_semantic_cityscapes_dropout_pu_0_00,0_00,0.18437134559781282,0.4850731067672649,0.6417318071056233,0.7441582998403284,0.0,0.0,0.2528052998918578,0.3106211154712089,0.3683717365441435,0.5599921460016607,0.19768129319119232,0.7822594754268001,0.7460924507850649,0.5993277924750536,0.4088810125742868,0.3807187457369359,0.2974777417275905,0.1683028788157302
02641,joint_noise_gta_semantic_cityscapes_dropout_pu_0_00,0_00,0.20044621063286933,0.4466460999759623,0.616112917442152,0.7215430668030707,0.0,0.0,0.27383112349258887,0.3032027833930625,0.3680873626947737,0.5292808274233843,0.2786997363539076,0.7214957794559596,0.7074853664120506,0.5670230118073962,0.3573558273004742,0.31524464777406086,0.25656282458715707,0.1686092674801038
09183,joint_noise_gta_semantic_cityscapes_dropout_pu_0_00,0_00,0.17179434486839693,0.3876118790307983,0.5567766168076721,0.7214652401887345,0.0,0.0,0.23496828167384987,0.2627413029391775,0.30011315397675986,0.39794586815658034,0.2405404039654083,0.5583882160526964,0.44277713134355623,0.33763368818801676,0.26358748577235375,0.25331262718731273,0.25083766597577717,0.16886979255919785
13569,joint_noise_gta_semantic_cityscapes_dropout_pu_0_00,0_00,0.24747996594275257,0.41661755712473747,0.6198404153606524,0.760453520892791,0.0,0.0,0.3233916262423466,0.35718176339649554,0.415791419481771,0.5426493889537519,0.2538234438187342,0.7981780932245711,0.7695420796005433,0.6600665195420795,0.461294361021487,0.4145219248345751,0.4161822461027095,0.24120566384297157
10568,joint_noise_gta_semantic_cityscapes_dropout_pu_0_00,0_00,0.24914565518185466,0.4147155474665396,0.5769698372336873,0.7414117495444463,0.0,0.0,0.28877964191058303,0.32321331274706955,0.37832864973606195,0.49270446521622197,0.2894620977122869,0.6902620304790947,0.6220449828260535,0.46434299611912616,0.3751661847893841,0.3376720748480121,0.2752028960491649,0.24322023865443135
05939,joint_noise_gta_semantic_cityscapes_dropout_pu_0_00,0_00,0.2215216124037454,0.5827428506100398,0.7969093040883128,0.8639128274544401,0.9230779457041892,0.9546719047137264,0.3055264407926961,0.34603350173656555,0.43718157178299516,0.7443953323083926,0.3123780421907645,0.94750814506973,0.9219624291391234,0.7092109554764724,0.45093326719597854,0.3978959603973837,0.26574918120820756,0.1565329492493352
16056,joint_noise_gta_semantic_cityscapes_dropout_pu_0_00,0_00,0.2189190340362194,0.5375009263648891,0.660304420101276,0.7511236427078646,0.0,0.0,0.3098914657155472,0.3820399867986245,0.4982937784189767,0.7054705203033066,0.28870795214157224,0.844724034835042,0.8049034217625559,0.7589256348780107,0.5674174967167721,0.4798598304601056,0.23712040339061669,0.1249603672584161
20189,joint_noise_gta_semantic_cityscapes_dropout_pu_0_00,0_00,0.2105735229768908,0.6036296495552035,0.7295538105539241,0.815971274597959,0.9235569196131902,0.9522729712798116,0.29269180862889504,0.3345492534333228,0.41950627294412646,0.7209631475591658,0.31398792902621214,0.9449820882458464,0.9269580099204888,0.7774051698780562,0.48425916282281833,0.4259783821046305,0.3265176517021257,0.1570412430196535
11233,joint_noise_gta_semantic_cityscapes_dropout_pu_0_00,0_00,0.21359661307775502,0.47219017086610643,0.6126274208282996,0.7417177843893208,0.0,0.0,0.2932461841321277,0.3396028379463967,0.4113488374073558,0.5847858261787791,0.24125806403772496,0.7694788130987931,0.752681336886986,0.7190592393845116,0.4972993820201039,0.4296707599037487,0.2862517414946602,0.21001648865676106
22772,joint_noise_gta_semantic_cityscapes_dropout_pu_0_00,0_00,0.2062555093787248,0.5573485892219621,0.7341428072810053,0.7877082610009781,0.0,0.0,0.2877260561076077,0.3248166468584994,0.40170728103997555,0.664363265633314,0.2976612939938342,0.8692652911003442,0.8263443231118659,0.622682423273024,0.425549025965176,0.38241902889389184,0.2779969264324092,0.15430611968652808
24303,joint_noise_gta_semantic_cityscapes_dropout_pu_0_00,0_00,0.21003352508681727,0.49626743552383823,0.7068636041571199,0.785127131266113,0.9017576880533317,0.0,0.2743397895781823,0.3012694774771468,0.3624853653262099,0.57124080874726,0.27676932369588453,0.8615990280313197,0.8265131893253067,0.5910473927285139,0.3921810330936411,0.3532787181156966,0.2148968115431298,0.1790801767778568
19663,joint_noise_gta_semantic_cityscapes_dropout_pu_0_00,0_00,0.16674472066908883,0.4660703924619137,0.5971003560560475,0.7507062990292123,0.0,0.0,0.23527191257090913,0.267669736510214,0.306043795378506,0.46605681951268607,0.2608843315147072,0.7228580683635153,0.6123270909896332,0.4591511128113468,0.31562189401804164,0.292627597312359,0.3129705471216694,0.16007578331031735
00291,joint_noise_gta_semantic_cityscapes_dropout_pu_0_00,0_00,0.18444248681026712,0.4890882223529437,0.6327519749878034,0.7598389549783093,0.0,0.0,0.25386496186806257,0.28227967987315605,0.33032508492491436,0.5181477972399487,0.2798691215788193,0.7956428134039483,0.6323815337634642,0.44741441527683756,0.3392374720679805,0.3064044136694256,0.28113579137650135,0.16118514258552652
24919,joint_noise_gta_semantic_cityscapes_dropout_pu_0_00,0_00,0.1898441346786022,0.6362289342454694,0.7347808284217109,0.8001110690598259,0.9100866713100685,0.0,0.2666787738276442,0.30269422667157236,0.36764251687407445,0.6558642876055586,0.2917461599649986,0.900960546260642,0.8904755051882581,0.7112136141747767,0.45261920954822443,0.4005950783171716,0.23187267786693136,0.13234537570007027
20585,joint_noise_gta_semantic_cityscapes_dropout_pu_0_00,0_00,0.21464175700915553,0.6168170547440329,0.7623840537679736,0.8600571300640347,0.9300723254748412,0.9606049136044552,0.30148745445097136,0.34765460674431814,0.4418397023537855,0.7616958048003144,0.32830136825796197,0.9683720701019135,0.9480150469796504,0.9289577028784437,0.6116693422725897,0.49754946006313067,0.36451697809410455,0.15667654005667664
11118,joint_noise_gta_semantic_cityscapes_dropout_pu_0_00,0_00,0.15906903329392674,0.43790733982943175,0.6055977522150918,0.7379322407222105,0.0,0.0,0.21667944203687559,0.2545453795722355,0.2915866563260987,0.42985179408059887,0.23161451504685743,0.6940584301950085,0.5609497552319384,0.41739353727720396,0.3110414785478087,0.28739132809129997,0.23836227917200498,0.1521513450998499
24694,joint_noise_gta_semantic_cityscapes_dropout_pu_0_00,0_00,0.22594089203512432,0.5531457988975265,0.7075759926683147,0.8320600646761563,0.9342765492500658,0.9580791593540011,0.31433262573212645,0.35943988813707317,0.4584225130104515,0.7198618518290462,0.32780593743429504,0.9637831813528497,0.9531501364646434,0.8941468417595111,0.554634148945974,0.47411852672491805,0.33508889087943045,0.16774085464888217
04064,joint_noise_gta_semantic_cityscapes_dropout_pu_0_00,0_00,0.22233348873823283,0.5378103790697056,0.760821157413739,0.8177930129709428,0.9094148982901029,0.0,0.29768857944221744,0.3349372172409726,0.4169834944236169,0.6803775337338052,0.30076135270685295,0.9055230661214361,0.8569436574100786,0.6264660045384113,0.4101425562064793,0.3753893949248561,0.25491804998659173,0.1733251734285121
05156,joint_noise_gta_semantic_cityscapes_dropout_pu_0_00,0_00,0.21969415246389076,0.5995506230513407,0.8199629369552305,0.8622523303567916,0.9168052678533294,0.0,0.30045192130309173,0.3384320498499156,0.42603454919061434,0.7455562835294838,0.32549843520787847,0.9387309887729804,0.9309293515570864,0.7727223491735132,0.4850577092975245,0.42631573622847807,0.24310630032082828,0.16765130651069818
04468,joint_noise_gta_semantic_cityscapes_dropout_pu_0_00,0_00,0.20732015467839346,0.5962479790603548,0.7774000064060441,0.8371769628812826,0.9146463747116619,0.0,0.2897855866419749,0.32499483228709225,0.40365901297953144,0.7052853367269267,0.30864569609642695,0.914514323627103,0.8701998806012331,0.6572925444758292,0.428751988495765,0.38467379381562716,0.3120875589421022,0.15726330310140832
04193,joint_noise_gta_semantic_cityscapes_dropout_pu_0_00,0_00,0.22019159438077945,0.6792958992902284,0.8363058597356551,0.887852899364245,0.9198516889467399,0.9550730782496054,0.309309775438718,0.35117118285871507,0.44442380421482164,0.8146321723675496,0.3382920497080601,0.9424409770966361,0.9279749977897783,0.8016552601583237,0.5029030319862003,0.4427527281242837,0.3652231552649189,0.1533968883419173
10153,joint_noise_gta_semantic_cityscapes_dropout_pu_0_00,0_00,0.1882200218934699,0.41317450181598203,0.5689647290224882,0.7293106841595729,0.0,0.0,0.245703959328423,0.26182533982518885,0.2983825554743102,0.42144047356369363,0.2612135734530094,0.6585306939262737,0.5394658317049292,0.42684416189041274,0.31838438483204107,0.29041199002833223,0.19574413640315658,0.1860210587369333
10475,joint_noise_gta_semantic_cityscapes_dropout_pu_0_00,0_00,0.19459432652265707,0.42240915840933907,0.5610004292515928,0.7506787813160637,0.0,0.0,0.2636300639843084,0.31129504698634003,0.37622445680265076,0.48940628578882295,0.23515197880632463,0.6761068603107688,0.55610428952543,0.5031791056903209,0.45222122302198714,0.4002509473490904,0.2818902777498952,0.1991442135679181
22528,joint_noise_gta_semantic_cityscapes_dropout_pu_0_00,0_00,0.20927535792538743,0.6027075828415653,0.7437781020953492,0.8140476256993684,0.9075331036263022,0.0,0.29340264646337505,0.3343409090496501,0.41956120013102105,0.7263545028133842,0.31846571060772916,0.9103710202515805,0.9052268501208839,0.7319452491215337,0.45206546355684357,0.40148769178543614,0.3676339671652118,0.15498736058241386
08015,joint_noise_gta_semantic_cityscapes_dropout_pu_0_00,0_00,0.20727984799931284,0.44399473281715257,0.6600594633474856,0.7988308919778383,0.0,0.0,0.2617938151208408,0.28252888987142494,0.3290372036489377,0.48124143742876063,0.2814094807380045,0.8403942395996742,0.5648512727478352,0.4166198391434013,0.30543457085571857,0.2767081943721997,0.26969214872928327,0.1959563880942183
12740,joint_noise_gta_semantic_cityscapes_dropout_pu_0_00,0_00,0.22450093619361858,0.5516020340892523,0.6645243234442004,0.7565166565914659,0.0,0.0,0.3090446437470283,0.35293737780811824,0.4495210411787359,0.6895927045804038,0.3182673151728247,0.8245520138568462,0.7943366745716695,0.7328764601179906,0.5087012702027985,0.44196583534921047,0.3776723492668921,0.16459099181824588
07744,joint_noise_gta_semantic_cityscapes_dropout_pu_0_00,0_00,0.2032735472690774,0.4287614138053375,0.6295805274358257,0.7706877680190818,0.9045617471346604,0.0,0.26312239269931104,0.283595876788427,0.3286583475265758,0.4679633356495067,0.2803297978673458,0.7671195545535441,0.522241240119558,0.4159539630689902,0.3349405615993237,0.30868419268757524,0.3093033750229271,0.19336825114203562
23682,joint_noise_gta_semantic_cityscapes_dropout_pu_0_00,0_00,0.19049331219156443,0.4694889188210671,0.6329079218086927,0.7787592971747386,0.904600877370387,0.0,0.26539426387013737,0.2930427183650351,0.3532839360770136,0.5332162680944431,0.27920929161014807,0.848909323701374,0.6414762945851856,0.4565507406441167,0.35191159214239986,0.33404255622770285,0.3725195731990731,0.1710928791836065
09843,joint_noise_gta_semantic_cityscapes_dropout_pu_0_00,0_00,0.17302954298487463,0.45030773352028225,0.6100134722979565,0.7645609423339068,0.0,0.0,0.23203716527747523,0.28848288285122864,0.33392960471042304,0.48102013484140616,0.1826816193650321,0.8037538583790094,0.6940824714844286,0.4569211872736761,0.38444192047333553,0.3378967853810883,0.23488975574507756,0.16942806935358828
18762,joint_noise_gta_semantic_cityscapes_dropout_pu_0_00,0_00,0.2349025041089841,0.5185863638356165,0.6575456841054066,0.7575891977180514,0.0,0.0,0.3195083188070927,0.3645020435876747,0.46503437343539283,0.6805444775784758,0.331182702252921,0.8278918992406613,0.7801352579465559,0.7172997349045396,0.45055737459605744,0.40103593718621056,0.3836048484557154,0.17991080922412556
09456,joint_noise_gta_semantic_cityscapes_dropout_pu_0_00,0_00,0.19407846014556715,0.40836222748214746,0.5777914994398803,0.7522418234144029,0.0,0.0,0.2608450387536117,0.2948809182775915,0.3391709004053797,0.45058794350751574,0.22748694315338971,0.7376304718718666,0.5712246207206024,0.4186134640221548,0.36009207317143876,0.3083675808530264,0.2194247707074925,0.19209475995956313
02032,joint_noise_gta_semantic_cityscapes_dropout_pu_0_00,0_00,0.2262029214265009,0.6011433972916274,0.7656096089879829,0.8188774692262956,0.9186237779708404,0.0,0.31230229859007547,0.3552952594685399,0.4537066691145576,0.7675708891529436,0.3332668004481439,0.9243143458218713,0.8869766437058356,0.707321397805681,0.44974034550565384,0.3983379883454017,0.3307465326488266,0.17153890901347607
03639,joint_noise_gta_semantic_cityscapes_dropout_pu_0_00,0_00,0.2907451538772772,0.5803167296729856,0.7626796524250596,0.813531383122512,0.9161197314102827,0.0,0.3520494115514677,0.4100252807560679,0.5318137080493759,0.8161012722741886,0.3742911365435659,0.9175356427724773,0.8857413593044207,0.8323514678762624,0.5251373638969773,0.46027961879757257,0.2792025625251824,0.23504223492245263
23685,joint_noise_gta_semantic_cityscapes_dropout_pu_0_00,0_00,0.20199721495675124,0.4916121254394397,0.6568910448610057,0.7828070504831216,0.0,0.0,0.27767929281424525,0.3098474623259021,0.3738777009461703,0.5751030215997404,0.29017977427943287,0.843541567731694,0.734142017487979,0.4713050178451405,0.3450028187724278,0.31167937282790176,0.24041978352452312,0.17217958270731165
10319,joint_noise_gta_semantic_cityscapes_dropout_pu_0_00,0_00,0.18377509488674754,0.4072795973307637,0.5856518913053146,0.7288640656102384,0.0,0.0,0.24406983491489603,0.2587538859135415,0.2920931118283231,0.41349332250328674,0.25413212265204776,0.6489368556721554,0.5388909637398012,0.4246277828995399,0.2991620644110558,0.2733272696560511,0.15492054152611698,0.17119862808323746
01765,joint_noise_gta_semantic_cityscapes_dropout_pu_0_00,0_00,0.25013815786400184,0.6492414936481926,0.8040054468440874,0.8431524704419122,0.9243002611294695,0.9544910123010523,0.33766024897182706,0.3909869686396062,0.5140322997276658,0.8516141014622555,0.3630976657735858,0.9433936157335711,0.9259453507230055,0.8942052452104196,0.5721108691830353,0.49601935984770545,0.24911027721050813,0.1650838024702667
00136,joint_noise_gta_semantic_cityscapes_dropout_pu_0_00,0_00,0.22323344259199435,0.40270925648200123,0.5733145714134048,0.7164960060800661,0.0,0.0,0.27343007982339407,0.2998649251408362,0.35444488364936827,0.4679703213724196,0.27685713633287046,0.6324511496090331,0.5584642736108384,0.42489094652286014,0.3113030510444144,0.2845723510343288,0.22284720321987922,0.1993588986735496
12351,joint_noise_gta_semantic_cityscapes_dropout_pu_0_00,0_00,0.15690644893027253,0.41347996953566224,0.607377895166182,0.7570409869445228,0.0,0.0,0.21525302003772695,0.26151286103203764,0.3027715061674863,0.42552239201568265,0.21773595557569161,0.697459368231267,0.6140888930486099,0.4232870280206377,0.29259567819495674,0.27333597415367855,0.32864405571456135,0.15786808866845617
05016,joint_noise_gta_semantic_cityscapes_dropout_pu_0_00,0_00,0.18199341040178826,0.5052485470116903,0.6172039973957228,0.7461859077191018,0.0,0.0,0.25721767583352406,0.29989568244874437,0.36155826609310854,0.5751253714996334,0.28125694462406137,0.8015174437135859,0.7534048299298671,0.5393078270489865,0.36693432906499107,0.3326483573456107,0.2277372432169033,0.1402424540212121
23757,joint_noise_gta_semantic_cityscapes_dropout_pu_0_00,0_00,0.15951309089077306,0.5212963296384088,0.728875377124391,0.8385471642388705,0.9125768227496095,0.0,0.2243943854342139,0.25749351900427564,0.2895673308385314,0.4416611612411782,0.25461224369240093,0.882927353530442,0.725304122311227,0.46117239808228755,0.3277465772965447,0.3009943962439464,0.2935261892337111,0.14431087467446677
09780,joint_noise_gta_semantic_cityscapes_dropout_pu_0_00,0_00,0.15992288077419922,0.41887632647635925,0.612230587367992,0.742912912953438,0.0,0.0,0.2238332327483439,0.2704379254079715,0.3049776364013415,0.4143266785067233,0.1603072200969359,0.7484008738812493,0.6675294194223358,0.44277563112933066,0.28868834968874174,0.2716530286858776,0.36660507655556523,0.15130481194534254
16194,joint_noise_gta_semantic_cityscapes_dropout_pu_0_00,0_00,0.31422332424477867,0.6223660349301826,0.7292994739418179,0.8074317097169861,0.9119324253492351,0.0,0.43045433828498475,0.5213752359809801,0.6849277274684699,0.8445339951785146,0.40354651492568633,0.9242722961886974,0.9198546193505738,0.8963960052589587,0.8258037062547252,0.7250501304598415,0.22822794070819136,0.16600393804775768
20462,joint_noise_gta_semantic_cityscapes_dropout_pu_0_00,0_00,0.21562571437908767,0.5369282804535529,0.6694052923518828,0.7639862743822207,0.9052239013851375,0.0,0.30202005048418035,0.3455004116823505,0.43928146308714183,0.6798894885429927,0.31297616950719714,0.8739867429853144,0.7866943834920551,0.7163556001946858,0.4586525319928794,0.4135151884613855,0.3032283744468983,0.16160237755204215
15664,joint_noise_gta_semantic_cityscapes_dropout_pu_0_00,0_00,0.12006501838358354,0.409078886849592,0.6270868659377116,0.7598160373725847,0.0,0.0,0.16966209836625237,0.23244959505008916,0.28801549738172205,0.40141219891107816,0.12786162404758822,0.7359620637203714,0.5793511201136735,0.42316251577120234,0.31677012362511897,0.29792228575488483,0.2884206359409297,0.1195146217938464
20890,joint_noise_gta_semantic_cityscapes_dropout_pu_0_00,0_00,0.2546940550615668,0.5662187991627572,0.728541372554343,0.7818975511398686,0.0,0.0,0.32852636753760356,0.3770950574692934,0.4844251614395975,0.7590175203960321,0.3340858842753174,0.880697662935279,0.8440659364325153,0.7889507645312862,0.5118837010698325,0.450047373068295,0.30792795302343573,0.1815664534525474
00353,joint_noise_gta_semantic_cityscapes_dropout_pu_0_00,0_00,0.2437562660034361,0.6722585750328031,0.8399959151879555,0.8684151543568405,0.9271096056430809,0.9584161937809075,0.3284173730118293,0.3771930368470485,0.4900230197729653,0.870156474476122,0.36408263866796237,0.9474282109309159,0.9263823785299453,0.8931832327387422,0.5667311324876545,0.4943739353024322,0.22051275489207584,0.1654117132837528
02940,joint_noise_gta_semantic_cityscapes_dropout_pu_0_00,0_00,0.2389012408238977,0.6011354633990171,0.8140203029433891,0.8814943426441143,0.9160243227799377,0.9522756486712697,0.3007567671551796,0.3382659006274121,0.42465070930579213,0.7418520376492974,0.3305774454251203,0.9452218193929943,0.9180193521539938,0.6863634260486683,0.4452761884199146,0.3966049313735763,0.2720965779794336,0.18839896933326386
05655,joint_noise_gta_semantic_cityscapes_dropout_pu_0_00,0_00,0.21228445514101757,0.5684728982072444,0.6990540401350736,0.803234171597425,0.9093545354900775,0.0,0.29864978138344367,0.3415663416890175,0.43128777583663064,0.702491906426915,0.32421538726655075,0.909494029843229,0.8872404079839452,0.6269509734054125,0.4137301125381775,0.37193534061959665,0.18241425159990388,0.1505350795347988
20258,joint_noise_gta_semantic_cityscapes_dropout_pu_0_00,0_00,0.21640475935031894,0.6434225668213395,0.7984262957738149,0.8471837637493734,0.9264066320091559,0.9545160974514877,0.3060024004067153,0.3593120712094355,0.4615084227152921,0.8109471530730076,0.3230295414240612,0.9488938789490274,0.9301404516830506,0.8797668643278026,0.5373196585701759,0.46835512081024316,0.25027255015205974,0.1413235924377923
01377,joint_noise_gta_semantic_cityscapes_dropout_pu_0_00,0_00,0.24205420044445394,0.546061146485786,0.6672152104996888,0.7624247018486784,0.905286399553894,0.0,0.32238570773668634,0.369603968925255,0.4766715177996717,0.7026411318013588,0.3327734471373867,0.8572264085780924,0.8118456869020224,0.7395128954981331,0.4668890618586073,0.40997518192847954,0.28315734154692596,0.18834933490338562
13564,joint_noise_gta_semantic_cityscapes_dropout_pu_0_00,0_00,0.22743590707146105,0.41896768963938025,0.5717385375899529,0.7572648965787814,0.0,0.0,0.3040185862407288,0.34543502830003253,0.4040857480433314,0.5155389621491472,0.23534868003335535,0.7882891262017232,0.6782534206206461,0.5387668331913515,0.4463872369807047,0.4195574108817419,0.3162594358258639,0.22097338712814807
21663,joint_noise_gta_semantic_cityscapes_dropout_pu_0_00,0_00,0.1732258998251158,0.4508361326978342,0.5722669243820231,0.7373751617016794,0.0,0.0,0.24294905361749436,0.2713686467957335,0.3137398202212467,0.4754385218528091,0.26493345405010754,0.6677181865543658,0.5783733960921733,0.48179239928411227,0.3855334838323076,0.3378165894248004,0.19800633005640714,0.14652544803101852
20517,joint_noise_gta_semantic_cityscapes_dropout_pu_0_00,0_00,0.21170731608357554,0.40473031552445143,0.5786261539187519,0.7324969979089542,0.0,0.0,0.27527630609390297,0.3022875399879934,0.3527999854397141,0.4648556170728837,0.2419851453862687,0.6601505545605658,0.5827837192989849,0.48655484640097657,0.3789039439824301,0.33649836422779017,0.2148529249807625,0.1818908693724439
05627,joint_noise_gta_semantic_cityscapes_dropout_pu_0_00,0_00,0.22469843206094858,0.7198459006749781,0.8672904253861669,0.8956118412867051,0.9272124416999887,0.9543831892847999,0.3186325778052094,0.3887848580462092,0.5104928136761626,0.9066100101658139,0.3416303403945327,0.9567132224581575,0.9479267131919841,0.9139541981841437,0.574880266255103,0.5001650454574926,0.2562921136456941,0.1351631793927039
15721,joint_noise_gta_semantic_cityscapes_dropout_pu_0_00,0_00,0.23159160799581674,0.6204172795005389,0.7891568768877527,0.8449645266772795,0.9190915709919921,0.9536838087604118,0.31680320115518773,0.36259585656428367,0.4668998083037826,0.804694503418973,0.3283880729708807,0.9441550193516497,0.9195159958699763,0.8577852488293893,0.5371116595981436,0.47144597287748813,0.264758880293933,0.15982888972531162
04936,joint_noise_gta_semantic_cityscapes_dropout_pu_0_00,0_00,0.1961912487850131,0.47650471858083315,0.6048752277398283,0.7394463324757456,0.0,0.0,0.2732278130874216,0.3037903149034784,0.36643636952389547,0.5523699581933497,0.2802920838515581,0.7717208977991403,0.6934844356538228,0.48671233290102534,0.3508154472435921,0.3205690017175888,0.31426616911309097,0.16052787383952483
01659,joint_noise_gta_semantic_cityscapes_dropout_pu_0_00,0_00,0.24888360118493105,0.6632334139151717,0.8356295885632615,0.8696093233610285,0.921470213920387,0.9537202598527629,0.34264884690157726,0.3983772640489117,0.5224768491533833,0.8789542221672422,0.33754426723887543,0.9475267966188542,0.927784324860584,0.8968402597487821,0.5950081759980875,0.5137036763549327,0.2655831423146456,0.146589520148429
11459,joint_noise_gta_semantic_cityscapes_dropout_pu_0_00,0_00,0.27045055643195615,0.40038175169188206,0.589012933852967,0.7546325997321612,0.0,0.0,0.35521387607435617,0.3957407780600289,0.4411601013704495,0.5196268954955355,0.3008828909847893,0.7602835885025953,0.6358346843403274,0.4789261224394028,0.42817408866984846,0.4213026261661702,0.37575772605520946,0.26569860557160374
13451,joint_noise_gta_semantic_cityscapes_dropout_pu_0_00,0_00,0.12538011500387536,0.4238277969246477,0.5626550271074877,0.7187530885418347,0.0,0.0,0.17231354601085302,0.22728538895812078,0.266253070477487,0.35002543649112755,0.13793578159714573,0.5811504452210658,0.48284676106122426,0.38016380514939985,0.306662989589384,0.28140801390388176,0.21549932903618188,0.11860951597806826
01568,joint_noise_gta_semantic_cityscapes_dropout_pu_0_00,0_00,0.18242339236579533,0.5852973648963894,0.7446275817962049,0.8182951795769349,0.9116695492842968,0.0,0.2574399700619389,0.3059353995700697,0.3725254215933724,0.6439804673881854,0.2862343269447036,0.9226691354502015,0.8912778389489556,0.6488004384030606,0.41871006251589343,0.3742612928916945,0.21678190346138287,0.135350223458609
13208,joint_noise_gta_semantic_cityscapes_dropout_pu_0_00,0_00,0.16883581183194454,0.4113788689466398,0.6016601877555472,0.7386164845115801,0.0,0.0,0.23529033054743198,0.2695789274913113,0.3089855566098398,0.4326381972408104,0.19442197574632952,0.7144662512561816,0.5816242116453193,0.41330108473577054,0.32888478350582806,0.28923529983403584,0.24123772695537798,0.16642189717363015
07992,joint_noise_gta_semantic_cityscapes_dropout_pu_0_00,0_00,0.19446142794493418,0.4301154093316567,0.5898420323749333,0.7363318372379807,0.0,0.0,0.25173456087121354,0.2677480540882219,0.30315907466049064,0.4364924442861718,0.2701536189348859,0.6859237136868731,0.5104152988047023,0.3646734078662821,0.28101984888369513,0.264857316883601,0.2468329363582118,0.18528579037256024
09405,joint_noise_gta_semantic_cityscapes_dropout_pu_0_00,0_00,0.1734387583786854,0.40032929001366385,0.5758508250156862,0.7332196397789574,0.0,0.0,0.2351946761497468,0.2628989424624605,0.3043614502957585,0.41707357441647624,0.23909866721794426,0.5700294084170263,0.489074196127945,0.3721420460301625,0.2950048482629323,0.2730225478841783,0.23549451975324107,0.1714508006608451
24892,joint_noise_gta_semantic_cityscapes_dropout_pu_0_00,0_00,0.22339678462769139,0.5451988194876514,0.8043106853316839,0.8585179038659597,0.924826593747477,0.9511526207697023,0.2893766777921764,0.32351792200039925,0.40045434297657395,0.6616912905246529,0.2961515712070796,0.9428902309632682,0.9213934970621375,0.6269936675333687,0.4150891941253373,0.36816352261314916,0.1683589920089851,0.18504935134746514
04033,joint_noise_gta_semantic_cityscapes_dropout_pu_0_00,0_00,0.19320897265069487,0.5877848316510869,0.7452464254614061,0.7930175186875585,0.0,0.0,0.2720048747006367,0.3053714851776799,0.3716926928430716,0.644376989390334,0.29476688026588843,0.8453435495426521,0.8347423522758529,0.6171521305885052,0.408508038379758,0.3663594942500478,0.317526011299958,0.1463738546755733
13076,joint_noise_gta_semantic_cityscapes_dropout_pu_0_00,0_00,0.1763707406546256,0.41954275104704447,0.592586309649911,0.758359689480458,0.0,0.0,0.24240507346215984,0.29071349308345334,0.33773738815009186,0.4579154176536167,0.19763460115062464,0.8140347735053591,0.7304952389319658,0.5336595708546256,0.28495699793070994,0.26872944040531527,0.25704339874827403,0.1712256179008689
20783,joint_noise_gta_semantic_cityscapes_dropout_pu_0_00,0_00,0.16621324365146603,0.5563227131846753,0.7296298129203612,0.8332994912850173,0.914210650577833,0.0,0.2329477180594005,0.30222319327092345,0.3666415024785251,0.6203696669658387,0.24270681128467886,0.9197420688197404,0.8990767758088414,0.6228797652497707,0.3719287163453183,0.3271302371827756,0.18836184021799,0.12006005132625651
23087,joint_noise_gta_semantic_cityscapes_dropout_pu_0_00,0_00,0.28844888326644436,0.5214335656684553,0.6520070549929574,0.7950413210695214,0.9172953714949724,0.0,0.3677418040142549,0.4291066313277539,0.542712213679305,0.7207732223734797,0.39488220569836796,0.9182950478495344,0.8723094297356374,0.7472394624817555,0.5112702941523688,0.4241187561415933,0.46279396748585,0.21691491771554972
05838,joint_noise_gta_semantic_cityscapes_dropout_pu_0_00,0_00,0.21324936758620774,0.5714677371808802,0.782042898942336,0.8620989282712941,0.9156750543105929,0.0,0.2966697555749111,0.3330837312831165,0.41660212557049514,0.7104293263656547,0.3211490934818426,0.9308626232431956,0.9079653196340896,0.7448465577383668,0.4671129010347258,0.4120099393167824,0.3199446556208953,0.16666518824997067
08932,joint_noise_gta_semantic_cityscapes_dropout_pu_0_00,0_00,0.1745575561038212,0.5210085731558994,0.6647379970127609,0.7950183772834055,0.9046063029462766,0.0,0.24041759581228267,0.31525319308454797,0.3827148143753252,0.6069919883590454,0.17934510963853725,0.8808242912145716,0.8636734404664373,0.800796602943384,0.6289611553893543,0.552013429792917,0.3731232710168923,0.1261034527614948
06114,joint_noise_gta_semantic_cityscapes_dropout_pu_0_00,0_00,0.18244505911027936,0.5741920884309587,0.789647035629891,0.8653945205445396,0.9318050549203105,0.9586010257259384,0.2577831230223545,0.32102471862149123,0.397838019857232,0.6796158779673012,0.25924720516877714,0.9672247680180189,0.9433375419914581,0.6656044607814988,0.4350780123332896,0.38777974659700665,0.29405663541645993,0.13474420231292933
06701,joint_noise_gta_semantic_cityscapes_dropout_pu_0_00,0_00,0.19875028427508926,0.565614031110082,0.7269760328522039,0.7977649569463705,0.9195553248009746,0.0,0.2797427104568067,0.3145352736754267,0.38467933185752484,0.6468765595167205,0.30018632111112786,0.9364101312481965,0.8608550058685408,0.6009361396136436,0.39912316933297864,0.3598376805314102,0.29296960002088623,0.1484879223229049
15118,joint_noise_gta_semantic_cityscapes_dropout_pu_0_00,0_00,0.19347601855704744,0.4083326315637945,0.5895186370475047,0.7305393195853831,0.0,0.0,0.25856625227938984,0.299687160237611,0.3458464946388321,0.46148270474920733,0.21885987196440684,0.695681607102042,0.6313153500139547,0.42592996373066877,0.2931577821190631,0.2821642964052128,0.3373244609751094,0.19470028851363286
00966,joint_noise_gta_semantic_cityscapes_dropout_pu_0_00,0_00,0.21527997620200193,0.5381909999958796,0.6577650720641863,0.7780444660206031,0.9006321771184762,0.0,0.28418894895326047,0.314769851549812,0.384876219845539,0.6285073700085806,0.32556153865228327,0.8890032400717592,0.8088097548320619,0.5503941301651811,0.36938758452275655,0.33540203923317824,0.32314381778588286,0.17761997876336186
06805,joint_noise_gta_semantic_cityscapes_dropout_pu_0_00,0_00,0.19853921644282788,0.6769239227964244,0.81555466542712,0.8677783572082274,0.916479936115045,0.9512289303161988,0.2784657025995142,0.3484414456373579,0.44326591802577625,0.8107886070949895,0.29659222455993967,0.9362608475859097,0.9217905478594794,0.8745321812804692,0.5280180232487944,0.4598834026869686,0.2768023756842325,0.13348298444232748
12299,joint_noise_gta_semantic_cityscapes_dropout_pu_0_00,0_00,0.19479933661843574,0.39048744047990314,0.5423552003189427,0.7639373468364833,0.0,0.0,0.2653300785926895,0.3235785170423745,0.3762589639595543,0.45521489552739414,0.22494553025774977,0.5816707290660841,0.5229107153518836,0.3934653577110663,0.3350890840324306,0.3374106390489511,0.24584445811993672,0.19307418561682024
15085,joint_noise_gta_semantic_cityscapes_dropout_pu_0_00,0_00,0.13738938913831414,0.4411887160684419,0.6118759339326028,0.7568560720668047,0.0,0.0,0.18505745287158742,0.23922463668054875,0.30684272509241944,0.44093460865483175,0.14558755867767095,0.7858451018346849,0.6898913095594622,0.4874056620478287,0.3235883265054962,0.28542860328572595,0.3524378007214617,0.13527268426328382
09331,joint_noise_gta_semantic_cityscapes_dropout_pu_0_00,0_00,0.1490324143282192,0.37325281892733686,0.5949530265511317,0.7234135330760268,0.0,0.0,0.2019249556112977,0.2480804289402374,0.27673615909892413,0.3559042394834206,0.17712329082287392,0.5107474074279257,0.3998612488880226,0.33770379769652104,0.2759080837137583,0.2638437020183482,0.2507875357619217,0.14840828811469794
05998,joint_noise_gta_semantic_cityscapes_dropout_pu_0_00,0_00,0.22836336715465164,0.6190371650240671,0.7479532584753887,0.8273303710809797,0.9292220926003182,0.9597604569002606,0.3166267032774363,0.3619388060629836,0.4665255827916283,0.7851687467369213,0.32971449162146255,0.9648808079892013,0.9488491891636435,0.8477953917760493,0.5439587523242586,0.47482405501647174,0.21056914658089215,0.1569135170948398
04238,joint_noise_gta_semantic_cityscapes_dropout_pu_0_00,0_00,0.2351530486438338,0.5980143391413184,0.785853775676605,0.8340984121303657,0.9227521762911356,0.9533199406002569,0.3032513005444128,0.3413218025402686,0.4280444151246398,0.7360597288243058,0.3304862778916271,0.935814931372807,0.8633338629150653,0.7060373748079926,0.4528395561480151,0.40419245371560303,0.3246825696339484,0.18872892687760603
14001,joint_noise_gta_semantic_cityscapes_dropout_pu_0_00,0_00,0.24254345294393312,0.4878122894436359,0.626482769021564,0.8071506546962085,0.0,0.0,0.27613262498392716,0.30424435646200665,0.3655987661639767,0.5577668267566869,0.3395294099534583,0.8581541614782586,0.8411664894664195,0.5387116489791042,0.3669833066917922,0.3293772047404987,0.46684619136886457,0.22996000399876726
01521,joint_noise_gta_semantic_cityscapes_dropout_pu_0_00,0_00,0.2153084815875166,0.5380736498433675,0.7035882015427053,0.809404272814295,0.9135989190309765,0.0,0.3004113284911843,0.33917052704796924,0.4256134449020502,0.677992604260957,0.32024907655532875,0.9208501555377206,0.8395446059095061,0.5905073599630852,0.40723997599961187,0.40271951844268705,0.27717173889001995,0.17302632188734793
17319,joint_noise_gta_semantic_cityscapes_dropout_pu_0_00,0_00,0.2126025164652039,0.5828515712659632,0.724842808968066,0.7970739443957369,0.9167672878446756,0.0,0.29297491886458493,0.3281389524767931,0.40816656326702805,0.6993158931948142,0.3180588312796667,0.9197606806081011,0.8895269069575936,0.6540547348067617,0.4266834988964285,0.38145439855508173,0.307783481687448,0.16483477562056112
08423,joint_noise_gta_semantic_cityscapes_dropout_pu_0_00,0_00,0.18025378471349182,0.39207289068637097,0.5872372383111077,0.7579464800759018,0.0,0.0,0.24872655514568423,0.27600329949505137,0.3092408519451079,0.408674748267739,0.19406174751863398,0.6261668204531251,0.4898614247839439,0.3754176722880469,0.30563496776566135,0.2899741338154867,0.30568086027942876,0.18039122817847975
07585,joint_noise_gta_semantic_cityscapes_dropout_pu_0_00,0_00,0.21945369825669322,0.4970172894546311,0.7424979979272651,0.8890637509800049,0.9437676082729674,0.9594659998972154,0.2752586888762941,0.30104816648845933,0.3594600177732627,0.5646046786608824,0.30591010633543425,0.965571382683321,0.8003417079012025,0.49982332398371204,0.35067505113701036,0.31619945567010693,0.2662277991853631,0.19855557436433877
16940,joint_noise_gta_semantic_cityscapes_dropout_pu_0_00,0_00,0.18500025645557489,0.46494796404968936,0.6255966858687929,0.7542204590029709,0.0,0.0,0.25604860631612114,0.2920887753593719,0.34660524444130214,0.5237545659903617,0.251312004137785,0.7896116959819921,0.6689026756894687,0.4820744812823287,0.3388618493675392,0.3210406328003508,0.3453192535517932,0.19512031194489374
12963,joint_noise_gta_semantic_cityscapes_dropout_pu_0_00,0_00,0.14606636960031516,0.43222839717028794,0.5943646281557963,0.7531592142502943,0.0,0.0,0.2016536330817008,0.2649690967877641,0.3251430378336913,0.47370905154761594,0.18838060743352886,0.7475368822417688,0.5876687157614741,0.5461179839305685,0.4098657889243123,0.37799274364456226,0.26520517128561877,0.12470411933440566
11345,joint_noise_gta_semantic_cityscapes_dropout_pu_0_00,0_00,0.16561175588604377,0.41784303475510853,0.575285353059003,0.7382661405149771,0.0,0.0,0.22997056404623387,0.28024098290609484,0.3210202158872482,0.44398185225281767,0.18028705797869196,0.6510645160219116,0.5282305717453886,0.401721761142275,0.3130821299936407,0.29024903429185855,0.2663003016973179,0.159268249791308
08588,joint_noise_gta_semantic_cityscapes_dropout_pu_0_00,0_00,0.13953560720915414,0.43708038449174086,0.6182536786980477,0.7596364046360533,0.0,0.0,0.191054729774989,0.25007700694629376,0.2922957984973069,0.39176261825768544,0.14669856199165593,0.7484484213777388,0.5444373764482963,0.3953013155399182,0.30763762426207586,0.2993174798517021,0.2753612138504571,0.15651516625854392
08435,joint_noise_gta_semantic_cityscapes_dropout_pu_0_00,0_00,0.19446210459903496,0.4181533296648213,0.587012679590793,0.7657451842348284,0.0,0.0,0.2598581211075445,0.30484526717605315,0.3486487888496383,0.47018526522349846,0.20600728771838087,0.7505387197383041,0.6130539609427651,0.41040420903214253,0.30344339949381294,0.29196904904680104,0.3927482251166552,0.19904847536104364
00907,joint_noise_gta_semantic_cityscapes_dropout_pu_0_00,0_00,0.17563885582234304,0.41667467546013276,0.5651833227174874,0.7398294349656293,0.0,0.0,0.245461734647278,0.3026921216826452,0.35581501061937093,0.4794749393718604,0.2467517359634158,0.6825372316889801,0.5723498595661762,0.49297473431818384,0.33880993506892637,0.3203419294518328,0.19605506531081293,0.162635971903234
24568,joint_noise_gta_semantic_cityscapes_dropout_pu_0_00,0_00,0.16929756660291662,0.5530827516158474,0.6953432432139414,0.8014614059132683,0.9179675879869577,0.9517074998688229,0.2211767707713159,0.2739960222205059,0.3409600812636428,0.5728954598126256,0.21566446932358022,0.8952471480978424,0.871463753366748,0.6730433030436954,0.42437149231673865,0.3422612794313445,0.28752960964358565,0.13808045253393797
07353,joint_noise_gta_semantic_cityscapes_dropout_pu_0_00,0_00,0.24704031068408988,0.660135876693483,0.8211419717353068,0.8667825463675759,0.9272941473020875,0.9564294685884897,0.3389950515924307,0.39290926500521156,0.5171864926273143,0.8743037311875342,0.35617908217831773,0.9629761886434374,0.9476562482874609,0.9040507852037841,0.5699094520864615,0.4963242624535411,0.30319702717376285,0.15878157909408314
14641,joint_noise_gta_semantic_cityscapes_dropout_pu_0_00,0_00,0.10752070862554314,0.4074214302148367,0.5796500435313418,0.7431612712335577,0.0,0.0,0.14784584154909614,0.19883763305288454,0.27450627188276794,0.3738072547005379,0.11204908740023026,0.6012460775202322,0.5530470636910765,0.412691666579249,0.2755837855892992,0.26073780424982984,0.25812977705720086,0.1054979921865554
12183,joint_noise_gta_semantic_cityscapes_dropout_pu_0_00,0_00,0.24494358503656596,0.41993341066469403,0.6006920656531942,0.7768199827865183,0.9173585517171204,0.0,0.311357872947945,0.34606259800565176,0.4046444960285513,0.5260473593665332,0.3119054516227238,0.8142587398848579,0.7171475396337441,0.5733081211979573,0.44936920595877977,0.4058033677036204,0.33429387547137734,0.24093593323752466
10363,joint_noise_gta_semantic_cityscapes_dropout_pu_0_00,0_00,0.16966808412253093,0.4214343410306997,0.5897020142898133,0.754543295051672,0.0,0.0,0.23446362407124072,0.24751318757218654,0.2764662842340989,0.39451663999937575,0.24654208543772155,0.6948339079980821,0.46308022813315247,0.35986333875534443,0.2785190120955741,0.26773811023077393,0.3096499380794584,0.15889390358706865
02661,joint_noise_gta_semantic_cityscapes_dropout_pu_0_00,0_00,0.23514167031328703,0.49950286491711154,0.6521222490983803,0.7505751419038387,0.0,0.0,0.31139736112649025,0.3545364995692508,0.4499583526398103,0.6549693332663176,0.32109505595450105,0.8324306594195187,0.786680191900277,0.7135731732232493,0.448958646895511,0.39314257808171427,0.2960039427122113,0.1843905024895286
10379,joint_noise_gta_semantic_cityscapes_dropout_pu_0_00,0_00,0.1641454302490067,0.42273055056153197,0.5733235938537409,0.7508283156315801,0.0,0.0,0.23012095568974558,0.29987741402697765,0.364061026971506,0.4881327712110283,0.181991292706613,0.6973395450441673,0.5693269701050799,0.49659414830818605,0.45209286316261355,0.4353327539235728,0.3035100987636211,0.1517544426015763
13002,joint_noise_gta_semantic_cityscapes_dropout_pu_0_00,0_00,0.18699003974424405,0.40334597915871706,0.5761777052924522,0.7229115525259312,0.0,0.0,0.2558196577032616,0.3201491105437536,0.37370297347013737,0.488385690517984,0.1924814227334369,0.6778748976826947,0.564266133095829,0.4087707098024528,0.34260951496312275,0.33611843311550965,0.30632417490511765,0.18441273665715432
23901,joint_noise_gta_semantic_cityscapes_dropout_pu_0_00,0_00,0.2488217642592452,0.5465359573778792,0.7349353052734812,0.8075266198739894,0.9168321708958102,0.0,0.3245401810737051,0.3722481230315301,0.4799930966541536,0.7526546960559518,0.3431103127048534,0.90838930778609,0.8525398345723442,0.7929053696996875,0.537542636551248,0.47291987369741034,0.2953743810458732,0.18701482045381906
18908,joint_noise_gta_semantic_cityscapes_dropout_pu_0_00,0_00,0.16536249219564822,0.4219251453520437,0.5855268330408111,0.7524920366259263,0.0,0.0,0.23132493423623798,0.25901148197523577,0.2924014832375008,0.4198555545020275,0.25126330567798427,0.6525095392012993,0.48958507495820025,0.40384260347421974,0.2986219922594159,0.2745534331328899,0.23202700381670305,0.15932530602140915
14675,joint_noise_gta_semantic_cityscapes_dropout_pu_0_00,0_00,0.1731909917921298,0.4393323797352246,0.6138052546396365,0.7582079399644215,0.0,0.0,0.2367332223461515,0.27588352002562444,0.31663113945775834,0.45687283527109196,0.20013470675904707,0.7299260482224664,0.6108205557521871,0.46381364302211336,0.33375331235115274,0.3074191079878617,0.3603140629751986,0.17113282140747918
12275,joint_noise_gta_semantic_cityscapes_dropout_pu_0_00,0_00,0.16999033892419707,0.42935180871881545,0.5950459083257407,0.7524438143206728,0.0,0.0,0.22633546365258203,0.26796542632808884,0.31870466027280947,0.4625733250777651,0.2044579840944348,0.6643704964327454,0.549628499023772,0.4688074133963952,0.33955593873839085,0.2793984233671587,0.3992055788271875,0.16662915223100805
01053,joint_noise_gta_semantic_cityscapes_dropout_pu_0_00,0_00,0.21457835304030815,0.5932508166348245,0.7569865299500111,0.8626170360734393,0.917183312957604,0.0,0.29995081800349266,0.34530570616587447,0.4394063918142137,0.7500381210941021,0.314038411716519,0.9338714087456123,0.9268905569104171,0.8351674561087832,0.5150656147099347,0.4508777775979749,0.23922647656523166,0.1536903020458587
04466,joint_noise_gta_semantic_cityscapes_dropout_pu_0_00,0_00,0.2243562127053315,0.6143116122350432,0.8133489546930862,0.8845244167216568,0.9273699458977858,0.9658699237126088,0.2990717862126252,0.33654566601649655,0.422870762516482,0.7469813941283785,0.33005785885829686,0.9717772081501492,0.9340699394894798,0.7465793803781626,0.47222190457816204,0.41663951483695727,0.29470995656131915,0.17248323916872124
09762,joint_noise_gta_semantic_cityscapes_dropout_pu_0_00,0_00,0.18746441138218714,0.43166127889187783,0.6139449078434069,0.7657613305281378,0.0,0.0,0.25106791634788217,0.27002368709825264,0.31301263897379655,0.4584198303391053,0.2646670762368018,0.807816635705483,0.6853949395122043,0.5288494341279716,0.40336172739913034,0.37618345924757507,0.42205856330413766,0.1971003130288979
06774,joint_noise_gta_semantic_cityscapes_dropout_pu_0_00,0_00,0.22386362943282717,0.5725760021182996,0.7601647879243999,0.8613718593216559,0.9150764795034652,0.9541078188649922,0.3024543742750463,0.3412228038489788,0.43024109816338646,0.7258215924403101,0.31957834185656764,0.9375354553824836,0.9245222029029536,0.686825416476471,0.4378847040989868,0.38869858183121425,0.19600201945851037,0.17674780735777113
21607,joint_noise_gta_semantic_cityscapes_dropout_pu_0_00,0_00,0.23489607792476502,0.539132744262844,0.6653647025516208,0.7835627036135047,0.9021476436174368,0.0,0.32580532883871355,0.3750927197341061,0.484023664511592,0.7056911873484257,0.33513454623073763,0.8901720999915332,0.882294619681804,0.7221035629331438,0.43934369302092746,0.3819594076107167,0.33721439623689786,0.16733711844891141
09903,joint_noise_gta_semantic_cityscapes_dropout_pu_0_00,0_00,0.09810581219445888,0.42957861998518515,0.5522607870810102,0.7092472489303082,0.0,0.0,0.13419813815251486,0.1786176370572335,0.2599803163557704,0.3591099293766529,0.0981796632570978,0.6097279298758312,0.5321828485178492,0.4287880618236047,0.27896318638253353,0.2566825955774079,0.28610948387764307,0.1376149817615074
01482,joint_noise_gta_semantic_cityscapes_dropout_pu_0_00,0_00,0.2089804640821455,0.5586155674870767,0.7527827613444461,0.8072986639238258,0.9075229947359267,0.0,0.2937642175209993,0.3389122159645919,0.4237747684010069,0.7004734599682053,0.3262909084381385,0.9017139789709319,0.8802742123037894,0.6275352508279126,0.4169695412422106,0.3744915310984026,0.3310914012398114,0.16246566603037077
04243,joint_noise_gta_semantic_cityscapes_dropout_pu_0_00,0_00,0.21982591185831482,0.597918680366001,0.7954077013816316,0.8617166456619438,0.919629168846906,0.9536616292082489,0.3034512777576704,0.34379940242730145,0.43428816815601895,0.7454908430635494,0.31715053408375365,0.938939005084668,0.9292958856147284,0.7152668446512166,0.45853786732527935,0.4114478155447346,0.28902696075298095,0.17050098963134522
22252,joint_noise_gta_semantic_cityscapes_dropout_pu_0_00,0_00,0.19057844697324763,0.4260952672343551,0.5694761155619306,0.7260456272483918,0.0,0.0,0.2574898286750155,0.27782822303567556,0.3187534723936463,0.4500906996755397,0.2609443541699159,0.6176140703424341,0.523836423104662,0.39783553435652197,0.3101193690946805,0.28813971397584226,0.28908741445546976,0.16150208155434867
15897,joint_noise_gta_semantic_cityscapes_dropout_pu_0_00,0_00,0.20904420410135746,0.42394432494926926,0.6147166316617794,0.7508443550883556,0.0,0.0,0.2891980418081509,0.35723988000149615,0.41593208156814604,0.5502230399956557,0.21125196932935061,0.8036901616357891,0.7689287401896355,0.6300997577636754,0.4483985592147276,0.4201836170951715,0.3213402257734371,0.19862735271451323
12865,joint_noise_gta_semantic_cityscapes_dropout_pu_0_00,0_00,0.18898628790554664,0.43027422590592657,0.5634744322669503,0.7320037297470983,0.0,0.0,0.2622925093151027,0.3079949982471438,0.3679357882304407,0.5079509334470148,0.19845440941948564,0.6508912341131062,0.6072346439858028,0.5743155312361696,0.479527787049223,0.4295630318264002,0.27999345291968,0.18148266951139863
15956,joint_noise_gta_semantic_cityscapes_dropout_pu_0_00,0_00,0.2157038992597092,0.42143243032727074,0.6174882871256069,0.7569490665427306,0.0,0.0,0.2991687946411267,0.35589822920185266,0.4170579345749597,0.5522564378725136,0.22023318428969876,0.7721718966381504,0.6957876273963379,0.5318469674691031,0.40100105621451054,0.3787714046723877,0.44581919356358407,0.2035276573625211
22579,joint_noise_gta_semantic_cityscapes_dropout_pu_0_00,0_00,0.24313585911340463,0.5153446069640519,0.666754329492444,0.791191562298054,0.9152010719234557,0.0,0.3264267315157023,0.3754432266753064,0.47574576225997506,0.6924920967227743,0.30787722243867643,0.9266523829973248,0.8384845689489815,0.7520800106187571,0.577288604126559,0.49208050158836913,0.25209734845288306,0.16806645846594725
18982,joint_noise_gta_semantic_cityscapes_dropout_pu_0_00,0_00,0.16832903405814106,0.42522522027152476,0.602227435292133,0.7498361061377675,0.0,0.0,0.23600950329835269,0.255669038078445,0.2840211179751764,0.4082899910463904,0.2534284164663331,0.6983563181678235,0.5764592014824335,0.46840925252999405,0.3380832281014445,0.3091500066279874,0.3349635698066271,0.1636233814697835
04480,joint_noise_gta_semantic_cityscapes_dropout_pu_0_00,0_00,0.2513954757040523,0.5722194638159286,0.8042314587397476,0.884790044033491,0.9260041714651892,0.9552238802812605,0.3275652916447739,0.37614890982856836,0.4854399182867477,0.8021073998300879,0.35114821706890703,0.9504165106376629,0.9376327319660365,0.7784219678756333,0.48970525994246006,0.4314653204210546,0.3673844161300679,0.19529281177107588
14128,joint_noise_gta_semantic_cityscapes_dropout_pu_0_00,0_00,0.3083056860520667,0.4693965153576315,0.6049204397943775,0.7719324399866142,0.9147175270108919,0.0,0.3890621921295867,0.44869253354783806,0.5305969509432147,0.6507340587280173,0.368885047106881,0.8921344452141559,0.8369029544182173,0.7468275599725298,0.5758552976805084,0.5312270758943937,0.31796293796657826,0.2994135596344439
21460,joint_noise_gta_semantic_cityscapes_dropout_pu_0_00,0_00,0.2183554408068028,0.504395578491986,0.6906610301023459,0.8378703091670955,0.9248109644330351,0.9537536553118036,0.29394412972510775,0.329712811385898,0.4104362142905917,0.6359362129020961,0.30745281804344005,0.947869211063196,0.9179709676184115,0.8281484867478366,0.4997675364177025,0.43823155970609506,0.27913301136158886,0.17983137076080222
07248,joint_noise_gta_semantic_cityscapes_dropout_pu_0_00,0_00,0.20983925959996017,0.5963746102506459,0.7654146684293917,0.8226143511426353,0.9180921487516207,0.9538258745063325,0.2801671295228229,0.3099805562463458,0.37856434535268413,0.6627218493777345,0.31269489937043216,0.9473001092527621,0.8848357555877164,0.6110933298638626,0.40360325049316487,0.3624064122564824,0.2844664775535648,0.1665842045294703
09542,joint_noise_gta_semantic_cityscapes_dropout_pu_0_00,0_00,0.19996483101929036,0.4189756434438172,0.5793497154800841,0.7358881442993571,0.0,0.0,0.25138484864545574,0.26834429836011786,0.3038773836442755,0.4246288292933572,0.2582607180496957,0.6373276107062429,0.557097628789727,0.3891907718080276,0.30004015022635555,0.2807333821118154,0.3325859008371559,0.19543237738238747
01769,joint_noise_gta_semantic_cityscapes_dropout_pu_0_00,0_00,0.265456849524464,0.6049057953043068,0.7936640436571275,0.8515710968573464,0.9294595244395807,0.9590294838773585,0.33619547937452593,0.38834558254104584,0.5051674150839419,0.8363202468101721,0.33628006339481736,0.9660657897732939,0.9423820430177071,0.8861927840712329,0.5711966099220337,0.4946886497900481,0.31274702828856776,0.19074094080107395
15939,joint_noise_gta_semantic_cityscapes_dropout_pu_0_00,0_00,0.25888422359384533,0.4303149872156712,0.5687285444720305,0.7337421317212066,0.0,0.0,0.34111781849826955,0.3922253916068075,0.4586040157842876,0.5445764995416059,0.2860245602754649,0.7001077798025638,0.5940406567986849,0.5119465351469049,0.473903620072296,0.43435358129648577,0.3600900121318197,0.24852263781651188
00054,joint_noise_gta_semantic_cityscapes_dropout_pu_0_00,0_00,0.1754355735100954,0.5212988147136816,0.659806739937522,0.7656173797642527,0.0,0.0,0.2454379387901053,0.28865032703756655,0.3437599563570574,0.5640265227470029,0.28032783939852657,0.8287049190816664,0.795353792788745,0.6177807919948566,0.40477898264244744,0.36142892631193135,0.22381508465320168,0.14228627949595227
19313,joint_noise_gta_semantic_cityscapes_dropout_pu_0_00,0_00,0.17766419677169112,0.4010748683277471,0.5816700679671415,0.7435855152850367,0.0,0.0,0.24313258498188,0.2595795774250565,0.2911131486011763,0.38328195821584576,0.25153050194993476,0.6685057658834195,0.4981918677768115,0.3309981749085684,0.27841422123285026,0.27051928506080414,0.32583635629061214,0.15576297067481562
19986,joint_noise_gta_semantic_cityscapes_dropout_pu_0_00,0_00,0.1769087046889586,0.41900022052125807,0.5896354594793651,0.7427253512467991,0.0,0.0,0.23646525527842285,0.2471294307069905,0.27026215263584136,0.37264765553332585,0.25001546290649396,0.6551278462480596,0.5143201980954477,0.35718038063524177,0.269159055145605,0.2549631502446594,0.24328895922290872,0.17315313798916626
07498,joint_noise_gta_semantic_cityscapes_dropout_pu_0_00,0_00,0.20358757477579437,0.4894543496418033,0.6498800594662083,0.7603217848858553,0.0,0.0,0.28753548093324327,0.3325934679453717,0.40874540108079294,0.6156228043226512,0.20358757477579437,0.8336306250098476,0.7764863565971356,0.6675747162509574,0.4373022944506627,0.3919667791695148,0.2913473181142483,0.16036866463247504
13421,joint_noise_gta_semantic_cityscapes_dropout_pu_0_00,0_00,0.2160426740073081,0.4722637018107027,0.5997746683729065,0.7609989286312726,0.0,0.0,0.2891915863618096,0.324137740480681,0.39089299435725594,0.5664235268326254,0.2728282821318568,0.8244247314004624,0.7316002970800874,0.6301985252351989,0.5149447107878885,0.4509136070380443,0.3544939573637503,0.1772593401415276
15779,joint_noise_gta_semantic_cityscapes_dropout_pu_0_00,0_00,0.19097764698353628,0.5627378735646626,0.692211841832238,0.7899762449839631,0.9056688440569168,0.0,0.26895387528791004,0.3252010066370152,0.4060880007831605,0.671601530728484,0.30609580491335353,0.8990619517958618,0.8434418132273478,0.7677119394794043,0.47224598760348974,0.407266427916374,0.30494436731765606,0.13204622538266436
02693,joint_noise_gta_semantic_cityscapes_dropout_pu_0_00,0_00,0.23448159227385457,0.5792827080038188,0.716928295320764,0.7924263718655294,0.0,0.0,0.3137868620703204,0.3576400698516972,0.4583345038134228,0.7416423966798564,0.33552511093017373,0.8679219894577936,0.8534455857039547,0.7795247497083194,0.4819347979813877,0.42621568772704477,0.22889008616466577,0.16935772706584745
24743,joint_noise_gta_semantic_cityscapes_dropout_pu_0_00,0_00,0.2166032102772849,0.5809358758195186,0.7622634581269968,0.799172426071601,0.9051112816778942,0.0,0.2929622929261533,0.32813758483090405,0.4046540618643,0.6869236788298534,0.29398979983248563,0.904418782933102,0.8722860335270957,0.5975284634173732,0.4141092206491884,0.3760876096234365,0.2755325998655973,0.15395131026797607
12235,joint_noise_gta_semantic_cityscapes_dropout_pu_0_00,0_00,0.17423763774674192,0.44247411165307493,0.5693004689169355,0.0,0.0,0.0,0.24332692635791273,0.2872158981879771,0.33322389454003476,0.48147842576825794,0.19062277665243907,0.6743407629640236,0.6443634758714885,0.580945687791584,0.45783225206444017,0.3881354003243915,0.19358803521314824,0.16473646062472505
23184,joint_noise_gta_semantic_cityscapes_dropout_pu_0_00,0_00,0.22456963160470833,0.5301999587726479,0.6457946534123339,0.7706733330588892,0.9096463125783784,0.0,0.29663943963234674,0.33269965011230324,0.4131544846562751,0.641108647266046,0.3100258624008214,0.8884313722625472,0.8248408876197952,0.673036056796922,0.4126422207304815,0.3669752357362166,0.27581045388714365,0.16646355230943344
11644,joint_noise_gta_semantic_cityscapes_dropout_pu_0_00,0_00,0.15749680106757522,0.40037848022569644,0.6125214180503427,0.7451177956000631,0.0,0.0,0.2193170776507048,0.25959356688025725,0.29544767282730033,0.4112258011498719,0.20041532580110574,0.7315916401115767,0.6213387879190414,0.39041650420176244,0.2793177252851502,0.2605901451523254,0.22637260695732972,0.14989896645477763
04856,joint_noise_gta_semantic_cityscapes_dropout_pu_0_00,0_00,0.22563717421047144,0.6038304863091298,0.7960915322604223,0.857172746230401,0.9166558268757582,0.0,0.31469613624124987,0.36049627127328016,0.4623303203714995,0.7900993368746471,0.33590395901330916,0.9337774908212754,0.8919879301763575,0.7785613996013907,0.48832178761190503,0.4307730048394127,0.221964612165214,0.16261458886285718
11163,joint_noise_gta_semantic_cityscapes_dropout_pu_0_00,0_00,0.2679783791556171,0.4781766434206819,0.6333603663191758,0.753622906889693,0.0,0.0,0.35499540851402356,0.40550847164875686,0.4921647135074053,0.6608303879905404,0.2747257118204269,0.8062692188072924,0.7922462606798287,0.7454157648116713,0.6404853783332628,0.5956770518527271,0.3220179230409808,0.2323711966847017
18827,joint_noise_gta_semantic_cityscapes_dropout_pu_0_00,0_00,0.1663335759749139,0.4144170452269485,0.5824343913034302,0.7613465959641761,0.0,0.0,0.23064679890000023,0.2570853828719246,0.29074218827893344,0.41484590385007036,0.2453352702358096,0.6260982680204308,0.4850042960920467,0.3936996948863044,0.29119470585636387,0.2650704034509331,0.24973170523985372,0.15999161629993222
11480,joint_noise_gta_semantic_cityscapes_dropout_pu_0_00,0_00,0.1958208562835833,0.39199121742903476,0.5539069013851879,0.709499842309366,0.0,0.0,0.26430576157951546,0.28796078383502305,0.319653995566966,0.4133025566974392,0.1958208562835833,0.5519704597144778,0.4579315518607321,0.36548122385691273,0.30675187591073505,0.29045161741441755,0.28116240920605556,0.1914973680477705
14959,joint_noise_gta_semantic_cityscapes_dropout_pu_0_00,0_00,0.18665859063344592,0.41078427919118704,0.5894665181863636,0.7418941711407544,0.0,0.0,0.25870608934441053,0.28717803248757556,0.33021544826553334,0.45085989858479286,0.2181390475304468,0.6717717390085923,0.5416520488752373,0.42261392587874397,0.33296341912874156,0.29878433286503586,0.31141659995093396,0.1854028261918606
12118,joint_noise_gta_semantic_cityscapes_dropout_pu_0_00,0_00,0.19035420788128773,0.38820814096654616,0.5658742800709717,0.7191767736971693,0.0,0.0,0.2664465094257137,0.3401312066591527,0.38765850184588874,0.46243830931425756,0.2089703709414024,0.6642701995315682,0.548365344999701,0.4591564389631397,0.4130783688041531,0.3834019416608085,0.26435268137618184,0.17983867359826905
14744,joint_noise_gta_semantic_cityscapes_dropout_pu_0_00,0_00,0.17089045925516347,0.3990168045053181,0.5863059179169723,0.765481378691942,0.0,0.0,0.23261576031135006,0.2535363094035889,0.2817703114478374,0.3787825878067597,0.21569345955128713,0.7058329283962997,0.5070909611219622,0.32970826233752115,0.2595282881775459,0.24824944032282584,0.2998879713352822,0.16270001403833748
10967,joint_noise_gta_semantic_cityscapes_dropout_pu_0_00,0_00,0.10285731423645657,0.3912966021176424,0.6052266414060883,0.7565233623387683,0.0,0.0,0.14037484379572884,0.18531688505804594,0.2592903492774018,0.3655471062605977,0.12392499427068264,0.6240093445945711,0.4973067728307464,0.33694928934299506,0.2394695052854508,0.21514130820420369,0.27892562423323325,0.10218453704530847
20583,joint_noise_gta_semantic_cityscapes_dropout_pu_0_00,0_00,0.2032456952383174,0.604290691263272,0.7727228736085111,0.8410710445526919,0.9267751892815655,0.956036435239065,0.2851853915910125,0.33323747449221436,0.4183115007482502,0.7291098495904702,0.3116343053390566,0.9516893036929717,0.9320328657872572,0.8809578525425714,0.5604832916801389,0.45917564040925074,0.26761669820192857,0.15338021485421063
04927,joint_noise_gta_semantic_cityscapes_dropout_pu_0_00,0_00,0.24288010204949823,0.5734654449502755,0.6979584415755181,0.7881354443623667,0.9084833252998863,0.0,0.3222783757090159,0.3686310579945093,0.4747079652468033,0.7366771791092456,0.3499772686077658,0.8967460846220058,0.8341528438161754,0.7626535882446349,0.5360688661041385,0.44530234364953786,0.29435724427027965,0.1753750309321233
07308,joint_noise_gta_semantic_cityscapes_dropout_pu_0_00,0_00,0.19596172273240225,0.593526451159386,0.7806663184542356,0.865869347096436,0.9152092313772017,0.0,0.2712959772418674,0.31620373736162627,0.385152828185638,0.6507658817825875,0.2490001446785951,0.9356635351386295,0.9005093544318877,0.6078005906764953,0.40423605458542783,0.3626491959002784,0.35247124852263356,0.13072682425960094
15410,joint_noise_gta_semantic_cityscapes_dropout_pu_0_00,0_00,0.13677992444145143,0.4753232058124149,0.5919513354955205,0.74394144300257,0.0,0.0,0.19201607439650412,0.2556538865655676,0.29903669547612066,0.45117927841348415,0.14991643654737982,0.7109249892330918,0.6064116045261565,0.4678125701126433,0.33534718043757855,0.3034270177566402,0.3092207774447076,0.11955671200922356
24774,joint_noise_gta_semantic_cityscapes_dropout_pu_0_00,0_00,0.22538925500689452,0.5705279325706131,0.765710467576999,0.8233125019169137,0.904954224495426,0.0,0.3073952350637204,0.34857864855441484,0.4380919364586434,0.7271959337641739,0.3065282310012667,0.9018804445344978,0.8830621263895382,0.6661945160571727,0.44517742388766346,0.39812710853479216,0.23649374228531123,0.16773054828364778
13861,joint_noise_gta_semantic_cityscapes_dropout_pu_0_00,0_00,0.15164727531070993,0.3993624764497011,0.5838298564177833,0.7459460843299163,0.0,0.0,0.20860703360366423,0.2669961362166607,0.30455565779339205,0.41430075382659315,0.1629517735565454,0.6569354148213995,0.5169320615541269,0.36547263883170544,0.2981381409789815,0.2729067383419932,0.240300805301278,0.1303445115882119
06561,joint_noise_gta_semantic_cityscapes_dropout_pu_0_00,0_00,0.21445873936711074,0.5767138737271627,0.776736910574767,0.8457106156036883,0.9163169227762322,0.0,0.30278535948981666,0.34795147543791166,0.44080701001322675,0.7382150848479867,0.33645121670299144,0.9253165991398993,0.889830877244793,0.6605967870311568,0.4318446031709042,0.39149943438263446,0.2508290574892042,0.16455962672275184
22924,joint_noise_gta_semantic_cityscapes_dropout_pu_0_00,0_00,0.17622358098159194,0.4052813715204733,0.6009993493885033,0.7257414675478474,0.0,0.0,0.23847620616101078,0.25240062390375195,0.2835876936751154,0.39500632661884605,0.245726709710237,0.6623106912019153,0.5424774905789403,0.39050992322346434,0.28201016137635027,0.26722427317491804,0.25917934816623767,0.1669562488565699
21152,joint_noise_gta_semantic_cityscapes_dropout_pu_0_00,0_00,0.20281383160393335,0.5851964461991337,0.782704055559138,0.8554899038808007,0.9203463763264792,0.954812123886924,0.28413607254871126,0.32376778287500774,0.4025483697447086,0.6953183439600392,0.30269043749934554,0.9521351066254087,0.9370002081742627,0.8727120611296293,0.5103733555128158,0.42477013127704605,0.2167614860390014,0.15245660945774692
11176,joint_noise_gta_semantic_cityscapes_dropout_pu_0_00,0_00,0.188034914339452,0.44329722336502203,0.5983725435188054,0.7575028581143362,0.0,0.0,0.25351501893194217,0.2954750230557238,0.34587940761628866,0.4942149073423576,0.21941347032771513,0.7490794340729466,0.5815252276464306,0.4638406208994603,0.3216212164881226,0.29976130395552425,0.3569144428320533,0.1786148989885521
frankfurt_000001_019698,joint_noise_gta_semantic_cityscapes_dropout_pu_1_00,1_00,0.21829149748597795,0.4468893855103048,0.6304580150479447,0.7641996028915771,0.0,0.0,0.28675241243225913,0.3193193080203059,0.3843134859821353,0.5431670046004928,0.30150046250701407,0.8128061569089721,0.7706837729786163,0.4981057379451488,0.3376306426213699,0.32962107437453103,0.3552356337846043,0.1998680840741425
frankfurt_000001_014565,joint_noise_gta_semantic_cityscapes_dropout_pu_1_00,1_00,0.2191265104393074,0.49266122696453823,0.6121678947712131,0.7897311531966993,0.923546109226391,0.9546509066726999,0.3019643812271262,0.34764355090375293,0.43714011020813104,0.6107622827638642,0.29392654886080133,0.871687499561641,0.7609887256701435,0.5909284762673408,0.46377624509057563,0.39993838952514427,0.39512131337142703,0.19549290698859248
lindau_000038_000019,joint_noise_gta_semantic_cityscapes_dropout_pu_1_00,1_00,0.23014778553504808,0.4216344570418278,0.604518316880459,0.7550224002542953,0.0,0.0,0.27273474942784454,0.2962248002187205,0.3429337127871041,0.47144839234235214,0.28527342005875944,0.778130611960277,0.6927137210015007,0.4474627104576646,0.34049509995802096,0.3078369488046351,0.4761384604616145,0.21536521289715985
frankfurt_000001_083852,joint_noise_gta_semantic_cityscapes_dropout_pu_1_00,1_00,0.2093769004897706,0.42279304069328466,0.596666199451872,0.7296850759641846,0.0,0.0,0.2657564253117841,0.28831003429242213,0.3360935664765529,0.46795855704528483,0.2722034776609949,0.6997136092224201,0.5857725226264408,0.38018824796340955,0.30428006325580315,0.29717840901616077,0.4039132733998567,0.18441654999705998
munster_000149_000019,joint_noise_gta_semantic_cityscapes_dropout_pu_1_00,1_00,0.16528529869179348,0.5081914194103171,0.6572353557435582,0.7497069180778997,0.0,0.0,0.22860273406856668,0.27125052428483265,0.3155274275591388,0.49563637469279914,0.25711543344909604,0.7948204857932554,0.742912947755542,0.5853290487551637,0.35116861141878863,0.294236489151226,0.4716739618274452,0.15420284801745887
frankfurt_000001_054219,joint_noise_gta_semantic_cityscapes_dropout_pu_1_00,1_00,0.28180568735259814,0.4583336600803199,0.6276843247343231,0.7904263509229612,0.9078482611793994,0.0,0.3518393353575509,0.4013196833366085,0.48230820642539746,0.6324572147474825,0.35122487624554866,0.8932367913781216,0.8523190254225328,0.6328209530654568,0.45003512183424843,0.3972698542047804,0.38776228183953537,0.2583610732904867
frankfurt_000000_009969,joint_noise_gta_semantic_cityscapes_dropout_pu_1_00,1_00,0.23096313877611166,0.44979502831724916,0.6079952927827291,0.7671620772611195,0.0,0.0,0.29238667301867094,0.32595907837572713,0.39479678749523184,0.5468974527043785,0.30131091503948854,0.8312007914843843,0.6480436350889149,0.47813945829364324,0.41771848217819124,0.3851005151887432,0.2758437523845661,0.21447352307981607
munster_000133_000019,joint_noise_gta_semantic_cityscapes_dropout_pu_1_00,1_00,0.32173113145066984,0.454887013601648,0.567994082744163,0.7635904189272357,0.0,0.0,0.3938406188691381,0.45096780621264554,0.5134566787945837,0.5929954178629129,0.3218336849785331,0.8349166478965785,0.7782641622696689,0.5952050792320392,0.5511277415428804,0.4945568401599384,0.37346102747887744,0.2463277531604717
munster_000066_000019,joint_noise_gta_semantic_cityscapes_dropout_pu_1_00,1_00,0.21738230110965998,0.43086347706291656,0.6059820870809023,0.7516217547030384,0.0,0.0,0.26793670127073893,0.29362717399929356,0.3475454748380059,0.4905488107604416,0.2788220106173538,0.758569243165535,0.6144231426107775,0.4649973322414543,0.358208897662188,0.32903419609690865,0.3539114731206045,0.20506360024843098
munster_000010_000019,joint_noise_gta_semantic_cityscapes_dropout_pu_1_00,1_00,0.22138540907479395,0.44257697923994593,0.6194225895478128,0.765582373331248,0.9110984452428005,0.0,0.2927476505944891,0.3218622619499037,0.37750683122095674,0.5303553125002046,0.22541737847673007,0.8205933377113989,0.7505043762850052,0.593600737990378,0.39506930886324093,0.3550474797006844,0.32547744369512854,0.21258915103436712
munster_000068_000019,joint_noise_gta_semantic_cityscapes_dropout_pu_1_00,1_00,0.19174763279957802,0.45786304130399047,0.6048150686432922,0.7619251134650783,0.0,0.0,0.2544981833976422,0.274797971070458,0.31944631425914,0.4781589470379475,0.26948851200143387,0.7649192224059482,0.6093358444851649,0.42121953949405744,0.3144535544733711,0.29440263324646215,0.3778534706517362,0.1763163375588873
munster_000173_000019,joint_noise_gta_semantic_cityscapes_dropout_pu_1_00,1_00,0.18291459117758294,0.41496726517347404,0.5945354943157355,0.766991566428612,0.0,0.0,0.25920343706761184,0.31875577027420837,0.3774467056238689,0.4984401728705744,0.18302668340158174,0.8190740001645146,0.7575617024161566,0.5186553944999864,0.3845089454888836,0.3689868818984373,0.3622962523611216,0.13871459319076224
frankfurt_000001_064798,joint_noise_gta_semantic_cityscapes_dropout_pu_1_00,1_00,0.20664514234332845,0.44262010607664243,0.6369342566267993,0.7706188016316924,0.9056259602256971,0.0,0.2675086818675634,0.29160668956304775,0.34006162164385667,0.4889501937656411,0.27312081519382636,0.8578466881177487,0.6106502251892096,0.4048156917791244,0.3500855558673123,0.3130309813396962,0.3743270532074521,0.17800277444134652
frankfurt_000001_060545,joint_noise_gta_semantic_cityscapes_dropout_pu_1_00,1_00,0.17853362034663828,0.45672046025965174,0.5984975464750002,0.7493187621000973,0.0,0.0,0.2484155558846931,0.26653160589290786,0.30364830515013097,0.4416386778931715,0.26269004951522545,0.7560626304803361,0.554434227058911,0.4256295947845634,0.31432416267158364,0.28939457579556616,0.3655656108729923,0.164469371764415
munster_000014_000019,joint_noise_gta_semantic_cityscapes_dropout_pu_1_00,1_00,0.16233557951814512,0.4690556489928529,0.6053900007674757,0.7470324669269389,0.9042308825669628,0.0,0.22923227732395762,0.2686222705348821,0.3098961898477095,0.4672899188717468,0.2589223127128116,0.7466884025514976,0.611336166957284,0.5570779487238936,0.37857614332194606,0.33096949267706566,0.36182987640990993,0.14634009655014155
frankfurt_000001_004736,joint_noise_gta_semantic_cityscapes_dropout_pu_1_00,1_00,0.2479812625627236,0.45696272341935223,0.6278880472778626,0.7985519345605535,0.0,0.0,0.3064156803094748,0.34499102319533964,0.4214530104164973,0.5859314630034658,0.3283777386349381,0.8871265882970417,0.8536751865775064,0.544918673129801,0.37275035562755493,0.33783819746629606,0.3254039938075694,0.22113925898750858
frankfurt_000001_008200,joint_noise_gta_semantic_cityscapes_dropout_pu_1_00,1_00,0.18157641603755365,0.4509203637385806,0.5957525592722878,0.7508635850496731,0.0,0.0,0.25324197983247965,0.278987766211207,0.32605828918706886,0.4839945706990569,0.2693219771456413,0.7505016870882679,0.5969156112282041,0.44648093334017935,0.30093225143616864,0.27502053554527073,0.3673930017584422,0.16071824990027173
frankfurt_000000_011461,joint_noise_gta_semantic_cityscapes_dropout_pu_1_00,1_00,0.2828284121803135,0.47427857228392056,0.6408198986899746,0.7964677286715167,0.9068735175440839,0.0,0.32974527504077156,0.37482590330324694,0.4622721543660353,0.6297503246311521,0.33736341576279144,0.8922360842286539,0.7623848428290286,0.6079619852188576,0.4351174243168834,0.390748971906997,0.4335147811483807,0.2634940751947058
munster_000061_000019,joint_noise_gta_semantic_cityscapes_dropout_pu_1_00,1_00,0.2167819724684397,0.3978410386214602,0.589110868605784,0.7347390213925994,0.0,0.0,0.303756736113822,0.3533193930040267,0.40558528449698017,0.49423044392443033,0.27109253557522306,0.6671850697353581,0.5548349157551237,0.4763857561598034,0.42200966710181814,0.40012844608795195,0.29294616915398625,0.2107152528165966
munster_000129_000019,joint_noise_gta_semantic_cityscapes_dropout_pu_1_00,1_00,0.2058868533524045,0.4155845855202581,0.5943736111469465,0.7495625910174143,0.0,0.0,0.26956679882882956,0.29442339604204343,0.34565904361297894,0.47228928379002094,0.28659363955278244,0.7215406333482686,0.6087361866217118,0.435883425490104,0.32976663370589215,0.313432459774932,0.31962650661136577,0.1958453161768984
munster_000166_000019,joint_noise_gta_semantic_cityscapes_dropout_pu_1_00,1_00,0.256257564454647,0.43967951910539477,0.6029784441919777,0.7789304896666773,0.903179416676696,0.0,0.3034175301522848,0.3391724196514839,0.41062616697998316,0.549464402041685,0.32813113889110246,0.8716673108463938,0.7551893660024988,0.6325757973404569,0.4595119865564808,0.4097642454081725,0.38786063263211185,0.24648723844561043
lindau_000039_000019,joint_noise_gta_semantic_cityscapes_dropout_pu_1_00,1_00,0.23593539972726604,0.43553468912353666,0.6031906576172459,0.7705543350893689,0.0,0.0,0.2819690850190965,0.3115447835684062,0.3705419764787299,0.5112138743175244,0.29957434132354827,0.8082703165205259,0.7438168553568443,0.6062980009856558,0.3430842254450643,0.33964312887577597,0.37391656907982607,0.22599379201645095
frankfurt_000000_011810,joint_noise_gta_semantic_cityscapes_dropout_pu_1_00,1_00,0.2729313482459099,0.4558546005833551,0.601187944518665,0.7566805977941126,0.0,0.0,0.32680026241246196,0.3712663848360011,0.45380937886659223,0.593376044209933,0.3319458375849987,0.8042462624267425,0.7081248302387979,0.5922332765263196,0.4132345314158158,0.3780038819726683,0.38664302841005443,0.2557752853661217
munster_000055_000019,joint_noise_gta_semantic_cityscapes_dropout_pu_1_00,1_00,0.26914302070148743,0.45032323480279357,0.611098337632794,0.7493906017728293,0.0,0.0,0.3115753875429199,0.34990941837280637,0.4251175075731381,0.5727018090568848,0.31486658340458074,0.7816501589799408,0.6622346520237484,0.5441184676366491,0.4260343838344557,0.4047641407467363,0.3561921205245129,0.26985622860239084
munster_000104_000019,joint_noise_gta_semantic_cityscapes_dropout_pu_1_00,1_00,0.24478017090341836,0.44182227904427357,0.6367418910244722,0.792036419991738,0.9125866131114553,0.0,0.29727786261859307,0.32799701030000494,0.3868574793624958,0.5395945773999019,0.3103333948168301,0.8847139381732633,0.7739689739026587,0.5813283227655481,0.3899136739882751,0.3499324880712059,0.4436657569369182,0.22787153540786323
frankfurt_000001_042384,joint_noise_gta_semantic_cityscapes_dropout_pu_1_00,1_00,0.26129582920159333,0.44738911155377387,0.6473121354138477,0.8021350554075526,0.9105566620062956,0.0,0.31690992844903504,0.35600436864261925,0.42837190430977,0.5914721427488102,0.32467711413755546,0.9053656577597274,0.8054308352563776,0.5223677963441887,0.37803900214114217,0.3466315884813148,0.2645947549904527,0.2410032909725923
frankfurt_000000_021667,joint_noise_gta_semantic_cityscapes_dropout_pu_1_00,1_00,0.19707533981394112,0.4789132873861981,0.5974002801849313,0.744829000158499,0.0,0.0,0.27721397199951137,0.32751429344977556,0.4003794062236278,0.5661492598644847,0.31000036969010936,0.8003067179603944,0.6480298348218215,0.5220838773561307,0.4514163316314191,0.4209518425518516,0.2772055021039021,0.17528564369074373
frankfurt_000001_019854,joint_noise_gta_semantic_cityscapes_dropout_pu_1_00,1_00,0.24310295264053633,0.41982248573731956,0.5852233180047035,0.7284626797884091,0.0,0.0,0.2900777034517529,0.322233330036755,0.38441590613679405,0.5033664517100377,0.3010093208934657,0.6999550557089245,0.6484100445914122,0.5088853954913298,0.35299953995451455,0.32181516088195217,0.35313093606924384,0.22379306596915605
munster_000056_000019,joint_noise_gta_semantic_cityscapes_dropout_pu_1_00,1_00,0.2706234627564239,0.43000192297508855,0.5900353927175259,0.7563500162433371,0.0,0.0,0.3644843187083951,0.4153679576723231,0.475099451083884,0.5602139832979965,0.33524907503020773,0.8233633403233677,0.7184587477758261,0.5915436807768956,0.4235834832509903,0.40790736444804404,0.30546561495488644,0.26468806605831086
frankfurt_000001_062396,joint_noise_gta_semantic_cityscapes_dropout_pu_1_00,1_00,0.18081072246286184,0.45628415371997305,0.6087886771181917,0.8070769228087914,0.9139257183272406,0.0,0.2536377344301149,0.28350976638114384,0.33290541195053547,0.4986051643756255,0.2717576688185506,0.880611092499966,0.5867520172209995,0.4276811751140704,0.2926933508201696,0.2725483547844104,0.2978520096293836,0.1591414074951359
munster_000082_000019,joint_noise_gta_semantic_cityscapes_dropout_pu_1_00,1_00,0.21656936982768837,0.4126413797753726,0.5867146323436596,0.7396173231447362,0.0,0.0,0.2872605033520083,0.31259555236442094,0.35920955150942085,0.4789635518361007,0.28494162893911984,0.7255808535683524,0.6642150263144848,0.5350205306074466,0.36041208437245387,0.31525811025822925,0.3094467104901774,0.18094559755945006
munster_000123_000019,joint_noise_gta_semantic_cityscapes_dropout_pu_1_00,1_00,0.21022336753894244,0.4133352611319358,0.5802369688623983,0.7310761618007026,0.0,0.0,0.2736845893516048,0.300380160882715,0.35059346738074,0.47257869295484883,0.2758663692057894,0.6886210212447067,0.5742059179379688,0.4556602634304815,0.34055755398030535,0.3130126025793009,0.2919106754289702,0.20313699879096908
lindau_000048_000019,joint_noise_gta_semantic_cityscapes_dropout_pu_1_00,1_00,0.19371636510053925,0.42899902783402283,0.5828368901270734,0.7483196725340073,0.0,0.0,0.26918112381943504,0.3161169957551555,0.37515700212916,0.5092693419719062,0.1944718001798237,0.6933571140931032,0.6424189401888013,0.5674556607375324,0.4220969953264989,0.3841269464121401,0.42447926107357076,0.14067136275708453
frankfurt_000001_017842,joint_noise_gta_semantic_cityscapes_dropout_pu_1_00,1_00,0.2716780486046076,0.46041399135716593,0.6201201555998073,0.7754022233758915,0.9091288020901623,0.0,0.3280856705437207,0.3727145367970601,0.4545645189386454,0.6039120912664836,0.34810818178612035,0.8731678933161282,0.7822299416192606,0.7076619532936637,0.47342609601412144,0.4217540138767011,0.4068404175673044,0.2520095238809627
frankfurt_000000_007365,joint_noise_gta_semantic_cityscapes_dropout_pu_1_00,1_00,0.24450492681450864,0.4303416368360949,0.6174488497138262,0.7632701573453751,0.0,0.0,0.31500701423189287,0.35370786246767216,0.42151839402610686,0.5444912522643113,0.3180865645804654,0.8326682337327944,0.7255831525657094,0.5176391975557442,0.4298428002374654,0.4064801459341472,0.22855968624188683,0.22284743357187506
munster_000005_000019,joint_noise_gta_semantic_cityscapes_dropout_pu_1_00,1_00,0.22028867720264583,0.4291027682585995,0.5924164406752477,0.7712887070813007,0.0,0.0,0.2827239897553258,0.3124589790568362,0.3730604861907213,0.5106392041535907,0.29301934284795317,0.8210277255536788,0.7216160681909617,0.48784010890706164,0.3988148273105574,0.36706559377741144,0.34531260335566605,0.2126197924088541
frankfurt_000001_080830,joint_noise_gta_semantic_cityscapes_dropout_pu_1_00,1_00,0.24552351982283005,0.43781173181646366,0.6010587436737248,0.7517723657671443,0.0,0.0,0.2980367008049081,0.3313035034954035,0.3958127209868061,0.5426897142517227,0.3143049694385668,0.7762181177327194,0.6832385552929161,0.48878592995916387,0.3363436393406946,0.32006705103175415,0.3335931131108019,0.22507735560346737
lindau_000054_000019,joint_noise_gta_semantic_cityscapes_dropout_pu_1_00,1_00,0.20742435628094302,0.44230586160746005,0.6097911015961119,0.7707363414543406,0.0,0.0,0.26728887237978566,0.2938440317782351,0.34704684599280605,0.49786989114333857,0.2837947357258285,0.830398967674235,0.7097751139526122,0.5323825296981495,0.3517682797942387,0.316231832507277,0.3360100217179933,0.201352835195337
munster_000156_000019,joint_noise_gta_semantic_cityscapes_dropout_pu_1_00,1_00,0.296865959153361,0.43665476203089115,0.6006673145786854,0.7554895702184625,0.0,0.0,0.39426013024089707,0.4463705618748023,0.4967023182289911,0.5947144415855354,0.3433565857907052,0.8041407621169608,0.6941795967145089,0.6114057247207232,0.49687819400180905,0.47681438378196417,0.3720150475460222,0.2876657768264602
frankfurt_000001_076502,joint_noise_gta_semantic_cityscapes_dropout_pu_1_00,1_00,0.24225844906324448,0.4442397942866249,0.6157518045752784,0.782189233579264,0.0,0.0,0.3134565879684983,0.3525591815070109,0.42502052371024235,0.5639617797731461,0.32813270367071584,0.8627111035791082,0.8283506696209904,0.5982505040201924,0.4254097763556133,0.3938910923269422,0.31683854708126435,0.2284448317064799
frankfurt_000001_029600,joint_noise_gta_semantic_cityscapes_dropout_pu_1_00,1_00,0.2341166903627179,0.46246168495382034,0.6195741417042793,0.7624228922716454,0.9166459744022486,0.0,0.3195593815783621,0.3655213409353881,0.4437609323531287,0.6064407939401049,0.2999552823966775,0.8917535881130776,0.7707193147875695,0.6935658186457904,0.5630665831363251,0.5210071184729099,0.42026280717240727,0.18870236746823255
munster_000007_000019,joint_noise_gta_semantic_cityscapes_dropout_pu_1_00,1_00,0.2227653462538422,0.41706242592048554,0.612480168048732,0.7653507835188379,0.0,0.0,0.2883768918321832,0.3193281955380427,0.3783900703193468,0.504721579733295,0.3019062976944393,0.8407323910149799,0.7232951513103818,0.5982505791401372,0.4348669040669093,0.3839451680442907,0.36329267448660946,0.21357612144959748
frankfurt_000001_071781,joint_noise_gta_semantic_cityscapes_dropout_pu_1_00,1_00,0.26895288109399823,0.42767146315367216,0.6087777237646179,0.7526080957700814,0.0,0.0,0.32227629144949965,0.36160051453459774,0.42768189595168665,0.5639734928698151,0.335038367018005,0.7573116518504591,0.7254800835703539,0.6205672225188369,0.4758061305737412,0.41653837192789167,0.38249242371498243,0.25417480423352395
frankfurt_000001_062653,joint_noise_gta_semantic_cityscapes_dropout_pu_1_00,1_00,0.22086567210080055,0.5084791947070235,0.650951489542329,0.7738933436721303,0.9010884018721835,0.0,0.3043805187313756,0.34655752003500306,0.4327902070036841,0.6428942775737865,0.32549020068385726,0.8844371890050392,0.8334375615585194,0.7275329262132304,0.5170993781659494,0.45131273001965366,0.3563357314820329,0.18705160013386615
frankfurt_000001_080391,joint_noise_gta_semantic_cityscapes_dropout_pu_1_00,1_00,0.22274578810520473,0.4395144693864859,0.6067814594777579,0.7728393337173,0.0,0.0,0.2709741462730862,0.2948252593647654,0.34380100731522784,0.4912319657345958,0.2809707962263483,0.8040898405820919,0.5989560841240533,0.47033301562257696,0.3559030563221568,0.31770100487193403,0.3522916856680206,0.20889942030981057
munster_000017_000019,joint_noise_gta_semantic_cityscapes_dropout_pu_1_00,1_00,0.230944166881512,0.4108880105490613,0.6231514718519833,0.7698996286915037,0.0,0.0,0.2776211582684571,0.3015465997618993,0.3463442669092616,0.4664028434090683,0.2721043067215339,0.7722112890519937,0.6739158032052514,0.5444695429880684,0.38126706984363545,0.3432793781736999,0.44869404798956075,0.2107217041714437
lindau_000001_000019,joint_noise_gta_semantic_cityscapes_dropout_pu_1_00,1_00,0.17936030287766822,0.41402403953296624,0.5555638109612919,0.7281779126131075,0.0,0.0,0.24871849429138568,0.2817394833873563,0.3228173431998184,0.44413784407654716,0.24212227656738877,0.6317982906248595,0.5308387802615203,0.4830783613314975,0.3603735689896092,0.3210298082760416,0.2613750645619454,0.1705989015435448
frankfurt_000000_011074,joint_noise_gta_semantic_cityscapes_dropout_pu_1_00,1_00,0.2776171453090097,0.4373018622093727,0.5977569282924422,0.7563443031782393,0.0,0.0,0.36075479342193056,0.40951216141359575,0.4771399373387316,0.5912685154660381,0.29175652275505914,0.8507099532712697,0.7614443276615143,0.5942543331113298,0.4619492108849399,0.42424404244682157,0.3536227124355216,0.26937055878696337
lindau_000058_000019,joint_noise_gta_semantic_cityscapes_dropout_pu_1_00,1_00,0.25598368861865767,0.4202658500632424,0.5752704160166138,0.7408561176160878,0.0,0.0,0.2848872208811235,0.3112014085064606,0.36224474216040387,0.4892258780793463,0.2938105875887986,0.7578118317531783,0.6823684842889526,0.46622050529391745,0.40927388808228676,0.3643309941556446,0.39190171114593897,0.2514569866821186
frankfurt_000001_011835,joint_noise_gta_semantic_cityscapes_dropout_pu_1_00,1_00,0.2841385461458127,0.45524679059695383,0.5898240861169007,0.742197715426825,0.0,0.0,0.36674631097465243,0.41855904147135736,0.49613159483197505,0.6112787796074909,0.2874582652376473,0.7750590149542818,0.7000515221200323,0.5371760944093288,0.4169064647077792,0.3840857135269417,0.31865921013743614,0.263975980653677
frankfurt_000001_017101,joint_noise_gta_semantic_cityscapes_dropout_pu_1_00,1_00,0.2722445402044452,0.47894522805828793,0.6303220602415467,0.7867819534886965,0.9095327506377592,0.0,0.33723172337753365,0.3863471799180163,0.4776369667622324,0.6421695858435309,0.3529213616273611,0.9070512673177815,0.8131624294798203,0.59553845388158,0.4462324039313883,0.4262407113511406,0.4990112064359788,0.2491357860541832
frankfurt_000001_073243,joint_noise_gta_semantic_cityscapes_dropout_pu_1_00,1_00,0.2717459748545776,0.4522514752450917,0.5872566920883274,0.7507427812858508,0.0,0.0,0.312958858913688,0.35087269881727723,0.4257061903065858,0.5695307967066335,0.32780150936009694,0.7635517469693576,0.6259989676233902,0.5468905982465591,0.37702156984542706,0.3476951108106033,0.4858034321724761,0.2471750930774164
frankfurt_000000_020880,joint_noise_gta_semantic_cityscapes_dropout_pu_1_00,1_00,0.2218778606327085,0.43905627680304726,0.6049876030427379,0.7538349264886302,0.0,0.0,0.284358572921933,0.31439761101279434,0.374616105291867,0.5248760419750542,0.2955096560985083,0.786485748262822,0.6687376629879545,0.4716168283289632,0.3480298200523149,0.3363888675449081,0.4176154762857501,0.20038590557112124
frankfurt_000001_044658,joint_noise_gta_semantic_cityscapes_dropout_pu_1_00,1_00,0.21999097025257824,0.4594192143222368,0.6364170102619973,0.7378438372378784,0.0,0.0,0.2821985759579682,0.3121577877630493,0.3738977507132044,0.5450163642710955,0.2905182324692126,0.7876434939238769,0.7026456743622677,0.47220137260690626,0.3385918229741195,0.3073713919997446,0.25431207787126753,0.1938206204177289
frankfurt_000001_055062,joint_noise_gta_semantic_cityscapes_dropout_pu_1_00,1_00,0.3199697366241758,0.4635886871231303,0.609944235600453,0.7652768842875906,0.0,0.0,0.4182092266966409,0.4766558241400941,0.5439643180289242,0.6650912028946493,0.3657684150917745,0.8619487517043286,0.7981036565739714,0.7408272524652834,0.5865766232443466,0.5432675230533304,0.41586990220042,0.30077420094678603
frankfurt_000001_025713,joint_noise_gta_semantic_cityscapes_dropout_pu_1_00,1_00,0.29070632962689313,0.44617431731655455,0.6219525423947769,0.7737039594636399,0.0,0.0,0.3628127234886352,0.4161713598813557,0.48781023167012943,0.6028634367878769,0.3615831480292169,0.8512606571012223,0.7773718586221504,0.5956905680483887,0.45799849747270505,0.4338487521526795,0.3359483063993341,0.26621150590641696
frankfurt_000001_024927,joint_noise_gta_semantic_cityscapes_dropout_pu_1_00,1_00,0.21308587099343812,0.4488772674184217,0.6311843768587737,0.7691629054505573,0.0,0.0,0.27030633283790567,0.29636077690922774,0.350209682578288,0.507886152236526,0.28148820722555223,0.7830887874282237,0.7120883488513899,0.5241533554183646,0.3634630557706391,0.3346154354413741,0.3980821227866076,0.19593473171969122
frankfurt_000000_008206,joint_noise_gta_semantic_cityscapes_dropout_pu_1_00,1_00,0.2749182959441938,0.4925314169136185,0.6241891575662432,0.7456804547290308,0.0,0.0,0.3329126209760292,0.38007591170543364,0.4754825018721642,0.6459740532464968,0.3594493896879261,0.8050312621824852,0.728073728909742,0.637314410203073,0.5282753823779401,0.47273713443111753,0.440054255730273,0.2494919137644634
munster_000095_000019,joint_noise_gta_semantic_cityscapes_dropout_pu_1_00,1_00,0.21407560278773027,0.4164836112148573,0.586561602485365,0.7474237336115253,0.0,0.0,0.2896647006555756,0.318491112116713,0.36951509771959523,0.49340541851183445,0.28533886713717993,0.7212707249068845,0.6574067805488899,0.46739027116597137,0.3755271523145743,0.34396744255700834,0.302526480172032,0.20077175150044474
frankfurt_000001_025921,joint_noise_gta_semantic_cityscapes_dropout_pu_1_00,1_00,0.26194137380582033,0.4541196089380863,0.6297192676105968,0.7681201061089581,0.0,0.0,0.31854659994707524,0.3605403618148705,0.440552492708407,0.5901655828531099,0.3343615963386337,0.8550090520718656,0.6936250486095051,0.45459076720613334,0.4123760394855793,0.3835976491713811,0.2732242547546133,0.23811860266531928
munster_000074_000019,joint_noise_gta_semantic_cityscapes_dropout_pu_1_00,1_00,0.1847962285101833,0.41791033174032627,0.6022364522443826,0.7379040057205019,0.0,0.0,0.24930879264480998,0.2666302224844458,0.303303789940846,0.426797258179024,0.2511203057700438,0.7261482164080328,0.5737886603501741,0.4585342183198861,0.32103047845291305,0.3050923374017393,0.3433223291682915,0.16362799668319877
munster_000036_000019,joint_noise_gta_semantic_cityscapes_dropout_pu_1_00,1_00,0.23101767057563777,0.4285071509174475,0.6020059625473535,0.7419884978822208,0.0,0.0,0.27325560590851766,0.2963653237877614,0.3434344227771199,0.48013853661225564,0.28005711748632695,0.7194093090066407,0.6154715386231289,0.48176421778540324,0.35798937960126453,0.32096077753613117,0.3905874912329118,0.21370835869780624
frankfurt_000001_061682,joint_noise_gta_semantic_cityscapes_dropout_pu_1_00,1_00,0.21419610861540975,0.46003368361047475,0.6328100530482375,0.7901627469270887,0.9091785255050977,0.0,0.28005898094502574,0.3087380884355007,0.3696701573330738,0.5394871569529541,0.289965494000796,0.9089485271712716,0.725537295089222,0.5721138501882596,0.4216639739022149,0.36390922888672983,0.3603803607912292,0.18992905377757316
frankfurt_000001_002759,joint_noise_gta_semantic_cityscapes_dropout_pu_1_00,1_00,0.20147219565597826,0.4326085734141734,0.6086570201695672,0.7739018684914456,0.9011657778184741,0.0,0.28252971922083464,0.32212118471719864,0.38593575925676965,0.5167364996289311,0.3070438698984354,0.8068922234596587,0.6579151101890589,0.5052463243459933,0.40412245203542946,0.39460370714703236,0.3461155268213578,0.18505697643816568
frankfurt_000001_020693,joint_noise_gta_semantic_cityscapes_dropout_pu_1_00,1_00,0.2809251683266545,0.4297701120505432,0.5958667567589778,0.7531786879822576,0.0,0.0,0.3462622535627323,0.39272464026116527,0.4590728959530694,0.5690251758245006,0.3532202813907262,0.7736404124271767,0.6646181375336814,0.5259642786009958,0.442209091240457,0.41980003965865326,0.3885476260804244,0.26516056467529314
frankfurt_000001_065850,joint_noise_gta_semantic_cityscapes_dropout_pu_1_00,1_00,0.29531431521081,0.44792107870053577,0.5874568489097197,0.7603748486660562,0.9082224881266673,0.0,0.33556274057862856,0.3790616898425735,0.455043285044948,0.5798754066950863,0.3455496400145342,0.78150846399697,0.6360925795921448,0.5606092573747913,0.4145604296329772,0.3898169887038802,0.36775228556975426,0.28783606546764634
munster_000113_000019,joint_noise_gta_semantic_cityscapes_dropout_pu_1_00,1_00,0.26971291944738013,0.4272299843741786,0.596125558636578,0.7553947117318629,0.0,0.0,0.3700962320078543,0.422435969563048,0.47126694861857815,0.5472795194143489,0.32675552634195615,0.7527465430388154,0.6464903986778355,0.5499676236869186,0.4562415433638031,0.4393299999330049,0.3524963803151205,0.2627297362837195
lindau_000055_000019,joint_noise_gta_semantic_cityscapes_dropout_pu_1_00,1_00,0.3489046194410916,0.49087806331726036,0.6188014956346902,0.7676428825802931,0.9083935678426827,0.0,0.4208215092506256,0.4872301556319135,0.5756604205420852,0.6948490498154987,0.4112733709968087,0.893279972317549,0.8320199325136941,0.680487295438356,0.5817659283138479,0.558691990716939,0.4614866605995591,0.3335788068516807
frankfurt_000001_043395,joint_noise_gta_semantic_cityscapes_dropout_pu_1_00,1_00,0.21910107574036058,0.4388502014546552,0.5785749251321832,0.7457710784346318,0.0,0.0,0.29655089725381584,0.3319998595447073,0.4010653634538828,0.5341074675191843,0.31223529198028527,0.7299946119082072,0.6235468898731115,0.5017334665473115,0.35509515768134464,0.3227743026458985,0.32815549180843984,0.1994882214749417
frankfurt_000001_053102,joint_noise_gta_semantic_cityscapes_dropout_pu_1_00,1_00,0.20178911091443266,0.4682717753110739,0.6215184851701973,0.7656122233914644,0.9168576685965617,0.0,0.27027331717846287,0.29629964119967483,0.3530227228668477,0.5308454323915375,0.2817861226023177,0.8101411155858678,0.6070634729609308,0.5256956541439152,0.3393821788060768,0.31064659217673884,0.39967986010858586,0.17697617316114098
frankfurt_000000_017228,joint_noise_gta_semantic_cityscapes_dropout_pu_1_00,1_00,0.29717504149311874,0.4344982037603849,0.6096781378211087,0.7521438440218768,0.0,0.0,0.354366478761818,0.39975510710678275,0.4676633399013913,0.5911249574323592,0.36695525494235404,0.795411714093508,0.7377107524169554,0.5625491728086928,0.4335961388251941,0.39979008461953314,0.4484889524706065,0.26944789286744575
lindau_000033_000019,joint_noise_gta_semantic_cityscapes_dropout_pu_1_00,1_00,0.23022839840376902,0.44450381827053903,0.6188739977943667,0.7587657210116339,0.0,0.0,0.28190987514682064,0.3098693349227139,0.3680523114878783,0.5257941009048827,0.2974481908669175,0.8099603717820676,0.7418666985899846,0.6302302418641138,0.49202612422392555,0.4082632439378531,0.4048671186581456,0.21725271424312634
munster_000143_000019,joint_noise_gta_semantic_cityscapes_dropout_pu_1_00,1_00,0.2578043435279001,0.5323401153790733,0.6794790362126439,0.796066662754485,0.9248080679494407,0.9523742991267408,0.3309406154185103,0.38186217741094586,0.4903545606392118,0.7139192594674529,0.36191125805253577,0.9439735902373304,0.9092616925101459,0.7437179952821275,0.5727267755632562,0.5411514893266195,0.5727517728028272,0.248371749915909
frankfurt_000001_066832,joint_noise_gta_semantic_cityscapes_dropout_pu_1_00,1_00,0.2407641652458704,0.4554654315846847,0.6166788684932012,0.7525065679273448,0.0,0.0,0.3248219796656946,0.37116172297001837,0.453753824487868,0.6007649928488622,0.33340237163311937,0.7917496997567963,0.7682684547575626,0.6876780412849528,0.5067776373231996,0.42444676885711524,0.3431356072786216,0.2163949757924471
frankfurt_000001_064651,joint_noise_gta_semantic_cityscapes_dropout_pu_1_00,1_00,0.24535807598509377,0.44286214989059586,0.6022162216893663,0.7561506474214426,0.0,0.0,0.2830608227813436,0.31136017356351353,0.36988325375701536,0.5217570426540326,0.29156130942160374,0.792819883214059,0.6048715702827601,0.4956298328539925,0.3688155906046988,0.34014116764426366,0.439550937997253,0.2214863066595943
munster_000043_000019,joint_noise_gta_semantic_cityscapes_dropout_pu_1_00,1_00,0.17168154179190212,0.4191726012535442,0.5943396535678334,0.7413128779114683,0.0,0.0,0.24086067147875873,0.29341593662198023,0.35010046410792933,0.47641101689365456,0.23336991898813467,0.7156159667434038,0.5990954502187626,0.4714125085264952,0.35762725800941736,0.3349395625195151,0.26767177472015435,0.15710406635767454
frankfurt_000000_013240,joint_noise_gta_semantic_cityscapes_dropout_pu_1_00,1_00,0.21543639110901747,0.44165737918126735,0.6135709625732592,0.7662877358580008,0.0,0.0,0.2973676186054937,0.34567355337506755,0.41584785629527926,0.5609024915784067,0.31964590845479784,0.8395324449299312,0.7166638309086548,0.46060730213361645,0.369372204781456,0.3519506340239096,0.32817957933485736,0.1888289011104214
munster_000062_000019,joint_noise_gta_semantic_cityscapes_dropout_pu_1_00,1_00,0.24069903483015748,0.42736396231969825,0.5897494655481296,0.7447759723319216,0.0,0.0,0.3030167707903274,0.3337699415114966,0.39013696982884916,0.5212876967855121,0.24167583267733117,0.7595078848883928,0.6771754473358645,0.5447089697403144,0.44304516510801684,0.4080022639310656,0.3182058864242077,0.23628832321570375
frankfurt_000000_016286,joint_noise_gta_semantic_cityscapes_dropout_pu_1_00,1_00,0.31954536188795796,0.4317901403599358,0.6105924180918247,0.7609193567029738,0.9052579856120117,0.0,0.3952735193290479,0.4432253547270165,0.49833265428069023,0.6117062089376443,0.4016313371982314,0.7871785450584823,0.7078237872440398,0.6245663529437077,0.5043941699646647,0.47617212634615225,0.35079557033225683,0.2957457577395362
lindau_000040_000019,joint_noise_gta_semantic_cityscapes_dropout_pu_1_00,1_00,0.2433122840292716,0.4518478430592721,0.6144397911735653,0.7847973722461876,0.9044656381626436,0.0,0.33740084093306744,0.41671670433634783,0.48934426651748164,0.593513435224187,0.28250478242895327,0.8493164000252067,0.7678912810598614,0.5708401295185563,0.46921692994038516,0.46379316272215054,0.4386576440889863,0.16816882909627623
frankfurt_000001_010830,joint_noise_gta_semantic_cityscapes_dropout_pu_1_00,1_00,0.27195189189069763,0.46678543640575837,0.6295500789417068,0.7692204439767335,0.9006908992650332,0.0,0.32385231464884484,0.36969558571700567,0.45608898061956876,0.6229721868357819,0.3259877761036747,0.8462394585724266,0.7562522662537638,0.5411105155600432,0.40954268261201876,0.3828305830510036,0.4245302438919106,0.2441350460042266
lindau_000025_000019,joint_noise_gta_semantic_cityscapes_dropout_pu_1_00,1_00,0.2032267505770262,0.4181923731516552,0.5959906994483647,0.7578895789607238,0.0,0.0,0.27707098715771844,0.309081507907718,0.3651247722421227,0.49420724720605913,0.20636628891776124,0.7507482334553509,0.5882888288439598,0.4532140060605141,0.32220686375801394,0.2979593345775412,0.29482798751039563,0.19217217192886127
frankfurt_000001_062016,joint_noise_gta_semantic_cityscapes_dropout_pu_1_00,1_00,0.20289846000209297,0.409606252989857,0.6076115685540517,0.7369392408247457,0.0,0.0,0.2550872006680488,0.27449994020457985,0.3173772724580363,0.4390360020113941,0.2656803068007291,0.7103379286860835,0.5599969313886165,0.3790219385297269,0.2883667454171874,0.2641977386249576,0.28625891211012183,0.19124435815631868
frankfurt_000001_068063,joint_noise_gta_semantic_cityscapes_dropout_pu_1_00,1_00,0.24030239986451404,0.4695234398759723,0.6337212295135523,0.7561436197719285,0.0,0.0,0.2922898425169679,0.3256939586006802,0.3949641060148571,0.5741791821181861,0.30490973512439856,0.8097416778298571,0.6778783608076906,0.575169487467578,0.3945935525260343,0.35465526622356686,0.4249193875960446,0.21862079860897043
frankfurt_000000_022797,joint_noise_gta_semantic_cityscapes_dropout_pu_1_00,1_00,0.24915296051965655,0.49837939321830566,0.6789018264751425,0.8115504114544626,0.9208977606271468,0.9507432488383194,0.30853416607878337,0.3490016582940987,0.4363950015213652,0.6468311054737746,0.32646062690673333,0.935127086667717,0.7218675321861613,0.48689092527475986,0.3787205774334753,0.3376600027727191,0.3737276996632433,0.21649934582257438
munster_000012_000019,joint_noise_gta_semantic_cityscapes_dropout_pu_1_00,1_00,0.2306117507222072,0.44713889528139866,0.6248042169445504,0.7587291331099022,0.0,0.0,0.2774455109518577,0.3036913750207696,0.35652338928508515,0.5130428803996739,0.2850525322171751,0.8216619682482735,0.6917485728980745,0.5507964631952004,0.38491208620928796,0.3359066776015707,0.3850123462551791,0.2202256837552246
frankfurt_000000_021879,joint_noise_gta_semantic_cityscapes_dropout_pu_1_00,1_00,0.2300606628925474,0.4726614132830396,0.6068841605639826,0.7493036534284013,0.0,0.0,0.29102814442256236,0.32245359044079336,0.3880595151497764,0.5644958191568047,0.309033786967556,0.8040318648876053,0.643072866336865,0.5004245217093304,0.36319264248653527,0.3305726343563405,0.35441483942728486,0.2001747096616574
frankfurt_000001_025512,joint_noise_gta_semantic_cityscapes_dropout_pu_1_00,1_00,0.3223724548233989,0.431210152798334,0.6042370638517741,0.7615138524213104,0.0,0.0,0.3963407741436926,0.4431675897367975,0.49464246139574075,0.5876222575409507,0.3618451141778594,0.8126802135650968,0.70896907296959,0.5377566662974609,0.4624172074108098,0.45025624099927275,0.33672419645563895,0.3078672083776575
frankfurt_000001_016273,joint_noise_gta_semantic_cityscapes_dropout_pu_1_00,1_00,0.22625282289112622,0.42713618785187285,0.599061173120848,0.7451502699523558,0.0,0.0,0.31690796662914433,0.364426630238452,0.43311516745511164,0.5615042125685261,0.3098462343861809,0.7985942353775966,0.7392605883449967,0.592818950996934,0.4284786814270696,0.4064344928556482,0.3116067970042714,0.1968224471075323
munster_000006_000019,joint_noise_gta_semantic_cityscapes_dropout_pu_1_00,1_00,0.20047280431231004,0.4213114249428853,0.5844203862260218,0.7369959038480054,0.0,0.0,0.2701623790515435,0.2957378417902678,0.3493833446464536,0.47964353125092424,0.27810273025789334,0.6686503236413662,0.5924968140086592,0.46092198954077673,0.34883781625854016,0.32504157765439057,0.3208669577060047,0.18699943351283332
munster_000051_000019,joint_noise_gta_semantic_cityscapes_dropout_pu_1_00,1_00,0.21440005279434687,0.4029904189291891,0.6016422535216872,0.7569631168072065,0.0,0.0,0.2971562281679434,0.33484548242870565,0.39322882972355827,0.4904312730980949,0.2973449456972669,0.7213700382918159,0.647421558437766,0.5212359333460286,0.43229994220253987,0.4001197890057384,0.2561247052316213,0.20432674503047715
munster_000076_000019,joint_noise_gta_semantic_cityscapes_dropout_pu_1_00,1_00,0.21636675947896744,0.4349607041035334,0.584357499220353,0.7443676594967675,0.0,0.0,0.28265846822165563,0.31265002381853024,0.3777499290481651,0.5212558512438542,0.2961203457474988,0.6893011369825028,0.6194181446573501,0.5313402713199613,0.4042827931402739,0.3831206705070405,0.4123040135222053,0.20716340679937145
munster_000115_000019,joint_noise_gta_semantic_cityscapes_dropout_pu_1_00,1_00,0.19153616585781869,0.48850548243574377,0.6141853032264798,0.7508895726747434,0.0,0.0,0.2700884476740709,0.3155454772130422,0.38751560156412246,0.5818158573185639,0.3026812534583441,0.7976556360412127,0.7565770747445326,0.5162335780901333,0.3931600299986064,0.3410615597805253,0.3684586848177173,0.17901003390940018
frankfurt_000001_011715,joint_noise_gta_semantic_cityscapes_dropout_pu_1_00,1_00,0.3063753392520594,0.4960619095954585,0.6193226578195907,0.7692077987274341,0.9087357614145307,0.0,0.4027149645506652,0.47374207367928495,0.56228881412742,0.6877327243067215,0.40339003377622407,0.8981505833310939,0.7229441335370492,0.6514116432654834,0.5353850757292641,0.47368405832583077,0.3629619867952566,0.2848746154416491
munster_000030_000019,joint_noise_gta_semantic_cityscapes_dropout_pu_1_00,1_00,0.22318032651119765,0.41598967293621397,0.5797065954630559,0.7376305425842683,0.0,0.0,0.2776119301148343,0.30380088661453736,0.3557195144676808,0.4791627064046409,0.28348605989156983,0.6813404011973474,0.5721704288991024,0.463098372181611,0.33358506161707097,0.3067248969299741,0.2687081685756247,0.21273365417983625
frankfurt_000001_062250,joint_noise_gta_semantic_cityscapes_dropout_pu_1_00,1_00,0.19038775477489384,0.4542993914797646,0.6112829485928511,0.760584282916442,0.0,0.0,0.2612111731321198,0.284232064543651,0.3331717274888658,0.493414686585253,0.27683345211894883,0.7740779548734332,0.7048179284714129,0.530943991438344,0.3355943595877775,0.2978485282378197,0.358953360716248,0.1744956873707831
munster_000148_000019,joint_noise_gta_semantic_cityscapes_dropout_pu_1_00,1_00,0.2566347975034022,0.4600083591994106,0.5879448678306435,0.7724672001431362,0.9100091056767018,0.0,0.3575209223442074,0.4247690590419109,0.5019717039865788,0.5995841529482075,0.2656645795250158,0.887404885134232,0.8146424031205791,0.6278084036280397,0.4865713163478049,0.47266833916249024,0.3909334692316671,0.16060725888480865
munster_000162_000019,joint_noise_gta_semantic_cityscapes_dropout_pu_1_00,1_00,0.17378207993549433,0.4024931314973498,0.581250351035312,0.7353269823108267,0.0,0.0,0.2404054609259155,0.2657511015581357,0.30114113866012393,0.4104011481796658,0.25544751659299275,0.6749548353233463,0.5424232744803317,0.40081988623674775,0.29450547527062076,0.2718935341879624,0.33775131878736936,0.16426199314969123
frankfurt_000000_016005,joint_noise_gta_semantic_cityscapes_dropout_pu_1_00,1_00,0.2987829076462683,0.4363164492787682,0.590126185004263,0.7605602368443369,0.9029766555376262,0.0,0.37327807089049825,0.425162753638661,0.4892512625743251,0.5869312807386513,0.39566524287274013,0.8269461024558704,0.6459367573339243,0.5173532431026069,0.4765469763678626,0.4307198692821044,0.4666829995241815,0.28737501799401566
frankfurt_000001_012699,joint_noise_gta_semantic_cityscapes_dropout_pu_1_00,1_00,0.21911261077935587,0.4552999819462794,0.6238333071116671,0.783773647759751,0.9135048864687821,0.0,0.29567146851445664,0.33350657926533717,0.39915539082393336,0.5671212044560004,0.3069620837337396,0.9163248765083191,0.6885096947639836,0.5174663318030527,0.35888165458053045,0.35783560609314463,0.3890478985628581,0.2163559128606055
frankfurt_000001_018113,joint_noise_gta_semantic_cityscapes_dropout_pu_1_00,1_00,0.29832980782342466,0.43838927533382144,0.6336789826053879,0.7794099793115211,0.0,0.0,0.3777749150863369,0.4307531255966466,0.4944595604222434,0.6180786640198034,0.39427565739972126,0.843380265065766,0.6808225344128968,0.5757593230040794,0.49448815096267185,0.461399757072381,0.4306494881771974,0.29126682904363166
munster_000029_000019,joint_noise_gta_semantic_cityscapes_dropout_pu_1_00,1_00,0.21212388455920658,0.41468672710693566,0.5858846336676445,0.7397029689801858,0.0,0.0,0.27819554186543505,0.30476039943792893,0.3570485817091607,0.4799365801360377,0.2798675291605457,0.6964390852824732,0.6178892224220632,0.4993535294393658,0.34822738079531446,0.31518691657289954,0.3184188928231266,0.20465740786597683
munster_000022_000019,joint_noise_gta_semantic_cityscapes_dropout_pu_1_00,1_00,0.23463465083274776,0.41577015586520044,0.5871502363222043,0.7519025571499578,0.0,0.0,0.2730670514825689,0.2979792533431364,0.3485224928354986,0.47409959091376325,0.28297379270815776,0.7617059326675918,0.5372601051751559,0.44227019013002683,0.3369362242609148,0.3048672764719452,0.3320653636911179,0.22849416601937686
frankfurt_000001_010156,joint_noise_gta_semantic_cityscapes_dropout_pu_1_00,1_00,0.25105538949626327,0.48793848518298943,0.6698744163357752,0.7875399892503933,0.9129383019148467,0.0,0.31417426522907316,0.3590341528577331,0.4506061499637914,0.6465595133349047,0.32826525493186637,0.8673574342531626,0.785660904658529,0.6948446617138866,0.4791701876519987,0.44179633480905206,0.3763801991997318,0.24092186848265373
lindau_000046_000019,joint_noise_gta_semantic_cityscapes_dropout_pu_1_00,1_00,0.22515758855735396,0.42255081295845875,0.5776299304538458,0.7576850907116526,0.0,0.0,0.30796000847000793,0.3506543039778569,0.41635230245544624,0.5295690899551814,0.22549980694176835,0.8013967547921251,0.6823474279638362,0.5325405394414068,0.4401414004989794,0.39581130112352064,0.38985218972910274,0.16656194365911278
frankfurt_000001_005184,joint_noise_gta_semantic_cityscapes_dropout_pu_1_00,1_00,0.25780034559269516,0.5011897366562272,0.6324209955885653,0.7638725669576126,0.9088345913279232,0.0,0.3288818592884976,0.3779218812117272,0.4781493836595529,0.6581331160761202,0.34697635623187667,0.8724363192731552,0.7684162627703796,0.6695264466273998,0.5275839205562167,0.46732272253313867,0.4297845192485492,0.23203240403667522
frankfurt_000000_003920,joint_noise_gta_semantic_cityscapes_dropout_pu_1_00,1_00,0.27287876267128336,0.4490332629477606,0.6010660764068504,0.7432655578572609,0.9015946689227429,0.0,0.314430600605,0.3537880203496149,0.42831997647153575,0.57427192461523,0.3371975267406595,0.7794971653972751,0.6795330570753932,0.49274778456270163,0.377211886839119,0.34220160382073966,0.3837489333732052,0.25896355702370927
munster_000111_000019,joint_noise_gta_semantic_cityscapes_dropout_pu_1_00,1_00,0.19547591448535134,0.43173355798473695,0.61125796986405,0.7461055657988785,0.0,0.0,0.27442926918808785,0.31465005403335744,0.3774135019220928,0.5084503277110834,0.29228292784212473,0.7368863484316709,0.6266018344336557,0.4720570442176919,0.3876855988485405,0.37398846960420673,0.33907320274334873,0.18557353552398992
frankfurt_000001_012870,joint_noise_gta_semantic_cityscapes_dropout_pu_1_00,1_00,0.24110015606866855,0.5052675842227058,0.6558152950720245,0.7833160126076736,0.9189112079648192,0.0,0.3327553747225383,0.38841603151324633,0.4914592778019968,0.6851447610403979,0.31911278343684907,0.8926311869361321,0.8248817708747211,0.7840635178111968,0.5900760489139231,0.4851218696569622,0.49891092430513817,0.22724904004737803
munster_000034_000019,joint_noise_gta_semantic_cityscapes_dropout_pu_1_00,1_00,0.21812957853873766,0.42605922117417133,0.5930559000674525,0.7575058853634643,0.0,0.0,0.2723101149879895,0.29784400655937676,0.3449969409122702,0.47527486691943416,0.2776929532782139,0.8059812218442001,0.7247183950626537,0.5536431123296806,0.3460837521076642,0.31252923434794844,0.34412067977558375,0.2027199689804146
munster_000050_000019,joint_noise_gta_semantic_cityscapes_dropout_pu_1_00,1_00,0.18170958410534782,0.447443796615951,0.6083986135964369,0.7588839976744777,0.0,0.0,0.2513029781019094,0.27539624581364863,0.32106052277090186,0.47343702488317324,0.266778343577556,0.7564126005950587,0.6316572537575456,0.43893277213339155,0.30093392890446347,0.28373571023437005,0.36886099541926765,0.17442716315251489
frankfurt_000001_060422,joint_noise_gta_semantic_cityscapes_dropout_pu_1_00,1_00,0.21273677657352152,0.45924822597909293,0.6653354372951986,0.7968437150464548,0.0,0.0,0.27100916107481393,0.29606314536825934,0.3501286569002169,0.5178105317607528,0.2839052537845554,0.8707843968344752,0.8203482067899883,0.5100892382601484,0.35154291830573803,0.31963176094272877,0.391026733049998,0.1775545625841715
munster_000139_000019,joint_noise_gta_semantic_cityscapes_dropout_pu_1_00,1_00,0.19450584106864618,0.5012284575527163,0.6637821198614596,0.7758646647003107,0.0,0.0,0.2739203169478742,0.3325747127621603,0.40791532100197075,0.6151656376735508,0.30662968700484,0.851027360445943,0.8331804178226438,0.702893799062868,0.5426657689734402,0.46603261248982536,0.36865218075851924,0.18845560846236284
munster_000163_000019,joint_noise_gta_semantic_cityscapes_dropout_pu_1_00,1_00,0.24727747521962135,0.4221819463106858,0.5910716563519265,0.7281607983982555,0.0,0.0,0.2863718827227785,0.3137970275936041,0.36731107109771927,0.49794783745548066,0.28851294632076796,0.7204534484135695,0.5891984164965692,0.45558843571221513,0.3729242557956471,0.3397257090179153,0.4018557520836624,0.24009146507069024
frankfurt_000001_071288,joint_noise_gta_semantic_cityscapes_dropout_pu_1_00,1_00,0.2548931913774528,0.436151171961042,0.5993050410305162,0.7582775185460846,0.0,0.0,0.3005282055471637,0.3337674815877426,0.3995135233932417,0.5402672528731602,0.3024022109592822,0.822278780724368,0.7106200971338502,0.5019267779524812,0.3466761907448419,0.34481692765538896,0.2781588225694762,0.23097312315260307
lindau_000019_000019,joint_noise_gta_semantic_cityscapes_dropout_pu_1_00,1_00,0.19342943666805712,0.4033139579762345,0.5644892303970379,0.7092133826195687,0.0,0.0,0.2723588917902092,0.3630146802990875,0.42298921490099567,0.48529656550445205,0.19369284833407857,0.6538410176432145,0.6076126738527761,0.48891081661854874,0.40040329121308005,0.3884337047937463,0.30373960770780334,0.03628363861080329
frankfurt_000001_031266,joint_noise_gta_semantic_cityscapes_dropout_pu_1_00,1_00,0.23355635248918352,0.44468933179602527,0.6146332147564343,0.7586157195524671,0.0,0.0,0.29197644565314196,0.3250077575863586,0.3931055892170463,0.546208893785107,0.3049238748200583,0.8117330446588618,0.7477538746396049,0.5608934356693738,0.40212298922571516,0.3618435701254768,0.4552925323951732,0.20008597781953932
frankfurt_000001_073911,joint_noise_gta_semantic_cityscapes_dropout_pu_1_00,1_00,0.20619084746658434,0.4339931921333779,0.6127172424817777,0.7518882443790222,0.0,0.0,0.2727918765586231,0.29795885964380975,0.34775537981871,0.489330412025356,0.28232376626455113,0.7568254827405738,0.5732090677701173,0.450688247512689,0.31820716712920033,0.2951604159598426,0.3304434060680344,0.1869761592986541
lindau_000023_000019,joint_noise_gta_semantic_cityscapes_dropout_pu_1_00,1_00,0.2547415780279259,0.42549299557905246,0.6192744660197468,0.7607975903814959,0.0,0.0,0.3477506690457516,0.3960050428651554,0.45877657004289674,0.5642869087449014,0.27834821595350934,0.799128433239251,0.7758624632354386,0.6720030656657336,0.44402027222188045,0.4199948676379263,0.37965881872198143,0.2386553817577877
munster_000109_000019,joint_noise_gta_semantic_cityscapes_dropout_pu_1_00,1_00,0.26107244404921115,0.4099918147840658,0.5814859742424411,0.7486522374776063,0.0,0.0,0.328526234825349,0.3635994136239905,0.42002151348816735,0.5264303292782276,0.34481746190519846,0.7775367819557224,0.6523012480339565,0.5184460015656361,0.4280786458082849,0.406177333142791,0.4383714207276673,0.2623295119550862
frankfurt_000000_022254,joint_noise_gta_semantic_cityscapes_dropout_pu_1_00,1_00,0.23458721401321528,0.49816812750029854,0.6700560354637676,0.8332033752200239,0.9202047500959284,0.0,0.3113950304576613,0.35264211731646844,0.43915050092414315,0.6481247251172416,0.32963456854579154,0.9305760396627174,0.8548258708582389,0.640906162089487,0.4415062437132407,0.39311989321761415,0.39575870301797333,0.2062600924027526
munster_000127_000019,joint_noise_gta_semantic_cityscapes_dropout_pu_1_00,1_00,0.19897276206868156,0.4145827560504017,0.5758090635098757,0.7392593119786407,0.0,0.0,0.2740901181732317,0.3010705819395978,0.35337474951135267,0.47560601124845003,0.2516583344344754,0.7241239449214728,0.6235952898816328,0.4796259334756713,0.33193161512213976,0.29741639588229,0.25623494534064006,0.20195492408568913
lindau_000014_000019,joint_noise_gta_semantic_cityscapes_dropout_pu_1_00,1_00,0.2428614704232686,0.4604314823423319,0.6329792385110024,0.781477793270434,0.9236232885463254,0.0,0.3148581832279437,0.3581567829071914,0.4401467599964726,0.608661758989941,0.3077119061176585,0.8566522841579975,0.7184474788814958,0.5424757787209953,0.43162218719231243,0.3916317843649789,0.3574383605685352,0.22906295008095448
frankfurt_000001_054884,joint_noise_gta_semantic_cityscapes_dropout_pu_1_00,1_00,0.24573155938351018,0.46400739569933047,0.6404603318226186,0.7827342178462201,0.0,0.0,0.2934207056785986,0.3265740878122484,0.39548296688714374,0.5713558251552516,0.30219549934005646,0.8464406817951702,0.7370771520837532,0.6229274550386859,0.3693829201577347,0.32103376932638633,0.49113444967299696,0.22175150441053024
frankfurt_000001_032018,joint_noise_gta_semantic_cityscapes_dropout_pu_1_00,1_00,0.23380022231333655,0.467433402386747,0.6144015397512618,0.7512399370582991,0.0,0.0,0.30859889457508954,0.34786269931753827,0.4244343573747312,0.5880123173132119,0.3065017678278056,0.8125099954856947,0.6870217963529257,0.577168983485501,0.4522792992191444,0.40038973381978155,0.3344291515543878,0.19243803453139965
frankfurt_000000_018797,joint_noise_gta_semantic_cityscapes_dropout_pu_1_00,1_00,0.24058235281861665,0.4523182949380321,0.6247715807053326,0.7665659102565486,0.9035397704773659,0.0,0.29525440063079206,0.32925034587646795,0.39896811970084517,0.5587860285331103,0.31314830443241376,0.8229912887310116,0.6540829431343889,0.5347514184949161,0.4651730492889634,0.4022299400564459,0.3534263158129841,0.21351792272960926
lindau_000037_000019,joint_noise_gta_semantic_cityscapes_dropout_pu_1_00,1_00,0.19675207269226155,0.44367494641209276,0.6191152879128485,0.7949785029273216,0.9158259486900576,0.0,0.27296755549070967,0.31339343829861355,0.37708217843562525,0.5292474199333979,0.2805710938928855,0.8935609946425509,0.7136195849474325,0.5208208903108558,0.3620731331781994,0.3256852207692819,0.3324054775254982,0.18432816522410336
frankfurt_000001_033655,joint_noise_gta_semantic_cityscapes_dropout_pu_1_00,1_00,0.18670773169226074,0.44479169284686154,0.6254487334677046,0.7712231413484987,0.0,0.0,0.25644143324083785,0.27785282789569304,0.3220692235800886,0.46632887377714743,0.2645106374341615,0.790413080923336,0.68338775915235,0.4719615832812891,0.3091482284059776,0.28408261366351106,0.4367872990685293,0.15383086835970244
munster_000018_000019,joint_noise_gta_semantic_cityscapes_dropout_pu_1_00,1_00,0.255604843164128,0.4469300401540252,0.5894624455305747,0.7478352413053762,0.9035196900414305,0.0,0.32766505117795997,0.3677431443429333,0.4417769084907588,0.5649104888149893,0.26199119408534316,0.7487447939831848,0.679472204820949,0.5686911870970257,0.4679382223733255,0.44623204559348517,0.38129660528612574,0.24439241672962356
munster_000042_000019,joint_noise_gta_semantic_cityscapes_dropout_pu_1_00,1_00,0.25963240582144537,0.4254861986567993,0.6248585426163058,0.7764872926155837,0.9070085425018304,0.0,0.3231685919011941,0.3618517793017096,0.4260660478770168,0.5688313979045244,0.3445472533798807,0.860315919683578,0.8226527218907467,0.6492554084977855,0.45458596539061846,0.4275172713505669,0.4333634298558374,0.2519695140169703
frankfurt_000001_040575,joint_noise_gta_semantic_cityscapes_dropout_pu_1_00,1_00,0.24804945785122046,0.44514037335641876,0.5971091468831761,0.771970155215267,0.9087290639704968,0.0,0.3189271652530385,0.3582889325736891,0.42957329194210153,0.5704931771130681,0.34624716531569083,0.867432092588774,0.7148650604357815,0.49630532505500385,0.3639959280749072,0.3433028470628544,0.3107074614424774,0.22441535268510654
munster_000025_000019,joint_noise_gta_semantic_cityscapes_dropout_pu_1_00,1_00,0.21927080310293423,0.4463638304111113,0.5983098438837988,0.7456680272681052,0.0,0.0,0.2753713855273473,0.30249745881202167,0.35885477681058436,0.5153523195727541,0.29378373938588376,0.7430113226364127,0.6335096787551298,0.5163637207836969,0.3646733581960978,0.318227309606621,0.4186853931178969,0.20958343101068716
munster_000001_000019,joint_noise_gta_semantic_cityscapes_dropout_pu_1_00,1_00,0.2526829042200959,0.4239979605687743,0.5920378746888431,0.7572117917502359,0.0,0.0,0.2818725451393094,0.30755962418242333,0.3576786825707931,0.4876178232238063,0.2929506314376107,0.7681543835650742,0.7415254055117053,0.459878843801279,0.36531339817075614,0.35495832342194533,0.3426984943104358,0.24586654831030977
munster_000144_000019,joint_noise_gta_semantic_cityscapes_dropout_pu_1_00,1_00,0.26015443751713085,0.48454725250574027,0.6247795358078966,0.75235230858368,0.0,0.0,0.3403293940643314,0.3829292223879457,0.46381193804685555,0.6342495806338079,0.2618448295771754,0.8109536721764674,0.752772074887992,0.6672588668378268,0.48918243042466536,0.4435190540128291,0.4272782362150458,0.25196597128813475
frankfurt_000001_003588,joint_noise_gta_semantic_cityscapes_dropout_pu_1_00,1_00,0.21694139653283098,0.4991571074959206,0.6731420995749311,0.8145801737648959,0.9124388415964026,0.0,0.2932259781215974,0.327823525213486,0.4041759875629095,0.6166614146351755,0.3217354619564789,0.9159535934990244,0.7869324128972779,0.5919138250540983,0.4661667300844975,0.42500487393341807,0.4672850655189258,0.2115217284793511
munster_000138_000019,joint_noise_gta_semantic_cityscapes_dropout_pu_1_00,1_00,0.19215129443835063,0.4500898960586695,0.6103248667549538,0.7578775979316116,0.0,0.0,0.25920356613054757,0.2812032847079179,0.3284377067398929,0.4838107097012294,0.27491359685273403,0.7817274801614061,0.6370875011754132,0.47399437382170606,0.3221173902862159,0.28606995279387964,0.386525954761772,0.18367593612194427
frankfurt_000001_012738,joint_noise_gta_semantic_cityscapes_dropout_pu_1_00,1_00,0.28088372267482115,0.4564445097777762,0.6158263270691788,0.7551241857050982,0.9025283116673373,0.0,0.37760888479403115,0.4361235133355351,0.5124593229919003,0.6450897408172803,0.3397007319915766,0.8535477509859177,0.7591420871765123,0.6857026916669359,0.49627737839147285,0.44122662815582,0.44459399328716415,0.2705877598531164
lindau_000003_000019,joint_noise_gta_semantic_cityscapes_dropout_pu_1_00,1_00,0.19540194453989698,0.3996724231554417,0.579248814642257,0.7357814369482526,0.0,0.0,0.26474256736465884,0.2883738269867691,0.3361338128061005,0.44485146299133244,0.27569559764811846,0.670299716020139,0.5204049480048998,0.42857758422453335,0.318053608884857,0.29608090917311614,0.3254247086445637,0.19162656805105305
frankfurt_000001_020046,joint_noise_gta_semantic_cityscapes_dropout_pu_1_00,1_00,0.21310105607962282,0.42532127057079416,0.5811221739802883,0.7464890112812,0.0,0.0,0.26829087175680594,0.2934554071097665,0.3447188791413087,0.4802901622779338,0.28296707266033017,0.7542257533479337,0.5851714244199503,0.46190010152276967,0.34101723573036,0.3025531657182513,0.3481782114080907,0.2052375819057623
frankfurt_000001_080091,joint_noise_gta_semantic_cityscapes_dropout_pu_1_00,1_00,0.20695358429655353,0.44370742740634317,0.6108683302771655,0.7426888265189959,0.0,0.0,0.2687226949986616,0.2914874607113458,0.33747582426989664,0.4845025451694161,0.27479541919465844,0.744526321008648,0.6372758204830882,0.47382439364752693,0.33449925162275224,0.3004488202009551,0.34078998890400636,0.1725742111768997
frankfurt_000001_002646,joint_noise_gta_semantic_cityscapes_dropout_pu_1_00,1_00,0.1839015607210683,0.4452147091062253,0.6626697369947211,0.8219657243674341,0.9150379400687263,0.0,0.2590772337047604,0.31441596091940005,0.37847534203735117,0.5386427204907059,0.26321921253788105,0.9132089897627353,0.8403797220446553,0.5594195328829819,0.4012048415243864,0.367758272557804,0.2610912728712088,0.16067304782036046
lindau_000029_000019,joint_noise_gta_semantic_cityscapes_dropout_pu_1_00,1_00,0.2584496411672635,0.4908039608047048,0.6274996086588661,0.7587035098767148,0.0,0.0,0.3211762098120807,0.36598498714718275,0.45547212301366324,0.6382525316925085,0.3117672131424862,0.8184862310506914,0.7958638688079226,0.730260397163099,0.5722882871196997,0.5537106353319713,0.4502076711535148,0.2328496723100294
munster_000151_000019,joint_noise_gta_semantic_cityscapes_dropout_pu_1_00,1_00,0.21446073401645585,0.431037164348443,0.582689684343452,0.7421125196738022,0.0,0.0,0.29551131991950963,0.33904096959313723,0.40760118379029975,0.5227655856827035,0.3042901907610744,0.7426445082118002,0.6937032542804089,0.4898936371857404,0.4180777176856518,0.38034571361015707,0.34388989947559806,0.19728740714076567
frankfurt_000001_032556,joint_noise_gta_semantic_cityscapes_dropout_pu_1_00,1_00,0.1854621553061361,0.4579822129880145,0.6240241148446201,0.75793437778669,0.0,0.0,0.25525678673091434,0.2815570493448006,0.329392927771764,0.49260140637841066,0.2745614021085055,0.770193783271965,0.6787443454085564,0.45056869738192956,0.3179618202634754,0.29128521898600773,0.3922495218615564,0.16676549124581594
frankfurt_000000_003025,joint_noise_gta_semantic_cityscapes_dropout_pu_1_00,1_00,0.24290505991024688,0.43818295476613467,0.5855479986798108,0.7439639067441635,0.0,0.0,0.29187148689517184,0.3237680629958668,0.38770399327024613,0.5280400420874922,0.3048462851527565,0.7119737855256771,0.5883507338501895,0.4842888319335865,0.41589798460560007,0.37007330784001463,0.33977570853292177,0.2238574389187309
munster_000108_000019,joint_noise_gta_semantic_cityscapes_dropout_pu_1_00,1_00,0.23587813095853466,0.43914632719780666,0.5980821392792349,0.7371803960434795,0.0,0.0,0.2996141929493564,0.3357512800858066,0.40372796902288605,0.5423179414046277,0.3115581326944414,0.7518566153782454,0.732914924272734,0.6825339112197898,0.5190707073884842,0.458083489507099,0.33274609619636236,0.22120085887677488
munster_000037_000019,joint_noise_gta_semantic_cityscapes_dropout_pu_1_00,1_00,0.1659947037264324,0.436042699210837,0.6152812622762458,0.7587122818199404,0.0,0.0,0.23280580520015123,0.2609783996418575,0.2965157786981387,0.42822866308419155,0.25480809834102847,0.7631366472235205,0.6497069638966408,0.4734095591160635,0.34266425943804335,0.3060817972110559,0.3701984141973546,0.15598221415129365
munster_000154_000019,joint_noise_gta_semantic_cityscapes_dropout_pu_1_00,1_00,0.1935540780135138,0.4308991611688447,0.5934938411477931,0.7295774529971787,0.0,0.0,0.2590024053704634,0.28353703011605413,0.33034136318647783,0.4688687764478891,0.2650574442634136,0.7156024822180346,0.6478250378191273,0.5011216322899548,0.3333066488698405,0.2942021709438142,0.32916491852826985,0.17496719634615418
frankfurt_000001_019969,joint_noise_gta_semantic_cityscapes_dropout_pu_1_00,1_00,0.21678644657471985,0.4201494758028178,0.5765003658600659,0.7574566071997326,0.0,0.0,0.2747245596348509,0.3029685287302201,0.36026165755536343,0.48903288191058947,0.284211150555648,0.7927813085215796,0.6614515720377027,0.47727702086982327,0.34733370800152213,0.31323394658221193,0.3172684344398211,0.20592060062749729
frankfurt_000000_011007,joint_noise_gta_semantic_cityscapes_dropout_pu_1_00,1_00,0.20439008777558026,0.4295662298797398,0.5859207107832789,0.7692818347572088,0.0,0.0,0.28361083923369207,0.3129678782329454,0.36942031570663963,0.5021474601753493,0.304291421414751,0.8064520748078814,0.5911805942755242,0.4449760769282983,0.34563633200377325,0.3185484474160508,0.32105971634974423,0.18633708037130128
frankfurt_000001_058057,joint_noise_gta_semantic_cityscapes_dropout_pu_1_00,1_00,0.24230454764937764,0.4908420576906538,0.6346676346958839,0.7860439662241185,0.9133340069910387,0.0,0.2941110650501129,0.32893864889819807,0.4037607084262793,0.5973635618433166,0.30692780432354066,0.8922050993407957,0.8117454981238649,0.6953192991004792,0.38614073954468886,0.3324650706318617,0.36247360749761526,0.2185319666420959
lindau_000043_000019,joint_noise_gta_semantic_cityscapes_dropout_pu_1_00,1_00,0.2478550553018642,0.4344938658386771,0.6054965204490695,0.7677199641036904,0.9027104647276346,0.0,0.3058905588208669,0.34144405759374274,0.4077547272582797,0.55118706745252,0.3088891332710584,0.8280058130780525,0.6537127620796526,0.5361506210398211,0.435147470713868,0.3881453158945536,0.3419026207465961,0.2316526350646598
frankfurt_000001_044525,joint_noise_gta_semantic_cityscapes_dropout_pu_1_00,1_00,0.30080732252712844,0.43920376971559527,0.5870733080395669,0.7375483193671124,0.0,0.0,0.3686869858636709,0.4163114820091649,0.48652685295067505,0.6040196896330102,0.39524682880581885,0.7482193738727385,0.654657231942735,0.5455030551587441,0.4517558085015229,0.3947669186488291,0.4062244536889735,0.2845524917676032
lindau_000026_000019,joint_noise_gta_semantic_cityscapes_dropout_pu_1_00,1_00,0.19802889580455027,0.4027387286064154,0.5745543737202848,0.7367345881882391,0.0,0.0,0.2576642410769524,0.27748567306929917,0.31743196152222364,0.42967991401211897,0.26182047422997223,0.6842632216783414,0.5689116841447704,0.3846222043139969,0.29406345733198963,0.2709969115072234,0.33765030297942755,0.17751068540942036
lindau_000011_000019,joint_noise_gta_semantic_cityscapes_dropout_pu_1_00,1_00,0.2598127649689883,0.4334015588541093,0.5896033606827804,0.7503347232299157,0.0,0.0,0.32034279452615166,0.3595506100767354,0.4289428962879101,0.5494211006775886,0.3120686987341428,0.7471893596646143,0.6944058474624047,0.6135623168634861,0.46954856406162176,0.4255755492060899,0.35369949342216367,0.2548573546092698
frankfurt_000000_009561,joint_noise_gta_semantic_cityscapes_dropout_pu_1_00,1_00,0.21325958853268445,0.4663732034317819,0.6135568670816336,0.7551285769416505,0.0,0.0,0.2898691257573429,0.3225265713741581,0.3930449304221731,0.5668751228513774,0.30714366377564145,0.7975967518507894,0.681102051549182,0.5307183961100631,0.41579932917881246,0.3631451110926276,0.3764558583701648,0.17934341268744677
frankfurt_000001_034816,joint_noise_gta_semantic_cityscapes_dropout_pu_1_00,1_00,0.3103229895180826,0.46597173823053123,0.5972930036455645,0.7520233404569793,0.0,0.0,0.36683267257980384,0.4213846588843483,0.5047684897201437,0.6256815202225631,0.35028446581018263,0.843802094508386,0.6958318557130486,0.5855299848406066,0.5021180170095403,0.45977341697717167,0.38192424718449225,0.2912471268919194
frankfurt_000001_013496,joint_noise_gta_semantic_cityscapes_dropout_pu_1_00,1_00,0.2506344566485746,0.42879198216408626,0.5999764025601972,0.7533496561909316,0.0,0.0,0.3097738361979004,0.3452078834192095,0.4094632162738383,0.537793183849073,0.3244301908259349,0.770049425818242,0.6345623437512544,0.48933096296882383,0.41819374988849384,0.40026774833475226,0.49359464669015385,0.23012701895209614
frankfurt_000001_011162,joint_noise_gta_semantic_cityscapes_dropout_pu_1_00,1_00,0.2926993901220158,0.4544188797032449,0.6153155664328797,0.7535652986608866,0.0,0.0,0.39100606035310687,0.44768923868462485,0.5211999875021478,0.6511240578568012,0.2988390239443792,0.8338640379466054,0.7939220417334779,0.6283339215579358,0.473659572307508,0.4308774835936668,0.44416129276081373,0.27719413360457373
frankfurt_000001_014221,joint_noise_gta_semantic_cityscapes_dropout_pu_1_00,1_00,0.2596047715907258,0.5036420503026171,0.6366748970595328,0.7430876374054267,0.0,0.0,0.33563771826949806,0.38510857014247285,0.482518028687276,0.6651582568704306,0.3395092814506655,0.8124859319715081,0.7963259940964525,0.7142161493953477,0.6065972175985466,0.5479772415751882,0.42421624595383367,0.24090024194816478
frankfurt_000000_009688,joint_noise_gta_semantic_cityscapes_dropout_pu_1_00,1_00,0.1944211848707293,0.4592843121052673,0.5825812431592898,0.7387321936648871,0.0,0.0,0.27359260338522084,0.3060947082906636,0.3677186243778822,0.5303622051910686,0.2835276443377887,0.7387557517441716,0.6273560386340441,0.5790743541830993,0.4709688527448898,0.4085250358846348,0.33700704941076565,0.17996726741374214
munster_000092_000019,joint_noise_gta_semantic_cityscapes_dropout_pu_1_00,1_00,0.21996190854423534,0.442359169100055,0.6104242159808801,0.746730646244054,0.0,0.0,0.2749988832742155,0.30269516870493174,0.3566173089164912,0.5085080685839827,0.2756610707210668,0.7562377571385298,0.6907840937120574,0.48810626882099406,0.3849577164617311,0.35514705584442263,0.36182055971191585,0.19546712315965248
munster_000016_000019,joint_noise_gta_semantic_cityscapes_dropout_pu_1_00,1_00,0.2031346334713563,0.4173152730071117,0.6197581314865893,0.7665752992456777,0.0,0.0,0.2644040044403204,0.28689827551389946,0.3289354918119966,0.453020751374134,0.2625654603614685,0.7934180809009804,0.6684367035939526,0.4777431461708759,0.3405758112285669,0.3226847999113831,0.3666013397751013,0.17260960620634394
frankfurt_000001_003056,joint_noise_gta_semantic_cityscapes_dropout_pu_1_00,1_00,0.20760965607883913,0.42197530034078556,0.6109299631946931,0.7539161859595565,0.0,0.0,0.2661791246400581,0.2899094055842433,0.3402097765213498,0.47617689521643236,0.27537502997306884,0.791808019044296,0.6359437642910217,0.40389419243122004,0.3124798435837803,0.28925392650443305,0.3826495770393664,0.19634173716605677
frankfurt_000001_057478,joint_noise_gta_semantic_cityscapes_dropout_pu_1_00,1_00,0.26982751138928274,0.4608951825787895,0.6304352456488985,0.752172735667537,0.0,0.0,0.3439120674452877,0.3887380357024428,0.4666318072576885,0.6340093996367008,0.3782177689192908,0.7668059062714336,0.6980193633264399,0.6195582102695493,0.4705967264626368,0.4208060049221207,0.3866175929112534,0.25541727528325675
frankfurt_000001_067092,joint_noise_gta_semantic_cityscapes_dropout_pu_1_00,1_00,0.25992067563003163,0.4460189886520494,0.6220318435821581,0.7626901623180066,0.0,0.0,0.3122531133112439,0.35167448728992345,0.4234538326350531,0.5816513250791734,0.31699295417585815,0.8152140544962007,0.7427175856819588,0.5064257323673169,0.35265357864961844,0.329918380236543,0.3679476484939166,0.22885193111857072
frankfurt_000000_006589,joint_noise_gta_semantic_cityscapes_dropout_pu_1_00,1_00,0.22610466908045057,0.4332859572350755,0.5717398137626768,0.7334039658867916,0.0,0.0,0.28063852307586595,0.30888098425511507,0.36878097699448803,0.5026563624710386,0.29088639547675404,0.7053425318920249,0.6307837913667567,0.4585606641743039,0.3330130142573001,0.3027883548279527,0.31939444469170974,0.2060491868737466
frankfurt_000000_001751,joint_noise_gta_semantic_cityscapes_dropout_pu_1_00,1_00,0.20371896239067386,0.4323413381592038,0.6291364764782125,0.7758248440629629,0.9069992785849229,0.0,0.280592962111635,0.3109478995038866,0.36818313646104583,0.5090394717912128,0.29467828187682077,0.8829639896981473,0.7272878585433178,0.49149603234784833,0.37686405829339414,0.3642647761580256,0.314122245201785,0.17223702296387872
frankfurt_000001_058914,joint_noise_gta_semantic_cityscapes_dropout_pu_1_00,1_00,0.2607680076244655,0.4640765370589631,0.6245794239323711,0.7676580658444886,0.0,0.0,0.36756161916765745,0.4335719950739465,0.5130005024948896,0.6460190727546741,0.37168613667009665,0.867172184729628,0.7392581252407147,0.5917324161190696,0.49649801292712037,0.4651860980521889,0.38394956518189655,0.23669517987074262
frankfurt_000001_050149,joint_noise_gta_semantic_cityscapes_dropout_pu_1_00,1_00,0.33537986733266645,0.44252383051036726,0.5959867298863081,0.7710743485230552,0.9075054984067877,0.0,0.3889891749165197,0.4377760725961652,0.5025690967467048,0.6110404402863123,0.34542740079252815,0.8677949133072587,0.8064601929430261,0.5827545527158562,0.44157799971824596,0.4276368788331799,0.37204373992969725,0.3198269550385826
frankfurt_000001_067295,joint_noise_gta_semantic_cityscapes_dropout_pu_1_00,1_00,0.2511929483030231,0.44426236291364535,0.601184187409171,0.7504810536367329,0.0,0.0,0.3138309361002776,0.354216381732694,0.425938872610903,0.5671427236394698,0.3325004254589411,0.7694376989688675,0.6923192140314651,0.6012411142235028,0.3713505708613171,0.349617330249611,0.4152152423647213,0.2380618194227613
frankfurt_000001_064305,joint_noise_gta_semantic_cityscapes_dropout_pu_1_00,1_00,0.2816265418620125,0.4599374369862999,0.6168693192140727,0.7851963883929863,0.9108286397596198,0.0,0.3889945481533955,0.4492695707723224,0.5190379768423626,0.6386360533961367,0.3286277483597764,0.8983713583466651,0.8516573815602215,0.7264873611391119,0.5185103565534549,0.4895000208389915,0.4954578538019577,0.25167218457386753
munster_000004_000019,joint_noise_gta_semantic_cityscapes_dropout_pu_1_00,1_00,0.17230147085079592,0.4470360245683665,0.6221823902544807,0.7383496053259182,0.0,0.0,0.24332782651053037,0.2742915287380326,0.31771347159019553,0.46870208973644495,0.2648205538411028,0.7553038672020187,0.7037948592683573,0.5425685425809645,0.36609686991611345,0.31861905443708727,0.24868303250900475,0.16333956203106276
lindau_000031_000019,joint_noise_gta_semantic_cityscapes_dropout_pu_1_00,1_00,0.27525274963749935,0.5408393085548376,0.6604801641473679,0.7763312136000445,0.9206903721742933,0.0,0.35974853964384007,0.4187579525493441,0.5356866630560846,0.7257853020388594,0.3729343350194253,0.9207705507380615,0.8588883856136326,0.7520196827328262,0.6487768517015446,0.5857484114246572,0.3961413786481627,0.26199841462711887
frankfurt_000001_044787,joint_noise_gta_semantic_cityscapes_dropout_pu_1_00,1_00,0.29061824353957955,0.45904326359625486,0.6117075547426785,0.7488102516070076,0.0,0.0,0.34698888179789816,0.39849803016064705,0.4819604129072006,0.6190095425452753,0.35801277718786073,0.809813262958527,0.7431959798746114,0.6777965410216978,0.47371578512181456,0.45470567432882136,0.3640538991384581,0.28470313336340325
frankfurt_000001_049078,joint_noise_gta_semantic_cityscapes_dropout_pu_1_00,1_00,0.2554541766734436,0.4576184175851128,0.5898338565591844,0.733881347924278,0.0,0.0,0.3038221212947181,0.340478204557114,0.4143569869295888,0.5722016912886615,0.32395716009470155,0.7505964609943261,0.6939288472408611,0.6170141573161566,0.5604255756379737,0.5090054778735957,0.40103930154005557,0.2538499556825639
munster_000107_000019,joint_noise_gta_semantic_cityscapes_dropout_pu_1_00,1_00,0.2498789532634366,0.422856232516468,0.5785236213249478,0.7328492151992866,0.0,0.0,0.28850462344506106,0.3174467363285703,0.3732131112591884,0.498108177376476,0.29343826092410785,0.6738053625268222,0.5417338167448318,0.403130973254341,0.3452279858274229,0.3314774806862953,0.348109517930404,0.24319343343740102
frankfurt_000000_015389,joint_noise_gta_semantic_cityscapes_dropout_pu_1_00,1_00,0.24117828662500007,0.46916018530209547,0.6399211769984706,0.7636913679402784,0.0,0.0,0.2942125825582998,0.32834794195186473,0.40002662932239386,0.5835240252494087,0.3072086169784675,0.8309548321512159,0.6928627033458905,0.5061969516269147,0.3457798543614032,0.3132514321092295,0.3368699001608214,0.2197175954967467
frankfurt_000001_013710,joint_noise_gta_semantic_cityscapes_dropout_pu_1_00,1_00,0.2606152198909519,0.47628163614275787,0.6227138514842703,0.7774395735493509,0.9203931414938152,0.0,0.3307204455252685,0.3776345628827338,0.4631342737690549,0.6259940123884703,0.3502281522632299,0.8653734092866592,0.7866108085238895,0.586208523323302,0.40475175806843483,0.40328669871868833,0.3904691613568842,0.2408026075875137
frankfurt_000001_049209,joint_noise_gta_semantic_cityscapes_dropout_pu_1_00,1_00,0.21972438076711476,0.47958995730843645,0.6340764946735272,0.7473867314787376,0.0,0.0,0.2758288873541231,0.304122332585151,0.364505998528519,0.5506401361657054,0.2956275923761114,0.7734350660882727,0.7309058650292506,0.6765944888821482,0.41488688591300127,0.35329999971205944,0.5063213830098156,0.2084453025830344
frankfurt_000001_012519,joint_noise_gta_semantic_cityscapes_dropout_pu_1_00,1_00,0.24404550613731826,0.44972716201573687,0.631571014780028,0.7803488707859132,0.0,0.0,0.3278908947963505,0.37317506373243736,0.44904459199499713,0.6058193243049017,0.33700492446192426,0.8461688404555349,0.7401887863031437,0.5740644593832592,0.4053210099912825,0.38501315271327685,0.4710281486966816,0.22943414288698338
munster_000045_000019,joint_noise_gta_semantic_cityscapes_dropout_pu_1_00,1_00,0.21229209628154114,0.4534165677626186,0.6108972243274314,0.7563744109083993,0.9024598406316776,0.0,0.2903239977628648,0.32358806410282687,0.39195994858729266,0.5477771094205717,0.30267934733380264,0.8245127572297616,0.6669490345574884,0.5796179372611883,0.47979172878845916,0.4114379775338497,0.4157995450106554,0.19852423071838754
frankfurt_000001_015768,joint_noise_gta_semantic_cityscapes_dropout_pu_1_00,1_00,0.23238653958583563,0.4369841784020141,0.6086932378732658,0.7476051808108739,0.0,0.0,0.3174999363777677,0.35906058405285607,0.4301922659744997,0.5606948969921857,0.3165845093927244,0.8180862527733573,0.6556686500229877,0.5417870142669221,0.3842818475046914,0.3798795818374305,0.34554458237893715,0.20521799408370936
frankfurt_000000_010351,joint_noise_gta_semantic_cityscapes_dropout_pu_1_00,1_00,0.2555975416939385,0.45532766961667537,0.6097756097862628,0.7436383778042052,0.0,0.0,0.31425664472148274,0.3553402875120155,0.43340480286151917,0.5885406073560945,0.33333941350452073,0.8094461398253442,0.712637645206578,0.5293266301994083,0.4008231545052834,0.37476843010843996,0.30352772792825894,0.22774528019087686
frankfurt_000001_030669,joint_noise_gta_semantic_cityscapes_dropout_pu_1_00,1_00,0.2411437594788543,0.44944810286733156,0.6171964529535122,0.7873102678180904,0.9041081258063095,0.0,0.30432484408035104,0.34079465741390796,0.41209630669934516,0.563725481841803,0.3010921773971876,0.8983518830745524,0.7045364403640698,0.516247265639213,0.42400878647090395,0.40046372702838473,0.2848217152450869,0.2127501407507568
munster_000160_000019,joint_noise_gta_semantic_cityscapes_dropout_pu_1_00,1_00,0.2190871029129135,0.45425312364106535,0.6136509498556209,0.7862518750825592,0.9062642594890256,0.0,0.2917973336269763,0.32500768398285773,0.3887656701109377,0.5491901327714993,0.29722290307058696,0.8891877097591862,0.8151789399279048,0.5461050717661965,0.4069786460543235,0.37675473397693865,0.37550784411599714,0.20609452563191755
frankfurt_000001_015328,joint_noise_gta_semantic_cityscapes_dropout_pu_1_00,1_00,0.21167593533190424,0.4429803575585827,0.5793900925257215,0.733735131717219,0.0,0.0,0.2936083672152881,0.33291202122029745,0.39928534905004426,0.5427795991322106,0.2961404439914348,0.7227532091022705,0.642908104859609,0.5532258110579408,0.44804149036484375,0.4287542824850475,0.30404332133923545,0.17434798904198212
frankfurt_000001_048355,joint_noise_gta_semantic_cityscapes_dropout_pu_1_00,1_00,0.19609449972536494,0.44633256536626587,0.6178247165463211,0.7909650305502133,0.0,0.0,0.26262179502417277,0.2866723306156137,0.3345122124045353,0.4858424841795616,0.26093703789831885,0.8381952259340021,0.5827546620110684,0.4507249982094448,0.33452605664042323,0.29465924582156333,0.36674996383671427,0.15511516782878476
lindau_000042_000019,joint_noise_gta_semantic_cityscapes_dropout_pu_1_00,1_00,0.2588253924799594,0.44236409778578395,0.6084618618851865,0.7472412033406026,0.0,0.0,0.31804018213776836,0.35605444028694894,0.42625780202960395,0.5708426601893202,0.32953630907001336,0.7734806521787937,0.7158495428493329,0.5629172147882708,0.4487073301672285,0.4026920356111451,0.3171636503000221,0.24081008960235337
frankfurt_000001_032711,joint_noise_gta_semantic_cityscapes_dropout_pu_1_00,1_00,0.19559560410433804,0.4655912072952296,0.632794059578964,0.7806031052654544,0.9038123656996547,0.0,0.2618047831763142,0.28522820607134025,0.3357521273604716,0.5033998149676528,0.26797562626176247,0.8510060351730202,0.6714497456549035,0.43012385638314604,0.30745731322032516,0.28631809595275837,0.3983794796207007,0.16130797720322904
frankfurt_000001_031416,joint_noise_gta_semantic_cityscapes_dropout_pu_1_00,1_00,0.2502543019802063,0.49062552825181377,0.63972381796805,0.7673048114589055,0.9041579487606954,0.0,0.31984738492351444,0.36357028131182956,0.4543500983166479,0.6408594110197431,0.3357026418362227,0.8635117443189908,0.7653000191156778,0.6089824431525215,0.39623428109875164,0.347889387147366,0.37481375586124516,0.2199289353945632
munster_000161_000019,joint_noise_gta_semantic_cityscapes_dropout_pu_1_00,1_00,0.20294601255422048,0.42377088503813604,0.5737236064639735,0.74891811330272,0.0,0.0,0.26020039000640083,0.2827273317582838,0.32857321967872694,0.4604735456736499,0.27186512152141074,0.7066670908357762,0.5736314513314918,0.4317304770348311,0.3332307911697567,0.30245813161719104,0.30548844404488157,0.20130243862301272
munster_000147_000019,joint_noise_gta_semantic_cityscapes_dropout_pu_1_00,1_00,0.24157740381172385,0.43814974493734027,0.5825992074896399,0.7674447969436607,0.0,0.0,0.33495435978454247,0.3977454181899937,0.4680087570213953,0.5617817859784497,0.304564673564692,0.8277346266657112,0.6942753232847106,0.570063817208325,0.4599031685443857,0.45432049189527846,0.3532489500636629,0.2291684577212708
frankfurt_000001_023369,joint_noise_gta_semantic_cityscapes_dropout_pu_1_00,1_00,0.26070201009235766,0.4616164380759572,0.6027303598430739,0.7805429627260705,0.9171595421905707,0.0,0.31768588395987896,0.36003597663460263,0.44219062396197817,0.5926179253747953,0.3239781099816036,0.9190898077474264,0.8281765775866274,0.5119965243317227,0.37942934348573565,0.3619957730784692,0.3409875988043882,0.24850969377987772
frankfurt_000001_007407,joint_noise_gta_semantic_cityscapes_dropout_pu_1_00,1_00,0.24372169565042495,0.4705204023742878,0.6606214461214689,0.7919588180521935,0.9059230014325936,0.0,0.3198253070412454,0.36311591412234384,0.4476876051566617,0.6267245365201093,0.3255136727760096,0.8850390731899254,0.7520603891977058,0.549181418647865,0.39946856243010137,0.36259127049096695,0.352841673613443,0.21029923989386734
munster_000032_000019,joint_noise_gta_semantic_cityscapes_dropout_pu_1_00,1_00,0.2438482044765163,0.4451824646657928,0.6025058575719577,0.7424743320984648,0.0,0.0,0.28631214635957614,0.3164168285016446,0.377360909759929,0.533655707972467,0.30604396650958815,0.7266360749752677,0.6774446486639525,0.5454524802645886,0.37835269921392667,0.3463086463825901,0.34778047726311523,0.23501612678581438
frankfurt_000001_009058,joint_noise_gta_semantic_cityscapes_dropout_pu_1_00,1_00,0.18674663815810016,0.45910762025526247,0.6420945328368252,0.8016423887015975,0.9155686088458022,0.0,0.25742959045201963,0.2896568525440508,0.33954069699018213,0.5009140092501679,0.2780552336010077,0.8914963224692003,0.7192186818398345,0.47514256145660566,0.3233346893983363,0.2880935212440282,0.36834924562017424,0.16363422525355656
munster_000069_000019,joint_noise_gta_semantic_cityscapes_dropout_pu_1_00,1_00,0.19305934724038912,0.46640419169099234,0.6299258918919326,0.7610315123742225,0.0,0.0,0.26113303065319027,0.284149376094055,0.3332699092305847,0.5012145144777497,0.2688711133445677,0.7723950978105019,0.6446444411810558,0.4951105329940969,0.34650395516425364,0.314075312323086,0.30347527860577883,0.1719008025258362
frankfurt_000001_005898,joint_noise_gta_semantic_cityscapes_dropout_pu_1_00,1_00,0.2678618454295086,0.45305031967812615,0.5944575847944926,0.7498935337636525,0.0,0.0,0.31943646196263736,0.3619458411300039,0.4426170307166482,0.5800677139699502,0.3395159207741939,0.8085671538767837,0.6751848542475676,0.5032512114716541,0.41460003743862445,0.38778052549102365,0.3691406871548431,0.24360980494225243
frankfurt_000001_001464,joint_noise_gta_semantic_cityscapes_dropout_pu_1_00,1_00,0.25328030946369745,0.4842211291597609,0.647393694283213,0.7782532016003539,0.9091135793522236,0.0,0.3307540985311196,0.3746323940344779,0.4578609447604557,0.6437041755736678,0.359160173923464,0.879179282647532,0.7550199966372254,0.6290434142053286,0.4490366448077799,0.3904402928000428,0.3581608772823804,0.23626041474698742
frankfurt_000001_067735,joint_noise_gta_semantic_cityscapes_dropout_pu_1_00,1_00,0.23009452852562143,0.4549878392175537,0.6428470907424227,0.7707875484648369,0.0,0.0,0.28201071545848827,0.31166989453482313,0.37141021734203633,0.5384662723355838,0.28752546021612685,0.8190397308875457,0.6316878303590964,0.45121348043574366,0.3691522868036782,0.3283727811911435,0.39390155784989345,0.21632901202330207
frankfurt_000000_001016,joint_noise_gta_semantic_cityscapes_dropout_pu_1_00,1_00,0.2098326815334622,0.47260317242507915,0.619789378427994,0.7510725160981297,0.0,0.0,0.2857762189335916,0.31936089543592744,0.38705818019981136,0.5680177717318763,0.295359492564141,0.7992140396635977,0.657086312076749,0.47849111991119103,0.34642695655505085,0.31633712760369337,0.38311360146688095,0.17596669810116797
munster_000079_000019,joint_noise_gta_semantic_cityscapes_dropout_pu_1_00,1_00,0.15482850549378765,0.4344061673796635,0.5989525638284054,0.7371809542724517,0.0,0.0,0.21712523954768986,0.25988357346405283,0.2939445035125,0.4194100581686476,0.25128395649309887,0.6959283616504814,0.6020727723444148,0.41682935949359157,0.32300403173619807,0.28830236553921285,0.3115047178190593,0.1441567788650814
munster_000125_000019,joint_noise_gta_semantic_cityscapes_dropout_pu_1_00,1_00,0.2575556796383241,0.4255717729152402,0.5871874885042452,0.7552464276714043,0.0,0.0,0.3061292198226066,0.34269102771896887,0.4088314289552191,0.529175053373956,0.309335500929326,0.8082147069665727,0.6460238062581425,0.4545266045281871,0.372782352447066,0.3445113774086066,0.339566064744128,0.24801887442580942
frankfurt_000001_049698,joint_noise_gta_semantic_cityscapes_dropout_pu_1_00,1_00,0.3316480211534568,0.4397876431520163,0.5978400092702953,0.7441147998304759,0.0,0.0,0.38621007729843815,0.4343354251934379,0.5021974616381307,0.6192503806183949,0.3384584231124601,0.8220459454439861,0.7337417742951802,0.5648952836228704,0.46349992107650695,0.44325043902049827,0.31577567359819714,0.3303337971120974
munster_000078_000019,joint_noise_gta_semantic_cityscapes_dropout_pu_1_00,1_00,0.21800237198576025,0.443068336516396,0.6211892945812632,0.76257573170862,0.0,0.0,0.2947114920071716,0.32669918986951313,0.3880863616145395,0.5372654093968559,0.3132946002056716,0.8129483736581892,0.7647553197236749,0.6824395805196487,0.4758295954991273,0.42486648633175883,0.3540781514765882,0.20831719727176762
frankfurt_000001_054640,joint_noise_gta_semantic_cityscapes_dropout_pu_1_00,1_00,0.2540019559901966,0.47349823291823473,0.6404705166486248,0.7794920775227907,0.901686268719544,0.0,0.31824961408798635,0.36177592852580914,0.44627415261124,0.6217107287118866,0.32810587376172134,0.8670672770802842,0.7237282134500331,0.5586942331400748,0.43979574145413,0.39752784435259936,0.4583493068869261,0.2353300673684998
frankfurt_000001_016462,joint_noise_gta_semantic_cityscapes_dropout_pu_1_00,1_00,0.2953870100160345,0.45758938348968015,0.6188147005266569,0.7594034295041877,0.9114860560601946,0.0,0.36702231422590703,0.4166409021426694,0.4964849981776149,0.6421809885840586,0.3026766325693939,0.8410886512074773,0.7558485720329942,0.5912664378109342,0.47231750443730436,0.43943843574854535,0.3706780033146811,0.29188350289291753
lindau_000041_000019,joint_noise_gta_semantic_cityscapes_dropout_pu_1_00,1_00,0.2122736298355845,0.40782113454764546,0.5837459849990995,0.7345346945930062,0.0,0.0,0.25596338840649796,0.27472674492463245,0.311237076243927,0.42103635705039105,0.26565496057047755,0.6830512963504154,0.5077378074862839,0.38715136334486006,0.29660063174160367,0.28000260606889094,0.3071329974396949,0.20358347220656509
munster_000093_000019,joint_noise_gta_semantic_cityscapes_dropout_pu_1_00,1_00,0.26927313622614074,0.4261261823655602,0.6099228248051551,0.747040433101231,0.0,0.0,0.3020410930584711,0.3346741940275325,0.39406863426415867,0.5306772930252642,0.3104245738157458,0.8128042236356197,0.7193379201498533,0.47660601375796163,0.3893475989077696,0.36036216469423027,0.404948244067904,0.25561238908868117
frankfurt_000001_046272,joint_noise_gta_semantic_cityscapes_dropout_pu_1_00,1_00,0.282541416404507,0.44701992921117656,0.6119802850906276,0.7525178313785579,0.0,0.0,0.3432845634327777,0.3898909008688891,0.46578313503143587,0.6086791851341586,0.35921875263362113,0.8364726351148235,0.6836342989785997,0.5203106822324913,0.43212334508842026,0.4186679920676927,0.3754928246851851,0.26021121532961217
frankfurt_000000_003357,joint_noise_gta_semantic_cityscapes_dropout_pu_1_00,1_00,0.2615692152599206,0.49398686484250126,0.638724449945583,0.7639193042133401,0.0,0.0,0.31902690149241747,0.36110694199625504,0.4485917305314276,0.6363587768492036,0.33090875537421743,0.8449262963388563,0.7679965346466032,0.6644316588492778,0.466539993871887,0.4393193735819912,0.3571824275358726,0.23171178469208684
frankfurt_000001_065160,joint_noise_gta_semantic_cityscapes_dropout_pu_1_00,1_00,0.24688364273255498,0.45161462195449753,0.6071333860848459,0.7517271285523935,0.0,0.0,0.2921825010516555,0.32355890171093576,0.38643614705651785,0.5476383835604091,0.29761216184193545,0.7833629461451916,0.664279357541965,0.5522314382892565,0.3985726891910216,0.3646647824638848,0.3286253685582319,0.2202179664995659
frankfurt_000001_000538,joint_noise_gta_semantic_cityscapes_dropout_pu_1_00,1_00,0.2802657674135171,0.4334565365376098,0.617862579658076,0.757342119762887,0.0,0.0,0.355751217756583,0.4037858897444809,0.4715002856866937,0.6009278328521415,0.3791430739625197,0.8299151872109755,0.6978677202754472,0.5813478881821806,0.4501035107724885,0.42651127648279635,0.4218844448763628,0.2648411741529579
frankfurt_000000_009291,joint_noise_gta_semantic_cityscapes_dropout_pu_1_00,1_00,0.23820899787338498,0.45135406880227746,0.594310966626277,0.7426532251433375,0.0,0.0,0.306742129870368,0.34327601399463714,0.4138044011619481,0.5692375658220186,0.3301561660454441,0.7152057932061308,0.6396881904529016,0.467318591945424,0.3542475324936345,0.32246638571445113,0.38070635091112137,0.21190822107523363
munster_000019_000019,joint_noise_gta_semantic_cityscapes_dropout_pu_1_00,1_00,0.23920152373168013,0.43832452101662395,0.6154029324401011,0.7408341138631998,0.0,0.0,0.2810261685258151,0.3104706347147963,0.36905064371632434,0.5154507292143833,0.28334058696664566,0.7573020372477088,0.6948689260715057,0.5366080273516672,0.40637300525166076,0.39104633713213954,0.34713835613347527,0.23265740880345254
munster_000084_000019,joint_noise_gta_semantic_cityscapes_dropout_pu_1_00,1_00,0.29034199760687396,0.431326491898043,0.6066653839407193,0.7498794120197697,0.9020786749470634,0.0,0.33895662996988896,0.3808745495623773,0.4490844225101132,0.583670205704815,0.3440678495899645,0.7789210439365655,0.7318084242342809,0.646762981640109,0.49752678620409957,0.44977046266454834,0.38640492073129,0.2850014538609449
frankfurt_000000_012009,joint_noise_gta_semantic_cityscapes_dropout_pu_1_00,1_00,0.21774357593259183,0.4302726126392289,0.5842436587407146,0.750311339995973,0.0,0.0,0.2798257186166895,0.30944171572160256,0.37011028135683094,0.5077313715122861,0.2906693143950361,0.7230465411346089,0.6274768518078911,0.46948613256374566,0.362584603802569,0.3430436825180543,0.3193728717599855,0.208202296440513
frankfurt_000001_082466,joint_noise_gta_semantic_cityscapes_dropout_pu_1_00,1_00,0.2173569712861127,0.4534368720351037,0.6228747220575792,0.7680559949602364,0.9139327780656928,0.0,0.27699011531256057,0.30359638134831857,0.35863701892463723,0.5207974944282416,0.2821846156632397,0.8526686810146116,0.7899322831737711,0.5997025576266991,0.42316263015665967,0.3688891490065644,0.46692483051859307,0.19938139255534898
munster_000035_000019,joint_noise_gta_semantic_cityscapes_dropout_pu_1_00,1_00,0.23597891714316263,0.4238924468358247,0.5960018236484274,0.7506791149781195,0.0,0.0,0.2806218443631323,0.3072873996243404,0.36005803029031774,0.4924997844091006,0.2893397671564567,0.8040292931914266,0.7087556933622653,0.5251311820770244,0.436571416732421,0.38666485051255156,0.3364974310658506,0.22548423064659107
frankfurt_000001_060135,joint_noise_gta_semantic_cityscapes_dropout_pu_1_00,1_00,0.24288876576938645,0.42698257698479947,0.5991849817106736,0.7387858982212416,0.0,0.0,0.29275008619536586,0.32591876949178994,0.39179970345323417,0.5260459453529566,0.30592948691280103,0.7235760288461877,0.6585590986781683,0.5605569600319333,0.390878673297317,0.34200541654532995,0.3733787376713584,0.22513994519850059
frankfurt_000001_064925,joint_noise_gta_semantic_cityscapes_dropout_pu_1_00,1_00,0.19555199237966392,0.4064279690923151,0.5781921065237774,0.7404748652629746,0.0,0.0,0.26030333007438405,0.28106098210222225,0.32250691100558976,0.4376984046960861,0.26377574201095355,0.6813260291817271,0.5673745684492608,0.40456300429646697,0.30224673496007026,0.2883587034685657,0.35172802143589676,0.16292169555723254
lindau_000010_000019,joint_noise_gta_semantic_cityscapes_dropout_pu_1_00,1_00,0.23958936790660107,0.44610313357641507,0.6251423919910246,0.7789209568847785,0.9121869586379934,0.0,0.3083813351215926,0.347383217647614,0.4166457700634562,0.5658743807730499,0.31663038173934477,0.8868665874127127,0.7258014368132595,0.6178395942607586,0.415948498049038,0.3919449810086556,0.3789445639768347,0.22898852193056393
frankfurt_000000_000294,joint_noise_gta_semantic_cityscapes_dropout_pu_1_00,1_00,0.19342031164380763,0.45620905862166633,0.6061453915487923,0.743741143170214,0.0,0.0,0.2724398933089837,0.3258588235053326,0.3952523064369051,0.5641738397567126,0.30202284402907087,0.7682333274358144,0.706652810720034,0.5880067281664925,0.42103228877888166,0.3724354309829988,0.33889785801388456,0.16290117391585934
munster_000075_000019,joint_noise_gta_semantic_cityscapes_dropout_pu_1_00,1_00,0.16755213231101074,0.4184536626969558,0.5942064484985253,0.7267602498906666,0.0,0.0,0.23365391592146903,0.27108225346258386,0.31144163534459074,0.4381858622584677,0.24546645851168822,0.686094908530693,0.6104887647930828,0.43401000346861274,0.31677866311028813,0.28694657537437607,0.2902485877253089,0.13761701054337455
frankfurt_000001_007973,joint_noise_gta_semantic_cityscapes_dropout_pu_1_00,1_00,0.31357364973174756,0.45942257609913867,0.6382778591828855,0.7861908139739511,0.9286942120930348,0.0,0.4124840909466636,0.4700177247794662,0.5409560988001345,0.6847680386124213,0.44132896751676826,0.9325817968873177,0.8054234187486693,0.6450183441808527,0.5070940312812039,0.47041341817975807,0.46772255353699055,0.2852706905908254
frankfurt_000001_009854,joint_noise_gta_semantic_cityscapes_dropout_pu_1_00,1_00,0.18780902654617546,0.4340816338813821,0.596786466169966,0.7623517973596338,0.0,0.0,0.253103793135479,0.27604750292207286,0.3226916785739129,0.46592124463729284,0.2654405478408302,0.7584359121967701,0.6141061575660035,0.42071398135904003,0.36894673854869386,0.3233021286540227,0.35977127519964625,0.1681666676962522
munster_000085_000019,joint_noise_gta_semantic_cityscapes_dropout_pu_1_00,1_00,0.26446913218564083,0.44652747573954293,0.6078907738930496,0.7581829830358586,0.9078465613602704,0.0,0.33420791745037476,0.37611132402372227,0.4485389795490982,0.5904695273605924,0.335102783705494,0.8245018927886701,0.7610598693980724,0.6772870983263098,0.518856829162781,0.4370434721757054,0.36644782174388985,0.2472061012513205
munster_000153_000019,joint_noise_gta_semantic_cityscapes_dropout_pu_1_00,1_00,0.24725356811249274,0.4450269144120388,0.6137131848057142,0.7672527743985432,0.0,0.0,0.2933019413829364,0.3271558524182527,0.39391303037283387,0.5495581542966336,0.305991825724788,0.8158940123162473,0.7589054872832699,0.5956243531078472,0.41621920463617423,0.36526769495893957,0.3841621697127567,0.23665440163933996
munster_000028_000019,joint_noise_gta_semantic_cityscapes_dropout_pu_1_00,1_00,0.20163865788612587,0.4223287137283817,0.6029058242839914,0.7527132328899112,0.0,0.0,0.2655157677803529,0.2887636757287183,0.3363855106860385,0.4699958395665395,0.2788659488745048,0.7388544582148064,0.6118044644479282,0.45352472038040886,0.33869508822285854,0.3068721595375567,0.3731813144451346,0.19446523607695093
lindau_000028_000019,joint_noise_gta_semantic_cityscapes_dropout_pu_1_00,1_00,0.21625687775410177,0.42358480390039605,0.5630178135295795,0.7246933318554837,0.0,0.0,0.26737859307011813,0.29209587231042206,0.34182258125561477,0.474922511298584,0.2754325472641977,0.6299875997062756,0.5603754035940841,0.47221866344587854,0.351610924302666,0.33120808959504,0.3686289055993429,0.20898690140839293
frankfurt_000000_013067,joint_noise_gta_semantic_cityscapes_dropout_pu_1_00,1_00,0.27874736252428783,0.4690457625371125,0.6195728718376154,0.7631197688782788,0.0,0.0,0.34012273549752703,0.38873954399945543,0.4757434769269262,0.6321290563610094,0.3534948863847062,0.8091995435697561,0.6890534198297286,0.6190337207977529,0.4745615371659751,0.4298505909808181,0.4163125407395152,0.24014666078913124
munster_000135_000019,joint_noise_gta_semantic_cityscapes_dropout_pu_1_00,1_00,0.1963488153453709,0.4287253539619111,0.5872271058403006,0.7387530514599532,0.0,0.0,0.271629244883479,0.2981891649789037,0.3528074195546239,0.4907496570164033,0.28140821113578085,0.7108296226665958,0.6481698375341811,0.49348878604447677,0.34682968752247634,0.32958199595707605,0.32570222607012494,0.18904447217789616
munster_000124_000019,joint_noise_gta_semantic_cityscapes_dropout_pu_1_00,1_00,0.26430734998000277,0.41274904513365746,0.5684436731892952,0.747776107752037,0.0,0.0,0.3025890300330739,0.3356849637214715,0.3954980941062331,0.5000491435170518,0.3131935807641133,0.7032647615478943,0.5800417113591487,0.4716730464734479,0.3888205169505972,0.3512837471317544,0.3282017258224264,0.25861275339295453
munster_000117_000019,joint_noise_gta_semantic_cityscapes_dropout_pu_1_00,1_00,0.2534820473598578,0.44102319793666933,0.6070917004960924,0.7501210274528847,0.0,0.0,0.2868275110317075,0.3153016807407031,0.37309652670788424,0.5262671333254397,0.29873809465143675,0.7825733491449379,0.6715106245415575,0.5104169032077769,0.4070273541296393,0.3599548874696453,0.3702757816908275,0.24013149621448246
lindau_000034_000019,joint_noise_gta_semantic_cityscapes_dropout_pu_1_00,1_00,0.24676298533669275,0.41969942317223125,0.5896345085196907,0.7457401018612259,0.0,0.0,0.3109460651573988,0.3445692496210853,0.40483846630518855,0.5205270104466766,0.2467948918306276,0.7288587612993187,0.6202497087684382,0.5509974338163596,0.4115363212570721,0.3968358420892909,0.48795320517718566,0.18671197947722376
frankfurt_000001_038245,joint_noise_gta_semantic_cityscapes_dropout_pu_1_00,1_00,0.23377471590142643,0.46426263077777363,0.660913486520977,0.8103990806568617,0.9252327033059812,0.9523523234277426,0.30565296711187756,0.3429865851131368,0.41621930924086864,0.591213298946406,0.3247407933996759,0.9448570331424248,0.7896406557903946,0.5897419056117218,0.38861943706206553,0.3447130582552325,0.3964077713488063,0.21596926475516265
frankfurt_000001_067474,joint_noise_gta_semantic_cityscapes_dropout_pu_1_00,1_00,0.21676144974270428,0.49578551830648226,0.6564489679598539,0.7831512579031874,0.9091594950428395,0.0,0.29493455494304555,0.32898008446341587,0.400288455362918,0.6050860861111357,0.31419378258347164,0.8679826058671429,0.8145608369149516,0.6164316673257708,0.45069092396897753,0.396735253763461,0.4281519725784584,0.19454239788505015
munster_000048_000019,joint_noise_gta_semantic_cityscapes_dropout_pu_1_00,1_00,0.2883468126646195,0.4456408726390723,0.6088875361503043,0.7621410802441421,0.0,0.0,0.3401966322442297,0.3839864696864641,0.4579900415440226,0.5921818670079081,0.35569323323535446,0.7894805657339797,0.7420181084215929,0.5804263808985345,0.46374689641066685,0.43520108971546667,0.3700541167063903,0.2848602884356112
frankfurt_000001_062509,joint_noise_gta_semantic_cityscapes_dropout_pu_1_00,1_00,0.1630001890384416,0.4852566204118107,0.6285242010824719,0.7384342696681095,0.0,0.0,0.22875448423523342,0.26422359858010847,0.30187377192486975,0.4606393945341697,0.25735391327084267,0.7662464430702487,0.6330529511778042,0.42205370051225055,0.30870547388772235,0.2846867134617508,0.4371550811746758,0.1461614657442394
lindau_000006_000019,joint_noise_gta_semantic_cityscapes_dropout_pu_1_00,1_00,0.18878385875547443,0.4186664685649809,0.5892387732626444,0.7482742851328189,0.0,0.0,0.2531237546131458,0.2713716558811682,0.30981355771714825,0.43534808045717394,0.2637953021088511,0.6899185777536817,0.5792342463031188,0.43471218227183145,0.32024585795990457,0.30263685910190086,0.3417119995945,0.18168106295354391
munster_000081_000019,joint_noise_gta_semantic_cityscapes_dropout_pu_1_00,1_00,0.19961464191549028,0.41395129705443023,0.5899207729523106,0.7552784693655853,0.0,0.0,0.2692527881554722,0.2916829565769622,0.3308405598168478,0.4473758463284803,0.26848688463936926,0.7557229906621076,0.6147757774468618,0.4429333587918321,0.3604821027997832,0.3261457523444273,0.3934928473915207,0.15529324204238826
lindau_000022_000019,joint_noise_gta_semantic_cityscapes_dropout_pu_1_00,1_00,0.1745923675176049,0.40783012253355844,0.5763292639419979,0.7275640627021613,0.0,0.0,0.24396163669809243,0.32119921853044753,0.38393820791580124,0.48251430023352265,0.20884830300678173,0.6943212278364419,0.5619337746295228,0.4515309917948702,0.42564071691458266,0.4134433338058466,0.3191806879772437,0.1605417201600368
lindau_000044_000019,joint_noise_gta_semantic_cityscapes_dropout_pu_1_00,1_00,0.14950917271913963,0.410645663665242,0.5810238577635148,0.7180777381215969,0.0,0.0,0.20917609024341965,0.24345354243715164,0.2654341668092298,0.3390012138655549,0.14965084184478722,0.6345877081175924,0.4495507763889423,0.3253899754189634,0.26608520595860685,0.25118279251732956,0.34465166091336863,0.05617969858045796
frankfurt_000001_041517,joint_noise_gta_semantic_cityscapes_dropout_pu_1_00,1_00,0.2540259373315822,0.4789837763840537,0.6286562695237281,0.7678800398345583,0.9057908098518157,0.0,0.31196471835278056,0.3508836610243827,0.4299668998652615,0.6106608481889949,0.32896230318841263,0.8861215202170348,0.7280935352089659,0.5078991904942736,0.36070448022277163,0.3477682938364336,0.2746707612299866,0.22842879452835715
frankfurt_000001_023769,joint_noise_gta_semantic_cityscapes_dropout_pu_1_00,1_00,0.322002237968026,0.47374556069189644,0.5871380529022064,0.7350954281729369,0.0,0.0,0.4152089464926028,0.47839522963579756,0.5409712046259397,0.6311693754105171,0.3835004361885286,0.7279949185751508,0.6842997670714732,0.6067782942881156,0.5444400130165286,0.5167514162351122,0.3733045615742202,0.296638335906492
munster_000094_000019,joint_noise_gta_semantic_cityscapes_dropout_pu_1_00,1_00,0.2723438536315202,0.4423100450558858,0.6319613866525134,0.7605714721641363,0.9085280326047189,0.0,0.32074198600464776,0.358924513290543,0.4285277312598647,0.5812938650855993,0.33507257899627985,0.8147672841768846,0.7734143941015745,0.5846510513828181,0.39908409090971403,0.36478319998315434,0.41309798838233464,0.2597357881933473
frankfurt_000001_012038,joint_noise_gta_semantic_cityscapes_dropout_pu_1_00,1_00,0.25590662660661145,0.4592848531984647,0.629511399065545,0.7671747021229329,0.9030437987138236,0.0,0.3266192389672405,0.3730192424488011,0.4574912131325611,0.6101739822215507,0.33958364334164703,0.8254665346749813,0.7352017064480469,0.5668972506573734,0.42708587260371883,0.38153774454227596,0.44797571637862865,0.23702793996731647
frankfurt_000000_015676,joint_noise_gta_semantic_cityscapes_dropout_pu_1_00,1_00,0.24377311371258517,0.46448830331875796,0.6369997920295495,0.796149954937205,0.0,0.0,0.3029782701907311,0.3402471462877015,0.4139906471387828,0.590992013730143,0.3177416024682564,0.8585577294773589,0.6748252436480882,0.5065972264483929,0.3492258458485709,0.3136893393096187,0.29895420635374276,0.21592069105275297
frankfurt_000001_049770,joint_noise_gta_semantic_cityscapes_dropout_pu_1_00,1_00,0.37453117000962005,0.4491426337867318,0.5965236052306954,0.7425761938297738,0.0,0.0,0.43623690437037604,0.48445593915356183,0.5433984219836976,0.6465522094914293,0.38565625387601093,0.7627632985300284,0.704019056991733,0.58442033917717,0.47619669477233517,0.46399185143065563,0.41267017165037717,0.3708285472760149
munster_000027_000019,joint_noise_gta_semantic_cityscapes_dropout_pu_1_00,1_00,0.22334972923680543,0.44389133606649567,0.6261418216800452,0.7501622830008119,0.0,0.0,0.279408388830854,0.307600106432808,0.3654384207499523,0.5219735295438924,0.28433652375177804,0.789636443681393,0.7438844089879051,0.5601259063148841,0.3632207781158936,0.33504305252649796,0.3823179771163188,0.2069170019697298
frankfurt_000001_075984,joint_noise_gta_semantic_cityscapes_dropout_pu_1_00,1_00,0.20690872432844207,0.44261584034026735,0.6118851226956502,0.7505833907354613,0.0,0.0,0.2800075082645182,0.30761687431322055,0.3578715017972928,0.5051671668963011,0.27084806860006566,0.7954219228571021,0.6468334630793762,0.5181348979958372,0.3619347550654222,0.330116708573567,0.3753562604959893,0.18044090781424496
frankfurt_000001_062793,joint_noise_gta_semantic_cityscapes_dropout_pu_1_00,1_00,0.2097294844318296,0.42782077618743464,0.6062413772734984,0.7596977349468245,0.0,0.0,0.2726273277547282,0.2978989528816541,0.3506405611434354,0.4906263227339946,0.2805264292774665,0.7649197959362074,0.6656735010103061,0.46320463286910807,0.35529686850106557,0.2978900057290787,0.37121550269123593,0.19383401527317531
frankfurt_000001_042733,joint_noise_gta_semantic_cityscapes_dropout_pu_1_00,1_00,0.30777428973268744,0.4862748943444546,0.6231958200374734,0.7711141373150343,0.9268865713336446,0.9562107698492889,0.38993707333322575,0.4544861899466136,0.5442303044131216,0.6796578223693035,0.37653632414725724,0.9084942311896984,0.8273118715662585,0.6174173592864829,0.5464445962509573,0.5036381582609474,0.3891720099392414,0.2770009560462348
frankfurt_000001_069633,joint_noise_gta_semantic_cityscapes_dropout_pu_1_00,1_00,0.16185600526406496,0.4374627837003021,0.6163797644400963,0.7630697835035051,0.0,0.0,0.2278818613862688,0.2691786564870234,0.3093776710615725,0.44845481566194384,0.245447602551183,0.8049362954742338,0.6831266699108938,0.4360541899635131,0.2999001851510769,0.2738014279488866,0.2408417203153826,0.13870229116428354
munster_000102_000019,joint_noise_gta_semantic_cityscapes_dropout_pu_1_00,1_00,0.2618341106339008,0.403753549501902,0.5911417494477222,0.7517083686077642,0.0,0.0,0.3417221448528966,0.381786744288028,0.4331530919397243,0.5190968207669011,0.3435718889710306,0.7791733214801237,0.6585760912000557,0.46957495976818686,0.41045244644806467,0.4049805525096553,0.34903502280058857,0.25346866191178963
munster_000140_000019,joint_noise_gta_semantic_cityscapes_dropout_pu_1_00,1_00,0.17876364510395867,0.4362716922744543,0.61256521452464,0.7754324091035644,0.0,0.0,0.25124869815975925,0.31560033576006263,0.37035509268264827,0.5088890883201637,0.2725186357403948,0.8429483468920451,0.7528542195939738,0.5467091146546016,0.36756338741559025,0.33566188413434384,0.28621376168085716,0.1743143918975229
frankfurt_000001_046126,joint_noise_gta_semantic_cityscapes_dropout_pu_1_00,1_00,0.27123579884434185,0.4598108330145139,0.5984621843635451,0.7491399515304547,0.0,0.0,0.3268973939662484,0.3709055671691364,0.4532157730554612,0.5884290222244886,0.35358082877792524,0.7873780668206268,0.7619954349131761,0.6503192110352992,0.49317133460489115,0.45582332010185883,0.41267574737457147,0.2582581692870701
frankfurt_000001_004859,joint_noise_gta_semantic_cityscapes_dropout_pu_1_00,1_00,0.22389611911870141,0.4447082860231433,0.6142696581824747,0.7517984436369537,0.0,0.0,0.28355434388628875,0.31364888999538615,0.37688426513174383,0.5312057660270892,0.2964038345697243,0.7838056432368521,0.6739712531534979,0.47149956200980936,0.34442251355475184,0.3273230235375093,0.4030933825951671,0.205871287075283
frankfurt_000001_058504,joint_noise_gta_semantic_cityscapes_dropout_pu_1_00,1_00,0.2235196697501902,0.452461951320579,0.6196938288769561,0.7486823237305874,0.0,0.0,0.2818404511794349,0.31231587529171395,0.37522571436008784,0.5369273057096274,0.29977222884546384,0.786252539006202,0.7334081674226188,0.559748196597078,0.3769652462043296,0.3339571271438633,0.47386755421149934,0.1988622558564178
munster_000023_000019,joint_noise_gta_semantic_cityscapes_dropout_pu_1_00,1_00,0.1962569095062903,0.4379748299158247,0.604385975678861,0.7951934103307235,0.913718876043049,0.0,0.2757299022088698,0.31640216314465064,0.38006733391801323,0.5139581535330751,0.2989564244056315,0.8546441007766172,0.7909428059804162,0.5963073305539246,0.4467767655843797,0.3939871778459942,0.39162109675026946,0.18368005316198774
frankfurt_000001_055387,joint_noise_gta_semantic_cityscapes_dropout_pu_1_00,1_00,0.23421270764910032,0.4967193877049534,0.6218078764103656,0.740514033042798,0.9035360444687054,0.0,0.3096906865995625,0.3512225164563616,0.4370630312315846,0.6250288401806733,0.3183984401165498,0.8061092912636212,0.7507687145622512,0.6631062958519255,0.5860314097610264,0.5099384230774853,0.4481507961691164,0.2109373085703948
munster_000172_000019,joint_noise_gta_semantic_cityscapes_dropout_pu_1_00,1_00,0.23046206290279272,0.4245701401351413,0.5848815426058017,0.7585136691857023,0.0,0.0,0.28460322489352363,0.31424462337228587,0.3728977496491961,0.4984528678400559,0.2909950163755412,0.765163912395495,0.6728244662246852,0.5596342408069236,0.43897470589425525,0.39382380092679126,0.2817556063393428,0.2177375792825206
lindau_000009_000019,joint_noise_gta_semantic_cityscapes_dropout_pu_1_00,1_00,0.28382509893217955,0.428519733794151,0.5900493375335902,0.7487463123186971,0.0,0.0,0.3603327616298487,0.4104368640229348,0.4697985621538273,0.5592637771022715,0.3478576786464337,0.7293249371218606,0.658487822351844,0.5371933182223443,0.44381720743371583,0.430532315849844,0.2933231081254703,0.27383945415029126
munster_000126_000019,joint_noise_gta_semantic_cityscapes_dropout_pu_1_00,1_00,0.1697982867358358,0.42574490702514467,0.6037934811101833,0.7439267090645442,0.0,0.0,0.23971038598900277,0.26645827939608185,0.3050599241845788,0.4369573155384376,0.2587510442923408,0.6873362969595176,0.5553370952772813,0.4098116518760644,0.2983277514196851,0.2756551226152733,0.32472577794358143,0.1645549979204778
frankfurt_000001_059119,joint_noise_gta_semantic_cityscapes_dropout_pu_1_00,1_00,0.24872222797120241,0.4472930746860019,0.6183313605729721,0.7519098074717361,0.0,0.0,0.3504023496463164,0.41515825916282273,0.4868981025152289,0.6046097169482421,0.3068058961576218,0.8518526776159335,0.7576956078529345,0.5349645732874754,0.4700748452191255,0.42876152782829524,0.34214858228223344,0.22547120539519394
frankfurt_000001_029086,joint_noise_gta_semantic_cityscapes_dropout_pu_1_00,1_00,0.24263309969546654,0.45818856586102574,0.628483050847298,0.7681634022932775,0.0,0.0,0.2942701515379052,0.32826147005689965,0.3987574083785229,0.5677142427358709,0.310036090663805,0.8334877750892258,0.7808453684916876,0.5365706625961024,0.37477796388630247,0.3412967346677314,0.32554188214168434,0.22670284685332545
frankfurt_000000_005898,joint_noise_gta_semantic_cityscapes_dropout_pu_1_00,1_00,0.2794484111719078,0.43255555816070934,0.6376835723774962,0.7699573698944158,0.9084364372208771,0.0,0.3170375025680482,0.35571160894199777,0.424032021696134,0.57797972905865,0.33215668539249965,0.8502807028197226,0.7175709753080592,0.565867323801021,0.4123434622565052,0.3706884288683767,0.4110050327370494,0.26426342566796046
munster_000164_000019,joint_noise_gta_semantic_cityscapes_dropout_pu_1_00,1_00,0.2514975310157116,0.41384653823606293,0.5738830331252692,0.7587054662962633,0.0,0.0,0.2972145747304073,0.32613334455554255,0.3803869283242825,0.49787330920825384,0.30254978287106066,0.7511223998702065,0.6172224768036662,0.46014571551434647,0.3642527755492471,0.33717327069039366,0.4123359456366369,0.24375195706530786
frankfurt_000001_059789,joint_noise_gta_semantic_cityscapes_dropout_pu_1_00,1_00,0.2015268925810396,0.42672046789569557,0.596674270837385,0.740217784282133,0.0,0.0,0.2772103370998049,0.3069106399910824,0.3639279367645035,0.4997882953475825,0.2883497565772665,0.7148161497265094,0.6165215091710943,0.5042441850060857,0.3911100552011646,0.3488336028336719,0.3256479954639461,0.17866189623895534
munster_000091_000019,joint_noise_gta_semantic_cityscapes_dropout_pu_1_00,1_00,0.2395548972801643,0.42030930365799396,0.6014677139844354,0.7518788242557515,0.0,0.0,0.29842082016328675,0.32793140231595164,0.3830242560822087,0.5144339327654928,0.24819485556873688,0.7668662574839918,0.6120191149930561,0.49682655731789926,0.3608308240655682,0.32784059505317564,0.34839032139572995,0.23188560785477041
frankfurt_000001_063045,joint_noise_gta_semantic_cityscapes_dropout_pu_1_00,1_00,0.21127896627893986,0.4374239963013871,0.6056969269811989,0.7567653843338001,0.0,0.0,0.2834460647448481,0.31429221353727477,0.3751330686710394,0.5203293248986364,0.2932852826751487,0.8024678017331398,0.665007484214207,0.5001427367091165,0.38454696977332986,0.35633217201426937,0.37598309729512125,0.20078668597447694
frankfurt_000001_055538,joint_noise_gta_semantic_cityscapes_dropout_pu_1_00,1_00,0.2598798346168619,0.47623047518598244,0.6214317944038433,0.7913992106514104,0.9139102632825608,0.0,0.34800599722234016,0.40141434743051274,0.4935663709290698,0.6398625772898267,0.352140931151914,0.8991118673083924,0.7439837840770402,0.5506861991016835,0.4614122341377181,0.42703026667761285,0.4308143296493999,0.2243853869652664
munster_000101_000019,joint_noise_gta_semantic_cityscapes_dropout_pu_1_00,1_00,0.2718005387269217,0.4483273839178768,0.5960613215583261,0.7578520593480297,0.0,0.0,0.30599597710614407,0.3411055079788934,0.41095484760577133,0.5510198523312988,0.31701036644522085,0.8276654992023513,0.7354891541687052,0.5923317329741934,0.39529468392486256,0.3689458206735369,0.4553959038376771,0.2611553317351155
frankfurt_000001_028335,joint_noise_gta_semantic_cityscapes_dropout_pu_1_00,1_00,0.23035599332657059,0.4611119855174167,0.6386916917233598,0.7663577476475073,0.9031572044136579,0.0,0.3083391690932326,0.34812224034056877,0.42743295409230064,0.6023982946836058,0.30360286464552894,0.8669549889329804,0.8052840437687421,0.5758733924148359,0.42770054544053726,0.39106494364249916,0.45838782491439023,0.19802571819461506
lindau_000053_000019,joint_noise_gta_semantic_cityscapes_dropout_pu_1_00,1_00,0.2731446513874868,0.41883357898131984,0.5865534884678237,0.7640307397952729,0.0,0.0,0.305795249131338,0.34089518715757783,0.4042722196037266,0.5286718762460366,0.2900247109420071,0.8102071147023591,0.6134752817359712,0.4871732971343421,0.40664827961251576,0.40656197665936056,0.4598512616038451,0.28266942370622605
frankfurt_000001_037705,joint_noise_gta_semantic_cityscapes_dropout_pu_1_00,1_00,0.2837240520244051,0.4850689188892366,0.6571366749275093,0.781311373294293,0.9087638887953222,0.0,0.3695092565911961,0.4279122878202661,0.52194030537762,0.6976052497439857,0.3666890247992829,0.9031449508465191,0.8936843812943092,0.8082390347749621,0.5805996068498088,0.50135171252593,0.3676729583524848,0.23528393389388536
munster_000097_000019,joint_noise_gta_semantic_cityscapes_dropout_pu_1_00,1_00,0.2081651164464259,0.4418969473203709,0.5970043754499866,0.7413876606976624,0.0,0.0,0.28507024724857494,0.3172016645296837,0.37940777143824295,0.5247302449281713,0.2888869444761724,0.7577239484624653,0.6370125726729153,0.5312701964966279,0.3877162948261571,0.3455719000218902,0.33629697747425147,0.18901982020341404
munster_000088_000019,joint_noise_gta_semantic_cityscapes_dropout_pu_1_00,1_00,0.1701311049319896,0.4360824487984044,0.6031945478824623,0.7428518046303962,0.0,0.0,0.2391653116061147,0.2717958981427242,0.308201356623964,0.43142794253435524,0.25355543353502746,0.7462561527880127,0.67624415291448,0.4736295676467971,0.3397105738771367,0.30656853867992206,0.3509006992159823,0.1455845934174177
munster_000053_000019,joint_noise_gta_semantic_cityscapes_dropout_pu_1_00,1_00,0.16902820459826115,0.4537321103209394,0.6108911981752505,0.7473157264576689,0.0,0.0,0.23815269714565301,0.27797239029649806,0.3255021175872722,0.48600292539054135,0.25032467148461857,0.7693347643536401,0.6986911709401599,0.5162509773510344,0.402438494792346,0.3568431796304815,0.3537745189961507,0.15475574066521183
frankfurt_000001_016029,joint_noise_gta_semantic_cityscapes_dropout_pu_1_00,1_00,0.22565577024810948,0.44943163063811786,0.6176218353409529,0.742202937090203,0.9001972656344421,0.0,0.29216850145845996,0.3272401339384387,0.39675435058756964,0.5548526399498064,0.3055076870013767,0.7466621822034385,0.6890943851381165,0.5891316033511201,0.4352652970728127,0.3851808086515086,0.3973119521265149,0.21481514590420256
munster_000077_000019,joint_noise_gta_semantic_cityscapes_dropout_pu_1_00,1_00,0.2342434972892679,0.43055814244406554,0.5610274934356958,0.7860920632590147,0.0,0.0,0.32736503444250437,0.384337251008337,0.45543405270782755,0.5387139379955249,0.35151620828047686,0.8353171153063248,0.728140642805121,0.5267729241250255,0.4565299882713998,0.4248119343747306,0.43518631567718463,0.22882637065429098
munster_000089_000019,joint_noise_gta_semantic_cityscapes_dropout_pu_1_00,1_00,0.21931670022189503,0.4428319860986663,0.5955518674752106,0.7396560654287002,0.0,0.0,0.2692398080067051,0.29465479813992557,0.3456971859008936,0.49556389013438773,0.2849898748594163,0.7357107160535381,0.6687122679101778,0.48012670952536823,0.3491554587089711,0.3209116470377473,0.37624366524670766,0.21255612817647865
frankfurt_000000_004617,joint_noise_gta_semantic_cityscapes_dropout_pu_1_00,1_00,0.25521633410861605,0.4458033445587434,0.5977730123238884,0.7388412887642617,0.0,0.0,0.30700339403533367,0.34531503161913824,0.4199079977965648,0.5617173818404959,0.3196293477268129,0.7879049021891952,0.6629389256137692,0.49700797004790054,0.40253447240365126,0.37370594444331273,0.3819163781901893,0.240215615971656
munster_000146_000019,joint_noise_gta_semantic_cityscapes_dropout_pu_1_00,1_00,0.18865286895945393,0.46580206669487806,0.6345544638313718,0.7592017995838896,0.0,0.0,0.25621129986530783,0.29412249924594414,0.3459019722000236,0.5126283556201306,0.28717686022993316,0.7977980140840935,0.6994242953715856,0.4982305856701658,0.36087814239662713,0.3218720925703803,0.4086999173614857,0.17593084910159026
lindau_000005_000019,joint_noise_gta_semantic_cityscapes_dropout_pu_1_00,1_00,0.18225126459460492,0.43622519957995975,0.5988835977101804,0.7432920840991305,0.0,0.0,0.24571815988079124,0.2611154070722787,0.29395824162822504,0.42096745450480716,0.25504474432507196,0.6941113457696797,0.5952439402559373,0.4220159082815899,0.30866963035390116,0.28641150653772307,0.34139392455271406,0.16839403545521012
frankfurt_000001_005703,joint_noise_gta_semantic_cityscapes_dropout_pu_1_00,1_00,0.2683896496506047,0.46675756388378636,0.6461758079576806,0.803730868376537,0.9133639648407345,0.0,0.31322411624449165,0.3541847749406272,0.4342862535257984,0.6107667689347912,0.3235555448313413,0.8738147274193184,0.7493519985145816,0.5460645407418764,0.42274833430397984,0.3807090820617607,0.46778220339699744,0.24904019394294966
frankfurt_000001_070099,joint_noise_gta_semantic_cityscapes_dropout_pu_1_00,1_00,0.2502230715686542,0.46177349448624005,0.6265309031243719,0.7459734938383595,0.0,0.0,0.30283024316469875,0.3372476608034714,0.4080774508779797,0.5824882901544295,0.29373725770339204,0.7773142237074155,0.718155034151857,0.49489235267311826,0.35073066206890763,0.3354241057320694,0.36281825600389095,0.21427606360797985
lindau_000057_000019,joint_noise_gta_semantic_cityscapes_dropout_pu_1_00,1_00,0.2040412778064857,0.42045740530095493,0.5946102020469421,0.7465024154388573,0.0,0.0,0.27377689201373584,0.29994764919117595,0.35311719715165113,0.48253902646928065,0.287648774849862,0.7852613718142771,0.6177797431757766,0.494449095859624,0.3751212247824419,0.34615409913744,0.4158576766367543,0.18867990752284888
frankfurt_000001_014741,joint_noise_gta_semantic_cityscapes_dropout_pu_1_00,1_00,0.2223398779191047,0.4725463484978889,0.6313483380691433,0.7593081592922408,0.0,0.0,0.2937597726620845,0.32909507900209595,0.40534478798226653,0.5849804465767595,0.3034106074448375,0.815855533649763,0.718911487179771,0.5339712958783018,0.37838346418641705,0.3377106226321719,0.3705392410514524,0.20597154160632183
frankfurt_000001_046504,joint_noise_gta_semantic_cityscapes_dropout_pu_1_00,1_00,0.2882532083947568,0.45679854936126313,0.603690055983999,0.7413269896647532,0.0,0.0,0.341111538739687,0.3882426544871184,0.4694081897662938,0.6115193509836282,0.3585178584162311,0.7852213762371534,0.7266660862870712,0.6900666466965092,0.5381321062641087,0.44968287592161305,0.4121711979846263,0.2732892971865165
frankfurt_000001_068682,joint_noise_gta_semantic_cityscapes_dropout_pu_1_00,1_00,0.2530461760744875,0.4398142547248444,0.6232511004688399,0.7598352047770051,0.0,0.0,0.2908225595858407,0.3215769950230721,0.38251791493021753,0.5308803445791248,0.311279109499889,0.8279469266370199,0.7754518686466837,0.6084477661806992,0.40820909658442667,0.36445991197012384,0.40617109055349415,0.24197456981530643
frankfurt_000001_058176,joint_noise_gta_semantic_cityscapes_dropout_pu_1_00,1_00,0.25286109594197226,0.4900782315378359,0.6454513977042438,0.7799822606565427,0.904063312204319,0.0,0.30483174557345705,0.3445430034147089,0.4294222333315395,0.620600731744806,0.32405094102647064,0.8787128573824642,0.7264405272264205,0.5728536200827277,0.46476629346742093,0.38592819050339183,0.3590002002331775,0.2236050625523221
frankfurt_000001_059642,joint_noise_gta_semantic_cityscapes_dropout_pu_1_00,1_00,0.18765151856593595,0.4786378026545277,0.7108986228197637,0.8279671923073101,0.9185939656395927,0.0,0.2635691019770222,0.30714920482072583,0.36936672467760473,0.5573604375547245,0.27625710494673594,0.9099184107265448,0.759899551993951,0.5501689091296309,0.4128151677644538,0.3558666169332048,0.3273099513670277,0.15262275118176902
frankfurt_000001_047552,joint_noise_gta_semantic_cityscapes_dropout_pu_1_00,1_00,0.24402721924246595,0.4228931096083335,0.5822561946210885,0.7478771186393136,0.0,0.0,0.2927799154855315,0.32245414189382804,0.38076768814598216,0.51114495771138,0.2950215210911195,0.7059029546029565,0.6333411283303007,0.4625047978673675,0.33335247695433823,0.31833504922807115,0.3404527946141615,0.22305955766704827
frankfurt_000001_057954,joint_noise_gta_semantic_cityscapes_dropout_pu_1_00,1_00,0.29634452342826206,0.45589339778665705,0.6030410623188875,0.7602313643589436,0.912586712414399,0.0,0.4108948498717028,0.47064961237719777,0.5231019963705594,0.6313420497933746,0.3458431118220863,0.8671576172861037,0.7466849028541014,0.6470057822666273,0.49533749792067844,0.47992680087015877,0.35193914776066054,0.28719027880295694
munster_000132_000019,joint_noise_gta_semantic_cityscapes_dropout_pu_1_00,1_00,0.19843345114807717,0.40182501884970395,0.5826983631834697,0.7333161013158148,0.0,0.0,0.2580414524537004,0.2781164956659338,0.31755483811556096,0.4272074128064218,0.26309448107108757,0.6877807930381782,0.5615617815061195,0.4182802015777936,0.32575501543048885,0.3106588116209882,0.28362150126420127,0.18220792546273326
munster_000142_000019,joint_noise_gta_semantic_cityscapes_dropout_pu_1_00,1_00,0.28808530923864545,0.5185522682829373,0.6329796747544404,0.7664268888093076,0.9018935123220527,0.0,0.3662061883539499,0.43091900607995975,0.5457239911423186,0.6971640602626415,0.39419074180770486,0.8460110322355816,0.8197858112324908,0.7012685488758308,0.5531027999590197,0.529265371919112,0.5851673800281355,0.2894117892009599
frankfurt_000001_007285,joint_noise_gta_semantic_cityscapes_dropout_pu_1_00,1_00,0.24136138695643672,0.4791339987755426,0.6129257450112194,0.7486643971505678,0.0,0.0,0.3218566746075,0.36822929740322496,0.4592496369757383,0.6231875846805222,0.32672981428744474,0.7928556011331865,0.76369485964861,0.7370054249088177,0.5343721566230426,0.48653688217385355,0.37387473667295895,0.22818872795029152
frankfurt_000000_013382,joint_noise_gta_semantic_cityscapes_dropout_pu_1_00,1_00,0.19007515829327093,0.44875360189699703,0.6281384107934697,0.781604652099956,0.9182410393594371,0.0,0.2590875440989105,0.28189470235051284,0.3284688672417699,0.47949653354866495,0.2642400123838496,0.8242682262832695,0.7163601845216374,0.5724410730904413,0.3363980106700194,0.3041059351744164,0.4139573694099916,0.1597048396196188
munster_000002_000019,joint_noise_gta_semantic_cityscapes_dropout_pu_1_00,1_00,0.296826601621891,0.42224690711998336,0.638075402663143,0.7932732492207843,0.0,0.0,0.36820386141154443,0.4149552350961717,0.4726725236765322,0.5861197166068078,0.34690621075303024,0.888665951765104,0.8552521497553623,0.773841111867503,0.5367950649901185,0.4410356530945235,0.46263519760066385,0.2868390871995559
munster_000003_000019,joint_noise_gta_semantic_cityscapes_dropout_pu_1_00,1_00,0.21992597413780796,0.40921722949421946,0.5893296597356716,0.7576205846687347,0.0,0.0,0.2704199045823597,0.29380416165195333,0.338362125321232,0.4548567145400387,0.2883137291631486,0.7015555888611117,0.5735352464130472,0.44980155962319407,0.3588945872121072,0.31620533799753137,0.3857739781400689,0.21551058328644723
frankfurt_000000_019607,joint_noise_gta_semantic_cityscapes_dropout_pu_1_00,1_00,0.22408029897174123,0.4659150730361878,0.6283957236962905,0.771814524293521,0.9120102447528272,0.0,0.2942882092871117,0.3282827927508276,0.39852223157022004,0.5723914163923365,0.3152743904549348,0.8767613818523547,0.818451488770677,0.6634608442685312,0.48507695061287054,0.42080770183338273,0.36172561356194055,0.20163668507206267
munster_000067_000019,joint_noise_gta_semantic_cityscapes_dropout_pu_1_00,1_00,0.22295102786850624,0.4497760970234139,0.6511672698653111,0.7880652854477034,0.0,0.0,0.27410570221409625,0.3013523338071217,0.35362607659445955,0.509541574189665,0.2691692146416351,0.8682046014631349,0.8215896114419546,0.5706875223745447,0.41088881428215496,0.3803021102942013,0.43622639114932715,0.20868025373915294
frankfurt_000001_054077,joint_noise_gta_semantic_cityscapes_dropout_pu_1_00,1_00,0.24977327818144218,0.45561091575436036,0.5856429418393904,0.7349643828710588,0.0,0.0,0.3462098435251695,0.41596392037099406,0.4934981719336304,0.5999502960321287,0.32286333006520773,0.7724196774644116,0.6741638018717334,0.5877050344408886,0.483425441640489,0.448296245257986,0.42600059226934806,0.22678037245651214
munster_000044_000019,joint_noise_gta_semantic_cityscapes_dropout_pu_1_00,1_00,0.24652230851795445,0.4267072298056253,0.6125420590658988,0.7655336813891013,0.0,0.0,0.3378280740046124,0.38238846180482233,0.4488055194847155,0.5479164146113807,0.2906984138141329,0.8405502679628063,0.7446811835561842,0.6090120836295617,0.44388002216961503,0.41623966888419445,0.3710624111857314,0.23453385208862212
frankfurt_000001_020287,joint_noise_gta_semantic_cityscapes_dropout_pu_1_00,1_00,0.22857923773880756,0.44020294315709807,0.6106540262558289,0.7916105248106337,0.0,0.0,0.2824686007653608,0.31184478620829387,0.371062725871468,0.5150744284162353,0.291912417518832,0.8664769362702824,0.746743463847658,0.4885038911793119,0.40713975832837884,0.3922604437858708,0.3511592319994987,0.2182005491464823
munster_000169_000019,joint_noise_gta_semantic_cityscapes_dropout_pu_1_00,1_00,0.2049238327877794,0.452708028066614,0.6292472000183825,0.7637219993420621,0.0,0.0,0.2694619872549822,0.29477759572195533,0.3475869143896655,0.5082451564265951,0.28890200190373766,0.7967122436573127,0.6667470670395081,0.4678460702966467,0.36131146801214487,0.3326963127660318,0.47020127229379993,0.19528624746174844
frankfurt_000001_077233,joint_noise_gta_semantic_cityscapes_dropout_pu_1_00,1_00,0.21562698318131845,0.47002953486266613,0.6448703346734145,0.7914961658097305,0.9190566057399149,0.0,0.27662897376026013,0.3047162266851115,0.3636863709774291,0.5412429808620025,0.28521044100047216,0.9128411434337778,0.7019634530388474,0.4668301289723841,0.35460225900654807,0.3369430421334073,0.26737672727614475,0.18559397025673016
frankfurt_000001_034047,joint_noise_gta_semantic_cityscapes_dropout_pu_1_00,1_00,0.2872256901916935,0.4596361211617865,0.611525311691705,0.7893260044513642,0.923972030775316,0.0,0.38221298467364534,0.4431871927016685,0.5145164334608249,0.6306808896616087,0.3792070333286722,0.9292219298443068,0.8722602092862666,0.6551540548038637,0.5142188918018793,0.48486638626999956,0.3968971574881447,0.2626651938345093
frankfurt_000001_082087,joint_noise_gta_semantic_cityscapes_dropout_pu_1_00,1_00,0.2625326931204341,0.46892255526283483,0.6033734517558881,0.7512473439883723,0.0,0.0,0.36712322835149275,0.43616458192148505,0.5181829725800026,0.6396759393941563,0.30909577265888943,0.8367240716807225,0.7506617588584826,0.6680369403787438,0.5069197713427456,0.463754433809485,0.2996790212507809,0.24165159591092286
frankfurt_000001_055709,joint_noise_gta_semantic_cityscapes_dropout_pu_1_00,1_00,0.28200201456372315,0.5211644424115823,0.6406389844955521,0.7571371192947277,0.919832672423395,0.0,0.35341830825756587,0.4099301183937161,0.5214894937120216,0.692472936599103,0.37112424296465196,0.9073639459624038,0.8555631175618467,0.705715434718723,0.5654486368219451,0.4871324913607504,0.4376929222343439,0.2692314110306468
munster_000039_000019,joint_noise_gta_semantic_cityscapes_dropout_pu_1_00,1_00,0.26632972940801075,0.46249861849281065,0.634671131621325,0.7624898452685678,0.0,0.0,0.2995120571861907,0.33220566633952786,0.4004810486569234,0.5752149003754373,0.3126178388339647,0.8341639736416085,0.756731054865689,0.6608446474492766,0.45058575527185435,0.3905091959013379,0.43873944655177705,0.2639445774089265
lindau_000007_000019,joint_noise_gta_semantic_cityscapes_dropout_pu_1_00,1_00,0.214358917409039,0.4304314971666647,0.5861931807507977,0.7440225276949813,0.0,0.0,0.2715434372540897,0.2955870352676923,0.34553173548064864,0.48584287546898763,0.28492294984227207,0.7292455618843456,0.6051908064525567,0.4419731459961128,0.3561470186319267,0.31754868074344333,0.37895394510849456,0.20565490386174012
munster_000021_000019,joint_noise_gta_semantic_cityscapes_dropout_pu_1_00,1_00,0.2548239691240891,0.44163762587325206,0.6120753852379838,0.7489668544976247,0.0,0.0,0.2910838902675376,0.32345995897190455,0.3847766498832641,0.5380543594760281,0.30482964258420076,0.7789851724216617,0.61257253090094,0.49650723750338893,0.380056960328065,0.3474084158071368,0.4204293964369003,0.2453381892440365
lindau_000000_000019,joint_noise_gta_semantic_cityscapes_dropout_pu_1_00,1_00,0.20074656606574495,0.4248902297390261,0.6158631963285882,0.7861317835907958,0.9137756446716429,0.0,0.2720967627315885,0.29708649882970617,0.3491250904914954,0.4867951254638792,0.275971095571438,0.8277138767985553,0.7534935704213811,0.4969063322407605,0.3581286128365826,0.32667299660181004,0.4542411641379037,0.1871069848857013
munster_000057_000019,joint_noise_gta_semantic_cityscapes_dropout_pu_1_00,1_00,0.20952161132463132,0.43507244470376566,0.5994492140934595,0.758796640081501,0.9023673405911732,0.0,0.293190575250539,0.32898600038042985,0.392295275814075,0.5253431693679235,0.30186008461009106,0.7709295869599367,0.6495973924691499,0.5118723499081144,0.3839736858883921,0.3521909770268483,0.338567649065604,0.20375468119439924
munster_000008_000019,joint_noise_gta_semantic_cityscapes_dropout_pu_1_00,1_00,0.20919023348705107,0.43829905677255115,0.6041882408406319,0.7938513767252222,0.9109490389918565,0.0,0.2636957934697709,0.28464202037041647,0.3269287619367419,0.46721930422073576,0.2624159625866468,0.8921329065476263,0.7291397657601096,0.48543442961467925,0.3266869907832469,0.29323110282438863,0.44378600969589677,0.1915875395529859
munster_000047_000019,joint_noise_gta_semantic_cityscapes_dropout_pu_1_00,1_00,0.2872877013089323,0.4387157258926371,0.5979250890042345,0.7428956702417752,0.0,0.0,0.34171891253466957,0.3873612265387376,0.4596031873293854,0.5747986944286042,0.33925736832585407,0.7484792382201059,0.6800231416358475,0.5292940824978589,0.45615557351001795,0.42685519049472387,0.38554602159800744,0.27615797090286553
frankfurt_000001_005410,joint_noise_gta_semantic_cityscapes_dropout_pu_1_00,1_00,0.34771455073856633,0.47434217025260184,0.6272321002424627,0.7533662130191341,0.0,0.0,0.4234073627411579,0.4856465015977691,0.562663345345646,0.6931415778655352,0.3767518934188322,0.8429052289696769,0.7880042420187853,0.7633568004848398,0.6972456300034235,0.6485992010375821,0.41449862855344655,0.341166646196373
frankfurt_000001_013016,joint_noise_gta_semantic_cityscapes_dropout_pu_1_00,1_00,0.2947432574015741,0.4622474277985999,0.6283295557354475,0.7830038183686857,0.9009683243662376,0.0,0.3907142231324022,0.4459810798147814,0.5278180871242618,0.6733671015118093,0.2996009012127149,0.8755557874882715,0.8559678208057673,0.7426300445541842,0.5210574125229133,0.45795144178884556,0.32479029238766727,0.2667727318162011
munster_000112_000019,joint_noise_gta_semantic_cityscapes_dropout_pu_1_00,1_00,0.22415708822703864,0.3968934307717271,0.6120450127290766,0.7555148343572046,0.0,0.0,0.3123459888997416,0.36060647292201525,0.41316124026408274,0.5040238654979002,0.3053872566168744,0.7530467829411696,0.6852676471156296,0.5391325897592814,0.42157890577861956,0.40251659239538146,0.3361044963648846,0.2118800468814501
frankfurt_000001_010600,joint_noise_gta_semantic_cityscapes_dropout_pu_1_00,1_00,0.25796162783391297,0.4484981921071259,0.6139200974908096,0.769784464804342,0.913654358577653,0.0,0.3324500397218487,0.37663090575139907,0.4514137760898733,0.5906258215706667,0.260108112540928,0.8500411307156287,0.7458996005789641,0.6266000894143899,0.4607411305544285,0.42606382734972004,0.4717128260914256,0.23856202715681726
munster_000070_000019,joint_noise_gta_semantic_cityscapes_dropout_pu_1_00,1_00,0.2522451599530745,0.449789608198336,0.6117314750647674,0.7629475465125317,0.0,0.0,0.3007620671144142,0.3368758047042009,0.4086248808661324,0.5660897849721701,0.3051522653502572,0.8090435170821318,0.6953406621179947,0.59019399726219,0.4565533455191993,0.41195009579197156,0.453084783638495,0.24018221102859055
munster_000049_000019,joint_noise_gta_semantic_cityscapes_dropout_pu_1_00,1_00,0.27177954099997675,0.42046269829061506,0.6075101247616362,0.7631609746602167,0.0,0.0,0.3313011155851392,0.37194726322416793,0.4340608907454829,0.5491069092340061,0.3143156261604189,0.823221824263833,0.7612973239601807,0.5935662240299837,0.4299254927763204,0.40492796388474206,0.347493320724848,0.2639936096290434
munster_000086_000019,joint_noise_gta_semantic_cityscapes_dropout_pu_1_00,1_00,0.18886070046394152,0.4361798460511597,0.6167633585817275,0.7593820364544286,0.0,0.0,0.2633690009883842,0.29838274771261947,0.35256742003591635,0.49612922146843563,0.2696061725312632,0.7867707766723031,0.6972932388993466,0.5425656796008549,0.3579412081933237,0.3160291403321496,0.4306215898758507,0.1577491036172186
frankfurt_000001_032942,joint_noise_gta_semantic_cityscapes_dropout_pu_1_00,1_00,0.2186284758578354,0.4706227196131774,0.630235327221709,0.765794198206741,0.0,0.0,0.2857748734872021,0.3181371633426089,0.38814986456825196,0.5694756058374854,0.29719808247404667,0.8533432403732513,0.7920551561025337,0.5238318793209122,0.37520179138183557,0.31329107624017916,0.4563950024289454,0.18579938400714394
frankfurt_000001_044227,joint_noise_gta_semantic_cityscapes_dropout_pu_1_00,1_00,0.28966614436137156,0.4531279987817646,0.6015496307242634,0.723552226402675,0.0,0.0,0.36134362463001174,0.41153994634209545,0.48911533392579076,0.6197925929487846,0.360943371968343,0.744734021484836,0.6996163826211474,0.6339930774822377,0.4944052079973816,0.4640575786618267,0.31848242777488195,0.26800213593991734
frankfurt_000001_055306,joint_noise_gta_semantic_cityscapes_dropout_pu_1_00,1_00,0.2466219487126892,0.45174575042987175,0.592026657023435,0.7388813045857602,0.0,0.0,0.3392138952185866,0.3979798230877969,0.4756330841254281,0.597881069704689,0.2532882952329794,0.7949244166781811,0.6415473343630994,0.5737384845523386,0.4375616033195326,0.414187829505722,0.38152979898953215,0.22685853764710914
munster_000110_000019,joint_noise_gta_semantic_cityscapes_dropout_pu_1_00,1_00,0.2262671945519025,0.43969794305230475,0.6180983942455851,0.7587606200099253,0.0,0.0,0.285087849180786,0.3157166328349272,0.37433183991909236,0.5240472538375579,0.28964273055209966,0.7903388051912984,0.709164492058608,0.6220175805564764,0.4307067750543376,0.3701055001659958,0.393268036954364,0.20535767788315124
frankfurt_000001_051807,joint_noise_gta_semantic_cityscapes_dropout_pu_1_00,1_00,0.19135855622514708,0.4348180343539063,0.5913762263458413,0.7314747481525694,0.0,0.0,0.25550477149812867,0.2772149682834079,0.3241639362524206,0.4705932600022952,0.26496283437091517,0.7043338673384237,0.596419783956902,0.4907639953064913,0.35664800304677613,0.32027216653059004,0.3298034527065137,0.18290129627013352
lindau_000008_000019,joint_noise_gta_semantic_cityscapes_dropout_pu_1_00,1_00,0.22623543278671995,0.41719531769606255,0.5785668727260318,0.7213613253669806,0.0,0.0,0.2767621685727263,0.30356107622694295,0.3558214842527091,0.481558466858677,0.2844140833310797,0.6751056516505382,0.5993040128658474,0.4841821436083516,0.34086258793826174,0.32278765096814666,0.36874985424569007,0.21689882643409603
frankfurt_000001_060906,joint_noise_gta_semantic_cityscapes_dropout_pu_1_00,1_00,0.23524875300875342,0.49318036724532066,0.6327912421076286,0.7549702989423313,0.0,0.0,0.31661462234547094,0.3577154062757988,0.4441312384924974,0.6318092136480634,0.31623690133596427,0.8229149424384566,0.785167695455334,0.6792096377966328,0.4492107937865132,0.4000261548919032,0.3657309850662438,0.18902966335751542
munster_000167_000019,joint_noise_gta_semantic_cityscapes_dropout_pu_1_00,1_00,0.29541429286600124,0.4989820394715028,0.6570546784505491,0.7772138950388288,0.912618810246397,0.0,0.375657670297636,0.4364996091048445,0.5374307634602161,0.7159856520601386,0.3840282692726308,0.8624541470189022,0.7996775108164637,0.7369322373698004,0.6325696117812106,0.5682122188885916,0.5151681706003345,0.2929029255703008
frankfurt_000000_000576,joint_noise_gta_semantic_cityscapes_dropout_pu_1_00,1_00,0.254308438426071,0.4515460480388194,0.627926354029015,0.7611225759080615,0.0,0.0,0.3350771134551554,0.3799961940304469,0.457232026617663,0.6068106238754852,0.34384638769592873,0.7999842604185464,0.7810865132090007,0.5969638690380747,0.40814878947194155,0.3739063997823246,0.44173046801380883,0.2239685883214756
munster_000152_000019,joint_noise_gta_semantic_cityscapes_dropout_pu_1_00,1_00,0.2316854813311976,0.4529786698838176,0.600138608276325,0.7497140033162534,0.0,0.0,0.29755026463272605,0.33475079488359816,0.41239033482264015,0.5609745054866095,0.3067414820470169,0.7684588216038981,0.6692370309364963,0.587009952456297,0.4816734297435068,0.43673663857877537,0.35186810351800335,0.2247171670054889
munster_000155_000019,joint_noise_gta_semantic_cityscapes_dropout_pu_1_00,1_00,0.24685062397013868,0.4294038447782119,0.5931862578833543,0.7481263245177499,0.0,0.0,0.3343767557239204,0.3783976099037803,0.44587886874151783,0.5445235440103593,0.2591193728169914,0.7582510606559726,0.6695301608828786,0.5025593963636195,0.40491179724877235,0.36227554478925567,0.3983288123855308,0.2354201591885918
frankfurt_000001_042098,joint_noise_gta_semantic_cityscapes_dropout_pu_1_00,1_00,0.283141017566299,0.44194847115690716,0.5990963060978631,0.7458994369913524,0.0,0.0,0.32343697801774096,0.364506967632269,0.4378208345930517,0.5730578865758196,0.34623666976362427,0.7711092313411144,0.6672087126669397,0.5751542743922452,0.4409889542701398,0.4085896782640026,0.3715918009713827,0.26644188703890387
lindau_000017_000019,joint_noise_gta_semantic_cityscapes_dropout_pu_1_00,1_00,0.21389851271161958,0.41406901346129493,0.6180199267350269,0.7507242150012948,0.0,0.0,0.2996843600527088,0.35130068676973913,0.41551058299137783,0.5172084834143026,0.21454454007313378,0.7796211229535815,0.6659719537413591,0.5235466744759734,0.4324641131809537,0.3973783625888722,0.4117382944783238,0.10651544451836187
frankfurt_000001_007622,joint_noise_gta_semantic_cityscapes_dropout_pu_1_00,1_00,0.25855856913905684,0.4296357253800108,0.5839266737757762,0.7473591511860148,0.0,0.0,0.35544345901638724,0.408817439205432,0.46870047605494053,0.5530861895798778,0.33701291364933844,0.7646883826657757,0.6875509800915917,0.5185870110153714,0.4721085900504695,0.4611704824208903,0.40079041590828174,0.23842866970709609
lindau_000035_000019,joint_noise_gta_semantic_cityscapes_dropout_pu_1_00,1_00,0.236615386671786,0.4051956949388692,0.5804529008843713,0.7417567515300609,0.0,0.0,0.2824098982685334,0.3089645639626283,0.3585419212234397,0.4699145377247979,0.23667919571569254,0.7194647632685549,0.5756513909578823,0.4531739488964054,0.37236072482849025,0.3325450533549996,0.3402089430687703,0.20458435477609424
munster_000106_000019,joint_noise_gta_semantic_cityscapes_dropout_pu_1_00,1_00,0.25882782260199355,0.42554335799647,0.57982262933125,0.740141680167139,0.0,0.0,0.29437362641844017,0.32517204858975773,0.3843066980205295,0.5079389044030854,0.31164715212846683,0.7040642075893626,0.5951976212170011,0.46750322874351885,0.3823703506491507,0.3478694080886515,0.3991349892184289,0.25319108335487156
munster_000038_000019,joint_noise_gta_semantic_cityscapes_dropout_pu_1_00,1_00,0.21637469224944345,0.4555264245778123,0.6330055495168927,0.7663000106366367,0.0,0.0,0.2886887971463708,0.32185736553152827,0.39043625655678077,0.5547980465793757,0.29916703281688256,0.8087786203724636,0.7539904785946672,0.6554338840011887,0.4751807307841004,0.42691636947620976,0.3730175979297126,0.20563110033805895
lindau_000013_000019,joint_noise_gta_semantic_cityscapes_dropout_pu_1_00,1_00,0.22107167412409673,0.45084513580717456,0.5938309048651267,0.7530865608216497,0.0,0.0,0.28882380891367276,0.3217970432121742,0.38941128595853747,0.5414854657219356,0.29136364687065885,0.786026083827965,0.6955480357869633,0.48962272627962167,0.3598631901117539,0.3207977996775623,0.34260706121503637,0.21431710348775318
munster_000058_000019,joint_noise_gta_semantic_cityscapes_dropout_pu_1_00,1_00,0.16258803716170675,0.40537655268590334,0.5821435452773874,0.7386638324990511,0.0,0.0,0.2276259410053159,0.2524868823079793,0.28204251072990044,0.3898040629169839,0.2470296294023982,0.6674155099923876,0.5205845693466373,0.42566871978327014,0.3133596988389581,0.2875333487429396,0.30605236317941054,0.15175893395342113
frankfurt_000001_017459,joint_noise_gta_semantic_cityscapes_dropout_pu_1_00,1_00,0.3246002617739721,0.4550366647529762,0.6154625316609142,0.7508281347747565,0.0,0.0,0.38652630600155957,0.43915927355263523,0.515076829073263,0.6482249457909313,0.32916768949019587,0.8351953580956691,0.7800925005905462,0.6460259898414437,0.44531819451823174,0.4234468348657756,0.44495393907638836,0.31869086602066254
frankfurt_000001_068772,joint_noise_gta_semantic_cityscapes_dropout_pu_1_00,1_00,0.24617695913919146,0.43161994908066603,0.5705940991250192,0.7585295186613277,0.0,0.0,0.30935845561847264,0.3454544229169143,0.4126442830323823,0.5333424598309465,0.31301110209430133,0.7565313779990565,0.5756684084709098,0.4882742509318204,0.38986561666289865,0.3510301272143808,0.2950689656637737,0.21669747385255678
frankfurt_000001_010444,joint_noise_gta_semantic_cityscapes_dropout_pu_1_00,1_00,0.3216142557393715,0.46793466558996427,0.615073945656531,0.7783186884133835,0.9081521520861359,0.0,0.3799697677070554,0.44028557693180215,0.5213218074097833,0.6534556725684719,0.36115964856990723,0.8952755920478483,0.8650563108205559,0.7362840980890695,0.4827912591643445,0.43056981934984295,0.4799399983402541,0.3046191168571736
frankfurt_000000_008451,joint_noise_gta_semantic_cityscapes_dropout_pu_1_00,1_00,0.2566193041743887,0.4609946820819885,0.6463418587584884,0.7748033674946149,0.9151547608423543,0.0,0.3197324260127965,0.3602190711266336,0.4365752351091775,0.6124470472365113,0.34166657966361164,0.8762336147315538,0.8148959489762297,0.6213926887330813,0.496574179776079,0.4282859467096643,0.5174842902494383,0.23858411876684776
lindau_000036_000019,joint_noise_gta_semantic_cityscapes_dropout_pu_1_00,1_00,0.2407762163332392,0.4068532012935546,0.5810770441357839,0.749857098204946,0.0,0.0,0.33071844433968445,0.3788708486208569,0.4333921675801946,0.5097937078279395,0.3449774344052814,0.7425170194495676,0.6186610324822496,0.49886843316678126,0.4412793928497637,0.42033092109060943,0.4014042879227796,0.22774601247609347
munster_000083_000019,joint_noise_gta_semantic_cityscapes_dropout_pu_1_00,1_00,0.24960444393596926,0.4349409534206054,0.602072274917051,0.7605209621054031,0.0,0.0,0.3327922206279359,0.37351933737696946,0.44185787572467655,0.5675128256646839,0.3391783943782461,0.8164207276523215,0.7695657233761035,0.6757814800714731,0.4478449871693611,0.39609430384330324,0.37774695837942274,0.23330316094233286
lindau_000004_000019,joint_noise_gta_semantic_cityscapes_dropout_pu_1_00,1_00,0.22647743166095557,0.4231860135658627,0.5764140039881939,0.7290357043874532,0.0,0.0,0.28303215614130667,0.31118376794633695,0.3679758933351923,0.49668220520884876,0.2966773000467879,0.7001399927728741,0.5581362862517117,0.43693408403950257,0.38481821054435,0.3650077632806695,0.3130132818720959,0.218796677151917
frankfurt_000001_021406,joint_noise_gta_semantic_cityscapes_dropout_pu_1_00,1_00,0.1972311381313456,0.47487705587762913,0.603654608430201,0.7690725807883195,0.0,0.0,0.2746646566921129,0.32560168934166994,0.40311598057801634,0.5749798611416613,0.2835271010954116,0.817573344549979,0.7552936225224515,0.5611130698839333,0.39365471349875736,0.3297117585077906,0.33537749429677643,0.170185891905607
munster_000114_000019,joint_noise_gta_semantic_cityscapes_dropout_pu_1_00,1_00,0.19891092633366855,0.40127006560989953,0.5807802728010759,0.7271987502713445,0.0,0.0,0.25837633122134857,0.27903036368294304,0.31666047357192256,0.42579028134719615,0.25884245062760525,0.6420685243596703,0.5259525466906984,0.4212060168519242,0.2924437239052904,0.2688951665626242,0.29898535245470714,0.1910076383402885
frankfurt_000001_039895,joint_noise_gta_semantic_cityscapes_dropout_pu_1_00,1_00,0.2316621059562878,0.4600932503230547,0.6192910149490266,0.7563481927147466,0.0,0.0,0.29538410984160846,0.3284313297686747,0.39694150895336244,0.5655568099855025,0.3143807176792157,0.8004659695710852,0.648676684632389,0.5280238089410043,0.37032011926135006,0.3331173663719984,0.39628657747520657,0.21154813458741029
munster_000064_000019,joint_noise_gta_semantic_cityscapes_dropout_pu_1_00,1_00,0.1991881882752248,0.42278695715215764,0.5814067223020095,0.7504087763511215,0.0,0.0,0.2671907431827576,0.29545742892134386,0.348597329506702,0.47967334290968194,0.27494491632541007,0.741353094740795,0.5904385022915103,0.47516894638852536,0.3061520519549562,0.27621461719040535,0.28949423050439416,0.18776776640126872
munster_000103_000019,joint_noise_gta_semantic_cityscapes_dropout_pu_1_00,1_00,0.25382134362377384,0.4414359809073906,0.6129260228562645,0.7558262864244315,0.905492799177931,0.0,0.3034259937598061,0.337462885937988,0.4017976354487699,0.5503286257647696,0.31121893552824226,0.8318945995538047,0.7104954940277881,0.5903336181695316,0.37953892816852386,0.3487409778768517,0.3954166274085008,0.24006097797448345
frankfurt_000000_020215,joint_noise_gta_semantic_cityscapes_dropout_pu_1_00,1_00,0.2299331349578423,0.44582505358623514,0.5909848920453635,0.7395539347975124,0.0,0.0,0.284976614822528,0.3157789935734322,0.3797395141906771,0.5294593468857325,0.2912985389031922,0.7328412117556633,0.5915943031448402,0.4887672481030071,0.3985381016206129,0.3702527884101288,0.3576078047667237,0.21357153371248475
frankfurt_000001_055172,joint_noise_gta_semantic_cityscapes_dropout_pu_1_00,1_00,0.2753011627754517,0.4778251613506444,0.6257277646992808,0.7674064926102425,0.9142844201239837,0.0,0.3811762586004316,0.45153231354663426,0.5378203663444728,0.6758375852125383,0.28795646477539566,0.9091651775702756,0.8840250715040195,0.7642823576109046,0.5773791229363924,0.5342884550124494,0.5186153014973482,0.25608062419039923
frankfurt_000001_054415,joint_noise_gta_semantic_cityscapes_dropout_pu_1_00,1_00,0.22064909934040516,0.4774804191588798,0.6223231596837384,0.764201667460141,0.9040552600245292,0.0,0.28452517215933626,0.3162198766491461,0.38328266500857355,0.5670851714789804,0.2959407210306766,0.8101212168241133,0.7051216496911878,0.5563572218263146,0.3947250382882556,0.34700453203466314,0.45412898974663474,0.20297406446065258
munster_000159_000019,joint_noise_gta_semantic_cityscapes_dropout_pu_1_00,1_00,0.24420445913234792,0.4299248037364042,0.5723943926605012,0.7276758964819631,0.0,0.0,0.32257994357049685,0.3673523673049776,0.43973515909876804,0.5485054807997938,0.32740623947398334,0.6773300360592743,0.5838846128822255,0.5135742117954922,0.3960856508917644,0.38240370483815905,0.3640288768877137,0.233815687176027
lindau_000015_000019,joint_noise_gta_semantic_cityscapes_dropout_pu_1_00,1_00,0.23772879576126923,0.46142940526385656,0.6154058028788002,0.8048862713028708,0.9268481868319437,0.9501205052566271,0.29302763095294226,0.3289435081059044,0.4035542672918631,0.5683245942003532,0.3101419122064757,0.9285853892776599,0.8248762945797439,0.5971109344143073,0.4340829126686633,0.400717522686659,0.2965157180700779,0.2317073381234613
frankfurt_000001_035144,joint_noise_gta_semantic_cityscapes_dropout_pu_1_00,1_00,0.25812768649887274,0.4362989986322005,0.6010069832302589,0.7425906891007483,0.0,0.0,0.35355092903947244,0.41170589819457093,0.4795782475345411,0.5937025023230615,0.29067914644733966,0.7676495088914423,0.6698502631621381,0.612787951107546,0.507696863392379,0.4463529162300752,0.30535730885425333,0.2258463947260659
munster_000072_000019,joint_noise_gta_semantic_cityscapes_dropout_pu_1_00,1_00,0.221653788584123,0.42532901659934336,0.5949008122814216,0.7557058930001824,0.0,0.0,0.2678833080122642,0.2906672925625777,0.33683590275410635,0.46960781272999885,0.2764560412255995,0.7330814549164176,0.6131866000718996,0.4391063132271064,0.31420538160069145,0.2905839744492572,0.4483749951806973,0.20882841283271866
munster_000145_000019,joint_noise_gta_semantic_cityscapes_dropout_pu_1_00,1_00,0.2710601451562226,0.44659469946898345,0.615965877244669,0.7772324039647721,0.9126340857352532,0.0,0.3658432456981021,0.4223955062121187,0.4963612565476617,0.6254955746349817,0.2976105939142386,0.8841980715240154,0.7914085298524861,0.6624292246609688,0.5409250994278686,0.48746444871009287,0.3327301874576531,0.2724047116685584
munster_000116_000019,joint_noise_gta_semantic_cityscapes_dropout_pu_1_00,1_00,0.24250532241924583,0.4098829158981568,0.5915009608237807,0.7436867715800262,0.0,0.0,0.26955497730140876,0.28916912203107775,0.3295569919965986,0.4470042178787736,0.27279570554582494,0.7133067688749825,0.6518027871278332,0.4346228405833887,0.34735142381460804,0.31083845231861007,0.3368992877396899,0.2399865130015022
frankfurt_000001_052120,joint_noise_gta_semantic_cityscapes_dropout_pu_1_00,1_00,0.22447494934837095,0.46819963504977313,0.6242653416149887,0.7771919054024045,0.0,0.0,0.2809545185201462,0.31120163747111795,0.3765277986182758,0.5527604719221608,0.2935317442292668,0.8448453149165348,0.742356352580755,0.5474232195798721,0.4002382524947569,0.3536189129885578,0.33931302832756777,0.1947145526294997
munster_000120_000019,joint_noise_gta_semantic_cityscapes_dropout_pu_1_00,1_00,0.1768530955327781,0.4140116042409762,0.5826291855147433,0.7443527740729694,0.0,0.0,0.24875237678861906,0.2828321309954589,0.33081990994456395,0.45533254798546513,0.27016151285885415,0.7045348519965862,0.5416282240662951,0.4170305760333738,0.37126480947461027,0.33168410406109866,0.4120490608740806,0.16201010258479961
munster_000052_000019,joint_noise_gta_semantic_cityscapes_dropout_pu_1_00,1_00,0.26333215370462115,0.4252284292512865,0.6091774590379279,0.7468803419737666,0.0,0.0,0.3214859027762116,0.361707037526256,0.4295074460439285,0.550303885066896,0.3294414207218899,0.7513025903992311,0.6225191368239763,0.4961169570632513,0.4365069980901637,0.41782996125552635,0.3565603460096187,0.26392519060134856
frankfurt_000001_048196,joint_noise_gta_semantic_cityscapes_dropout_pu_1_00,1_00,0.2176154830273992,0.44736260990850113,0.6041746162762894,0.7558481098692852,0.0,0.0,0.28088662269075,0.3110596532186337,0.3735240907046105,0.5304005789831832,0.29098365555077765,0.7917778406247555,0.6849767289554956,0.48648707102043326,0.3426995178687703,0.30813882232660633,0.31865868928645524,0.1961246536535848
frankfurt_000000_002196,joint_noise_gta_semantic_cityscapes_dropout_pu_1_00,1_00,0.2122557439524422,0.4895679546520155,0.6531493027413691,0.7976199713826037,0.9138302440945015,0.0,0.29475498885360907,0.3343472408687151,0.41057061641296744,0.6070510191926847,0.31637053872051507,0.9184584825926331,0.8636757719100782,0.643639875221352,0.4353486018828833,0.37885058060251087,0.29054750835805093,0.16713655038546155
frankfurt_000000_002963,joint_noise_gta_semantic_cityscapes_dropout_pu_1_00,1_00,0.24150379885780418,0.4791744021284949,0.6371018849617565,0.7686623994603101,0.0,0.0,0.29514607663564635,0.32874575426835034,0.3994711974780973,0.5872225462836823,0.31239564076009224,0.8404094068305654,0.7779573058574221,0.5114429418670317,0.41042710433286755,0.3627731920165548,0.36875061239711326,0.21834304161302961
munster_000171_000019,joint_noise_gta_semantic_cityscapes_dropout_pu_1_00,1_00,0.24173419665687287,0.4296132370533519,0.5692461213175934,0.7546253387459192,0.0,0.0,0.286138598687625,0.3169335491871752,0.3783166140777124,0.5097442032033008,0.30231120914810067,0.7502907847453089,0.6097096125421817,0.5087694979880379,0.4148913561954845,0.3813821272644125,0.3038202204834904,0.23619846464490715
lindau_000012_000019,joint_noise_gta_semantic_cityscapes_dropout_pu_1_00,1_00,0.263533791706202,0.43783376099137916,0.5905613336982369,0.7502433471757393,0.0,0.0,0.31270630361472596,0.35091197837351024,0.4204152528808958,0.5624722768990331,0.3334996372743667,0.779512909909441,0.7050543664145643,0.563515825168943,0.44941285910782525,0.3871920611675248,0.33362332171698117,0.2581804089016865
lindau_000020_000019,joint_noise_gta_semantic_cityscapes_dropout_pu_1_00,1_00,0.1348433605208691,0.42412627165785194,0.6185190484502302,0.7713925089606878,0.0,0.0,0.18837467174016692,0.25328231982293065,0.30538749329910586,0.4342959623141541,0.20155102594393826,0.7837129125088989,0.6808715182200821,0.44463643171798517,0.30187606022188496,0.27875391213990885,0.3114385200464125,0.12370649650927606
frankfurt_000001_043564,joint_noise_gta_semantic_cityscapes_dropout_pu_1_00,1_00,0.3602713373419695,0.4424329785098334,0.5940082082776672,0.7458866218856496,0.0,0.0,0.4293222665039414,0.4741493517540792,0.5254765227902313,0.6273580217752879,0.40574418051045336,0.7932456039600864,0.7480245257820441,0.589938930428392,0.4935996464673936,0.4749082307829031,0.34522824493170456,0.3437482518109962
frankfurt_000000_012121,joint_noise_gta_semantic_cityscapes_dropout_pu_1_00,1_00,0.19495085419912644,0.4449749167290255,0.6022418923111996,0.7826719101267495,0.0,0.0,0.2692576622644084,0.2990572058204375,0.3555081223571576,0.5091831543076559,0.27338086140126494,0.8176774922435968,0.6020262249155268,0.45094646893874163,0.3482043682357957,0.3196726451232174,0.32004507520311154,0.1725028649865101
munster_000009_000019,joint_noise_gta_semantic_cityscapes_dropout_pu_1_00,1_00,0.23832112033053118,0.4105940869255834,0.584526954698856,0.7412734326920315,0.0,0.0,0.2875918898812445,0.31439703073805186,0.3662017058381756,0.4811840594205885,0.28790179423741996,0.7248150218765587,0.6472884689875071,0.4654057702424976,0.3547698270287145,0.3300915982578777,0.3816003515409525,0.2322381890256005
frankfurt_000001_051516,joint_noise_gta_semantic_cityscapes_dropout_pu_1_00,1_00,0.33571754965288403,0.4541894881316037,0.5806759381234037,0.734181478407769,0.0,0.0,0.3911091368424519,0.44715827021237586,0.5131179629237763,0.605687172018816,0.3798393337534778,0.7411503666106608,0.6574751217056404,0.5677580767680448,0.49728163675179377,0.4810092152052934,0.42789286772762647,0.32138021214596024
frankfurt_000001_065617,joint_noise_gta_semantic_cityscapes_dropout_pu_1_00,1_00,0.2337488259612092,0.4248707297093608,0.6130079773838821,0.7412820984794016,0.0,0.0,0.28947676683510115,0.3192816022542663,0.3758249065035992,0.5132982063553093,0.3022256520485949,0.7337386782070443,0.6764457426114313,0.5025210206976743,0.3322135784139051,0.3084652301562276,0.36927632795401116,0.21101140183833345
frankfurt_000001_028232,joint_noise_gta_semantic_cityscapes_dropout_pu_1_00,1_00,0.2450052294279301,0.4443545065861757,0.6191976054430028,0.7634706645911702,0.0,0.0,0.29894737512006503,0.33507540649751816,0.4045719587412503,0.5581777163434022,0.3069913498532365,0.8542074855813747,0.7517557027478853,0.5374195043179723,0.352376828202789,0.33075626198663616,0.39967710618189595,0.23148966222033346
munster_000080_000019,joint_noise_gta_semantic_cityscapes_dropout_pu_1_00,1_00,0.20709729939360377,0.44534214664714894,0.6236521869492297,0.7424374299525206,0.0,0.0,0.2689382722338197,0.2927518411691113,0.3414769162851537,0.49266739490580097,0.273506127203361,0.7432180778567126,0.6977825967943369,0.5392574249066747,0.37384596501432965,0.3341903769639642,0.35003141980192404,0.1920803938469447
frankfurt_000000_005543,joint_noise_gta_semantic_cityscapes_dropout_pu_1_00,1_00,0.2361323296788547,0.45185803181915646,0.6250741767471873,0.7835870477788088,0.9113790072050834,0.0,0.29762683671863516,0.33269091871072004,0.40417336871175336,0.5630066283860579,0.30045647733674,0.8802673907071287,0.7089472648472059,0.4843791120762716,0.36635830483964926,0.3197923464449835,0.2899676242569549,0.20275791898427506
munster_000121_000019,joint_noise_gta_semantic_cityscapes_dropout_pu_1_00,1_00,0.3005538323282019,0.40878272435338714,0.5870403268796511,0.7620962905395844,0.0,0.0,0.35264550213924956,0.39253286312173974,0.44653932935197355,0.536428606077818,0.34853418254032614,0.7958699092556205,0.6909927452582078,0.5593843949763366,0.454761847790507,0.4291448752660274,0.3861202652430674,0.2941116096034779
frankfurt_000001_073088,joint_noise_gta_semantic_cityscapes_dropout_pu_1_00,1_00,0.22308878447634553,0.42616342169056126,0.5805508842032433,0.7505112287750207,0.0,0.0,0.2994308009470154,0.33572005827983137,0.40272904064394627,0.5250905357505887,0.3061720202791323,0.7270082571029607,0.6627468562753056,0.525869174886906,0.392404324866202,0.3511626051123297,0.3564457369983098,0.23074104812130605
munster_000090_000019,joint_noise_gta_semantic_cityscapes_dropout_pu_1_00,1_00,0.2771363933011093,0.4594569463557385,0.6121732534202683,0.7620260407327097,0.9017526616926554,0.0,0.3236107786984756,0.3679387167805417,0.450204843129229,0.6012087786753721,0.34437436145543715,0.8481384874047936,0.6633036908586527,0.6056567419287846,0.4708241353933248,0.41890182636497886,0.3683158196534724,0.27425944465095475
munster_000141_000019,joint_noise_gta_semantic_cityscapes_dropout_pu_1_00,1_00,0.18906274549418742,0.46874413113177255,0.6053238216246692,0.7381309915349626,0.0,0.0,0.2628459095887543,0.30442715866463277,0.3604810382072068,0.5298123366449075,0.18941383942225878,0.785090156714974,0.6770813889359999,0.5670903472934657,0.40110565347538624,0.3694794403883697,0.3438175017562296,0.18569699824319197
munster_000119_000019,joint_noise_gta_semantic_cityscapes_dropout_pu_1_00,1_00,0.22150589127856551,0.45113979879575933,0.6009361079195434,0.7497907121449395,0.0,0.0,0.29000020461822584,0.3233211253069217,0.3903664707656395,0.544040851840729,0.31209921381208994,0.753880045136943,0.6838757713236666,0.5752952982951116,0.42936487979659615,0.3831734940475884,0.37025296539819097,0.2095082639434301
munster_000041_000019,joint_noise_gta_semantic_cityscapes_dropout_pu_1_00,1_00,0.2665654267696235,0.44398539770286616,0.621317434740018,0.761627574786833,0.9224541257453464,0.0,0.314286903401692,0.3504879279447221,0.42003564632299545,0.5602602073918873,0.2671088121004421,0.8059963054274472,0.7459941430473702,0.5779821591899885,0.43226184064900713,0.3862781812782386,0.3868105328309226,0.2482367577027122
munster_000170_000019,joint_noise_gta_semantic_cityscapes_dropout_pu_1_00,1_00,0.25171857499043243,0.42107641594960726,0.6377039968101813,0.7548447448007995,0.0,0.0,0.30272299802013053,0.3369383734133498,0.3978707408437535,0.5312632073583607,0.3212948308384628,0.8230353357799018,0.7655321618648356,0.7104565621565863,0.43636014394884853,0.3640065289521816,0.38140141315006526,0.2376168374467011
munster_000024_000019,joint_noise_gta_semantic_cityscapes_dropout_pu_1_00,1_00,0.24131013242446975,0.41840637135219005,0.5994857431726611,0.7496067730375578,0.0,0.0,0.27399832473716146,0.29746515634134413,0.34570850579399653,0.4704280041973313,0.2861737650496647,0.7674745555301614,0.61684471119573,0.4780025364133367,0.3714974504747376,0.3437636323512915,0.3603791715635594,0.23359872004538038
munster_000031_000019,joint_noise_gta_semantic_cityscapes_dropout_pu_1_00,1_00,0.20617716061344904,0.42423141726275565,0.6136968756494156,0.7472314476635911,0.0,0.0,0.2731843042469265,0.29922921664735574,0.3521922345009646,0.48697219431289246,0.2783949569913448,0.7198127475957089,0.6208521625450171,0.5144917041123721,0.3688413652471407,0.3151952969731525,0.3345622225203076,0.1953178938603727
munster_000040_000019,joint_noise_gta_semantic_cityscapes_dropout_pu_1_00,1_00,0.1943139913483642,0.43904674514976916,0.5915085177752821,0.7494036808310338,0.0,0.0,0.2649615562161611,0.29124195437058836,0.3422594604609759,0.48931564690733437,0.276781551338956,0.716935128351053,0.6245597031435535,0.4906426089804169,0.4070955129914357,0.36611900050109586,0.2741813448420847,0.18556182992550024
lindau_000052_000019,joint_noise_gta_semantic_cityscapes_dropout_pu_1_00,1_00,0.22918248422172963,0.44202729330597457,0.5903166928108118,0.747288636096374,0.0,0.0,0.3154078823216023,0.35625244869500283,0.4301848625039687,0.5484037435259184,0.22930419991914075,0.7762988590900537,0.7236057709288588,0.6201681248861503,0.4486042071352723,0.4212038890534902,0.4260891012809477,0.1555649759744598
munster_000059_000019,joint_noise_gta_semantic_cityscapes_dropout_pu_1_00,1_00,0.24233933406291147,0.4345984101044047,0.6428148370903622,0.7886084180851797,0.9107047350908696,0.0,0.3173324527155442,0.35488145207836,0.422791034519523,0.5565497949490067,0.24457029023541638,0.8712240496020126,0.8011361054744475,0.5659344126343826,0.4752404702708788,0.44131673076200706,0.4024953392710461,0.2275855418618053
munster_000168_000019,joint_noise_gta_semantic_cityscapes_dropout_pu_1_00,1_00,0.20581838623117862,0.4214697702566355,0.560208074760519,0.7404620350627399,0.0,0.0,0.2683801468191309,0.2927324420384921,0.34170111369166595,0.47232417892224354,0.27781681130798447,0.6678284311484632,0.574493864590567,0.5027996950628459,0.41205672772696045,0.36083159396176356,0.32209481436536336,0.1908056145949188
frankfurt_000001_009504,joint_noise_gta_semantic_cityscapes_dropout_pu_1_00,1_00,0.19785208461315618,0.4539257868559443,0.6366352202594283,0.7768864494885532,0.9045856085941493,0.0,0.26991178770115826,0.3036420064576397,0.3625562431051651,0.5266740159926862,0.2899001955251862,0.830047263465079,0.7283539862620345,0.5609944418524031,0.35554199970513023,0.3359434401634331,0.41216190945129916,0.18934162877524946
frankfurt_000001_028590,joint_noise_gta_semantic_cityscapes_dropout_pu_1_00,1_00,0.22394554043051396,0.45397310605401586,0.6228439762269333,0.7699982696352783,0.0,0.0,0.2818865064391466,0.3118443726012753,0.3735136880008791,0.5392361461394756,0.2947789611827778,0.8600345980275449,0.6902910573368983,0.5239310298795388,0.37560483713573944,0.34774722182961093,0.364744031599606,0.20297835620247318
munster_000118_000019,joint_noise_gta_semantic_cityscapes_dropout_pu_1_00,1_00,0.2560803929870405,0.4347341341765948,0.5950816059060268,0.7517893165532051,0.0,0.0,0.2917908039059795,0.321090525398511,0.37766561848303476,0.5179637390662877,0.3121350512405035,0.7558231634046741,0.6401281121213578,0.5199358546894443,0.3956649100284153,0.3560022209802789,0.38290188906263994,0.24835173394782797
munster_000100_000019,joint_noise_gta_semantic_cityscapes_dropout_pu_1_00,1_00,0.24853483973051085,0.405022963465504,0.5572761092599415,0.7435679957146419,0.0,0.0,0.27087272188123623,0.29182960867307783,0.3299850771700003,0.439478479978953,0.2845018857725445,0.6099623529610443,0.5544122710761874,0.48615837676486606,0.3358932092978778,0.3067385566844981,0.3225093238509661,0.24140495544548646
munster_000096_000019,joint_noise_gta_semantic_cityscapes_dropout_pu_1_00,1_00,0.1777212244306268,0.4150884321574844,0.5774408563290222,0.7578957332637858,0.0,0.0,0.24912976176420762,0.2781902677478839,0.31859672084241303,0.4382526488230502,0.2602253198036976,0.7382123803991815,0.5656215522061754,0.446535982679978,0.3493563447406111,0.3125922713684359,0.29969766761744054,0.16029050042118884
frankfurt_000001_044413,joint_noise_gta_semantic_cityscapes_dropout_pu_1_00,1_00,0.30203574763107527,0.4334302772888686,0.5857768333271758,0.7423124236033997,0.0,0.0,0.35831885515296386,0.40582848788560555,0.4729415811840498,0.5837115181785782,0.37875129855180345,0.7835550176404891,0.6781029648129249,0.5333522103352097,0.42561960097469526,0.400090171442948,0.42324052389729017,0.2800421041540426
frankfurt_000001_004327,joint_noise_gta_semantic_cityscapes_dropout_pu_1_00,1_00,0.25169335843135626,0.42273224353742217,0.5942362905098951,0.8005616070870554,0.9077179432089699,0.0,0.31041496374763566,0.3478546634180611,0.413262146902765,0.5444898487708661,0.25276693279729184,0.8078723502878682,0.6198380463593653,0.4556252401759677,0.34844434749210107,0.33544431586373946,0.2875929445751327,0.23158283396162793
frankfurt_000001_052594,joint_noise_gta_semantic_cityscapes_dropout_pu_1_00,1_00,0.2121072949408017,0.4687795727536982,0.627605816028099,0.7794960126672169,0.900994146356458,0.0,0.28295831602905835,0.31350895747355845,0.3786848614484908,0.5564914462379986,0.29507177580471156,0.8125358984978481,0.6480615305271038,0.47725021173542204,0.3632349042894497,0.33034298856813005,0.3042395690498826,0.193470659875609
lindau_000032_000019,joint_noise_gta_semantic_cityscapes_dropout_pu_1_00,1_00,0.16222194730079226,0.4372104408276872,0.6000975529413834,0.7607004430505744,0.0,0.0,0.22476315493302912,0.2738569053254728,0.31750599897915727,0.4643216912281737,0.26596090929072846,0.7483032672083384,0.6178909174121607,0.5171438258452662,0.373395806973487,0.325531009616052,0.3237978359081739,0.1475116098106433
frankfurt_000001_030067,joint_noise_gta_semantic_cityscapes_dropout_pu_1_00,1_00,0.2015498687241758,0.4509981714518595,0.6122380427387586,0.7776710239640814,0.0,0.0,0.27927751435421094,0.3337210356090591,0.4042563364913208,0.5586624524378764,0.27411829144305194,0.8826586277842229,0.703988041251773,0.5704921100021887,0.41536322940092985,0.3591276873194479,0.3331669539580385,0.15625951087050344
lindau_000002_000019,joint_noise_gta_semantic_cityscapes_dropout_pu_1_00,1_00,0.22836221589308447,0.4084325683540522,0.5826419283426854,0.7498700164585086,0.0,0.0,0.27920975536049525,0.30642502911755926,0.3574818411631748,0.4741155078736578,0.29209012356319186,0.6804657394193745,0.6022460091472598,0.47557815851709984,0.3454905190272138,0.3154054615512757,0.24752433028755472,0.2229411417109903
frankfurt_000001_075296,joint_noise_gta_semantic_cityscapes_dropout_pu_1_00,1_00,0.20491581650579563,0.448070482758379,0.6057107024858606,0.747515516959456,0.0,0.0,0.2671264732532004,0.2910932812208727,0.3409465441773524,0.49427457062840296,0.2796746183664655,0.7616790911513778,0.6686656373494101,0.5324539455563869,0.3787654050760027,0.3444419167537991,0.3957129058394889,0.19071305812039915
frankfurt_000001_038844,joint_noise_gta_semantic_cityscapes_dropout_pu_1_00,1_00,0.22153325897632273,0.4393397611430286,0.5922556627690466,0.7314349337538553,0.0,0.0,0.30320497867135643,0.34347012748471356,0.40970473293580173,0.5472593053494469,0.30352557554330256,0.7311612020885447,0.6640154239992837,0.5101310825721151,0.40203587734982393,0.353371312732663,0.29306679790717644,0.19988722408891887
frankfurt_000001_015091,joint_noise_gta_semantic_cityscapes_dropout_pu_1_00,1_00,0.2094982967475223,0.5042828935044116,0.6710053553133287,0.7688646121667857,0.9037892880237711,0.0,0.2885765398974331,0.32661036681883837,0.4006127347885833,0.6166831296242865,0.3028062100754864,0.833089534282239,0.7259151917013719,0.5159555480028886,0.344825563480653,0.32157166568740864,0.35453325196675467,0.16757610377721877
frankfurt_000001_079206,joint_noise_gta_semantic_cityscapes_dropout_pu_1_00,1_00,0.2438640783881751,0.4549031964577381,0.6149872664180459,0.7581266063698212,0.0,0.0,0.3027879152644574,0.33994713915338826,0.41519397981428297,0.5737416934272267,0.32156988282605903,0.8003397411500371,0.6858296216216447,0.5632279202229479,0.38047317977178885,0.36532636630479126,0.3816566701065868,0.22378634348013876
frankfurt_000001_008688,joint_noise_gta_semantic_cityscapes_dropout_pu_1_00,1_00,0.2083220482128179,0.4690629731062417,0.6546940944308841,0.8247526481152744,0.9147216174409394,0.0,0.2732239389260153,0.3005584033537677,0.35985954585650615,0.5392111061634779,0.2867619275438466,0.9225135695872722,0.7694126886514988,0.5528741258676053,0.42438824568336947,0.37365843990802355,0.2962550445914447,0.18657273459643836
lindau_000021_000019,joint_noise_gta_semantic_cityscapes_dropout_pu_1_00,1_00,0.14739989091189443,0.4277696854086472,0.5653422056805588,0.7429872055669119,0.0,0.0,0.20455668035867156,0.26991959265872384,0.3260052601421117,0.4580799631044778,0.21623463447660635,0.6056452410341504,0.5033173119476153,0.4817264676716126,0.4421056049841966,0.41408155324400886,0.3793133189677274,0.1390542593425294
frankfurt_000001_068208,joint_noise_gta_semantic_cityscapes_dropout_pu_1_00,1_00,0.28965963178578996,0.4774057746124043,0.6198943272888854,0.7636893386059409,0.9059074064154424,0.0,0.349029189245579,0.4003681441746154,0.49097767155700434,0.6470423812017666,0.35520529361253916,0.8442254528648957,0.7998328452417409,0.6508974118479687,0.5419180577433977,0.47896979964473585,0.47079633568791734,0.2696983119738988
lindau_000049_000019,joint_noise_gta_semantic_cityscapes_dropout_pu_1_00,1_00,0.17653637895782137,0.41128225407820673,0.5963463156457128,0.7529757896577634,0.0,0.0,0.24730925256296132,0.33436986177644495,0.4083914722982127,0.500096368053381,0.17661204244440767,0.7140957237013946,0.6358556426701657,0.4745111394164539,0.4202780469877508,0.4090974930547976,0.4488207479507082,0.05251796566543187
frankfurt_000001_051737,joint_noise_gta_semantic_cityscapes_dropout_pu_1_00,1_00,0.16167359363055947,0.4632361962715404,0.6485880889779377,0.7875536303198886,0.0,0.0,0.22837160718296462,0.2751374076229111,0.32219903013483925,0.49067022915278885,0.25878679937840543,0.8561887096646568,0.6984649054695287,0.487223755898122,0.3487364518405333,0.31896270088574336,0.25430734054412063,0.14729515768102272
lindau_000018_000019,joint_noise_gta_semantic_cityscapes_dropout_pu_1_00,1_00,0.25038573670451725,0.42612734389759976,0.583952290473986,0.7309974772765374,0.0,0.0,0.34653062946401664,0.3956686705932524,0.45874818482038066,0.5555474814658805,0.2506828182259801,0.730972904864973,0.6703104092273761,0.5574389169477287,0.4809018823862725,0.4470913240126838,0.3482384285414904,0.129438712477314
frankfurt_000001_038418,joint_noise_gta_semantic_cityscapes_dropout_pu_1_00,1_00,0.23146642729654468,0.4589071925564086,0.6387947089357306,0.776286373349732,0.0,0.0,0.28749360420542974,0.3185171332833145,0.38478780053861394,0.5549167396016805,0.30114846583800325,0.8331766523658043,0.6924104511988496,0.4892240815527435,0.34798222465931444,0.31784624931913247,0.3821178200842924,0.20832156589348685
lindau_000050_000019,joint_noise_gta_semantic_cityscapes_dropout_pu_1_00,1_00,0.22506748311557195,0.4293498969560283,0.5730314526079137,0.734714608725195,0.0,0.0,0.3147626654361451,0.39609362883012383,0.4599199903097923,0.5344514277899983,0.226804183766165,0.7254427865675058,0.6449405589050035,0.5193765543995482,0.46152280843435006,0.4353170808841925,0.3447488063786006,0.12718150556723037
frankfurt_000000_010763,joint_noise_gta_semantic_cityscapes_dropout_pu_1_00,1_00,0.255573595852504,0.46538589230110283,0.6355492594230133,0.7914534535359019,0.9026856001841028,0.0,0.3171947507193365,0.3602135018487144,0.4448516675152162,0.6107635853229004,0.3262248465558504,0.8875971329272545,0.7924478211188597,0.5338337609018494,0.40992953182031583,0.3864110624036647,0.35989640227231984,0.22736815653097783
frankfurt_000001_007857,joint_noise_gta_semantic_cityscapes_dropout_pu_1_00,1_00,0.24918100427256124,0.4425483541390063,0.608129664898625,0.7765397961733379,0.9043489167925035,0.0,0.330525981654926,0.37605123084681624,0.4507065958996952,0.5811810786726804,0.3470363331099497,0.8634613411744546,0.7380802730116501,0.5056115933756926,0.43319057279790657,0.41815554988670417,0.36246755512059153,0.23056173395056956
munster_000105_000019,joint_noise_gta_semantic_cityscapes_dropout_pu_1_00,1_00,0.27523640964759005,0.4066965817243319,0.5936472658300391,0.7473319275088753,0.0,0.0,0.3339374461649891,0.37332199417150547,0.42789349784769215,0.5106436535347102,0.35984646572926804,0.7419730306874378,0.6690643168376518,0.5478722578100048,0.4150426647174409,0.3772516676039121,0.36040631723934236,0.2671339122275205
frankfurt_000001_048654,joint_noise_gta_semantic_cityscapes_dropout_pu_1_00,1_00,0.21735465319638303,0.44181814842164024,0.6280872354972405,0.7578145545332517,0.9232232435945866,0.0,0.27981807931557684,0.30880939492064136,0.36900628615697506,0.5244984255596647,0.2977380395753686,0.8161544835779111,0.6510871848147858,0.49004322197251327,0.34233366331545256,0.31079259475690424,0.31010554303247617,0.19557331034329672
frankfurt_000001_067178,joint_noise_gta_semantic_cityscapes_dropout_pu_1_00,1_00,0.25578241436011495,0.4399591839039538,0.6413970082251761,0.7674425030436813,0.0,0.0,0.30643616740509244,0.34295709338087715,0.4116090784162618,0.5653104506978388,0.3120123824264068,0.8357561476559101,0.6912211941949208,0.5275867164407706,0.34460155050806635,0.3240693424274815,0.4444552567339402,0.22934998015542973
frankfurt_000001_083029,joint_noise_gta_semantic_cityscapes_dropout_pu_1_00,1_00,0.2552103924680209,0.47795622541630617,0.6448904118255384,0.7677513539192523,0.0,0.0,0.31305672446587773,0.3529813549646828,0.4333715086116141,0.6186498268601652,0.3377628465141002,0.8445761180427773,0.7413088074393664,0.5616457065846876,0.38979185609546685,0.3421335354050099,0.3545933376047175,0.23203503303483602
frankfurt_000001_046779,joint_noise_gta_semantic_cityscapes_dropout_pu_1_00,1_00,0.289895552792334,0.45400174502919277,0.6017151244108593,0.7392099806369765,0.0,0.0,0.33493840064749925,0.3768959863275868,0.452432001752684,0.6014486345476916,0.34180412507760316,0.7487893384167209,0.6844762503781726,0.5766541614940505,0.4179016391662659,0.4032313455535557,0.4007815634755688,0.26602700378166777
munster_000033_000019,joint_noise_gta_semantic_cityscapes_dropout_pu_1_00,1_00,0.1714337398631793,0.41908694032811616,0.580605589379383,0.7352802850019052,0.0,0.0,0.24127383636571817,0.2747401193668214,0.3175557631366466,0.4481964064510163,0.2609387688441673,0.7254368727165788,0.5704871783077646,0.40252660318354627,0.3020883775105034,0.2940695871115832,0.27463000982807056,0.15878708395155106
munster_000131_000019,joint_noise_gta_semantic_cityscapes_dropout_pu_1_00,1_00,0.24694980959746257,0.42341905158144877,0.6284496329466829,0.7694136262684268,0.0,0.0,0.28630107165282853,0.3156188889611108,0.3737272000379639,0.5117975550200952,0.3108204365088884,0.8263145882498997,0.7667210266063259,0.5306780830094825,0.3910359104288343,0.3528872837161026,0.3559709781468463,0.2405539078709854
lindau_000056_000019,joint_noise_gta_semantic_cityscapes_dropout_pu_1_00,1_00,0.2906454147950855,0.4548502357532284,0.5983908845467115,0.7398931001537016,0.0,0.0,0.33937531893380296,0.38507577309761687,0.46424791927990555,0.6029915808456081,0.3470351894358245,0.7826353151696388,0.6667795208250089,0.6195216955292469,0.43997465631115945,0.39383372424022134,0.43507948099585736,0.27388166702749184
munster_000073_000019,joint_noise_gta_semantic_cityscapes_dropout_pu_1_00,1_00,0.19153641472631522,0.4450007021080132,0.588026018019658,0.7606000760954988,0.902301795347549,0.0,0.2681030731508104,0.3124804502018431,0.3690414346367708,0.5194247403261575,0.28471387005467697,0.8200333111076965,0.6987466402061362,0.5724542498215509,0.4257288081023954,0.3922323918891844,0.36327750454117025,0.1568151588878735
lindau_000051_000019,joint_noise_gta_semantic_cityscapes_dropout_pu_1_00,1_00,0.20551878614647742,0.4244617907454928,0.5800757782438891,0.7287749344607947,0.0,0.0,0.2592874978020491,0.28179758623779577,0.33009562134807835,0.46584227358402863,0.20814327593045398,0.6987446585446846,0.5931448270091113,0.47537659500692514,0.3439314937460012,0.324705261520969,0.3743576465225458,0.17282476823255227
munster_000046_000019,joint_noise_gta_semantic_cityscapes_dropout_pu_1_00,1_00,0.20237209242558482,0.4660334095799411,0.6485304930590818,0.7825428881506429,0.0,0.0,0.28382776468535603,0.33848251026850446,0.4184898653773747,0.6019653178539062,0.2885037936836723,0.8605286922828307,0.8118977509961909,0.6452973000128445,0.46021569460473294,0.4196123963221721,0.3844490883013588,0.1873083424315451
frankfurt_000001_030310,joint_noise_gta_semantic_cityscapes_dropout_pu_1_00,1_00,0.20383503499296649,0.45236945002217094,0.5921258189061231,0.7388450832520211,0.0,0.0,0.27332151600949833,0.3000998453698197,0.35626434125766443,0.5131097536971008,0.2822066924401712,0.7100741385259675,0.5527684098041049,0.48571318326693946,0.3794972898012242,0.3414707793380225,0.3270000151361548,0.17032218061618687
frankfurt_000001_055603,joint_noise_gta_semantic_cityscapes_dropout_pu_1_00,1_00,0.28630445998265214,0.45735637754376646,0.5844591832177197,0.7581205134120981,0.0,0.0,0.3792634189017254,0.4385605764762755,0.512413721959339,0.612035754362998,0.33648788001605995,0.8416735552957146,0.7720003199409596,0.6147927192362651,0.4958336569048246,0.4710884612262109,0.3965116991053085,0.27789769144875764
frankfurt_000001_028854,joint_noise_gta_semantic_cityscapes_dropout_pu_1_00,1_00,0.24568834878066606,0.4569811793686917,0.5910222340976728,0.7269828665654435,0.0,0.0,0.3110639997625349,0.3520293236434588,0.4339243000331717,0.5753363207571683,0.3298661618604192,0.708435859280609,0.6633338652458517,0.6105720541448671,0.45397415837501115,0.3789733215282159,0.3767168009236659,0.2242222565515953
frankfurt_000000_012868,joint_noise_gta_semantic_cityscapes_dropout_pu_1_00,1_00,0.2535483836153139,0.4985318327878239,0.6609449288817256,0.7686715336423806,0.9166794617997325,0.0,0.3211901069949397,0.3640603403563421,0.45169520773811184,0.6561520488371484,0.3250281821202055,0.8756607664069084,0.7618786652401874,0.7230127771194187,0.6322728976516706,0.5658267990334535,0.48358755270225323,0.23919925499613362
frankfurt_000001_066438,joint_noise_gta_semantic_cityscapes_dropout_pu_1_00,1_00,0.31178688860957715,0.44558272187604225,0.598584277385691,0.7751036149694972,0.906155607772211,0.0,0.38617221066060575,0.44093570297272716,0.5042362738688648,0.6122894021246906,0.3605836384455731,0.8512465394044486,0.7443112083384194,0.6086366299834295,0.4672175122219791,0.4487122870066435,0.4122243762662348,0.2941505289408173
frankfurt_000001_064130,joint_noise_gta_semantic_cityscapes_dropout_pu_1_00,1_00,0.32808654778186014,0.49045982584137254,0.6687801562241266,0.8079916326966119,0.9182291953424037,0.9502691392430418,0.4357093396728422,0.501912282179616,0.5916543710009713,0.7699270300498254,0.43492828946109235,0.9301640596364135,0.8979601071426591,0.8640200708645714,0.7229189741959401,0.6465022244891776,0.4955387963216721,0.2927598149822945
frankfurt_000001_027325,joint_noise_gta_semantic_cityscapes_dropout_pu_1_00,1_00,0.2404522366745667,0.44642619923919563,0.6317989431178506,0.7913431863630946,0.0,0.0,0.3022574377985842,0.33805716368131267,0.40595812091649863,0.5618017830380514,0.31077018356814,0.8514957264863939,0.7064106568857949,0.5165488609358271,0.42585221901340636,0.3856520465363052,0.33985574273318825,0.2179072183342704
frankfurt_000000_020321,joint_noise_gta_semantic_cityscapes_dropout_pu_1_00,1_00,0.2569924599671616,0.4905226660807906,0.6477122872193151,0.7749095637222783,0.0,0.0,0.332782639504254,0.3810519049836343,0.4761805583239839,0.6604946237328878,0.3567125004520272,0.8618535591849487,0.8416608391658561,0.7583849199669821,0.4650907178117179,0.411294397019982,0.3993361883693511,0.22910632480977916
frankfurt_000001_066574,joint_noise_gta_semantic_cityscapes_dropout_pu_1_00,1_00,0.278841793631265,0.4524196287792729,0.6065601256081644,0.7501601560672174,0.0,0.0,0.3598365893119096,0.41048242536149915,0.48771517353437416,0.618738272971662,0.29475501981263996,0.77043326572679,0.7088474002505571,0.6005273100651991,0.5246793315054904,0.4701845942709119,0.40881434895401353,0.28160851864843933
lindau_000016_000019,joint_noise_gta_semantic_cityscapes_dropout_pu_1_00,1_00,0.2045014868596766,0.434350270799942,0.5822802710403733,0.7373622499525395,0.0,0.0,0.2596244107866995,0.28244118621261305,0.3324071112331017,0.4789017765079726,0.26978430081158644,0.687295888770696,0.5650350902743421,0.4479691344464603,0.36642787417647305,0.3306358482542023,0.2750778982713134,0.19751562300268405
frankfurt_000000_013942,joint_noise_gta_semantic_cityscapes_dropout_pu_1_00,1_00,0.264346949249445,0.44820413816882293,0.6303012342223013,0.7726434740932466,0.0,0.0,0.33333389858112855,0.3802247550256561,0.45846606096209863,0.5942517545863075,0.33339951937898,0.8490195176567634,0.7268418927230361,0.5259597870296225,0.44863004870916323,0.42611673671739864,0.40010540397954686,0.2506153210540071
munster_000130_000019,joint_noise_gta_semantic_cityscapes_dropout_pu_1_00,1_00,0.2825271064823876,0.4629983123474563,0.619604083582932,0.7777172030086305,0.0,0.0,0.33240331138505536,0.3779622398071637,0.4596326050656189,0.6140466581418195,0.36067523156268155,0.8697307666083052,0.8479135429480213,0.775379238156901,0.5631375678527023,0.4775152018915588,0.38491161610312014,0.27723012423384286
frankfurt_000001_056580,joint_noise_gta_semantic_cityscapes_dropout_pu_1_00,1_00,0.23452292562710614,0.48344446496278654,0.6503651669846321,0.7711838461061074,0.9083674716930656,0.0,0.29598305569474226,0.32916388057569773,0.39773178498547834,0.5933725010376026,0.3143127713637242,0.8757521553966424,0.7711990968559315,0.5279455957329041,0.36288645603091957,0.32711124705187744,0.3650549559579077,0.21633002113104047
lindau_000045_000019,joint_noise_gta_semantic_cityscapes_dropout_pu_1_00,1_00,0.29495992078684863,0.4159625113148131,0.5845364603834489,0.7228323930421776,0.0,0.0,0.37545116945963564,0.41939745985329296,0.4690251817068615,0.5600853389883931,0.2953771844959174,0.7111576260847571,0.6811832344010326,0.6220792227747701,0.5324996222082888,0.48044541735623136,0.3736951930781107,0.24477243390953196
frankfurt_000000_001236,joint_noise_gta_semantic_cityscapes_dropout_pu_1_00,1_00,0.26090244338163765,0.4345273693995695,0.6171002830519691,0.7548679897975491,0.0,0.0,0.2956417137324625,0.32613052779302637,0.384799284244101,0.5304917790088555,0.3078225259057312,0.8168608447955695,0.7551624272880971,0.5802724391959816,0.40359746835526183,0.3561096598246813,0.4461941453568165,0.24961709345003252
frankfurt_000001_077434,joint_noise_gta_semantic_cityscapes_dropout_pu_1_00,1_00,0.20166036148673036,0.4375153455036585,0.5989730417301437,0.7509471401152255,0.0,0.0,0.26563179947220017,0.289248688535557,0.340464064411487,0.4863485885677981,0.2737236017889003,0.7409293856643425,0.6310202264966467,0.4936216558610602,0.34807633359916695,0.3152023132891272,0.2690584887193763,0.1968230733863118
munster_000020_000019,joint_noise_gta_semantic_cityscapes_dropout_pu_1_00,1_00,0.2438355851058011,0.4351019131926578,0.6087939477576465,0.7619332131674734,0.0,0.0,0.2865715843879396,0.31945868904423336,0.3825667773195246,0.5276523050450178,0.301716541339118,0.8043903243004494,0.6580329472603762,0.4393373705393614,0.3656968916199144,0.3471558595682896,0.32465075927467685,0.23351048752454867
lindau_000024_000019,joint_noise_gta_semantic_cityscapes_dropout_pu_1_00,1_00,0.22138673009780088,0.447692816396825,0.6542290098113704,0.7676219172020464,0.0,0.0,0.3056572782405586,0.3601687092647735,0.4385841803181442,0.5898097218459614,0.33393849087932104,0.8492905720333617,0.7453703701870438,0.6351523995602758,0.4759898448497936,0.4554429288490177,0.37941389078327786,0.20294707721568145
munster_000000_000019,joint_noise_gta_semantic_cityscapes_dropout_pu_1_00,1_00,0.2629494810546175,0.4526792483660263,0.6129109384970224,0.7689862042547815,0.0,0.0,0.32340478829589686,0.36491843229953486,0.4404487156693084,0.5906662396615926,0.352839047557274,0.8172913030740852,0.7612940641402213,0.6097324135817938,0.5152042313459002,0.49381828234145997,0.47316178068629833,0.25405338411175105
frankfurt_000001_035864,joint_noise_gta_semantic_cityscapes_dropout_pu_1_00,1_00,0.2154951458050252,0.4278154821720982,0.607094336199786,0.7495111128523683,0.9082270816778709,0.0,0.26995611374251577,0.29463007355229465,0.34623130312545364,0.48502518186772264,0.2744011596767674,0.7863111039852124,0.5226740497689834,0.3872109048257359,0.3576148333426841,0.29838001418471194,0.282207776231665,0.19607119254182054
munster_000150_000019,joint_noise_gta_semantic_cityscapes_dropout_pu_1_00,1_00,0.22233300555507007,0.41618065767836315,0.564652980096792,0.7295173730339902,0.0,0.0,0.30658700432663855,0.3599388649467278,0.4245886412051419,0.5095025605454943,0.26851875471477377,0.690872594888787,0.5601749061928263,0.5113657858826304,0.42060352685606767,0.4057670977475225,0.3226043342074439,0.205420440736575
munster_000137_000019,joint_noise_gta_semantic_cityscapes_dropout_pu_1_00,1_00,0.24889180771804797,0.42708839102908924,0.5842514669899944,0.7594829874588033,0.9025450011853239,0.0,0.29451368345870566,0.32764231972225644,0.38750647338362426,0.5167152832701455,0.31289978494976295,0.7845075504987888,0.6907755706547973,0.5007272663639604,0.3610232901654909,0.32048014619907644,0.35805031689488626,0.24238967322135546
frankfurt_000001_077092,joint_noise_gta_semantic_cityscapes_dropout_pu_1_00,1_00,0.2593654285963897,0.4417733399433261,0.6164748398769174,0.7668578894535116,0.9224697027746733,0.0,0.2967933164340958,0.3304770931975242,0.39624662069749644,0.545643198623713,0.31081665236357164,0.8194886404109615,0.78109789857236,0.5161023560242967,0.3752132462869696,0.34292827605222154,0.49693292314784365,0.24449141450400802
frankfurt_000001_041664,joint_noise_gta_semantic_cityscapes_dropout_pu_1_00,1_00,0.29170909504431525,0.4462838766272528,0.5787572106957328,0.7431210994180121,0.9243224679491676,0.0,0.332050601734634,0.37565584653115563,0.45303357071995487,0.5646514624460017,0.349158961256437,0.7469150692870048,0.67386954240083,0.5412911436025255,0.4717261964440917,0.4381709848922248,0.38673900923307913,0.27418712314530436
frankfurt_000001_041074,joint_noise_gta_semantic_cityscapes_dropout_pu_1_00,1_00,0.30844892266028695,0.48787204916492877,0.6163442701682729,0.7405331870062466,0.0,0.0,0.36510949975449514,0.42137882074860933,0.5180818484849089,0.6576574174306077,0.3874786368802407,0.7905267006811176,0.7294809275997366,0.6616732064577967,0.566752095701139,0.5307661851325606,0.4233534238728767,0.28368771378088514
munster_000026_000019,joint_noise_gta_semantic_cityscapes_dropout_pu_1_00,1_00,0.2690475833934574,0.46374296334945275,0.6305022542157022,0.7589556295036668,0.0,0.0,0.3458010364678696,0.39336830215281166,0.47680435902767343,0.6348823574752224,0.275091309076163,0.7937613670813082,0.7290320081361298,0.666194379842564,0.5696825418888072,0.5038687921758704,0.42918099697378037,0.26077534501416944
frankfurt_000001_002512,joint_noise_gta_semantic_cityscapes_dropout_pu_1_00,1_00,0.20004377252958788,0.40839881255711596,0.5929263379065431,0.737098445299921,0.0,0.0,0.2653034778037531,0.28785871683745035,0.33385610045995995,0.4515489279764853,0.2700892450267085,0.7108612298479139,0.5519341330524332,0.3991755844840953,0.3233790458363089,0.29316137350730626,0.33108020260185117,0.2027524921170344
lindau_000030_000019,joint_noise_gta_semantic_cityscapes_dropout_pu_1_00,1_00,0.2227061073196818,0.404869967911301,0.5799512269243924,0.7619160843149303,0.0,0.0,0.30200381253634156,0.3416605336337249,0.40058240319459926,0.5032705548104077,0.3011131082403545,0.7329665583129835,0.6358211505828805,0.5189412181159473,0.3834803677475036,0.3532030430382826,0.36209522164510616,0.21281059501602645
munster_000134_000019,joint_noise_gta_semantic_cityscapes_dropout_pu_1_00,1_00,0.2758831095115243,0.4543540033529375,0.5985289277746974,0.743474377397555,0.0,0.0,0.32225201535272624,0.36537729609846664,0.44336285865712327,0.5865621897557052,0.34747670423548505,0.7851151429789565,0.6996462954687961,0.5806443965264921,0.41545159615302507,0.38556200291163056,0.4449986513674315,0.26977472820009907
frankfurt_000001_047178,joint_noise_gta_semantic_cityscapes_dropout_pu_1_00,1_00,0.256394705616124,0.4314263764963633,0.593476445169387,0.7458148278263217,0.0,0.0,0.3041947088934463,0.3373836793446778,0.39897889667082354,0.5366272159138249,0.2998698575814078,0.7205445339461553,0.5763935520074681,0.47459906576765193,0.35339447061199947,0.3192639412900552,0.3702502734767329,0.22427141953936072
munster_000065_000019,joint_noise_gta_semantic_cityscapes_dropout_pu_1_00,1_00,0.2079618131130763,0.4293327015890668,0.6202955672913523,0.7588582457207643,0.9007989285094178,0.0,0.270998698710986,0.2957428858447948,0.34691966713926203,0.48621956195011623,0.27430482300797804,0.8380003554309908,0.6793753656526829,0.4743823337488965,0.35508973723620335,0.31909663453173986,0.4219762662922327,0.18424166662010458
frankfurt_000001_041354,joint_noise_gta_semantic_cityscapes_dropout_pu_1_00,1_00,0.2440199136035768,0.4532850977722166,0.6089771401886221,0.7681734628431955,0.0,0.0,0.2938604561441985,0.3260402350780268,0.3907805322721449,0.5558312761664785,0.3122185368018262,0.8468017425372147,0.7493214730323379,0.46588371767749037,0.3455980076581481,0.3408320105221547,0.29988654676800486,0.21627813684100505
munster_000157_000019,joint_noise_gta_semantic_cityscapes_dropout_pu_1_00,1_00,0.17247195470982815,0.4234775952630521,0.5723855076595608,0.7262858352965004,0.0,0.0,0.24031614290948924,0.27744251542450904,0.3199248386987303,0.4507150685347905,0.2597140595855789,0.6556525664190269,0.5701676401812258,0.4693547653570558,0.37391486787208733,0.3319685774270829,0.27672720223936437,0.16047672013309713
frankfurt_000001_061763,joint_noise_gta_semantic_cityscapes_dropout_pu_1_00,1_00,0.23384656084901065,0.4506723164456274,0.6266592345235924,0.7694358064428714,0.917227432017124,0.0,0.29426519053831257,0.3283426717948038,0.39725199237958936,0.5565462943200639,0.2977405376437838,0.8813713258012303,0.7906955119421825,0.5554788274304704,0.34731291956264543,0.3041399590899639,0.3689951306409545,0.2075230196842445
munster_000136_000019,joint_noise_gta_semantic_cityscapes_dropout_pu_1_00,1_00,0.2619887533807029,0.45510319865413024,0.612601464228415,0.744540249697979,0.0,0.0,0.3106456237205047,0.3515131637217341,0.4303986292542206,0.5803320136284357,0.33452948116043546,0.7880504881004714,0.7238534073410255,0.4957112638472357,0.3710147181722989,0.3378258956946647,0.3426870511989015,0.2487595229273724
frankfurt_000001_057181,joint_noise_gta_semantic_cityscapes_dropout_pu_1_00,1_00,0.2685669725118057,0.4618598285908598,0.606406006540534,0.7382888907443571,0.0,0.0,0.3438417581174846,0.38704827894008037,0.4661109450907956,0.6109508445377844,0.26952649179314503,0.7463507361424868,0.6799650441271352,0.563061947167708,0.44009974770748683,0.40530934516514155,0.3749239139589604,0.25937916368188974
munster_000128_000019,joint_noise_gta_semantic_cityscapes_dropout_pu_1_00,1_00,0.19635809117491856,0.43109635353342546,0.6100566177889014,0.7285374530702957,0.0,0.0,0.2730785043135538,0.30259269580174225,0.3579367072185985,0.4991812916390827,0.2909615621952799,0.7401885672438426,0.7004697569176783,0.5463700674762979,0.3055933921725803,0.28884530887523185,0.36643969777586766,0.18676047082992134
frankfurt_000001_078803,joint_noise_gta_semantic_cityscapes_dropout_pu_1_00,1_00,0.23664453311482983,0.45669268200496094,0.6121978792067783,0.7624936253447236,0.0,0.0,0.29812974095252887,0.3347080981421314,0.4092419086787952,0.5681284355090137,0.30368486549076923,0.823492282979181,0.6940178539606956,0.5149611633071474,0.37143655307155166,0.332253717239742,0.4048172060364776,0.2211517145329134
frankfurt_000001_021825,joint_noise_gta_semantic_cityscapes_dropout_pu_1_00,1_00,0.25220136978670454,0.47789153537614043,0.6286687389489997,0.7740399417619215,0.9184659267328218,0.0,0.3169467619483007,0.3593945234889472,0.4435570138815761,0.6208962238262472,0.32587283844849585,0.8206498347556029,0.7192759426845554,0.511327394860966,0.3732837843698696,0.342807117296854,0.31192709305071376,0.22815813263106705
lindau_000027_000019,joint_noise_gta_semantic_cityscapes_dropout_pu_1_00,1_00,0.19661932281628558,0.4000022851773429,0.5794294191446379,0.741966388764416,0.0,0.0,0.25366320529511666,0.2719564548353536,0.30788519216322663,0.41396602475049654,0.2580552594618686,0.638809013858982,0.5359536883457457,0.38780164595580785,0.29943571893587095,0.28091106812687106,0.322109854612537,0.1783832605933485
frankfurt_000001_023235,joint_noise_gta_semantic_cityscapes_dropout_pu_1_00,1_00,0.22270810930566204,0.49813025527206334,0.6557400528456685,0.7813838178114493,0.0,0.0,0.3093510296745633,0.3550685455345375,0.43959274630902523,0.6430605404514466,0.32045793628659824,0.8807884870220889,0.8684675740894383,0.7131892552818584,0.45642264684016487,0.3927783702621055,0.3532870258702173,0.19354085255424414
munster_000071_000019,joint_noise_gta_semantic_cityscapes_dropout_pu_1_00,1_00,0.2096458025496069,0.5057802793056461,0.6601312678447161,0.7848383693848744,0.9053442154067228,0.0,0.27355572229317066,0.30027646926306195,0.3592063382723657,0.5668076376371961,0.28914235422556006,0.8855453679979989,0.7824749941444487,0.6050375939239596,0.403868100291559,0.36376779199778264,0.4718345819231023,0.19576319273385087
frankfurt_000000_017476,joint_noise_gta_semantic_cityscapes_dropout_pu_1_00,1_00,0.31712280883988236,0.5237235127099571,0.6759621562517821,0.8013034532212632,0.9174298150693445,0.0,0.37845304707953453,0.4401937177126551,0.5510710194994477,0.7513404631864501,0.40632765924185205,0.9339649230606889,0.8970676747415359,0.8063039453799297,0.6763293655320249,0.5905997976045103,0.4592896502652265,0.2934142977770658
frankfurt_000001_014406,joint_noise_gta_semantic_cityscapes_dropout_pu_1_00,1_00,0.2491096071470024,0.4702256783019754,0.6259977071132771,0.7557557438606443,0.0,0.0,0.3224249693901499,0.36488474870514925,0.4463174518658947,0.616490378701498,0.3489652922848924,0.8544202911895633,0.8126734923080987,0.7392100071913343,0.5573472618446961,0.47477520358684094,0.4377815890038806,0.2360393421140155
munster_000011_000019,joint_noise_gta_semantic_cityscapes_dropout_pu_1_00,1_00,0.23523524030649645,0.4581662481517651,0.6226182994734257,0.7608675554115375,0.0,0.0,0.27961206623854734,0.3078674190792843,0.3646360972769598,0.531940433631466,0.28700571707459444,0.7730094361168185,0.7145996771256367,0.5958140454981641,0.49477350832210326,0.44091471751672034,0.4311477253085379,0.22513894981965124
munster_000158_000019,joint_noise_gta_semantic_cityscapes_dropout_pu_1_00,1_00,0.20063221049707355,0.4338403473956281,0.5986576539960488,0.7391453044396991,0.0,0.0,0.256715545741156,0.277384787727417,0.31837936584347865,0.4523333862905463,0.26726558449994225,0.7287715085542997,0.5785309890507286,0.4759820234559594,0.3597879289319974,0.32332310424168226,0.3625625950991258,0.19124757202627152
lindau_000047_000019,joint_noise_gta_semantic_cityscapes_dropout_pu_1_00,1_00,0.25992867309680023,0.4863598828956899,0.6396393466321065,0.8097501709470963,0.925653916569823,0.9519626644702469,0.3559121096869652,0.41788592320266005,0.5135442459182236,0.6809624845859277,0.2629452550150021,0.9465496878576597,0.9017285400377297,0.8449742170379375,0.5906864139578782,0.5534798964186244,0.4559546396810644,0.249577422518941
frankfurt_000001_072155,joint_noise_gta_semantic_cityscapes_dropout_pu_1_00,1_00,0.27259898168214697,0.43738360298235374,0.5824434527571124,0.7433168145976052,0.0,0.0,0.3183682262066819,0.3578692615013958,0.43003971075057146,0.557100303279787,0.3238576025682081,0.7756265533414843,0.6794891882466239,0.606137863273762,0.43786770248674806,0.3823304983120143,0.36554544731910077,0.2593070898885706
frankfurt_000001_066092,joint_noise_gta_semantic_cityscapes_dropout_pu_1_00,1_00,0.2724799260051737,0.4540761916089928,0.628002651390375,0.7825035917385041,0.9208721544930145,0.0,0.36715158897588773,0.4200217448200691,0.4970260795437982,0.6340590421756046,0.35229008114301524,0.9297070741767768,0.8892163174410155,0.7060472329219759,0.4476161403217077,0.41806988119550087,0.39798546896920695,0.24998104079748024
munster_000013_000019,joint_noise_gta_semantic_cityscapes_dropout_pu_1_00,1_00,0.232340557525871,0.42918555440190076,0.6135786475988194,0.7748320869386883,0.9261887869129743,0.9509250980663669,0.32841999431620433,0.3974847437339284,0.46182899049121384,0.5723599680959949,0.3566938607637163,0.9113952717746996,0.7416024438197196,0.5728862669107206,0.41271883360301437,0.40701757603079347,0.3933600687205409,0.21932113131284167
frankfurt_000001_083199,joint_noise_gta_semantic_cityscapes_dropout_pu_1_00,1_00,0.22900479292128087,0.45879214443024235,0.6190377575833822,0.748491199036483,0.0,0.0,0.2834042075596675,0.31217147454820526,0.37259131531032513,0.5419547894742704,0.30161995191601526,0.7913012103471089,0.670485524257422,0.4916958430202344,0.34979369090233625,0.31989511909927704,0.3729087472528648,0.21640503959352878
frankfurt_000001_029236,joint_noise_gta_semantic_cityscapes_dropout_pu_1_00,1_00,0.26037408130071904,0.4814417026870794,0.617355040988527,0.7512546816228467,0.0,0.0,0.3446846364574945,0.3959891079475495,0.48861588176790394,0.6398488867364173,0.3363283363360914,0.8257556426888444,0.7925787223673795,0.6266220554896892,0.48899468811913654,0.4454306463363904,0.4217391632533092,0.22084665216339505
munster_000015_000019,joint_noise_gta_semantic_cityscapes_dropout_pu_1_00,1_00,0.2822928639262864,0.44487907134018156,0.602685258112458,0.7615970996463056,0.9099629676217877,0.0,0.38669092496713897,0.4446701593442306,0.504772124659573,0.6141586173388948,0.3117290878447079,0.8116128681261088,0.7388913804912134,0.6132739767879788,0.5367928205788274,0.5128857304563419,0.4191390669586532,0.27239087004200824
frankfurt_000000_014480,joint_noise_gta_semantic_cityscapes_dropout_pu_1_00,1_00,0.2680860382175761,0.41892651732660335,0.5777655974667281,0.7330809450369631,0.0,0.0,0.31849143606673364,0.3545604881978942,0.4145337282183852,0.5310689464687096,0.3288265188908407,0.7135243000124096,0.6243676051098219,0.4754340286093505,0.35723993705305296,0.34942505588210926,0.3403638747909313,0.25057959173633293
munster_000054_000019,joint_noise_gta_semantic_cityscapes_dropout_pu_1_00,1_00,0.20119925016040155,0.41916077699747567,0.5954710231144792,0.7378692165637866,0.0,0.0,0.2631851804098027,0.28764239276711434,0.3381192483866436,0.468621682630051,0.2708827093661692,0.717075698404496,0.5791261695146134,0.44074133019676226,0.32996462539605786,0.3080270471088598,0.37311379479755546,0.19461999476658018
munster_000060_000019,joint_noise_gta_semantic_cityscapes_dropout_pu_1_00,1_00,0.19244122875558115,0.45133470277613763,0.6331943124074294,0.7674918642732098,0.9111624965105647,0.0,0.253789629478313,0.2728696137630642,0.31232132213195046,0.4556168158222353,0.26426808736097734,0.798370359772671,0.662014450491549,0.4595010082955148,0.34165053563168324,0.3174229450410126,0.3596227920600331,0.17988627397657594
frankfurt_000001_038645,joint_noise_gta_semantic_cityscapes_dropout_pu_1_00,1_00,0.21306302722661563,0.43643760831960665,0.5792243727389985,0.7443856619981168,0.0,0.0,0.27748442460718054,0.30560978712357684,0.3627339333030231,0.5035202542459635,0.28847939979135684,0.7054828179936001,0.5967594841195911,0.5198830562109249,0.3481810431851888,0.3151104574561009,0.37203721683922375,0.1838546811479066
frankfurt_000001_049298,joint_noise_gta_semantic_cityscapes_dropout_pu_1_00,1_00,0.22325255071584682,0.46827576321855796,0.6211909004716963,0.7537219196196842,0.0,0.0,0.3012102065429546,0.3391869548929844,0.4166615901317054,0.5825026629040373,0.3082018336498,0.8143330707568223,0.7876316285243175,0.5128794637802148,0.46067529648261607,0.4038208413939677,0.36244439318521016,0.1885983975690894
munster_000087_000019,joint_noise_gta_semantic_cityscapes_dropout_pu_1_00,1_00,0.18156843058677152,0.4066179847564474,0.5989725674048776,0.7518171138872551,0.0,0.0,0.2522484929023887,0.2745544358946237,0.30910277185764057,0.41081110005083976,0.25409720278050385,0.7296104261560363,0.5884023190334631,0.46924222844709745,0.3382071368551723,0.3035816565456736,0.2672389093254973,0.15130607188352393
munster_000063_000019,joint_noise_gta_semantic_cityscapes_dropout_pu_1_00,1_00,0.323835721332813,0.4332183672986671,0.5701484752719145,0.7416140283776272,0.0,0.0,0.3986874026193831,0.44640541394875,0.4966198773888751,0.578483479595044,0.36789444075961697,0.7664540055090687,0.7137036094279092,0.5699318679143722,0.4742690940737427,0.42768032979554854,0.3321416839091016,0.3155355606710167
munster_000165_000019,joint_noise_gta_semantic_cityscapes_dropout_pu_1_00,1_00,0.2697586739002195,0.42034998656386474,0.6099674266388593,0.763679045792014,0.0,0.0,0.30043901593422007,0.3294383928418221,0.3846314803347415,0.5118338135822084,0.3064449641135882,0.7901041127831774,0.6931793984840595,0.4654936938566264,0.3421985162053856,0.31755084710512926,0.3833389342788903,0.25847112460523186
frankfurt_000001_072295,joint_noise_gta_semantic_cityscapes_dropout_pu_1_00,1_00,0.23920805722844002,0.4033663755539733,0.5730609279615432,0.7425184572444026,0.0,0.0,0.29299089724267713,0.3227408458220782,0.37505193080786325,0.48261582679517145,0.29416498285406706,0.6713063659033525,0.5586119347714014,0.4506975743070582,0.32514376225267627,0.3226481660176487,0.322793803972539,0.22170826679036312
frankfurt_000001_073464,joint_noise_gta_semantic_cityscapes_dropout_pu_1_00,1_00,0.23873577363901188,0.4412559322629053,0.6199138347395508,0.7864444049573396,0.9199705292208921,0.0,0.3029824857140504,0.3381375053025627,0.40722468794517347,0.5381159973895359,0.31274848386200943,0.9209617384941238,0.8023259496763977,0.5318797679832314,0.41540333197943213,0.3698420440048797,0.2869027511353881,0.21222342044491585
munster_000122_000019,joint_noise_gta_semantic_cityscapes_dropout_pu_1_00,1_00,0.2533672200203289,0.4294584555185339,0.5962158472198748,0.7659467923743624,0.0,0.0,0.3084437367536418,0.3421062907741864,0.4045478165500693,0.5344031002920584,0.3245106050214724,0.837082121857783,0.7780635874099424,0.5226493913437494,0.4102468181023991,0.38642049842197673,0.391369354661671,0.24539394405460832
frankfurt_000001_040732,joint_noise_gta_semantic_cityscapes_dropout_pu_1_00,1_00,0.2270682440388085,0.45709076958035255,0.6213332502248312,0.7496911186175397,0.0,0.0,0.28553392717395754,0.3168945560289807,0.383843217594841,0.5514046065639738,0.2995799217525343,0.7952001350673651,0.70982648626576,0.5223235686751142,0.3938214752565497,0.3605518781973723,0.3449577748021684,0.21009353693169278
frankfurt_000001_050686,joint_noise_gta_semantic_cityscapes_dropout_pu_1_00,1_00,0.2777638105670415,0.4477080664748178,0.6035708969783108,0.761475367294637,0.0,0.0,0.3495241626265399,0.3986045010390993,0.474521281244327,0.602573471196372,0.3468634079327787,0.8187834405076803,0.6632916035865309,0.5054779517994064,0.3965709752134265,0.38247135312520064,0.4051951500205503,0.23896866149449603
munster_000099_000019,joint_noise_gta_semantic_cityscapes_dropout_pu_1_00,1_00,0.19041938263489955,0.41111216313623244,0.5940666323809007,0.7643484835465829,0.0,0.0,0.260440839967734,0.28148724446190915,0.31834966396458214,0.4299759463905954,0.25715598943714096,0.7670188566688174,0.5875928836628029,0.4452490718282586,0.3114009026252985,0.29583145067488464,0.3691081249430037,0.15625304534774748
munster_000098_000019,joint_noise_gta_semantic_cityscapes_dropout_pu_1_00,1_00,0.2449707841063459,0.4044052460125606,0.6160813559050358,0.7629768814484901,0.0,0.0,0.3424025757624237,0.3838108377879494,0.438023264291781,0.5508956626230318,0.3099802497661492,0.8281521461916026,0.7922420625433593,0.6632400942675443,0.4776264155377522,0.4266916681600231,0.46463106962922174,0.20411382540060405
