uq_map_name,dataset_name,mean,above_threshold_mean_0.3,above_threshold_mean_0.5,above_threshold_mean_0.7,above_threshold_mean_0.9,above_threshold_mean_0.95,above_quantile_mean_0.3,above_quantile_mean_0.5,above_quantile_mean_0.7,above_quantile_mean_0.9,above_quantile_mean_fg_ratio,patch_aggregation_10,patch_aggregation_20,patch_aggregation_40,patch_aggregation_80,patch_aggregation_100,class_mean_w_equal_weights,class_mean_weighted_by_occurrence
Metachromadora_3,wormbodies_nematodes_1_00_softmax_pu,0.05048683269467915,0.5764069223343193,0.742035254166881,0.8691210891635712,0.9643638548163496,0.9833057841027165,0.06630374490058243,0.08573549012890629,0.1286910452817115,0.32803204011130527,0.3540113929885199,0.9042876914077753,0.605920499796056,0.39010543033059725,0.2231329935212954,0.18708327241177844,0.29824296325725047,0.29824296325725047
Nygolaimus_1,wormbodies_nematodes_1_00_softmax_pu,0.0760974331891105,0.6593255279450981,0.7934916723323737,0.8884051036705501,0.9648190598023503,0.9823674199848609,0.10210250314565257,0.13298513737969037,0.19831734957243718,0.4591025698414635,0.6509307264858357,0.9065729691402376,0.748433524151613,0.5774545030105914,0.33602511228730436,0.28813554402684083,0.3235919638758157,0.3235919638758157
Metachromadora_2,wormbodies_nematodes_1_00_softmax_pu,0.05991083528346575,0.6145641253538956,0.7612313903460187,0.8731350742624386,0.9636052693242512,0.9819960900813677,0.07880339892858323,0.10288138311419695,0.15731550596279426,0.40131041695170905,0.4539753577951759,0.9283341601110949,0.7245912195196581,0.4991340203113559,0.3197064698411763,0.26621814933909843,0.3418647230153521,0.3418647230153521
Aphelenchoides_8,wormbodies_nematodes_1_00_softmax_pu,0.061626501741882736,0.6308691921217902,0.7814519033500399,0.8869991723380648,0.9670069342566001,0.983382309900083,0.0817750582685832,0.10609432509524762,0.15880529279142294,0.3778498350099973,0.7934025779453595,0.9792809784860649,0.9395292144797754,0.7781188810337645,0.5358373497860466,0.39563051699262053,0.3419054685819983,0.3419054685819983
Eumonhystera_1,wormbodies_nematodes_1_00_softmax_pu,0.08642887258351735,0.6688058376747356,0.7925549932942817,0.8878941335800047,0.9664320303910638,0.9833025691009508,0.1193846074307146,0.16193153453629294,0.2588355686989842,0.64336043137696,0.7796476480440983,0.9781335317373394,0.9633486551200621,0.8135293329090661,0.5905181080138129,0.5147417651865276,0.4258670645235982,0.4258670645235982
Trichodorus_1,wormbodies_nematodes_1_00_softmax_pu,0.23817730941259244,0.5805611038536317,0.7329632289387521,0.8597700548322571,0.9617346614934025,0.98234931927106,0.3265956965622097,0.42084391913909436,0.568689766834172,0.8298164211648056,0.9134893142434748,0.9880744600238128,0.9117018460732276,0.7191276221854676,0.5798548804483135,0.5142186520857521,0.3721934188296878,0.3721934188296878
Wilsonema_1,wormbodies_nematodes_1_00_softmax_pu,0.1141520192091529,0.6527971159646253,0.7704370445382753,0.875731448646783,0.9637871731417789,0.9826221311924701,0.15822178291035646,0.2154259088284305,0.3452047849987403,0.7436791274922262,0.7980558054744783,0.9651406844600671,0.8424626650965272,0.6399041796512526,0.4759865001684357,0.3914558801284275,0.5818976940170633,0.5818976940170633
Aphelenchoides_4,wormbodies_nematodes_1_00_softmax_pu,0.03620356146263309,0.6263594940177553,0.7728447883972176,0.883762771528464,0.9648322383035544,0.9827517487072225,0.046632708510709636,0.05890397549199136,0.08519543393488066,0.20276812288313967,0.53139428090705,0.8462653648906224,0.5339903897399175,0.2160101324954188,0.09693000233391526,0.08205107984525745,0.20984936131471188,0.20984936131471188
Tylenchus_2,wormbodies_nematodes_1_00_softmax_pu,0.050386789478508,0.6191185929664254,0.7682954512585546,0.8760248894881899,0.964275833271987,0.9826216884515059,0.06694316679295034,0.0880422314042343,0.13596222546568118,0.36234497245391173,0.5067154389267988,0.9389320711529531,0.6628344399080894,0.44299763534316083,0.2553129616161107,0.2087787735686434,0.3457189641673728,0.3457189641673728
Nematodes_144,wormbodies_nematodes_1_00_softmax_pu,0.069677561017949,0.6525043565174548,0.789723583527778,0.8862392541226186,0.9650521489982985,0.9825341020261604,0.09253798716683335,0.12125142178598258,0.18514033062679205,0.4512457705229235,0.6931329397379762,0.9052996422699532,0.7473649263157013,0.39019581541135345,0.22860348666918867,0.18382335348921416,0.367953751514653,0.367953751514653
Diplogasteritus_2,wormbodies_nematodes_1_00_softmax_pu,0.04378476467380089,0.5751731462850227,0.7544965723457291,0.8720976287533192,0.9635016384361418,0.982600030748434,0.05709601339085084,0.07022659571200196,0.09572859702487879,0.19391918049667178,0.48819462260836166,0.7681254552849661,0.38070472521603965,0.1897972405236359,0.10487419613198584,0.08906917209292889,0.15182885366299823,0.15182885366299823
Filenchus_2,wormbodies_nematodes_1_00_softmax_pu,0.17600456761344438,0.664239440904591,0.7883065072131256,0.8843827867065486,0.9650010373084479,0.9829021936755916,0.24370621237243445,0.3292655628131715,0.501634305624962,0.8611522789156058,0.9476964081695788,0.9840884533812089,0.9357105216965089,0.8275189592496308,0.6420815211992573,0.5233583139967378,0.6080606143571847,0.6080606143571847
Epsilonema_1,wormbodies_nematodes_1_00_softmax_pu,0.029860161922885504,0.7146361526025966,0.8120035850255842,0.8951272065192655,0.9655888941965028,0.9837559831465786,0.03602994929838465,0.042926668579965736,0.05772216626715394,0.1261787408996881,0.7755205507562225,0.957477931237554,0.7809873645787151,0.6832188686391486,0.3406490200387741,0.2505509040683241,0.5392977296225402,0.5392977296225402
Steinernema_3,wormbodies_nematodes_1_00_softmax_pu,0.04571945228721615,0.6291606226692453,0.7847821994899353,0.8875134016643601,0.9649634181856234,0.9830926180375723,0.059306866417412674,0.07592746810814596,0.1123303516931246,0.27138777299121386,0.4403450589084857,0.8801198364895635,0.6744748604956999,0.40553492299095545,0.21578551680029995,0.16590949123118598,0.2584397901275232,0.2584397901275232
Viscosia_1,wormbodies_nematodes_1_00_softmax_pu,0.045958356549630305,0.6299846588753217,0.761876442047786,0.8724177435644932,0.9620710408573755,0.9819566092697329,0.060808369918853834,0.07913696224710387,0.11981607268161107,0.30658818789315734,0.5193505908380031,0.8958044332505453,0.6389074588722761,0.38045236818388517,0.2060777599324546,0.16631952318497603,0.3702936024430302,0.3702936024430302
Paratrichodorus_6,wormbodies_nematodes_1_00_softmax_pu,0.05907844951631227,0.6520983388201415,0.7952084586771144,0.9002538313970739,0.9677156778290849,0.9838206844609589,0.07502217120729075,0.09412041663493272,0.13509376023297204,0.31456618837807104,0.6799061383822773,0.9635434979198559,0.8390235562699996,0.48002645204576233,0.26006271787923513,0.20729096429601512,0.4909218740219664,0.4909218740219664
Mesocriconema_4,wormbodies_nematodes_1_00_softmax_pu,0.09161370216632028,0.6447411633467395,0.7801246273701242,0.8841563378392733,0.9651260516428578,0.9828741694766432,0.12365042288139537,0.16401698732897688,0.2532003553149339,0.5834811160748107,0.8532769589893081,0.9461117152201901,0.7792203466890613,0.6571410266116328,0.4845317201541867,0.4132087929486109,0.47134633864501096,0.47134633864501096
Domorganus_3,wormbodies_nematodes_1_00_softmax_pu,0.042325450925576026,0.6369665512769904,0.7753835885530963,0.8832948749685674,0.9637892130439171,0.9827601439766461,0.054936156983058114,0.06927235087785552,0.098502255224526,0.22809007008427298,0.3262270994204255,0.8042853825883712,0.537068486804554,0.33156029588137714,0.17605879183866657,0.14313876530013214,0.23496249941583086,0.23496249941583086
Pratylenchus_2,wormbodies_nematodes_1_00_softmax_pu,0.058794665423646905,0.6155725219535793,0.7750043376428066,0.8816013420834086,0.963524860533185,0.9817164571677418,0.0771088905689027,0.09906880950939395,0.14664454965861531,0.343537433490383,0.6745675512235363,0.9473788993001425,0.7721798156797313,0.4164495511524018,0.1908297964915927,0.15169206449253525,0.2718514478443717,0.2718514478443717
Plectus_2,wormbodies_nematodes_1_00_softmax_pu,0.06874682715962657,0.6149385383859937,0.7563207821397369,0.8674790500224366,0.9628204318571717,0.9824480814746736,0.08843387196186847,0.11138250312857491,0.1589179262062809,0.34610179269856006,0.5177875310821524,0.909728387720283,0.7420940250347375,0.4040870561280982,0.22397814592781948,0.19241482478912636,0.3934095764171283,0.3934095764171283
Nematodes_89,wormbodies_nematodes_1_00_softmax_pu,0.044265056279201596,0.6838864024667495,0.7958114701412845,0.8885828139237305,0.965982890700056,0.9832225949579639,0.057937420388737004,0.07431334112730924,0.11025139480871536,0.2764256350646761,0.7210949421634,0.9145018199395585,0.7929386001268539,0.6502100063311771,0.4447798689727678,0.3427401892450559,0.4490074138851006,0.4490074138851006
Nematodes_159,wormbodies_nematodes_1_00_softmax_pu,0.09517849543132717,0.685060389204676,0.8005309748386058,0.8901186683161376,0.9659102998519441,0.9830580469330366,0.1299256722271466,0.17468610790767458,0.27599252518957346,0.6702544216234875,0.841449302228666,0.9202756782485995,0.806521064985125,0.5159588572710087,0.290574429510673,0.27208286589287184,0.5294681694404236,0.5294681694404236
Odontopharynx_3,wormbodies_nematodes_1_00_softmax_pu,0.06196603582079609,0.6949096894672153,0.8165692636852959,0.8961122431488169,0.9657623239138965,0.983614116428664,0.08039870700048336,0.10280087287340964,0.15089481828907514,0.35338843758841965,0.6046876493730555,0.8662805632674142,0.7637642485771388,0.3799442449657676,0.23532424682578665,0.18663389546270576,0.3276435265078518,0.3276435265078518
Pratylenchoides_1,wormbodies_nematodes_1_00_softmax_pu,0.050881947180620016,0.6046086986590762,0.7639288179156845,0.8780043991476659,0.9653279448331697,0.9832565743338955,0.06835942532418554,0.08903321372322351,0.13134582951187254,0.3016242099984715,0.42721976117035726,0.9749858657052388,0.758358630464164,0.46366486128483264,0.21990686211112884,0.1996805447216806,0.2026043075610476,0.2026043075610476
Aulolaimus_1,wormbodies_nematodes_1_00_softmax_pu,0.12531429818889728,0.6550862121980717,0.7816529962072943,0.8831286275918501,0.9653214371360929,0.9829514163322668,0.17320024340156745,0.23499005927054908,0.3714866980683472,0.7588996701533053,0.8958798177964894,0.9721787279015862,0.8600317008617313,0.657777764936486,0.42536964217077483,0.37720453663671655,0.5422279389163897,0.5422279389163897
Rhabdolaimus_1,wormbodies_nematodes_1_00_softmax_pu,0.03341402274293651,0.5891421751248174,0.7654834943281469,0.8807955284574348,0.9648796263325171,0.9820779637615958,0.04192931238902198,0.050526372999621455,0.06703144652843088,0.13090103377523066,0.3637010997905014,0.5352466173896557,0.33256755612887084,0.18351674955701217,0.08198462528572793,0.06424213418361989,0.1513236490596928,0.1513236490596928
Alirhabditis_1,wormbodies_nematodes_1_00_softmax_pu,0.02841672023783457,0.6418653107417884,0.7765073202320565,0.879211285085852,0.9644188653615791,0.9816139728705217,0.03461303887898686,0.041641885225840364,0.0566874255138899,0.12614498399822655,0.3940721820878859,0.6630087282215196,0.3740222115759795,0.21516752634547043,0.11686251242348472,0.09814502185730473,0.22580424206781366,0.22580424206781366
Aulolaimoides_1,wormbodies_nematodes_1_00_softmax_pu,0.10595701133062542,0.6713448026830509,0.7914496732032312,0.8857638710733948,0.9655309423121002,0.983297576603805,0.1461884570178776,0.19777769717008248,0.3131101854449667,0.7083703803107302,0.8305810107450278,0.9592649350295224,0.8774846491706434,0.7352692946444715,0.4277368130597079,0.347038253972316,0.5230611677565593,0.5230611677565593
Drilocephalobus_2,wormbodies_nematodes_1_00_softmax_pu,0.05407152117708025,0.5878310879501149,0.7466233481211033,0.8681020562521353,0.9618278800035094,0.9820170773966344,0.07322869239340803,0.09705151174454955,0.1496227559093071,0.3620698227395359,0.7734593179145896,0.8237126024863162,0.5910048904861082,0.33425112821015596,0.20547538950178088,0.17214092948043103,0.27424199354563245,0.27424199354563245
Nematodes_85,wormbodies_nematodes_1_00_softmax_pu,0.05265327566345482,0.691851322515081,0.8063901975247294,0.8930206303511405,0.9667783345876719,0.9832776982446955,0.07156114610672233,0.09567328762645587,0.15055710057195348,0.41165530475621886,0.6414132010151965,0.9743168402946835,0.867999210028802,0.6191000761284404,0.34923990636309304,0.2639354578436481,0.3714227683665321,0.3714227683665321
Nematodes_81,wormbodies_nematodes_1_00_softmax_pu,0.04075186327246017,0.6465381198575196,0.7885027791972459,0.8885829442098557,0.9672911163358217,0.9837993438295953,0.05036973639836583,0.059995172362051756,0.07902514848693062,0.1574066795857629,0.7807153652684834,0.9281715767420583,0.6873424882730526,0.2888766064290159,0.11291585600998898,0.09319398780940173,0.4172705508790352,0.4172705508790352
Filenchus_4,wormbodies_nematodes_1_00_softmax_pu,0.10005185310928112,0.6655255601430283,0.7922549170209987,0.8870534752032615,0.9650673032548372,0.9829257460004891,0.1373866100833177,0.18526776411831175,0.29240578954528285,0.671446147277918,0.9629557452959361,0.9852629340828232,0.8938874452935223,0.831350674048647,0.6334320346868172,0.5162824899046224,0.6777629599044256,0.6777629599044256
Cruznema_1,wormbodies_nematodes_1_00_softmax_pu,0.06765422640733959,0.6510424940259848,0.780543549547255,0.8814641646287041,0.9653492321583024,0.9834354408322898,0.09341197394284903,0.1263168596480171,0.20001424527809467,0.5194475052743831,0.495036849226702,0.8898090793453712,0.7113376737854609,0.5293980575785527,0.3547927655700564,0.2993514960649324,0.3743181103505834,0.3743181103505834
Ogma_3,wormbodies_nematodes_1_00_softmax_pu,0.04932250861228196,0.6638902891798343,0.7979215871964493,0.8905355443289769,0.9657454387252766,0.9835545613365317,0.06535795568527428,0.0844111203140892,0.12576394929361512,0.3115209783479842,0.7260999289995891,0.9717928581670644,0.8373274255041352,0.5623005614690577,0.2729455518589841,0.2125516976630675,0.43609489441340826,0.43609489441340826
Scutylenchus_2,wormbodies_nematodes_1_00_softmax_pu,0.09712706987921824,0.5912656736290256,0.7463648488908747,0.8668192082258624,0.9621663950101979,0.9813583039413237,0.13251879767131475,0.17717465976442448,0.27260114403053004,0.5689891334767865,0.8162556215392782,0.9539078207804856,0.7645371310052583,0.5986524949829548,0.28585881963407794,0.25678486960175023,0.2808558258084167,0.2808558258084167
Alaimus_1,wormbodies_nematodes_1_00_softmax_pu,0.1536303907753824,0.6625619318439533,0.7807602797462517,0.8813368452399805,0.9643919987353052,0.9829360280375582,0.21345060476694705,0.2915304082308478,0.4649886772955131,0.8397858293608521,0.9439559719992828,0.9814714819540947,0.9119609003155476,0.7585527227007658,0.6132604950675722,0.5986806824117938,0.5496784270938476,0.5496784270938476
Nematodes_104,wormbodies_nematodes_1_00_softmax_pu,0.07452765099369046,0.671036994290132,0.7915861120068677,0.8847861357281586,0.9653726090849214,0.9831425052362658,0.10154623679467496,0.13612977882798968,0.21425473674476048,0.5427079299941592,0.7861663123417691,0.9386436872043333,0.7406464699844879,0.5776957717825395,0.31028886377618586,0.2489791385653334,0.4106246744843829,0.4106246744843829
Acrobeles_2,wormbodies_nematodes_1_00_softmax_pu,0.0694132329732573,0.6883638619066491,0.7900574289932991,0.8826442825614603,0.9653474236850381,0.9830960173884274,0.09499642866500513,0.12747719644755615,0.20082307706339447,0.548713200856114,0.6046699827617052,0.9356977516622154,0.8397390914594013,0.6303098462190944,0.35753839288033523,0.3119013015210596,0.4883227765124092,0.4883227765124092
Nematodes_55,wormbodies_nematodes_1_00_softmax_pu,0.04677123274834106,0.6823778292958608,0.7926600457703247,0.8856712525553554,0.9650026440548026,0.9828838741283842,0.062330922863335074,0.08158047237924268,0.12462102679043184,0.32792149326000436,0.5922311454422526,0.951532039542768,0.8305676534851097,0.5174852035103998,0.22744049492158727,0.1713118871070763,0.3710098844567735,0.3710098844567735
Nematodes_80,wormbodies_nematodes_1_00_softmax_pu,0.057378431053217716,0.6722864449386564,0.7936032145310036,0.8875209271041362,0.9649082749793089,0.9827346505872426,0.07927900580548368,0.10742475887531615,0.17130010927297182,0.4514022686085522,0.6660747967336441,0.7459624494768358,0.42237388544332377,0.24171628112685858,0.14775614656803612,0.1305496701928924,0.3295486249490287,0.3295486249490287
Ditylenchus_4,wormbodies_nematodes_1_00_softmax_pu,0.29761054945307663,0.5640908770191293,0.7287698978870588,0.8619989676562321,0.9621447843474763,0.9820847613178312,0.39162585686130813,0.4806816651833312,0.6155374662481037,0.8553932892903797,0.9830135184918428,0.9765399052380013,0.9040238861447252,0.7265195161287078,0.5105420011217642,0.4805036199556969,0.7622968343635453,0.7622968343635453
Drilocephalobus_1,wormbodies_nematodes_1_00_softmax_pu,0.08031865951826546,0.5417255509762402,0.732532091372975,0.872578920864502,0.9640741429433161,0.9830586137197148,0.10448371166624387,0.13298419915634307,0.19026945089609074,0.37982615758400334,0.9034082712464149,0.9492206142130033,0.726694670824896,0.4369168039510335,0.24130376838947773,0.20257660629080132,0.6510957299410995,0.6510957299410995
Nematodes_97,wormbodies_nematodes_1_00_softmax_pu,0.10833607617068389,0.6899172849743246,0.8009844291172843,0.8888217873766723,0.9656395708112157,0.9834905378131021,0.15142304323246977,0.20774356044337758,0.3368020270822395,0.7669405334446986,0.6188933582835787,0.9579068723071577,0.8057836313522782,0.731042715623195,0.46380302584414435,0.34575497862474797,0.39685047271864365,0.39685047271864365
Ironus_2,wormbodies_nematodes_1_00_softmax_pu,0.10062891448529228,0.6471545302943698,0.7829278956834901,0.8837762494271931,0.9648992368908049,0.9827615794906649,0.13839805640290154,0.18661763762351782,0.29319666391102533,0.6524641148500832,0.7798113140242935,0.9422482384771068,0.7355151098907428,0.5430997016618853,0.2817185006513625,0.21707944267853296,0.37330607722701564,0.37330607722701564
Aphelenchoides_1,wormbodies_nematodes_1_00_softmax_pu,0.030844234785100066,0.6225427452126694,0.7808977005395799,0.8890621333594136,0.9654763166034699,0.9828257926802334,0.039040931058965445,0.04821222275832877,0.06762820457650905,0.15360614811734952,0.5641037075134875,0.7717090840083487,0.43115744131812656,0.2205940812461606,0.10056125661208931,0.07749133382606103,0.18741486010124275,0.18741486010124275
Doryllium_1,wormbodies_nematodes_1_00_softmax_pu,0.3350908334305181,0.692088761208432,0.800418071926592,0.8881689097533736,0.9654195268165275,0.9829316943527636,0.46578924867267696,0.6091894323899169,0.7999818733859534,0.9704814801710308,0.9185392476073504,0.9687108035162675,0.9114344006898827,0.8145343540830265,0.7605412143986894,0.7394971564694268,0.6083864617023447,0.6083864617023447
Trichodorus_3,wormbodies_nematodes_1_00_softmax_pu,0.044825525227785816,0.6071386216789217,0.7521747430609655,0.8729649743589559,0.963437163135188,0.9826734916904922,0.05885142036494795,0.07638415430147558,0.11567588440552637,0.2978414778618803,0.5740153988438019,0.8568174814671007,0.6496794365782053,0.4725949811836635,0.24176122153966279,0.17942390342839767,0.39007133121554477,0.39007133121554477
Merlinius_1,wormbodies_nematodes_1_00_softmax_pu,0.10288355912769372,0.5598495283091016,0.7398100805599661,0.8731062561654336,0.9630466047519587,0.9814535964926553,0.1352583322114029,0.1696852839208835,0.22928276458034078,0.41827989418712486,0.7301476837908959,0.9658691711523316,0.852964641206038,0.602461050158172,0.3932388697877676,0.357441146657245,0.28629021226095863,0.28629021226095863
Odontolaimus_1,wormbodies_nematodes_1_00_softmax_pu,0.2013213970264734,0.7066253372417172,0.811097105646286,0.8942016014314016,0.9662377327256911,0.9832088845196227,0.2811101151320781,0.383990487899492,0.594229450478944,0.9299716058941437,0.958549289799445,0.975428131130718,0.9360523161472244,0.6632980274218346,0.45321295509875137,0.419752652291227,0.6686502338115008,0.6686502338115008
Panagrobelus_1,wormbodies_nematodes_1_00_softmax_pu,0.05762865345273244,0.5876173523980205,0.7485981069172616,0.8687133521615157,0.9629730288695246,0.9827226772519994,0.07737947195711589,0.10212830939604615,0.15726479651409614,0.3855467312344893,0.3955752999405971,0.8737947884030324,0.6234846601218305,0.3175831133699472,0.18944637359298114,0.14882462517570416,0.27077742352842654,0.27077742352842654
Nematodes_41,wormbodies_nematodes_1_00_softmax_pu,0.038331348598752805,0.625328943018315,0.7699027774676787,0.8831208831434285,0.9658450161739314,0.9843742752562247,0.047942232320783075,0.05888413110938747,0.08177842565092508,0.17813681111385593,0.890213679162176,0.8668535492661613,0.5969255228739835,0.3826034622918566,0.16369385375742213,0.1167486457233766,0.5286412571739652,0.5286412571739652
Nematodes_93,wormbodies_nematodes_1_00_softmax_pu,0.06385345206743084,0.6803779775500212,0.7966859666819573,0.8883035102823021,0.9655072972485649,0.9831941122763705,0.08748076564634531,0.11787361021844102,0.18712488641038458,0.5057699543781394,0.6275886135086483,0.9366448708694325,0.7535795418429904,0.5618238866583746,0.300789728604058,0.2402054256479007,0.38212525356573523,0.38212525356573523
Nematodes_158,wormbodies_nematodes_1_00_softmax_pu,0.08805295237914933,0.6894752394357021,0.8043129499007716,0.891517878880912,0.9667618699792139,0.9832231073889918,0.11965022050549702,0.16018492290313815,0.2516774297097622,0.6215961006704257,0.7841953782885136,0.9613158874750758,0.8110996451605392,0.4713507065674915,0.29376295369501215,0.2452650445189765,0.4346301925872281,0.4346301925872281
Ecphyadophora_2,wormbodies_nematodes_1_00_softmax_pu,0.26797122485595803,0.6545408255892557,0.7856448559224842,0.8846908825899659,0.9649753027254095,0.9830466542007531,0.36805795938707664,0.48259805873804473,0.6690946204120272,0.9321790626689227,0.9350492328561785,0.9671801252468852,0.9122595391596816,0.8447887299052828,0.6916857662933831,0.5944524776878296,0.5893189426645573,0.5893189426645573
Rotylenchulus_1,wormbodies_nematodes_1_00_softmax_pu,0.07528336461955809,0.6334391830705043,0.7779021694617202,0.8822167283524823,0.9643427108415465,0.9819793404752438,0.10075271174809913,0.1324612120597563,0.20150508724577645,0.4653298809436851,0.8828545144597297,0.9684357533825694,0.8654959717229781,0.706525784945505,0.40151079032568904,0.317682165626083,0.3767936669913545,0.3767936669913545
Microdorylaimus_3,wormbodies_nematodes_1_00_softmax_pu,0.2599054383506062,0.7032747721947566,0.8079745342651223,0.8918492982290386,0.9661531833136956,0.9832163422888622,0.36511444570033347,0.49724260448326774,0.718494450888474,0.9580031123969366,0.9094494473738127,0.9563120926641453,0.8817589851842474,0.8303223037189525,0.7363909546970366,0.7001476167568572,0.5775907769553216,0.5775907769553216
Nematodes_135,wormbodies_nematodes_1_00_softmax_pu,0.09109719411764026,0.6788314458892902,0.7978800814786768,0.8876193755936351,0.9654132012002352,0.9831404318630577,0.12355478196500827,0.16533952829144744,0.26006998433481365,0.6331614269365541,0.7617283943373931,0.9575150339147379,0.7525266589486732,0.5685731510270117,0.30680417315948677,0.23138930569128205,0.42480195960703565,0.42480195960703565
Aphelenchoides_14,wormbodies_nematodes_1_00_softmax_pu,0.03763056561510874,0.6117243485491961,0.7843745597600048,0.8933574457281015,0.9666857816863158,0.9833499275113435,0.04562941438110773,0.05477218046463966,0.07377300558049206,0.1524404600901008,0.5738640197946492,0.7125109326376758,0.40244947392832003,0.22460387023587752,0.12980384064331343,0.10312323649137826,0.2843381622433004,0.2843381622433004
Aglenchus_1,wormbodies_nematodes_1_00_softmax_pu,0.08140899794604978,0.6402282363413623,0.7843752842804538,0.8823555377858784,0.9646781529455051,0.9830284212976385,0.10913789674973956,0.1442579331610726,0.22139555943505765,0.517272086005046,0.8631762657280498,0.9566151983276789,0.8697418424580815,0.6395509640527106,0.42371776091352437,0.3759354675051792,0.4736587638925912,0.4736587638925912
Rotylenchus_1,wormbodies_nematodes_1_00_softmax_pu,0.047194439454145434,0.5693575516666918,0.7444280812466312,0.8704199556165364,0.9637560756960106,0.9826516788838439,0.062247635178007105,0.08032536800905461,0.11887426061190896,0.27191304497292706,0.4677882073224215,0.7193481741342932,0.48330709444880676,0.23549031210283564,0.12755470045077524,0.10212815668075848,0.18610967374446125,0.18610967374446125
Nematodes_74,wormbodies_nematodes_1_00_softmax_pu,0.034170443340609806,0.6613698461323895,0.7900160939546378,0.8848490024782423,0.96435531362432,0.9834227609162532,0.04617987043066816,0.06122354516912291,0.09494100340136129,0.24938873084466617,0.7874880414839021,0.9242485643347691,0.6054913162577866,0.31544583324145764,0.12226925268935133,0.10636823068083204,0.4151901658115593,0.4151901658115593
Paratrichodorus_5,wormbodies_nematodes_1_00_softmax_pu,0.15170475260720317,0.6150828296924024,0.7588727515451853,0.8741971053121164,0.9637591207945266,0.9826522628983013,0.20810268848620306,0.27859461398186225,0.4189911131349588,0.7565649849761288,0.8506501411193234,0.972348497135732,0.8532625083855155,0.757674637715894,0.5447723681513388,0.4375998651207772,0.5858501013759047,0.5858501013759047
Paratripyla_1,wormbodies_nematodes_1_00_softmax_pu,0.09556414710393561,0.6856324369677839,0.7973247374169259,0.8890112702171802,0.9648582015702899,0.9828582058529092,0.13244090259275892,0.180061553859579,0.2883865979340379,0.6975393237865151,0.7901594884435672,0.9509244781518917,0.8373430990489684,0.6411828965594261,0.4399307637389825,0.49299645600136355,0.5557739883337581,0.5557739883337581
Rotylenchus_3,wormbodies_nematodes_1_00_softmax_pu,0.14760138328166425,0.4437418916672822,0.6787930169281786,0.8492227565270629,0.9589929744448625,0.9808147654533861,0.20086260122878444,0.2531168174780222,0.32026527291537893,0.4689896442730681,0.9190938655586273,0.9400562026436574,0.763783836863626,0.616358462276679,0.3922960094827501,0.3422881912858971,0.44591821462720144,0.44591821462720144
Ditylenchus_1,wormbodies_nematodes_1_00_softmax_pu,0.22634414599335093,0.5891504671955772,0.7509448438964009,0.8713054236446779,0.9642093514001693,0.9828018383119159,0.3058048092559135,0.39226713284681203,0.5382351924546641,0.8273293061060112,0.9289990071392409,0.9504241290257365,0.8540118157811948,0.6415381162387119,0.538927717910234,0.5188832858354496,0.5385116946561235,0.5385116946561235
Wilsonema_2,wormbodies_nematodes_1_00_softmax_pu,0.12296168545141711,0.6871827316094103,0.7931616248672716,0.8831940607924039,0.9641446081998091,0.9824926742451181,0.17127226690992173,0.23420360891189335,0.3773694228825927,0.8051771523035233,0.8539724693023599,0.9715839233238373,0.9079052083988526,0.7266949865171901,0.5186945784383967,0.4247079391749944,0.6541915059492159,0.6541915059492159
Nematodes_28,wormbodies_nematodes_1_00_softmax_pu,0.04320627918136571,0.6431751347700034,0.7893081023072349,0.8870093324515992,0.9649862428495968,0.9833694020757854,0.052274838708974224,0.06169146623028998,0.07960375824246257,0.1486275176944382,0.8254318089890359,0.8779620058555879,0.5988275570335668,0.3353126577111138,0.17811035108199622,0.15197987487861134,0.5412105369145784,0.5412105369145784
Basiria_1,wormbodies_nematodes_1_00_softmax_pu,0.07071764963142048,0.6681545201332693,0.79491666112651,0.8874519756621606,0.9654882536409276,0.9828750264029064,0.0949570861867421,0.12509102854144663,0.19130824886515113,0.46787135959827875,0.6983266054080883,0.8748983718365683,0.7035448731338063,0.5050201599581805,0.281120148325055,0.22548515075012088,0.3430724340907216,0.3430724340907216
Acrobeloides_2,wormbodies_nematodes_1_00_softmax_pu,0.12514573061050674,0.6515970520834654,0.7936721640816581,0.8924096608442391,0.9658863494859837,0.9831373555285691,0.16638469122702157,0.21358670322448584,0.30981910343922464,0.644870241664295,0.7656440732845835,0.9556072484268952,0.8237782342636878,0.6188033106846881,0.39233611733874857,0.3239950307923114,0.4743230353512036,0.4743230353512036
Aphelenchoides_11,wormbodies_nematodes_1_00_softmax_pu,0.045522945013967045,0.6441750187586899,0.7761010884123685,0.8793691527715688,0.9656804171994077,0.9829532077955886,0.058888623531226654,0.07570375472794708,0.11361296082541465,0.2953655772242067,0.6402314632686029,0.8427712387334668,0.5733511687975379,0.358385965206254,0.18508198353625196,0.14186165894769875,0.4173728846225998,0.4173728846225998
Cervidellus_2,wormbodies_nematodes_1_00_softmax_pu,0.043107741455057726,0.5773714782448885,0.7459684185174603,0.8694410592426567,0.9633149538831579,0.9810788018962374,0.05537582556341112,0.07009819476094444,0.10206055330500176,0.236577974463278,0.7241656104328273,0.8644653592652055,0.682017530372672,0.342598711429936,0.14134980517197443,0.12688920228847503,0.3462039459290153,0.3462039459290153
Nematodes_36,wormbodies_nematodes_1_00_softmax_pu,0.03807080604383787,0.7005156467394134,0.8087820967520909,0.892230412523015,0.9656892445368338,0.9831320284839344,0.04684657780769557,0.05644294962301133,0.07547665229657403,0.15344658086715457,0.7814147659509508,0.9317251841739064,0.7709671358040445,0.6131008896700889,0.23335338135290498,0.15607265035666051,0.4662514768863412,0.4662514768863412
Nematodes_167,wormbodies_nematodes_1_00_softmax_pu,0.07710727741378866,0.6854030934779664,0.8007387441796538,0.8892175444873786,0.9655961418313812,0.9828883390096883,0.10442442616128826,0.13974234871879143,0.21998111835686476,0.5698503448483095,0.924456142874235,0.9586660149069385,0.7577524770334435,0.4455020808907758,0.24485699699300767,0.2414520786715224,0.5854319502297927,0.5854319502297927
Chromadorina_2,wormbodies_nematodes_1_00_softmax_pu,0.040211777774948575,0.6467304911598856,0.7893078091752265,0.8869171486125048,0.9665010374188095,0.9829185955536168,0.05185176014925095,0.06634889441625486,0.09888736934858129,0.25181763259898965,0.35053582366675656,0.9144226700839785,0.7026986713105394,0.26339329397411954,0.14172268962778975,0.11610882040829294,0.21279068435200296,0.21279068435200296
Neodolichorhynchus_2,wormbodies_nematodes_1_00_softmax_pu,0.17003446493645413,0.6230484114096957,0.7697104498925027,0.8797246076000045,0.9638154286840941,0.9824559644486569,0.23383080246631144,0.31097207521601894,0.4563258680038791,0.7940822857597142,0.8742885070343025,0.975947871300758,0.880939680258477,0.7137103167697567,0.6000043324216782,0.5413704991446558,0.4021313151132018,0.4021313151132018
Bunonema_2,wormbodies_nematodes_1_00_softmax_pu,0.06347854948761579,0.5661266159062005,0.740177213552505,0.8768066620455074,0.9670153707622492,0.9836219569081149,0.08259100858655172,0.10541123080809839,0.15300802633353516,0.32160107779295993,0.8908040034659441,0.9746134114773978,0.8175558977902665,0.5680759337620325,0.27816783983729965,0.20243404829638192,0.42824736714857226,0.42824736714857226
Chronogaster_2,wormbodies_nematodes_1_00_softmax_pu,0.03147618271263917,0.6255311314064838,0.7759040350346665,0.880300678660177,0.963371078482306,0.983321791917082,0.04132731730653855,0.05249397356935179,0.07584538409612976,0.1821415185847304,0.3210526912063278,0.5374087091759656,0.3900305661096864,0.20055822842995094,0.0971453117032979,0.08098764560300208,0.1851350552557976,0.1851350552557976
Eucephalobus_3,wormbodies_nematodes_1_00_softmax_pu,0.04924366380102127,0.6225079551965099,0.7713166885459457,0.8788807539418704,0.9647583217346376,0.9831651472736203,0.06492282651740468,0.08442762572066564,0.12749178320173657,0.3214195908516267,0.6231158248754106,0.9553490792502921,0.7174358003239952,0.3476820463555646,0.1746899376008738,0.14970566460446585,0.33635400237852164,0.33635400237852164
Plectus_3,wormbodies_nematodes_1_00_softmax_pu,0.07557190577009255,0.6248080838526893,0.7649597778533616,0.877177896860936,0.96468785442355,0.9827990904864891,0.10240564762158291,0.13589162989177436,0.2109693356010084,0.5161300851387879,0.6555600948894403,0.9620659003758355,0.8467204560700873,0.48533841189921545,0.32409820855175364,0.2771931954251349,0.4112693430947106,0.4112693430947106
Onchium_1,wormbodies_nematodes_1_00_softmax_pu,0.03714704061410563,0.6175502794443348,0.762705640467752,0.8764073978140583,0.9641280023496696,0.9829265109225584,0.046410784635712556,0.05722333333664422,0.08046794064029414,0.18599282721325994,0.46302408175626164,0.8478335549409196,0.6311986673217175,0.33163607316690963,0.14630814346057322,0.11582780604775211,0.27901045751849163,0.27901045751849163
Nematodes_22,wormbodies_nematodes_1_00_softmax_pu,0.0493927663000123,0.6740391347108893,0.7921611274060733,0.8862273344832138,0.9644765651464146,0.9827989781449031,0.06531935423662463,0.085015069254489,0.12899812013460932,0.33394011608089846,0.7103775509833472,0.8902245735214607,0.6878318434351236,0.47116456996825845,0.3198836026432593,0.24145049440479588,0.4040615019225587,0.4040615019225587
Diplogaster_1,wormbodies_nematodes_1_00_softmax_pu,0.309707639100092,0.6406329638279296,0.7784136564987139,0.881402635201321,0.9645256955396351,0.9827300144969098,0.4242057466010968,0.5371561145142573,0.7101771787658937,0.9408580794542281,0.9474664311702448,0.9800327782865671,0.9331493131716866,0.855107155199489,0.6974770032189896,0.6744222582317155,0.5237313905005473,0.5237313905005473
Nematodes_139,wormbodies_nematodes_1_00_softmax_pu,0.0511769684008233,0.6673175860319157,0.7948624367938263,0.8896052400251352,0.9656466166184146,0.9836779870161171,0.06717891718119842,0.08718287795296623,0.1320724079912948,0.3411774100195404,0.8680481939325331,0.983696344116114,0.7751736560016909,0.34468305009408357,0.19432612908885172,0.15164439421392728,0.4969653376170822,0.4969653376170822
Cervidellus_1,wormbodies_nematodes_1_00_softmax_pu,0.06541697124928408,0.6269356908039425,0.7584512345575611,0.8724142085017028,0.963631537999147,0.9828508790989394,0.08733120924475397,0.11541044773660078,0.17923896347127383,0.4694549671589045,0.5631350668365785,0.9243004403216618,0.6736741311809166,0.5337530703324691,0.3397052470781765,0.2816879053694649,0.4339477823711856,0.4339477823711856
Nematodes_42,wormbodies_nematodes_1_00_softmax_pu,0.036533352031341136,0.6505782468745146,0.7971852552759443,0.886438447040982,0.9619804284796578,0.9831944741512418,0.043916097397754476,0.052065599170023215,0.06888484274796979,0.1401873452236815,0.8750870236224175,0.8969545255223976,0.599223027323361,0.36990780852424615,0.17144786062850223,0.1432191802991114,0.6119509851921934,0.6119509851921934
Diplogasteritus_1,wormbodies_nematodes_1_00_softmax_pu,0.04378476467380089,0.5751731462850227,0.7544965723457291,0.8720976287533192,0.9635016384361418,0.982600030748434,0.05709601339085084,0.07022659571200196,0.09572859702487879,0.19391918049667178,0.48819462260836166,0.7681254552849661,0.38070472521603965,0.1897972405236359,0.10487419613198584,0.08906917209292889,0.15182885366299823,0.15182885366299823
Nematodes_105,wormbodies_nematodes_1_00_softmax_pu,0.057277993781980105,0.6911695421161038,0.8035787275054768,0.8894224421646582,0.9650237305431733,0.9821476431013968,0.07685232958295254,0.10186141434431108,0.15896993937553813,0.4324477119232257,0.7028267033918317,0.8680033618512273,0.6532933060188,0.44577592520775416,0.24883733846799405,0.19419066138493263,0.41166282515326014,0.41166282515326014
Boleodorus_2,wormbodies_nematodes_1_00_softmax_pu,0.05920824656047042,0.5324296055005256,0.7434644333420058,0.8694106130364255,0.9622288549339354,0.9828666239315798,0.07730072894994458,0.09875400776107052,0.1422140541382226,0.2900790063907282,0.6695941803207364,0.9371297015710435,0.7101533602780965,0.4862666533514035,0.25077979635640557,0.18907272823330337,0.23045587241490836,0.23045587241490836
Ditylenchus_5,wormbodies_nematodes_1_00_softmax_pu,0.0320534808392111,0.631668910565823,0.7821148115494112,0.8832089795186305,0.9659969998923044,0.9834834703130374,0.04135877383805584,0.052697434283114464,0.07756778341541476,0.1922072607865772,0.32758108788989393,0.7377893391352461,0.42504132986183,0.23298532709223058,0.10720014431993995,0.08933550971653699,0.19666827618176858,0.19666827618176858
Nematodes_156,wormbodies_nematodes_1_00_softmax_pu,0.0748578633321788,0.6764464645725565,0.7974520728632113,0.8884989225961349,0.9667149564227466,0.9837264057826757,0.10107512788123947,0.13458451518707754,0.21001249362727784,0.5246886328261219,0.8868091930744918,0.9591518349387488,0.7609654270214407,0.41411810448501035,0.22337918726040074,0.16084342003159058,0.5211568392730661,0.5211568392730661
Aphelenchoides_3,wormbodies_nematodes_1_00_softmax_pu,0.032819728941147465,0.6452902636807145,0.782065689930461,0.8800124278600889,0.9633465172191741,0.9822980631594986,0.04044314214340908,0.04929526029411699,0.06838381067309364,0.1549277823938529,0.5597893694911734,0.897980623462457,0.5810067784922327,0.22876361411452917,0.12467463178819005,0.10028166980383746,0.2333434086032847,0.2333434086032847
Nematodes_113,wormbodies_nematodes_1_00_softmax_pu,0.08574661331187763,0.6838438514154302,0.7990141841584827,0.890650523764419,0.9664531933465069,0.9831242509814637,0.11696001274054316,0.15714783491426973,0.24817612211806414,0.620532982736966,0.8559680715692748,0.9394244110470577,0.7746898358795414,0.5223958813544235,0.28576499562953034,0.25880317581244905,0.47779266273988324,0.47779266273988324
Achromadora_3,wormbodies_nematodes_1_00_softmax_pu,0.06439874121514148,0.6530508443364185,0.7845102542429787,0.8836751987632078,0.9652927528358249,0.9827566765437532,0.0882026281620487,0.11849377260620314,0.1869787962773428,0.49366211921155323,0.6410660246195434,0.9589345658162606,0.7254808774824703,0.49595364587972596,0.27742534054564094,0.24003797746092587,0.42938829348271934,0.42938829348271934
Xenocriconemella_1,wormbodies_nematodes_1_00_softmax_pu,0.17923499907732887,0.6702203893151171,0.7910798713951133,0.8864564825918528,0.9653176728274864,0.9829484547475297,0.25040037486347333,0.34191312388817197,0.5257628804017701,0.8796163327646642,0.9649138692114743,0.986658966274932,0.9332438778322634,0.850157629863378,0.6215040654603711,0.5241220380819915,0.7088390507244153,0.7088390507244153
Mesodorylaimus_1,wormbodies_nematodes_1_00_softmax_pu,0.06181673340256772,0.6430091509767082,0.7696831711902261,0.8752595753831623,0.9630322862663725,0.9831208903483649,0.08297752943879001,0.1099636817174848,0.1712268856109114,0.4626043971486642,0.4674279729406207,0.9225278448062265,0.7818405264793995,0.5679444664053284,0.33346238429629627,0.2783599552406095,0.4068265179942027,0.4068265179942027
Anguinoides_1,wormbodies_nematodes_1_00_softmax_pu,0.05175660187221136,0.6009241764600524,0.7585452092465358,0.8771972255418506,0.9654328890347482,0.9833690437488845,0.06870791467117532,0.0897708075706241,0.13649599313792365,0.34240660858481353,0.45157288211135826,0.9624940253877609,0.7700222672988453,0.5139610772730783,0.2340813429075631,0.17773757050515065,0.2653020927977799,0.2653020927977799
Nematodes_132,wormbodies_nematodes_1_00_softmax_pu,0.05463479026779348,0.690974906582311,0.8032303878317738,0.8890935569604742,0.9650088710438677,0.9829589063166162,0.07233016363141517,0.09474595010879722,0.14531672547779084,0.37940554420034983,0.8864056512632141,0.9447632168829965,0.7253171707576922,0.40366052876949815,0.20109149712679625,0.1485355699471728,0.5707827272166682,0.5707827272166682
Trichodorus_2,wormbodies_nematodes_1_00_softmax_pu,0.046982862760084204,0.6419393279428952,0.7790162760494848,0.8828324112782848,0.9622345817857646,0.9827965230092726,0.060711864006313634,0.07766632274053384,0.11531145322132713,0.2867495553279873,0.5778580385255538,0.888102787871366,0.6341584111191,0.4095543238097099,0.1956642510394419,0.15792531846998026,0.3919049241806532,0.3919049241806532
Longidorella_2,wormbodies_nematodes_1_00_softmax_pu,0.06402539265415376,0.6185144725424027,0.7490691409683085,0.8650874984296024,0.9611672049724576,0.9821195459702549,0.08597301011570439,0.1133235620207238,0.17420420799962522,0.44463376911846697,0.5945579855957859,0.9394222509449627,0.7212581838415127,0.6002674210364648,0.31932961458359793,0.25635965426950286,0.4568609360411449,0.4568609360411449
Nematodes_126,wormbodies_nematodes_1_00_softmax_pu,0.05828594620386949,0.6662420125239735,0.7918059525977591,0.8858055680363255,0.9640910236389071,0.9823403448977375,0.0771699583683238,0.1008055963673794,0.1535749574084127,0.38807033241901967,0.8219045591000459,0.941661606514927,0.7444510548965425,0.47957598177896105,0.2300413433196023,0.18895045924464848,0.4343201993519989,0.4343201993519989
Nematodes_50,wormbodies_nematodes_1_00_softmax_pu,0.044108897008830625,0.6741651137548405,0.7961690536518297,0.8884390599505604,0.9655959818331883,0.9829086532712454,0.057289906022195976,0.07323874810176051,0.10833445673297643,0.2703259992074047,0.8098460655718032,0.937494501711008,0.7823998355847093,0.40300867793862566,0.1633683977500727,0.11539235206884073,0.44682015336721237,0.44682015336721237
Butlerius_1,wormbodies_nematodes_1_00_softmax_pu,0.04013825731495951,0.6159956006528294,0.7815174126947201,0.8889810067967592,0.9661269744331159,0.9832087005875007,0.05210263054121708,0.0663462137388805,0.09691076894043005,0.22833056809520447,0.413338010825464,0.9572952977011231,0.8290305684051537,0.47151843139650446,0.14176965291734958,0.10098061571188373,0.2030702546756029,0.2030702546756029
Rhabdolaimus_2,wormbodies_nematodes_1_00_softmax_pu,0.07380538929073896,0.5630103261710896,0.740143025105118,0.8687264928329441,0.9638109546548629,0.983087543206498,0.10032956479928506,0.13308544792674168,0.20189547830162333,0.4320440574119757,0.618594281972035,0.9412130933896985,0.7152902028226934,0.3922060610678761,0.22114233014065873,0.17797032033166788,0.33216537389312745,0.33216537389312745
Nematodes_148,wormbodies_nematodes_1_00_softmax_pu,0.06111782484980879,0.6892284695277167,0.8032563115386876,0.8923087017815591,0.9664585582738203,0.9830538697671378,0.08153952396622031,0.10734785674780657,0.16553500071196484,0.4318250674732915,0.8884882928955157,0.8911310596776283,0.6726097807185722,0.3562995835452492,0.19487480495329523,0.1738717715326664,0.5292276072102519,0.5292276072102519
Neodolichorhynchus_1,wormbodies_nematodes_1_00_softmax_pu,0.1727505020215496,0.6563926607160837,0.7878726068902558,0.887684486187443,0.9653951066428748,0.9829294220764359,0.24098541631785383,0.32753694074448736,0.49924125108266326,0.8562755950253402,0.9097372320491496,0.967595887285953,0.8998591177251183,0.7371282273115461,0.4863365970730949,0.4152508696148638,0.5303196027462879,0.5303196027462879
Mononchoides_1,wormbodies_nematodes_1_00_softmax_pu,0.04199246147367981,0.6623553583830393,0.7946943283731454,0.8879080934829554,0.9655321126713158,0.9828726221958489,0.054032637937571,0.06846902539679448,0.10000599212106688,0.24903119810176175,0.3649193668362838,0.9353949357894483,0.6883287127610614,0.4341447363125188,0.25072198453249406,0.20050306184968422,0.24673616794919317,0.24673616794919317
Nematodes_46,wormbodies_nematodes_1_00_softmax_pu,0.06881228063079062,0.6783754666172764,0.7975751351801177,0.889869948771498,0.965753026244689,0.9831980067213427,0.09309063330451235,0.124008444544525,0.1939330915749596,0.5076860640563925,0.6532400964298068,0.8945759934221792,0.7354145508554868,0.4962498550230046,0.3714647878724307,0.2976200781232146,0.3937975088505906,0.3937975088505906
Nematodes_39,wormbodies_nematodes_1_00_softmax_pu,0.03510870585731205,0.6215686147164324,0.7624463406402956,0.8727029136964756,0.9638661366813127,0.981408084752255,0.042885422148032905,0.05114897673588224,0.06795650982691778,0.13895292784857866,0.8759151160814693,0.8032551674911391,0.5383799825000193,0.22771508115040218,0.14696792482099075,0.106130485106421,0.4352438297951974,0.4352438297951974
Nematodes_129,wormbodies_nematodes_1_00_softmax_pu,0.0786197116235885,0.6724169772040093,0.7945037688719205,0.8882842193613929,0.9657199690583183,0.9826875281968654,0.10683135243859808,0.14297181237841158,0.224738019824146,0.5670041457254292,0.8831929941986753,0.9350763865138236,0.8247477921548523,0.45287014393623415,0.25514622124323033,0.2131559195064183,0.5507072465286239,0.5507072465286239
Geomonhystera_1,wormbodies_nematodes_1_00_softmax_pu,0.06394914988107234,0.6080427279517105,0.7633182605662128,0.8763216376634795,0.9640908993320683,0.9828787523005086,0.08628062735768219,0.11422702195354945,0.17576503381912692,0.41802616955467464,0.6871360924725282,0.9151136800367934,0.6876789421115765,0.5422681825990001,0.26255211691759844,0.22471473099315695,0.3103723431023081,0.3103723431023081
Paraxonchium_3,wormbodies_nematodes_1_00_softmax_pu,0.04780640767262543,0.5879860523076753,0.7593010997881258,0.8775192761288528,0.9656380089481981,0.9828384237565069,0.061134964923520566,0.0772544124071486,0.11206164594897484,0.25472670464513414,0.3625826890051903,0.744231363855246,0.4946181290734992,0.30991246974695574,0.18030221264904348,0.1464130280172439,0.261357033067018,0.261357033067018
Ethmolaimus_1,wormbodies_nematodes_1_00_softmax_pu,0.07449399475292524,0.5426572667943744,0.7462504155114776,0.8780778422800398,0.9675223115279196,0.9832780241809156,0.09684912116975533,0.11904403064381824,0.1583426014403695,0.2821653827197214,0.5087589094422709,0.8210523431334691,0.5388117510181477,0.4328295728287979,0.24656298061533855,0.18417578916692467,0.17847323392857883,0.17847323392857883
Achromadora_4,wormbodies_nematodes_1_00_softmax_pu,0.05352070254474119,0.7036415550086762,0.7998948751888707,0.8874131699828425,0.9648441137832573,0.9825711374820846,0.0714653377458389,0.09405514186909103,0.1451155310420619,0.39098407629234044,0.7387103990652493,0.9581943636658194,0.8766357173041819,0.6667148895119174,0.37335517074906277,0.30284266531966053,0.5003539414246265,0.5003539414246265
Paratylenchus_1,wormbodies_nematodes_1_00_softmax_pu,0.09099224239233003,0.6488948244456736,0.7858622623609439,0.8873685730718959,0.965448064331937,0.9834337983164925,0.12304599752939502,0.16350005577925714,0.25188126036058645,0.5744731561351945,0.9271103521021711,0.9661299329673959,0.8969009557213715,0.7222813464139342,0.44974386417707213,0.35819551570804636,0.541395871534416,0.541395871534416
Plectus_4,wormbodies_nematodes_1_00_softmax_pu,0.04764661159108376,0.6465428518592607,0.7744564014369096,0.8787554121713596,0.9632525463240033,0.9825905159156327,0.06278596812974764,0.08178464377971535,0.12463711909336772,0.32854820389804074,0.5125026087017069,0.869219727852568,0.632551153157288,0.4155595820571868,0.24035778487595166,0.19983633572077059,0.36559256281401764,0.36559256281401764
Criconemoides_1,wormbodies_nematodes_1_00_softmax_pu,0.11209448626130587,0.7776967737027447,0.8426184133237803,0.9048344097204255,0.9671345085884184,0.9834796290034348,0.15379162546103742,0.20780914989788846,0.33160249881172316,0.8375322587414394,0.8031268794904936,0.9809180899387604,0.9354549479530861,0.8473880681964137,0.6330210044336935,0.5419315179859967,0.606411336989692,0.606411336989692
Hirschmanniella_2,wormbodies_nematodes_1_00_softmax_pu,0.06392875740437844,0.6506021134971843,0.7819950002751742,0.8818232604919861,0.9630900526052811,0.9816798353647886,0.08330562045018965,0.1055095791775144,0.14841400847771527,0.30454125298955387,0.4518969553514445,0.8699392331808475,0.6036903522796695,0.35237180110382565,0.19921130296316644,0.1629949228777792,0.32576250581858995,0.32576250581858995
Tylocephalus_1,wormbodies_nematodes_1_00_softmax_pu,0.07382381294178321,0.6525928103419892,0.7807983015351319,0.8811262209708455,0.9653133518372787,0.9830230352965296,0.10199725688732728,0.1382507600484607,0.2206846150537499,0.5678565993115712,0.5701927843008181,0.923129094863773,0.7528996673469394,0.5048854789096664,0.33243925513988126,0.2810831018386833,0.40481060001195374,0.40481060001195374
Nematodes_17,wormbodies_nematodes_1_00_softmax_pu,0.05587846943684884,0.6782786071499758,0.7943266315846058,0.8859354214280538,0.9652057959847309,0.9821334339102582,0.07480188791206255,0.09872220506053,0.15275995212749433,0.40371376122981845,0.6956833921286789,0.8690884859568895,0.670931710327858,0.44966500752514427,0.2061634038142761,0.15321727654630407,0.40164540319069,0.40164540319069
Nematodes_106,wormbodies_nematodes_1_00_softmax_pu,0.04248070209218056,0.7052062792334026,0.8043203073737056,0.8971556832356153,0.9675571126581148,0.983021310368806,0.05449404688023311,0.06935783075642024,0.10258141202902753,0.2605315776483394,0.8078647868484019,0.9829363828789152,0.850605700052664,0.5001744239371058,0.22493150344470533,0.15900105368271045,0.5161669373449509,0.5161669373449509
Nematodes_147,wormbodies_nematodes_1_00_softmax_pu,0.07098661820703858,0.6806692340165406,0.798509300267172,0.8911811381920864,0.9662400628824637,0.9830495032351602,0.09589320628006241,0.12748919028562916,0.19888965736823125,0.513567223158003,0.8797247390987836,0.9639237730587449,0.7938788285804412,0.4001839845975532,0.2060649142196535,0.15005944391726067,0.5163157995620564,0.5163157995620564
Coomansus_1,wormbodies_nematodes_1_00_softmax_pu,0.08388660787677565,0.6707692538192012,0.7907382496181403,0.886670108777882,0.9649444632177936,0.9828175846837325,0.11453414993449292,0.15394352906295963,0.2433319393512194,0.6178352113479816,0.6165390181078776,0.9590476947141283,0.9110890623216684,0.7195958126930979,0.4446615512074489,0.3653358616207941,0.4423120439561163,0.4423120439561163
Enchodelus_1,wormbodies_nematodes_1_00_softmax_pu,0.08125123777877034,0.6040470369925444,0.7590908434105579,0.8774496333372052,0.9637825514341763,0.982326215977627,0.10970516625671885,0.14594824725249125,0.22650019848458053,0.5206425201462148,0.6733775265686952,0.9409796845553402,0.7777362098809539,0.4035666869802187,0.3061590074809947,0.25399779282646484,0.3701571932811187,0.3701571932811187
Plectus_1,wormbodies_nematodes_1_00_softmax_pu,0.17425304867787267,0.6088377294373813,0.7526476071389239,0.868412082107748,0.9628310396851326,0.9820886491899622,0.24181242491350807,0.3257154697942822,0.4822314393809203,0.7987310837481533,0.9483918535901888,0.9599689219332579,0.8125427132103001,0.603473849751373,0.44794414114300524,0.4030055897331969,0.6209039256916142,0.6209039256916142
Nematodes_29,wormbodies_nematodes_1_00_softmax_pu,0.03834179120005052,0.6538157601794757,0.7907304096226268,0.8891595017760789,0.9678652887928026,0.9839215678697141,0.0468085450330522,0.056328861861516435,0.07582200709260685,0.15777101914799588,0.8369982077641321,0.8768200444935118,0.6095821303941831,0.32632665714890213,0.13728724536975795,0.12211505010558439,0.4876935442751737,0.4876935442751737
Odontolaimus_2,wormbodies_nematodes_1_00_softmax_pu,0.20700971089010645,0.6449487235127092,0.7774711707682785,0.8817962297525543,0.9645296056629632,0.982862627193032,0.28807324012518765,0.38745738257611084,0.567280344283868,0.8829200388956778,0.9520960996033989,0.9785207068201811,0.9487517845622503,0.887594240043367,0.7219446258215433,0.6768435591960219,0.5024407938781701,0.5024407938781701
Nematodes_125,wormbodies_nematodes_1_00_softmax_pu,0.0595009339071826,0.6603645628670021,0.7897907243466091,0.8876180024590934,0.9651979946671765,0.9826267536198052,0.07877967671204228,0.10307368122141294,0.15752621385154977,0.4029619574509259,0.6057520437422458,0.9604483958052518,0.7100912547295397,0.45139500536538985,0.21071306234826076,0.18881732469193965,0.30593615779271427,0.30593615779271427
Criconemoides_2,wormbodies_nematodes_1_00_softmax_pu,0.11511376078418553,0.788173739743468,0.8464702537985139,0.9056448290163299,0.967434281505954,0.9834939217585376,0.15777641895638045,0.21314584531246725,0.340130389106839,0.8515506246267819,0.8748388671580639,0.9880334739783726,0.9634319854439282,0.8803388703287189,0.6515031992092791,0.5581944354010693,0.5915306301547592,0.5915306301547592
Onchium_3,wormbodies_nematodes_1_00_softmax_pu,0.03752373361706807,0.6273029918791826,0.7700811380323924,0.8774380676295196,0.965073021132115,0.9840055527744828,0.04693558991111553,0.05798029360712131,0.08188009248780778,0.19132091247812147,0.4745120882247063,0.9028189486055127,0.6951234967898122,0.36307148223565666,0.15748929198294123,0.12305487308101676,0.2887534184428455,0.2887534184428455
Ditylenchus_3,wormbodies_nematodes_1_00_softmax_pu,0.23127503947680916,0.6538337375871569,0.7914877881528641,0.8885651379730082,0.9658228410040345,0.9831190240494213,0.31644040583249955,0.41491689471202997,0.5911620952111326,0.9064805566546609,0.9460348641233437,0.9675748202711358,0.9369970583392282,0.8000225786245312,0.5892080378183414,0.5186849166579683,0.628640753642521,0.628640753642521
Nematodes_111,wormbodies_nematodes_1_00_softmax_pu,0.0631036831965883,0.6919680375405899,0.8031854515647725,0.8915526580478782,0.9656107236128126,0.9830018714876123,0.08555805863353697,0.11452217071673468,0.1807535028416577,0.4891043811245962,0.6317712159985219,0.9768666146604525,0.8255838621106628,0.428945960355272,0.20547576722560573,0.17002541147036562,0.36327204377991307,0.36327204377991307
Nematodes_109,wormbodies_nematodes_1_00_softmax_pu,0.04079932127931909,0.7058242473707019,0.8065458411474196,0.891531960127543,0.966377607365472,0.983057668584182,0.052823104085725,0.06779497017173321,0.10164402612654742,0.2651261016535802,0.7586795948296435,0.924032590241642,0.8401892142884972,0.4940507519034604,0.20033283735077778,0.16067749899498,0.45210390623823404,0.45210390623823404
Dintheria_1,wormbodies_nematodes_1_00_softmax_pu,0.07573042776421413,0.6225536987036019,0.7771774267216591,0.8884816353184279,0.9661661032896127,0.9835851974678312,0.10183774816513666,0.1343184929320913,0.20511986342420532,0.47576243893842207,0.7350755181971973,0.9806970991117078,0.8933534085281833,0.6191458058211066,0.31363378759566213,0.22023456633359173,0.28400901566133513,0.28400901566133513
Prismatolaimus_1,wormbodies_nematodes_1_00_softmax_pu,0.055767844518388426,0.6548522797617905,0.7816363174946577,0.8819756719085574,0.9645351238972079,0.9826557371067106,0.07526025427356084,0.09978550459495711,0.15479531633875712,0.39790910669806806,0.7615828665052757,0.9475908189022753,0.7228095862991245,0.48919239255016406,0.2619525847876817,0.21002940184457053,0.4712557769520622,0.4712557769520622
Nagelus_1,wormbodies_nematodes_1_00_softmax_pu,0.04526284941191234,0.6378992838357658,0.7761692458483415,0.8790548736297891,0.96511727800546,0.9829746735850174,0.059041701140837184,0.07477557795508592,0.10790401273498122,0.250680748312234,0.48899685854296127,0.8966323048471336,0.6050132248643014,0.3742434080709372,0.18623191046742246,0.15005972756319144,0.30433904039618176,0.30433904039618176
Nematodes_3,wormbodies_nematodes_1_00_softmax_pu,0.02367126875099592,0.657811619063907,0.7817419975209949,0.881004581239565,0.9662181068790723,0.9830856891593196,0.028542481619460134,0.03376497902823288,0.04466121507593671,0.09423810959507,0.6075898147966472,0.7468822855175535,0.4521760906773533,0.28195585579423205,0.14830997961371625,0.11482972904158838,0.3437543022908377,0.3437543022908377
Nematodes_35,wormbodies_nematodes_1_00_softmax_pu,0.040714069243650876,0.682064838160021,0.8020900395946343,0.8918376422736203,0.9646808233304249,0.9827001160229074,0.05060100711971234,0.06148944657885238,0.08330493720978654,0.172342790657009,0.7263473169128448,0.9172274517253143,0.737993235988567,0.4686952209248238,0.24559829778629225,0.18027982370846957,0.4426225713678425,0.4426225713678425
Nematodes_60,wormbodies_nematodes_1_00_softmax_pu,0.09790970705563323,0.6938121724105512,0.8031867933369423,0.8915090993526528,0.9661101409680388,0.9833584026301969,0.13585777374821684,0.18525780397880431,0.29870783319207217,0.7308759866108865,0.6752390029428912,0.9611902085732181,0.9220629907494261,0.7709871968412797,0.6263507263969831,0.48631234994836003,0.43510960223202416,0.43510960223202416
Helicotylenchus_1,wormbodies_nematodes_1_00_softmax_pu,0.06355964299238953,0.6102152654768772,0.7593615135481947,0.8769582343657933,0.9663259330734075,0.9828993586230005,0.08576166400244441,0.11279961841706641,0.17088470795189342,0.4035434083622302,0.5016397019633052,0.815902127130606,0.5289544074613804,0.3169634204935598,0.18085277229028904,0.147272921037671,0.2497202485783555,0.2497202485783555
Nematodes_108,wormbodies_nematodes_1_00_softmax_pu,0.0512794529829364,0.6673645303911525,0.7896780093518291,0.8906094168059554,0.9664756914951307,0.9829542842489908,0.06727243349268101,0.08744691445581458,0.13269835412380393,0.34159425127594345,0.877739130703405,0.892348130592859,0.6354257261544356,0.3882907723506316,0.1915809009933406,0.1469795332565389,0.5396805838726831,0.5396805838726831
Nematodes_32,wormbodies_nematodes_1_00_softmax_pu,0.04450371660624317,0.643348935415172,0.787589671840614,0.8858083493861316,0.964558305522805,0.983184384403413,0.05601033975177065,0.06896899891967698,0.09604529059893659,0.20852710852124173,0.7534859998976741,0.9536151527440329,0.6744465485975074,0.4278343672127021,0.16979947915269555,0.12374411688715091,0.40845700409446656,0.40845700409446656
Nematodes_25,wormbodies_nematodes_1_00_softmax_pu,0.060822139975423156,0.6866062767023341,0.8007100830932157,0.8898675166271878,0.9660783965134063,0.9836539562061742,0.08122346624538666,0.10706074964409107,0.16523160934300762,0.436423956542562,0.7154433824800713,0.8891984196870392,0.7499830254384315,0.5614710101545318,0.31892208943383854,0.2450762960211226,0.4280677908766759,0.4280677908766759
Pristionchus_1,wormbodies_nematodes_1_00_softmax_pu,0.11641562507547268,0.6544371352621592,0.782710456851688,0.8822983221576928,0.9649993813196663,0.9825870079560404,0.16164384398770718,0.21980926665976047,0.348020178048168,0.7329820961334633,0.8067952386390372,0.9777733665298158,0.8576047178628565,0.5478566834569774,0.3333241150429659,0.289797608671493,0.4901808572699202,0.4901808572699202
Hemicriconemoides_2,wormbodies_nematodes_1_00_softmax_pu,0.13846779275661447,0.6431489383369337,0.7806096109253204,0.8828811998031495,0.9646056174380195,0.9829100167712347,0.19168396165001247,0.25963999901130635,0.4025875656924471,0.772593695690989,0.8579153941988744,0.9626731221009766,0.8397122607685076,0.6022507261183645,0.3949246634828673,0.3569185569027664,0.42040066109926083,0.42040066109926083
Chromadorina_3,wormbodies_nematodes_1_00_softmax_pu,0.048368584479231216,0.6017328419442786,0.7524485871063238,0.8713481273287293,0.963382939579261,0.9820010042995442,0.06257893063622577,0.08018718586612775,0.1193864383164433,0.3015549966414799,0.41165614826417246,0.8851100941160879,0.5502715896073738,0.37804034316025115,0.23390445462237047,0.19079452813310196,0.31273976305261053,0.31273976305261053
Nematodes_7,wormbodies_nematodes_1_00_softmax_pu,0.054201268083544966,0.6561109589004843,0.7882166145319839,0.8829535173349935,0.9636838793335744,0.982763935596892,0.06977067724919385,0.08870782662776733,0.13016523027317037,0.31397923953232176,0.8364229987318269,0.9249267181544752,0.6792957816864498,0.4489599353736173,0.23840040294806442,0.1761460117662904,0.4032726880444684,0.4032726880444684
Nematodes_5,wormbodies_nematodes_1_00_softmax_pu,0.05392182328350414,0.6577296161956291,0.7872991881720846,0.885063114473616,0.9657210461859084,0.9837258671968683,0.07091144945843983,0.09155413273114227,0.13652876278476558,0.3406378829958108,0.7127086505048872,0.9138377368804325,0.74359496173968,0.5670525187488067,0.4154432098461636,0.3409158695502554,0.42309129979855625,0.42309129979855625
Coslenchus_1,wormbodies_nematodes_1_00_softmax_pu,0.049312997135108186,0.6244923100320773,0.7746154399836013,0.8835252290898413,0.9644427155714315,0.9832903561532031,0.06359394707354048,0.08095795654387755,0.11890255836538872,0.28174072892875707,0.6460999076100207,0.7805891198997312,0.5679868749311988,0.33330670038908566,0.17470516241112324,0.16146905796667374,0.30876069744991247,0.30876069744991247
Pratylenchus_4,wormbodies_nematodes_1_00_softmax_pu,0.08288851792277865,0.6862419535406977,0.8003000369082107,0.8920511420681362,0.966827089816709,0.9838764761820558,0.11235694801838748,0.14856443159503013,0.226942019535768,0.5418300237344169,0.751649632024898,0.9757242285012289,0.8405317614857772,0.6152929616131766,0.3738356030044553,0.2870349684285769,0.4439204867008333,0.4439204867008333
Scutylenchus_1,wormbodies_nematodes_1_00_softmax_pu,0.15909281252066976,0.5894129124940334,0.7498374099276471,0.8738451100769998,0.9649816289742968,0.9829624940825697,0.21945778686106612,0.2922748996655357,0.42673066370533086,0.7371687582040737,0.872292149673806,0.9779150251996787,0.9311818088581149,0.7864207079678089,0.5527055492466535,0.4728463827042605,0.3371907687585489,0.3371907687585489
Nematodes_86,wormbodies_nematodes_1_00_softmax_pu,0.0672073918570865,0.6771232431010026,0.7946151242016802,0.8878906031210843,0.9653096518945723,0.9829843345419044,0.09252444437068333,0.12530775838052816,0.2003994636451938,0.5376524304483146,0.5991684836919957,0.9395004028712113,0.7508987627916375,0.48107279688062676,0.23302659461225148,0.1609563221638837,0.38068312465729603,0.38068312465729603
Nematodes_13,wormbodies_nematodes_1_00_softmax_pu,0.03948489869095685,0.6824396774720615,0.7922226173858343,0.885561871319451,0.9656017009886018,0.9831684843451569,0.050233110254098184,0.06314339620799185,0.0913678359485531,0.22180210467068742,0.661045953295864,0.8939159347570833,0.7964468923337271,0.4646568563299034,0.23966258247505845,0.16521559217984352,0.38610332875686876,0.38610332875686876
Nematodes_134,wormbodies_nematodes_1_00_softmax_pu,0.05311143035394201,0.6439449185819469,0.7803366183367917,0.8830363956906017,0.9653283475351669,0.9835588026034237,0.0687129617459339,0.08774339377195708,0.12950779515636965,0.3141717586040931,0.7496090351515926,0.8694979054907722,0.6729019900920749,0.5034511031259248,0.2357960910295714,0.16493803691937572,0.41393080117599246,0.41393080117599246
Tripyla_1,wormbodies_nematodes_1_00_softmax_pu,0.08641161659817707,0.6075495261286395,0.7585327278131442,0.8753584065387079,0.9639529558007139,0.9823784128459516,0.11789998301082627,0.15737395599941353,0.2431576070345848,0.5447857306697081,0.43300224688813455,0.9151608393994866,0.6916019291211934,0.43941139851127553,0.2720861275450913,0.2299086747624447,0.28935630135535173,0.28935630135535173
Tylencholaimellus_3,wormbodies_nematodes_1_00_softmax_pu,0.07881433846287396,0.6383307140956379,0.7674952209209699,0.8751374650485698,0.9639563107731512,0.9826358466416322,0.10755612482916753,0.14410577036545322,0.2259211307699605,0.549695063808902,0.6381146509101123,0.9644233577220169,0.8303519526562916,0.5063829359596699,0.2754061218714199,0.2321183776124426,0.4418048443814458,0.4418048443814458
Thonus_2,wormbodies_nematodes_1_00_softmax_pu,0.08454888353810247,0.6705330753499227,0.7902217789078698,0.8859050558994354,0.9653682859961474,0.9829242689754581,0.11646062076701992,0.15776677509075285,0.25199470167957894,0.6321933088252093,0.7858806617387339,0.9607807905441836,0.8515596279724119,0.6771349698205562,0.40571061144145176,0.327995654089033,0.5640559098186702,0.5640559098186702
Paracyatholaimus_2,wormbodies_nematodes_1_00_softmax_pu,0.05178984986429378,0.6064034409655212,0.7591423564426858,0.8723606393031275,0.963940832560987,0.9828595897992985,0.0681232862327929,0.08864815937451725,0.13451388457524666,0.33457336334756943,0.38783088538018057,0.9492168667110409,0.5443789152297961,0.2953307473229899,0.16848824382368008,0.12862447712282868,0.2158013550802929,0.2158013550802929
Cephalobus_3,wormbodies_nematodes_1_00_softmax_pu,0.06394914988107234,0.6080427279517105,0.7633182605662128,0.8763216376634795,0.9640908993320683,0.9828787523005086,0.08628062735768219,0.11422702195354945,0.17576503381912692,0.41802616955467464,0.6871360924725282,0.9151136800367934,0.6876789421115765,0.5422681825990001,0.26255211691759844,0.22471473099315695,0.3103723431023081,0.3103723431023081
Nematodes_133,wormbodies_nematodes_1_00_softmax_pu,0.06146693582019248,0.6316399529919761,0.7799456775497203,0.8823382776072529,0.9646580668068306,0.9828285659361005,0.07980344239903468,0.10253508174013067,0.15252467496959746,0.36321515744585386,0.8608002278463923,0.970758740246038,0.734559213024929,0.39613145773036107,0.22791513966313612,0.19857850824723225,0.5524230600922991,0.5524230600922991
Nematodes_150,wormbodies_nematodes_1_00_softmax_pu,0.07406861752496541,0.6776634576516889,0.7980903994303181,0.8912476838522372,0.966430642116621,0.9828640520375652,0.09925510707088323,0.13108248393537675,0.20249664987845975,0.50905060784663,0.8482923394024569,0.9190935107824049,0.7671251389416299,0.48027915371082697,0.21803036199570208,0.19311738655546826,0.523172218833316,0.523172218833316
Coslenchus_2,wormbodies_nematodes_1_00_softmax_pu,0.16488444321668105,0.44363239591766385,0.6927064806663132,0.8631162061761813,0.9639359091467973,0.98273408558611,0.21644882593330947,0.2630660540347198,0.33129163120546357,0.4847064427739847,0.7375420877691106,0.8485424482947062,0.7290921075772053,0.4837502089237482,0.3231312331150833,0.2875705161781292,0.2395983269078432,0.2395983269078432
Tylencholaimus_2,wormbodies_nematodes_1_00_softmax_pu,0.1554621494264274,0.6888308312211812,0.8015048908147386,0.8892859417979428,0.9649948314863233,0.9828989710105139,0.21539818741194472,0.2919021522488291,0.45517027559043216,0.853331895562089,0.9119209343933086,0.990477591662497,0.9500498300689864,0.8708469663993399,0.7056735295510553,0.59081289062228,0.5372252314002154,0.5372252314002154
Nematodes_59,wormbodies_nematodes_1_00_softmax_pu,0.03510943685790645,0.663349696533786,0.793727748592642,0.8869986033302852,0.9638016261632762,0.981996058305592,0.044828179300784476,0.05573909735439933,0.07855917825362616,0.1774241806851088,0.6967443783201732,0.8828087985644589,0.7185442855183676,0.4422425651673498,0.1720562505182742,0.11445116964840103,0.345009703178967,0.345009703178967
Ogma_1,wormbodies_nematodes_1_00_softmax_pu,0.05127367939948939,0.639691919728337,0.7805192730680875,0.8836403354959874,0.9652118783727122,0.9826597674838745,0.06579251837381822,0.08327066350150207,0.12152848471405699,0.29635592895806967,0.5396306169006284,0.9668758251638413,0.7972538159059945,0.6877392487182459,0.39065030989824984,0.3169229647431958,0.4401990394646011,0.4401990394646011
Monhystera_1,wormbodies_nematodes_1_00_softmax_pu,0.09005205398521166,0.642577237099303,0.7794850545408658,0.8812663160114738,0.9651541461417089,0.9829772472600703,0.1229936812713015,0.16463825218204914,0.2565950806944382,0.5917563177763027,0.7283635369009991,0.9269237295314556,0.6355450534346839,0.4719196107158951,0.25783976343013876,0.20628734007168542,0.37462831956597603,0.37462831956597603
Tylolaimophorus_1,wormbodies_nematodes_1_00_softmax_pu,0.09547129581696577,0.6394696860613501,0.777271584651942,0.8819819378153311,0.9643882655049139,0.9826387814196129,0.12679877646832577,0.16251346938961683,0.23162976880583136,0.49135061696481946,0.5799876961929604,0.9246768458509067,0.8030160043591337,0.5653353524837569,0.3252072683983919,0.2799927229320354,0.37344530256011793,0.37344530256011793
Filenchus_3,wormbodies_nematodes_1_00_softmax_pu,0.09244293207088287,0.6456195234181312,0.779594072540847,0.8819805407652749,0.9653121777832149,0.9828652874243979,0.12599666019622133,0.16824484163962097,0.2606865078946534,0.5977122446718873,0.8591700492200672,0.9744880060279545,0.8694108756051078,0.7143606220081654,0.37228760053772675,0.2521290339814888,0.45546018235719576,0.45546018235719576
Nematodes_130,wormbodies_nematodes_1_00_softmax_pu,0.07541118692136171,0.6732789524828736,0.7979489077194084,0.8887203989517671,0.9640501451744395,0.982079483671562,0.10189761418520667,0.1356898825092117,0.2115939248950061,0.533941909580353,0.9192056384135454,0.9681428342514464,0.8112625237485451,0.4216663925506452,0.1910724786282811,0.1740937435516454,0.5570725288737028,0.5570725288737028
Aphanolaimus_1,wormbodies_nematodes_1_00_softmax_pu,0.10437719372140926,0.6464655136522718,0.7810965309385196,0.8848163684274271,0.9656939400864879,0.983098976872756,0.14391003599782323,0.19458289909321838,0.3044717994329705,0.6602059623154228,0.8587524152600157,0.9600264750674562,0.9276426733363803,0.8062200456861244,0.49259020447906565,0.3664750616565604,0.4360276566660911,0.4360276566660911
Cylindrolaimus_1,wormbodies_nematodes_1_00_softmax_pu,0.12116851699282011,0.710709252352542,0.8131036524129622,0.8950390433839956,0.9657746802341798,0.9832480712829538,0.16817373703991684,0.22898844695168488,0.3674661967433527,0.8146939807749384,0.945659346272472,0.9796029033511691,0.9406547525735856,0.8947710431923441,0.7333674077009456,0.5719839454056374,0.5446432025047183,0.5446432025047183
Nematodes_1,wormbodies_nematodes_1_00_softmax_pu,0.034517484473838914,0.6745804001474558,0.7984727685091639,0.8921998114243349,0.9678334894992392,0.9839304242936053,0.044049595478739836,0.05550278785032581,0.08079549758464437,0.1999357085218071,0.6475753705938063,0.8598867321170296,0.584301497389732,0.4074686473796043,0.24561700414886048,0.18248204184896202,0.38425835306497524,0.38425835306497524
Nematodes_99,wormbodies_nematodes_1_00_softmax_pu,0.10184421774754385,0.68229960656139,0.7977289460590008,0.8891576196935908,0.964599020708236,0.9830610399827061,0.14195742038001827,0.19429651884005716,0.3141239088759029,0.7327809701498698,0.6078677355191356,0.9473235802205793,0.7204017750293051,0.5405463714744029,0.3250865553349607,0.24513415248803735,0.3819883977250705,0.3819883977250705
Trichodorus_4,wormbodies_nematodes_1_00_softmax_pu,0.15763806370644193,0.536543289678321,0.7066347002307775,0.8513439275151458,0.9608511696219203,0.9811080084251588,0.21580816963746918,0.28154843548314323,0.3954905421646448,0.6518005937257357,0.7907753874381424,0.9651043643039443,0.8774968309436545,0.6033057781749366,0.39504675324893085,0.34290792560006816,0.2542769761012591,0.2542769761012591
Alaimus_2,wormbodies_nematodes_1_00_softmax_pu,0.0767558545176436,0.6322734460680657,0.777363963737247,0.8823501088526313,0.9644718698231123,0.9831335357725673,0.1035736452244412,0.1369297843443407,0.20903246066431694,0.4768025352198674,0.8076802734832004,0.920388499297522,0.7502425271043667,0.44514152630231196,0.32085535853101244,0.2623809362915493,0.37705748183571147,0.37705748183571147
Aphelenchoides_13,wormbodies_nematodes_1_00_softmax_pu,0.04688396531635121,0.7013492158794609,0.7986199835424027,0.8812212752837845,0.9589366140648323,0.9813351551720223,0.05590097477996019,0.06576081231138302,0.08559782211007619,0.16732245675936364,0.994769723407813,0.9040034034409641,0.5590612392104266,0.3003374814916736,0.1724793073492992,0.14330213241122716,0.9217864822448307,0.9217864822448307
Ditylenchus_2,wormbodies_nematodes_1_00_softmax_pu,0.1295063641037687,0.6403776174671821,0.7836001594659223,0.8849226669295903,0.9655279838525982,0.983330591985175,0.17822840026935144,0.2393856115085562,0.36730640747180865,0.7310008400863905,0.7691891236020543,0.954203154548027,0.9051534038633318,0.6799253375022903,0.4863683728530846,0.40212622985531105,0.3930526507643762,0.3930526507643762
Steinernema_1,wormbodies_nematodes_1_00_softmax_pu,0.2301608345406357,0.6444720586285421,0.7782862432619893,0.8831041555128288,0.9648185309710704,0.9829020570564534,0.3214703133082898,0.43261098545936005,0.6160677480025764,0.9063807764766862,0.9219950658549694,0.974521796319283,0.9459370644734776,0.8772152879543126,0.6484971162736612,0.5934731387098604,0.42129093461116796,0.42129093461116796
Nematodes_164,wormbodies_nematodes_1_00_softmax_pu,0.04276327010298718,0.6935188986514595,0.7962873174581082,0.8869926458879114,0.9653848433242785,0.9832126360427802,0.056030042902970215,0.07249086192647415,0.109217205416067,0.2851684066037596,0.6757491240457018,0.9072855543166034,0.6574981209211279,0.37257032978317633,0.1711287474322206,0.13305867007189526,0.3721698654014654,0.3721698654014654
Nematodes_137,wormbodies_nematodes_1_00_softmax_pu,0.07551466819108998,0.6774656681802704,0.8033827050476918,0.8922887133335333,0.9659671073034217,0.983255998507324,0.10249387298565962,0.13701401585760178,0.21495947517258346,0.5461121474807614,0.8765386408823986,0.966513284015996,0.8601332723642271,0.5780703908802071,0.2676712374520463,0.20732862981502617,0.5026555540943548,0.5026555540943548
Anaplectus_2,wormbodies_nematodes_1_00_softmax_pu,0.1622693806741258,0.6997771305194291,0.7959013194622453,0.8871831691569914,0.9652982852292509,0.9828845807217171,0.2269952203366127,0.3117219802172585,0.5067497421285716,0.8928764663231034,0.6580450237073056,0.964388258212759,0.8740030330583839,0.7843096259330119,0.652063558394531,0.6000454496458948,0.5490598210737769,0.5490598210737769
Mesorhabditis_1,wormbodies_nematodes_1_00_softmax_pu,0.10970153702984654,0.6447085673121612,0.7834514203060539,0.8836986931146853,0.9646889797291096,0.9826884212924585,0.15097658626951493,0.20389230464343724,0.3210095428629927,0.6898081344801695,0.8812536375615384,0.9573347462216648,0.887763675113879,0.5590080814438906,0.35267083527901244,0.26605462830358545,0.4745245510442356,0.4745245510442356
Anguina_1,wormbodies_nematodes_1_00_softmax_pu,0.05934382650704034,0.597706569079261,0.7767485474354261,0.8855858598447404,0.9653168083544165,0.9823978272304582,0.07544019222931941,0.09318996697136801,0.12834891083039798,0.2554190333120731,0.6083830520209214,0.8827325453266759,0.5834062222316923,0.28605332907388686,0.1487664755385301,0.12111518070793957,0.2321737079394052,0.2321737079394052
Choanolaimus_1,wormbodies_nematodes_1_00_softmax_pu,0.16051546089800248,0.723276307569247,0.8192755615584899,0.8973897722021609,0.9665750167477586,0.9834118155476005,0.2220376279943343,0.30204351961101034,0.4836376932039004,0.901411012279139,0.8582415381152441,0.9921318850419272,0.9690014883777777,0.8922098240932761,0.6299272339995234,0.5041202865408043,0.6014214341511627,0.6014214341511627
Mesocriconema_1,wormbodies_nematodes_1_00_softmax_pu,0.12347954324743886,0.6227564989649397,0.7710407740174272,0.8830687046510661,0.9659649282496994,0.9829794234855661,0.16929849754899848,0.22724020965883035,0.3484328456640253,0.6936317511992026,0.8148577697310057,0.985093465818316,0.9489111174591853,0.7806116753908015,0.43951303030175237,0.3820195117941548,0.42459777513034674,0.42459777513034674
Trischistoma_1,wormbodies_nematodes_1_00_softmax_pu,0.07625745338444581,0.6356908700546958,0.7658674108790313,0.8776636216727541,0.9650650408432316,0.9829913028083187,0.1030355593103812,0.13730578649421432,0.215004791735868,0.5437558911516241,0.7167105179742487,0.9753045194603237,0.9111780638809358,0.6673614158031664,0.4300311720349956,0.3535686216087517,0.5020305056038019,0.5020305056038019
Globodera_1,wormbodies_nematodes_1_00_softmax_pu,0.09747359851693735,0.6508380175252352,0.7878148973474842,0.886326642588541,0.9656566328170622,0.9829087642295727,0.13288665949052197,0.17769856302750103,0.27698905185502376,0.6283279496214682,0.92345558904119,0.9825292672676192,0.9561650600201445,0.7054917560213021,0.41449440820942707,0.33733411856175477,0.4709333716897324,0.4709333716897324
Haliplectus_2,wormbodies_nematodes_1_00_softmax_pu,0.11894057964241288,0.6305465773224127,0.771454282286232,0.8803014606436977,0.9649337500686178,0.9826000944872878,0.16393994041405083,0.22131009743532512,0.3463763899934746,0.7056446552863008,0.869056970706864,0.939995408496404,0.8007833956416905,0.6202102774270895,0.42267145625525165,0.3977459256227948,0.41071254395147416,0.41071254395147416
Nematodes_18,wormbodies_nematodes_1_00_softmax_pu,0.05650031747986957,0.6750125138325512,0.7979584347131482,0.8888089604332651,0.9660213740650522,0.9831844068519465,0.07544459995429614,0.09933694172476261,0.15306778135725224,0.39770890359222383,0.7612325400820492,0.877155763657085,0.6500390222646583,0.4389642303202932,0.2075550146187039,0.17262676360682422,0.41525183702841,0.41525183702841
Paractinolaimus_1,wormbodies_nematodes_1_00_softmax_pu,0.17393134568471666,0.6250376661009593,0.7712189135318168,0.8801785035621638,0.9647996159474219,0.9829824048515098,0.23918472193898688,0.31529051488112314,0.457157567006449,0.7955312380318421,0.8971943006937463,0.9465999640769874,0.858836997580115,0.7135666114341295,0.4783474598192221,0.4432377934033002,0.45748836740994664,0.45748836740994664
Filenchus_5,wormbodies_nematodes_1_00_softmax_pu,0.07741958221945297,0.5830697573971936,0.7626736829801246,0.8801304326535575,0.9652632816965547,0.9824797266847658,0.0984332931712031,0.11816661296032802,0.15072283914459797,0.25517997494956735,0.6296938240427213,0.7627583858201845,0.5065539518253446,0.32363890684125907,0.22565182166347944,0.18193507772633094,0.21588509511981552,0.21588509511981552
Nematodes_95,wormbodies_nematodes_1_00_softmax_pu,0.06564906487214096,0.6787566519305379,0.7967088429017947,0.8879701096047734,0.9651408335729755,0.983176875076208,0.09008038825422374,0.1214738224638853,0.19304525017156252,0.5166241851401783,0.5836220368436342,0.9233768685490444,0.7865922408638856,0.475714737237584,0.3121754261711536,0.26435517624079796,0.3586883185890464,0.3586883185890464
Nematodes_20,wormbodies_nematodes_1_00_softmax_pu,0.0657323921098406,0.6804006913899922,0.7957820426194993,0.8888743573225666,0.9659084702211065,0.9830348108325273,0.08812130766261037,0.11658917951592619,0.18078167083930793,0.476208185099057,0.708774555636644,0.9102375109713283,0.7189933657899776,0.5553037336110349,0.3086290087256476,0.23266098179186984,0.4315902639747676,0.4315902639747676
Plectus_9,wormbodies_nematodes_1_00_softmax_pu,0.05552930829015374,0.6297652413403614,0.7571450330650663,0.8682815087330373,0.9625416032841535,0.982045560057349,0.07443378496044903,0.0981393235933511,0.1514170591121554,0.4046781665781466,0.4818956862325644,0.951883763411831,0.8564979027812578,0.5847242543662949,0.29890305292918135,0.23919978787073973,0.4124071915058308,0.4124071915058308
Nematodes_11,wormbodies_nematodes_1_00_softmax_pu,0.03988114334244525,0.6758131240872001,0.7932811962226781,0.8853366594835375,0.9662596605918214,0.9828417731588835,0.05075654279096172,0.06383167521233728,0.09238538179099179,0.22419558029899198,0.6651953705307723,0.9039932498002353,0.602728850416968,0.4584624922644485,0.23564044262983974,0.1623656288222205,0.37364779022672506,0.37364779022672506
Desmoscolex_1,wormbodies_nematodes_1_00_softmax_pu,0.030021708724209503,0.6247344790174009,0.77130801083423,0.8804598642473555,0.9632029594276303,0.9826193681637515,0.03533178439177874,0.04064496178336511,0.05125445151424078,0.09578829851909546,0.40394419492818395,0.7495019768502913,0.4784102598237299,0.298759138130463,0.14457663136302631,0.11384952823050797,0.2649653543976069,0.2649653543976069
Nematodes_100,wormbodies_nematodes_1_00_softmax_pu,0.06269195173325745,0.6822792628309943,0.7988779892103888,0.8872612604798985,0.964902864744351,0.9828145149893598,0.0833427274584448,0.10964631809928008,0.16913153036009035,0.4413788374804532,0.8994933356558871,0.9447169857966615,0.6763696876618362,0.43882543625692805,0.24791197791299915,0.17844006268240778,0.5761130255077863,0.5761130255077863
Nematodes_57,wormbodies_nematodes_1_00_softmax_pu,0.04589238354858002,0.671441611685012,0.7988017897155014,0.8914706063554401,0.964837686710485,0.9829936504043223,0.06071281026775104,0.07867658847045048,0.11804137742225311,0.2991493143107112,0.6315879354411652,0.9501829732328702,0.7590500806925649,0.6303886655824668,0.42310904029728136,0.32105402587930826,0.3775170165496027,0.3775170165496027
Longidorella_1,wormbodies_nematodes_1_00_softmax_pu,0.09441876037228433,0.6638332781349238,0.7928099515031731,0.8887838058034062,0.9650252152046737,0.9828800500025423,0.12874844339682676,0.17272674938987573,0.2710895387700179,0.6383384952319615,0.7616173589512646,0.9618007590225666,0.9005050823044864,0.7305764189661781,0.520799564680186,0.4303333644053955,0.42355759487284855,0.42355759487284855
Chromadorina_4,wormbodies_nematodes_1_00_softmax_pu,0.22010343738384167,0.733385907693927,0.8155018932105494,0.892593089192274,0.9659401534632901,0.9830635423883906,0.3089280522221756,0.4257140786890564,0.674884098457522,0.9526125976890526,0.8885730582954686,0.9738238141898019,0.9165051064260229,0.8610685435253924,0.8278807166117379,0.8051028919368,0.5175210936312843,0.5175210936312843
Nematodes_136,wormbodies_nematodes_1_00_softmax_pu,0.11411736292924295,0.6830624500285685,0.8029630305469111,0.8925136369211034,0.9660680818964523,0.9831872327766007,0.1566049827810978,0.2114686828625021,0.33507506236896123,0.7487107934810721,0.9286055244737101,0.9669842688243425,0.8864332062554213,0.5877611416652858,0.3622558099704439,0.30137187896905426,0.5481224566393764,0.5481224566393764
Euteratocephalus_2,wormbodies_nematodes_1_00_softmax_pu,0.1695440409536981,0.6400003642623857,0.7740846139222874,0.8821396699513601,0.9644942058508755,0.9828982734580959,0.2347690392417353,0.31508504326094855,0.4741032578719436,0.8240088484547742,0.8644158846392704,0.9790834796292068,0.9289342733633191,0.7643716918307137,0.5921939405581704,0.5146350094193872,0.5106950412537684,0.5106950412537684
Nematodes_14,wormbodies_nematodes_1_00_softmax_pu,0.05485941802268979,0.6693299094635232,0.7940223049135504,0.8889989899379643,0.9648642768695811,0.9828673930428694,0.0722951027714903,0.09384253705186024,0.14117816095670663,0.3522844672792873,0.6585797964054199,0.9374387002201091,0.7705121601485508,0.5121722633767258,0.2508400539620855,0.22088681466558024,0.38999629737742214,0.38999629737742214
Nematodes_82,wormbodies_nematodes_1_00_softmax_pu,0.04364469758036524,0.6698025101237323,0.7931625774224661,0.8887326668545933,0.965495992608672,0.9830933785178226,0.05849216080729595,0.07711218279401297,0.11893552169300502,0.3161969424510132,0.618231897330522,0.8686092612447618,0.5899096185239777,0.3566476313737442,0.16781942269075323,0.1271743132150029,0.35757169436715686,0.35757169436715686
Diplopeltidae_1,wormbodies_nematodes_1_00_softmax_pu,0.033894177612084686,0.6360095779714277,0.7788320527063769,0.8845377486912928,0.9644349660163123,0.9822025453214686,0.04263892352746376,0.0527765367503958,0.07437094080936021,0.17240731392186825,0.388637123149182,0.5826677369249356,0.42208678031335656,0.33218926177497027,0.16953239043648036,0.1351841491642289,0.2125314548132862,0.2125314548132862
Nematodes_77,wormbodies_nematodes_1_00_softmax_pu,0.06460866335233259,0.6727655070024099,0.7945382827992503,0.8879970796299858,0.9655029460349144,0.9832666328035856,0.08963282660414365,0.12186317391768847,0.19491841038751032,0.5071363335197948,0.6418156800336445,0.7074343851077148,0.47266216658831334,0.267338319730815,0.13503114221375354,0.11666187343450297,0.32860886514254356,0.32860886514254356
Theristus_1,wormbodies_nematodes_1_00_softmax_pu,0.1826752310821688,0.6848216713249156,0.7989085058942793,0.8890188490267301,0.9649506746665387,0.9829564346860779,0.2558962104632295,0.34992703836061856,0.5421359337929408,0.8970490080227157,0.901765339576317,0.9674799873176235,0.8873672319397272,0.7044753776547233,0.5071703320876718,0.46837400994448697,0.5347784969548477,0.5347784969548477
Plectus_7,wormbodies_nematodes_1_00_softmax_pu,0.060204377680122066,0.5948473528054583,0.7519148845612186,0.8763454760453576,0.9660584889782862,0.9827458172306801,0.07810247379196761,0.09856106225613998,0.1397094277893656,0.2996182387510326,0.5143184926821577,0.7813853580824116,0.48293367400093534,0.3020143597134318,0.17198685482645018,0.15510592758608466,0.269700067610664,0.269700067610664
Nematodes_53,wormbodies_nematodes_1_00_softmax_pu,0.05755605688716672,0.6816106550618719,0.7988693485252083,0.8890376249468548,0.9661206583761491,0.9832224130702392,0.07862491540304783,0.10561936847337361,0.16701783383098784,0.4582590952376611,0.6271864100070699,0.9058131583878584,0.8193980254614894,0.6407297518700302,0.40474614578697443,0.33494613773388143,0.38812617281637535,0.38812617281637535
Nematodes_48,wormbodies_nematodes_1_00_softmax_pu,0.041893779502306924,0.6482731358487812,0.7888744494440533,0.8877889478789172,0.9662292768304755,0.9835442480300092,0.05251750633521935,0.06489090061386789,0.09114487638251285,0.2031140365766203,0.856840650846594,0.8478225297781076,0.6111819139362439,0.4274318337155229,0.18276636012929404,0.13518904201911833,0.518080707995425,0.518080707995425
Nematodes_128,wormbodies_nematodes_1_00_softmax_pu,0.0781375838786156,0.6735702522277461,0.7936921861716707,0.8869840450472563,0.9647488753528841,0.9824660558974775,0.10616587880934171,0.1419596567393518,0.22277146144989052,0.5620191839824465,0.8981490725911633,0.9773094794454703,0.9130239012179376,0.5693090796437115,0.2379840989512396,0.21252977223228614,0.5514842427457565,0.5514842427457565
Tylencholaimellus_2,wormbodies_nematodes_1_00_softmax_pu,0.19790744260615697,0.6711167705095352,0.7908668679719564,0.8868983347765276,0.9655457742261357,0.9827476964729556,0.27701426856588707,0.37783639014481946,0.572932847219394,0.9015396100511611,0.9139253411209038,0.9738546704571068,0.9004243551530198,0.736575689331153,0.5074698684507295,0.4197673546779781,0.5635764612239241,0.5635764612239241
Achromadora_1,wormbodies_nematodes_1_00_softmax_pu,0.27758884902456205,0.6916628546007405,0.7928069282422546,0.8831386373148951,0.9646197038602016,0.9827250999060371,0.3903904232758302,0.529837553461797,0.7414574923862988,0.9536525786649547,0.9057909864365469,0.9780611003840153,0.9197015990851278,0.8268599003680549,0.6730969732019577,0.6276116976548944,0.6708982340154451,0.6708982340154451
Desmogerlachia_1,wormbodies_nematodes_1_00_softmax_pu,0.030997476211016874,0.6405757467403193,0.7795726297052687,0.8844930562258015,0.9646886168564358,0.9824841762800302,0.03765510031242069,0.04477196418774518,0.05931402695512641,0.12277912124239355,0.32186259601228395,0.7229197186042022,0.48249485217869986,0.23352035409764732,0.11936828321876967,0.09444872562425773,0.188501776778476,0.188501776778476
Nematodes_145,wormbodies_nematodes_1_00_softmax_pu,0.10262262312308204,0.6847407046575519,0.7977004674139617,0.8885656324710015,0.965331037749497,0.982752283066661,0.13968254628270887,0.18724117420498793,0.29408217459470276,0.6900199948685085,0.8122912055981176,0.9602619915492007,0.8022176111263488,0.5336900325657252,0.3037047936359548,0.26115276684665684,0.4811997960130904,0.4811997960130904
Nematodes_73,wormbodies_nematodes_1_00_softmax_pu,0.058302525010150416,0.6638445179542699,0.7883367700590513,0.8867975677025332,0.9645525060693342,0.9828539638956886,0.07986062156761405,0.10741585930582025,0.16976247262798458,0.44757664267444147,0.8568729049485837,0.9749483528494324,0.741810848075851,0.42486609241662593,0.19175737266819656,0.16748898293986242,0.5154296566234614,0.5154296566234614
Syringolaimus_1,wormbodies_nematodes_1_00_softmax_pu,0.03878775770162388,0.5893445485932735,0.7626768901883308,0.8786023042389814,0.9651407612852841,0.9821837135887889,0.049664263221602896,0.06255381623072702,0.09017009792976124,0.21598421455223227,0.3105448952203404,0.8072832006742212,0.5409282294834992,0.31424691474841493,0.16604694554581276,0.13810676054103582,0.22509043376502594,0.22509043376502594
Microdorylaimus_1,wormbodies_nematodes_1_00_softmax_pu,0.08516901376155031,0.6777451948130946,0.7946186578816625,0.889812951680706,0.9662994359774357,0.9833409035384902,0.11776940455268116,0.1595286967637452,0.25427103983728305,0.6357835562898396,0.6928194894483235,0.978570810525857,0.9628869315774641,0.8562097800312887,0.6094614378519565,0.5016253979996583,0.4323748377968059,0.4323748377968059
Nematodes_124,wormbodies_nematodes_1_00_softmax_pu,0.05061020724558141,0.6885594371817971,0.8018627095273567,0.8911331751787971,0.9651162027864765,0.9823318713725462,0.06697526729982892,0.08771309746812236,0.1347688963027163,0.3585076090435888,0.8973170698547991,0.9552585561820102,0.7822416142868888,0.3952772565808413,0.21080836384364843,0.15365976444799467,0.5610238870854146,0.5610238870854146
Nematodes_101,wormbodies_nematodes_1_00_softmax_pu,0.0742526525648123,0.691962741584726,0.8054736888867317,0.8935807508036089,0.9664554796686318,0.9832205607043945,0.10082772126631138,0.13510433241376554,0.21334777115533948,0.5581859520227298,0.8641671245660522,0.953051698023797,0.7685312036274696,0.5082982668798072,0.22676463476885778,0.22579898645334734,0.5024299774278893,0.5024299774278893
Scutylenchus_3,wormbodies_nematodes_1_00_softmax_pu,0.07249771998036411,0.6325304485357549,0.7773212246560316,0.8842033397667156,0.9660572889499367,0.9831057384007446,0.09702689811197514,0.12802521743715067,0.19737796702278623,0.47576762921114146,0.8679621023781527,0.9712489217578747,0.8079261048223175,0.6059927683587314,0.3768250130823002,0.35305342288259267,0.34936929332713373,0.34936929332713373
Chronogaster_1,wormbodies_nematodes_1_00_softmax_pu,0.03610269383656521,0.6642226174474841,0.7864455757141492,0.887155435012839,0.9637695243002472,0.9819660724799052,0.04671563955812626,0.05944440682734873,0.08738269270627765,0.21681430946548752,0.5694208213623433,0.9339739652530511,0.6797890298236208,0.3999432980420927,0.1881728534028183,0.1313949027489393,0.2096829940883275,0.2096829940883275
Paractinolaimus_2,wormbodies_nematodes_1_00_softmax_pu,0.16879148669702151,0.6472869858245924,0.7788061644926947,0.883217861017646,0.9648920632519645,0.9828130102670489,0.2333615265373458,0.31368257171725056,0.4711157632025484,0.8264109481806602,0.8900879687378115,0.9721150461656246,0.9328297584424895,0.775962404528032,0.6382070146925319,0.5608956639271869,0.5317765882954819,0.5317765882954819
Nematodes_67,wormbodies_nematodes_1_00_softmax_pu,0.06140777933975357,0.6967261036907446,0.8072333535866028,0.8907608078379714,0.9660696425095342,0.9828751018914915,0.08338604917562993,0.11139623180729362,0.17495031724684237,0.4754163043599521,0.6923149433911105,0.9600370812375348,0.919853985817773,0.8396288692463618,0.5110672236915748,0.3642969726789337,0.44143988632188447,0.44143988632188447
Neopsilenchus_1,wormbodies_nematodes_1_00_softmax_pu,0.09935326654887235,0.662823045706615,0.8057265940661911,0.8938982757594732,0.9662206588708904,0.9830770758709872,0.1256373965335713,0.1527003232694901,0.20374746904374927,0.39198723302750127,0.886681951326583,0.94196497230222,0.6834570097894443,0.3928390538184338,0.2533136798296474,0.21679207562214592,0.57643625930071,0.57643625930071
Seinura_2,wormbodies_nematodes_1_00_softmax_pu,0.09192178250972872,0.5294433843819846,0.7210316466661032,0.8635463310181165,0.9607759690658562,0.9816761353967176,0.1217056556770479,0.15503571393756443,0.21765730163783034,0.4086124893104407,0.7665244424352922,0.9435647162244494,0.773849500431522,0.4917938549420276,0.3336976984652879,0.27011765115853364,0.23229799295044043,0.23229799295044043
Nematodes_123,wormbodies_nematodes_1_00_softmax_pu,0.045234482284334195,0.6704974965791198,0.7923341033638126,0.8833724154301454,0.9644755249788266,0.9825261274075816,0.05900269463376485,0.07612837460397279,0.11446742783324333,0.2942381705764331,0.816245092122141,0.9067208398234498,0.6074233571508422,0.3065712412433904,0.14641897523194541,0.1130193551181831,0.4334727924160095,0.4334727924160095
Mylonchulus_1,wormbodies_nematodes_1_00_softmax_pu,0.13420659790180867,0.6525143280732667,0.7677307612966119,0.8739799273421286,0.963394768748404,0.98223391281554,0.18539103389163528,0.25163200397096597,0.4017068160712337,0.7914157104408835,0.5987051953247512,0.9642751103967998,0.9207899424910359,0.8440224317321804,0.6542035470563125,0.5788590511322542,0.5020750891963859,0.5020750891963859
Eumonhystera_2,wormbodies_nematodes_1_00_softmax_pu,0.1695163824607167,0.5616774638458438,0.7384526152505335,0.8694622965869649,0.9639258524079822,0.9825578241801942,0.2290366156057311,0.29680601192393896,0.41681475853856176,0.700013699680659,0.9143227897401014,0.9695658668598274,0.9012612454660747,0.6603383002332063,0.46149027123880515,0.43555859870977004,0.5173002287072145,0.5173002287072145
Microdorylaimus_2,wormbodies_nematodes_1_00_softmax_pu,0.128443252654839,0.6472259421957548,0.7848983582156299,0.8848622684186707,0.9654401142182514,0.9829491709146368,0.17670206603786698,0.23709545424803768,0.3647245660829723,0.7331489504670201,0.867618341386458,0.9654560533465204,0.8585977602805914,0.737497444160809,0.5379560933475155,0.45805645468028017,0.4128523807196798,0.4128523807196798
Helionema_2,wormbodies_nematodes_1_00_softmax_pu,0.10041261543175783,0.5957698498932992,0.8042087376962258,0.8909046481409707,0.9661247695973916,0.9828606868973592,0.13680028256638732,0.1770724700836034,0.2497219043623205,0.4626520537329069,0.664262335580456,0.9527418781575736,0.7968135981758243,0.529774054494066,0.3059408797213713,0.2693008900847181,0.3862183862730744,0.3862183862730744
Aphelenchoides_9,wormbodies_nematodes_1_00_softmax_pu,0.028662369365880482,0.6517111205114593,0.7941922741753861,0.8895737228321784,0.9634978995384139,0.9831769477845786,0.03440270338697864,0.04058577338620208,0.05352963413308116,0.11116106624666765,0.4128426819949407,0.926866125232419,0.5601701749993443,0.19372648292099603,0.1135019544941413,0.11545290810282224,0.201489269466319,0.201489269466319
Nematodes_131,wormbodies_nematodes_1_00_softmax_pu,0.07251363685427326,0.686895675963534,0.7971397966527426,0.8853054464440583,0.966245429854849,0.9830923238822616,0.0975584069947398,0.12971432796584548,0.20268712623717317,0.5254459324833681,0.8623205736757197,0.9171270688916586,0.6668088424042565,0.36696305422413933,0.19921609581901226,0.15232677601508268,0.5097462351752831,0.5097462351752831
Nematodes_91,wormbodies_nematodes_1_00_softmax_pu,0.050943610786465254,0.6813126196995166,0.7974413647440832,0.8892890238447485,0.9644762842568385,0.9822181648275113,0.06917459007066068,0.09236296739051855,0.14477756044280202,0.3927348128348497,0.5797171139441273,0.9207533076066625,0.7270472129820371,0.5040365255180816,0.2483729661817409,0.1855756858509681,0.35246288586164315,0.35246288586164315
Nematodes_62,wormbodies_nematodes_1_00_softmax_pu,0.03695449322285286,0.6128905312250682,0.7667810054235722,0.8753198000710165,0.9640650791780206,0.9825622070883984,0.046340069362640936,0.056476046312844995,0.07740847685852088,0.16569599749686684,0.7405462919731541,0.8680659869687777,0.5438366142211004,0.2763724505749893,0.13480225529444056,0.11027712474477848,0.37350659656864327,0.37350659656864327
Nematodes_118,wormbodies_nematodes_1_00_softmax_pu,0.048096780875219645,0.6965783904115411,0.8081391039141113,0.8935631855675812,0.9667101826093041,0.9830182326054968,0.06314568745090453,0.08202826626782753,0.12471656637449673,0.33023768401359516,0.8151172114731527,0.9376421341982484,0.6873725995464476,0.3891952778578518,0.19638049941792912,0.16642339996499303,0.4658420178906878,0.4658420178906878
Neodolichorhynchus_3,wormbodies_nematodes_1_00_softmax_pu,0.11043136990837157,0.6097734182098459,0.756183856076547,0.8737464571090802,0.963410984760439,0.9825915452805299,0.1524228424292631,0.20595529906641533,0.32135591482289,0.6544097436134731,0.7344947649757405,0.9557391836276345,0.8373433603416724,0.6308963219844138,0.3921076091778306,0.3213419613186011,0.3895230897479286,0.3895230897479286
Setostephanolaimus_1,wormbodies_nematodes_1_00_softmax_pu,0.03630008162880847,0.6418467612693458,0.7844469892833001,0.8849184323548077,0.9642449071163508,0.9823555472976806,0.04504991479543432,0.05544914987184752,0.07824339206184701,0.18441824674024682,0.5170774625617448,0.7921100816067752,0.535037836558236,0.4471599824914137,0.3173613546632419,0.2643044732241871,0.31314541727668455,0.31314541727668455
Nematodes_38,wormbodies_nematodes_1_00_softmax_pu,0.04509828688334212,0.6247912080787341,0.7796115262774778,0.8837067913143754,0.9646780638336617,0.982694091975628,0.05392026505941395,0.06293453397060329,0.07986955300723025,0.14450788381903104,0.8450119567373038,0.874378064983694,0.6394188557339661,0.4265579686936444,0.19998952190151684,0.1640141192099709,0.51848004491037,0.51848004491037
Tylenchus_1,wormbodies_nematodes_1_00_softmax_pu,0.08189373963899776,0.6036735210989593,0.7596677639232579,0.8765842620462844,0.9644711344677526,0.9826110123823489,0.10998953265243051,0.1430788793392306,0.20943759476806623,0.4485941477769314,0.6213810624973193,0.9657468975069606,0.9361750440955161,0.6647540375708367,0.34931430827119875,0.27877901840772357,0.22678571472300219,0.22678571472300219
Nematodes_90,wormbodies_nematodes_1_00_softmax_pu,0.10034063134915122,0.693458037411319,0.8039170729460984,0.8916077975451504,0.9655566909928975,0.9829723306144105,0.1396863657832244,0.1909356240826836,0.3082506876695716,0.7344248941427238,0.6467807490230835,0.9867511472559681,0.8578896059416299,0.7368427178681887,0.44303511341570834,0.3708282135673855,0.40083654798324325,0.40083654798324325
Paraxonchium_1,wormbodies_nematodes_1_00_softmax_pu,0.06671650804364888,0.6522827699066922,0.7733470412014106,0.8766942200120907,0.964284234809275,0.9826415283021218,0.08548492926125666,0.10803805382241766,0.15612838314751626,0.3634884998800264,0.588878621329978,0.8658037538366389,0.7511768583266007,0.501009510772735,0.2585805666666759,0.21407995012787506,0.4351208485759676,0.4351208485759676
Radopholus_2,wormbodies_nematodes_1_00_softmax_pu,0.04771286090341013,0.5926191449214476,0.7781897529968602,0.883591426346331,0.9660487104217729,0.9828700272143165,0.05788761668744284,0.06868112851818382,0.08948550900910392,0.1683507977199206,0.3955115221546865,0.7735637343813159,0.41083979616617805,0.262204741092732,0.14153946986659682,0.1162129780147833,0.2339450730809823,0.2339450730809823
Camacolaimus_2,wormbodies_nematodes_1_00_softmax_pu,0.10432853450277718,0.702802098557554,0.8097328712837332,0.8925265590659806,0.9661899439813203,0.9832131329055408,0.1443631167902029,0.1960825232577093,0.314270985941424,0.753880508646433,0.6989483374738418,0.9739046094893944,0.874581174559558,0.6962468693348501,0.38138101994401835,0.3346895676689567,0.43598609376551833,0.43598609376551833
Filenchus_1,wormbodies_nematodes_1_00_softmax_pu,0.05316030294001284,0.671299490309219,0.7938065004591282,0.8880110035167408,0.9654481178416481,0.9827421946846483,0.07100707558713074,0.0924393652104715,0.1390882263583632,0.3428258803951326,0.7196815085846056,0.9463848464574613,0.8774028897739314,0.7258361551849069,0.38165801125901305,0.25177606239218364,0.31186402755146303,0.31186402755146303
Cephalenchus_1,wormbodies_nematodes_1_00_softmax_pu,0.07718475733627611,0.5934824686788261,0.7520240287014887,0.8752083663278842,0.9652418222632424,0.9825226352170846,0.1032547434636973,0.13615103246238092,0.20810189585649203,0.4725349586549942,0.8918134055086693,0.974494800202577,0.9084747945693149,0.5930768119936262,0.33586364899706944,0.2579011236098634,0.34367796478341567,0.34367796478341567
Bathyodontus_1,wormbodies_nematodes_1_00_softmax_pu,0.1520687459034547,0.5939997178058034,0.7452867747287433,0.8685507409778817,0.9628271865670952,0.9825937072750881,0.21033179224331264,0.2829784318471342,0.42323922199778363,0.7388653939166688,0.7716668176475768,0.9639879079689915,0.7833078903838865,0.5629439927255042,0.41356551012907367,0.3737745435095534,0.42692799017739347,0.42692799017739347
Chromadorina_1,wormbodies_nematodes_1_00_softmax_pu,0.04900946168491595,0.6040274115681075,0.7518402299476431,0.8728227346547318,0.9627819504534945,0.9819952746441307,0.063409525719312,0.08127958794316675,0.12107620064609444,0.3070250371871506,0.420054688283688,0.8540834745562043,0.5533646441610304,0.39366306497554654,0.2414302734771901,0.19642875065313814,0.3204099737695925,0.3204099737695925
Nematodes_44,wormbodies_nematodes_1_00_softmax_pu,0.0458389829145254,0.6039769412048553,0.7623451872455324,0.8767995527224172,0.9638538399809407,0.982487747472192,0.056180768684569206,0.06773992806656046,0.09046925423098102,0.1822605581900843,0.9405159553393334,0.9040679945351918,0.7492492165011856,0.38780984180909855,0.21403257630101924,0.1583729434436796,0.7112463896815873,0.7112463896815873
Metachromadora_1,wormbodies_nematodes_1_00_softmax_pu,0.0887384789202245,0.6706306640237061,0.7819222821126931,0.8790674222938912,0.964286388212558,0.9827666697612271,0.12133949564194602,0.16301795621609247,0.2574088461596455,0.6555399101478546,0.5593981999324967,0.9754076600357857,0.9375133847611378,0.7733719704236711,0.5478744838388456,0.45886034164564243,0.4775863513547221,0.4775863513547221
Anomyctus_1,wormbodies_nematodes_1_00_softmax_pu,0.05553659410278185,0.5819593521763802,0.7556765734472418,0.8759042455255495,0.9657234804156942,0.9828599306702932,0.07346932325517033,0.09316610409641327,0.13109071675203776,0.26894534621600086,0.45633345282873294,0.8004678263954489,0.5104456161518415,0.27998558184968947,0.15427610139941358,0.13193032083848696,0.22635202397756618,0.22635202397756618
Plectus_5,wormbodies_nematodes_1_00_softmax_pu,0.3169343981728673,0.704402739193567,0.8066080232620569,0.8908193294924439,0.9657126600577775,0.9831281858595624,0.44440360458964845,0.5943227896656265,0.797710971376996,0.971801621206651,0.9596784448670939,0.9820711527809496,0.9339773508390223,0.875092119738375,0.7571254237327046,0.7058980423137475,0.7064201789920524,0.7064201789920524
Nematodes_66,wormbodies_nematodes_1_00_softmax_pu,0.13320187630128855,0.7153292065268421,0.8120416974940295,0.8932458777655639,0.9655104983559093,0.9829628967168886,0.18637438164894093,0.2558632875372583,0.41528865117692,0.8604959623135988,0.7708392167055809,0.961717347436898,0.8894536038897582,0.8211933399925933,0.7142786452106452,0.6447942193510635,0.5019845945438548,0.5019845945438548
Nematodes_162,wormbodies_nematodes_1_00_softmax_pu,0.050175022669243584,0.6821157134308337,0.7990363491229368,0.8895861820023029,0.9663195131244954,0.9834827141075285,0.06650722670727714,0.08694082583339255,0.13273779355099913,0.3513075582988738,0.6919671724332636,0.9126002116385782,0.7742010949373845,0.5486133479395954,0.3540157650990154,0.2638376092318596,0.42538974326473905,0.42538974326473905
Nematodes_8,wormbodies_nematodes_1_00_softmax_pu,0.04851108810774191,0.6589711319712674,0.7889302801145134,0.8871166769870928,0.9658120398170721,0.9827359840525857,0.06379127414979816,0.08258455157145585,0.12363705691539012,0.30630608124622244,0.5802161885703333,0.811117874407873,0.5871231872904092,0.41085311029137417,0.22264844785308477,0.1693071873995666,0.3546143776880446,0.3546143776880446
Nematodes_143,wormbodies_nematodes_1_00_softmax_pu,0.055048830318925414,0.6940940177012347,0.7997062139834121,0.889797606715001,0.9647743066605725,0.9826816702178871,0.07298907540165163,0.09576916211501726,0.1477100096506153,0.3984181713605731,0.7926226911616621,0.9549823787020357,0.8525204050743583,0.7298245083645094,0.4877975005516476,0.36962537327104167,0.531346904190148,0.531346904190148
Eucephalobus_1,wormbodies_nematodes_1_00_softmax_pu,0.3370387490438373,0.7075402402958788,0.8076110422442292,0.8920595208853938,0.9660747284166278,0.9831927702890945,0.4717829457171308,0.6239401874098496,0.8193563439804067,0.9759771919691529,0.9426301668989383,0.984936976224556,0.946188050310966,0.8742707976576517,0.7800269508472222,0.7278175555996594,0.6553799163783784,0.6553799163783784
Leptolaimus_2,wormbodies_nematodes_1_00_softmax_pu,0.026115937694782505,0.6649200395053189,0.7931547858766089,0.8851775490669973,0.9668401665805315,0.9844532988220758,0.031253804953163655,0.03641087684471576,0.04669672522744721,0.09143713013929296,0.3398905651532806,0.5183568006617021,0.2545372654550408,0.16235913227175885,0.09599768621746423,0.0850746902414597,0.16330222920535453,0.16330222920535453
Chromadorid_1,wormbodies_nematodes_1_00_softmax_pu,0.06144426311364246,0.596236485357493,0.7729940510389879,0.8859229287937604,0.9648233319957414,0.982277611352992,0.07958957560812595,0.10133989542069402,0.14744909649998153,0.33359554245451006,0.3679625999776133,0.9148004037492443,0.6073041541146231,0.39335924252854854,0.22285414472268555,0.18547963096040235,0.27887714604064495,0.27887714604064495
Diphtherophora_2,wormbodies_nematodes_1_00_softmax_pu,0.19913723940376388,0.6309783360878354,0.7684060146286241,0.8766320681884999,0.963999616797406,0.9827894337231767,0.27593119711030784,0.3682543523725591,0.5339529199496916,0.8526133584465199,0.9173039644338694,0.9839674223104906,0.8811662619190416,0.6335928486402093,0.4163501425494479,0.36951126021508435,0.5322246363741598,0.5322246363741598
Rotylenchus_2,wormbodies_nematodes_1_00_softmax_pu,0.0730665404279021,0.5357202501366283,0.7112074051727989,0.8600031304626629,0.9613801032877354,0.9820759444160441,0.09453015648464312,0.11879118503768844,0.16696227746798198,0.33324992172423307,0.9008113208280151,0.9334711971909112,0.7285906506711594,0.598709782649167,0.2495874639515739,0.1847082370370874,0.45165482721611266,0.45165482721611266
Punctodora_2,wormbodies_nematodes_1_00_softmax_pu,0.043240524288219784,0.6185599983999618,0.7714914836686738,0.8814547576189409,0.9628896288443178,0.9834260158456715,0.05782764507644541,0.07542054305679759,0.11408673542341383,0.2924338682702919,0.4946939739510946,0.9386569057908787,0.8350088090960365,0.4471135038088445,0.22997360951563364,0.18394993471616333,0.283464845230029,0.283464845230029
Panagrolaimus_1,wormbodies_nematodes_1_00_softmax_pu,0.02626095448346653,0.635208689262028,0.7892574661186783,0.8928439948951808,0.9661213637729414,0.9828917250378226,0.033879913039865095,0.04173021635215486,0.05559696343411306,0.10971784442681028,0.19826335719928082,0.30569249574016966,0.21483718023146067,0.15134640695553095,0.08133759497465971,0.06548137565129383,0.10532489937361361,0.10532489937361361
Scutylenchus_4,wormbodies_nematodes_1_00_softmax_pu,0.04890101231694872,0.6241486596903512,0.7776578467270621,0.8840408317748284,0.9643685510143313,0.9824892337328209,0.06485567473251672,0.08464345933592875,0.12888424525624478,0.3263387736160901,0.5332299272692645,0.9347369692933003,0.6785646615367164,0.38531032978368635,0.22086805230293205,0.18983430021970177,0.24282684800542725,0.24282684800542725
Nematodes_37,wormbodies_nematodes_1_00_softmax_pu,0.03908869180671956,0.6294050682353719,0.77894479182292,0.8820039188402506,0.9627063905707074,0.9821590628408762,0.04808606548199894,0.05717441229961477,0.07476592985970903,0.143571010477829,0.7367104949675863,0.7690722382661009,0.49660050780712717,0.32197214469383195,0.16998967077123606,0.15286764686681104,0.3681818304665711,0.3681818304665711
Dorylaimoides_1,wormbodies_nematodes_1_00_softmax_pu,0.044002522546520005,0.6176196686688923,0.7644903515041815,0.875963527197416,0.9640708140304703,0.9830785891470541,0.057774153763167344,0.07408208889112955,0.1087594141218589,0.2618258542632634,0.33207820238587216,0.6574268864461285,0.4027754512601793,0.28407168660516185,0.16850901649039135,0.14116090375422347,0.2384449039027896,0.2384449039027896
Nematodes_34,wormbodies_nematodes_1_00_softmax_pu,0.04062727956102532,0.6658693131152001,0.7951659457052828,0.8848173885558331,0.9667350764307152,0.9829632154679255,0.05066492276846645,0.06170365433847701,0.08343601100697723,0.171417804018459,0.6488828813476876,0.907565947951264,0.6841523112535621,0.45223935659990927,0.20342751245588928,0.14560759202863252,0.37361323484521836,0.37361323484521836
Cephalobus_1,wormbodies_nematodes_1_00_softmax_pu,0.05737558096266898,0.6366667246197146,0.7760047312221819,0.8805724452377139,0.9639684632573452,0.9826464396621857,0.07609086702488688,0.09940191996757755,0.15098645258594695,0.377980368169288,0.5260373701117624,0.9381047163642307,0.6961254794518906,0.4335070070253947,0.23560204924351383,0.19106758756841444,0.3305707094200619,0.3305707094200619
Ecphyadophora_1,wormbodies_nematodes_1_00_softmax_pu,0.16620817784531242,0.6399302793994476,0.7825098227831495,0.8860053729302313,0.9651883848135218,0.9825405537022984,0.22619427535538522,0.2973517156786426,0.43652699541234385,0.7921960248382819,0.9172436202543072,0.9655571619469627,0.9197942519435621,0.8021421442187743,0.564208151885075,0.47665809307198104,0.5267605598555023,0.5267605598555023
Desmolaimus_1,wormbodies_nematodes_1_00_softmax_pu,0.03220440926640409,0.6486455505491203,0.7892919945579266,0.8908598226522612,0.9662124507129803,0.9834766887302209,0.03884626765936803,0.04616430477385124,0.06133715120499606,0.12645500700581555,0.40436590395429056,0.6914904222514968,0.37380810056553476,0.1769858077835369,0.09331719683946918,0.08757369089061792,0.1876262877788044,0.1876262877788044
Chiloplacus_1,wormbodies_nematodes_1_00_softmax_pu,0.057836781389608814,0.6641776242356939,0.7863591728165121,0.8840895407727583,0.9651840905580512,0.9827936802903947,0.0751399258520708,0.09632842509263778,0.142541047722478,0.3450121152072299,0.7072517726063698,0.8645758652126692,0.7450034268397787,0.4579056376286873,0.28357040701552255,0.2375349256742504,0.4468862567433046,0.4468862567433046
Heterodera_1,wormbodies_nematodes_1_00_softmax_pu,0.07086965340802309,0.6297675656163864,0.7808273041766647,0.8841883234106729,0.9650008019119591,0.9818506580475381,0.09167687359283076,0.11078240792345216,0.14119978228069238,0.23652560076546547,0.5903706070266634,0.9638133954533343,0.8506623390184557,0.6240508117836393,0.2362453521231359,0.17217334896455821,0.2226821432401013,0.2226821432401013
Nematodes_153,wormbodies_nematodes_1_00_softmax_pu,0.08465165961722629,0.6799524288721167,0.7975622377855057,0.8875097513527331,0.96566466722451,0.983096814815274,0.1148328782835965,0.1536714855714449,0.24152509121162774,0.598136176274103,0.8729304057365593,0.8841594501244413,0.6358884480361677,0.4603622319243815,0.2615993581488538,0.2265970139661503,0.5136911112803522,0.5136911112803522
Nematodes_161,wormbodies_nematodes_1_00_softmax_pu,0.054576802831585704,0.6887502567252883,0.8013197953831602,0.891263352418686,0.9660098743600396,0.9830742797844156,0.07175957856006182,0.09354528946396692,0.14279398875564964,0.37290517097796333,0.8833030900068956,0.9551244423910412,0.7704793725429494,0.4570999196598408,0.20473234475366678,0.16097788979493788,0.568664086915757,0.568664086915757
Mononchus_2,wormbodies_nematodes_1_00_softmax_pu,0.1401057417357017,0.695296033134094,0.7997812544549394,0.8879529159235415,0.9647036323519728,0.9827104987459387,0.19158020936063733,0.2567607007701275,0.3998930086662726,0.8245520354135625,0.7200365354318822,0.9513074688968375,0.8765377460435034,0.8044310114642925,0.5869217827325329,0.482551698936685,0.5331395139013467,0.5331395139013467
Crossonema_1,wormbodies_nematodes_1_00_softmax_pu,0.04871295876328847,0.62317108129292,0.7569926779603632,0.871910393986183,0.9637206881916938,0.9817247977335887,0.06436283016644595,0.08176292151040235,0.11565732595986637,0.25912815890681495,0.41869135723087225,0.8787318771630861,0.6508174185707715,0.4874578344612904,0.3154812020554588,0.26150232781416394,0.3389523722196197,0.3389523722196197
Nematodes_160,wormbodies_nematodes_1_00_softmax_pu,0.09088997177609714,0.6884221087759376,0.8005971918993545,0.8894188776984946,0.9658138837073675,0.9832294440362229,0.12294684837533497,0.1640876699672257,0.2567177224084472,0.631807921133817,0.9006058490578426,0.9585722585648204,0.6640977063441805,0.38408235361399706,0.21072364866234194,0.18058191661202105,0.6022641643005994,0.6022641643005994
Tylencholaimellus_1,wormbodies_nematodes_1_00_softmax_pu,0.09995781395866521,0.6608529686614412,0.7854678054287104,0.8843035447246778,0.9649016409404934,0.9830044145456555,0.13712153079622244,0.18509378329638002,0.2936811965264386,0.6795413489716859,0.6804850833532575,0.9644845104530976,0.8675078978385256,0.6063044639821201,0.3845539824860345,0.3245287741258015,0.437053194575747,0.437053194575747
Acrobeloides_1,wormbodies_nematodes_1_00_softmax_pu,0.0389668571008042,0.6362553130268512,0.7607841991275135,0.8705935603115609,0.9635123359360024,0.9827233354047555,0.05087177395124273,0.06551001621810608,0.09822917883877397,0.2555654563634882,0.4637736677906901,0.8529957784499983,0.6761885641196439,0.4326307571130428,0.23474264089072583,0.18952314811943305,0.37211939620123063,0.37211939620123063
Paramphidelus_1,wormbodies_nematodes_1_00_softmax_pu,0.12369698968897952,0.6455729274763291,0.7760865545203093,0.8800166622835278,0.9649281261456275,0.9827857386296552,0.17223129811916826,0.23476831136075935,0.37061163641437606,0.7472590666380627,0.7479591381705925,0.9532545102846531,0.8129822466913708,0.6631932384329725,0.4088668842111111,0.3149686808789228,0.4957079440637155,0.4957079440637155
Nematodes_56,wormbodies_nematodes_1_00_softmax_pu,0.044568193577704814,0.702934114755188,0.8044911829184536,0.8892014274564404,0.9645128631054883,0.9823803177943089,0.05868606457391151,0.07621057466211256,0.115643691858622,0.3054034316923479,0.6543005649410185,0.9385568118880765,0.8898087942303828,0.7034513875749291,0.43537045079325537,0.32387051612876794,0.44143232250900455,0.44143232250900455
Paraphanolaimus_1,wormbodies_nematodes_1_00_softmax_pu,0.04834790469218032,0.6620962565604606,0.7916304201727355,0.8872704949978591,0.9652089087428755,0.9831218365099987,0.06521374621265592,0.08509957889758347,0.12725963883954425,0.3123554438224282,0.5366923345723401,0.9519137154803485,0.7181987518960998,0.4367606448016151,0.20808268827862977,0.15394421477052625,0.157427421928919,0.157427421928919
Nematodes_27,wormbodies_nematodes_1_00_softmax_pu,0.055087200885213926,0.6728100028633868,0.7986231786736472,0.8893761518557385,0.965145726461526,0.9831539148925538,0.07201365950209636,0.09171584761096159,0.13243820758996963,0.30944879355567706,0.7383849570025055,0.8837391885892698,0.7336367819809877,0.43355261354346486,0.22678636948280395,0.2286776371389926,0.4047850165097791,0.4047850165097791
Nematodes_23,wormbodies_nematodes_1_00_softmax_pu,0.04596781117749513,0.6487468851401829,0.789755233680881,0.890976796807834,0.9664079421542711,0.9829283972052425,0.05959503157963633,0.07596957005326722,0.11056191969582603,0.25960615396160464,0.7496708812064008,0.920032569162776,0.7864150285430778,0.46390539175701007,0.2272346058803474,0.16923952513804963,0.4126818385318575,0.4126818385318575
Paratylenchus_2,wormbodies_nematodes_1_00_softmax_pu,0.03544544705529714,0.6268105760974786,0.781692289233451,0.8842635704304166,0.9658344183829642,0.9831707626947828,0.042420450914044575,0.05004872192090316,0.06572038065141553,0.13161372242556263,0.5748584597432025,0.8343466322496172,0.49570112519617027,0.2826387506761759,0.15122564869696387,0.1170733933940787,0.3201743673881316,0.3201743673881316
Paracyatholaimus_1,wormbodies_nematodes_1_00_softmax_pu,0.04975413672984888,0.6266285357894956,0.7751983101212107,0.8806751097975503,0.9651574341794362,0.9823781053996232,0.0653376739548895,0.08472388454437864,0.12798910847062564,0.3202192842406329,0.44337958577608033,0.9233956950598778,0.5217041607815559,0.2767549707895107,0.15774347611100656,0.11291569762588795,0.22620978095611824,0.22620978095611824
Ironus_1,wormbodies_nematodes_1_00_softmax_pu,0.11187051574794893,0.6529472743902357,0.78666711550211,0.887185873161913,0.9653427970893574,0.9826281443989027,0.15417167538690035,0.2081561232627385,0.3262506164668572,0.6986399127213115,0.8301963676813348,0.9275030483613641,0.7380117074089709,0.5500376157193133,0.27631562986298325,0.21526891802886058,0.41336777318918283,0.41336777318918283
Nematodes_138,wormbodies_nematodes_1_00_softmax_pu,0.09594345801266753,0.6730594075531721,0.7956285044337786,0.8875170019509339,0.9648660273064464,0.9829996102199041,0.1305928398893595,0.17510559424982763,0.27519989720284654,0.6574891420224053,0.9045320447660066,0.9632434617166835,0.7884218079434365,0.5415944284188101,0.26168261317913716,0.23446441031785298,0.5807789040775385,0.5807789040775385
Criconema_1,wormbodies_nematodes_1_00_softmax_pu,0.06253871734769127,0.5233053862443963,0.711850990195075,0.8614483784871745,0.9635501345514111,0.9826596270885828,0.08032982947684188,0.10096342663633337,0.14376534421449141,0.3006671557394745,0.49399146635712227,0.911064782778422,0.5863177179322258,0.3676055791429327,0.26989656280399926,0.22964882610656387,0.3042772931702082,0.3042772931702082
Nematodes_52,wormbodies_nematodes_1_00_softmax_pu,0.1028832446113403,0.7169586568855624,0.8133298343372076,0.8946096352415681,0.9661518450627936,0.9830906083839583,0.1432009897679864,0.1957400557508589,0.3163075910218238,0.7736997057351082,0.730827822422695,0.9699054276858644,0.9294957139517354,0.8023619569915408,0.600288643928457,0.4996663899521365,0.4910009027954952,0.4910009027954952
Nematodes_102,wormbodies_nematodes_1_00_softmax_pu,0.12289259555195804,0.677945158531391,0.8000170854487415,0.890211278108805,0.9658752660937917,0.9831286673410157,0.16878115828700177,0.22813182856769848,0.36085013151132844,0.7709243919054127,0.8620778409776959,0.9701525177400988,0.8551428883304544,0.48524708159534413,0.3210414606359884,0.29372798235611874,0.5257151948807262,0.5257151948807262
Pratylenchus_1,wormbodies_nematodes_1_00_softmax_pu,0.13831109427899704,0.5802145843027917,0.7436927164753979,0.8687406703442645,0.963545886570655,0.9825647771470862,0.19084264875286835,0.25286510477254265,0.3699472887055142,0.6690683753885799,0.8239446618959966,0.9602466274790856,0.9189283737934701,0.8322143532661861,0.6601810381417489,0.5546775701318041,0.2528374920465983,0.2528374920465983
Nematodes_4,wormbodies_nematodes_1_00_softmax_pu,0.043168812021824945,0.6642615790443119,0.7899540974152193,0.8874920805966117,0.9652974705680762,0.983639951645108,0.05565730688502589,0.07073859541334708,0.10384868986331035,0.2583775833022466,0.6370331366311834,0.8981455715929428,0.7547111104547086,0.47117827757756214,0.24693103429794383,0.1730802423018535,0.3876034412047255,0.3876034412047255
Leptolaimus_1,wormbodies_nematodes_1_00_softmax_pu,0.046098673456893884,0.6599232627468291,0.7967169594583074,0.8923198724124218,0.9656201327145958,0.9833960906188965,0.05841180392748751,0.07256278203256135,0.10271848083822965,0.23780586634275688,0.6567221481180521,0.9253665203584376,0.803287780346244,0.6211938066446462,0.32872184490274997,0.26067707274919527,0.33573174891865637,0.33573174891865637
Prodesmodora_1,wormbodies_nematodes_1_00_softmax_pu,0.04414038670034343,0.6595006624289693,0.7790185492890668,0.8837152966972458,0.9646722674334364,0.9828428397978283,0.057711632920123955,0.07406970257047144,0.11006932512827247,0.2801861506421148,0.5803221106137626,0.9028034490990605,0.6886418508981719,0.38947292837049086,0.21664766195915067,0.18203218146351013,0.4129083165795303,0.4129083165795303
Paramphidelus_2,wormbodies_nematodes_1_00_softmax_pu,0.05093310459355663,0.652505959024315,0.7855570194019931,0.8846773937831828,0.9657128594584092,0.983382267943613,0.06758779750432416,0.0885821300497326,0.13560135874706325,0.345412998160083,0.5250491161805088,0.9631046188327721,0.7369209322489964,0.4721966106701469,0.24843050373814626,0.19466267497468634,0.2612031702900115,0.2612031702900115
Diphtherophora_1,wormbodies_nematodes_1_00_softmax_pu,0.17418774517383817,0.6548875329743438,0.7817940327015054,0.881198392883374,0.9644134282913758,0.9827844677292665,0.24045895970816486,0.32502276354562276,0.49736499582052424,0.8511809238221556,0.9550111479423339,0.9916621858038955,0.9337499045356802,0.8447949630872778,0.5646034231234252,0.5245578870125274,0.6231488967882208,0.6231488967882208
Zeldia_1,wormbodies_nematodes_1_00_softmax_pu,0.02974734735350204,0.6416697279817516,0.7859574438812326,0.8844648029148687,0.964968530903652,0.9827014650316838,0.03835825757997179,0.04838554855350119,0.07013556712089437,0.17111544321687475,0.3983425546798995,0.7637953620391233,0.5286986375141367,0.3022229422021645,0.1520902560477345,0.12016680323030175,0.2834790640439509,0.2834790640439509
Pseudhalenchus_3,wormbodies_nematodes_1_00_softmax_pu,0.03197210155963373,0.6576262995680457,0.7786224309943421,0.8807269899225393,0.9640726331015316,0.9826021180834682,0.04009369872157458,0.04941705711682875,0.06920582874462276,0.16125885750142943,0.37559699686099696,0.8554659712837338,0.5716183127354827,0.3335516398930644,0.15753167574820137,0.12226554201900419,0.23230943133083543,0.23230943133083543
Malenchus_1,wormbodies_nematodes_1_00_softmax_pu,0.06778057237120866,0.6666647931733305,0.7889149057017647,0.8862606359160111,0.9648863458635595,0.9826368205162896,0.093221471251317,0.12568221946556857,0.19916742584731942,0.5188569390097086,0.6553152345538804,0.9336504547079056,0.6886192295028123,0.525347762731469,0.33226651260093276,0.28515546009896836,0.43113007590218005,0.43113007590218005
Nematodes_51,wormbodies_nematodes_1_00_softmax_pu,0.1568954751012383,0.7114009721168926,0.810181529103542,0.8927108617622513,0.9661020307719816,0.9830950002646197,0.22057765590641082,0.30418839727231833,0.49489464786268944,0.8966014794265723,0.7397071639969229,0.9755634178433662,0.8940802388662861,0.7528875091375663,0.5923976659133813,0.5200219447288212,0.46803164655070134,0.46803164655070134
Nematodes_33,wormbodies_nematodes_1_00_softmax_pu,0.038569726051597676,0.671535281153107,0.7988435168737545,0.8917032837395817,0.9649801120608184,0.9836466850585357,0.0472747527300516,0.056835220101903706,0.07614660529689907,0.15745214609904004,0.8536380375306526,0.8247669829733103,0.6616444644396228,0.36093058224312,0.13862195379349418,0.12990652639516193,0.5064670335522824,0.5064670335522824
Seinura_1,wormbodies_nematodes_1_00_softmax_pu,0.06465351564836125,0.6380428415021097,0.7765284382847258,0.8796745835999444,0.965530827007826,0.9831303687084335,0.08607370246581166,0.11308779637993799,0.1729255405210631,0.4199758359502977,0.7870709636952727,0.9227020873091216,0.7998146610099781,0.5286833860439519,0.2677027114639962,0.23068440702111956,0.39129122904768715,0.39129122904768715
Odontopharynx_1,wormbodies_nematodes_1_00_softmax_pu,0.03436010683560241,0.6357926372838201,0.774035702442075,0.8791018541258868,0.9654636032577908,0.9837069830636068,0.043362051963438085,0.0537711634291261,0.076151123365997,0.18061403001398593,0.4022026214410336,0.7976862299502543,0.5058289954632784,0.29131434745369544,0.14995625199628146,0.11837128646110381,0.22583221152804536,0.22583221152804536
Achromadora_2,wormbodies_nematodes_1_00_softmax_pu,0.09059591944606175,0.533271847224245,0.7131150344733329,0.8498765705801092,0.961118135272346,0.9821307039047439,0.1219804126460214,0.16069050125002,0.2400655220239224,0.47452397673948127,0.8749558127328629,0.9283012314528475,0.7677916357772606,0.5252175352806634,0.28613341616416454,0.22784089233112037,0.28076764099594237,0.28076764099594237
Nematodes_88,wormbodies_nematodes_1_00_softmax_pu,0.037306901814090715,0.670045316991016,0.7933263533369153,0.8866758304581368,0.9658075106450063,0.9833453587204283,0.04882260644816026,0.06274067861304942,0.09358739518168364,0.23914191337337337,0.6750748579607424,0.9127121336481931,0.6942527721451057,0.4660628765794737,0.21679749438025567,0.16267327113328683,0.3643079928978637,0.3643079928978637
Psilenchus_1,wormbodies_nematodes_1_00_softmax_pu,0.2487641973838799,0.6828009501625487,0.7954808574792599,0.8876273407343628,0.965444264813999,0.9829908843575599,0.3486713668549935,0.47156155111423964,0.6793404881730882,0.9416574787283418,0.9425191976528743,0.975221212784072,0.9394479091441343,0.8652364741416305,0.7402619724206418,0.7195841977907254,0.6294739971801734,0.6294739971801734
Aphelenchoides_6,wormbodies_nematodes_1_00_softmax_pu,0.06187665987113211,0.6721611133914426,0.7957526589961751,0.8891496647746734,0.9663798826810815,0.9837335995203325,0.08398949928490176,0.11216106270526406,0.1762528669714114,0.4792998355226787,0.5978957540012796,0.9437406372780169,0.8508570122541047,0.5669508330835891,0.31487239610862017,0.2497016591334123,0.4432216166362426,0.4432216166362426
Paratrichodorus_4,wormbodies_nematodes_1_00_softmax_pu,0.05907844951631227,0.6520983388201415,0.7952084586771144,0.9002538313970739,0.9677156778290849,0.9838206844609589,0.07502217120729075,0.09412041663493272,0.13509376023297204,0.31456618837807104,0.6799061383822773,0.9635434979198559,0.8390235562699996,0.48002645204576233,0.26006271787923513,0.20729096429601512,0.4909218740219664,0.4909218740219664
Tylenchorhynchus_1,wormbodies_nematodes_1_00_softmax_pu,0.08658727880195422,0.5484411774989384,0.7283324859921801,0.8652244109130094,0.9629191145042187,0.9825434862184317,0.11416877752257609,0.1431941454256687,0.19464495296783133,0.36383577606981193,0.58917303725102,0.9616739329964276,0.7646322357585398,0.5654374198989193,0.429204014780482,0.3437917453020936,0.19146424118505453,0.19146424118505453
Helionema_1,wormbodies_nematodes_1_00_softmax_pu,0.1123261453676092,0.5412299859409883,0.7849174028511425,0.8830882501301481,0.9654431952050483,0.9830747409871516,0.15415946975799738,0.2011430124640205,0.2833107092300058,0.4982149489221014,0.6674360891457066,0.9557601590616904,0.7678708620845035,0.5230233786475219,0.35810038224514174,0.2939595985086241,0.4040178021869271,0.4040178021869271
Pseudhalenchus_2,wormbodies_nematodes_1_00_softmax_pu,0.09540725797244803,0.6258082271727781,0.7787743453400853,0.8847645150271713,0.9660446191522218,0.9827368302898103,0.12884891718829206,0.1698235333509794,0.25577114228871023,0.5524549772794215,0.8290258268990803,0.9255286909691123,0.7452254739359029,0.5114121863518716,0.32122672236103,0.2700118952957039,0.4327588861114425,0.4327588861114425
Acrobeles_1,wormbodies_nematodes_1_00_softmax_pu,0.11164318690138526,0.559123163156054,0.7482925269231526,0.8685372105935397,0.9635265912613187,0.982253041650798,0.13802901219868755,0.1598484483357972,0.19337996525536347,0.28975272440470046,0.5050308794666797,0.6873423783116452,0.45170074495329865,0.3227894327887841,0.21442935672460506,0.18717905740340338,0.32840080877266364,0.32840080877266364
Nematodes_84,wormbodies_nematodes_1_00_softmax_pu,0.05025558630170993,0.6711052678050599,0.7905219724076131,0.8872831463602238,0.9648338049692373,0.982738636096709,0.06823667625100403,0.0911010317727872,0.1428125314204217,0.38648176663944933,0.5648233801732455,0.8872821726527742,0.7022462191107991,0.48771122181627136,0.23838020604536164,0.17597586720946745,0.35175494488226966,0.35175494488226966
Telotylenchus_1,wormbodies_nematodes_1_00_softmax_pu,0.04622426549755795,0.6027887983851377,0.7578117789341812,0.8738920623134003,0.9625518997410669,0.9826834021882974,0.06013055672227603,0.07661867139445987,0.11145748744675274,0.25594904080249653,0.36041678555252027,0.7717249876740305,0.49415144361140695,0.30610193538355185,0.1964263887323343,0.15248274582572718,0.20997206891853115,0.20997206891853115
Nematodes_49,wormbodies_nematodes_1_00_softmax_pu,0.04383676479122272,0.6632671369507964,0.8037878470329887,0.8963700615972828,0.9663558799212414,0.9827286960704398,0.05488583769990953,0.06796272611093597,0.09599217557903053,0.21776593189228313,0.76598865017446,0.963553847835785,0.8348646273869413,0.7051916043344667,0.4467778118339396,0.30597001582232514,0.49380661396038633,0.49380661396038633
Metateratocephalus_1,wormbodies_nematodes_1_00_softmax_pu,0.09241948814506315,0.6439374310721546,0.7828110187904779,0.8854405682072447,0.9649172024308305,0.9829977032110918,0.12645358784069638,0.17014105242221572,0.2680265796851606,0.6199657035796752,0.6414699500126247,0.9612989381548769,0.8454644399119832,0.6507474962243065,0.4257610909980325,0.3652865258279917,0.43772861607273533,0.43772861607273533
Nematodes_45,wormbodies_nematodes_1_00_softmax_pu,0.04562022486812249,0.6506104845048103,0.7872353261988744,0.8868264071235411,0.9649943287876613,0.9829130508990861,0.05910843092053576,0.07552509316673033,0.11144423270536306,0.2729146535736219,0.7616664113928873,0.9284883425575936,0.7667159805526534,0.4450810241365466,0.19888953023279826,0.14938182604270575,0.4130683172246792,0.4130683172246792
Nematodes_70,wormbodies_nematodes_1_00_softmax_pu,0.031371365427659705,0.669929178408785,0.7951550176404034,0.8852287309170415,0.9649381435362581,0.9827331999228558,0.03876704799623731,0.04704976991115883,0.06476359068859171,0.14567194048511029,0.7600011436056725,0.8190396403818915,0.5698607195689951,0.30960008003312095,0.10601166020652492,0.08923735012889353,0.46827568765316024,0.46827568765316024
Aphelenchoides_10,wormbodies_nematodes_1_00_softmax_pu,0.03819939699829187,0.5878026399295502,0.7643709154808018,0.8832804331570471,0.9657094650519092,0.9829138267809789,0.04902429848685116,0.061488945336718635,0.08805601091654829,0.19867609253399812,0.4527263092531733,0.8485828455145458,0.48314509767497105,0.2558348861587512,0.10481030030071738,0.08342456680022421,0.22117802609794632,0.22117802609794632
Helicotylenchus_2,wormbodies_nematodes_1_00_softmax_pu,0.11985595885617469,0.706668047266293,0.8042322062559215,0.889722896780065,0.9643550757629262,0.9827755044700964,0.16591924221955356,0.22521185721219028,0.3611315262879403,0.8127367341176898,0.7069318238257658,0.9764188939452878,0.9414164181588545,0.8003676315267378,0.5582865292331887,0.48860497782384427,0.5237683321849226,0.5237683321849226
Nematodes_30,wormbodies_nematodes_1_00_softmax_pu,0.038010857308784424,0.6574795878516349,0.7945705083032149,0.8882853331476114,0.9658938900025497,0.9824386556269051,0.04749461124816167,0.057850193042089784,0.07933779374048941,0.1722693327097444,0.5423583697508043,0.789186043110743,0.47929148433173885,0.244833109058582,0.11616423266167217,0.09317215546248343,0.2801048649039913,0.2801048649039913
Nematodes_16,wormbodies_nematodes_1_00_softmax_pu,0.05587683849414822,0.679326841042591,0.7975985549116162,0.8879958119448775,0.9646089921166775,0.9827190313693689,0.07478054034931694,0.09867639392248738,0.15264817733486383,0.40347142128342506,0.6975671918794398,0.8250633654050651,0.6735414047121853,0.4506583916487042,0.2067573399488919,0.1479628880890284,0.39539359581000466,0.39539359581000466
Nematodes_2,wormbodies_nematodes_1_00_softmax_pu,0.03574933792806145,0.6433404726982872,0.7797495690325268,0.8825565898441151,0.9636253609412756,0.9817107041274246,0.04566001990345886,0.057640575587133785,0.0841827426984782,0.20812214270122065,0.8487791315590723,0.8946649785356054,0.7311797592964966,0.5611446176006674,0.25475036078333285,0.20850357246615564,0.5492869677410676,0.5492869677410676
Nematodes_78,wormbodies_nematodes_1_00_softmax_pu,0.07041951147715811,0.6717691312613536,0.7953495537241757,0.8864765181040192,0.9646349248859899,0.9828388054553966,0.09789879954347358,0.1334050643927944,0.2138924187972246,0.5428004987129189,0.6690161843698709,0.7740498957986881,0.5561655399626989,0.3115813985497604,0.16346285240547143,0.12844740699793136,0.3409842701493108,0.3409842701493108
Hemicriconemoides_1,wormbodies_nematodes_1_00_softmax_pu,0.1689578512988569,0.6380727481438836,0.7741429771308216,0.8801390175287535,0.9646028660019731,0.9828782071202502,0.23425578660972282,0.3169543221542273,0.48015065167193133,0.8268094978875239,0.8811988765799087,0.9862466413091419,0.92441395542807,0.6809056850252704,0.5127876366409537,0.4729122058701066,0.48828202308938823,0.48828202308938823
Leptolaimus_3,wormbodies_nematodes_1_00_softmax_pu,0.04915199487878099,0.6685730410462736,0.7927565298040635,0.888156721318907,0.9655631931210622,0.9824108863155382,0.06368142692006515,0.08113931403720616,0.11973856295019501,0.2992443294602304,0.5988584156216763,0.9584295172641708,0.7238913453391672,0.47412590397660187,0.2685333351341031,0.2330080367624514,0.26200931234187474,0.26200931234187474
Bunonema_1,wormbodies_nematodes_1_00_softmax_pu,0.08793912328941646,0.6712319320160494,0.7925970228114586,0.8867484855308045,0.9649870773357129,0.9826808035646288,0.12200314810770536,0.16606448036443383,0.2655979778887159,0.6420034652942764,0.9308527030937789,0.9342888057228095,0.8278448659699318,0.7049187372904271,0.27916146363764116,0.22257315034189332,0.6063241352284504,0.6063241352284504
Nematodes_151,wormbodies_nematodes_1_00_softmax_pu,0.04061983011828615,0.69777359611042,0.806934928276651,0.8918080261639607,0.9666587441169969,0.9833425328485745,0.05288327651551989,0.06801694243411832,0.10169489367766185,0.26289012498656245,0.6860182294038546,0.904715529423652,0.6530383558132571,0.3728147217655222,0.14870552048515234,0.1258559014964248,0.3702240552611884,0.3702240552611884
Nematodes_6,wormbodies_nematodes_1_00_softmax_pu,0.05702274981702552,0.6510885635090048,0.7861378519068217,0.8847130615199882,0.9646418790400785,0.9823344901353428,0.07365680746685953,0.09398190644792863,0.13838528375815154,0.3314124808498404,0.8285969704614417,0.9318807601098333,0.7159088896167387,0.4028732827152538,0.2594122423635162,0.1959250857615507,0.4418172878531654,0.4418172878531654
Pratylenchus_3,wormbodies_nematodes_1_00_softmax_pu,0.10351506405326123,0.5757619052471583,0.7486778172724264,0.8704632435861037,0.9641325957214685,0.9828715208769292,0.13770230051672924,0.17614911165480676,0.25063144006432053,0.48652427345843713,0.807888097128227,0.9688813243145981,0.825966641558799,0.5636380192884454,0.40041281805791096,0.33599718200374384,0.3083419335408598,0.3083419335408598
Nematodes_96,wormbodies_nematodes_1_00_softmax_pu,0.10807297504429184,0.6905275795906568,0.8025682329990256,0.8906740112419388,0.9665001726165716,0.9832623406205907,0.15108230829747285,0.2072919691863244,0.3361228981246451,0.7669704645009415,0.6198950760171684,0.9556439843510762,0.7974273415905755,0.7253989680174593,0.4609799995009694,0.343472727422166,0.3964280690299721,0.3964280690299721
Nematodes_98,wormbodies_nematodes_1_00_softmax_pu,0.10176398059539667,0.6816597806002395,0.7965895929739144,0.8897980792513318,0.9651464813388426,0.9827403529541757,0.141840011199482,0.19413392753320205,0.313847553910492,0.7314834628249196,0.6084368081193523,0.9555194282809499,0.717988343463868,0.5391912425533157,0.3247619163946801,0.24481749432356043,0.38254123092778447,0.38254123092778447
Nematodes_165,wormbodies_nematodes_1_00_softmax_pu,0.05537357158697969,0.681923197370979,0.7965543591875102,0.8889420363932765,0.9652317682940024,0.9830911736824925,0.07412900549135111,0.09799050012380801,0.15229210606550506,0.4121348420446417,0.7348655491167467,0.8517566249623968,0.6506872360479143,0.4562604350040331,0.21141822355502654,0.1736639283648007,0.43894921954006116,0.43894921954006116
Nematodes_166,wormbodies_nematodes_1_00_softmax_pu,0.08816085224789835,0.6814801977397698,0.7967901155485634,0.8872060529486258,0.9655567038933058,0.9831738919311702,0.12022488257725755,0.1615178953272464,0.254856691190077,0.6334448234043721,0.8740961316276014,0.9469729432818699,0.7802317761213396,0.4872446378508156,0.26043820957923125,0.2249975643823691,0.5437639399331317,0.5437639399331317
Theristus_2,wormbodies_nematodes_1_00_softmax_pu,0.03383182908274049,0.6835143229693089,0.8006055949888604,0.8902812389976359,0.9653812565730353,0.982602953432611,0.04273400016967377,0.05336725981168074,0.07668667183615349,0.18556944924170612,0.420919851778214,0.78906971780782,0.430965803445263,0.21185477840234104,0.1482989092047924,0.11219058701264925,0.22969367525276643,0.22969367525276643
Panagrolaimus_2,wormbodies_nematodes_1_00_softmax_pu,0.022206808934545443,0.612461941345388,0.7758464900420378,0.8828613603049811,0.9613487975239183,0.9812421962857634,0.028198628459403758,0.03442042309081281,0.04605729608337287,0.09657748878389945,0.19027566918245548,0.4066837504983624,0.22946181004225236,0.15244546665987974,0.0806727223447936,0.06457213392266067,0.11693512171502468,0.11693512171502468
Onchium_2,wormbodies_nematodes_1_00_softmax_pu,0.03403986437338173,0.6452242119087389,0.7855894417346522,0.8864061487298646,0.9655721681163589,0.9822779657925357,0.042047828347197044,0.05129245962521015,0.07130071265595944,0.16185429748776684,0.43685492464649056,0.8194215166792601,0.5138343433697655,0.26416291971424144,0.12661440894791526,0.11299000770929249,0.23092679117959378,0.23092679117959378
Prodesmodora_5,wormbodies_nematodes_1_00_softmax_pu,0.04414038670034343,0.6595006624289693,0.7790185492890668,0.8837152966972458,0.9646722674334364,0.9828428397978283,0.057711632920123955,0.07406970257047144,0.11006932512827247,0.2801861506421148,0.5803221106137626,0.9028034490990605,0.6886418508981719,0.38947292837049086,0.21664766195915067,0.18203218146351013,0.4129083165795303,0.4129083165795303
Nematodes_110,wormbodies_nematodes_1_00_softmax_pu,0.1014081269530406,0.6842398979205052,0.8017651614211722,0.8903236169389253,0.9659142908375273,0.982976084398728,0.13826237766004454,0.1853826793417662,0.2914782117422546,0.6876176283521981,0.9199655956691728,0.9653160732273303,0.8428723706590562,0.5976401134889834,0.26864057455171775,0.22166960176979028,0.6061592179117444,0.6061592179117444
Mononchus_1,wormbodies_nematodes_1_00_softmax_pu,0.09137984308193865,0.65211914179034,0.7813969533798841,0.8824684879861976,0.9650179546017175,0.9827925515529816,0.12474846928857102,0.16617765245252056,0.2551868687515088,0.5855043768719334,0.4527832600782691,0.9512057420187656,0.886093507144584,0.7354895550423954,0.39515698105728453,0.30589036789155205,0.26095574501102997,0.26095574501102997
Nematodes_103,wormbodies_nematodes_1_00_softmax_pu,0.1111701625140149,0.6872486210235789,0.7994994330860979,0.8890141378687662,0.9653919719544543,0.9829716117314566,0.152062764848195,0.20472478012378356,0.3226238495002967,0.7315480007563185,0.7601292583745325,0.972850241901099,0.9175624581282891,0.7283537314743934,0.4525111195503904,0.4205428981270113,0.45995942462171724,0.45995942462171724
Nematodes_79,wormbodies_nematodes_1_00_softmax_pu,0.07377445986898966,0.6708414324704012,0.793557513070865,0.8898819314769056,0.9653575902299937,0.9831042666346425,0.10296279728021543,0.14082984336000026,0.2269581722193808,0.5748704398104547,0.6079169841127064,0.8435433935406119,0.5698960497113547,0.40065097049026405,0.2262680998900942,0.16921208790038256,0.3176372562905931,0.3176372562905931
Odontopharynx_2,wormbodies_nematodes_1_00_softmax_pu,0.2975347262813823,0.7305724406934503,0.8163296903763105,0.8928546981129484,0.9659182323186859,0.9831445770324868,0.4194040865207853,0.5794385881210736,0.8099264683080233,0.9751536871172833,0.8840449061768098,0.9756921855536334,0.9522419084681418,0.8506163965270703,0.7941255364301063,0.7841245253950906,0.5521102328830956,0.5521102328830956
Nematodes_69,wormbodies_nematodes_1_00_softmax_pu,0.03170024059646356,0.5827438210865039,0.7461071046824522,0.8709981721976018,0.9606573431147917,0.9825274999895336,0.0381643383722825,0.04533437459162103,0.06011499658299306,0.12353706427482936,0.7897628041435026,0.7928033840883262,0.5308892782760509,0.2841777202568687,0.11827849016507214,0.0953044591576715,0.43395955605578085,0.43395955605578085
Campydora_1,wormbodies_nematodes_1_00_softmax_pu,0.032238066707720434,0.5705007107533355,0.7304962263041186,0.8596202655193304,0.9635159786538662,0.9820536720356742,0.0412095721713998,0.05157629113786425,0.07383422369878567,0.17356882474160887,0.39030794385095935,0.7402639025318412,0.5005413517417928,0.2523504226528501,0.1407272705337893,0.11306387399603479,0.1760149398270457,0.1760149398270457
Leptonchus_1,wormbodies_nematodes_1_00_softmax_pu,0.08005587740105258,0.6403958092955718,0.7827334511936281,0.8860647481413253,0.9652973658337782,0.9831402519123222,0.10569054614565615,0.13525316288965855,0.19424366640409482,0.4157784819355166,0.5947955089807785,0.9343475648853468,0.7682053155363832,0.4993423932902858,0.2834708999111299,0.22200270573454858,0.319226184985009,0.319226184985009
Nematodes_154,wormbodies_nematodes_1_00_softmax_pu,0.07271123941482083,0.6727099208589681,0.8018332170340521,0.8924873256741982,0.9658948940134636,0.9827512887662936,0.09758971278125375,0.12887697496096023,0.198502976386917,0.4927461122456585,0.8149017952423918,0.9385014115467107,0.8690405366026387,0.5259556391579483,0.2857202630860596,0.23041056292059733,0.46940018967103986,0.46940018967103986
Nematodes_119,wormbodies_nematodes_1_00_softmax_pu,0.0803516816207504,0.6856556137471965,0.8052614226978988,0.8931689051414533,0.9655243631015638,0.9829270909539328,0.10829736151979372,0.14384958296439448,0.2236718269144008,0.5591917791311246,0.9186888602605,0.9711303878752469,0.7437965874680431,0.4658057219321391,0.23707715060492401,0.18754060787998791,0.5834746130787518,0.5834746130787518
Deladenus_1,wormbodies_nematodes_1_00_softmax_pu,0.049167927030599086,0.600391042144612,0.7585605586998185,0.8777316897394908,0.9658303766232758,0.9832153579842919,0.06434526743156595,0.0833711203881082,0.12606681339670572,0.31839760215019275,0.36980694717000673,0.8964571078405262,0.7096808003773907,0.479610192907973,0.24974589128973243,0.19886830309348547,0.23779476663968668,0.23779476663968668
Nematodes_116,wormbodies_nematodes_1_00_softmax_pu,0.06333128009383597,0.6772936419090375,0.7939028488827103,0.8875535322618414,0.9650045429704905,0.9830910067181751,0.08490199882186744,0.11223987574970594,0.17395838636010835,0.4541060815103676,0.8937326109347646,0.910788432455883,0.7027085581161545,0.3959857917773983,0.19953749942555407,0.17238740214825504,0.5530524676853037,0.5530524676853037
Steinernema_2,wormbodies_nematodes_1_00_softmax_pu,0.04471525709337709,0.6080929863633683,0.7677365279112823,0.8764215200366747,0.964455629711547,0.9830758730351266,0.05762572699402541,0.0734034485529188,0.10780673348938961,0.2557169074363999,0.4127372924818257,0.6914402764100714,0.5183115900841397,0.32617441219361504,0.16920744042126779,0.1362892880757041,0.22386584735865028,0.22386584735865028
Euteratocephalus_1,wormbodies_nematodes_1_00_softmax_pu,0.06624689745598228,0.6196710999776561,0.7745514855885772,0.8761401586223753,0.9641844068540195,0.9829682349710267,0.08707135260410279,0.11068890853286296,0.15532356132306313,0.31694310006569926,0.5773971835029189,0.9413084663687346,0.8339115581577583,0.6269335669444162,0.3861872199801838,0.3175278364759648,0.2078541293746024,0.2078541293746024
Aphelenchoides_12,wormbodies_nematodes_1_00_softmax_pu,0.02679823338022474,0.6423246043908201,0.7809171138639652,0.8845010192931033,0.9674628312838325,0.9840854753703451,0.03235690021358704,0.03826784548991493,0.05028415173466232,0.10176080380437565,0.4094603226582122,0.7390836980326276,0.3913440990882885,0.16645025010564646,0.08649441588462241,0.07235622395603404,0.18668842358706025,0.18668842358706025
Nanidorus_1,wormbodies_nematodes_1_00_softmax_pu,0.040420052630119795,0.6925038244334748,0.8094849413122139,0.8925941306646133,0.9657713980995847,0.9836261376409542,0.05057628348097168,0.06281635872933274,0.08967347676439559,0.21369417162742566,0.6883056997950672,0.8744534067134272,0.7044216912951436,0.4872834129627068,0.2642852530745624,0.21070395236434247,0.43520834667368236,0.43520834667368236
Paraxonchium_2,wormbodies_nematodes_1_00_softmax_pu,0.05242334024851258,0.5751738553059049,0.7578690167479795,0.8754066952468609,0.9653116491705762,0.9822589680672019,0.0667430662642948,0.08411830908462217,0.12171648736460827,0.273489208512332,0.3868441409200551,0.7227452879415379,0.5080367634936911,0.338832244988591,0.19114064907537284,0.15535965331650287,0.2889544091006722,0.2889544091006722
Stenonchulus_1,wormbodies_nematodes_1_00_softmax_pu,0.04337331381387046,0.6687427887891312,0.7918461176857264,0.8841773178356707,0.9663823443032862,0.9841387882454494,0.0554371731982851,0.07016809812917206,0.10250579996712578,0.2502346203521848,0.7752736928471473,0.9779484895838833,0.8179282848911292,0.5233494008330105,0.2087004419748404,0.14852541848786946,0.42469766637306133,0.42469766637306133
Nematodes_75,wormbodies_nematodes_1_00_softmax_pu,0.12099523912361726,0.6810384163820272,0.798571188679486,0.8890648549670992,0.9649742047228113,0.9829912653796611,0.16967809308694945,0.23270722352999645,0.3721934534695695,0.782920078961208,0.6520167803830359,0.8737162645643014,0.6450066545046821,0.37132432386329894,0.25784411315143224,0.24108161292628857,0.3404817056584262,0.3404817056584262
Tylencholaimus_1,wormbodies_nematodes_1_00_softmax_pu,0.07915694165316457,0.6471002286460436,0.7790756507329175,0.8807130726801953,0.9648314234333552,0.9828524576007022,0.10698298526899834,0.14216311742993704,0.22101113524779306,0.5462729197424232,0.5540245427045891,0.9471186349448955,0.7004838412526029,0.6317012028243483,0.3162284997529275,0.25343404281194987,0.4046271909172488,0.4046271909172488
Aphelenchoides_7,wormbodies_nematodes_1_00_softmax_pu,0.038783917305468575,0.6307613327776422,0.776311798741091,0.8822207189357535,0.9627733446653943,0.9832149235842091,0.04830350568770478,0.05977048189833834,0.08474145073719601,0.19598718391690664,0.4687633575289618,0.8235183373332511,0.5623287443391137,0.24237723073850392,0.12263943305488267,0.10586006288128443,0.2443754804477488,0.2443754804477488
Nematodes_168,wormbodies_nematodes_1_00_softmax_pu,0.035894188011333754,0.673904707421549,0.7969353145719769,0.8906517950008652,0.9647732553731758,0.9823473516050513,0.04560282635931187,0.05715357065988461,0.08230101960277027,0.20141140889799625,0.6918345051174553,0.9516005333533007,0.8415673051429791,0.502004582875887,0.23263307116727244,0.17083658328340345,0.42889127907093344,0.42889127907093344
Tripyla_2,wormbodies_nematodes_1_00_softmax_pu,0.0702354000032455,0.6158194171886203,0.7630445330695221,0.877362826605773,0.9661381785879031,0.9830431073851854,0.0932908129410864,0.12154674754822052,0.18272666310554714,0.42719677935390976,0.551964745293567,0.8806351046807244,0.6935988751615616,0.5690813687289379,0.278214136580195,0.23906381737730859,0.3693828964924753,0.3693828964924753
Diploscapter_1,wormbodies_nematodes_1_00_softmax_pu,0.09017275425826507,0.615722300423708,0.7687699620262527,0.8795293826822465,0.9638333490602433,0.9831173933852553,0.12113079506045332,0.15950371654183698,0.24189673884962062,0.5309502511303729,0.8306402133049459,0.9106819416583821,0.7434654269137306,0.43645640574554007,0.2571968377561972,0.21724994998166694,0.3875117844241257,0.3875117844241257
Nematodes_92,wormbodies_nematodes_1_00_softmax_pu,0.05127627112927116,0.6798039343977423,0.7974165266134126,0.8895825528550351,0.9663200047662475,0.9832967722426067,0.06964279947964262,0.093015295373288,0.14583075447250513,0.3955476412715654,0.5767059232683786,0.9302702861900167,0.7266913179425005,0.49957846546997686,0.24703581128584903,0.19305384937897602,0.35098021036544247,0.35098021036544247
Nematodes_87,wormbodies_nematodes_1_00_softmax_pu,0.05342684909427988,0.6895264756013022,0.8037110796554722,0.8910208170104733,0.9646483381644655,0.9832185233549829,0.07244146671350447,0.09673141187207313,0.15193187957234253,0.41279109910753736,0.6179255696881193,0.9359966626688943,0.8095527005033151,0.44494130961432404,0.2298579088821925,0.20451574317379956,0.3718824553650368,0.3718824553650368
Nematodes_12,wormbodies_nematodes_1_00_softmax_pu,0.03999192999606758,0.6794220807771875,0.794551693107331,0.8865461649333267,0.9644860192872934,0.9829285618733711,0.05089762279214339,0.06403475829643501,0.09279107750416074,0.22592583603469904,0.6738877987619591,0.8456899322236887,0.6056499568372172,0.46132877079090256,0.23747548161979673,0.16366511775052517,0.37455916866069155,0.37455916866069155
Anomyctus_2,wormbodies_nematodes_1_00_softmax_pu,0.06251726013797364,0.5770031004886266,0.7552271166498276,0.8763879926691779,0.9639459025985324,0.9833481603642017,0.08251513197775547,0.10414856908284366,0.1451134087951549,0.2908248752315814,0.4772195709882591,0.7534745869043062,0.45261923330840503,0.27863993832496914,0.14279161376434732,0.11613041267870337,0.2378065740779768,0.2378065740779768
Heterocephalobus_1,wormbodies_nematodes_1_00_softmax_pu,0.030347620465905962,0.5668071604695785,0.7386967746100789,0.865597207572228,0.9600326314491949,0.9825697573604875,0.03786499059653543,0.04641132818569776,0.06470824734058538,0.14809221321473623,0.3285162307324953,0.6028732269031335,0.3772568276897638,0.23521882938802802,0.12287333154486285,0.10025142871681234,0.23091708577887438,0.23091708577887438
Anaplectus_3,wormbodies_nematodes_1_00_softmax_pu,0.08888793670993493,0.724005211108196,0.8162429917770807,0.896518453309269,0.9662235054250702,0.9831738659550351,0.12343356040859263,0.16799025441828008,0.2695708042676555,0.6968063257206674,0.7395274985412236,0.9542267135914554,0.8871290475233664,0.7446731818205804,0.5797404192459654,0.4823984396331983,0.510543229833744,0.510543229833744
Camacolaimus_1,wormbodies_nematodes_1_00_softmax_pu,0.09246258699625035,0.6958343407351633,0.8067772232331333,0.889692538035435,0.9658885186965529,0.9834348197028201,0.12692943080606534,0.1712566288507415,0.27261369354249587,0.6744776324618412,0.5475964056208752,0.9745134628999352,0.8947875316527838,0.5905189031348289,0.35458169998983524,0.32028835074983364,0.37841970701903455,0.37841970701903455
Aphanolaimus_2,wormbodies_nematodes_1_00_softmax_pu,0.10797325320610676,0.6499341555385225,0.7834769973227181,0.8874335230735367,0.9656340488868529,0.9829873403796981,0.14823412211076997,0.2000208415133691,0.3145910934049741,0.6854910907415046,0.826811034337334,0.9762026171626954,0.8805709148435187,0.7591603024655699,0.5064030418853848,0.40707868630772964,0.4743255946822984,0.4743255946822984
Thornia_1,wormbodies_nematodes_1_00_softmax_pu,0.20523366453473726,0.692077636204286,0.8039798712124261,0.8917622954756137,0.9656990657993005,0.9830115054670696,0.2859672469359172,0.38892586828372955,0.5920070556741727,0.9218595156779135,0.9254590715248943,0.9740232160346919,0.9207254444824177,0.7906198986242923,0.5414135043208589,0.454688834071552,0.595832040993913,0.595832040993913
Nematodes_9,wormbodies_nematodes_1_00_softmax_pu,0.04957902170867763,0.6618448428102586,0.7909948163330179,0.8862202307508491,0.9653326593823075,0.9831239290486616,0.0653043958616403,0.08467006664799814,0.1270091793075241,0.31583017434328975,0.6135980592460277,0.9422096335314675,0.8409898518142588,0.566602659853457,0.32083206992463414,0.22278959882128269,0.36191678636670793,0.36191678636670793
Mesocriconema_3,wormbodies_nematodes_1_00_softmax_pu,0.07389754335273319,0.5316562862666665,0.7050082638719585,0.8451230266214268,0.9603594522712126,0.9809485254322345,0.0989464901639901,0.12960099642520048,0.19341811896429428,0.40018128767969496,0.7181011591491623,0.8314384374403174,0.6136492669333291,0.47368237908219774,0.1938676164000983,0.18110988774260994,0.27860690421233664,0.27860690421233664
Daptonema_1,wormbodies_nematodes_1_00_softmax_pu,0.06527481978418266,0.6507707210861782,0.7861421088417874,0.8886506521996348,0.9637871943104259,0.9822140984261115,0.08843212899326088,0.11787011279365132,0.1840746129754358,0.49348776628311825,0.5127290078917728,0.9812169923463072,0.9334115955283633,0.6232988635842792,0.33577296919416666,0.26161272928300494,0.4145693048801526,0.4145693048801526
Nematodes_63,wormbodies_nematodes_1_00_softmax_pu,0.05378915891983382,0.6115410464348245,0.7669353273468655,0.8784392350115712,0.9646665391584271,0.9815838293652972,0.06712935252923624,0.08285059690895981,0.11611071515978404,0.25306809563477506,0.9561248545806476,0.8947854166961348,0.7061504066800552,0.42315314743687454,0.22709734605485424,0.17506066968877515,0.7960815064521204,0.7960815064521204
Nematodes_65,wormbodies_nematodes_1_00_softmax_pu,0.11688860436014868,0.7142696214955171,0.8127860348357882,0.8935244125702592,0.9660125950931681,0.9830674921108462,0.16294120380172,0.2232077608021388,0.36178288879836673,0.8150250286493552,0.7311219601598359,0.9794641339898411,0.9000670933351103,0.805931182550844,0.6395299919411614,0.5387919434392525,0.4629447875136328,0.4629447875136328
Eucephalobus_2,wormbodies_nematodes_1_00_softmax_pu,0.24610675017903252,0.6894730363294038,0.7949081971643922,0.8873094937388012,0.9652647615012641,0.9830781418439993,0.34643592209577,0.474458530990071,0.6940503722051473,0.945425449447096,0.9698416124533759,0.9746952167451072,0.9400350051370036,0.8000882411757128,0.7169771689211308,0.6610515859857375,0.7083232985118684,0.7083232985118684
Nematodes_58,wormbodies_nematodes_1_00_softmax_pu,0.07552770727938185,0.6711375129862044,0.792037897932209,0.8875534811566895,0.9657879942381921,0.9831810431224214,0.1026222721812694,0.13710339264201848,0.21461016231014915,0.5435226875190892,0.5782844569776849,0.9012447363677173,0.7559261829315362,0.549710074245133,0.3759301989252572,0.30450269316260353,0.35676230305071077,0.35676230305071077
Miculenchus_1,wormbodies_nematodes_1_00_softmax_pu,0.06786142248576099,0.6161550246141717,0.7762664570540969,0.88106403320122,0.9633250577854636,0.9832416013643754,0.08953423456669574,0.11395476103752271,0.1631980214342084,0.3461308749910628,0.7996153469855175,0.9458269033512291,0.8180262093402798,0.4866948826781964,0.2680492619548911,0.2004709027867591,0.2732964960891366,0.2732964960891366
Ogma_2,wormbodies_nematodes_1_00_softmax_pu,0.053173981365013126,0.6606875928647782,0.7881978461256086,0.8853790500290308,0.9645265909496111,0.9830329096770701,0.068389898002554,0.08693775293256721,0.12786323184520507,0.3157147806524558,0.579210222903184,0.9702975068539956,0.8332815082751465,0.7143126995413192,0.4250015737119401,0.3508674712624537,0.4693009807372438,0.4693009807372438
Prismatolaimus_2,wormbodies_nematodes_1_00_softmax_pu,0.03357487807186723,0.592118399733145,0.7603106026216051,0.8783511543803016,0.9652202882379867,0.9826535135489068,0.042943510933332346,0.0537630533122782,0.07696322651600068,0.1815497511945385,0.37239114362391035,0.8522021958944258,0.4844514308509828,0.22657634148440448,0.10808983293542646,0.09049776761458078,0.2328554986705376,0.2328554986705376
Trichodorus_5,wormbodies_nematodes_1_00_softmax_pu,0.03015841153447944,0.6174701280441751,0.7758308070024338,0.8798054184651841,0.9654201533008372,0.9829577697954454,0.03769119724970553,0.04634717590608977,0.06493695320889126,0.15164644923234835,0.34250166060794934,0.7869849500259646,0.38799140849381464,0.25222078819327004,0.13304215672764882,0.10829673561098885,0.24518861309142598,0.24518861309142598
Nematodes_112,wormbodies_nematodes_1_00_softmax_pu,0.04689681633782094,0.6909233916110685,0.8003723724769634,0.8889553150780167,0.9657216888172248,0.9834677000913185,0.06171357352633159,0.08061144649631258,0.12365096833682752,0.33078382615272506,0.7223830194197668,0.9474639292425556,0.7779188537161894,0.3781452544667354,0.2100410239628962,0.15054744302484946,0.4120091927392408,0.4120091927392408
Nematodes_157,wormbodies_nematodes_1_00_softmax_pu,0.06566278952355625,0.6786840115973417,0.7975951031205026,0.8923758275243371,0.9668140694521602,0.9832289518914875,0.08714646356048766,0.11347393159109163,0.17180861349567936,0.4296535606737469,0.7970056090324836,0.9446296156003268,0.7663225281971087,0.48584723375108524,0.27749781878134744,0.24340605667331716,0.43020633799939706,0.43020633799939706
Hirschmanniella_1,wormbodies_nematodes_1_00_softmax_pu,0.06372651769252925,0.6139551572046453,0.760592427392632,0.87651823308668,0.9629866972695527,0.9819560946253355,0.08191058516486335,0.1020850066727219,0.14010675281031626,0.27480689699596916,0.39931655809394645,0.8820507987893929,0.5463665612789274,0.3191630030132737,0.17673769913623022,0.14898200290845556,0.27877545750722965,0.27877545750722965
Longidorella_3,wormbodies_nematodes_1_00_softmax_pu,0.12560086712669613,0.5564397222461103,0.7329134150201521,0.8656769234942353,0.9632320890979332,0.9820790403357316,0.16867946841858725,0.2176077687631617,0.30820375480612416,0.5624562935137775,0.7340395725872512,0.9253599721190061,0.7221790498970759,0.5388554890715198,0.34666867704862886,0.2958940342844122,0.31884135939514174,0.31884135939514174
Nematodes_31,wormbodies_nematodes_1_00_softmax_pu,0.038454642861088115,0.6497012087467178,0.7978214060745646,0.8917382156810342,0.9662899198732419,0.9823444323430355,0.04826909211981758,0.059121641464722596,0.0816843162565078,0.17882340869830957,0.5718473377410668,0.8214173078393324,0.5390150037426963,0.260692505371158,0.11879092494720364,0.10381796241222953,0.2952150997783615,0.2952150997783615
Nematodes_83,wormbodies_nematodes_1_00_softmax_pu,0.06622191868706115,0.6791379393847831,0.7932579875810435,0.8870693313077512,0.9649395769885566,0.9831571939063334,0.09102643122522609,0.12306769886007222,0.19642064736733442,0.5293196981920307,0.6251848443664079,0.9588439550368273,0.7381887943705499,0.561364715413054,0.41169051320097405,0.3434391797010752,0.3939311056724065,0.3939311056724065
Thonus_1,wormbodies_nematodes_1_00_softmax_pu,0.07515796003474542,0.6080522531505611,0.7623253885053201,0.8754681021808111,0.9647045779239376,0.9826565650774478,0.100531310882673,0.13177928326068486,0.20116828111744456,0.48127293955765815,0.4956196334780869,0.9401745516449356,0.7774251615715432,0.5324733775063077,0.2865199318700994,0.23595987598527682,0.35318142066671154,0.35318142066671154
Nematodes_127,wormbodies_nematodes_1_00_softmax_pu,0.07059713519459543,0.6772538143635144,0.795850487273085,0.8881571282538291,0.9653118238854896,0.982619803530858,0.09564508734413175,0.12762749477398505,0.19980351475612523,0.5159880450458972,0.8273874446390662,0.8579786053511139,0.6315574788074415,0.41266876203158276,0.17966912195195697,0.16573282514606252,0.4829042945593777,0.4829042945593777
Plectus_6,wormbodies_nematodes_1_00_softmax_pu,0.06249857206118769,0.6372407126614811,0.762883943387557,0.8694342255818833,0.962033487874514,0.9818708288894195,0.08521181640813309,0.11427218502844641,0.18023221615581345,0.4746542581537544,0.5003645167626956,0.9100412585587327,0.7229899066017205,0.527329311779599,0.3097824493444879,0.25445627489079753,0.3853960827481972,0.3853960827481972
Nematodes_71,wormbodies_nematodes_1_00_softmax_pu,0.051041394018906616,0.6861325929703415,0.8051049526707622,0.8921266396804375,0.9659067602889444,0.9832411122379782,0.07029354761447175,0.09505738832838316,0.15142128062739946,0.41366965185623106,0.8624275747440979,0.9480345487600269,0.65288577040706,0.4092984723138858,0.20583713265931103,0.15950854331465955,0.5538794787907262,0.5538794787907262
Nematodes_64,wormbodies_nematodes_1_00_softmax_pu,0.03687155664840646,0.6649608187772957,0.7941398263208075,0.8874294457910104,0.9648277771197578,0.9830490942016601,0.04691215931021839,0.058383691821566316,0.08280522056257943,0.1924912401868717,0.7638377278391328,0.8962645857316273,0.7052716146483051,0.6473718880972276,0.3001428049836395,0.1984473717807473,0.42484602909458474,0.42484602909458474
Ceratoplectus_1,wormbodies_nematodes_1_00_softmax_pu,0.029796857483338893,0.6443416159620694,0.7785503738393789,0.8790585337006704,0.9644929338494002,0.9833619378762868,0.038261199030744826,0.04829034304852444,0.07026980799845071,0.1739555380125312,0.4371147105862682,0.8867297136433209,0.6072064022527499,0.336753873929284,0.16645724846484455,0.12758557201600984,0.26796365875720923,0.26796365875720923
Nematodes_114,wormbodies_nematodes_1_00_softmax_pu,0.05477228732330078,0.6751685930864956,0.7950950174653368,0.8874827744111458,0.9656603871521687,0.9824718262325692,0.07195785467167749,0.09339073194529618,0.1411373686756285,0.3595138246938157,0.9133258150781313,0.8712477644698073,0.5629444450104846,0.32285237302444353,0.1679762428451119,0.13335294271716228,0.603641428514598,0.603641428514598
Ecumenicus_1,wormbodies_nematodes_1_00_softmax_pu,0.08832909512838308,0.6175218209006542,0.7552845448209288,0.870526410256571,0.9640905251625085,0.9825355739245483,0.12062907504552427,0.1610058579535339,0.24872911007954088,0.5580087995058912,0.7087567354906743,0.9605149737290536,0.9263934399456117,0.666892115271809,0.3996444358157565,0.34427875261546226,0.30971011444186336,0.30971011444186336
Mesocriconema_2,wormbodies_nematodes_1_00_softmax_pu,0.18720308477813405,0.6131365773175016,0.7656976022243666,0.8790395724113185,0.9651588088751684,0.9832008566381315,0.2564973500458163,0.3395623085579584,0.4936247374347224,0.8164334048608035,0.8683941719067622,0.9903856978924882,0.908256759049139,0.6916233841953798,0.4919996995994304,0.4568177135697228,0.4597398741007973,0.4597398741007973
Nematodes_152,wormbodies_nematodes_1_00_softmax_pu,0.08261719149638565,0.6688728996003638,0.7891846593351913,0.8875263195935396,0.9660988349421467,0.9830051462288276,0.11252711219381695,0.15093845145163454,0.23800971555976366,0.5977051184454439,0.8462177814850573,0.9657574056469285,0.6911756307564851,0.47220828515396107,0.2689969763616378,0.22111762573609145,0.4666147962160323,0.4666147962160323
Nematodes_149,wormbodies_nematodes_1_00_softmax_pu,0.09574099729899704,0.6688044379562477,0.8012745733536638,0.8952771776519841,0.9673075373219354,0.9839240917887487,0.1297612282419104,0.17336220022598178,0.2710883534970786,0.640824762162561,0.9426855375723784,0.9785585645012022,0.845369760829199,0.6138896327581506,0.3606520803859179,0.2889064399102893,0.6213818620963597,0.6213818620963597
Carcharolaimus_1,wormbodies_nematodes_1_00_softmax_pu,0.1656568156697681,0.622493658060293,0.765263613640799,0.8776242710534666,0.9646506013781033,0.9829259963925023,0.22844272576447835,0.30481727057880026,0.45182942425868805,0.7896739465725485,0.7519832591393281,0.956371252976216,0.8468341566624715,0.5727857292513925,0.45781644879811617,0.4093702329861138,0.3966654457394043,0.3966654457394043
Nematodes_21,wormbodies_nematodes_1_00_softmax_pu,0.06304305121001379,0.680620926597725,0.7965365770970432,0.888059935049413,0.9664091443284778,0.9835133044748142,0.08428739991309483,0.11122760792807487,0.17195563447720932,0.4532551538421499,0.6984944308955416,0.8678742362020683,0.720136564782205,0.5571495426611736,0.30795021264930705,0.23245946591949068,0.42321009896717293,0.42321009896717293
Globodera_2,wormbodies_nematodes_1_00_softmax_pu,0.03354966783979737,0.6126722359800665,0.7786505655206013,0.8853320096522258,0.9652311246900384,0.9802356823380689,0.04083363063073295,0.047390920505559805,0.05931042114342208,0.10301715248530911,0.35412248208635755,0.3657855013413444,0.22704657444320653,0.13052070284031,0.07861848167808716,0.06897180475977266,0.1654313259214737,0.1654313259214737
Paratylenchus_3,wormbodies_nematodes_1_00_softmax_pu,0.05799211768743868,0.5748818124194456,0.7321134859283924,0.8643991086929909,0.9635258114660127,0.9829810388804204,0.07861741402775092,0.10437740103224928,0.16169531816040342,0.39467273931325403,0.8609387740259581,0.9621381571667692,0.858380095947346,0.6746305014583679,0.4364572325132952,0.3607472165979417,0.35112434548710086,0.35112434548710086
Haliplectus_1,wormbodies_nematodes_1_00_softmax_pu,0.04608233814263773,0.592343824107896,0.7674909116769326,0.874840930368423,0.9629877873283144,0.9831013332412711,0.060587809361330465,0.07832201287296826,0.11754184254664142,0.2951045845008452,0.3049571338664235,0.9118570625654143,0.795729250759937,0.5368349169405218,0.2920757997604279,0.2345841218608191,0.2399168504612615,0.2399168504612615
Paravulvus_1,wormbodies_nematodes_1_00_softmax_pu,0.07930612694961212,0.6276748468288329,0.7666293091548846,0.8758546839183081,0.9633855951529027,0.9823832386796654,0.10866375476071102,0.14629422876035153,0.2316370054319364,0.562843453083246,0.5801793178721106,0.9578091767024216,0.853309415692854,0.6813587236593978,0.4270452218075274,0.33380166108947107,0.397625261196644,0.397625261196644
Nematodes_141,wormbodies_nematodes_1_00_softmax_pu,0.08243458570005077,0.6804329129245024,0.8012036348870127,0.8881130277028819,0.9650826993271502,0.983029613278215,0.11158854866053251,0.14896114329313087,0.23360069164295355,0.5910974325438642,0.9162678829755314,0.9645082818951,0.8252426703247774,0.596775308371233,0.3519798494151054,0.28051216126495687,0.6243004023682872,0.6243004023682872
Nematodes_120,wormbodies_nematodes_1_00_softmax_pu,0.05611010723657713,0.7013303893957534,0.811826128804714,0.8953480987279241,0.9672806668385036,0.9835212505449649,0.0747739524749802,0.09860312901516277,0.15280994114248184,0.4141453140504587,0.8104406782055286,0.9597168718993729,0.7527710357616119,0.4754458172159557,0.2076007668447359,0.18742970740318105,0.4986706716803572,0.4986706716803572
Nematodes_163,wormbodies_nematodes_1_00_softmax_pu,0.08021855659116163,0.6704637425372622,0.7914577146941815,0.8857048712327091,0.964457931853292,0.9825755908059639,0.10885228769010032,0.14564013933672826,0.22897712051210928,0.5757333349447774,0.877941666912291,0.915296535000887,0.7018040322128668,0.42594104090758483,0.25397692023550644,0.23165009483109808,0.49052165850227697,0.49052165850227697
Anaplectus_1,wormbodies_nematodes_1_00_softmax_pu,0.08648477785196063,0.6312816394085733,0.7684632050775833,0.8785950394664871,0.964699162256625,0.9833963075588252,0.11922410295055462,0.16118441873642894,0.25524540080390884,0.5960688651666586,0.6044432466837435,0.925160666154444,0.7882973481298506,0.4957175905682746,0.3061877544976031,0.2540430680396758,0.3516265369528016,0.3516265369528016
Punctodora_1,wormbodies_nematodes_1_00_softmax_pu,0.0373013806632906,0.6419956043167332,0.7815517376593044,0.8863243211023988,0.9671053245485165,0.9837058856138148,0.048574663602701164,0.06229648072791366,0.09272058057194918,0.23761933933244878,0.43158012671741747,0.8322801624544112,0.6508707155508813,0.37907402284572805,0.2248442392155297,0.1795138708757974,0.32935754001231643,0.32935754001231643
Macrotrophurus_1,wormbodies_nematodes_1_00_softmax_pu,0.17314359667255802,0.6454824308873139,0.7811463995485165,0.8800371547170576,0.9647665384745838,0.9829696563574538,0.2372045975778263,0.3161359146198082,0.47151517690369016,0.8264305851141405,0.9061725556901343,0.9678686001754261,0.904094653458413,0.7546667195508266,0.5354329945261083,0.4592235798455539,0.4966180979773531,0.4966180979773531
Nematodes_54,wormbodies_nematodes_1_00_softmax_pu,0.05391956681867428,0.6763173504347872,0.7965218853929515,0.8897617723525356,0.9661665452419727,0.9833406335916511,0.0732805469799725,0.09799232122962348,0.15411694921493518,0.41838831461865167,0.6083430802014892,0.9462764862085455,0.8892423917812554,0.5945682123063448,0.3332386753782345,0.23933957389864066,0.3655182989305725,0.3655182989305725
Prodesmodora_3,wormbodies_nematodes_1_00_softmax_pu,0.05039944633920657,0.6720800848611526,0.7926186607010995,0.8844799152937652,0.9651829559783376,0.982782975074192,0.06850197228185036,0.09089882633229955,0.14039702063838547,0.3717740808313676,0.6334471209239989,0.9655598500357957,0.8471164125467736,0.5550946619030401,0.26656824687101827,0.23431636138876508,0.40704357165481725,0.40704357165481725
Mylonchulus_2,wormbodies_nematodes_1_00_softmax_pu,0.1161515236323829,0.6296152487346419,0.759499712123323,0.8706677104613264,0.9626421099398152,0.9822220965072105,0.16082911944462455,0.21886736202178947,0.35127681631737784,0.7297655492845984,0.5244502681768729,0.9436249927039239,0.8514071085444027,0.70514932815798,0.5549976176163584,0.49321766384529536,0.4333168372270477,0.4333168372270477
Nematodes_146,wormbodies_nematodes_1_00_softmax_pu,0.045536785129013074,0.6737952399266729,0.795447825476684,0.8893788341238311,0.9664248727102916,0.9831275916616471,0.059293247961463236,0.07648191265330113,0.11495849448467745,0.2980851519646922,0.6277267029986691,0.9246063965976339,0.6297525710034556,0.39407072307789875,0.21854529433037947,0.1770657850052257,0.3261332709909156,0.3261332709909156
Paratrichodorus_1,wormbodies_nematodes_1_00_softmax_pu,0.05120519089701176,0.6664425162420194,0.7882521716069097,0.8801271448099565,0.9639230061516431,0.9826881521825258,0.06760998903979094,0.08840954418191153,0.1355516158066506,0.36227335621433776,0.5757431531645618,0.8531146072828723,0.7173800151781663,0.5194463983392662,0.2665038720614541,0.2166815555868846,0.4647644918555244,0.4647644918555244
Nematodes_10,wormbodies_nematodes_1_00_softmax_pu,0.047937924507117056,0.6542066311022934,0.7844335742002366,0.8854182139237778,0.9657632069689898,0.9830102423574754,0.0629706784689967,0.0814504002424533,0.1218615805628347,0.30073624227843,0.590751262250143,0.8087699246925879,0.6209339214439635,0.41558907211967366,0.25848000702553386,0.18034980919423105,0.3553924670873464,0.3553924670873464
Pratylenchoides_2,wormbodies_nematodes_1_00_softmax_pu,0.0493823579719132,0.6953526883235435,0.8025843035631677,0.8895888751818133,0.9646211521424953,0.9827740075554874,0.06666326580260712,0.08832557073673056,0.13708374831348444,0.37167340254827563,0.5762955714400045,0.9835846001085424,0.9346500228192215,0.4729657982231635,0.24220456634291268,0.19158435896631862,0.373937920582259,0.373937920582259
Pseudhalenchus_1,wormbodies_nematodes_1_00_softmax_pu,0.03160184442697802,0.6552441544475248,0.7845703386580601,0.8841230967929782,0.9627882320121253,0.9835157538848163,0.03983432708467369,0.04943074582949591,0.06972248592655468,0.16255213856461714,0.3258996070604018,0.8095925791954625,0.572541307062914,0.3096896902665337,0.10324962401597873,0.08554125752963695,0.20125431354052503,0.20125431354052503
Nematodes_68,wormbodies_nematodes_1_00_softmax_pu,0.04420300148824879,0.6720267097918153,0.7910388299102958,0.8884829594982202,0.9659216959808958,0.9824425759214604,0.05914712196432144,0.07789168548822908,0.11991953600309106,0.31748260092813013,0.6668882800345111,0.8739708670357038,0.6600805872674571,0.4360236318143311,0.20349810557142547,0.13414180868097914,0.4151638970692898,0.4151638970692898
Prodesmodora_2,wormbodies_nematodes_1_00_softmax_pu,0.05039944633920657,0.6720800848611526,0.7926186607010995,0.8844799152937652,0.9651829559783376,0.982782975074192,0.06850197228185036,0.09089882633229955,0.14039702063838547,0.3717740808313676,0.6334471209239989,0.9655598500357957,0.8471164125467736,0.5550946619030401,0.26656824687101827,0.23431636138876508,0.40704357165481725,0.40704357165481725
Nematodes_117,wormbodies_nematodes_1_00_softmax_pu,0.10827361595221142,0.6772990089791454,0.7946435842340233,0.8888169214749717,0.9653584868147524,0.9831563510683793,0.14925838089352758,0.20220926233266903,0.321365358835746,0.7271679643420081,0.9068482820155432,0.956589090501365,0.8125387569643955,0.457003782910723,0.27888955333810583,0.24122919974314863,0.5546964596587699,0.5546964596587699
Deontolaimus_1,wormbodies_nematodes_1_00_softmax_pu,0.0389890898852705,0.6381639371963025,0.7879633159494552,0.8855606537753004,0.9676844680388236,0.983019557397123,0.049268428725268196,0.06148152558126499,0.08809063239415724,0.20916427374615107,0.3957951910429131,0.7745224417795481,0.4246275185225432,0.25141908973903393,0.12248171474343922,0.10768747860483088,0.23454392941818916,0.23454392941818916
Nematodes_76,wormbodies_nematodes_1_00_softmax_pu,0.08036897542242336,0.6779174948609504,0.7970146804521953,0.8888282320743278,0.9659080514944335,0.9833635857772657,0.11215074782275161,0.1534597204271025,0.24755102227059528,0.6222324850736397,0.7520789514867002,0.9386163290641476,0.7387575596194496,0.4005240970799342,0.18703683460773393,0.16564042799630835,0.3754327444886298,0.3754327444886298
Aphelenchus_1,wormbodies_nematodes_1_00_softmax_pu,0.03496197899180793,0.5831409632836988,0.7503401875208224,0.8744953613757573,0.9638833871210158,0.9815350777665247,0.045172510130165586,0.05725311765234078,0.0830703054196272,0.19566688758112558,0.3310198296027759,0.5928089145276831,0.361470120018825,0.22543128613092617,0.13089223733754834,0.10883131100633966,0.20205327774179022,0.20205327774179022
Boleodorus_1,wormbodies_nematodes_1_00_softmax_pu,0.028387854195196904,0.6571469040106982,0.7874008274078441,0.884951120395688,0.9656052444917657,0.9833838162507584,0.036605794775547824,0.04588196750044319,0.06496091722828258,0.15032345819964144,0.33993137108248217,0.7985399627392866,0.487359989892329,0.284259701989023,0.22318267136486816,0.18663655673037832,0.20380757521088952,0.20380757521088952
Nematodes_115,wormbodies_nematodes_1_00_softmax_pu,0.09796885718967566,0.6886938701965043,0.7998846599199927,0.8894234176242263,0.9658554538942502,0.9832224093242047,0.13470320047852288,0.1822453511149999,0.2900787676487927,0.6938597041063619,0.8648231478966764,0.9482090724545561,0.7661738191925268,0.5981441086221441,0.29391575069424447,0.22618848602904273,0.5165742193954366,0.5165742193954366
Prodesmodora_4,wormbodies_nematodes_1_00_softmax_pu,0.04347094320890976,0.6382510044656029,0.7735752911345954,0.8776627686573807,0.9644299980003334,0.9830318149481588,0.05657942139872784,0.07262231560889695,0.10830965337991257,0.27307977435186703,0.8397029910109527,0.9508172220315942,0.8776233243445979,0.594927558944051,0.37809141450389055,0.2972364368337289,0.3203975836948195,0.3203975836948195
Nematodes_61,wormbodies_nematodes_1_00_softmax_pu,0.07655494095223495,0.6950202443440262,0.8022834959926282,0.8903581079644038,0.9660473948834506,0.9830524710410479,0.10480059497685876,0.140929201103498,0.22297791960356875,0.5929214522304986,0.7004840309182557,0.9478126851210211,0.8834559043562049,0.7967473309527893,0.542946452374419,0.43740809317386686,0.46715238659045183,0.46715238659045183
Nematodes_47,wormbodies_nematodes_1_00_softmax_pu,0.05623324451229483,0.6672360041746662,0.791644901163776,0.8842185449383663,0.9648438842431072,0.983481392676137,0.07321726978179754,0.0938246541319996,0.13921549619636459,0.343499256648572,0.6691878621094179,0.9707682956021202,0.8119861527370912,0.4870908449072322,0.22654862489023916,0.17701880197594147,0.3738110753743548,0.3738110753743548
Nematodes_43,wormbodies_nematodes_1_00_softmax_pu,0.03625289957872026,0.6297498101435257,0.7769219550735148,0.8837601529538968,0.9650194197421937,0.9822586509550524,0.044587629277764294,0.053988111747746925,0.07367886395210732,0.15667461853506168,0.8794863773130605,0.84459733117228,0.5022499583374112,0.25991181363746024,0.14575254886227992,0.11492485089088575,0.5011670648178385,0.5011670648178385
Nematodes_169,wormbodies_nematodes_1_00_softmax_pu,0.0635944624479443,0.6951278655591004,0.8086784139656883,0.8904878926784237,0.9653279786741128,0.9826989436183183,0.08454692691712479,0.11115071906265359,0.1710897249006535,0.4429451132438308,0.9055178907791126,0.9769063392131488,0.9053452666337428,0.505749433160047,0.21973358566619056,0.18624329736932585,0.5653442351694584,0.5653442351694584
Nematodes_72,wormbodies_nematodes_1_00_softmax_pu,0.046968242930166174,0.6917373084357784,0.8074206302235333,0.8915182134641014,0.9671276067449642,0.9833921910569164,0.06405670108884098,0.08576813540919094,0.13501211895360377,0.36632868983228867,0.8664610240400606,0.9398055233114998,0.6855124254199203,0.3650676274906243,0.1802636179055844,0.14609724697152934,0.528628082053886,0.528628082053886
Odonthophora_1,wormbodies_nematodes_1_00_softmax_pu,0.04718907972901181,0.6479950653854036,0.7858540264485779,0.8856044028642324,0.9654541632147043,0.9826872322125495,0.06356673001973276,0.08432185693948928,0.13120002509567874,0.34814525574647737,0.4038022299983878,0.6546306583081887,0.5018386159971835,0.29055691348349616,0.15014599778848106,0.11837457363411806,0.2154133349578672,0.2154133349578672
Paratrichodorus_3,wormbodies_nematodes_1_00_softmax_pu,0.045122133292587276,0.661940333910784,0.7980502985570017,0.8918647574469003,0.9651445711908541,0.9834015693313324,0.057548020322346086,0.0728589631204422,0.10691369007971838,0.26692715755275215,0.5949364068883191,0.9385421778843147,0.8044373235769194,0.42833672335120015,0.22815736134986714,0.18195116917548995,0.42738013417251747,0.42738013417251747
Nematodes_26,wormbodies_nematodes_1_00_softmax_pu,0.05484371630155026,0.6702601570088381,0.7950740384351288,0.8907778265598104,0.9664287931526115,0.9835641369757492,0.07163450597214918,0.09112105554537889,0.13140465171204305,0.30481289386094385,0.741895871974276,0.8885334156608181,0.6987784684078038,0.42697124384552615,0.22431435255204218,0.22140875461548984,0.3874810459610733,0.3874810459610733
Domorganus_1,wormbodies_nematodes_1_00_softmax_pu,0.047540544452705176,0.6331713922061883,0.7727830164673721,0.8793371165335183,0.9643526735696286,0.9826093614009159,0.06159848836355173,0.07716824813617269,0.10734651611264641,0.24359523157697016,0.3855070809190408,0.8508532039670242,0.5986877042168083,0.37917863855550904,0.19669282457350334,0.16235734657829257,0.27593120742619603,0.27593120742619603
Nematodes_94,wormbodies_nematodes_1_00_softmax_pu,0.043070526734210295,0.6683362163535519,0.7923844110024346,0.8886330283021807,0.9639691312988603,0.9824873319893335,0.055853277365006566,0.07105797338981966,0.10342177847122534,0.2478235305113273,0.7041374278100088,0.9140977359524407,0.8042574312424011,0.44630727971176787,0.27394976170337193,0.19911967887941479,0.4129615025261287,0.4129615025261287
Paraphelenchus_1,wormbodies_nematodes_1_00_softmax_pu,0.08253394667843218,0.5736733465742239,0.7539866961880723,0.8698510215779044,0.9642223174114037,0.9823051631092125,0.10562340286873752,0.12998018133806233,0.17327977986018744,0.31485160442445487,0.53941072658938,0.8067981945503061,0.591946473188864,0.3410382218465673,0.20135094995163708,0.16880381726712984,0.2998827100247223,0.2998827100247223
Panagrolaimus_3,wormbodies_nematodes_1_00_softmax_pu,0.09383210571413624,0.6648264997290345,0.7864726233751516,0.8855305302563986,0.9648500247013702,0.9826664959069352,0.1304008312830024,0.1778261751740842,0.2857496812425069,0.6783198906921873,0.6546956551888844,0.9437777253366757,0.8689971164652428,0.6179881121759917,0.3654220410632191,0.29859723381377,0.4825422896085976,0.4825422896085976
Nematodes_142,wormbodies_nematodes_1_00_softmax_pu,0.09208626730352526,0.673450160484806,0.7932102096044092,0.8884642385904408,0.9651410215073813,0.9833285067304942,0.12492388653931666,0.16691576212552844,0.26111639538221976,0.6281403547222761,0.8527281306348806,0.9493527966388037,0.6796973147140264,0.44854539513440295,0.27187673275837504,0.21634027348209325,0.4884606212306841,0.4884606212306841
Hemicycliophora_1,wormbodies_nematodes_1_00_softmax_pu,0.1199856737420898,0.6347389025758816,0.7695982786598673,0.8779024692146232,0.9638217268151726,0.9823658191156247,0.16545959198224838,0.2229211297821635,0.3457577577396141,0.7063973638063259,0.7745510177507849,0.956678103561972,0.7714179953100768,0.5109449148269858,0.31383670161620947,0.2645600398567825,0.3326760032280293,0.3326760032280293
Aphelenchoides_5,wormbodies_nematodes_1_00_softmax_pu,0.03620356146263309,0.6263594940177553,0.7728447883972176,0.883762771528464,0.9648322383035544,0.9827517487072225,0.046632708510709636,0.05890397549199136,0.08519543393488066,0.20276812288313967,0.53139428090705,0.8462653648906224,0.5339903897399175,0.2160101324954188,0.09693000233391526,0.08205107984525745,0.20984936131471188,0.20984936131471188
Plectus_8,wormbodies_nematodes_1_00_softmax_pu,0.17675743285328005,0.5962266886899221,0.748757476235506,0.8708797238949167,0.9633819796116604,0.9828627424122472,0.24399276096226385,0.32537684053527444,0.4721206402348256,0.7811961965371443,0.9407701044713251,0.973327576308916,0.7972939830452941,0.5631474391245196,0.4179315178897398,0.3762061534094806,0.5782269652020762,0.5782269652020762
Bursaphelenchus_1,wormbodies_nematodes_1_00_softmax_pu,0.13947361291223095,0.66328580726942,0.7880186888717178,0.8841278008223503,0.964880765502676,0.9826381258577566,0.19250853239460744,0.25922534231574706,0.4007894276817951,0.7896023529700721,0.9470921513616202,0.9849922755261145,0.9600799754304865,0.821258686335868,0.6507529092207878,0.5943688788856094,0.4610666904436748,0.4610666904436748
Dorylaimoides_2,wormbodies_nematodes_1_00_softmax_pu,0.08011814857634432,0.6422084252282074,0.7837809697901857,0.8907980951184242,0.9657080235899868,0.9835106705255023,0.09891518638552817,0.1156938849324646,0.14566710802293245,0.25190759605664087,0.5672717990172108,0.9739554462711194,0.8878879861087277,0.42055342066505164,0.22042784284245306,0.16998747968293973,0.36925135504985207,0.36925135504985207
Radopholus_1,wormbodies_nematodes_1_00_softmax_pu,0.03933097238921115,0.6067653868951105,0.7686854493805598,0.8756666379423799,0.9652972840765387,0.9831213010278215,0.0475082882696543,0.05609025071985922,0.07267781776302903,0.1357991080616161,0.35512052917412235,0.75563881067086,0.3520313572539458,0.19048753147518288,0.10162960720876976,0.09850826779546128,0.18025660937268848,0.18025660937268848
Nematodes_122,wormbodies_nematodes_1_00_softmax_pu,0.09988501911028734,0.6954896229475259,0.8064393388623835,0.8925821742127609,0.9660423465143434,0.9834080581861309,0.13685197238528454,0.18456370532394223,0.2925101020885241,0.7021372654677202,0.8981845417071181,0.9730793924450218,0.8729537080551566,0.4767458222340651,0.3020070001403339,0.2447686671176685,0.5727091403583014,0.5727091403583014
Longidorella_4,wormbodies_nematodes_1_00_softmax_pu,0.10427116736288233,0.6021114322048702,0.7586002227747355,0.875466141739297,0.9644751058161373,0.9827870463288627,0.1429081612812857,0.19167070200262848,0.2961308615549915,0.6166750017480384,0.701817814678776,0.9608992947598041,0.81822523469768,0.5631796982632503,0.33478081429314294,0.2842263787557832,0.3860900642707146,0.3860900642707146
Aphelenchoides_2,wormbodies_nematodes_1_00_softmax_pu,0.044005810302208834,0.5969411897220696,0.7704657111656047,0.8806645417629362,0.9648547781371878,0.9831353735403854,0.057380516408556154,0.07322628703293266,0.1070041130822623,0.2400154984897745,0.5124564694008539,0.8673886388877906,0.5267812786288287,0.30976499725459594,0.13503066628739144,0.10216244229597723,0.23574607729008984,0.23574607729008984
Terschellingia_1,wormbodies_nematodes_1_00_softmax_pu,0.047992786680142584,0.6531921064690949,0.7864957084618638,0.8862131423416161,0.9651037107402486,0.9832246612653369,0.06181819730903837,0.07896737989233191,0.11742198747467075,0.2987417990689993,0.49183433550822053,0.8363227359107104,0.6887689715789618,0.5496757149969027,0.34287631734234275,0.28162020548546657,0.2739228077388849,0.2739228077388849
Dorylaimellus_1,wormbodies_nematodes_1_00_softmax_pu,0.14911704152625443,0.6607149984376062,0.7878132562327728,0.8865055588831272,0.9658075922000682,0.9830194694718895,0.20752658457043172,0.28118422263575865,0.43218094408764296,0.8099746780559468,0.8200317727883704,0.9860789762827288,0.9365242672293461,0.7252669222103775,0.568547591224506,0.5055946295188646,0.3657092326155899,0.3657092326155899
Rhabditis_1,wormbodies_nematodes_1_00_softmax_pu,0.09020535761253576,0.6184711116484285,0.7643379158547668,0.8768314988991114,0.9638900342519195,0.9822904107694147,0.1221925758953867,0.16158941978849264,0.24696363775413863,0.5604083282395774,0.58239742990929,0.9539751915443082,0.799830426605838,0.5183262156651182,0.2908541282191438,0.24597107033011098,0.3676135425530928,0.3676135425530928
Nematodes_24,wormbodies_nematodes_1_00_softmax_pu,0.053576325741920165,0.6720505698673978,0.7921589328150463,0.8862702269874719,0.9645215034057928,0.9830850177233845,0.07104635921934044,0.09264771647325531,0.14052245880206357,0.3614741609406206,0.6711000835196799,0.8916027951902461,0.6799023573412959,0.5551226770195241,0.3137908744493396,0.24060860208319146,0.4155921535381366,0.4155921535381366
Nematodes_19,wormbodies_nematodes_1_00_softmax_pu,0.05497535664503394,0.6420537885839305,0.7802909996468058,0.8831546171492116,0.9656932464381274,0.9831099910264083,0.07245230008990965,0.09382446962038378,0.14087793586633382,0.34283664015341886,0.7318679621331934,0.8792266781289243,0.6687965155666877,0.4050024768766114,0.1787282778481357,0.1409397578079007,0.3635558231545501,0.3635558231545501
Nematodes_15,wormbodies_nematodes_1_00_softmax_pu,0.05225750630284124,0.6458331244826108,0.7832264845886472,0.8838264840549892,0.9656528139232584,0.9833416410716306,0.0686186508414964,0.08861512862918122,0.13269211930568153,0.3290825823206267,0.7044132427391652,0.8822307558458199,0.6663743177700949,0.39735953682007824,0.1794310426633507,0.1398836902902803,0.3534244044579027,0.3534244044579027
Nematodes_40,wormbodies_nematodes_1_00_softmax_pu,0.038926351977967615,0.6469956245330507,0.7814700577177944,0.88455996440004,0.9644615440362243,0.983595294328717,0.04779208447618363,0.05716992159530893,0.07650688535817654,0.15951575320425412,0.6344572360700315,0.9066540752984713,0.6041249306097034,0.30484506909643594,0.22264812970042758,0.17874340083779924,0.34641337812051026,0.34641337812051026
Anguinoides_2,wormbodies_nematodes_1_00_softmax_pu,0.057758435649539724,0.6011868529852809,0.7564072720627218,0.8700584248378921,0.96418129851678,0.9824428971551689,0.07721249108933304,0.10154483811150888,0.15576575038178211,0.3854771665733906,0.49377743138445723,0.9617114647703255,0.7841423531349521,0.5196112315285737,0.24464456419701683,0.1862284598020949,0.28351515263461113,0.28351515263461113
Trophurus_1,wormbodies_nematodes_1_00_softmax_pu,0.055116137487545715,0.6220177624218125,0.780103966290489,0.8844993953830329,0.9647327741463856,0.9821639275108927,0.07242874208121305,0.09316349795319924,0.1349869425395603,0.29604980365649575,0.3900273206287009,0.8114754383778023,0.6041820065367625,0.3822297126369761,0.2279205510171928,0.19549957500880885,0.21621011930902623,0.21621011930902623
Nematodes_107,wormbodies_nematodes_1_00_softmax_pu,0.07749844267100403,0.6781046475200736,0.7940515717907395,0.8874411109113194,0.9655153369879339,0.9830316520764755,0.1050561093558041,0.14030509277695402,0.21982244659739922,0.556075260980987,0.91972539455761,0.9521847377803638,0.7765993660238881,0.474109845345986,0.262896925158424,0.2007893135341204,0.5633186474057235,0.5633186474057235
Paratrichodorus_2,wormbodies_nematodes_1_00_softmax_pu,0.045122133292587276,0.661940333910784,0.7980502985570017,0.8918647574469003,0.9651445711908541,0.9834015693313324,0.057548020322346086,0.0728589631204422,0.10691369007971838,0.26692715755275215,0.5949364068883191,0.9385421778843147,0.8044373235769194,0.42833672335120015,0.22815736134986714,0.18195116917548995,0.42738013417251747,0.42738013417251747
Cephalobus_2,wormbodies_nematodes_1_00_softmax_pu,0.06012921163135517,0.7026312973746779,0.8145009529715058,0.8985398328311222,0.9677947692712792,0.9837374782405237,0.08193486935148188,0.10962088248967958,0.17205878493810592,0.45302175372136344,0.7017431134522951,0.9535749861959241,0.8364001820094107,0.5547059810016618,0.3086589072485835,0.2708988304617197,0.4794380346318989,0.4794380346318989
Domorganus_2,wormbodies_nematodes_1_00_softmax_pu,0.037138855027201594,0.6084811789262092,0.759171415359361,0.8784179612278163,0.965021538494471,0.9827689525961281,0.04604645793330762,0.056465644631069956,0.078893191394693,0.17863939743163576,0.5989702884279886,0.7783797368212246,0.5525613388887587,0.3005632129264443,0.15805590450529727,0.13370398300167682,0.3913014374311277,0.3913014374311277
Nematodes_140,wormbodies_nematodes_1_00_softmax_pu,0.043612642518958813,0.6941952122765229,0.8009606604113526,0.8899211657401832,0.9651854828350676,0.9830759312860243,0.0565310969740977,0.07261420814249278,0.10883303804908095,0.28251328760288325,0.7771253542327302,0.914627781752877,0.7216049990032523,0.4883939585713786,0.2714544252861401,0.20205277784249914,0.48147923535716936,0.48147923535716936
Nematodes_121,wormbodies_nematodes_1_00_softmax_pu,0.06331301196390272,0.6787877086967697,0.7953651058805856,0.8914003795124296,0.9665722291966172,0.9835003055550888,0.08405821238133576,0.110165203655181,0.1687679943138239,0.4371032387812632,0.870742870416754,0.9246486996002232,0.7064528587288984,0.4841034818768222,0.2627980369750347,0.20303399625614768,0.5578802664599145,0.5578802664599145
Teratocephalus_1,wormbodies_nematodes_1_00_softmax_pu,0.12540177933442742,0.623224791288263,0.7671582161514114,0.8786387618303256,0.9647832500863766,0.9826535300361837,0.17027664710582216,0.2260496020181971,0.34133772978883564,0.6806322326447062,0.941792851913487,0.9698249062686436,0.8641236558309339,0.5964322646009208,0.46429260615275125,0.41537590058431134,0.49825231036564993,0.49825231036564993
Laimaphelenchus_1,wormbodies_nematodes_1_00_softmax_pu,0.11904614355838312,0.5117860613334618,0.7191032504316541,0.8612758664690874,0.962065347853707,0.9818312677786393,0.1586347143460065,0.20112524857333,0.2738687793070069,0.4673343263598893,0.6649566191596866,0.9314507914438908,0.8124181062440585,0.43588112324599665,0.24699332259994017,0.22642217144173482,0.2416077665338193,0.2416077665338193
Nematodes_155,wormbodies_nematodes_1_00_softmax_pu,0.05602168012192916,0.6838630202554319,0.7974114340501782,0.8884430136509569,0.9644844900614782,0.9825147446236074,0.07450858530169185,0.09793458786672754,0.15067930807896704,0.3950012009237282,0.8285137729649401,0.966274986574787,0.8583967426855686,0.49948457960426496,0.2100955118484394,0.1746424148093514,0.49045011853053383,0.49045011853053383
