Coverage,Equally-w. class avg. (Mean Risk),Equally-w. class avg. (Std Dev),Imbalance-w. class avg. (Mean Risk),Imbalance-w. class avg. (Std Dev),Mean (Mean Risk),Mean (Std Dev),Threshold 0.3 (Mean Risk),Threshold 0.3 (Std Dev),Threshold 0.5 (Mean Risk),Threshold 0.5 (Std Dev),Threshold 0.7 (Mean Risk),Threshold 0.7 (Std Dev),Quantile 0.6 (Mean Risk),Quantile 0.6 (Std Dev),Quantile 0.75 (Mean Risk),Quantile 0.75 (Std Dev),Quantile 0.9 (Mean Risk),Quantile 0.9 (Std Dev),Quantile fg. ratio (Mean Risk),Quantile fg. ratio (Std Dev),Patch 10 (Mean Risk),Patch 10 (Std Dev),Patch 20 (Mean Risk),Patch 20 (Std Dev),Patch 50 (Mean Risk),Patch 50 (Std Dev)
0.0,0.31657022173835775,0.0002885828521789757,0.3731646922289381,0.000629754921575576,0.25882820750435737,0.11370672980300273,0.2837904893405477,0.03249114954563154,0.3683402692341574,0.11057744681005158,0.45683496511797694,0.022082750926232103,0.2588282075043578,0.11370672980300228,0.25882820750435476,0.11370672980300534,0.2588282075043575,0.11370672980300461,0.1470690282771761,0.0019475505758232425,0.2878403412993553,0.028441297586824343,0.34469687094894474,0.027838066358411906,0.3731646922289368,0.0006297549215728004
0.03333333333333333,0.31657022173835775,0.0002885828521789757,0.3731646922289381,0.000629754921575576,0.25882820750435737,0.11370672980300273,0.2837904893405477,0.03249114954563154,0.3683402692341574,0.11057744681005158,0.45683496511797694,0.022082750926232103,0.2588282075043578,0.11370672980300228,0.25882820750435476,0.11370672980300534,0.2588282075043575,0.11370672980300461,0.1470690282771761,0.0019475505758232425,0.2878403412993553,0.028441297586824343,0.34469687094894474,0.027838066358411906,0.3731646922289368,0.0006297549215728004
0.06666666666666667,0.28757557740333817,0.0005533467481957932,0.30691532412610056,0.04745736170016704,0.2601168602530558,0.0006588978271227786,0.2583640905311577,0.025714981661569575,0.36644167007322415,0.11247604597098484,0.45693341601089954,0.021984300033309506,0.260116860253056,0.0006588978271225565,0.2601168602530545,0.0006588978271240831,0.24588294961306265,0.014892808467116964,0.2102731513731984,0.050502606706980535,0.3162686061241519,0.02813968197261718,0.3448674569836455,0.00045916888687660973,0.3448674569836483,0.00045916888687572155
0.1,0.24973813965249864,0.00048768032555163154,0.28552982016119366,0.0003908300073171278,0.2666399924397712,0.012637725909074887,0.2947600098614733,0.047234091189294156,0.3768276725372145,0.10209004350699452,0.42536159070126056,0.053556125342948485,0.2666399924397714,0.012637725909074748,0.2822083542513603,0.0029306359025141893,0.2789346474148239,0.00034307093402291544,0.2523006809079548,0.03361996926055538,0.28161041031801054,0.03138459033995977,0.2789346474148221,0.0003430709340228877,0.28381766973644557,0.004539951387598107
0.13333333333333333,0.2240708618086678,0.00012112739979174003,0.2840689293241958,0.009441968023732622,0.2638087500768604,0.029702147271067403,0.3042190575685494,0.0042967526128347144,0.41257097958507777,0.06634673645913125,0.42091221182461813,0.058005504219590914,0.2638087500768605,0.029702147271067292,0.2840689293241947,0.009441968023733094,0.27302974130814983,0.02048115603977843,0.2754850214355527,0.018025875912375255,0.24797506480780174,0.024025330398925293,0.2723156365401525,0.0014778067485797242,0.25271680159882287,0.00016821633045177586
0.16666666666666666,0.24165297674002267,0.012265700217180486,0.26924892103444054,0.014663429667853417,0.2692489210344402,0.014663429667853278,0.3213662351921672,0.03139470607152092,0.415202049003219,0.06371566704099005,0.4162497049527335,0.06266801109147549,0.2692489210344403,0.014663429667853195,0.26924892103443965,0.014663429667853833,0.2766257140194718,0.007286636682822117,0.26206779628952004,0.00748230492293353,0.3074226069468445,0.02231452630116243,0.26031131297326754,0.006392636016065212,0.2510343451650562,0.0003773020023147555
0.2,0.2585812604132147,0.005099139649726275,0.25979128890082304,0.005753489462847983,0.27162637005960943,0.006661993155697266,0.34027302449950286,0.026105747271725044,0.4003870935622462,0.07853062248196277,0.40763193261265973,0.07128578343154929,0.27162637005960955,0.006661993155697182,0.271626370059609,0.00666199315569771,0.2652545776337914,0.0002902007298795084,0.2652545776337913,0.0002902007298793974,0.3088152782535885,0.008926136523768224,0.30779489006155886,0.007905748331739515,0.26778027432691737,0.016575830724046114
0.23333333333333334,0.265614352643297,0.013616695597417905,0.26318019265577053,0.00016796391028642277,0.2631801926557703,0.00016796391028631175,0.34928007514107784,0.026774560759074223,0.4041890105352927,0.0747287055089163,0.42365607091494656,0.05526164512926246,0.2631801926557704,0.00016796391028625623,0.26318019265577,0.00016796391028670032,0.2631801926557703,0.00016796391028656155,0.26318019265577025,0.00016796391028650604,0.30769805379511006,0.014750312341704819,0.3132692448194099,0.0058454372788533104,0.29295452169816105,0.012846128961082809
0.26666666666666666,0.27491168908967756,0.00010524863591754308,0.28693163745094885,0.00018951048714105356,0.27413040237513897,0.000135493906856049,0.3308003345062844,0.01638765661901792,0.40551587111449194,0.07340184492971707,0.41148810159525107,0.06742961444895793,0.2741304023751391,0.0001354939068559935,0.27413040237513864,0.00013549390685638207,0.26841323844917997,0.0058526578328153,0.2626052852073388,4.4704590974109504e-05,0.311734927597514,0.0010971632871685788,0.3286142110016513,0.0016900842153079743,0.29356079886449743,0.006439650926407359
0.3,0.3011058550648885,0.003723675162291412,0.2940261077798123,0.0001582541977747376,0.28327875384761536,0.010905608129971461,0.34508109650584007,0.02392723741683278,0.4112179926704347,0.06769972337377433,0.43430887975259824,0.044608836291610804,0.28327875384761536,0.010905608129971434,0.28327875384761503,0.010905608129971767,0.2832787538476153,0.010905608129971656,0.27240268356327,2.9537845626342873e-05,0.3140528468299877,0.016679108635763634,0.3157129795828829,0.00280839309330172,0.3065033986505581,0.011914183303652126
0.3333333333333333,0.3112155572619095,0.00848422869678453,0.29048159030866294,6.0617713575988885e-05,0.31533507388638454,0.02491410129129773,0.3657361673617968,0.04162868675233386,0.41579938009377343,0.06311833595043559,0.4397544546557044,0.039163261388504594,0.3153350738863846,0.024914101291297674,0.31533507388638427,0.024914101291298008,0.31917957644142614,0.02106959873625633,0.2904815903086627,6.0617713576044396e-05,0.3231072186158205,0.01796252337072543,0.31383072907628395,0.002852406193695478,0.31792012755948496,0.017702467094482033
0.36666666666666664,0.3212039411018524,0.0013131437963752601,0.3325926289085932,0.00015778692785500814,0.3325926289085931,0.00015778692785498039,0.3724797574129799,0.028442932291662754,0.4109283400927015,0.06798937595150747,0.4283192449096043,0.050598471134604694,0.3325926289085931,0.00015778692785492487,0.31571470922300404,0.017035706613443974,0.322463898442941,0.01028651739350725,0.31400737844769677,0.001829997398263089,0.3393987631340485,0.022435765841831514,0.32742027654536876,3.2211678561183676e-05,0.3202542577769557,0.016738107753338283
0.4,0.32428024109795606,0.0030052564337884335,0.34524123052074296,0.0004478316873502697,0.34446192470110487,0.00795837765590346,0.38560436545443977,0.029364966680584276,0.40284824070569336,0.07606947533851569,0.4352196405956401,0.04369807544856891,0.3444619247011049,0.007958377655903404,0.34446192470110465,0.007958377655903681,0.33483954807967187,0.01690534022149945,0.3296832057879289,0.003936260079820286,0.3488359536934167,0.01088745166862018,0.3523642148959858,0.004801622195643757,0.34709031794435297,0.024722058289961657
0.43333333333333335,0.33941955400675744,0.0010448699858614519,0.3586301147328905,0.002764203810551036,0.35522453420520383,0.006799299647402529,0.3788806385213149,0.031158257797774674,0.41117714473925804,0.06774057130495101,0.4390252615112058,0.039892454533003247,0.35522453420520383,0.006799299647402501,0.352944834419994,0.0015768321018928277,0.3403982736431339,0.013499933750288046,0.34055155104145074,0.0032674823362746352,0.348073306829768,0.002678365407513955,0.3628870941537323,0.0002469257917522283,0.35903061720373564,0.017653577609742094
0.4666666666666667,0.35137299657431764,0.004821403234051808,0.36414678552718677,0.006467060902564548,0.36770671418415346,0.0034916821755365812,0.3941138057626947,0.022370689759669854,0.4164282567220248,0.06248945932218419,0.45145552304358877,0.02746219300062025,0.3637520830251767,0.00046294898344020896,0.3680975778286497,0.0011499757568971258,0.353951059054059,0.01529649453148793,0.35868866577606995,0.014488471930285213,0.36014088438669223,0.004383602426615063,0.3628936222581375,0.0010939183128791663,0.36014444122965117,0.008045369841728628
0.5,0.3518748192676323,0.002987316176523952,0.3775123871087954,0.00631313983118395,0.37953782726044094,0.004287699679538265,0.39097792730865755,0.01503420475971809,0.42358993194480254,0.0553277840994065,0.4562820471782622,0.022635668865946812,0.3758468381787293,0.0005967105978265941,0.3758494625236991,0.0005993349427967642,0.37178902994342267,0.0055398673332063,0.3701388427319642,0.015533509464902479,0.36547155146511323,0.0001906522008338074,0.3824733438043043,0.00537794893375354,0.36326307372014527,0.005696619046504425
0.5333333333333333,0.35940032142503514,0.0032743626522052094,0.38358100151979724,1.0942732289770383e-05,0.3826206546814672,0.0009494041060400804,0.3996381851625719,0.016027723927746595,0.43543111888353786,0.04348659716067116,0.4507856860567557,0.028132029987453344,0.38519829433541,0.0016282355479026456,0.38345491109637275,0.004503671219968863,0.37910044985210634,0.0044745295822197495,0.3772786555771158,0.014118312844933034,0.3752423156049436,0.00116666934530954,0.3954840707714923,0.004741620037456984,0.3815984322767105,0.0006559649696559755
0.5666666666666667,0.3662017247776057,0.002433827837009017,0.39308875293057477,0.0008997780113808862,0.39308875293057466,0.0008997780113808307,0.40000887805957924,0.005505558421910084,0.44402135867511017,0.03489635736909888,0.45484308896836523,0.024074627075843763,0.3991846756680839,0.005196144726128393,0.39547865684130334,0.0014901258993477995,0.39366792555214547,0.00757985948229814,0.3827390464525764,0.007972102444671308,0.3836070717800705,0.010896247857598657,0.4091037878629274,0.0010373949033290475,0.38316153784262896,0.0009462086929367397
0.6,0.3769982378311689,0.0023023038084131475,0.4092855484123465,0.0008154349570740904,0.40928554841234643,0.0008154349570740349,0.39750852043114937,0.006243694420841134,0.45303619212698965,0.0258815239172194,0.45322549106322185,0.025692224980987194,0.40928554841234643,0.0008154349570740349,0.40640456367793265,0.00369641969148779,0.4029195820862497,0.00021143809980456174,0.3960046895604618,0.00024849045092645294,0.3987727592062132,0.004958451288475885,0.40627132970693675,0.002180789377884851,0.3914656740011113,0.009303457428941009
0.6333333333333333,0.386580501506108,0.00875752081751316,0.4123502432158199,0.0009518266452244184,0.4123502432158199,0.0009518266452244462,0.40629150276340026,0.0037057076613616347,0.4567883137387222,0.022129402305486795,0.4539096705753294,0.025008045468879636,0.4123502432158199,0.0009518266452244462,0.4112049755530732,0.00019344101752222231,0.4045780786834323,0.0002172148713423805,0.4008623279261324,0.0007781342700834137,0.40252710348272536,5.869161931315592e-05,0.4099888747936048,0.0008358742100325334,0.3999194919843597,0.009262072268533345
0.6666666666666666,0.3906272139147197,0.0066815180023076515,0.41505076510994915,0.0007083077082721823,0.4150507651099491,0.0007083077082721267,0.4189865816078062,0.0010024672315019634,0.46479265330235486,0.014125062741854127,0.4525642126652415,0.026353503378967552,0.4150507651099491,0.0007083077082721267,0.41505971770082967,0.0006993551173915535,0.40790406461593404,0.004681732014303386,0.40732753096161434,0.007014926440062547,0.40957228091340414,0.010416767925903903,0.42237205751387463,0.005653078738507927,0.4112981363357472,0.005911114177281712
0.7,0.40210688161322294,0.011218530001739863,0.426748530911893,0.0005761751767787704,0.4199972437024942,0.00617511203262,0.43281837472510776,0.0001978773272615919,0.4674102191238675,0.011507496920341559,0.4507661023082722,0.02815161373593686,0.41456147231928153,0.0007393406494073108,0.4159915368207219,0.0006907238520333092,0.41329393339195497,0.003388327280800213,0.413302479826281,0.0005196518435932884,0.4243565047400789,0.008263992657767172,0.42427313984640824,0.009242717072044743,0.4169287990326776,0.004156751052259988
0.7333333333333333,0.4138817693874597,0.006553182129350715,0.4271148236448152,0.0005653966108912778,0.4257497620752583,0.0007996649586655413,0.4343157254884123,0.0003669354592269469,0.4646899398543594,0.014227776189849606,0.45613025873839363,0.022787457305815356,0.4257497620752583,0.0007996649586655413,0.4142799566994581,0.0005114425201233619,0.41389583196950763,0.0008955672500738365,0.4173388037833713,0.0035702896040364085,0.4368046028877465,0.0062772501921910815,0.42292122096332707,0.006171662201794964,0.4216958435176649,0.0049462847561326795
0.7666666666666667,0.42461316406412536,0.006178414408375077,0.4285153614212269,0.0031219634069453717,0.4314834516627813,0.00688877190846704,0.43197585349445367,0.00038405274912725607,0.46573666545998116,0.013181050584227832,0.45496493776160785,0.0239527782826012,0.4314834516627813,0.00688877190846704,0.4240336560141623,0.0046215521773361745,0.4240336560141624,0.004621552177336119,0.426959509746601,0.007547405909774735,0.44361194810693116,0.012084389548472935,0.4316912202990637,0.0004242132294491052,0.4318351589847461,0.00874340414170921
0.8,0.4365313642212144,0.006979334610761778,0.43389491396985447,0.004342884359401722,0.4378458290118134,0.00039196931744267527,0.4435102516068181,0.0015499113565589362,0.4700300353896047,0.008887680654604324,0.4602357818273853,0.018681934216823737,0.4342917679768232,0.0039460303524329055,0.43180845034969345,0.006429347979562627,0.42995632364048375,0.004577221270352733,0.43525057220575647,0.005698542595303807,0.4501287741103299,0.005449025079935471,0.44279636378613463,0.0018833852442598498,0.4372948227468476,0.0005547714452943109
0.8333333333333334,0.44210490492766474,0.007230153756184604,0.43918622457289525,0.00431147340141505,0.44652799982176217,0.0040674917697206825,0.44997946574485437,0.003631060828021171,0.4684019490249133,0.010515767019295769,0.4661257142171724,0.012792001827036603,0.4429791030131758,0.0005185949611344054,0.4391862245728951,0.0043114734014151335,0.4409570797406401,0.006082328569159967,0.4422656981202026,0.007390946948722499,0.45292155663095623,0.000316497298129631,0.44773161639652426,0.0019503542508788885,0.44773161639652437,0.0019503542508788052
0.8666666666666667,0.448379354932667,0.0020299788710258504,0.45109888900725226,0.004078902502081677,0.4547458875075221,0.0004319040018118392,0.4521621164769004,0.0014192134774827225,0.46831821643908067,0.010599499605128376,0.47151658523993273,0.00740113080427629,0.4507635837854876,0.0044142077238463195,0.45076358378548753,0.004414207723846403,0.4488814447522941,0.0018614582471236096,0.4450275696766547,0.004070974342059219,0.4556500233941676,0.0020686934397845524,0.45727756133922237,0.00044115549472989457,0.4488814447522941,0.0018614582471236374
0.9,0.45942478269323883,0.002259482968781784,0.45887920225595547,0.0012594004985441443,0.4604765992608042,0.0028567975033930437,0.4583412825708445,0.0007214808134333728,0.46868020708659597,0.010237508957613023,0.47383147858610214,0.005086237458106879,0.4604765992608042,0.0028567975033930437,0.4604765992608042,0.0028567975033930992,0.4580312499431971,0.00041144818578589537,0.45595979169234524,0.0041788110621543695,0.458031249943197,0.0004114481857859231,0.458031249943197,0.00041144818578597864,0.4580312499431971,0.0004114481857859509
0.9333333333333333,0.4623644406035564,0.00034780517595559007,0.46278231949060594,0.0003274142455136353,0.4667012656199687,0.0011244989429645136,0.46588359731838036,0.0003068306413762101,0.4725540720019828,0.006363644042226224,0.4739836387766697,0.0049340772675392774,0.4667012656199687,0.0011244989429645136,0.46588359731838036,0.0003068306413762656,0.46588359731838036,0.0003068306413761823,0.4627823194906059,0.0003274142455136353,0.4627823194906057,0.0003274142455136353,0.46540608327580424,0.002951178030712181,0.46588359731838036,0.00030683064137623783
0.9666666666666667,0.46979659701199683,0.0002489897196231161,0.4702000662822516,0.00022930192471365407,0.47352282829708014,0.0035520639395422438,0.475239848825636,0.0002560977251606089,0.47720683129750285,0.0017108847467061927,0.4757195996033332,0.0031981164408758367,0.47352282829708014,0.0035520639395422438,0.47020006628225147,0.00022930192471370958,0.4752398488256361,0.00025609772516058116,0.4702000662822515,0.00022930192471365407,0.4722455116126123,0.0002759715498450166,0.47224551161261225,0.00027597154984509986,0.4752398488256361,0.00025609772516063667
1.0,0.47910056044046956,0.000182844396260623,0.47910056044046967,0.00018284439626065074,0.4791005604404696,0.00018284439626065074,0.47910056044046956,0.00018284439626065074,0.4791005604404696,0.00018284439626059523,0.4791005604404696,0.00018284439626059523,0.4791005604404696,0.00018284439626065074,0.47910056044046956,0.00018284439626070625,0.47910056044046956,0.000182844396260623,0.4791005604404696,0.00018284439626065074,0.4791005604404695,0.00018284439626065074,0.4791005604404695,0.00018284439626070625,0.47910056044046956,0.0001828443962606785
0.0,0.21113174706586857,0.0,0.1767089438761409,0.0,0.17670894387614,0.0,0.2635255067627654,0.0,0.06335755337326632,0.0,0.12652507501844468,0.0,0.15464955439216976,0.0,0.15464955439216044,0.0,0.2476893998508738,0.0,0.027839295854635404,0.0,0.1767089438761532,0.0,0.176708943876156,0.0,0.07777521347795846,0.0
0.005,0.21113174706586857,0.0,0.1767089438761409,0.0,0.17670894387614,0.0,0.2635255067627654,0.0,0.06335755337326632,0.0,0.12652507501844468,0.0,0.15464955439216976,0.0,0.15464955439216044,0.0,0.2476893998508738,0.0,0.027839295854635404,0.0,0.1767089438761532,0.0,0.176708943876156,0.0,0.07777521347795846,0.0
0.01,0.13724465021956378,0.0,0.34535746350728447,0.0,0.16567924913415494,0.0,0.21772431128811787,0.0,0.10129277274979903,0.0,0.09494131419585183,0.0,0.15192891580698326,0.0,0.1519289158069786,0.0,0.20116947712152183,0.0,0.2709226394965317,0.0,0.15796846800124248,0.0,0.17431602984481315,0.0,0.12926433723919628,0.0
0.015,0.16059815110969947,0.0,0.2817881604689129,0.0,0.1544465189579479,0.0,0.20829240132602625,0.0,0.1535102260140426,0.0,0.18566883732377262,0.0,0.1276308984133614,0.0,0.12763089841335828,0.0,0.1838490771549468,0.0,0.2283383156255415,0.0,0.12643149645858132,0.0,0.13732987102096175,0.0,0.13498588135452375,0.0
0.02,0.15234741079563277,0.0,0.2568522858180071,0.0,0.13559360512499033,0.0,0.25528470944084225,0.0,0.15930990547956705,0.0,0.217413897434391,0.0,0.11870495865224054,0.0,0.11870495865223821,0.0,0.21792849579487358,0.0,0.28138854234824906,0.0,0.13163237310355053,0.0,0.1379856112311077,0.0,0.1470866966136859,0.0
0.025,0.16464642757014614,0.0,0.22128880137962925,0.0,0.1448838164730502,0.0,0.240066717534937,0.0,0.18850516262227565,0.0,0.20337811855520443,0.0,0.13030575569702052,0.0,0.14450184689196519,0.0,0.18989783933149082,0.0,0.2806013587291165,0.0,0.15689492499134636,0.0,0.14706631746312063,0.0,0.1613752675946879,0.0
0.03,0.16577452007639534,0.0,0.2064041775839467,0.0,0.14200237870311394,0.0,0.22326026330016946,0.0,0.20919581514627072,0.0,0.2238038467756133,0.0,0.1448945955947751,0.0,0.15672467159056233,0.0,0.18145286479729764,0.0,0.24732413637398168,0.0,0.15939962346170036,0.0,0.14696009281679698,0.0,0.16025431539426824,0.0
0.035,0.186479113178702,0.0,0.19795143836316262,0.0,0.14274989646530598,0.0,0.20667712057843243,0.0,0.20034427055944035,0.0,0.23146795784375232,0.0,0.14304980459631206,0.0,0.14544617757447625,0.0,0.16866347545038055,0.0,0.23723625173143295,0.0,0.16282669759448207,0.0,0.14585550700387337,0.0,0.15735410346102213,0.0
0.04,0.18419763824321378,0.0,0.18915690729944637,0.0,0.12838607138897123,0.0,0.21180365548748753,0.0,0.19358916001944193,0.0,0.22512864573833752,0.0,0.14111797775345214,0.0,0.14376303770335844,0.0,0.15550023519074035,0.0,0.2761220631864272,0.0,0.15828899477247402,0.0,0.13911446104949893,0.0,0.15633587518111897,0.0
0.045,0.1800906787760187,0.0,0.18368978780634626,0.0,0.12967126699703505,0.0,0.2045398014983421,0.0,0.1932641646329794,0.0,0.21637028357179477,0.0,0.13407989283395297,0.0,0.14196661016447779,0.0,0.15732499970437702,0.0,0.2524815620960752,0.0,0.17544011510511537,0.0,0.1322989890971057,0.0,0.14774687389722996,0.0
0.05,0.18685055088350416,0.0,0.1867050584925316,0.0,0.12589685423421934,0.0,0.19590582187267644,0.0,0.18596694715536163,0.0,0.2198279513029921,0.0,0.145440843535645,0.0,0.15978662431949542,0.0,0.15631600003778515,0.0,0.2487277457245856,0.0,0.18896677077385798,0.0,0.15013975736664928,0.0,0.14216490044439473,0.0
0.055,0.19267749724716451,0.0,0.17808888402674491,0.0,0.1338919124554903,0.0,0.1851666756549749,0.0,0.19187422113067132,0.0,0.21239287633740078,0.0,0.1437326584192846,0.0,0.15864556783940112,0.0,0.15541717908754818,0.0,0.2819862578305894,0.0,0.18652996686055856,0.0,0.14987568879135918,0.0,0.14487019275067434,0.0
0.06,0.19877942085530476,0.0,0.16556808501240183,0.0,0.12801404919863768,0.0,0.18547304315155655,0.0,0.18642845895465018,0.0,0.20117473776578068,0.0,0.14325844744113483,0.0,0.15597933779075776,0.0,0.1523157479337263,0.0,0.27365779150014774,0.0,0.1829166086124754,0.0,0.15057411793727402,0.0,0.1561551056673529,0.0
0.065,0.1981551732157643,0.0,0.16257444826188483,0.0,0.1372198454026558,0.0,0.19769202695073293,0.0,0.18619466537284418,0.0,0.19980661504465697,0.0,0.14356433633323665,0.0,0.14885458514325786,0.0,0.15136475438971236,0.0,0.264503311722611,0.0,0.1803236600439617,0.0,0.1480838015760749,0.0,0.15880965150380877,0.0
0.07,0.19584790258673346,0.0,0.15548752719841155,0.0,0.13621139140544877,0.0,0.18555968901529687,0.0,0.18503536711490393,0.0,0.19118006137190416,0.0,0.14631293101409756,0.0,0.14808226668170282,0.0,0.15611290015355778,0.0,0.27171445014789486,0.0,0.17848979535454798,0.0,0.15112525871644664,0.0,0.15651259120037106,0.0
0.075,0.1925295212864865,0.0,0.15654935755902688,0.0,0.13557401912879757,0.0,0.194533493195254,0.0,0.19119651759074943,0.0,0.18874469423992188,0.0,0.14476550157594156,0.0,0.1503464263606086,0.0,0.1574859697350633,0.0,0.2701127801280934,0.0,0.17311184840129185,0.0,0.1582465836381855,0.0,0.1550932613582082,0.0
0.08,0.1946421633136796,0.0,0.1551552178526195,0.0,0.13642616025961002,0.0,0.19112220186189724,0.0,0.18607210458574125,0.0,0.18769334558826867,0.0,0.15444575188558857,0.0,0.15199408370532935,0.0,0.1595596092229518,0.0,0.26255624869644983,0.0,0.17963314689199775,0.0,0.16743655911036828,0.0,0.16541035450548605,0.0
0.085,0.18776763685275488,0.0,0.16059840502898734,0.0,0.13848432628008245,0.0,0.18464077966992137,0.0,0.18523981112854884,0.0,0.1852660293527928,0.0,0.16419404599318066,0.0,0.15029451933688395,0.0,0.15482285948196156,0.0,0.26594510181516773,0.0,0.17969904772190576,0.0,0.16554162290198945,0.0,0.16292159773703144,0.0
0.09,0.1900567859939516,0.0,0.1599656201508101,0.0,0.14371612696262798,0.0,0.17790282265344015,0.0,0.18543999304440473,0.0,0.2035293601186614,0.0,0.15859201862540723,0.0,0.15859201862540673,0.0,0.15355387054438224,0.0,0.2555611996935538,0.0,0.1762824342507824,0.0,0.17371425928333703,0.0,0.17113187962900422,0.0
0.095,0.19362985686492937,0.0,0.1580254027450705,0.0,0.1632050667613543,0.0,0.17368796835882253,0.0,0.18132095468669976,0.0,0.20251596892805312,0.0,0.16484783997420613,0.0,0.16446590758340635,0.0,0.16007485758165613,0.0,0.24985982092223294,0.0,0.17426978648397742,0.0,0.17031908297950973,0.0,0.16834599150335586,0.0
0.1,0.1992126735813384,0.0,0.16487217395963188,0.0,0.16855460886465656,0.0,0.18335976411986213,0.0,0.18121464444793056,0.0,0.22202588840089987,0.0,0.17011524341686582,0.0,0.1657758222813,0.0,0.16110878775259502,0.0,0.262666733375807,0.0,0.17255393875285582,0.0,0.17084080188055595,0.0,0.16784153385530493,0.0
0.105,0.20325644909866394,0.0,0.16810001036945427,0.0,0.17577423471465645,0.0,0.18479570133572767,0.0,0.1794029788972463,0.0,0.21789240055171072,0.0,0.17681007333951704,0.0,0.16451163989296816,0.0,0.15987611421999184,0.0,0.2545362765183342,0.0,0.17130391244269377,0.0,0.17795156139646537,0.0,0.1726672318914841,0.0
0.11,0.20029216171606504,0.0,0.16673374292909215,0.0,0.17405913889496694,0.0,0.1821470365031227,0.0,0.17788794272387282,0.0,0.21255158193050516,0.0,0.17743980643959714,0.0,0.16964532100022353,0.0,0.15840879947605735,0.0,0.2515708097032769,0.0,0.17218392558353857,0.0,0.18988736417464294,0.0,0.18484323146534265,0.0
0.115,0.20786958190065047,0.0,0.17251268917262266,0.0,0.17388433973917283,0.0,0.1801739543505225,0.0,0.1836626700746845,0.0,0.2141191466398176,0.0,0.17580993797968186,0.0,0.16835434321158535,0.0,0.15698326051019978,0.0,0.24808577374259708,0.0,0.16807919897025253,0.0,0.19240049616056598,0.0,0.18226836936951615,0.0
0.12,0.2082849657832712,0.0,0.18368046139527885,0.0,0.1791245550221362,0.0,0.19102250719076622,0.0,0.19130688730405657,0.0,0.21814362685451447,0.0,0.17791501530226075,0.0,0.17428569023579188,0.0,0.15614088078032973,0.0,0.2490070293711305,0.0,0.16525899863337487,0.0,0.19047014978233526,0.0,0.1807698284057635,0.0
0.125,0.20613954932762713,0.0,0.1831347932719358,0.0,0.18067312462459267,0.0,0.19191554033911806,0.0,0.1946577509817583,0.0,0.21563570550283648,0.0,0.18200998060020304,0.0,0.17636753437522323,0.0,0.15541693061637604,0.0,0.2477602999996272,0.0,0.164505797471447,0.0,0.19257902281686745,0.0,0.18225258707287487,0.0
0.13,0.2064231991862968,0.0,0.1864832977163767,0.0,0.18242922728216893,0.0,0.18973504430945692,0.0,0.19340791162582777,0.0,0.22139814950951908,0.0,0.1802104676374232,0.0,0.17521605111406766,0.0,0.15936032299815117,0.0,0.24313856499400435,0.0,0.1722988007832996,0.0,0.19584339210285667,0.0,0.17944309947432657,0.0
0.135,0.21509416301333661,0.0,0.18611935658932233,0.0,0.18097516952666495,0.0,0.18716307932972895,0.0,0.19142809385678025,0.0,0.22213418940877386,0.0,0.17895930104289562,0.0,0.17910764728579914,0.0,0.15814885945213375,0.0,0.239246104315763,0.0,0.16694844874890435,0.0,0.19411616562578035,0.0,0.1765707723725334,0.0
0.14,0.21541136779692996,0.0,0.19090676355808414,0.0,0.18329523052302574,0.0,0.18815523358156647,0.0,0.19688851309549701,0.0,0.22341315166355089,0.0,0.1790233781842363,0.0,0.1791664263470361,0.0,0.16359735275000548,0.0,0.23347928678584146,0.0,0.1663838636202499,0.0,0.1921135213777699,0.0,0.18256181023568757,0.0
0.145,0.21278435484277136,0.0,0.18934277824195084,0.0,0.18625681542275133,0.0,0.1905617818215997,0.0,0.20394252670677715,0.0,0.22010908401492613,0.0,0.17877854155076162,0.0,0.17891665701829249,0.0,0.1672731650285363,0.0,0.2299793478830722,0.0,0.1653093387908595,0.0,0.1897337961385971,0.0,0.1811964050461403,0.0
0.15,0.21142231354179467,0.0,0.18876212282766816,0.0,0.1857790254357753,0.0,0.18897522441884024,0.0,0.20543129482470762,0.0,0.21983801234358116,0.0,0.17700663694111402,0.0,0.17714014855972718,0.0,0.16656646563035274,0.0,0.2265350631954925,0.0,0.1669161756862655,0.0,0.19054481620917188,0.0,0.1827889355910788,0.0
0.155,0.21511619013327413,0.0,0.18997404769521356,0.0,0.18411657694612152,0.0,0.20270413262760759,0.0,0.2019599817999011,0.0,0.21875346713878652,0.0,0.17810744694513805,0.0,0.17578797097934656,0.0,0.16434885677310604,0.0,0.2395516318023139,0.0,0.1696268461765075,0.0,0.18847966326753463,0.0,0.1835797813103979,0.0
0.16,0.2129657900115922,0.0,0.190844821051099,0.0,0.18712196978376827,0.0,0.2009343842043395,0.0,0.20232105879531165,0.0,0.222677416057601,0.0,0.17937063771306172,0.0,0.17398834705004465,0.0,0.16262563967115332,0.0,0.24082467917570463,0.0,0.1750860020003932,0.0,0.19100158605964504,0.0,0.18256604018027858,0.0
0.165,0.21051170724171162,0.0,0.18915930052130597,0.0,0.18680484607171188,0.0,0.19865217266061205,0.0,0.20265521870756165,0.0,0.21889387590602843,0.0,0.17815419390740322,0.0,0.17533808051879166,0.0,0.16813152430356837,0.0,0.24038550082860982,0.0,0.17542330833356148,0.0,0.1899000093424488,0.0,0.1835038706491501,0.0
0.17,0.20727296264299036,0.0,0.1908292292537607,0.0,0.18426336209563768,0.0,0.1981257399647245,0.0,0.2042917818744137,0.0,0.22054636423957463,0.0,0.18050098622020108,0.0,0.1763908354172348,0.0,0.1669078052069463,0.0,0.23693597108193767,0.0,0.1765856639231973,0.0,0.19074205470057373,0.0,0.18539168033155373,0.0
0.175,0.2047877919919564,0.0,0.18946752750032644,0.0,0.18315730001833996,0.0,0.19770469431976587,0.0,0.20132328498900728,0.0,0.21887823748208862,0.0,0.17846398402849872,0.0,0.17872095819224323,0.0,0.17070042524475623,0.0,0.24710106786202485,0.0,0.1786171992354166,0.0,0.18888146465945257,0.0,0.18430148955175102,0.0
0.18,0.2065764975648206,0.0,0.18699327370546148,0.0,0.1862629535466166,0.0,0.19630275845084066,0.0,0.20045427035908214,0.0,0.21666573066665093,0.0,0.17678998461775391,0.0,0.17970272041623206,0.0,0.16937823258356183,0.0,0.24669983649268812,0.0,0.1804109430245895,0.0,0.20070618449920744,0.0,0.18444390876980912,0.0
0.185,0.20363714874024993,0.0,0.18921456881112653,0.0,0.1851767165070602,0.0,0.19700772153647653,0.0,0.20084586841373342,0.0,0.22144381330591828,0.0,0.17699228037124987,0.0,0.17779740120256685,0.0,0.169720568510095,0.0,0.24842975096025172,0.0,0.18037807294044697,0.0,0.20104786426678461,0.0,0.1852444625397019,0.0
0.19,0.20354781751920017,0.0,0.19161126825690786,0.0,0.18415703895648436,0.0,0.19684078679976083,0.0,0.20591452420072842,0.0,0.2214199000342184,0.0,0.17796786242084436,0.0,0.17796786242084414,0.0,0.17081033636682563,0.0,0.245745519871434,0.0,0.18143483704678584,0.0,0.19935624012800918,0.0,0.18440254701022515,0.0
0.195,0.20994541959928567,0.0,0.1893333362805197,0.0,0.1829023108695983,0.0,0.1989077569908589,0.0,0.21360897409285626,0.0,0.22197815838322923,0.0,0.17715002448910552,0.0,0.17691140817911272,0.0,0.17203390598610438,0.0,0.24303288684553942,0.0,0.1815076598788453,0.0,0.19675276194666805,0.0,0.18483535907584364,0.0
0.2,0.208357508348933,0.0,0.18969720731819853,0.0,0.18342695754255015,0.0,0.20210693025762866,0.0,0.21502147007694616,0.0,0.22015891135419344,0.0,0.1766635327481944,0.0,0.17644504393819332,0.0,0.1707403580828718,0.0,0.24033763076359915,0.0,0.18032604643828687,0.0,0.1951334693631397,0.0,0.18357055315536025,0.0
0.205,0.2091861647586255,0.0,0.18765928304812457,0.0,0.18234990895875636,0.0,0.19984105170282354,0.0,0.21570855557862162,0.0,0.2196731467440999,0.0,0.17631209078493143,0.0,0.17570424245392102,0.0,0.1704358819965173,0.0,0.23912608370939623,0.0,0.1789917868486051,0.0,0.19298822045789263,0.0,0.18640174714011473,0.0
0.21,0.208639282526157,0.0,0.18666911400133657,0.0,0.18099923025167486,0.0,0.20410973830522555,0.0,0.2133869234277422,0.0,0.2180414067060637,0.0,0.17537052069465492,0.0,0.17527534036817677,0.0,0.16880384356150285,0.0,0.23773625935918283,0.0,0.17975702399663493,0.0,0.19225426110717053,0.0,0.18262645068093647,0.0
0.215,0.21006880650128013,0.0,0.19507966352157027,0.0,0.1816999864566559,0.0,0.20449172366978596,0.0,0.2116347188522479,0.0,0.2179693600008338,0.0,0.17366167760235857,0.0,0.1749725280864613,0.0,0.16721292605740254,0.0,0.2371805904128809,0.0,0.17897365560329526,0.0,0.19278191546238002,0.0,0.18177635143447352,0.0
0.22,0.2098510178992986,0.0,0.19397396593210683,0.0,0.17990616679122667,0.0,0.20386029685629403,0.0,0.2151307309164374,0.0,0.21606649096119004,0.0,0.1733115676237217,0.0,0.17331156762372152,0.0,0.1682777322437307,0.0,0.23675670316528577,0.0,0.1773419421634024,0.0,0.19427092571051982,0.0,0.1839508121803397,0.0
0.225,0.20870448058025504,0.0,0.19183722426818683,0.0,0.17763659005093185,0.0,0.20159429620895222,0.0,0.21743449846530877,0.0,0.21784497943671027,0.0,0.17169118591842097,0.0,0.1746303492002144,0.0,0.17180210903079554,0.0,0.23747724737528092,0.0,0.17951386520969567,0.0,0.1929369745226529,0.0,0.18253617168426112,0.0
0.23,0.210199005442697,0.0,0.1903977498984726,0.0,0.1779197989963742,0.0,0.19939429826713126,0.0,0.2208505490630527,0.0,0.2229582255064021,0.0,0.17301652401945317,0.0,0.17301652401945297,0.0,0.17270889895736605,0.0,0.23690451910768476,0.0,0.18269687874595575,0.0,0.19192320086432246,0.0,0.18154117114750148,0.0
0.235,0.20868983438236313,0.0,0.18800152571931275,0.0,0.18350744630531032,0.0,0.19778587432915304,0.0,0.2201819965596227,0.0,0.2218306992139612,0.0,0.17506258079808326,0.0,0.17506258079808307,0.0,0.17840741647989808,0.0,0.23482714562894688,0.0,0.19142065490848834,0.0,0.1923318933366956,0.0,0.18159933617621643,0.0
0.24,0.20737444594502677,0.0,0.18705140807976237,0.0,0.18615743016962763,0.0,0.1984618604671962,0.0,0.21874362298851766,0.0,0.22100182343586386,0.0,0.1745892573996344,0.0,0.1740513827610067,0.0,0.17852965629275652,0.0,0.23617761148105829,0.0,0.19097365146792986,0.0,0.19096353737667446,0.0,0.1814974530032982,0.0
0.245,0.20608464255442552,0.0,0.18957498489022723,0.0,0.18802059739581045,0.0,0.2007922118406462,0.0,0.21726781373538828,0.0,0.22080549811891562,0.0,0.17441097427738336,0.0,0.174813229702729,0.0,0.17963429062486153,0.0,0.23433872518722096,0.0,0.19214981307561882,0.0,0.1886792787287039,0.0,0.17908643464350146,0.0
0.25,0.20408579594824033,0.0,0.18856884450456277,0.0,0.18941908809874483,0.0,0.19963976096150446,0.0,0.21647351381405971,0.0,0.22160425480707424,0.0,0.17515039244994368,0.0,0.17327337692978856,0.0,0.17970938766018776,0.0,0.23387958834158454,0.0,0.19094643798621713,0.0,0.18951035733323432,0.0,0.17803520745099977,0.0
0.255,0.20547780934624735,0.0,0.18901125435870586,0.0,0.1888080635976388,0.0,0.2030698210595442,0.0,0.21465635419382628,0.0,0.22031106309791249,0.0,0.174074737497137,0.0,0.17286297851297974,0.0,0.17673154272282385,0.0,0.23266475554691562,0.0,0.1971239209667563,0.0,0.18930809052103986,0.0,0.17727428166032,0.0
0.26,0.20738525486889842,0.0,0.18904304180452458,0.0,0.18937963067304375,0.0,0.20691945700095904,0.0,0.21312878283563594,0.0,0.22018035891628032,0.0,0.17316032091100778,0.0,0.17272817862637113,0.0,0.17768539370356906,0.0,0.23315091664298512,0.0,0.19570041266819865,0.0,0.18620292139283962,0.0,0.17796801347261312,0.0
0.265,0.2090183090233837,0.0,0.19066635194494108,0.0,0.1889357392341058,0.0,0.2082054762886126,0.0,0.21143015465839296,0.0,0.21952666156639913,0.0,0.17959137114171383,0.0,0.17563660332514996,0.0,0.1770932803551895,0.0,0.23112205789993506,0.0,0.2003200128540132,0.0,0.1883434229992067,0.0,0.17694594478788747,0.0
0.27,0.21120083455372193,0.0,0.19006617577081877,0.0,0.1887842155631119,0.0,0.20904088176610505,0.0,0.2135680163806755,0.0,0.22483168764838643,0.0,0.1801045893222371,0.0,0.17461170307573612,0.0,0.17713219645808073,0.0,0.22865351221763455,0.0,0.20149048496343433,0.0,0.18765447192786175,0.0,0.17758364734561918,0.0
0.275,0.21215219223024978,0.0,0.18938030089630462,0.0,0.18794079126234428,0.0,0.20768092250229422,0.0,0.21303541476461058,0.0,0.2239567286707092,0.0,0.178608516626482,0.0,0.18078250816778507,0.0,0.17900777739067597,0.0,0.22634872595414868,0.0,0.19981258359156498,0.0,0.1908872860687476,0.0,0.17990551177920994,0.0
0.28,0.21200462054377517,0.0,0.1901356678991201,0.0,0.18648010413703756,0.0,0.20942387372891594,0.0,0.21494847435300418,0.0,0.22332969933041005,0.0,0.18125612682353856,0.0,0.1812561268235384,0.0,0.1805170225580345,0.0,0.22490591280122135,0.0,0.1985229872748126,0.0,0.19003518574401213,0.0,0.17936370936039997,0.0
0.285,0.21204075699486405,0.0,0.1913253076297062,0.0,0.1858812085850288,0.0,0.20996616535597754,0.0,0.21434856183804682,0.0,0.22186694726955278,0.0,0.18119061644035298,0.0,0.18580495306376352,0.0,0.18019662588604113,0.0,0.22471571079165328,0.0,0.19665288467997163,0.0,0.19110381337804294,0.0,0.18048350350575507,0.0
0.29,0.21347041337488878,0.0,0.1917078789749361,0.0,0.184433088915044,0.0,0.2098613724668688,0.0,0.2111328848383327,0.0,0.21982897846135102,0.0,0.1805891124713719,0.0,0.18566214413131862,0.0,0.17940432409932505,0.0,0.2225722397587832,0.0,0.19690683292523764,0.0,0.19171119234948314,0.0,0.18227054584953817,0.0
0.295,0.21170321839413844,0.0,0.19126966720263774,0.0,0.18523389847672075,0.0,0.2087841184630143,0.0,0.21523324778416664,0.0,0.2186163960478829,0.0,0.18499504653993123,0.0,0.18835125749419204,0.0,0.1799463166214619,0.0,0.2215499036993871,0.0,0.19571605282914345,0.0,0.19386524452348597,0.0,0.18308347234285485,0.0
0.3,0.21064627502201502,0.0,0.19270604982013687,0.0,0.18632911618350487,0.0,0.20794199713100303,0.0,0.21495217230872765,0.0,0.2167928879389285,0.0,0.18520858773208163,0.0,0.18850886183710477,0.0,0.18051125292224088,0.0,0.22049501928010293,0.0,0.19754222180187622,0.0,0.19637282099044204,0.0,0.18299129476495662,0.0
0.305,0.20939376432094114,0.0,0.1912172665071168,0.0,0.1848781567551803,0.0,0.20962666392873316,0.0,0.2186503206727874,0.0,0.21499592689481511,0.0,0.18614504401756105,0.0,0.1878169687945203,0.0,0.1819648584909757,0.0,0.22095619818478024,0.0,0.19689819912549034,0.0,0.19479940410347066,0.0,0.1845009207400655,0.0
0.31,0.21486036075723866,0.0,0.19165778723311,0.0,0.18468060206416886,0.0,0.208861103667424,0.0,0.221456724540507,0.0,0.2137341562512426,0.0,0.18555503647414642,0.0,0.18753022346415224,0.0,0.18133912961021095,0.0,0.21915377417390666,0.0,0.19788852440379745,0.0,0.1933694510089819,0.0,0.1837515853520239,0.0
0.315,0.21433947664784261,0.0,0.19259888522756488,0.0,0.184252185441764,0.0,0.20723064666072152,0.0,0.21940069937905257,0.0,0.21269726062384925,0.0,0.18425519075858618,0.0,0.18794267143540444,0.0,0.18016197301716017,0.0,0.22035706072727795,0.0,0.1963647425517675,0.0,0.19329760393921958,0.0,0.18248036584475133,0.0
0.32,0.21583428824465545,0.0,0.19241380047401596,0.0,0.18390847023571164,0.0,0.20614957603604597,0.0,0.21840140084285745,0.0,0.2132440127992715,0.0,0.1836951054611936,0.0,0.18834735617341686,0.0,0.1792812917697382,0.0,0.21937789344798708,0.0,0.19453146319355424,0.0,0.19297529588202667,0.0,0.18119777248600816,0.0
0.325,0.21856691132273065,0.0,0.19350782672461192,0.0,0.1827592000707102,0.0,0.20694463907014984,0.0,0.2173368912486873,0.0,0.2121659459544144,0.0,0.1827736172722853,0.0,0.18775069802191588,0.0,0.1799444471674248,0.0,0.21785349493119963,0.0,0.20099361574273997,0.0,0.19383114625683687,0.0,0.18165829517185203,0.0
0.33,0.21713102438120677,0.0,0.19319149246988254,0.0,0.181216454987795,0.0,0.2061053607687165,0.0,0.21724287391258384,0.0,0.21364839251334544,0.0,0.18258066486379163,0.0,0.18647666860330883,0.0,0.17938415341850653,0.0,0.217242412204696,0.0,0.20279926931807202,0.0,0.19412937806587025,0.0,0.18339223725045425,0.0
0.335,0.2174595057400135,0.0,0.19272974500398,0.0,0.18169851454996286,0.0,0.2053373636586188,0.0,0.21630864526302543,0.0,0.21404669257242132,0.0,0.18227590759310167,0.0,0.18554117165672443,0.0,0.17999834678511573,0.0,0.2158884220974381,0.0,0.2018137003281503,0.0,0.19427503179306133,0.0,0.18403312615300832,0.0
0.34,0.21646133835365228,0.0,0.1915014533055482,0.0,0.18307174932491338,0.0,0.2070059358197516,0.0,0.2151389026414121,0.0,0.21304706743287144,0.0,0.18173583820776515,0.0,0.18554107206431047,0.0,0.17994920767483324,0.0,0.21476106283315713,0.0,0.2023626058442254,0.0,0.1942037604637787,0.0,0.19036457104620857,0.0
0.345,0.2168885200793206,0.0,0.19300836698258075,0.0,0.18342295807223305,0.0,0.2064439268034479,0.0,0.2144590245407365,0.0,0.21286502454274422,0.0,0.18132302421083502,0.0,0.18550988467774326,0.0,0.18624807972143897,0.0,0.21411291349226647,0.0,0.20206814288800895,0.0,0.19313257538251818,0.0,0.1898584989015181,0.0
0.35,0.21802009082618173,0.0,0.19250382395215335,0.0,0.1831192290673092,0.0,0.20681839554291154,0.0,0.21481159955331539,0.0,0.21113734046883184,0.0,0.18204242176573696,0.0,0.1860366919340522,0.0,0.1857240296729306,0.0,0.2136866565494784,0.0,0.20247050097468344,0.0,0.19348552137824718,0.0,0.18996268907759414,0.0
0.355,0.21705091035288054,0.0,0.1920764733011028,0.0,0.1822343383742035,0.0,0.20600698542571275,0.0,0.2132810462109471,0.0,0.2117165661621326,0.0,0.1843280191005977,0.0,0.18705455428975948,0.0,0.18597986274496922,0.0,0.21359677621624593,0.0,0.20111376592215505,0.0,0.1943133642418379,0.0,0.18879671126309297,0.0
0.36,0.21741398070416887,0.0,0.19228798273983708,0.0,0.18165994021228926,0.0,0.2061158119429695,0.0,0.2188545230537204,0.0,0.2114070108182397,0.0,0.1845634940793303,0.0,0.18725216072419817,0.0,0.1845209483262656,0.0,0.21359563273620139,0.0,0.2014640163082581,0.0,0.19377353408657022,0.0,0.1875331540379904,0.0
0.365,0.22147688484710393,0.0,0.1913017362619873,0.0,0.1825097543615941,0.0,0.20867103863513983,0.0,0.22067660244500448,0.0,0.21019734614184957,0.0,0.18438337748382772,0.0,0.1878607729478937,0.0,0.18415340594991483,0.0,0.21254317402739478,0.0,0.20409402688375516,0.0,0.19429281242858942,0.0,0.1881379170382093,0.0
0.37,0.22189290484502397,0.0,0.18981033475301864,0.0,0.18270761999490828,0.0,0.2076346875536587,0.0,0.22209897927517547,0.0,0.21084735992885878,0.0,0.18370580646724233,0.0,0.18725683909567298,0.0,0.18422469210467063,0.0,0.211912230924448,0.0,0.2051756205670176,0.0,0.19304412939206675,0.0,0.18786885483086588,0.0
0.375,0.22431101131393186,0.0,0.18964690119189787,0.0,0.1825830198485954,0.0,0.20722165021675534,0.0,0.22244018488285144,0.0,0.2104030222629001,0.0,0.1837301877059801,0.0,0.18673887766407016,0.0,0.18403554632076438,0.0,0.2143327983563826,0.0,0.20638792525758534,0.0,0.19154938132814994,0.0,0.1883044048862053,0.0
0.38,0.22423493947452086,0.0,0.18878047319176966,0.0,0.18406848665349274,0.0,0.2075434818330345,0.0,0.2225427246732774,0.0,0.21252875202050053,0.0,0.18412640227127247,0.0,0.18718356491824453,0.0,0.18466245825146446,0.0,0.21604315406933614,0.0,0.2061570721043797,0.0,0.19130043902004892,0.0,0.18922073025010433,0.0
0.385,0.22421093237250586,0.0,0.18949366669722129,0.0,0.18407116770340975,0.0,0.2083560186073646,0.0,0.22282626859731497,0.0,0.21251060909901168,0.0,0.1846232852628062,0.0,0.18789978383029754,0.0,0.18505571721418804,0.0,0.21477246382482118,0.0,0.2066009347584972,0.0,0.19120919861066002,0.0,0.18941121658176105,0.0
0.39,0.2236127514147681,0.0,0.1888703846974669,0.0,0.18322666562056716,0.0,0.208391604869653,0.0,0.22166158641793315,0.0,0.2120624322858059,0.0,0.18556792159519672,0.0,0.18745557727374995,0.0,0.18476220709256466,0.0,0.21333655943191027,0.0,0.20638077638212984,0.0,0.1913383398793611,0.0,0.19104388965969146,0.0
0.395,0.223988759271204,0.0,0.1912786822203307,0.0,0.18358306077607137,0.0,0.20935034353516596,0.0,0.22245235063346785,0.0,0.21040262965685022,0.0,0.18629734000089856,0.0,0.186925141984085,0.0,0.18467055934432916,0.0,0.21256448978938658,0.0,0.20718746039572888,0.0,0.19194341501280282,0.0,0.1906216930165645,0.0
0.4,0.2236532974206495,0.0,0.1913520963329121,0.0,0.1828357521811474,0.0,0.20924949196059323,0.0,0.22154149779389268,0.0,0.21076183772890528,0.0,0.1857582440994318,0.0,0.1869162915967208,0.0,0.18580065834310752,0.0,0.2139933672627899,0.0,0.2056093424482611,0.0,0.19083993178006592,0.0,0.19055810184601465,0.0
0.405,0.22241191707523109,0.0,0.19113000389696802,0.0,0.18375174048110984,0.0,0.2093089352481889,0.0,0.22110539425316494,0.0,0.21219532970338362,0.0,0.18663815225225494,0.0,0.1862660055554836,0.0,0.18669577267454163,0.0,0.2145404234594131,0.0,0.20618530568585278,0.0,0.19194424308834682,0.0,0.19097066721771755,0.0
0.41,0.2215235348709704,0.0,0.19062310843878372,0.0,0.18367614386144948,0.0,0.2097881625042438,0.0,0.22135131904019215,0.0,0.21147650461455683,0.0,0.1865164295087629,0.0,0.19068133162640924,0.0,0.1868736561488685,0.0,0.21452588580624418,0.0,0.207325113013224,0.0,0.19186607426254473,0.0,0.18993617508390598,0.0
0.415,0.22093493671925837,0.0,0.18975054093038496,0.0,0.18806947638566557,0.0,0.20906257712860055,0.0,0.2201979465609288,0.0,0.21075452589842422,0.0,0.1865128232616085,0.0,0.19033772435051954,0.0,0.185900989354848,0.0,0.21650901837488828,0.0,0.207062574294662,0.0,0.19160219975048612,0.0,0.18945000578732218,0.0
0.42,0.22032902983345412,0.0,0.1899646219744488,0.0,0.18822677092356652,0.0,0.2096487954864657,0.0,0.22064593140249866,0.0,0.21012955342989934,0.0,0.1860577493664314,0.0,0.1901124536154853,0.0,0.18604273374430166,0.0,0.21567323703994262,0.0,0.20652914379418283,0.0,0.1911456458536897,0.0,0.1909166614061189,0.0
0.425,0.22146350850200563,0.0,0.19021658975010705,0.0,0.18812051185283415,0.0,0.21251238964124297,0.0,0.22152022429230805,0.0,0.21100016997125554,0.0,0.18602635399025189,0.0,0.19073691858054595,0.0,0.18603675333992842,0.0,0.215996986905892,0.0,0.2059023500133052,0.0,0.19149140424342656,0.0,0.1903458286721751,0.0
0.43,0.22100484333262477,0.0,0.19014750065414188,0.0,0.18842218495054355,0.0,0.21313318255872674,0.0,0.22207442159838667,0.0,0.21000739361416343,0.0,0.186345982963075,0.0,0.19057319728642225,0.0,0.18606938511055662,0.0,0.21554996168220678,0.0,0.20948495039848106,0.0,0.19524157376546147,0.0,0.19084260286716442,0.0
0.435,0.22355399530683318,0.0,0.19091627426131388,0.0,0.1882968958704449,0.0,0.21281595516578247,0.0,0.22461127956954033,0.0,0.21465755436446762,0.0,0.18673896142305488,0.0,0.19544673960371195,0.0,0.18638293626905095,0.0,0.21758556396714007,0.0,0.20985030989722722,0.0,0.19513784430832912,0.0,0.1907414771085222,0.0
0.44,0.22309757652370063,0.0,0.19078307512097303,0.0,0.18784363264152465,0.0,0.21304609669164015,0.0,0.2243461765922654,0.0,0.21528768230869472,0.0,0.18685728926173428,0.0,0.19614655852273916,0.0,0.18591893914542784,0.0,0.21681259819848908,0.0,0.20948329294008783,0.0,0.19505058604154613,0.0,0.1919141549261142,0.0
0.445,0.2241623433956351,0.0,0.19090104301365138,0.0,0.1874549589311658,0.0,0.21326482444802383,0.0,0.22760078116019983,0.0,0.21501101398546532,0.0,0.18675274463709637,0.0,0.1956088063603121,0.0,0.18656245640947516,0.0,0.21588485127779267,0.0,0.20879707315115945,0.0,0.1985443779960649,0.0,0.19124074934947843,0.0
0.45,0.22356445554478122,0.0,0.1911584136274535,0.0,0.18699198797705635,0.0,0.21324390287532802,0.0,0.2262039976775966,0.0,0.2178660096564527,0.0,0.19077018906747736,0.0,0.1956259508588291,0.0,0.19020071781757464,0.0,0.21486166818784114,0.0,0.20871357475580596,0.0,0.2029240444448307,0.0,0.192658077363547,0.0
0.455,0.22378568540815222,0.0,0.19100856331266788,0.0,0.18783301565602006,0.0,0.2136582221941021,0.0,0.23023158405899652,0.0,0.217683770182968,0.0,0.1909143427896773,0.0,0.19504725974762016,0.0,0.19413612469179237,0.0,0.21504649439516121,0.0,0.2089766864460268,0.0,0.20472843828147666,0.0,0.19261615437728774,0.0
0.46,0.2233010013266649,0.0,0.1905170308099358,0.0,0.18842540049830597,0.0,0.21333883855609126,0.0,0.2302473369828549,0.0,0.21877266211712995,0.0,0.19071559738883812,0.0,0.19514335668283814,0.0,0.19369172847144228,0.0,0.21470239274294392,0.0,0.20945865042023523,0.0,0.205591520033256,0.0,0.19247026954613589,0.0
0.465,0.22246752360338157,0.0,0.1900642641531135,0.0,0.18797247561380218,0.0,0.2133946526739687,0.0,0.2321075902412448,0.0,0.2167196151680708,0.0,0.1905290061160704,0.0,0.19554517937452576,0.0,0.19489166893081508,0.0,0.21499948982255018,0.0,0.20887786485724952,0.0,0.20621446612712158,0.0,0.19196576330790022,0.0
0.47,0.22133256727217837,0.0,0.18967264083679938,0.0,0.18731877986278744,0.0,0.2169577174686221,0.0,0.23161213076391854,0.0,0.21686337680410436,0.0,0.1909334376221423,0.0,0.19605742611640892,0.0,0.1947993863995824,0.0,0.21586224495592304,0.0,0.20854429219900178,0.0,0.20626943864603942,0.0,0.19150109152873884,0.0
0.475,0.22286721270699344,0.0,0.19022695431374176,0.0,0.1880660023820136,0.0,0.2162060698046389,0.0,0.23170394513978704,0.0,0.21867142494809927,0.0,0.19202846277387026,0.0,0.19581853330488297,0.0,0.194311074245118,0.0,0.21670031076713223,0.0,0.20785398448889458,0.0,0.2056030767628055,0.0,0.1903372697715764,0.0
0.48,0.2238807495716566,0.0,0.18979007579033538,0.0,0.18765163377456273,0.0,0.21649242713075248,0.0,0.23152019985974595,0.0,0.21834629673855058,0.0,0.19198086542030313,0.0,0.19562826543367542,0.0,0.19482550444164326,0.0,0.21826722298392895,0.0,0.20837951505869015,0.0,0.20632677887201167,0.0,0.19004474000577262,0.0
0.485,0.22287837903231664,0.0,0.190496414382077,0.0,0.1872589836977719,0.0,0.21609067051066186,0.0,0.22993520000013992,0.0,0.21881206179034648,0.0,0.19236222063652986,0.0,0.19597201858790864,0.0,0.19519053232322656,0.0,0.218092119835325,0.0,0.20841660185060654,0.0,0.2060301400967225,0.0,0.19145535802284352,0.0
0.49,0.2220571290322001,0.0,0.18961037705566652,0.0,0.18640598137834416,0.0,0.22031473193409343,0.0,0.22939154374795387,0.0,0.22040145734311367,0.0,0.19185236000779887,0.0,0.19573383233611846,0.0,0.19591206342752882,0.0,0.21848945335208805,0.0,0.20734770546839473,0.0,0.20630184008110186,0.0,0.19135906155256197,0.0
0.495,0.22172754774300454,0.0,0.1891729327039876,0.0,0.186979577280034,0.0,0.21965977749445786,0.0,0.229387309178725,0.0,0.2212019426884387,0.0,0.1923760369078367,0.0,0.19482886748671488,0.0,0.19566461816672187,0.0,0.21792048844678985,0.0,0.20727839640319978,0.0,0.20605681807892196,0.0,0.19144879388375186,0.0
0.5,0.22565598605448078,0.0,0.18967259613116028,0.0,0.18708785668792324,0.0,0.22098184290568784,0.0,0.22835994415949454,0.0,0.22019284316012236,0.0,0.19186105324592215,0.0,0.195166034488716,0.0,0.19536650582914794,0.0,0.21825075317115963,0.0,0.2064085323377358,0.0,0.20569663748124975,0.0,0.191758169871108,0.0
0.505,0.22517136187449718,0.0,0.189047373149846,0.0,0.18729226749924824,0.0,0.2203112471583007,0.0,0.2280815542404932,0.0,0.21972192160321494,0.0,0.19604630399487963,0.0,0.1950897283732973,0.0,0.1957342915834117,0.0,0.21760719791619357,0.0,0.20694650065643988,0.0,0.2068870914455706,0.0,0.19146513777067686,0.0
0.51,0.22602898654010256,0.0,0.18957820258607927,0.0,0.18780057149848361,0.0,0.2203919757909333,0.0,0.2287832008315697,0.0,0.21872660869770974,0.0,0.19640381931855522,0.0,0.19596269142302158,0.0,0.19546461532960177,0.0,0.21717342743683324,0.0,0.2085005472154609,0.0,0.20871618651296248,0.0,0.19219489701356088,0.0
0.515,0.22536550467905944,0.0,0.1912857855675405,0.0,0.18819615398574907,0.0,0.22086565750767248,0.0,0.22861425599733504,0.0,0.22041515968580386,0.0,0.19591239945198008,0.0,0.19632294111251905,0.0,0.19557957200494516,0.0,0.21698540889928106,0.0,0.20791594594217228,0.0,0.20870248715739947,0.0,0.19200533382196197,0.0
0.52,0.22408244347415385,0.0,0.19535583934949324,0.0,0.18850710547609112,0.0,0.22064394462845405,0.0,0.22884164165787207,0.0,0.2206689443877192,0.0,0.19695809730844277,0.0,0.19618539652427608,0.0,0.1954062378286376,0.0,0.21668299534613963,0.0,0.20737398753095476,0.0,0.20792260929870748,0.0,0.19394234780751562,0.0
0.525,0.22325085969814587,0.0,0.19524648671954423,0.0,0.18846297888303162,0.0,0.2201619904730564,0.0,0.2281055524151833,0.0,0.22102738224297208,0.0,0.19609318506974488,0.0,0.1957054172532003,0.0,0.19453250943402062,0.0,0.2163017943169946,0.0,0.20747365236478896,0.0,0.20726875554926272,0.0,0.1935759848989695,0.0
0.53,0.22313888821896904,0.0,0.19527064739265187,0.0,0.1891276410000202,0.0,0.219551458422014,0.0,0.22722005779104484,0.0,0.22309824866064565,0.0,0.19596040317224966,0.0,0.1954881009421217,0.0,0.19537778726431454,0.0,0.21566014169199207,0.0,0.20770202218261144,0.0,0.2078615862842362,0.0,0.19555405004155577,0.0
0.535,0.22313052753576856,0.0,0.1951467937154799,0.0,0.18906119859754572,0.0,0.21977239783531893,0.0,0.22746395792452298,0.0,0.22317845991665802,0.0,0.19574273480876014,0.0,0.1960064080443801,0.0,0.1958971253355244,0.0,0.215031633187632,0.0,0.20881578541138748,0.0,0.20832111168791723,0.0,0.1961892973006324,0.0
0.54,0.22470012784072815,0.0,0.19544638310519666,0.0,0.19025379701910425,0.0,0.21946170073494511,0.0,0.22724566366399657,0.0,0.22326622175600286,0.0,0.19525405263218662,0.0,0.19574919420780987,0.0,0.19590874279748102,0.0,0.2154379806885226,0.0,0.2088643836784658,0.0,0.2091138525524422,0.0,0.1972693706195967,0.0
0.545,0.22432925444308022,0.0,0.19567655490222532,0.0,0.19150719968554963,0.0,0.2190209051557955,0.0,0.23029029057075479,0.0,0.22490098034377,0.0,0.195600973336857,0.0,0.19559731857206225,0.0,0.19624965717035972,0.0,0.2151054739841446,0.0,0.20919017471649978,0.0,0.20951938942877948,0.0,0.19701886712548738,0.0
0.55,0.22542007788033266,0.0,0.19597536410935806,0.0,0.19114022573519537,0.0,0.21857493774312176,0.0,0.2297661039829522,0.0,0.22405625378251331,0.0,0.19640580048329626,0.0,0.19511366912159708,0.0,0.19654325635687306,0.0,0.2149422588681691,0.0,0.20870345928853,0.0,0.20983626413237394,0.0,0.19724818919813314,0.0
0.555,0.22452099072160295,0.0,0.19715463729451385,0.0,0.19252022219290396,0.0,0.22116433533096494,0.0,0.2293361810809913,0.0,0.22409669805192153,0.0,0.1968520264016879,0.0,0.1960131930667746,0.0,0.1963278195060226,0.0,0.21393975884587796,0.0,0.21249936226797528,0.0,0.21089066434434942,0.0,0.19756718513838328,0.0
0.56,0.2236460271885388,0.0,0.1982323800697938,0.0,0.19317540396390348,0.0,0.22046961656870945,0.0,0.23005645998958837,0.0,0.22427775973738803,0.0,0.19733501688813507,0.0,0.196983298276215,0.0,0.19795994512653764,0.0,0.21297728164408586,0.0,0.21242247669225828,0.0,0.21260816635924912,0.0,0.19694243518048196,0.0
0.565,0.22428848223363843,0.0,0.20095597024611167,0.0,0.196904571883609,0.0,0.22132174134828134,0.0,0.2300316943267221,0.0,0.22378173809099342,0.0,0.19682114917768256,0.0,0.19648678829780938,0.0,0.19897489320299522,0.0,0.21304416507184903,0.0,0.21231468983958662,0.0,0.21301256240199268,0.0,0.19743199207882448,0.0
0.57,0.2232303793753947,0.0,0.2014644017639863,0.0,0.19643484611233478,0.0,0.22195871839835443,0.0,0.2303010946618109,0.0,0.22292971238191173,0.0,0.19657032605941163,0.0,0.19598486880052163,0.0,0.19875022404350792,0.0,0.21265103479661174,0.0,0.21209665849740977,0.0,0.2124447909429114,0.0,0.1969648174097608,0.0
0.575,0.22279674658970813,0.0,0.20064452230732563,0.0,0.1963567962925008,0.0,0.22113816597622468,0.0,0.22967462286946763,0.0,0.2227112585183208,0.0,0.1951030997098048,0.0,0.19613585547094806,0.0,0.20046771456300166,0.0,0.2123030237628366,0.0,0.2129480564134659,0.0,0.2120602911407539,0.0,0.19687135909311024,0.0
0.58,0.2234592703822994,0.0,0.20021775974559508,0.0,0.19719800602322593,0.0,0.22032361978035792,0.0,0.22959583395663882,0.0,0.22342311138620694,0.0,0.19548272191421387,0.0,0.1957853243238724,0.0,0.2004496197758881,0.0,0.2117003759633371,0.0,0.21281753453118563,0.0,0.21163093011587164,0.0,0.19731734367200318,0.0
0.585,0.22343427754981243,0.0,0.20077915137635793,0.0,0.1969883639912229,0.0,0.22012557013460138,0.0,0.22885539998896512,0.0,0.22238436913270013,0.0,0.19514076909794,0.0,0.19594906854658442,0.0,0.20000378213734832,0.0,0.2116664697468278,0.0,0.21319542572731315,0.0,0.21153359363915789,0.0,0.19711260235020353,0.0
0.59,0.22311309214153074,0.0,0.20029251309315446,0.0,0.1970180058897218,0.0,0.21994119004242532,0.0,0.22914921445314976,0.0,0.2242521377424972,0.0,0.19599634285439474,0.0,0.19677947580514402,0.0,0.2003624994170854,0.0,0.2122038596578428,0.0,0.2131967215762305,0.0,0.21097442072179398,0.0,0.1972543810986611,0.0
0.595,0.22318509013239157,0.0,0.20150282670195863,0.0,0.19626305007760658,0.0,0.2194564272038706,0.0,0.22970660338228965,0.0,0.22502951235525212,0.0,0.19681937463760668,0.0,0.1973603254248054,0.0,0.2006029180891628,0.0,0.21199592064249478,0.0,0.21332570347631954,0.0,0.21147208028570663,0.0,0.19776735576489532,0.0
0.6,0.22245206974435439,0.0,0.20227311252158078,0.0,0.19652337839200057,0.0,0.2198792562174,0.0,0.2289529480674956,0.0,0.22403878568766805,0.0,0.19739505135350036,0.0,0.19800797670665368,0.0,0.20022684579183786,0.0,0.2121338343678642,0.0,0.2149084133641262,0.0,0.21217730021965575,0.0,0.19813873130974058,0.0
0.605,0.22145569121527633,0.0,0.20188634499999888,0.0,0.19602951697548254,0.0,0.22053851448444872,0.0,0.22832731769024014,0.0,0.22428075747597828,0.0,0.19661304201320506,0.0,0.19840408332415874,0.0,0.1997230533936161,0.0,0.21255855893311124,0.0,0.2147616645861321,0.0,0.21226049852458848,0.0,0.19790909251229466,0.0
0.61,0.2209146248369754,0.0,0.20135257288519,0.0,0.1965599580865593,0.0,0.220768747418719,0.0,0.2295633715534653,0.0,0.2245557403921817,0.0,0.19725620133479024,0.0,0.1992048570047771,0.0,0.19950130613857722,0.0,0.21234264542542133,0.0,0.21499883432814368,0.0,0.21359092743800603,0.0,0.19804871797023635,0.0
0.615,0.22123843546860036,0.0,0.20225742251836934,0.0,0.19743886067548239,0.0,0.2210247930876171,0.0,0.22943555954626801,0.0,0.22532195608505542,0.0,0.19738703169710545,0.0,0.19781164106046695,0.0,0.20086409132102465,0.0,0.21177860001333512,0.0,0.21582615857474682,0.0,0.2136753580844771,0.0,0.1977869672908794,0.0
0.62,0.2219971994836552,0.0,0.2038219726092316,0.0,0.19763890450161978,0.0,0.22023508902595695,0.0,0.2287914387138453,0.0,0.22510459127193264,0.0,0.19739494853227257,0.0,0.1980731053176827,0.0,0.2022649682132868,0.0,0.2120540699924596,0.0,0.21616488853182786,0.0,0.21295054369010355,0.0,0.19821567691662853,0.0
0.625,0.22136806855945276,0.0,0.20355421632290802,0.0,0.19804680872533018,0.0,0.21989363085510097,0.0,0.22865692267513116,0.0,0.2283441440618128,0.0,0.19724934694330495,0.0,0.19807547022920388,0.0,0.20568723798763613,0.0,0.21227075163588996,0.0,0.21679525603986363,0.0,0.2123937860122495,0.0,0.19868619793712033,0.0
0.63,0.22262011475345475,0.0,0.20352986625696504,0.0,0.19782701212289727,0.0,0.21925374462297323,0.0,0.22865603890538272,0.0,0.2297322928392041,0.0,0.1971431919136346,0.0,0.19840137344501382,0.0,0.20595273034822043,0.0,0.21300403913500274,0.0,0.21721101744125415,0.0,0.2118382470678737,0.0,0.1984697597202197,0.0
0.635,0.22199290959585918,0.0,0.20398036599137356,0.0,0.1977355955785827,0.0,0.21871741643811976,0.0,0.2282206575677139,0.0,0.22996209496868925,0.0,0.19678096256901215,0.0,0.1992429861831878,0.0,0.20555503635384517,0.0,0.21255104860961038,0.0,0.21733587879558489,0.0,0.21207000281371244,0.0,0.1980755862714421,0.0
0.64,0.22180396122455526,0.0,0.20385129373231148,0.0,0.19797963249901795,0.0,0.21871055220878716,0.0,0.2294738395436194,0.0,0.22993373324019617,0.0,0.19692285659879472,0.0,0.19974519337521568,0.0,0.20624552142183555,0.0,0.21248336993131398,0.0,0.21696637004180455,0.0,0.21162923308579146,0.0,0.19791501165199302,0.0
0.645,0.22125617908441592,0.0,0.203609577410967,0.0,0.19886854292744607,0.0,0.21984813901086311,0.0,0.2299738504013659,0.0,0.22967960981373606,0.0,0.19651395135233557,0.0,0.19936840943545883,0.0,0.20674058570117368,0.0,0.21255903601802098,0.0,0.21953502409862302,0.0,0.2116319284407433,0.0,0.1981524578228057,0.0
0.65,0.22171027884338823,0.0,0.20375292139331738,0.0,0.19912734542038718,0.0,0.2201439099906298,0.0,0.22974702161377147,0.0,0.22978743106987304,0.0,0.1967733302569732,0.0,0.19845740647517304,0.0,0.20645769265548528,0.0,0.21397213292392306,0.0,0.2195691846590486,0.0,0.2118527174255947,0.0,0.1988971375859864,0.0
0.655,0.22198962724297513,0.0,0.20409547109615786,0.0,0.20063218731630245,0.0,0.2197815128783263,0.0,0.22977237571932482,0.0,0.23105822651044874,0.0,0.19645785134709218,0.0,0.1983460813357049,0.0,0.20874426042142596,0.0,0.2141136652451892,0.0,0.2188381097622784,0.0,0.21136841982483032,0.0,0.198262668050752,0.0
0.66,0.22226113516729196,0.0,0.20485736128879378,0.0,0.2002900816730742,0.0,0.21992816259456063,0.0,0.2310336579774003,0.0,0.23066532138469775,0.0,0.1972823084671378,0.0,0.1979294885525431,0.0,0.20824889355428144,0.0,0.21471838842557878,0.0,0.22061247482955307,0.0,0.21319937345223716,0.0,0.19790880140775804,0.0
0.665,0.22504649774787613,0.0,0.20506529742203436,0.0,0.20092047173151106,0.0,0.21957253555183814,0.0,0.23116593823670872,0.0,0.23000592092119487,0.0,0.19687684625278598,0.0,0.19721401812115383,0.0,0.20782854892359165,0.0,0.21485635850840346,0.0,0.22021860143756242,0.0,0.21308786477408373,0.0,0.2008772642421733,0.0
0.67,0.22413400090780072,0.0,0.20492463931436952,0.0,0.20169932038420957,0.0,0.2190414698516413,0.0,0.23221662887554323,0.0,0.22944971436514247,0.0,0.19761267946747263,0.0,0.19690231345653747,0.0,0.2081957299351925,0.0,0.21491255279281363,0.0,0.2209472822337438,0.0,0.2126286439263335,0.0,0.20139391759451866,0.0
0.675,0.22383577729518622,0.0,0.20510277029273932,0.0,0.2030135912628725,0.0,0.21983325517035254,0.0,0.23240987547045971,0.0,0.22947662283463754,0.0,0.197687647387208,0.0,0.19684261547251833,0.0,0.20856338136717475,0.0,0.21501669922689867,0.0,0.22058967190815215,0.0,0.211911258626659,0.0,0.20325806856524473,0.0
0.68,0.22349523507229488,0.0,0.20549046075568092,0.0,0.20420804463356157,0.0,0.21955539786663886,0.0,0.23241169064027914,0.0,0.22967922711142774,0.0,0.19808893207328138,0.0,0.20002795425585979,0.0,0.20814115110084686,0.0,0.21539084541306006,0.0,0.22172190098207406,0.0,0.21180755465197001,0.0,0.20554297970181223,0.0
0.685,0.22318325131994554,0.0,0.2062188967442753,0.0,0.20428640487989455,0.0,0.21962413453472393,0.0,0.23147193199614463,0.0,0.22956002352593965,0.0,0.2012419230071038,0.0,0.20053949337411228,0.0,0.20850726216128251,0.0,0.21604701582021374,0.0,0.22207572585685745,0.0,0.21203036389645435,0.0,0.20508770005350385,0.0
0.69,0.22279760812024796,0.0,0.2067834841551514,0.0,0.20441756421134,0.0,0.22124121374163722,0.0,0.23167081048373647,0.0,0.23194806680836505,0.0,0.20165537549531706,0.0,0.20013104834825324,0.0,0.20805277166055813,0.0,0.2157326888090446,0.0,0.22171742179928944,0.0,0.2127892722498158,0.0,0.20726820998060683,0.0
0.695,0.22332049221305766,0.0,0.2068957352951817,0.0,0.20398415784870855,0.0,0.22293779849749792,0.0,0.23142718967499704,0.0,0.232582733606252,0.0,0.2021478462720159,0.0,0.20097010351596606,0.0,0.20837082628669215,0.0,0.21593386639395465,0.0,0.2227982927492264,0.0,0.21348868337639168,0.0,0.20677899958942983,0.0
0.7,0.22347088588885133,0.0,0.20695321860293886,0.0,0.20352161380783443,0.0,0.2225836900012404,0.0,0.2308137896729629,0.0,0.23483801939028867,0.0,0.2012820618314894,0.0,0.20133647681008907,0.0,0.20822145693344027,0.0,0.2164209956300348,0.0,0.2227953506054417,0.0,0.2132317787450029,0.0,0.2070779133956869,0.0
0.705,0.2227242838984459,0.0,0.20678609749505397,0.0,0.2039067702577987,0.0,0.22242696956161523,0.0,0.23082987880823957,0.0,0.23586133761449732,0.0,0.20210105229126843,0.0,0.20174046184250355,0.0,0.2088366297710492,0.0,0.2161770049087952,0.0,0.22347623656296092,0.0,0.21421500243204158,0.0,0.20752555875335865,0.0
0.71,0.2224888734948447,0.0,0.20634516779301532,0.0,0.20376227992070978,0.0,0.22363139082047387,0.0,0.23029920531247852,0.0,0.23541632740790844,0.0,0.20149316902492345,0.0,0.20178266527059682,0.0,0.2095966515097061,0.0,0.21643112716079796,0.0,0.2232994230608121,0.0,0.21537634670367303,0.0,0.2072615672009526,0.0
0.715,0.2226136680611145,0.0,0.20904705024470746,0.0,0.20440798756014256,0.0,0.22377645526805218,0.0,0.2325231461380653,0.0,0.23539990840114866,0.0,0.2014844235236328,0.0,0.20169627307571042,0.0,0.21020155934781723,0.0,0.2159371162929694,0.0,0.22450894900993432,0.0,0.21827615330019948,0.0,0.20836784470078218,0.0
0.72,0.22162980942595611,0.0,0.20856219567444095,0.0,0.20458732937538618,0.0,0.2236130254560543,0.0,0.23147047168292811,0.0,0.23494601152552752,0.0,0.20229259994448165,0.0,0.20109964359928384,0.0,0.21041081585562008,0.0,0.216644926791809,0.0,0.22393871935723267,0.0,0.21983521518762,0.0,0.20822264520168943,0.0
0.725,0.22131965134223164,0.0,0.2097070965729726,0.0,0.20472104363454868,0.0,0.22475105942176166,0.0,0.2308976389935663,0.0,0.2348280307224794,0.0,0.20243019784221983,0.0,0.2004519099485854,0.0,0.2099540107794128,0.0,0.21613948477226788,0.0,0.22500897569962217,0.0,0.21935059009202162,0.0,0.2082192707425864,0.0
0.73,0.22293435574951964,0.0,0.2102988183249358,0.0,0.20458962826289132,0.0,0.22384130654468712,0.0,0.23033181006940992,0.0,0.23401264440568353,0.0,0.202577771123807,0.0,0.2004504760608578,0.0,0.21069953310705827,0.0,0.21682866444273408,0.0,0.22621750948128652,0.0,0.21941356939061615,0.0,0.21110851334028755,0.0
0.735,0.22414878127382643,0.0,0.20965584424429187,0.0,0.20434226557875462,0.0,0.22395987743070558,0.0,0.23032303056409642,0.0,0.23390731724318703,0.0,0.202217270119342,0.0,0.20109692518303426,0.0,0.21200940628328996,0.0,0.21670308658433335,0.0,0.2278892313513072,0.0,0.2194785949144507,0.0,0.21084675315370377,0.0
0.74,0.22605316835977163,0.0,0.20975260135719498,0.0,0.20374388289558926,0.0,0.22515916817659687,0.0,0.22962892353226758,0.0,0.23328899671465803,0.0,0.20263151496152723,0.0,0.20241560564656302,0.0,0.21192990058097286,0.0,0.216776055241229,0.0,0.22779432096831323,0.0,0.22170051483645703,0.0,0.21099314581489353,0.0
0.745,0.22562498878859472,0.0,0.20989005509946362,0.0,0.20341973329939445,0.0,0.22461564409356982,0.0,0.2302136939559459,0.0,0.2328122545370725,0.0,0.20241487685318668,0.0,0.2031554276070978,0.0,0.21152468159167473,0.0,0.21636444140110375,0.0,0.22782981114803577,0.0,0.22125604320943498,0.0,0.21118204601359394,0.0
0.75,0.2251573171460719,0.0,0.20972768406128436,0.0,0.20339855215966754,0.0,0.22410678390672426,0.0,0.23287926059628597,0.0,0.2327866549827873,0.0,0.20232439824492512,0.0,0.20328268672382727,0.0,0.21134034246909586,0.0,0.21586119626320557,0.0,0.2270828232635174,0.0,0.22091668583349736,0.0,0.21099999112820228,0.0
0.755,0.2260864690171349,0.0,0.2093682000149352,0.0,0.20540252247644933,0.0,0.22471087920095392,0.0,0.23309794483435592,0.0,0.23262073904668773,0.0,0.2026991847683615,0.0,0.2052874243613762,0.0,0.21254105119758795,0.0,0.2154222752513132,0.0,0.22718381397797308,0.0,0.22086983688538278,0.0,0.21155945143212673,0.0
0.76,0.22618636873932085,0.0,0.2093081629249709,0.0,0.2055845348906915,0.0,0.2252720406459731,0.0,0.23316767133617952,0.0,0.2330308712045141,0.0,0.2034225393275581,0.0,0.20563309047250397,0.0,0.21212686088357394,0.0,0.2155197156046284,0.0,0.22774732320014943,0.0,0.22135727761005985,0.0,0.2126319078435044,0.0
0.765,0.2260235965094517,0.0,0.20903966064242074,0.0,0.20631117006565647,0.0,0.22528502038087325,0.0,0.2326610295473145,0.0,0.23296129944905566,0.0,0.20540015717504934,0.0,0.2052667573548239,0.0,0.21193007292966334,0.0,0.21531287964123116,0.0,0.22775532972429416,0.0,0.2219551857024698,0.0,0.21216292590149702,0.0
0.77,0.2255510515478292,0.0,0.20891231597202736,0.0,0.2062006819911202,0.0,0.22449527840693154,0.0,0.2328192748390729,0.0,0.23347997423022268,0.0,0.20575952844356749,0.0,0.20538824527429872,0.0,0.2121407582146926,0.0,0.2150209287138127,0.0,0.22789085961222355,0.0,0.2230374763828669,0.0,0.21237209915424166,0.0
0.775,0.2247873561458949,0.0,0.2087828370664914,0.0,0.20727008716434223,0.0,0.22448075593409014,0.0,0.232880649976539,0.0,0.2327723509976545,0.0,0.20645035223263336,0.0,0.20573359313242465,0.0,0.21237615288727796,0.0,0.21507870270245877,0.0,0.228953804779057,0.0,0.2235048378063374,0.0,0.2122817547678132,0.0
0.78,0.22494003700550258,0.0,0.20840335813316427,0.0,0.20690030534577245,0.0,0.22450998969597627,0.0,0.2332858924277125,0.0,0.23221475626729335,0.0,0.20641211989789915,0.0,0.20645236386956212,0.0,0.21296774791059092,0.0,0.21570535983737107,0.0,0.2292828774904144,0.0,0.2245890847464981,0.0,0.21443586366911815,0.0
0.785,0.2275203468972316,0.0,0.20856046037079543,0.0,0.2067852912073532,0.0,0.22408438692627364,0.0,0.23293070862232554,0.0,0.2318950336409746,0.0,0.20665392554711107,0.0,0.20622242802847437,0.0,0.21393903136132972,0.0,0.2159922259054569,0.0,0.2293889539231173,0.0,0.22481936657949395,0.0,0.21557096874429196,0.0
0.79,0.22751868609462697,0.0,0.20843853344811364,0.0,0.20667543861364743,0.0,0.22361286627147098,0.0,0.2323637790358447,0.0,0.23171777505962457,0.0,0.2067956173018023,0.0,0.2073167537308493,0.0,0.2138538862768535,0.0,0.21660397813242394,0.0,0.23016412711738526,0.0,0.22493884130438035,0.0,0.21532467708949207,0.0
0.795,0.22752826179710306,0.0,0.20911979875133516,0.0,0.20707439065668395,0.0,0.22351299509134695,0.0,0.23387067743419993,0.0,0.23166908400235617,0.0,0.20711657991784627,0.0,0.207524412490224,0.0,0.21315525756553852,0.0,0.21686620698933026,0.0,0.2305652151547389,0.0,0.22492278816799663,0.0,0.21492856627554896,0.0
0.8,0.22843095068487446,0.0,0.21013754053314262,0.0,0.20971798002762315,0.0,0.2258205036119322,0.0,0.23348817250197915,0.0,0.23155905471644048,0.0,0.20688437935437026,0.0,0.20728966297317059,0.0,0.21312137063470232,0.0,0.21641188119443172,0.0,0.23155310725054443,0.0,0.22507093906985554,0.0,0.21578442722768587,0.0
0.805,0.22895521320079934,0.0,0.2103991854037019,0.0,0.21209683952052605,0.0,0.22625701273458854,0.0,0.2334290900451591,0.0,0.23230630480278222,0.0,0.2062650867139581,0.0,0.2072474048678347,0.0,0.21322025170397949,0.0,0.21600646618792332,0.0,0.23108056771737442,0.0,0.22491823825584456,0.0,0.21679897046853075,0.0
0.81,0.22860752525457506,0.0,0.21050325179062782,0.0,0.21234477486109804,0.0,0.22831166078252715,0.0,0.2328880930267403,0.0,0.23239044413995497,0.0,0.20595265702831533,0.0,0.20747659129966392,0.0,0.2134386795962061,0.0,0.21618158433999893,0.0,0.23074461907273575,0.0,0.22455364039259448,0.0,0.21793882193367942,0.0
0.815,0.22886266871207706,0.0,0.2116207003101418,0.0,0.21191913243703495,0.0,0.22849942460155348,0.0,0.23194420818379172,0.0,0.23236989676969957,0.0,0.20616358855864117,0.0,0.2076088896523551,0.0,0.2137176886985841,0.0,0.21608379892895818,0.0,0.23069246984601047,0.0,0.2247577816984853,0.0,0.2174812575902725,0.0
0.82,0.22861020802987797,0.0,0.2127782259657057,0.0,0.2129109232512087,0.0,0.2282273172149882,0.0,0.23245262870300884,0.0,0.23225692480566604,0.0,0.2060615458320753,0.0,0.20825052578708939,0.0,0.2137696802011325,0.0,0.21598869105752605,0.0,0.23061830570986833,0.0,0.22458945261024355,0.0,0.21773018235612007,0.0
0.825,0.2287315215113055,0.0,0.2131256840717102,0.0,0.2130086826423427,0.0,0.22854284346065987,0.0,0.2319176071945395,0.0,0.23231798841985182,0.0,0.20711042063917612,0.0,0.20856866400975457,0.0,0.21426488515155467,0.0,0.21631669179933774,0.0,0.22984347913694653,0.0,0.22479749934159854,0.0,0.21863559872717156,0.0
0.83,0.2288404205906651,0.0,0.21331393661841178,0.0,0.21328151206245227,0.0,0.2280443177353626,0.0,0.2332739257946102,0.0,0.2326894176474004,0.0,0.20824988577861056,0.0,0.210882794698762,0.0,0.21654470125537054,0.0,0.21727004200513406,0.0,0.23182701237407724,0.0,0.22453979334517477,0.0,0.21884452507262958,0.0
0.835,0.2283274220714609,0.0,0.21477353277522535,0.0,0.21319221390194557,0.0,0.22803406310054952,0.0,0.2334950155133694,0.0,0.23215448600854383,0.0,0.21055206824930744,0.0,0.2105275221028146,0.0,0.2176040430940782,0.0,0.2181963200999568,0.0,0.2313344229366627,0.0,0.22559916528815346,0.0,0.219761375125132,0.0
0.84,0.2285095038643916,0.0,0.21613072046756782,0.0,0.2137853389129386,0.0,0.2285388437710747,0.0,0.23345237728841828,0.0,0.23238092304913222,0.0,0.21073492038347466,0.0,0.21145964330208128,0.0,0.21774491918750272,0.0,0.2192871450268774,0.0,0.23119394035151442,0.0,0.22564031827459177,0.0,0.2196306974045595,0.0
0.845,0.22798549988804337,0.0,0.21569778756384736,0.0,0.2152248723797631,0.0,0.22892604138303824,0.0,0.23392211006037306,0.0,0.23161400587829575,0.0,0.2108341365220629,0.0,0.2116360432043731,0.0,0.21795540707440036,0.0,0.2186746863490277,0.0,0.23244593517244486,0.0,0.2256842714767614,0.0,0.22019693690710887,0.0
0.85,0.22759830240474643,0.0,0.21559585186792962,0.0,0.21539634728825963,0.0,0.22818395832300725,0.0,0.2338542528989554,0.0,0.23155888993263823,0.0,0.21178192680040683,0.0,0.2125944948676505,0.0,0.21903481590233106,0.0,0.2200533899507542,0.0,0.23200619646468143,0.0,0.22570401824918238,0.0,0.2208189107363474,0.0
0.855,0.22832501594985,0.0,0.21660773548556525,0.0,0.2153843706134719,0.0,0.2282666978716816,0.0,0.23363961873713016,0.0,0.23184386220058079,0.0,0.21268062459500434,0.0,0.212261494766903,0.0,0.21981160831586982,0.0,0.22027429804023985,0.0,0.23237737950886922,0.0,0.22527500678382187,0.0,0.22043781463636777,0.0
0.86,0.2302481844414244,0.0,0.21668002320244176,0.0,0.21503708635199723,0.0,0.2279038297701563,0.0,0.2341292827452042,0.0,0.23221827839293088,0.0,0.2132464780499396,0.0,0.21315217938847092,0.0,0.21996349941534016,0.0,0.22125309834514323,0.0,0.23235798324886606,0.0,0.22581330225674073,0.0,0.21975371060463172,0.0
0.865,0.2316453661751406,0.0,0.21723584512467492,0.0,0.21606373533534642,0.0,0.2276700453023024,0.0,0.2340351180766397,0.0,0.23243193685664262,0.0,0.21288986413737085,0.0,0.21418972378779425,0.0,0.21950635589684905,0.0,0.22106914159980623,0.0,0.23206700244358505,0.0,0.22532234484899297,0.0,0.2198726746847866,0.0
0.87,0.231532329207896,0.0,0.21747183662614536,0.0,0.21705548369826755,0.0,0.22931565414044103,0.0,0.23376743990856377,0.0,0.23189651173451828,0.0,0.21300591295121912,0.0,0.21474040019616247,0.0,0.21906319223664242,0.0,0.2211798620301029,0.0,0.23157114365403175,0.0,0.22673980622557532,0.0,0.2211537573882577,0.0
0.875,0.23128839067307347,0.0,0.2184774534929648,0.0,0.21761702478190834,0.0,0.2291898798475812,0.0,0.23403327823909092,0.0,0.23187140279777751,0.0,0.21359059443912876,0.0,0.2153151703283867,0.0,0.2184730118722632,0.0,0.22099508045058205,0.0,0.23104369692233445,0.0,0.22649485769402833,0.0,0.22122192081887895,0.0
0.88,0.23129616537700998,0.0,0.21812048772107195,0.0,0.2177828869631759,0.0,0.2288555761940085,0.0,0.23437364100509958,0.0,0.23196660467088914,0.0,0.21460796242794852,0.0,0.21550432032791117,0.0,0.2189930937300564,0.0,0.22034839399488562,0.0,0.23105204447964953,0.0,0.22621168740761854,0.0,0.22125621638289497,0.0
0.885,0.2314415588182591,0.0,0.2180935264113459,0.0,0.21822616696499295,0.0,0.2302290510424849,0.0,0.23396618773532168,0.0,0.23323835546261448,0.0,0.2147898878870279,0.0,0.21638824215566607,0.0,0.22031547341882748,0.0,0.22160507575247815,0.0,0.2307091088431475,0.0,0.2271724215679444,0.0,0.22120379105798924,0.0
0.89,0.2305853414295392,0.0,0.21863977161878442,0.0,0.219210597422041,0.0,0.2305927127053715,0.0,0.23390033440600258,0.0,0.2327838874975017,0.0,0.21541428451618874,0.0,0.21700365926646378,0.0,0.22090882743264115,0.0,0.2216468518594211,0.0,0.23026885012870588,0.0,0.2279858264121724,0.0,0.22218726208454714,0.0
0.895,0.22945268195705368,0.0,0.22093814546452842,0.0,0.22022872206115038,0.0,0.2306066213368888,0.0,0.23429566760219306,0.0,0.23318545782725925,0.0,0.2163034383790119,0.0,0.21757235541925254,0.0,0.22092596189924063,0.0,0.22135812357954546,0.0,0.22978330255233517,0.0,0.22983568211099067,0.0,0.2217604481793894,0.0
0.9,0.2294696829851244,0.0,0.2213565082524188,0.0,0.22026777327239785,0.0,0.23056978397920583,0.0,0.23428576315445748,0.0,0.23285310866722694,0.0,0.21648289466715454,0.0,0.21774488084728683,0.0,0.22143657997618252,0.0,0.22188016274485578,0.0,0.22930769575929758,0.0,0.22985371919785724,0.0,0.22196082720757498,0.0
0.905,0.22946457737574152,0.0,0.22149712847580322,0.0,0.22038381445204983,0.0,0.23071597746262515,0.0,0.23413906473168009,0.0,0.23239305902523927,0.0,0.21666048603620575,0.0,0.21782961828872155,0.0,0.22165374435491544,0.0,0.2231795347451951,0.0,0.22899860688229287,0.0,0.2300528731279511,0.0,0.22244727246523407,0.0
0.91,0.22905901089367608,0.0,0.22156078358168876,0.0,0.22045358666795598,0.0,0.2300844700505793,0.0,0.2340532981755648,0.0,0.23284872998298742,0.0,0.2165101317535182,0.0,0.21788276570364554,0.0,0.2213718690387829,0.0,0.2232339458605895,0.0,0.22916299455482872,0.0,0.22993023837797197,0.0,0.22297152826556718,0.0
0.915,0.22897316021064812,0.0,0.22213112076363395,0.0,0.22102997410626038,0.0,0.2302520048182092,0.0,0.23412300020020654,0.0,0.23281817921852135,0.0,0.21747704244513583,0.0,0.21889570627364266,0.0,0.22140403336144363,0.0,0.2237081178441047,0.0,0.22957557369127285,0.0,0.2303386249252186,0.0,0.22308477878385125,0.0
0.92,0.22984084928821866,0.0,0.22223514307899137,0.0,0.22113488998867975,0.0,0.2310221487259392,0.0,0.23387937523491775,0.0,0.23299797487790355,0.0,0.21829034049477974,0.0,0.2198443969369356,0.0,0.22260716940343991,0.0,0.22380356952315522,0.0,0.22956430670275987,0.0,0.2296453276222433,0.0,0.22398446993439347,0.0
0.925,0.22963239578652703,0.0,0.2223329774216532,0.0,0.22161528203654562,0.0,0.23075726307842198,0.0,0.23324100903619,0.0,0.23332737568968037,0.0,0.219581022409977,0.0,0.22112667854704016,0.0,0.22312205945058816,0.0,0.22343517983729938,0.0,0.2300278789548282,0.0,0.22934109671088765,0.0,0.2238574517618513,0.0
0.93,0.22915521984528966,0.0,0.22302939323453383,0.0,0.22133758960496033,0.0,0.23110933933759603,0.0,0.23310156894938236,0.0,0.2336615215032885,0.0,0.21954014021355014,0.0,0.22129974679180447,0.0,0.22361777511663553,0.0,0.2241256698307411,0.0,0.22957370320448087,0.0,0.228891884218148,0.0,0.22395107420823596,0.0
0.935,0.22899058615230858,0.0,0.22349451636613454,0.0,0.22211719545509218,0.0,0.23029610684716031,0.0,0.23240461896129888,0.0,0.23365537896589011,0.0,0.22007094304992506,0.0,0.22253907594608646,0.0,0.22486616399198123,0.0,0.224670091317623,0.0,0.2299180964504083,0.0,0.22851112737662133,0.0,0.22413805864179523,0.0
0.94,0.22857868022158112,0.0,0.2232097821820683,0.0,0.2232909394425053,0.0,0.230078021207479,0.0,0.23213660664733055,0.0,0.2333186611885119,0.0,0.22047611594479136,0.0,0.22322698681135972,0.0,0.22564856994862242,0.0,0.2250387357265341,0.0,0.23027089086974015,0.0,0.2285057620597504,0.0,0.22456639331138198,0.0
0.945,0.22946589161609812,0.0,0.22371555196214019,0.0,0.22291136976913514,0.0,0.22998224825862768,0.0,0.23211208728837582,0.0,0.23287551788236027,0.0,0.22170668834001753,0.0,0.22416999168443516,0.0,0.2265108947133579,0.0,0.22598165717778587,0.0,0.2303583928687627,0.0,0.22808818725238378,0.0,0.22467946465589725,0.0
0.95,0.22993607255820103,0.0,0.22333574522115812,0.0,0.22341604819464314,0.0,0.2303753152494986,0.0,0.23176335727322295,0.0,0.23274093701397927,0.0,0.2225852212986681,0.0,0.22503555988864143,0.0,0.22613795041297088,0.0,0.22773496422685358,0.0,0.23023706002676905,0.0,0.22818212772697527,0.0,0.22479593467710304,0.0
0.955,0.2295298264069672,0.0,0.22408856269947466,0.0,0.22354793050904131,0.0,0.23071616960432215,0.0,0.23210094936752437,0.0,0.23244730324576948,0.0,0.22352171180402908,0.0,0.2248484418085285,0.0,0.22617430856655205,0.0,0.228093647384225,0.0,0.22992909103504588,0.0,0.22788491754310441,0.0,0.22601201090814585,0.0
0.96,0.2291073259138344,0.0,0.224216255447106,0.0,0.22348766490157015,0.0,0.23032520766700706,0.0,0.23168554368161298,0.0,0.23205794413955538,0.0,0.22335377034398343,0.0,0.22486099127872208,0.0,0.22652743841877268,0.0,0.22769499438313812,0.0,0.2294652815542195,0.0,0.22834033554202263,0.0,0.2260277880533551,0.0
0.965,0.22899657991755415,0.0,0.22595145617795334,0.0,0.2241528392731551,0.0,0.2307787652859649,0.0,0.23136775556315275,0.0,0.23160972261235674,0.0,0.2237196846955323,0.0,0.22479423450460737,0.0,0.2264520472035178,0.0,0.22779402948314775,0.0,0.22905138954340723,0.0,0.22790424095271458,0.0,0.22637984739086578,0.0
0.97,0.22901764062801508,0.0,0.2268653707853511,0.0,0.2239833759339907,0.0,0.23031535758199795,0.0,0.2311229414272852,0.0,0.23115902342263103,0.0,0.22438023435492366,0.0,0.22515083762671204,0.0,0.22816677890092568,0.0,0.22905262017846312,0.0,0.2292413338269198,0.0,0.22800168697195317,0.0,0.2265569787575461,0.0
0.975,0.22902387431174437,0.0,0.22678901982683433,0.0,0.2241338066834226,0.0,0.230395467940166,0.0,0.2311989103298364,0.0,0.2309544999767471,0.0,0.22529751976855542,0.0,0.22526190393983148,0.0,0.2279674416070085,0.0,0.2290434166908079,0.0,0.22891626741965013,0.0,0.2283400128859068,0.0,0.22826237884853637,0.0
0.98,0.22895203514883333,0.0,0.22713180666543678,0.0,0.2258428688763676,0.0,0.2299464904456799,0.0,0.23082386667944266,0.0,0.2307419566431263,0.0,0.22530752191303066,0.0,0.22562405467118332,0.0,0.22796506918965073,0.0,0.22895634279888838,0.0,0.22890780656590548,0.0,0.2283344921063139,0.0,0.2295057372440761,0.0
0.985,0.22910100129721755,0.0,0.22726472831725286,0.0,0.2261887184769592,0.0,0.22993408413785862,0.0,0.2305222987399919,0.0,0.23050404728557158,0.0,0.22544970389353916,0.0,0.22672637452101874,0.0,0.22806072248658144,0.0,0.22905608507018688,0.0,0.23006597249605965,0.0,0.22949556826215128,0.0,0.22949556826215128,0.0
0.99,0.22912103871208647,0.0,0.22708297186855597,0.0,0.22708297186855597,0.0,0.22954221026682167,0.0,0.23007721581211765,0.0,0.2300513888180504,0.0,0.22654733703088875,0.0,0.228405079682532,0.0,0.22929254017288317,0.0,0.22950933853253774,0.0,0.22987006834948998,0.0,0.22983267876226565,0.0,0.22930254494504582,0.0
0.995,0.22944693922204037,0.0,0.22821850617395284,0.0,0.22821850617395284,0.0,0.22962897689203865,0.0,0.22962897689203857,0.0,0.22975673351046044,0.0,0.22821850617395284,0.0,0.22821850617395278,0.0,0.2296289768920385,0.0,0.22962897689203857,0.0,0.22963893138896413,0.0,0.22963893138896413,0.0,0.22963893138896413,0.0
1.0,0.2294372167649546,0.0,0.2294372167649547,0.0,0.2294372167649547,0.0,0.2294372167649548,0.0,0.2294372167649547,0.0,0.2294372167649548,0.0,0.2294372167649547,0.0,0.22943721676495465,0.0,0.22943721676495465,0.0,0.2294372167649547,0.0,0.22943721676495468,0.0,0.22943721676495468,0.0,0.22943721676495468,0.0
0.0,0.257524698972702,0.034838348627090454,0.45129886269569397,0.0018018782138824463,0.45129886269569397,0.0018018782138824463,0.342347115278244,0.0163862407207489,0.2564210295677185,0.035942018032073975,0.27243664860725403,0.014425724744796753,0.45129886269569397,0.0018018782138824463,0.3127121031284332,0.01324877142906189,0.3127121031284332,0.01324877142906189,0.45129886269569397,0.0018018782138824463,0.29358193278312683,0.017837733030319214,0.2147708237171173,0.007915526628494263,0.2147708237171173,0.007915526628494263
0.005,0.257524698972702,0.034838348627090454,0.45129886269569397,0.0018018782138824463,0.45129886269569397,0.0018018782138824463,0.342347115278244,0.0163862407207489,0.2564210295677185,0.035942018032073975,0.27243664860725403,0.014425724744796753,0.45129886269569397,0.0018018782138824463,0.3127121031284332,0.01324877142906189,0.3127121031284332,0.01324877142906189,0.45129886269569397,0.0018018782138824463,0.29358193278312683,0.017837733030319214,0.2147708237171173,0.007915526628494263,0.2147708237171173,0.007915526628494263
0.01,0.26327700912952423,0.004354998469352722,0.3439571410417557,0.004452034831047058,0.2774728238582611,0.002803504467010498,0.3496014028787613,0.008221045136451721,0.23523685336112976,0.016079634428024292,0.24794901907444,0.007527336478233337,0.2774728238582611,0.002803504467010498,0.3471827358007431,0.023668065667152405,0.3561340719461441,0.014716729521751404,0.2774728238582611,0.002803504467010498,0.24815943837165833,0.028012454509735107,0.258589044213295,0.03469933569431305,0.2875579744577408,0.0057304054498672485
0.015,0.23272324601809183,0.00565144419670105,0.2979067265987396,0.039490689833958925,0.26940764983495075,0.013604998588562012,0.36346526940663654,0.002701878547668457,0.2822999854882558,0.015176206827163696,0.29787940780321753,0.014279852310816438,0.26936832070350647,0.013565669457117735,0.3298148214817047,0.02222364147504169,0.3430702288945516,0.008968234062194824,0.2638536890347799,0.005437652269999177,0.26790808637936914,0.03513978918393454,0.27781670292218524,0.009623616933822632,0.3001247843106588,0.023191253344217927
0.02,0.23303502798080444,0.017059579491615295,0.28276315331459045,0.021998733282089233,0.2612095922231674,0.007527261972427368,0.34404661506414413,0.009182192385196686,0.29332078248262405,0.017074696719646454,0.29271843284368515,0.023541398346424103,0.27638716250658035,0.0227048322558403,0.33189500868320465,0.02133379876613617,0.3353022634983063,0.015789717435836792,0.25722337514162064,0.0035410448908805847,0.23777220398187637,0.026001550257205963,0.2770713120698929,0.02429664134979248,0.3126380741596222,0.004714787006378174
0.025,0.24105894565582275,0.0003877997398376576,0.28811745047569276,0.011729639768600475,0.26696609854698183,0.0015852987766265814,0.32657572627067566,0.004192143678665161,0.28874587416648867,0.01808535456657409,0.285867965221405,0.01660417318344118,0.28871623873710633,0.02333543896675111,0.3386783957481384,0.013555157184600847,0.32368394136428835,0.001439297199249262,0.26467944383621217,0.0032216906547546387,0.24353284239768982,0.0013382375240325872,0.2692539930343628,0.03412430286407471,0.3192589521408081,0.010227823257446284
0.03,0.245464230577151,0.0035121689240137782,0.2841200977563858,0.007085546851158142,0.2716609140237173,0.0017503400643666678,0.3226683934529623,0.011013587315877288,0.2901516258716583,0.020076950391133608,0.27994554738203686,0.018812552094459534,0.29692443211873376,0.027013858159383147,0.3348183184862137,0.003233884771664919,0.30843874315420783,0.004622702797253936,0.26782968143622077,0.004614209135373443,0.24791117509206134,0.0006723006566365514,0.27549160520235694,0.029639641443888337,0.31726259986559546,0.022347052892049163
0.035,0.25058409571647644,0.0038045857633863256,0.2752216500895364,0.004766613245010376,0.2764868863991329,0.006277241877147122,0.3255287451403482,0.016230672597885132,0.2852712954793658,0.005612816129411974,0.2547600099018642,0.017183457102094374,0.29363153236252926,0.02342188784054347,0.31836384109088356,0.005965748003550958,0.305767936365945,0.013541851724897108,0.27095576695033485,0.000289091042109918,0.25958605323519024,0.0019852689334324547,0.2807111612388066,0.018993543727057333,0.2929914508547102,0.018952735832759304
0.04,0.2478553205728531,0.009294241666793823,0.2664911299943924,0.015961013734340668,0.2809622399508953,0.0014899037778377533,0.3191688656806946,0.013263806700706482,0.27431049942970276,0.001370646059513092,0.26973938196897507,0.01986951380968094,0.2984139956533909,0.018941659480333328,0.3258726932108402,0.006693702191114426,0.3146790973842144,0.013494972139596939,0.25550686568021774,0.00042960047721862793,0.2653651721775532,0.0009426511824131012,0.27303649485111237,0.010362669825553894,0.29096676781773567,0.012099910527467728
0.045,0.2565814124213325,0.005766650040944427,0.2696036398410797,0.014403598176108479,0.2872861921787262,0.002943916453255535,0.313403887881173,0.0089800324704912,0.27932613094647724,0.007506877183914185,0.2752638922797309,0.016800085703531892,0.2999052968290117,0.015267567502127738,0.3222808241844177,0.005487216843499065,0.31346860859129166,0.005011022090911865,0.26026635368665063,0.001626355780495553,0.27597091595331824,0.005264739195505769,0.2791450222333272,0.004918813705444336,0.29374012019899154,0.011870357725355357
0.05,0.2560718297958374,2.4032592773420843e-05,0.26738510131835935,0.010504657030105585,0.3034089654684067,0.005481788516044639,0.3052222311496735,0.007938390970230108,0.2852417677640915,0.00990346968173983,0.2722284346818924,0.01734369099140165,0.28707633912563324,0.01630724370479586,0.31192950606346126,0.007154142856597906,0.31215797662734984,0.00874505639076234,0.2623717188835144,0.00429241657257079,0.2809554964303971,0.00032440721988677423,0.2873122066259384,0.009919318556785572,0.30167376101016996,0.008200922608375544
0.055,0.2573193203319203,0.0040344758467240616,0.25892609628764063,0.007226204330270963,0.3064675710418008,0.0030125596306540825,0.3001210716637698,0.010877785357561981,0.2826413322578777,0.008065334775231109,0.2830768119205128,0.005777678706429229,0.28701955621892755,0.006657443263313967,0.3047025610100139,0.004178510470823793,0.3103499277071519,0.007687484676187684,0.2642923593521118,0.0016262043606151133,0.27834889834577387,0.0038348680192774043,0.289794921875,0.006022659215060122,0.2986082217910073,0.0015166564421220385
0.06,0.259955088297526,0.002286230524381011,0.26097381860017776,0.0015563194950421466,0.3034693996111552,0.0011327266693115234,0.2977394138773283,0.004359620312849671,0.28239299605290097,0.006793133914470673,0.2810149242480596,0.003845368822415679,0.2872465178370476,0.0005145942171414508,0.298178901274999,0.0041413257519404,0.31027090549468994,0.00044263402620953185,0.270454041659832,0.002331770956516266,0.2850669796268145,0.0009104485313097543,0.29150837659835815,0.008678783973058046,0.30026367058356607,0.0038146351774533682
0.065,0.2633083118842198,0.0008854201206794365,0.26647746792206395,0.0062170555958381,0.29758448325670683,0.00375561530773455,0.3031754447863652,0.006523091059464692,0.27975615629783046,0.0032493288700397305,0.2897855524833386,0.012232581010231613,0.2849090489057394,0.0020266656692211615,0.3049306021286891,0.005135607260924102,0.3071617759191073,0.0017343621987563063,0.2687479830705203,0.00401278413259068,0.28599430047548735,0.001315690003908604,0.29272196613825285,0.006440210800904511,0.30103413875286394,0.005721326057727516
0.07,0.25548867668424335,0.002233377524784641,0.2644542178937367,0.003923073410987854,0.29817037497247967,0.0042465925216674805,0.30660908775670187,0.002409788114683953,0.2852632658822196,0.003021223204476481,0.29496490742479053,0.01633898913860321,0.2889162302017212,5.078315734863281e-05,0.311347878405026,0.004331629191126146,0.3123511459146227,0.00010479348046438242,0.27157458662986755,0.0026014276913234324,0.2892776089055198,0.0005604965346200086,0.2925560197659901,0.007502047078950053,0.29986850704465595,0.0034052048410688207
0.075,0.2602384944756826,0.0034731566905975286,0.2641322036584218,0.001292624076207477,0.2930389960606893,0.001053067048390699,0.3095255732536316,0.010760470231374109,0.29224870403607683,0.0004883666833241651,0.29617281754811603,0.018164141972859704,0.2941500643889109,0.007341585556666058,0.31978891690572103,0.0013719916343689076,0.3070645153522491,0.002331560850143438,0.2778115451335907,0.0020313243071238274,0.290294224023819,0.00010148088137310052,0.2932966967423757,0.007569144169489561,0.2925488889217377,0.00844609538714089
0.08,0.26525829173624516,0.00029613636434078217,0.2629601564258337,0.0021684076637029648,0.2913972735404968,0.0008172020316123962,0.3146682772785425,0.01734440214931965,0.29154337011277676,0.00026691146194934845,0.2868723012506962,0.016940560191869736,0.30445788986980915,0.004174327477812767,0.3185717947781086,0.00346234068274498,0.30126481503248215,0.0015565678477287292,0.2794086914509535,0.0015561003237962723,0.28754156455397606,0.001558840274810791,0.2942948751151562,0.008139405399560928,0.29970565997064114,0.013877751305699348
0.085,0.2676996360806858,0.004785199375713561,0.26447707414627075,0.003715714987586549,0.2921227777705473,0.005453867070815133,0.31353608825627494,0.012815193218343401,0.29444679968497334,0.0039388344568364875,0.29240822266129884,0.013553975259556483,0.3024807554834029,0.002231561085757089,0.3230140559813556,0.009954084368313049,0.29707857265191917,0.0062485915773055345,0.2824657156186945,0.00039889356669256526,0.2866003653582405,0.0024940441636478183,0.2945685246411492,0.007733345031738281,0.297042413669474,0.0077743127065546536
0.09,0.2699593057235082,0.0040243350797229405,0.2704577346642812,0.006179415517383158,0.2894763516055213,0.0024910999668968925,0.31205614407857263,0.019776536358727365,0.2959611498647266,0.0022451529900233136,0.29359622299671173,0.018631781140963255,0.3021952145629459,0.0030560725265079136,0.31727104716830784,0.008543362220128359,0.29792363610532546,0.007680417762862296,0.2833678507142597,0.000651947326130331,0.28942922088834977,0.003973570134904653,0.29510783652464545,0.005381201704343169,0.2979807671573427,0.007650102178255708
0.095,0.27196040122132553,0.004575216456463471,0.27412568738586024,0.005199386885291646,0.28865753976922287,0.0003364619455839546,0.3128319853230527,0.015719617667951075,0.28967316056552683,0.0006684802080455798,0.2941919235806716,0.017599662667826615,0.2981235745706056,0.0028386257196727493,0.3173586585019764,0.009345184815557378,0.30608062210835907,0.010171229902066675,0.28431891297039236,0.0024326365245016246,0.2895891901693846,0.0037699922135001618,0.2977406759011118,0.0023206786105507415,0.2970636879142962,0.011266164089504038
0.1,0.27756170779466627,0.005753751099109666,0.275056292116642,0.003967572748661052,0.2907792866230011,0.0009006977081298662,0.3111564427614212,0.013987737894058244,0.2925228804349899,0.0014036715030670277,0.2985649958252907,0.018424047529697424,0.29603745341300963,0.007289263606071461,0.32344365566968913,0.00817581862211228,0.3082946389913559,0.013395443558692932,0.28152951449155805,0.0037428334355354143,0.29173106849193575,0.00685518085956574,0.2929526999592781,0.0005968436598777771,0.29752592295408253,0.006646169722080236
0.105,0.27822123822711764,0.00868554910024008,0.2756151301520211,0.0023679562977381996,0.2883983325390589,0.005238832462401616,0.31517455975214637,0.013649489198412218,0.29746814852669123,0.0010541592325482851,0.30160435608455116,0.01537840990793135,0.2969303485893068,0.003424816188358104,0.32015731363069444,0.012066527491524093,0.306358277797699,0.014307672069186261,0.2845443827765329,0.007152676582336426,0.2914556520325797,0.002856859139033746,0.29564495171819416,7.762085823784237e-05,0.29781011740366614,0.005809695947737919
0.11,0.27953138676556677,0.0067081180485812075,0.27191236073320557,0.0009146657857027896,0.28780604627999395,0.00017762861468575974,0.31436906213110144,0.014015849341045716,0.2977685196833177,0.0013529847968708486,0.30002530596473,0.017365555871616728,0.2976449429988861,0.006795170632275693,0.31881533292206854,0.012497182596813566,0.30152099376375024,0.015265880660577269,0.28550649231130426,0.008892812512137693,0.29012721370566974,0.0014928565783934311,0.29431800815192133,0.0026929310776970528,0.29867907139387995,0.0006324662403627002
0.115,0.27925228035968286,0.006720317446667207,0.2740615709968235,0.0025005133255668055,0.2881092597608981,0.0021251401175623463,0.31087829366974207,0.016429578480513213,0.2957862213901852,0.0025768759457961143,0.2964203072630841,0.01889577378397403,0.29921239614486694,0.0037082433700561523,0.3192447372104811,0.007913708686828613,0.2989512280277584,0.010408016650573088,0.28559817179389624,0.007883810478708037,0.2864933156448862,0.00336812242217685,0.2966747607873834,0.000831105138944549,0.2981619886730028,0.0032866027044213264
0.12,0.28122952332099277,0.0026225000619888306,0.27494655052820843,0.0025187432765960693,0.2955719704429308,0.0035030717651049204,0.31049585218230885,0.015838194638490677,0.29478415101766586,0.003996911148230253,0.2941338258484999,0.018894216666618974,0.3010943755507469,0.00033563127120334046,0.3158419020473957,0.004737457881371199,0.2975260925789674,0.009793315082788467,0.28484422961870826,0.005694021781285613,0.28559538473685586,0.0030332903067270822,0.29707691445946693,0.0011334481338660107,0.2988509697218736,0.0030445419251918793
0.125,0.27916623830795284,0.002818779945373523,0.27790864944458005,0.0038221144676208463,0.29820327043533323,0.004854462146759025,0.30932685017585754,0.013366886377334575,0.2935930848121643,0.004116897583007817,0.29835996389389036,0.017644641399383543,0.3012820792198181,0.0007473778724670643,0.3139303982257843,0.004241913557052612,0.30466318488121036,0.008343325853347766,0.2849371242523193,0.00547842979431154,0.28667617321014405,0.0064430570602417025,0.2966881060600281,0.0012962198257446267,0.3010753881931305,0.001300143003463733
0.13,0.28394375053735876,0.002204306996785671,0.2766845742097268,0.0027747440796631884,0.29731657757208896,0.0027134590424024163,0.31169743950550377,0.013691576627584606,0.2933299002739099,0.0008856711479333645,0.3016133319873076,0.017593011260032654,0.3006372360082773,0.0013723373413085938,0.3104900179001001,0.00699040866815126,0.3018268048763275,0.005651008624296905,0.28738791896746707,0.0003377680595104404,0.2895610355413877,0.007185997871252209,0.29959409741254955,0.0032760798931121826,0.3009935239186654,0.0012976905474295919
0.135,0.28656359182463753,0.0016794878023642101,0.27543685612855134,0.0009540120760599957,0.2966477087250462,0.0033159973444762125,0.30949292911423576,0.014277165686642668,0.2920535725575906,0.00022786303802774244,0.3034404129893692,0.013583292563756316,0.29759641157256234,0.003146494980211606,0.3166003878469821,0.005769540866216033,0.30340487979076525,0.0014170485514181652,0.28631760235185977,0.0006179147296481724,0.2926454599256869,0.0051134107289490804,0.30066422400651155,0.003740805166739025,0.30427320467101204,0.0012826842290383778
0.14,0.28576480171510155,0.000788315066269446,0.27892890146800453,0.0012826983417783266,0.29791079887322014,0.000209797705922804,0.3115367005978312,0.01290994989020483,0.28927087464502876,0.0034617877432278343,0.30239618888923103,0.014879049999373312,0.300309382379055,0.000696836837700443,0.31261705074991497,0.009450237665857592,0.30634254749332157,0.0010318937046187304,0.28806378373077934,0.0008638096707207776,0.2919872786317553,0.0035576650074550242,0.3045845042381968,0.0032078378966876597,0.30582752930266516,0.0008461933050836756
0.145,0.28652455169579083,0.0003107241515455661,0.2813239313405136,0.0008620136770708664,0.29918306038297454,0.00319594144821167,0.31413558639329053,0.012586608015257739,0.28955556298124374,0.0023619316775223276,0.3029234296288984,0.010831320080263857,0.3021398443600227,0.002310731287660267,0.3095207851508568,0.006473541259765625,0.3059095483401726,0.0005788135117497928,0.28677546361397055,0.0038048070052574545,0.2961843363169966,0.0004094325262924692,0.303071613969474,0.0011486123348104504,0.30569290806507243,0.000898401285039957
0.15,0.28689992825190225,0.0006388008594512828,0.28413589199384054,0.0011869311332702859,0.3004762957493464,0.0027469962835312,0.3109702865282694,0.010503180821736652,0.2903550048669179,0.0022540350755055616,0.30204815963904064,0.011481754978497821,0.3002600391705831,0.005465972423553456,0.30970931152502695,0.003596080342928576,0.3025194396575292,0.004158466060956323,0.287597315510114,0.00413532952467599,0.29675467908382414,4.125932852425129e-05,0.303211921453476,0.00387509862581889,0.3044911732276281,0.0008694559335708507
0.155,0.28914667425617097,0.0007948635085936462,0.2836704311832305,0.0010598167296378969,0.29883527659600784,0.0009704914785200469,0.309192665161625,0.011181348754513654,0.2916948833773213,0.0017806810717428956,0.30317925253222067,0.010362471303632187,0.30168668877693916,0.007508383643242633,0.30697573769477104,0.0001945303332420989,0.30390697717666626,0.003657275630581769,0.28826200769793603,0.0009067866110032408,0.2974675191986945,0.0011439025402069092,0.30208514678862786,0.0037072272069992585,0.30677596695961495,0.00021040151196141665
0.16,0.2955358838662505,0.000524972565472126,0.28487796150147915,0.0011154506355524063,0.3016828019171953,0.00021170079708099365,0.3059000438079238,0.014194146730005741,0.29497230611741543,0.0015422534197568893,0.30367076583206654,0.010233763605356216,0.3051123032346368,0.006996092386543751,0.30735839530825615,0.0027504898607730865,0.3027687557041645,0.0043204594403505325,0.2888836422935128,0.0016909604892134666,0.29945479426532984,0.0007396871224045753,0.30139858461916447,0.004998762160539627,0.3062832811847329,0.00033344049006700516
0.165,0.29564851070895337,0.0011841591560479425,0.2885598359685956,0.003216701926607085,0.30246564745903015,0.0027693988698901384,0.3043653025771632,0.015541064016746736,0.2953533927599589,0.001213425939733337,0.3026299801739779,0.007269507104700285,0.3065580517956705,0.002280422232367768,0.30761763905033923,0.0027656139749469284,0.3067568206425869,0.005512308893781737,0.29169466188459686,0.0014774465199672848,0.2989712781978376,0.0011255280538038925,0.30346109469731647,0.004425771308667725,0.3087472626657197,0.001066905079465913
0.17,0.29614274203777313,0.0016440056702670125,0.2896241843700409,0.002450965783175274,0.3014542416614645,0.0052273492602741,0.3043568029123194,0.01530833630000844,0.2947312970371807,0.00028886602205388523,0.30302541746812706,0.008437523070503689,0.3102864263688817,0.004407157792764543,0.3095872787868275,0.0031505086842705254,0.306181466754745,0.005783551756073451,0.2922056492637185,0.004381947657641244,0.2980440758606967,0.0024738180286744127,0.30486780317390666,0.002902862780234383,0.3080926414798288,0.0005319118499755859
0.175,0.2977034560271672,0.0006446250847407797,0.2918563153062548,0.0014982657773154051,0.30078315053667337,0.005014514923095709,0.3060017270701272,0.015281330687659106,0.29657121300697326,0.0004329213074275584,0.3064726327146803,0.007785615750721536,0.31045801554407393,0.0019805780478886204,0.30854965363230025,0.003936656032289765,0.3057920174939292,0.005455782583781654,0.28963422094072616,0.003671962874276291,0.2985046863555908,0.004924736704145144,0.30717935391834805,0.0028676390647888184,0.3064981520175934,2.5094406945369574e-05
0.18,0.2977835742963685,0.00016470005114874176,0.2923090375132031,0.0021788792477713814,0.3020375205410851,0.006597040428055645,0.3040942466921277,0.014010262158181935,0.29679326547516716,0.00023049116134643555,0.3073994012342559,0.00897493544552061,0.31340282575951683,0.0021629308660825186,0.3101440510816044,0.002320545415083586,0.3065374311473634,0.005858762396706491,0.2888639064298736,0.0016086490617858162,0.2987630574239625,0.007083254555861146,0.3069900903436873,0.002896812227037221,0.30583180983861286,0.00025475853019291117
0.185,0.29750319751533305,0.0006899801460472366,0.29534689477972087,0.0005205515268686678,0.302507109738685,0.008540044765214666,0.3062053934947865,0.014471071797448248,0.2965248976204846,0.0012929721458538046,0.30708025597237254,0.008417883434811174,0.31339950416539164,0.002121123913172124,0.3113771701181257,0.0008481942318581126,0.3059745624258712,0.006184247699943746,0.2921092292746982,0.0020575354228148657,0.2995624920806369,0.005770740476814501,0.30738691381506017,0.0008359712523383078,0.3063885070182182,0.0002133298564601649
0.19,0.29796428429453,0.0010751172115928131,0.29511951145372894,0.003597535585102285,0.3043774350693351,0.008592216592085977,0.308054014256126,0.016162423711074014,0.2971632394351458,8.766039421684302e-05,0.30552112193484054,0.006128655452477316,0.3115413306575072,0.0025288376368974574,0.3113418597924082,0.0003608120115179969,0.30576838788233307,0.008371561765670776,0.29329351374977514,0.0013924413605740371,0.3005745685414264,0.004286484498726678,0.3055152869538257,0.004498898198730061,0.3067896405332967,8.207481158409302e-05
0.195,0.29916351957198906,0.0002006315268003045,0.29554554437979674,0.005293519068986952,0.3052509396504133,0.007710871024009497,0.30977799265812606,0.015241907957272649,0.29779020486733854,0.0003678905658232867,0.30760965591821915,0.008522872741405785,0.3124660421640445,0.0012480524870065457,0.3132592905790378,0.0007695028415092842,0.3057906069816687,0.010305688167229682,0.29447824297807157,0.0016924303311567912,0.3002134294081957,0.0046156224532005186,0.30442882042664743,0.005421231954525679,0.30768075814613927,0.0011810599229274688
0.2,0.2996015720069408,0.00013762041926382307,0.2974683210253716,0.006153076887130737,0.3060919962823391,0.008143029361963289,0.30891610160470007,0.015585394948720938,0.29646671563386917,0.001648828387260437,0.30928418040275574,0.0085773065686226,0.31240527555346487,0.0007750429213047028,0.3139089748263359,0.0006889477372169495,0.3066649235785007,0.009321580082178121,0.29539232328534126,0.001049325615167629,0.3009752184152603,0.004586973786354087,0.30565156415104866,0.004873617738485325,0.3064392037689686,0.0017077751457691137
0.205,0.3011119242121534,0.0010214469781736069,0.2970811993610568,0.004512335469083084,0.30837312558802166,0.00787605018150514,0.30913851319289787,0.014086838175610794,0.2967493686734176,0.0009289158553612009,0.3083379690240069,0.007228326506730998,0.31122119688406225,0.00021380476835297646,0.31331642953360955,0.00014031369511674496,0.3057593238062975,0.010176191969615667,0.29547805393614424,0.003518759477429273,0.30254393743305674,0.007953621265364835,0.30800566222609543,0.0023098653409538983,0.30655417137029695,0.0013511522514064178
0.21,0.30118974830423084,0.0015215412491843827,0.296093551885514,0.003660556815919397,0.3091149337234951,0.006570552786191314,0.3092435619660786,0.013474741861933759,0.2963451168366841,0.002265952172733482,0.307854603443827,0.007427089980670404,0.3118282506863276,0.0009969153574534706,0.3126576649291175,0.00025067088149841044,0.30645921471573057,0.009553146504220511,0.29695637595085866,0.004818413938794813,0.3035314402409962,0.00680989239897048,0.31186721438453313,0.0024414289565313496,0.30775071467672077,0.003338146777380091
0.215,0.30018920607345045,0.002286337835844171,0.29587541347326235,0.0021442895711854537,0.3095736143200897,0.007856940114220917,0.30948936523393145,0.011995278125585512,0.2990174037079478,0.0019723045271496376,0.3089435613432596,0.007013236367425264,0.31110861412314483,8.351858272109824e-05,0.3127866324990295,0.0005838531394337376,0.30586628789125486,0.00960065667019333,0.29655106469642284,0.002141994792361601,0.3062068591284197,0.006801337003707886,0.3115073414736016,0.0015447084293808977,0.30857083062792934,0.004216011873511394
0.22,0.30036444149234076,0.0031032088128003232,0.29719922285188327,0.0006967193701050423,0.30920687317848206,0.007201628251509218,0.3095387708057057,0.011853799223899841,0.30201252075758844,0.0012103712016885704,0.3081928789615631,0.00800700079311023,0.31250288676131854,0.0009833438829942032,0.31226835264401,0.0005116767503998421,0.30806681649251416,0.007138062607158324,0.2972479679367759,0.0012334585189819336,0.3070149983872067,0.007635985585776245,0.31075702810829336,0.0027746266939423503,0.30757865377447824,0.004910286854613893
0.225,0.2999657372633616,0.0038613180319468365,0.298118210501141,0.0009610765510135177,0.3091204477681054,0.007003992795944214,0.30863053401311236,0.012661250432332377,0.30171059833632574,0.0012047006024254736,0.30880087349149915,0.006304630968305802,0.31292256646686134,0.0013989104164971178,0.31145195563634237,0.0016029953956603893,0.30892775853474935,0.0053171025382147685,0.2957197242312961,0.0027366267310248438,0.3085944255193075,0.0068032595846388155,0.3110595650143093,0.004447417789035374,0.3072499606344435,0.005520820617675781
0.23,0.301576013798299,0.005138654423796601,0.29826288249181665,0.0022852304189101558,0.30906639798827795,0.007281553486119141,0.3106892886369125,0.011102917401686951,0.3046922735545946,0.00018182267313418543,0.3083384918129962,0.005042304163393768,0.31469685551912885,0.0014576827702314776,0.3115551063547964,0.0019585341215133667,0.30887022225753125,0.004790846420371003,0.29618469722892926,0.0004052681767422184,0.30844483297804126,0.006269316310467926,0.30970950424671173,0.0048517630152080105,0.30801953893640766,0.005585496192393097
0.235,0.30198952111792055,0.004533569863502035,0.29910319282653486,0.00033446322096156167,0.3071178914384639,0.007500929401275946,0.310487299523455,0.011538705927260392,0.3026850071359188,0.00011437750877218988,0.306586226250263,0.006347383590454753,0.314647079782283,0.0011544531964241267,0.31220432228230416,0.0004261357987180858,0.3066682492164855,0.00268206634420029,0.29639119036654205,0.002131799434093723,0.3095042001693806,0.007008579817224053,0.31074593358851493,0.005429719990872328,0.3112792702431374,0.005109220109087348
0.24,0.30280125637849176,0.004941112051407487,0.3014428944637378,0.0005401093512773514,0.30652516707777977,0.006132407734791456,0.3103758407135805,0.013013000289599091,0.30412431185444194,0.0013430528342723846,0.3064584471285343,0.0043776556849479675,0.3143055811524391,0.0010120496153831482,0.3128667498628298,0.000268391023079545,0.30753023860355216,0.0012910086661577225,0.29807083991666633,0.0008341129869222641,0.3114561463395754,0.007122447093327849,0.31130946179231006,0.004880391061306,0.3100083190947771,0.0038848103334506168
0.245,0.30460993124514213,0.004783661998048111,0.3015210695412694,0.0016748607158660889,0.30841190960942483,0.005796579682097125,0.3102523167522586,0.011604471474277733,0.3048274973217322,0.00185580703676963,0.3057288661295054,0.005057403019496365,0.313720739009429,0.0006591294492994115,0.31409676403415443,9.598354904019613e-05,0.30952025493796986,0.001432536207899765,0.3001726397446224,0.001178063300191129,0.3130978078258281,0.007525032880354887,0.31215204693833176,0.007950507256449468,0.312446766970109,0.0022051212738971315
0.25,0.30447626411914824,0.0053036111593246504,0.30006547152996066,0.0007013028860091974,0.3080213177204132,0.004406495094299329,0.31032592594623565,0.011261611580848707,0.3071235531568527,0.002187228798866264,0.30418490767478945,0.004383523464202871,0.31301355540752407,0.0010076755285262917,0.31367908537387845,0.00022107303142546164,0.308957496881485,0.0025133430957794134,0.30206080377101896,0.0018972367048263605,0.31201910197734833,0.007631363272666947,0.3121739292144775,0.0062419521808624034,0.3131357705593109,0.003655366897583001
0.255,0.30496113031518224,0.004520054541382129,0.2995205591706669,7.282986360437893e-05,0.3094865586243424,0.0024519013423545677,0.31050169818541584,0.010901273465624028,0.30583787139724283,0.001777256820716111,0.3025531850609125,0.004020870900621587,0.31274758892900806,0.0013363706130607444,0.31356384298380685,0.0014493260897842086,0.30913580048318,0.0022747142642152163,0.3037988116928175,0.001014286980909468,0.3121650142996919,0.006711675255906352,0.30988938083835676,0.0044606141015595124,0.3143719972348681,0.003988239110684855
0.26,0.30517083005263257,0.005732116217796623,0.3010378462763933,0.0005330047928369941,0.3114612629780402,0.0033698288293985412,0.3112995171776185,0.010348679354557605,0.3058736691108117,0.0001560655923990295,0.302250855244123,0.003202896851759701,0.31186364877682465,0.00191560215674913,0.31372253596782684,0.0008588307178937216,0.30983967505968535,0.0024197044280859226,0.30500208643766547,9.290071634146524e-05,0.3138957407612067,0.00671983395631498,0.3106561509462503,0.0031753904544390144,0.31507933655610454,0.0024606155661436035
0.265,0.3053681439948532,0.004870698699411369,0.30275774002075195,0.00041524419244731714,0.31279499575776876,0.0029835925911957384,0.3113849674755672,0.009710679076752576,0.3066610542108428,0.0010478715851621745,0.30328301776130245,0.004250320623505777,0.31237672915998493,0.0028542983082105455,0.3144346205693371,4.7548761907600934e-05,0.3106847146771989,0.0018179124256350043,0.3055823698358716,0.0011666692652792243,0.31684470514081564,0.006740884960822341,0.31220629080286566,0.003546765390432083,0.31370612866473646,0.0024199513894207214
0.27,0.3050193543787356,0.005264395916903447,0.30439283781581455,0.00030084782176548197,0.313206919365459,0.002944715045116564,0.31244528238420133,0.00872547262244755,0.30696631802452934,0.0006404519081115723,0.30556091886979564,0.0035037287959346075,0.31261486918837933,0.0028231011496649694,0.31417819636839406,0.000354680750105113,0.3117090027641367,0.0010077727061730823,0.3061482950493142,0.0006312109805919619,0.3163460217140339,0.005827267964680999,0.3110953784651227,0.004068825531888892,0.31347894171873725,0.003013749365453372
0.275,0.30626299435442145,0.004400456493551086,0.3055315705862912,0.0002444912086833617,0.31462560241872617,0.0029601270502263854,0.31225476590069856,0.008292200348593959,0.30777708942239934,0.0007014025341380847,0.3066864625974135,0.004075580835342429,0.3136938485232267,0.002393367073752678,0.3155601127581163,0.0008338012478568135,0.3135198636488481,0.0008279052647677254,0.30658539587801154,0.0018753880804235346,0.3161274243484844,0.004703046516938647,0.310145456682552,0.0036883782256733333,0.31387233354828575,0.001735209876840782
0.28,0.3057362447891917,0.0033856736762183093,0.30654692756278173,0.0005729879651750758,0.3147396897631032,0.002981504691498632,0.3131667418139321,0.007671443479401713,0.30792914224522455,0.0007490356053624914,0.30786480328866417,0.0036970515336308962,0.3132799448711532,0.0019773351294653796,0.3152490380619254,0.0024135937648160077,0.31254362953560694,0.0003932214209011464,0.307274087199143,0.0009193441697529225,0.3163621915238244,0.006337825741086683,0.3111392339425427,0.001200263521501016,0.3159025268895285,0.00232551246881485
0.285,0.30503899434156584,0.002915955949247928,0.30631635952414127,0.0011419073531502288,0.3157350990855903,0.0021526588682542758,0.31290206731411446,0.005804665778812612,0.30945181637479546,0.0009013456210755499,0.3089626771316194,0.005498733959699936,0.31359105988552693,0.001840158512717821,0.3145271874310678,0.0009184782965141192,0.3118362536555842,0.0008113190793154479,0.3064154919825102,0.0005977760281479227,0.31641865874591624,0.0066324749536681715,0.3114539505096904,0.000792041682360467,0.31640410475563585,0.002729090159399483
0.29,0.3050019124458576,0.0014448320043498053,0.30644088469702624,0.0011071336680445187,0.31668251547320136,0.0017786683707401718,0.3129633202635009,0.003546668537731834,0.3114685380253298,0.0010711473637613766,0.30881700587683714,0.0058316572986799875,0.3142044287303398,0.0023654874028830597,0.31416190030245944,0.00033254921436309814,0.3115155254972392,0.0003900342974169635,0.3058836347070234,0.0014563161751319498,0.3159530943837659,0.005386099733155347,0.3125824784410411,0.0016351660777782495,0.31621916489354496,0.0031215142587135425
0.295,0.3054412719556841,0.0025466392605991706,0.30784159444146236,0.0011161762779041684,0.3171725055928958,0.0010756582526837422,0.3139654776807559,0.002383489224870333,0.31143025018401066,0.00048512624481977795,0.30981703329894505,0.006049176393929184,0.3146777365167262,0.002097904682159424,0.314134157815222,0.0010059784024448737,0.31152568681765413,0.00046995484222797645,0.30589173304832584,0.0003560316764702199,0.3160043262829215,0.0032764809616541435,0.3136458225169424,0.0010548052141221842,0.31727001980199654,0.002928534301660818
0.3,0.3055464819073677,0.0018958841760953193,0.3097268745303154,0.00014644016822179529,0.316781381269296,0.0007577374577522333,0.3133659859498342,0.002487576007843023,0.31239112168550487,0.0014255051811536135,0.3101142297188441,0.005761147538820899,0.3149667173624039,9.958942731230769e-06,0.31378582219282786,0.0013829320669174194,0.3106456140677134,0.00043622553348540705,0.304324771463871,0.0004188502828280094,0.31610180338223776,0.0027336478233337402,0.31370623062054315,0.00024092346429824274,0.317642497519652,0.005002482235431677
0.305,0.304376912410142,0.0007492103537575234,0.31109407397567246,4.365014248206012e-05,0.31720080825149033,0.0005161517956217831,0.31347523849518577,0.0029805595757531334,0.31339162539263243,0.0021688483777593526,0.3115633193586693,0.004913936384388667,0.31577367665337736,0.0013251431652757106,0.31354653493302764,0.0008763529238153545,0.3110176749893876,5.806616095246908e-05,0.30476362245981814,0.0004960362051354139,0.3171723719503059,0.0007051727810844233,0.3121489804299151,0.00013106084260783302,0.31897534259030075,0.004915494899280726
0.31,0.3043498334384733,0.000584276933823874,0.3114307912126664,0.0005003257143881834,0.31664015881476865,0.00036041294374772326,0.31317833017918373,0.0040479287985832335,0.314356715448441,0.0013996814527819368,0.31216432538724714,0.005679480971828577,0.3147909948902745,0.0007873994688833708,0.31413568315967433,0.001090454478417685,0.31180760216328407,0.0005858045431875458,0.30573307458431487,0.0011283240972026765,0.3178344950560601,0.0001845797223429535,0.31104468386019435,0.0005773147267680023,0.320126709918822,0.004427959361383987
0.315,0.30436492250079206,0.00017562461277795263,0.31197511345621143,0.0006190070084163002,0.3175509534184895,0.0014722668935382155,0.31184704909248956,0.0026605611755734504,0.31407258813343353,0.0019497426729353784,0.31235181102676995,0.005974673562579691,0.31430490291307844,0.0004555909406571135,0.31413985528643174,8.42885365562318e-06,0.31178480859786745,6.953686002703074e-05,0.3051555005330888,0.0016543363767956842,0.31911202886747936,0.0004189161081162851,0.3125001821253035,0.0008451385157448865,0.3218509289953444,0.003937945479438404
0.32,0.3042997745797038,0.0009150328114628792,0.3129648729227483,0.0004010121338069439,0.3170355469919741,0.0025791325606405735,0.31102939089760184,0.003000835422426462,0.3137159226462245,0.002973767928779125,0.3122767680324614,0.005566340405493975,0.3141330676153302,3.3515505492687225e-05,0.31394593324512243,9.081047028303146e-05,0.311717348638922,0.0003270716406404972,0.3052862617187202,0.0007984708063304424,0.3186043696478009,0.00056468416005373,0.3123820391483605,0.0008606896735727787,0.32219974929466844,0.003694146405905485
0.325,0.3045846962011778,0.0019456281111790708,0.3129600506562453,0.0015882675464336804,0.31722656534268306,0.001440364122390736,0.31105970235971303,0.0026545056929955235,0.3138054297520564,0.003014754332028885,0.31137835841912487,0.004845665509884162,0.3150068640708923,0.0002870348783639842,0.3138201300914471,0.00037091970443725586,0.31170651408342215,0.0003558080929976226,0.3071331065434676,0.0003996385977818595,0.3181149468972133,0.00010023713111875776,0.3131636628737816,0.0014323069499088958,0.32271547867701605,0.004688571049616896
0.33,0.30403021113439044,0.0023100091652436816,0.31253425867268536,0.001970973430257844,0.31832402763944684,0.0008478282075939925,0.3128453050598954,0.0029893950982527173,0.31376925968762603,0.003385184840722505,0.3118266734209928,0.0043350530393196085,0.31526373913793854,9.535840063384926e-05,0.31431146372448315,0.00020824417923437366,0.311558286800529,0.0003146560806216725,0.30691369510058203,0.0005598533334154054,0.3179356347430836,0.0003645374919429012,0.31343372211311804,0.0005195745916077577,0.3220072442835028,0.0050365283633723446
0.335,0.30377342451864214,0.0020149608156574406,0.3132471793623113,0.001870683324870781,0.3197164846890008,0.0004677656871169278,0.3140301673269984,0.0028589986153503,0.3157769170270037,0.0024446609304911993,0.3132431693931124,0.003816028139484451,0.3167613584603836,0.0008607987147658536,0.31484922010507155,0.001732639412381748,0.313755556718627,0.00036339172676427833,0.30833582735773346,0.000349345491893277,0.3180581571450874,0.0007538030396646578,0.31517620851744466,0.00034116898010025376,0.322407519639428,0.004179599569804626
0.34,0.30412987838773164,0.001568665399270891,0.3117394293932354,0.0018708561273182156,0.3196983552154373,0.001215860685881448,0.31461894906619015,0.003358821220257713,0.317029026501319,0.0019513798110625258,0.31345471476807313,0.0033563077449798584,0.3174145353191039,0.002193823456764221,0.31566688944311705,0.0014713774709140537,0.3138511807602995,0.0009473137119237196,0.30839646782945185,0.00028949932140462376,0.3179132250301978,0.0006683043697300883,0.3148656079874319,0.001175021862282466,0.3201042045565212,0.003095426103648019
0.345,0.3050889364187268,0.00132518229277237,0.3131540806397148,0.0010755545851113268,0.3193978632705799,0.0007692955542301649,0.31578804746918054,0.003748379323793488,0.3159156506476195,0.0023231493390124813,0.3141112206638723,0.0029402971267700195,0.3174524462741354,0.001690151034921844,0.31677619184272876,0.0025337537129719867,0.3137293924456057,0.002284229665562715,0.3090940269007199,0.00032504788343457047,0.31846728748169495,0.0004410229731297288,0.3135315145271412,0.001305971456610655,0.31913599933403125,0.0029494477354961857
0.35,0.3064982052360262,0.00018195552485328337,0.3142100866351809,0.00024086194378988846,0.3199839242867061,0.00017571619578768405,0.3161444165876933,0.004790305665561129,0.31460587765489306,0.002760475448199684,0.3146913507155009,0.002322485191481455,0.318077461208616,0.0013048572199685082,0.3183488615921566,0.002748476607458944,0.31307460878576554,0.002531258974756506,0.30975925837244306,0.00030412418501718497,0.3184385367802211,0.001353265557970329,0.31369271406105587,0.002394373502050129,0.3175963908433914,0.003071156144142162
0.355,0.30663139131707207,0.00030337169136798736,0.3153896587835231,0.00027877721987981663,0.31974142328114574,0.000983969846241911,0.31511033882557504,0.004970022910077809,0.3141424127028022,0.003699716547845122,0.3160448023970698,0.000999303770736898,0.3190253108320102,0.0023707117832882374,0.31769459726105276,0.0025023209377073863,0.3119594761183564,0.0023065767657588776,0.3103125351415553,0.0009879902215071124,0.31676001154201133,0.0025765656585424734,0.31346085877485674,0.0019462637498345037,0.3195648214346926,0.003648859094566026
0.36,0.3064335253503587,0.0008328408002853394,0.3151583663291401,0.00017551084359485047,0.31925813563995886,0.002625964168045253,0.3155876195265187,0.005592317630847304,0.31525399742854965,0.0030975552896658487,0.31573231725229156,0.0009275819692346754,0.32009681272837853,0.0018399328821235017,0.3176745863424407,0.003079709079530507,0.3130381918615765,0.0020013228058815002,0.3096836167905066,3.329084979161734e-05,0.31590086883968777,0.002720055480798067,0.31338487151596284,0.001802197761005847,0.31919318272007835,0.002767859233750225
0.365,0.3066966333617903,0.0002974594292575461,0.3160562433608591,0.0009338137221662768,0.3208625083916808,0.004107669199982733,0.31630808482431383,0.0057500841682904535,0.3152069788273067,0.002992182970046997,0.31704363471841157,0.0011006009905305536,0.3189406660321641,0.002422982290999548,0.317360031686417,0.0034177829957988126,0.3136746148540549,0.001604224721046349,0.310853805444012,0.0004558897998235001,0.3163024909692268,0.001915888835306051,0.3138759030054693,0.0029943185309841136,0.320147695198451,0.0023389225953245885
0.37,0.30753419085128886,0.000853717729852016,0.3168913854940517,0.001589698968706893,0.32190967492155126,0.004979609637647042,0.31662997321502584,0.004891668219824091,0.3156817470853393,0.00308672439407659,0.31649083100460673,0.001029888923103739,0.3189863916989919,0.002456333186175358,0.3186484921622921,0.004042531992938081,0.31350471441810196,0.0029502164673160802,0.31204598336606415,0.0005693363176809962,0.316929327072324,0.0023511716642895253,0.3143927273718087,0.003925922351914496,0.3186403279368942,0.0025411932855038954
0.375,0.30724645415941876,0.0013707745075225708,0.31701818188031516,0.0015576469898223866,0.32218059301376345,0.006004219849904374,0.31684693892796834,0.005528234640757246,0.31604563872019453,0.0024654308954874804,0.31716984311739604,0.0006086703141530425,0.3185055077075958,0.003772674798965453,0.3189313288529714,0.002977823813756303,0.31494916637738546,0.003212064504623413,0.3123484039306641,0.0014628394444783643,0.31544888416926065,0.0021960234642028897,0.31562383095423385,0.0038392670949300156,0.31776931166648864,0.0020987649758656968
0.38,0.30737458365528203,0.00027829055723391227,0.31729702337792043,0.0008583955074611682,0.32166217581221934,0.005588198962964502,0.31794282166581406,0.004872686768832957,0.31672899425029755,0.002635500148722991,0.31721288710832596,0.0004918916445029176,0.3190209022478053,0.002959924701013056,0.31924124571837875,0.0023754070463933574,0.3149384867988135,0.0025107629205051163,0.3134404660055512,0.0003556801300299839,0.31534371603476374,0.003415200663240331,0.31549583022531713,0.003706952851069617,0.3179439451349409,0.002387356993399148
0.385,0.30693606858129624,0.0007747864568388163,0.3166601317269462,0.0008328200934769325,0.3217627750588702,0.006804681830591963,0.3182288237980434,0.0039267957984626956,0.3179779722319021,0.0024161040782928467,0.3182336026197904,0.0005515368727894432,0.319564273605099,0.0024229218433429733,0.3193320771316429,0.0033564668197136327,0.3155339979506158,0.003041265072760646,0.3132609005098219,0.0015901899957037613,0.3160629876248248,0.004233755074538215,0.31511868942867627,0.004473061917664167,0.31929271290828654,0.0027574536862311483
0.39,0.30641501912703883,0.0015609203240810332,0.31689050526191026,0.0003243268300325286,0.3230779006695136,0.006570774393203943,0.31947533289591473,0.003797505910579979,0.3177333500904914,0.003654398597203762,0.31913759311040246,0.0016891008768326332,0.31979968150456745,0.003049569252209783,0.31939786137678683,0.003416601663980723,0.31573223379942084,0.0019166920429621037,0.3147783753199455,0.0019637949955769174,0.3166214498953942,0.0029541892118943036,0.31641146120352626,0.0036351806842363776,0.31935246403400713,0.00311266917448777
0.395,0.3060981412477131,0.0006093639361707259,0.317089808138111,0.0006270717970932593,0.3225087847890733,0.006379917452606965,0.31976465748835214,0.002763875300371199,0.3178685081155994,0.0027934546712078674,0.31998290630835524,0.002066451160213617,0.3201581251017655,0.003972197258019727,0.32014559228209,0.0021281895003741336,0.3158762341813196,0.0033418687084053045,0.314141718647148,0.0023023999190028566,0.31750132879124415,0.0037645014780986197,0.3154957528355755,0.003842079186741315,0.31909844694258294,0.002856418301787539
0.4,0.3050946030765772,0.0013527210801839995,0.31915484108030795,0.001430175080895435,0.3228943154215813,0.005384536087512964,0.3198403760790825,0.0014772236347198597,0.3183571495115757,0.003851881623268133,0.3192110408097506,0.0012038942426443044,0.3199468798935413,0.0046132959425449205,0.32068417929112913,0.0016513716429471803,0.3152970902621746,0.0027142010629176982,0.314586964994669,0.0030532576143741663,0.3185830008238554,0.002807426825165743,0.3162196308374405,0.003630579262971889,0.31915744952857494,0.0015289675444364326
0.405,0.30593260166085795,0.00039127395476823423,0.31912034455640814,0.0032720676174870233,0.32306124177979834,0.004486917713542038,0.3204865407796554,0.0016769998603397007,0.3196238316135642,0.0030997844389926976,0.31906664923385336,0.0010043908784418965,0.320427789364332,0.004230535324708906,0.3208798574812618,0.000959624478846427,0.31603625747892594,0.002555738996576379,0.3143542265450513,0.0014194974928726234,0.3197670141120016,0.0032443201836244717,0.31634216176138985,0.0032592717512154312,0.3199991995905652,0.0010386609736784125
0.41,0.30592582829114867,0.00024060323470975753,0.31997615680461977,0.0027772268144095613,0.32426357705418657,0.005405251572771774,0.3215704065997426,0.0005336280276135863,0.3194885919006859,0.001833146301711469,0.31945389727266826,0.0020044765821317367,0.3201197113205747,0.002787073574415072,0.32077125114638627,0.0023147481970670902,0.3153507444189816,0.00219773628362796,0.31513119979602533,0.0022114718832620672,0.3201356969955491,0.002683145607390053,0.318160577518184,0.002963124251947169,0.3198698373829446,0.0008284892977737934
0.415,0.30552548241902544,0.0006825988551220352,0.31947333087404095,0.0026335396680487178,0.3246659342064915,0.005350482032959708,0.3218153575098658,0.0006982062954500601,0.32000815329781496,0.0010530736791082018,0.31995277088808727,0.0021139713655035086,0.31968428786978664,0.0031831487115607238,0.32181468534182356,0.002068199666149656,0.3158245370330581,0.0031651850924434566,0.3148426837231739,0.0023620401520327017,0.3202888656811542,0.0025604223630514567,0.3189252237957644,0.0023202842258545353,0.3203208848654506,0.0008331077644623819
0.42,0.30475147245895295,0.00029743817590532906,0.31952842466887976,0.00254908878178825,0.3239325409134229,0.004641272127628326,0.3217204865955171,0.0008115661995751479,0.31982251930804484,0.0007530770131519982,0.32052752517518546,0.001683120926221221,0.32050897819655283,0.0031219685361498772,0.3220341017558461,0.0026002047317368604,0.3167730484689985,0.0030596007903416766,0.3140693289183435,0.0025688008893103853,0.31957043884765535,0.0019088532953035475,0.31935965092409224,0.001123023884637031,0.3201629122098287,0.0010663625739869564
0.425,0.3043421037056867,0.0012193455415613619,0.319730141583611,0.001730116675881771,0.32379801939515507,0.005489366545396668,0.32218788581735947,0.0014399290084838867,0.32187688315615937,0.000837939276414762,0.32086687508751366,0.001105167585260719,0.32068596236846025,0.0038922940983491805,0.3230230257791631,0.002009919461082005,0.31741452111917384,0.002385642598657034,0.31484729402205525,0.0024180966265061332,0.32016307080493256,0.0013278908589307026,0.31982095662285304,0.0015734307906206946,0.3208815458942862,0.0017117552897509547
0.43,0.3047597921171854,0.0011150150798087954,0.32026580253312753,0.003287278635557306,0.323531863647838,0.005409893254901099,0.3237098157405853,0.0008495117342749436,0.3232780965261681,0.0004275524339010517,0.32136772711609685,0.0018274115268574196,0.32130929065305136,0.003345582374306627,0.3229603226794753,0.0024219280065491955,0.31803306105525,0.0017981612405111591,0.31508299604404805,0.002575498334197124,0.32019651213357614,0.000587992196859316,0.32121746969777487,0.0017035395600074887,0.3207074098808821,0.0016196820625039021
0.435,0.30358291151879846,0.0006674699399663031,0.3215526804841798,0.0032085916776766754,0.32374744305665465,0.004484149231307799,0.32396143709106007,0.00023007564161015015,0.3239713653750803,3.3849272234681704e-05,0.3219686246466362,0.0020262366053701852,0.3215898984465106,0.003107877640888601,0.32143421248457893,0.0022888406254779337,0.31980176526924664,0.0017208693356349503,0.3158077251637119,0.0010541961795982324,0.320114745148297,0.0009284749113280255,0.3217931105487648,0.00106066157077922,0.3220842720448286,0.001183339234056141
0.44,0.30387737398797815,0.0009714297272942485,0.32208815691145987,0.0036747198213230303,0.3235343423756686,0.005002268336035981,0.3240377357737585,0.001228267834945146,0.3226057782091878,0.0004687935791232445,0.3226537562229417,0.0011982050808993228,0.32170503789728333,0.0035070282491770632,0.32225525785576214,0.001993161710825836,0.3205562335523692,0.001647685739127075,0.3157649582082575,0.0015237317843870835,0.32093802196058363,0.000987005843357619,0.32264212146401405,0.001510715958747022,0.3226611556654627,0.0012679110196503751
0.445,0.3036143736223157,0.0014627780137436985,0.32139987389693103,0.0039150269513719416,0.32460127084442736,0.004983316311675506,0.3248128194487497,0.0022645445352190152,0.3221621928590067,0.00029990780219604773,0.3239469015866183,0.0013168015506830333,0.3219257261645928,0.002521794498636487,0.322429252139638,0.0017673972617374412,0.3209831088446499,0.000967723265122844,0.3168174667974536,0.0025403730654984524,0.3206727856330657,0.0012887224052729462,0.323268113511332,0.0010548461689038058,0.32242000906654955,0.0022491310419661403
0.45,0.3041236122449239,0.0016316923830244079,0.3218027555280262,0.003881075316005289,0.32451630896992156,0.004582816362380976,0.3251503749026193,0.0026029563612408047,0.32159775329960716,0.000804450445704985,0.3238127973344591,0.0012177950806087912,0.32270933091640475,0.001813590857717734,0.32165475686391193,0.002197441789838994,0.3209868652953042,0.0012662169006135704,0.31700597769684263,0.0024391674333148483,0.32149192525280845,0.0006621628999710083,0.32415551079644095,0.000464663902918494,0.3218349125650194,0.0020842095216115353
0.455,0.3045574511800494,0.0011425424408126605,0.32120611313935166,0.003976803559523373,0.32407602143811653,0.005018802462043337,0.3245865113132603,0.002290392314994727,0.3216166830324865,0.0008412953261490719,0.32294953917409036,0.0011685621607434582,0.3227083290016258,0.00225992779155354,0.32110783588755265,0.00282474828290416,0.3217582974460099,0.0005657145610222514,0.3173295128476489,0.002797286589067083,0.32225780729409104,3.170148356929081e-05,0.32457104521793323,0.00012107570092756426,0.32300390417759234,0.0019731537981347858
0.46,0.3047078886757726,0.0022520435893017277,0.32147279381752014,0.0044062597596127295,0.3245339170098305,0.004754096593545809,0.32479381885217584,0.0017943719159002058,0.32147877501404803,0.0010745907607285776,0.3227155402950619,9.911410186599912e-05,0.3218774857080501,0.0027454213603683164,0.3215130233894224,0.0024989198731339424,0.32336506020763645,0.00037590673436288524,0.31776746492023056,0.002384817146736634,0.3223700827878454,0.000459246013475495,0.32560253953156265,0.0006362332598022769,0.3226874820564104,0.0018818993931231376
0.465,0.30460731124365203,0.002674783429791855,0.32146462253344954,0.004131465829828734,0.3237567274801193,0.0043866025504245565,0.3260309958970675,0.001632610315917632,0.3209940701402644,0.0007632240172355531,0.3232854582289214,0.0004082594507483772,0.321824465387611,0.00197837429661904,0.3220541371453193,0.001883176385715446,0.3235599472317644,0.0005108755762859019,0.31796091282239525,0.001969982218998745,0.3230807601764638,0.0008703854776197784,0.32496752117269784,2.6101066220030056e-06,0.3230728539087439,0.0015249784274767864
0.47,0.3052984742408103,0.0030231577284792754,0.32131698727607727,0.003657413289902045,0.3239530435902007,0.003826883562067729,0.3253044517750436,0.0017132968344586996,0.3207214433462062,0.0005203571091307035,0.32353699651170287,0.00035906091649481886,0.32219184998502126,0.0019628383377765235,0.32296241502812567,0.0010222402658868202,0.32398672370200465,0.0007535827920791827,0.31768492815342353,0.0018222408091768394,0.3233815441106228,0.0009088513064891557,0.3246500498436867,8.784900320338296e-05,0.3228988463574267,0.0021406145806008026
0.475,0.30527802548910443,0.00380925034221849,0.32148310102914507,0.003827479952260071,0.3243448787613919,0.004749826694789683,0.32522280341700505,0.0028508223985370673,0.3212334921485499,0.00032860354373329126,0.3230929942507493,0.00023039108828493138,0.3221120589657834,0.002281719759890888,0.32297019770270896,0.0014467076251381272,0.3240047903437363,0.0008887099592309322,0.3170229478886253,0.0010265883646513319,0.32378437142623095,0.0005168833230671244,0.3246919926844145,8.769349048010078e-05,0.32436588092854146,0.0018632402545527282
0.48,0.3053561430424452,0.0034406520426273346,0.3218741457288464,0.0035114316269755363,0.32457280717790127,0.0056259582440058575,0.3245213547100624,0.0038449050237735205,0.3219394239907463,0.00033816229552030563,0.32359641573081416,6.569083780050278e-05,0.32288543724765384,0.0019428950423995561,0.32306981893877185,0.0005335869888464517,0.3250602390617132,0.0008661821484565735,0.31725738818446797,0.0007819589227437973,0.32436680297056836,2.9284507036209106e-05,0.32403065978238976,0.0005661860729257173,0.32417916040867567,0.001569455799957098
0.485,0.3051473317072564,0.003866082921470587,0.32244103163787996,0.002978794353524411,0.32522376112102236,0.0051834110132197575,0.32497044537485265,0.003228248701882125,0.3222173688952456,0.0007611522355030487,0.3238629944545707,0.0002651011820920812,0.32240149686016983,0.0027068739699334377,0.32322210288539377,0.00039443680920550617,0.32539136661696677,0.0008710564411792687,0.31715850977553534,0.0009908202997188087,0.3237812863182776,0.0002254051031525539,0.32449803524410603,0.00026574270012452716,0.3247445320960173,0.0011437243407534659
0.49,0.30616000598790694,0.004319433655057631,0.32247547744488225,0.003398792171964843,0.3264535990904789,0.0047149150347222946,0.3251216995472811,0.0018974427057772136,0.32275307360960515,0.0009186693600245766,0.32486704965027013,0.0015369611127035996,0.32354505299305425,0.0027521498957458757,0.323363513362651,0.000188409065713685,0.32511861622333527,0.0018756009486256553,0.31843444948293725,0.001233602664908573,0.3244702040540929,0.0005994077239717677,0.32338201878022177,7.768613951544823e-05,0.3256208446561074,0.0009137306894574648
0.495,0.3056742533890888,0.004367590251595083,0.32233198363371574,0.0037543466596892394,0.32690349492159754,0.004466067660938627,0.32632023878771854,0.0019360533868423568,0.3227693164589429,0.0005312462647755756,0.324547432889842,0.0005455390371457425,0.32452717513749096,0.0020606945259402376,0.3238753549980395,0.0004609257283836876,0.32464715296571905,0.002389886463531332,0.3185551750539529,0.0015053068748628329,0.3246804081430339,0.0010434380083373107,0.32305591034166736,0.0006402447970226544,0.3252444023435766,0.0013121237056423762
0.5,0.305421766936779,0.003746390044689185,0.3228135114908218,0.004230020642280591,0.326502602994442,0.004045082628726965,0.3264775639772415,0.001752034425735488,0.32322820484638215,0.0006541091203689509,0.32480536997318266,0.0015635108947753829,0.3245321977138519,0.0012530028820037786,0.3240950906276703,0.0002536964416504084,0.32471141904592515,0.0034358218312263433,0.318104065656662,0.0011818587779998668,0.32468214303255083,4.100352525712725e-05,0.3229051524400711,0.0007787531614303622,0.32523866593837736,0.0006928014755248901
0.505,0.30556379509444287,0.0031496369012511682,0.3231457052844586,0.003570499396560234,0.32693790356711583,0.002644198070658327,0.32649105521711974,0.0017010891201472422,0.3243828887986665,0.0007788155338551983,0.32474639097062663,0.0018670783184542572,0.3242865225466171,0.001066685608117901,0.32451590216986026,0.0004915565547376766,0.324531359837787,0.0021592951056980947,0.3186287897648198,0.0010296655173348823,0.32449004467171016,7.614670413555458e-05,0.32309475659143805,0.00028728937158489787,0.3253679358132995,0.0007708267410202752
0.51,0.3053544628269532,0.0029285512134140657,0.32337198274977064,0.0044066558281580515,0.32658830606469924,0.0033896112558888525,0.3251742632950053,0.0008890920994328588,0.32441213931523116,0.0010363871560377103,0.3253610809059704,0.0020983590214860015,0.3236173370889589,0.0007076926675497197,0.32466806237604107,0.0014390439963808122,0.32419485613411547,0.0020390339926177337,0.31854403515656793,0.0011999983997905972,0.3239616839324727,0.0002969573525821445,0.32333289203690546,0.00035342369593827083,0.32542536247010323,0.0014177087475271688
0.515,0.3057234559244323,0.002305878018869917,0.3236998102618653,0.004298591208689417,0.3263365603187709,0.003177046775817871,0.32577956735509117,0.0012751427090283707,0.32503016654727523,0.0003894538555330451,0.32587044215896754,0.0015891749882003814,0.32365893304926674,0.0015260718979881738,0.3251845373690707,0.001173879336384881,0.32434215186869053,0.0015709828404546766,0.31848318918237406,0.001935441227792517,0.32450131883898986,5.1128054128102285e-05,0.3225753064294463,0.0003238094663157165,0.32647253934619497,0.0012060600577049052
0.52,0.306656578125862,0.0021589699272926144,0.32366469731697667,0.003575852857186229,0.3264200885135394,0.0034454158292366865,0.32588291712678397,0.0008306918809047048,0.3250881115404459,0.0003631249643289148,0.3254144163085864,0.002081489333739639,0.32363653125671243,0.001470458049040585,0.3259078441904142,0.0012827269159830512,0.3251484090892168,0.0013735176852116282,0.31807151178901016,0.002650709392932743,0.32514245034410405,0.0007795316095535465,0.32273686419312775,0.0014141904046902354,0.3263835239295776,0.002327824154725433
0.525,0.3063516616821289,0.002085574467976914,0.32388158809571044,0.004553660324641634,0.32626323359353204,0.003627458640507314,0.32648406028747556,0.00021629560561406413,0.32495550371351695,0.0010819332940237847,0.3255484958489736,0.002244909320558819,0.32363942180361066,0.00109410115650721,0.3262647044090997,0.0016412859871274,0.32476902859551565,0.0019466729391188764,0.3188616102650052,0.0021096209685007583,0.3259282750742776,0.0005227897848401886,0.3228403287274497,0.0015546954813457636,0.3264883081118266,0.0018470764160156417
0.53,0.30676308246153705,0.0015854247898425822,0.3244404775916405,0.004208328026645586,0.3265851547695556,0.003560451122949726,0.3264808713827493,0.0005624707577363275,0.32572900236777536,0.0012331183226603482,0.325594683863082,0.0022305503206433153,0.32319053895068617,0.0016824136365134745,0.32559969262132105,0.001909949026017821,0.3240170790901724,0.00157648971620597,0.3178085279914568,0.0017021399623942668,0.32653339403980186,0.0005099014291223558,0.3229019813380152,0.0015020125879431634,0.3264118323348603,0.001324263664911396
0.535,0.3062725587982998,0.0023651560333287636,0.3251254082283127,0.00423713460146824,0.3260914402030339,0.0024602906169178262,0.32680024248417294,0.0006154945520596977,0.32545607864299664,0.001249978196955187,0.3242469101308662,0.0020701801665475306,0.32402560839029115,0.0018968635073332019,0.32526122883101494,0.001268632779611617,0.3240628058665267,0.0015828537049694393,0.31817116804212053,0.0016887143393543025,0.32752187257615206,0.001578661047409613,0.3235156396839106,0.0017154428446404246,0.32631981066454235,0.0021615287410878814
0.54,0.30645753332862147,0.0025610162152184257,0.3255896032960327,0.002969626475263526,0.32629281365209156,0.002360410988330841,0.32674289053236993,0.0008635932096728582,0.3247571228830903,0.0017352275274418183,0.3244098400076231,0.002435530501383315,0.3241087703241242,0.0012478527647477589,0.3251244456127838,0.0008339432102662525,0.323699732069616,0.0022132882365474005,0.31825168320426234,0.002036449533921708,0.32770866845492963,0.0014110017153951826,0.3226493666017497,0.0010481038027339573,0.3272880210920617,0.0020961800107249517
0.545,0.3064455977820475,0.002399028714643703,0.3258661898451114,0.002793616931372811,0.3266036794819963,0.0017242502728733455,0.3268341364663675,0.001529503032701801,0.3249408657397699,0.0015409659901890194,0.325161679895646,0.0025548937670681338,0.32384907597795537,0.0009736096093413971,0.32535954298229397,0.0007232006536711244,0.32270366500277037,0.0024993157168047286,0.31894623713755826,0.0022938751846278693,0.32758879470169,0.0012597160055003165,0.3236334219985052,0.0010025156747310304,0.3267677718893104,0.0025034675357538394
0.55,0.30737438608299605,0.0023709792982448408,0.3259494380517439,0.003050833398645564,0.32656094540249214,0.0018687497485767868,0.32606184347109357,0.0020687788724899348,0.32480071159926327,0.001866451447660289,0.3245461883870038,0.0025650335983796457,0.3245151010426608,0.0013369890776547544,0.32535014667294243,0.00022743696516208667,0.32318505184216934,0.0029341781681234136,0.31948327151211825,0.002951784025539028,0.32814559719779274,0.0009049480611627581,0.32393954342061826,0.0010044184598055617,0.32745178125121377,0.0020489979874003805
0.555,0.30774768784239487,0.0027137328912545944,0.3259450860388644,0.003149895249186352,0.3263828681932913,0.002072087547800555,0.32613258936383704,0.002108131711547445,0.3243997770923752,0.001695978480416388,0.32447120144560526,0.002549571496946318,0.32501998141005234,0.0015453212970011898,0.32428736085290305,5.628074611629952e-06,0.323352953066697,0.0027785153539331142,0.31928206537220927,0.0028966694801777215,0.3286798239291251,0.0011261441149153228,0.32422476040350423,0.0012284962980596836,0.32792251523550564,0.001593875186937349
0.56,0.3086054468793529,0.0028357048119817263,0.3259191390659128,0.001662502863577442,0.3261390756815672,0.001549360209277706,0.32529526789273533,0.0017995036074093529,0.32497644424438477,0.0019738716738564865,0.32496910648686544,0.0033013389578887553,0.3255437378372465,0.0012184344232082367,0.3252930087702615,1.5731900930404663e-05,0.32367224033389774,0.0024793706834316254,0.31917027197778225,0.0030887177480118377,0.3285898260240044,0.001694774255156517,0.3242549340107611,0.0009105378495795347,0.32809817019317833,0.001028725877404213
0.565,0.30839282828094683,0.0027033594329800292,0.3261807473887385,0.0010965975512445547,0.3258365935983911,0.0004223120951019621,0.3247547827463234,0.0026487700179614604,0.326123355500466,0.0027757875159778456,0.32518829998716847,0.002506663050271779,0.3252117937117551,0.0017596886748761364,0.32476665514760317,2.7472202756756436e-05,0.3239080035580998,0.0017759019294671385,0.31936591547147364,0.0022210563178610976,0.3284597966523297,0.0017999637443407435,0.32455938817125507,0.0006265458280006464,0.3278959994822477,0.0005175497679583696
0.57,0.3077866027229711,0.002040792452661616,0.32610108821015604,0.0012637402927666297,0.32575444354299915,0.0006202080270700239,0.325017809606435,0.00232301181868505,0.3266284238351019,0.00229061512570633,0.32597547403553073,0.0025647428997776223,0.32472629975854306,0.0022496230769575853,0.3248878960546694,0.00011518362321352726,0.3238422049765001,0.0016797979672749652,0.3201591090152138,0.0023671498424128468,0.32780939131452325,0.001950729834406001,0.32484752697902813,0.0009001752263621543,0.32812388737996423,0.0009616367649613877
0.575,0.3078372667665067,0.002206120542857959,0.32611972793288857,0.0012781653715216723,0.32636721315591233,0.00010201075802679371,0.32553724802058676,0.0027465460093125116,0.32665325455043626,0.0019551500030185742,0.3267870273279107,0.002230342315590883,0.3256279779517132,0.002232203794562293,0.3252573067727296,0.00044156079706936247,0.322869984222495,0.001209227157675713,0.32040881955105327,0.0016800507255222419,0.3276421497697416,0.002615729363068281,0.3254257811152417,0.0005721203658891616,0.32747795996458634,0.00032014276670372377
0.58,0.3077456984540512,0.002447984598833941,0.32627128244474013,0.0011596774746631955,0.32622090084799404,0.0002888235552557794,0.32561600156899156,0.002753087672693999,0.325989151566193,0.0012213687958388397,0.32712362526819627,0.002041251751883272,0.3256394064118122,0.0021990997524097,0.32525823316697416,0.0006536977558300183,0.3231788984146612,0.0005999333385763583,0.32095357467388286,0.0021656838984324966,0.3271450526241598,0.0023571959343449966,0.3257978882255225,0.0010259495726946954,0.3269782605870017,0.0005269364036362689
0.585,0.3081735153483529,0.0018482172591054724,0.3257133746758486,0.00033912852279141537,0.32606259192156994,0.0001357286913782063,0.325086899038054,0.0025894746311709294,0.3261891873473795,0.0015016941942720408,0.3266837604534932,0.0027320030917469262,0.32643775450877655,0.002037256701379775,0.3253649750835875,0.000560338425840079,0.32313789822097516,0.00013693326558822383,0.32127350212162376,0.0019151099726685272,0.32729407915702236,0.0019870028536544126,0.32639606793721515,0.0009421156002925035,0.3274359244566697,0.00012242284595456732
0.59,0.3091354079670825,0.0012833998870041274,0.3252891408184827,0.00015236260527271006,0.325596594709461,1.0509612196590856e-05,0.32456498302645603,0.0031287228151903324,0.32670580911434305,0.001141321103451609,0.3273021558583793,0.0030091051327980067,0.3267950562097258,0.00234946457006166,0.3257127260252581,0.0009037046614339683,0.3232479605634334,0.0003116317724777551,0.3217159595529912,0.0014425869715415929,0.32658271415758944,0.0013184759576441996,0.32653787479562274,0.0005747478897288882,0.3267411965939958,0.0003052785740060293
0.595,0.30935096289931224,0.0011534169942390982,0.32519039436548697,0.0003688605893559793,0.32594874901931825,0.0005824713646864765,0.3252221859302841,0.003724821224933894,0.3273035250291103,0.0017836782611718727,0.3278238688196454,0.003706758262730453,0.32683279734699666,0.0023798406624994106,0.3264147388834914,0.0010592486678051294,0.3238926975666976,2.4468958878698377e-05,0.32170801703669444,0.0012532237197170892,0.325941835130964,0.0008616983389654054,0.3267751023048112,0.0001146790861081548,0.32686528012532146,0.000473129398682548
0.6,0.30953713382283843,0.002136212339003879,0.3253054323295752,4.18754915396391e-05,0.3259443680445353,0.0002786313494046455,0.32533837358156836,0.0036054213841756055,0.3271715911726157,0.0016167300442854748,0.32791299819946285,0.003132381041844684,0.32625281661748884,0.0016034980614980099,0.3267591255406539,0.0006971272329489298,0.32400281925996144,0.00012976974248884998,0.3212400237719218,0.001412315169970202,0.32512582490841546,0.0011480202277501517,0.32757081314921377,0.0009271713594595499,0.3268229539195696,0.00021747052669526812
0.605,0.309209576815613,0.0017549769937499626,0.3258800501665793,0.00031705582437438484,0.32525522699040815,0.00014733036687553103,0.32516879040347646,0.0036714712450326703,0.3270893047663791,0.0025774969542322057,0.3289314808924336,0.0028204578013459602,0.3258641822771593,0.0017121914497091606,0.32685864538200626,0.0006785513448321068,0.32387439106121535,0.0002682245959920171,0.32230159196971864,0.0010966158602848386,0.32578080399962495,0.0011438249556486313,0.32660015013592303,0.0005586265532438461,0.32686557331361066,0.00015341570554686101
0.61,0.3087672539910332,0.0020929929174360595,0.32630850716692505,0.0007708553896575709,0.32538968544514457,2.9881225257627486e-05,0.3251627585926994,0.0036089630400548134,0.32809128673350224,0.0022577745992629072,0.3288671535546662,0.0025687535278132723,0.3261823485620686,0.0014919411452090081,0.3268397125552912,0.0007481938991390213,0.32401359130124574,0.00035729857741809146,0.3216794941757546,0.0012577237164388133,0.3254981412262213,0.001090163090189944,0.3268807869954187,6.0254188834651945e-05,0.3263731300830841,0.0002708454601100252
0.615,0.3090187592235038,0.002467214092006509,0.32608691269789286,0.0008071195788499907,0.3256996828850692,0.00030408666385867145,0.3254441429929036,0.003859518020133651,0.3282909085595511,0.001817282380127322,0.3290715346006843,0.0018830185498648622,0.3263167070179451,0.0007194329083450302,0.32663243379050155,0.00035456041010414885,0.32431989859759325,1.2535874436531147e-05,0.3225548046875775,0.0010497422237706333,0.3260825206109179,0.0007653796091312282,0.32714666825969047,0.0005681141605222151,0.3263446366399284,0.0005505387860585131
0.62,0.30998228081772405,0.0020681256728787567,0.3259880706187217,0.0006905524961410003,0.3262986050498101,0.0003836539483839385,0.32606203733913364,0.0035494073264060455,0.3279678908086592,0.001584007374701962,0.32981649882370423,0.0016079975232001498,0.32703972944328863,0.0007606876953955566,0.3263992501362678,7.179115087754817e-05,0.3238352255955819,0.0007760056084202271,0.3234044548965269,0.0011230971544019808,0.32611053749438257,0.0008004158735275269,0.32747932114908773,0.0009517861950782136,0.32671106246209913,0.00019614734957296154
0.625,0.31020327496528627,0.0021598999500274663,0.32630635094642635,0.00010675549507141446,0.3267052822113037,0.000505686759948748,0.32614058661460876,0.003406212091445926,0.3279752113819122,0.0011181066036224374,0.3300826272964478,0.0010869793891906676,0.32671787643432615,0.0006465444564819345,0.3262798364162445,0.0007584064006805613,0.32444781136512757,0.0006698453426360884,0.3235986340045929,0.0010488021373748768,0.3266308968067169,0.0009970815181732373,0.32781954026222226,0.001477376222610488,0.3267073125839234,0.0003864850997924718
0.63,0.3106798243428034,0.0016897611674808466,0.32655068829892175,0.00044089768614088976,0.3275197850806373,0.0006948007004601575,0.3256695303652022,0.002969603689890049,0.3285270981372349,0.001043475336498706,0.3304771508962389,0.0011896285272779972,0.3270966997222295,0.000318192300342357,0.32605633541705115,0.0007852067550023489,0.3244204000821189,0.0009431082104879862,0.3237523838641152,0.001187497188174541,0.32650366898566957,0.0006846378719995716,0.3277094040125136,0.0024270961682001657,0.32695384063417954,0.0003199099548279183
0.635,0.31124625642468606,0.0015101472693165585,0.3266179258898487,0.000852660165996999,0.327403602168316,0.0005902647972106934,0.3256657470868328,0.0022982832953686028,0.3286585563749779,0.001755219275557135,0.33013815133590396,0.0015904811892922532,0.3268653687060349,0.0007291752991714084,0.32627011119850036,0.0008867699799575413,0.32415144016423564,0.0011484503276704694,0.3241204295571395,0.0009163852751724322,0.32631805022870464,0.0011040228089009563,0.3278066199126206,0.0027493785216113897,0.3277138485683231,0.0004224176481952835
0.64,0.3111078357324004,0.0009460370056331158,0.32742635626345873,0.0006499174050986767,0.3280193405225873,0.0011270367540419102,0.3261863903608173,0.002349822549149394,0.3289853872265667,0.002101242309436202,0.3300025877542794,0.0020765122026205063,0.3264528315048665,0.00020558037795126438,0.3256902580615133,0.0009022408630698919,0.32462665857747197,0.0015399125404655933,0.3236222162377089,0.0008168008644133806,0.3263173424638808,0.000633913092315197,0.32770271180197597,0.002327387686818838,0.32789424690417945,0.0003375255037099123
0.645,0.31131319204966224,0.0013216761655585885,0.3269406744213992,0.001114432894906342,0.32862907301547917,0.001264425904251798,0.3272385216036508,0.0016707041004831447,0.32810184013011845,0.0018215757007746802,0.3308890649052554,0.002414979444917781,0.32678009026734406,0.0007188336331714895,0.325509961954383,0.0013131797313690186,0.32463101823200546,0.0008900830912035584,0.3231437093065691,0.0013188634269921395,0.3264202082804007,0.0012663593587949329,0.328146290871524,0.002163504907327113,0.328059526376946,0.00032561509184136916
0.65,0.3111385405063629,0.0012473537371708865,0.327349610053576,0.0013861431525303558,0.328451537168943,0.0012998553422781112,0.32747845626794375,0.0017333551095082278,0.32796778472570276,0.0021629633811804105,0.33119994195607994,0.002900326939729553,0.32653394639492034,0.00015862561189211588,0.32591118010190817,0.000861415725487924,0.32515076949046207,0.0012184977531433105,0.3235950793211277,0.0015060670100725537,0.3268568165027178,0.0009207241810285094,0.32882341467417203,0.002061064885212849,0.3287273592673815,2.9087754396278642e-05
0.655,0.3116274526101033,0.00211501440019099,0.32761871314230767,0.0008952340096917699,0.32884581785165623,0.0010117895275581767,0.327494386270756,0.0015116399936093428,0.3282621682600211,0.002459010322585359,0.33160848449204716,0.003274662121561661,0.3259628271783581,0.00013299775487593535,0.32622452569371874,0.0004361601731249498,0.32554288219859584,0.0009916301902014035,0.324413766842762,0.0015269467848857965,0.32606208438181694,0.0011154893245405861,0.32887935388179224,0.0020710618896338795,0.3287507093134727,0.0002163405181797584
0.66,0.3120240458484852,0.0024285323240540446,0.3279454220424999,0.0006322151783740848,0.32867491019494605,0.0010012446930914298,0.327800403490211,0.0018584213473580025,0.3278392873930208,0.0026467243830362863,0.3317327743226831,0.002779234990929108,0.3258194467335036,3.18722291426099e-05,0.3262580136458079,0.0007118248578273922,0.3256032055977619,0.00031517129955871415,0.3246298095945156,0.0014914127461838067,0.32650049753261334,0.0014945526014674693,0.32842370799996634,0.0021414822249701537,0.3285957872867584,0.0006688255252260134
0.665,0.3113280216554054,0.0026938417800387027,0.3285378177363173,0.0008536209737447786,0.32912534251248926,0.0006310787416042296,0.3275100402814105,0.0012660360425934547,0.327958442438814,0.0030879653934249296,0.3318765788598168,0.003165555851800117,0.3262032140466503,0.0001858813422066785,0.3268094528886608,0.0006658775465828992,0.3252926883392764,0.0005830855746018215,0.32499773789169195,0.0018429227341386634,0.32722962798928856,0.0015836039880164354,0.3289119693121516,0.00199926056359942,0.3278193926452694,0.0007958694508201358
0.67,0.3117290406084772,0.002394955994477921,0.3286958830570107,0.0005259638401999278,0.3292115315127728,0.0001953148574971586,0.327622676518426,0.000790801510882011,0.3280011591181826,0.0029508273548154718,0.33202433274753057,0.003336623978258957,0.3265871207660703,0.0002604485002916379,0.3272587496842911,0.0005835921906713337,0.32554095294048535,0.0006408942724341615,0.3254741107794776,0.0018216538340298238,0.3268028155191621,0.001130326025521572,0.3293765129438087,0.001562741265368095,0.32774591735049863,0.0007703168623483247
0.675,0.31256441363581905,0.0021498746342129005,0.329610902512515,0.0005113776083345845,0.3298035526717151,0.000434457151978096,0.3282343734193731,0.0006989825654912796,0.32781230034651576,0.002805916026786509,0.3317406177520752,0.0037797141958166303,0.32706296973758275,0.00036349605630944803,0.3271082624241158,3.4453913017540305e-05,0.3263909198619701,0.00015556635680022413,0.32557554796889976,0.00187813463034453,0.3278127780667058,0.0010303426671910976,0.32905917565027876,0.0013098213407728154,0.32812271515528363,0.00039385468871505624
0.68,0.31209157648331975,0.0021359795594916575,0.3303023958030869,0.0006070110727758871,0.3297303581939024,8.111753884484929e-05,0.32832952019046335,0.0012824197902399082,0.32751767030533624,0.0025368424899437914,0.3320976127596462,0.003416440942708182,0.3277609311044216,0.000565128072219756,0.32724186471279926,0.0003470419084324605,0.32648103771840825,0.0003712356967084385,0.3261784301961169,0.0018454356228604085,0.32828807239146796,0.0006168670952320099,0.3294435750473948,0.0011203308754107466,0.3277746881632244,0.0002007006722337945
0.685,0.31213816565318697,0.0020382915535112345,0.33074531807516616,0.0009721508861458006,0.3300734597401027,0.0002311846635637549,0.32850848823568246,0.0005582255603623354,0.327267956124605,0.003251949801062165,0.3316841384355169,0.003234590274574123,0.3273038004871702,0.0007430573884587843,0.32766824721419896,6.095988907078853e-06,0.32702079763377667,0.0001155601365722958,0.3264915260085224,0.0016944334454780108,0.32802293400694854,0.0004141650495738114,0.3292165274602653,0.0009215789554763154,0.3280222407222664,0.0005061591628694184
0.69,0.31220364354658814,0.002558686163114471,0.3315291374489881,0.0006998686686806033,0.3299506215945534,0.000495060630466615,0.32851782117200934,0.0008148717275564266,0.3270916858876961,0.0027650013781976013,0.33103062558001367,0.0032191611286522814,0.32702417326146277,0.0007414405328640128,0.32779370831406635,0.000765394473421388,0.32697805567927984,1.854287541430688e-05,0.32663076792074286,0.0010845754025639032,0.3281408556993457,0.0004554978315381153,0.3287009765272555,0.0009807482145834656,0.32903852907643805,0.0006292283103086216
0.695,0.31222776436119626,0.002476319349069389,0.3309526630013967,0.0008446910827279719,0.32992929391723747,0.0013748450244931154,0.3287519664644337,0.0013498078576094918,0.3274885186617323,0.0027043684352215935,0.33112725143809973,0.0029022185493716435,0.3271685345567388,0.0013815945000957286,0.32751256827827835,0.0007636285514282805,0.3272372737205286,0.0004907572012153305,0.32679668047445287,0.0010819640948618037,0.3281828535975312,0.000767226056229281,0.32934369543473496,0.0012092423095977634,0.32977993003756023,0.00038372119553653494
0.7,0.31201265603303907,0.003045904423509327,0.33062138259410856,0.0006862827709742947,0.3298057515706335,0.0010122216173580612,0.32863844547952925,0.0008849561214447077,0.32815128330673493,0.00280317770583291,0.33090744827474866,0.003275418281555198,0.32705780799899786,0.001435547854219149,0.3275017438190324,0.0015497175710541822,0.327354881806033,2.3269866194053357e-05,0.3265413286430495,0.0008868313261440885,0.3290288220558848,0.0004821651748248279,0.3292974435857364,0.0014482700398990023,0.33027864077261515,0.00034241484744207407
0.705,0.3121482309297467,0.0032313899368259236,0.33049727204843615,0.0009413167094508013,0.3297267163053472,0.000993763301389422,0.3281425487065146,0.0007828474044799805,0.32813370840769285,0.0029460024749133618,0.33067109124034855,0.002836689247307178,0.3266175839495151,0.0011986821678513226,0.3277224186041676,0.001052617392641425,0.3271469571066241,5.300882014822039e-05,0.3265014519082739,0.0006883596697597749,0.32918569107427664,0.00044314890888563774,0.3291893559144744,0.0017896611639793836,0.3304412451618952,0.00043703414869644686
0.71,0.3126073578293894,0.0029422168580579,0.33068675957095456,0.0012161742213745996,0.33000267895174695,0.0012583405199185493,0.32839231444916256,0.0005646295530695178,0.32908304707265235,0.003116503357887268,0.33105332918570074,0.0032803143413973612,0.32692556398015626,0.0014168091223273338,0.32767183910792985,0.0010456394561579596,0.3273253006414628,0.00016525912452750036,0.32675798447199267,0.00017045858040662387,0.3299096768171015,0.0004728843628520607,0.32946221194636655,0.0015609703013594878,0.33047565775857846,0.0004204167446620055
0.715,0.3127016258406472,0.0031027914760829722,0.3307677619940751,0.0010314546264968694,0.33002380745394244,0.0013585663758791389,0.32840870998122473,0.00045304927792583216,0.32854076344650107,0.0027152939693077527,0.3307410799540006,0.0029913257885646194,0.3272832123549668,0.0012633508735603316,0.32782613460000576,0.001407469694431035,0.32726921297453504,0.00038165208343024504,0.3269359377714304,0.0002710840085169697,0.3300142846741043,0.00016618525231634762,0.32932952963388884,0.0012306289656178748,0.3302020984929759,0.00017979053350594687
0.72,0.3125765197392967,0.0028684965024391718,0.33126890990469193,0.0013495563632912322,0.3303622433708774,0.001514165765709341,0.3286394820445114,6.012866894405944e-05,0.32892189775076175,0.002391562900609462,0.3308352122290267,0.0030130394217040835,0.32802307253910434,0.002041693569885372,0.3279652572754357,0.0014649300525585718,0.3272224832326174,0.0003794305440452117,0.3263647661854824,0.0002379887219932375,0.3299646607289711,7.575439910093018e-05,0.32945605802039307,0.0012122121536069508,0.3301792552487718,2.954093118509582e-05
0.725,0.3125338233750442,0.003243582413114343,0.33152852716117065,0.0016062058251479494,0.32986121013246733,0.0008743536883387137,0.32863965507211357,0.0005586918058066437,0.3293199214442023,0.0021603773380148017,0.3310098395265382,0.002567366690471251,0.32789456351050017,0.002008832734206628,0.32764837166358685,0.0016248222055106343,0.3270077296372118,0.0006607259141987731,0.32684912619919615,9.881566310751544e-05,0.32968276533587226,0.0009259400696590148,0.32965587850274713,0.0011361601023838486,0.3305814977349906,0.00036142571219083264
0.73,0.31232649373681576,0.0029947782216006857,0.3314422007701168,0.0021677974560489477,0.33026065830498524,0.0007970200417792839,0.32864364450925015,0.0003338145883116095,0.32955490848789476,0.0027425138101185853,0.3315391560939893,0.0026893411597160577,0.3276821352439384,0.0018262334474145603,0.3279649935764809,0.0014443656761352341,0.3274220303721624,0.0009939921637103777,0.3270564740651274,0.0005364450689864519,0.32970546185970306,0.001336152218792519,0.32967315777523876,0.0005599070493489122,0.3308266756469256,0.00042888848748925956
0.735,0.31255833612007344,0.002831130003442567,0.3314843187932255,0.0022277521843812875,0.32974944451228294,0.0002876514074753589,0.32844108282303325,6.760241223030539e-05,0.3303453747918006,0.002858796492725829,0.3319741536159905,0.0024544320949891896,0.32756091786079666,0.001433479137161131,0.3279040113192837,0.0011163684381108874,0.3276306457665502,0.0008609284754513002,0.3268532663786492,0.000820339942465026,0.33002859840587695,0.001132560425064183,0.3294841876240815,0.001274347102560941,0.33118290803870376,0.0005574717002660989
0.74,0.31295295663782063,0.002664643767717717,0.3316027236145896,0.002406997455132953,0.32916571501944514,0.000305731352922084,0.32849859788611124,0.0006048872664168037,0.33054799566397797,0.0023900733606235236,0.33217305347726156,0.0027491035493644456,0.3282936181168299,0.001523656820928726,0.32763265053162705,0.000880527536611303,0.3280959882446237,0.0011264351574150344,0.32682667733044235,0.0008878085661578605,0.330037837697042,0.0008759258969409933,0.32906272363018346,0.0014462334078711447,0.3312491514795536,0.0006922763344403837
0.745,0.3129918179256004,0.0024794968182608457,0.33115062357595304,0.0017345613681229999,0.32974638734887907,0.0004478783015436638,0.32840286165275834,0.0008542381677051625,0.3302361533145777,0.0022446857202773063,0.3327601067971863,0.002682321023621037,0.3276957481499486,0.0016747057037865551,0.32802077507812705,0.0019598835266676495,0.328334458322333,0.001703789970218722,0.32695614731551814,0.0007424414557898606,0.33030056213372505,0.0005439941915089674,0.3289574624708035,0.0015467961362544136,0.33155778510458517,0.0007531786925040751
0.75,0.31308134317398073,0.002511654694875076,0.33150380949179337,0.0012994867563247692,0.32995121796925864,0.0005523423353830936,0.3288573714097341,0.0011167693138122714,0.3304241156578064,0.002697955767313631,0.3328925424814224,0.0022474390268325817,0.32727059761683147,0.000968059698740642,0.32874064028263095,0.0020453494787216198,0.3277927190065384,0.0017383044958114713,0.3265836058060328,0.0006233559052149507,0.329316881497701,0.00042972127596538345,0.32936543405056,0.0008991072575251224,0.3312824831406276,0.000568013787269589
0.755,0.31356556486609755,0.0026139182760225865,0.3309485012332335,0.0012820643304989054,0.3300945946317635,0.0001780376923794791,0.32837692712316446,0.0012147793706679122,0.33079454204104597,0.002489247858919047,0.332734327639965,0.0023703486319409384,0.3272157301571196,0.0012431711155847236,0.32831138550051,0.0013409286540075616,0.3279130784486304,0.0019295837310765729,0.3269416024748063,0.000706461289071092,0.32892894448823484,0.0002786519116913244,0.3291558461473478,0.0012409213362939986,0.33151071217675876,0.000710474142175649
0.76,0.3140019562683607,0.0025313151510138188,0.3311579172548495,0.0013644765866430153,0.33045008092334394,0.00024107196613362691,0.3281839046823351,0.001217869551558226,0.3308905037610155,0.002402382853784052,0.3323528931329125,0.0023047618175807694,0.327498688117454,0.0012768550138724521,0.32821428148370035,0.0010011156922892506,0.3284226612825143,0.0019903720209472897,0.32675412375676005,0.0009720588200970715,0.32853936580450915,0.000469706756503957,0.32922589524011864,0.0013025659871728767,0.33089459432583107,0.0010750280006935897
0.765,0.31415041657834275,0.002093286880480688,0.33074520460141255,0.0007870563494613847,0.3299161008760041,0.00024101547166410775,0.329023371529735,0.00126851871122724,0.33107821692049116,0.0021317219422533618,0.33263207300036557,0.0018152684168098732,0.32801319415273233,0.0008155874956667086,0.32786574570182103,0.0009841971537646044,0.32808608673756423,0.002504257205265009,0.3266672285553677,0.0009213066568561634,0.32877253414758667,0.00024176598374361924,0.3298168632329679,0.0012469839036854113,0.330290820473939,0.0005522093741722189
0.77,0.31419759330811436,0.0019567334032677963,0.3303378572711697,0.0009612944219019315,0.3297675902193243,0.0002890662713484482,0.3294264058788101,0.0007120703721975319,0.3308334698924771,0.002096375087638963,0.33260995478599104,0.001853449584601763,0.3282646056893584,0.0009600643987779378,0.3284543145012546,0.0006076124581423648,0.3280890458202982,0.002258642346828016,0.32626110373379347,0.0005493866545813464,0.32823406604977395,0.00033941323106939647,0.32945785487627055,0.0008255849023918183,0.33053423599763354,0.0007408234206112974
0.775,0.31489160291610224,0.0021462490481715113,0.3300608621489617,0.0013534778548825177,0.33012062964900846,6.618192118981736e-05,0.329228880905336,0.00041808601348630736,0.33121963758622447,0.0017153295778459254,0.332862247766987,0.0019493735605670692,0.32860242493690983,0.0006536658733121703,0.3285874678242591,0.0006387087606614661,0.3278785751711938,0.0022345050688712675,0.3260617042741468,0.0008140154423252055,0.3280048180011011,0.00034445197351518075,0.33024903285887935,0.0006691311636278785,0.3305635163860936,0.0008234116338914632
0.78,0.31507585369623625,0.002175949322871684,0.33001917619735766,0.0008637815331801468,0.3300493384401003,0.000234066866911381,0.3293719499921187,0.0008087060772455634,0.33153409720995486,0.0015129164243355697,0.3326530106938802,0.002304315375976057,0.328505274385978,0.001061766384503754,0.3284866444957562,0.0010431364942819488,0.3280939736809486,0.001943983901769697,0.3261691318490566,0.0014103156251784876,0.3283984311498128,0.00017707107158806967,0.33068182739691854,0.0005366322703850568,0.33100216816633177,0.00032760776006257597
0.785,0.3155217892045428,0.0025221291621019826,0.33049657959846934,0.001244381734520017,0.33077134998740665,9.127426299321284e-05,0.3287036432202455,0.0010755910615252995,0.3311260477372795,0.0016757407385832035,0.33233845860335476,0.002332903207487358,0.32885725843678615,0.0008384499959884772,0.3288840226307037,0.00067483543590377,0.32796805888224556,0.001554891751829962,0.3263000614324193,0.0009268377996554111,0.3286233982842439,2.1827638528898463e-05,0.33089222175300503,0.0003790697854036129,0.33078075803009566,0.00017258221176777444
0.79,0.31611999077132985,0.0024572546723522493,0.3307606232694433,0.001097361686863474,0.3310900783237023,0.0002013859869558765,0.3285904183417936,0.0013516371763205304,0.3313933539239666,0.0013804956327510831,0.3323802595274358,0.0023793512130085293,0.32951067520093313,0.0007346747796746766,0.32919072727613813,0.00041472685487964345,0.328040709035306,0.0010493614628345194,0.32668737520145463,0.0012331084360050204,0.32854430415207825,3.818639471561691e-05,0.3306750519366204,0.0009920755519142732,0.33089540163172954,0.0001808714263046851
0.795,0.3160016827238431,0.0026930043907285317,0.3309370641063594,0.0012767639175151335,0.3308410361502905,7.141592367640448e-05,0.3289881496684356,0.0015748092588388773,0.3312126896666281,0.0011484780401553873,0.33244829657692576,0.0015322041211638104,0.3290502953829255,0.0008301566231925517,0.3291553167052239,0.0005769450334632831,0.3287996552275412,0.0010494158702826217,0.326514389155046,0.0012030312850040414,0.3284495720323527,6.60359484594697e-05,0.3308113318569255,0.0015985883256924294,0.3313183782610504,0.0007574931255676376
0.8,0.31561569701880215,0.002580871619284164,0.3310357304289937,0.0008031772449612617,0.3304125342518091,0.0002394348382949718,0.3289732621982694,0.0016117712482810187,0.3310423454269767,0.0016025917604565731,0.33285418823361396,0.0019488688558340073,0.3290959151461721,0.0008433697745204027,0.32902984060347085,0.0010026212781667765,0.32842921689152715,0.0011712692677974534,0.32688714619725945,0.0015994174405932482,0.328871850669384,0.00012127198278905071,0.3302404036745429,0.001644183509051794,0.3314950119704008,0.0011416759341955074
0.805,0.3162325548459284,0.002549392281111701,0.3313746707780021,0.0006617685282452601,0.33074909985435674,0.0003479476671041093,0.3289607672587685,0.0013725637278941827,0.3309616128109997,0.0013080550276714786,0.33266651260186425,0.0016047358512878418,0.32883012757538266,0.0007695046641071623,0.32937767527858663,0.0013170523673110834,0.32879066263666806,0.0012781347917473762,0.32691973355245885,0.0015178568985151075,0.3286330757304008,0.00043998057057398343,0.3303229020249029,0.001122202562249236,0.33222062247140066,0.0013028923769174972
0.81,0.31683385096214434,0.0026263909207449865,0.3314944446822743,0.0005582295082233457,0.3307279622481193,4.008909066519073e-05,0.32856610435762523,0.0018099250248920784,0.3311477093784897,0.0011506706108281584,0.3324981845087476,0.0016886851301899652,0.3289436688761652,0.0007167923965571976,0.32966846724351245,0.0014415907639044323,0.3291752305295732,0.0007491060245184145,0.327066276912336,0.0014383266737431621,0.3289038989646935,0.00028860256259821693,0.33016904066374275,0.001209130441700984,0.33249218743524434,0.001034854370870697
0.815,0.3171122664688555,0.0025816031394560734,0.33167022247255945,0.0005202918696257108,0.33087407171360556,0.0005262762856629855,0.32929018194690074,0.001975662137833095,0.3309464348605805,0.0015593840300671402,0.3321121296633972,0.001234820832504091,0.3293137067666083,0.0010031765224012001,0.3299723463190114,0.0016618160748042843,0.32961317531170287,0.0007565546255170197,0.32740067832309044,0.001526446613066057,0.3286623232569431,0.00020982206233438605,0.3304707940005086,0.0017307596338307363,0.33213549395280384,0.0010154713516586367
0.82,0.31762870292111145,0.0025854399654923477,0.33170233866790444,0.000141009143212939,0.330871478995172,0.00035786792272474166,0.3293179460778469,0.00214951376362546,0.3308277311848431,0.00149500151959861,0.3318362028860464,0.0004912632994535371,0.32965781648711456,0.0014838999727877222,0.32978617036488,0.0014857506243194096,0.32958411025564843,0.0006048408586804555,0.32711564149798417,0.0019163681966502533,0.3284233926636417,0.000287823015596822,0.3303229814259018,0.001722868441081632,0.33221718777970566,0.0005688380177427954
0.825,0.3178347134228909,0.0027210920146017448,0.3313932781869715,0.00019183827169014234,0.3307022679935802,0.00016920133070513765,0.3299756814133037,0.002208770585782588,0.3313249748764616,0.0011062909256328302,0.33175893660747646,0.00033515727881230917,0.32977733973300816,0.001681171041546442,0.3301253311561816,0.001960635907722247,0.32954175851561807,0.0009964995311968483,0.3271617753939195,0.0015443142616387573,0.32871212832855456,0.0008882062001661639,0.3306452543446512,0.0022695044676462883,0.3327963852521145,0.0006986413941238723
0.83,0.3182800918458456,0.002504405127950471,0.3309425025819296,0.0002403589616338797,0.3302409113889717,0.0004286396216197086,0.33036083072782996,0.002247350223093164,0.3314358852354877,0.001417622688304948,0.3316628002976797,8.889063295111632e-05,0.3295513231711215,0.00182848540415248,0.33041911635054166,0.0017112360661288573,0.33021661334009056,0.0007242791983018415,0.32721964781542856,0.0017748898770435784,0.32887830289013414,0.0006545232721121841,0.330681691507259,0.0021455925272171605,0.3320170330354966,0.0004717213920800156
0.835,0.31815569236606894,0.0021032908719456622,0.33086823596211967,0.0003298406829377043,0.32978463333523916,0.0007031558159582563,0.33016699748838735,0.0021864966361108684,0.3315549378623506,0.0017751508844112973,0.3312624066532729,0.00013284643966993137,0.32991920420509613,0.0016537881539967214,0.3302088244232589,0.0015809582379049947,0.33004133269458474,0.0010825215342515904,0.32772931617177176,0.0013859329109420226,0.3288061024543054,0.001079443507565725,0.33050324941823583,0.0021216674836095906,0.3317549603427955,0.0003064835142946587
0.84,0.3183596861504373,0.0023051188105628617,0.33112312853336334,0.00023175456694196628,0.3296079930095446,0.0004966737968581103,0.3302913031407765,0.0017223202046894037,0.3315016084483692,0.002255078582536596,0.3310530066844963,0.0003770988966737554,0.32991336605378563,0.0017962193205242893,0.3301764386040824,0.0019206237934884796,0.3296807548474698,0.0015324111140909702,0.3279688102858407,0.0015833924214045116,0.3288872524031571,0.0014306620827742866,0.33062929535905516,0.0021674702210085772,0.3314951482628073,0.0008719582997617215
0.845,0.3190580976785288,0.002472501887372275,0.33104077334234705,0.00033032276926661663,0.3297395961877157,0.0006241493323850822,0.33037387866240286,0.0016841736770945859,0.33121708829022023,0.0021934361147457337,0.33090332644225573,0.00044964209816159006,0.33018152018975927,0.0018637305533392157,0.3300622292524259,0.001953749614354433,0.33000496841041294,0.0020033239260227598,0.3280675707484138,0.0018033335900165537,0.3284509472945738,0.00098361894929197,0.3305435274126967,0.002236778390478089,0.3316635060945206,0.0012016594409942627
0.85,0.3190010184750838,0.002511130185688243,0.33048727722728954,0.0001567514503703349,0.3297951091738308,0.0005622102933771633,0.3309998685822767,0.0013862222433090043,0.33106642207678627,0.001848639635478766,0.3306291304966983,0.0007063937537810371,0.33019520587780893,0.0018654639230054892,0.3304383814334869,0.0021303881617153186,0.3301033137475743,0.001553321410627917,0.32873753484557655,0.0019317143103655676,0.32859704792499544,0.000959848481066089,0.33006924794000736,0.002718790664392373,0.33176943063735964,0.0009066574713763043
0.855,0.31924705895764094,0.0023219404164810664,0.3302644571365668,0.00032079638096324525,0.3299557289533448,0.00023622418704785653,0.33102285983966806,0.0014049091882872844,0.33083556897458977,0.0018288838235955562,0.33027123638063843,0.0011121097363923638,0.33039882691980105,0.0019483757995025497,0.3305352072269596,0.0022152742447211493,0.330257477990368,0.0017626468549694907,0.3291025832731124,0.0015900415635248244,0.32893093200454937,0.0014214768395786337,0.3302118705030073,0.0029016008153993633,0.3315564759990625,0.0011444363677710623
0.86,0.31950797729713976,0.002738278965617319,0.330458412510018,0.00011920183897018433,0.33005104058010637,0.0001873432896858096,0.3310397979478503,0.0011644576524579286,0.33077113087787186,0.0019199848175048828,0.33004394606795423,0.0010412448020868381,0.3302166735710099,0.0022282392479652524,0.3303870342152063,0.0019470368360364199,0.3300327963607256,0.0019993910262751102,0.3288335221451382,0.0013259812149890582,0.32899470020865285,0.0010719453526097655,0.33027789880369984,0.0031143186050792138,0.33155664073866464,0.0008102849472400864
0.865,0.3198694802088545,0.002455832813516523,0.33037451581458827,3.837057620803552e-05,0.33034571298974097,0.00011236440239614787,0.3307905340125795,0.0009338233856796552,0.33122336864471436,0.002144510346341,0.32956898746462915,0.0015100176968326495,0.33024055592586543,0.0017921197621119378,0.33008482759398533,0.0021041159684947464,0.3303079086576583,0.0017525379712871048,0.3286608877898641,0.0016568933608214764,0.3289260960727758,0.0008062138033740063,0.3298788847606306,0.002546623435323636,0.3315296772587506,0.0008505407096333628
0.87,0.32062129984641896,0.0025273707063718787,0.3306327672867939,0.0001752535844671277,0.3302580577203597,0.00026738540879611694,0.331224402648279,0.000921071089547254,0.3311486540512107,0.0019130914033144153,0.32972700277279166,0.0015533352377770924,0.3298386847493292,0.0019527740519622305,0.33032064824953844,0.0018825340887595743,0.33048266155281286,0.001840450811660177,0.32855078509484215,0.002101014742906082,0.32892350509934043,0.0005808083832949118,0.33013975277714347,0.0026886171993167896,0.3315624467942907,0.0010785991433023001
0.875,0.3207604219232287,0.0028092001165662683,0.33065646767616275,0.00025597759655546226,0.3302832191331046,0.00034690277917043266,0.33097667949540277,0.0009795742375509897,0.33091048598289485,0.0021326717308589316,0.32969453624316625,0.0012996348312923067,0.329496865102223,0.0013480797835758729,0.33009377973420284,0.0024307388918740347,0.3305195450782776,0.0014774649483816904,0.32889152714184355,0.0020294868946075517,0.32908463886805944,0.0011069137709481258,0.33079236541475565,0.0029346820286342,0.33121763331549503,0.0015004822186061308
0.88,0.32048590769144625,0.002152074297720713,0.3306042802604762,0.0006655566394329071,0.3300618900155479,0.00017333284697751417,0.33112010749226267,0.0009410210292447596,0.3307544832879846,0.0023963387039574735,0.3298592416738922,0.0009533260017633438,0.3298759531568397,0.001326766881075775,0.32995582304217597,0.0028444528579711914,0.33071319301697344,0.0020986966450105837,0.3289804633029483,0.001958584074269659,0.32906455055556516,0.001232983205806143,0.3303772708909078,0.002811530435627152,0.3310231849212538,0.0011624170636588826
0.885,0.3208017755026198,0.0019315971156298184,0.33085313506719083,0.0006979897534106216,0.3299636189210213,0.0008125936580916648,0.33089810138368336,0.0011777466973342532,0.3308961468901338,0.002426938822040453,0.3299362054989163,0.001160233539376554,0.3293889334983071,0.0016066901764627273,0.3301365623029612,0.002422248407945804,0.33099329892524887,0.001829068707880993,0.32899780950303803,0.002319990409969608,0.32927515597666723,0.0012839084627938036,0.33032775783942914,0.0025673277970761077,0.3309708439697654,0.0010021086466514284
0.89,0.32116336634989534,0.001633834972810222,0.3309745878985758,0.0008678945262780291,0.33012342436260056,0.0009484992603237818,0.33135522968983383,0.0010874708381931608,0.330457753344868,0.0023879927865574913,0.3296685783046015,0.001123804557189495,0.3295527475603511,0.0018191829826054717,0.32979883019174083,0.0018251081196110075,0.33127227860890074,0.0016775194848521469,0.3290989206413205,0.002400473095058059,0.3290625241365326,0.0015143196234542466,0.3300989317090324,0.0026252808865536437,0.33098977318640505,0.0012589369931917394
0.895,0.3219038912370884,0.0017459280997015048,0.3306568238322295,0.00128064042363088,0.3298926889563406,0.0010792290032242968,0.3314403010813217,0.0007906897440968785,0.3301922765524028,0.0019721029191043793,0.3294179294695401,0.0014228419551636229,0.3297832766391712,0.002041562142984815,0.3301698778594673,0.0018014874538229975,0.3310814013694252,0.00203985874879295,0.32897082270856676,0.002314727233108882,0.329225552481646,0.0015240211726567088,0.3299339143923541,0.002897939868479471,0.33093619046930495,0.001656456366597614
0.9,0.32169031633271117,0.0016121589475207865,0.33061588621801796,0.0012173194024297784,0.329785300956832,0.0011167393790350866,0.3314716825882594,0.0010305682818094741,0.3304570299055841,0.0018703002068731767,0.3298600979977184,0.0016413978404468954,0.32967337436146205,0.0021402647097905347,0.3300402232342296,0.0017232270704375385,0.33103387869066664,0.0018481574124760147,0.328640958501233,0.002415565815236831,0.32930167350504136,0.001585430237981994,0.3294797748327255,0.002508747246530302,0.33129087520970235,0.0014742652575175097
0.905,0.32207353783575865,0.0014068518883615655,0.33083179016798236,0.0015805538188028156,0.32998912834989436,0.001497194911893568,0.33111336662624424,0.0014132974226830353,0.33069605524368706,0.0017225284602760682,0.3296902807048671,0.0016740031993191518,0.3297329991232625,0.0018807493191397573,0.3298284380146153,0.0017220725341396403,0.33108298472278025,0.001587253743113748,0.3286193136681509,0.002161766448732255,0.32914644578543817,0.001568238379546949,0.329513518355828,0.002171058516476032,0.33143597083855725,0.0013128367576809852
0.91,0.3225743041916208,0.00159999089581625,0.33061531497226965,0.0017200048480714991,0.3295640287163494,0.0016946825352343875,0.33127391387473093,0.0021185208480436757,0.3307353264682895,0.0014998143190866065,0.3295675411329164,0.0019004043641981105,0.33020303193684464,0.001929269550920848,0.33020778720850474,0.0017871848502001852,0.3313915076164099,0.001717040008241022,0.3287595667681851,0.001856353584226672,0.3290181855906497,0.0014732062489121733,0.3294044667547876,0.0020514088017599685,0.3315880683424709,0.0015986167140059349
0.915,0.32285017703400287,0.0014481288813502358,0.3303327907304294,0.0016134174469390195,0.3297175382330118,0.0015343771280486584,0.3311544850550062,0.0019296546125672498,0.3309167916657495,0.0011786277828320924,0.32958204791845525,0.0019002524229998208,0.32995280721148507,0.0019011818320373575,0.33020392304561175,0.0017791032139720941,0.3310442715068984,0.001549998430606464,0.32900531663269295,0.001710211970115616,0.32890911164179526,0.0016997702460471165,0.32969259857479993,0.0021234939658576757,0.33190805094489634,0.0021360671259666453
0.92,0.32311706973806675,0.001141959396393416,0.3300442287455434,0.0019419115522633368,0.3297147558111212,0.0015808650009010161,0.3311972232616466,0.001972569071728242,0.3306862543458524,0.0014200317470923762,0.32934480500609975,0.0019646521819674245,0.3295760042965412,0.002406522793614363,0.33047475098915724,0.0016361120278420571,0.3313274532556534,0.0013040974736213684,0.32904129491552064,0.0019478329821773221,0.32889161356117413,0.0017362139795137344,0.32962478276180185,0.001964458628841065,0.3319562603921994,0.0023834713451240386
0.925,0.32361811979396926,0.0011803411148690046,0.3300854989000269,0.0016740186794384215,0.32938907742500306,0.001986719627638134,0.3310872938181903,0.002009369231559144,0.3306431365979684,0.001503186129234918,0.32949434083861273,0.0019269142601940903,0.3295155894111943,0.0018123354460742036,0.33022576264432957,0.0016099125952334092,0.3316453853169003,0.0018373296067521472,0.3293746456906602,0.0017470003785313715,0.3289708743224273,0.0015975642848659044,0.3296786864061613,0.0020038251941268403,0.33177262335210234,0.002327763550990347
0.93,0.32421205905816886,0.0015413016080856323,0.3300558254923872,0.0016943133005531685,0.32953095003481836,0.0016397156061664642,0.3308607492075172,0.001956905568799655,0.33063368835756857,0.001775599295093161,0.32972029732760566,0.0017946296802131279,0.32955985139775024,0.0018622471440223054,0.3302449423779723,0.0013960971627184071,0.3317288588131628,0.0020493094318656535,0.3290184020034729,0.0014567895922609486,0.329205955548953,0.0017216612574874612,0.3294909263169894,0.001871929694247515,0.33162974237754783,0.0021862398873093436
0.935,0.3247850711014182,0.001562192637652643,0.33019337392745807,0.0013507285857583262,0.32936379695958634,0.001539651882202231,0.33082094087320213,0.0018344787671604468,0.3308230872778969,0.0018858139846414101,0.329663528956194,0.0020117219437889855,0.32955558590073,0.0017689127016832507,0.33055048176949037,0.0011825534430416895,0.3317508203460571,0.0020061218164821315,0.32908011104333845,0.0012707587550668253,0.3292442684505075,0.001669764518737793,0.3293289586821979,0.0021629996478238767,0.33103666920712926,0.002121907345113916
0.94,0.32547773151321613,0.001592979310674869,0.32987034669581883,0.0017513309387450493,0.3294062554202181,0.0018539742586460295,0.33086714703351894,0.0019530921857407735,0.33073114698871653,0.0020136321161655646,0.330040639068218,0.0020114639972118598,0.3298743888735771,0.0012474334303368972,0.3297938788507847,0.00129632699362775,0.3318129189788027,0.002195623485331838,0.32896557006430116,0.0013216990739741419,0.3293505065301631,0.0012932424532606235,0.32962588728108305,0.001959636648918739,0.3308016876591013,0.0014685535050453224
0.945,0.3258319642177965,0.0016928829213298802,0.329899737759242,0.0018483066054248432,0.3292584463402077,0.0020964558793123422,0.33087681021009174,0.002181228191133533,0.33012483075813015,0.0017385025503774132,0.3297941025602754,0.0019022264177837311,0.3295938052512981,0.0012415229643463477,0.3301625108277356,0.0008328839269264865,0.33120087908689305,0.0019195310022465106,0.3294453501070618,0.0012766028207445712,0.3292378366939605,0.001220672534256395,0.3297227245789987,0.0018458782680451091,0.3310536907778846,0.0012046182281756634
0.95,0.32566071231114235,0.0016626102359671435,0.32971365185160384,0.0017461103828329827,0.32907573565056447,0.001992953607910547,0.33128861879047594,0.0021872325947410176,0.32998555302619936,0.0015888913681632588,0.3297938589987002,0.0017126652755235228,0.32957268514131244,0.0013586797212299384,0.3298818875300257,0.0008291864081432787,0.33088200813845586,0.0015950372344569197,0.3294542480456202,0.0009848232332028972,0.32923352294846586,0.0011339989147688134,0.3297860341636758,0.0017197911676607724,0.3309296383669502,0.0014159649610519243
0.955,0.3262822560927007,0.0016052609026744047,0.3294479124521086,0.0017487155517358355,0.32925716619841094,0.001939461805433501,0.3311285379669429,0.0021491855851018538,0.3298889364247547,0.0014217733088588147,0.32981996620512755,0.0017785777908345402,0.3298706651046014,0.0011402644724121669,0.3299623010046195,0.0008294910036456549,0.3306531004256603,0.0015554846269298095,0.3292248027486951,0.0010263501661610386,0.3296277070544777,0.0010406371810673387,0.32962968586627106,0.0018877518114619185,0.3310225916470533,0.0014442650123416556
0.96,0.3268182659521699,0.0016384385526180267,0.3291930127888918,0.0018787734831373082,0.32906504425530636,0.0019406985181073255,0.33117572125047445,0.0016597049931685315,0.3300628690049052,0.0015919286136825694,0.3299452016750971,0.0020356342817346162,0.33008243096992373,0.0008046240545809269,0.3302643926193317,0.0006226624051729746,0.3305095083390673,0.0014113988727331161,0.32931591259936493,0.0010333191603422165,0.3296095069187383,0.0010914034210145473,0.32956573336074746,0.0018561494847138815,0.3310200202589234,0.0012726963808139258
0.965,0.3274030418284817,0.0014374282384783388,0.3290022186973552,0.001880318235239209,0.32923815117598815,0.0016019243959318197,0.3313191329259329,0.0018043845428704075,0.3299673483779393,0.0014922609600996062,0.32978964886517104,0.002200217907910529,0.3299062321531958,0.0008157706322447777,0.3302796302372928,0.0007807085859960761,0.33062759566801203,0.0011229025576398877,0.3290529573828445,0.0014723448246871662,0.32967065961867414,0.0007429672646399044,0.32946156050257114,0.0016693032776135819,0.33103733946004676,0.0012924819412626631
0.97,0.32760040615637276,0.0015964441999946621,0.3291747571574044,0.0015436016099969196,0.3290715683059594,0.0016132594691109503,0.33144482524739094,0.0017113232428265512,0.3300045490572133,0.0014476141671544707,0.3295389303227061,0.002353931517945107,0.32965064018043044,0.0012446039730740488,0.32985381751330856,0.001041426640195936,0.3305637083717228,0.0012749018742866103,0.3290123836588614,0.0014234629181242298,0.329497056369929,0.001012800741441472,0.32970983711714597,0.0014508729128493436,0.33065781565671115,0.0017583586813248453
0.975,0.328133671100323,0.0016541053087283653,0.32900935365603523,0.0015551776458055666,0.32900935365603523,0.0015551776458055666,0.33086041960960777,0.00166867742171653,0.33017685810724895,0.0012147344075716382,0.329271861528739,0.0018473551823542655,0.32956708287581415,0.0013236475296509453,0.32952665915855994,0.0008973054396800295,0.33052705648617864,0.0011609951655070228,0.32894536776420397,0.0014872636550511964,0.3298394507322556,0.0011737696635417405,0.3296269062237862,0.001576333168225391,0.3304472458668244,0.001815408009749192
0.98,0.3286359194590121,0.0016426866760059222,0.32876094567532443,0.0019758626514551625,0.32876094567532443,0.0019758626514551625,0.33039406048400066,0.002036270286355696,0.33018386972193814,0.0010252832149972857,0.3294818562512495,0.0015787974912293279,0.32944416072295635,0.0009777176440978474,0.32944416072295635,0.0009777176440978474,0.3305225469628159,0.0011569690339419403,0.3287776672110266,0.0014947567667280004,0.33014355447827554,0.0012471423465378328,0.3297390194267643,0.001282741372682611,0.330310586763888,0.0016699843868917263
0.985,0.3288387330958081,0.0019044817099111433,0.32909271605123724,0.0015006550980098399,0.32893158926576527,0.0013395283125378632,0.330580832843248,0.0018361911253275687,0.3304410926279078,0.0010554483396753023,0.3296232164511221,0.0017740613010329143,0.32937082315459465,0.0009002944237084531,0.32937082315459465,0.0009002944237084531,0.3302974253136495,0.00119911565393363,0.32917923945460825,0.0010918781236948505,0.33016485747347024,0.0014779566205697647,0.33004910933789866,0.0013481684142563066,0.3301368151521925,0.0016310398046135155
0.99,0.3290752225150966,0.001377879519655234,0.3291120488535274,0.0010187079509099417,0.3291120488535274,0.0010187079509099417,0.32997168434990776,0.001605614869281513,0.3304934479070432,0.0011689227939856162,0.32974632234886436,0.0018172864661072097,0.3295487562815348,0.0014554153789173296,0.3295487562815348,0.0014554153789173296,0.3299293055979893,0.0016560522895870677,0.3295487562815348,0.0014554153789173296,0.33012705469372294,0.0015552095090499984,0.3301340392743698,0.0015482249284031468,0.3302044571951182,0.001469473796661458
0.995,0.32920722416297876,0.0013668201676565184,0.32945794271464324,0.0014766641897172583,0.32945794271464324,0.0014766641897172583,0.3302327499317763,0.0013366988555869874,0.3300359633999254,0.0015334853874379162,0.3297743265652776,0.0016004372781245613,0.3294210555265896,0.0014397770016636724,0.3298924556329622,0.001911177108036205,0.32999765049273044,0.0014951724802429456,0.3296723254960985,0.001188507032154812,0.32998702783680445,0.0018592995015820069,0.3301531456822726,0.0013396772907007803,0.3300640413809062,0.0017739946219190172
1.0,0.3300136885046959,0.0016433244943618586,0.3300136885046959,0.0016433244943618586,0.3300136885046959,0.0016433244943618586,0.3300136885046959,0.0016433244943618586,0.3300136885046959,0.0016433244943618586,0.3300136885046959,0.0016433244943618586,0.3300136885046959,0.0016433244943618586,0.3300136885046959,0.0016433244943618586,0.3300136885046959,0.0016433244943618586,0.3300136885046959,0.0016433244943618586,0.3300136885046959,0.0016433244943618586,0.3300136885046959,0.0016433244943618586,0.3300136885046959,0.0016433244943618586
0.0,0.5948918908834457,0.034651562571525574,0.4546826034784317,0.09164287149906158,0.37356072664260864,0.010520994663238525,0.3596368134021759,0.024444907903671265,0.4878191500902176,0.12477941811084747,0.3872605562210083,0.011518895626068115,0.390561044216156,0.006479322910308838,0.390561044216156,0.006479322910308838,0.32330286502838135,0.06077885627746582,0.36949795484542847,0.04934459924697876,0.37356072664260864,0.010520994663238525,0.37356072664260864,0.010520994663238525,0.4028335511684418,0.018751829862594604
0.005,0.5948918908834457,0.034651562571525574,0.4546826034784317,0.09164287149906158,0.37356072664260864,0.010520994663238525,0.3596368134021759,0.024444907903671265,0.4878191500902176,0.12477941811084747,0.3872605562210083,0.011518895626068115,0.390561044216156,0.006479322910308838,0.390561044216156,0.006479322910308838,0.32330286502838135,0.06077885627746582,0.36949795484542847,0.04934459924697876,0.37356072664260864,0.010520994663238525,0.37356072664260864,0.010520994663238525,0.4028335511684418,0.018751829862594604
0.01,0.48637575656175613,0.037349410355091095,0.44176625460386276,0.023437343537807465,0.36607879400253296,0.013961255550384521,0.3016866594552994,0.0028287023305892944,0.491003081202507,0.05308946967124939,0.4500076025724411,0.00334303081035614,0.3716253191232681,0.06710995733737946,0.3716253191232681,0.06710995733737946,0.31714877486228943,0.012633413076400757,0.3943144381046295,0.051915884017944336,0.3867938667535782,0.03767804801464081,0.3895217478275299,0.024674564599990845,0.3964986950159073,0.015582308173179626
0.015,0.466107115149498,0.02887807786464691,0.41404312352339423,0.002810393770535796,0.32876296838124597,0.019034941991170257,0.3223095734914144,0.006617685159047454,0.4576892654101054,0.05314273635546368,0.4284847577412923,0.005237758159637451,0.3982528547445933,0.06932559609413147,0.3982528547445933,0.06932559609413147,0.35446272293726605,0.0255354642868042,0.4026050567626953,0.03580882151921588,0.3882164557774862,0.04286845525105795,0.3934602439403534,0.03762466708819073,0.45910052955150604,0.02541607121626538
0.02,0.4502440430223942,0.0008527375757694244,0.39805394038558006,0.02917655184864998,0.3696870282292366,0.02247760444879532,0.35697997733950615,0.02854740247130394,0.4765016473829746,0.059412579983472824,0.44973159208893776,0.006077561527490616,0.43767497316002846,0.05214759334921837,0.43767497316002846,0.05214759334921837,0.37893297895789146,0.006594400852918625,0.4161198139190674,0.026627525687217712,0.4126894399523735,0.005062006413936615,0.40519773960113525,0.012553706765174866,0.4568772055208683,0.020536135882139206
0.025,0.4413855165243149,0.007244828343391435,0.4271450102329254,0.01969234347343443,0.38104710578918455,0.027729356288909907,0.38164861798286437,0.03461740612983705,0.4455804735422134,0.028140708804130554,0.4487743705511093,0.02649554908275603,0.44036601185798646,0.024099987745285045,0.430314439535141,0.014048415422439564,0.39922698140144347,0.017039042711257946,0.4439472109079361,0.023088285326957725,0.4462018579244613,0.013907989859581,0.40640017986297605,0.0010642409324645996,0.4554879993200302,0.007505205273628246
0.03,0.4448217923442523,0.0006129369139671326,0.41786811252435047,0.0017152875661849976,0.38663750886917114,0.034989227851231874,0.3887034902969996,0.01923758288224539,0.45754086722930276,0.05380907903114954,0.4599837983647982,0.030175877114137023,0.43372182051340735,0.03347457448641458,0.4272744754950205,0.023169298966725677,0.38923022150993347,0.014874955018361391,0.445784534017245,0.028633534908294678,0.42900872975587845,0.007654733955860138,0.43074801067511237,0.011929904421170562,0.44318638990322745,0.008814675112565368
0.035,0.42759673297405243,0.01471071371010374,0.4276167239461627,0.016949866499219618,0.40355053118297035,0.04276749065944127,0.4037385625498635,0.014604649373463202,0.44749990318502697,0.038911191480500346,0.4344690676246371,0.033926706228937425,0.41651974405561176,0.024407684803009033,0.4225139575345176,0.023807189294270087,0.3995452778679984,0.0008385096277509219,0.43546684724943974,0.02304003068378993,0.4356255722897393,0.009307352559907084,0.4284798375197819,0.0011570666517530248,0.4514701898608889,0.00782635169369833
0.04,0.4179291296750307,0.016084929928183556,0.43247370421886444,0.017256826162338257,0.41087543219327927,0.032008156180381775,0.42241575196385384,0.0032501034438610077,0.4511841181665659,0.019360778853297234,0.4335801173001528,0.03327913023531437,0.41771692782640457,0.028829336166381836,0.41517624631524086,0.010768961161375046,0.39848482236266136,0.0059224627912044525,0.4443244356662035,0.013231748715043068,0.4366855826228857,0.012079043313860893,0.4418781604617834,0.0015986282378435135,0.4537916537374258,0.00814659334719181
0.045,0.4212646732727686,0.030577349993917674,0.4314416448275248,0.02421542670991686,0.4217696802483665,0.027801220615704864,0.41736176278856063,0.002620524830288379,0.4609438594844606,0.02215083936850229,0.44475657906797195,0.01607661611504027,0.4155316650867462,0.028241167465845762,0.4215750926070743,0.011029326253467142,0.4001147449016571,0.010431021451950073,0.4385594642824597,0.005691851178805052,0.4444510307576921,0.0055234829584757394,0.42869916392697227,0.01234524614281124,0.4665051201979319,0.0024694104989369803
0.05,0.4122033789753914,0.020706842839717854,0.4265483826398849,0.028101631999015803,0.4256526455283165,0.034616656601428986,0.42768136560916903,0.0122557133436203,0.4587502285838127,0.018641479313373566,0.43925606161355973,0.00901300460100174,0.41008737981319426,0.01556057035923003,0.415611258149147,0.008668693900108354,0.4136727750301361,0.00351085066795348,0.44888284504413606,0.0023972272872924694,0.43243056535720825,0.004958602786064137,0.437564480304718,0.0017298638820648082,0.4753918439149857,0.0023407250642776545
0.055,0.41558457098223944,0.01985336298292334,0.43737769668752496,0.02653639966791327,0.4358264939351515,0.023108008232983673,0.43254889141429553,0.007785807956348756,0.45229260352524847,0.02243483202023941,0.4479624317450957,0.013597240502184083,0.41423834182999353,0.015185705640099273,0.4330100498416207,0.006741336800835357,0.42169804735617206,0.008393501693552186,0.45123225992376154,0.014720063317905763,0.4360638911073858,0.014151532541621825,0.44570040702819824,0.007700427012010069,0.4671813114122911,0.000453263521194458
0.06,0.41865172485510505,0.02594132473071417,0.43661071360111237,0.0235474208990733,0.4365833463768164,0.012257644285758346,0.4291772569219271,0.01253209759791693,0.4610200375318527,0.026608732839425386,0.45545511196057004,0.014656931161880493,0.42243735740582145,0.005011590818564088,0.436263769865036,0.005773752927780151,0.4339593599239985,0.003469342986742646,0.4553748890757561,0.01135005553563434,0.4370681320627531,0.010861088832219451,0.44874780252575874,0.009178607414166151,0.4706290327012539,0.004056479781866074
0.065,0.4207887787085313,0.025715266282741844,0.439000645509133,0.02169801867925203,0.43069633726890266,0.003812577862005978,0.4380319141424619,0.01539403887895438,0.47148957160802984,0.02965147449420047,0.4566584126307414,0.009871454193041862,0.43114948731202346,0.009146905862368049,0.4322578838238349,0.0017623190696422764,0.4397258449059266,0.002752142456861645,0.45787100608532244,0.0034935864118429416,0.4390031764140496,0.011426118703988878,0.45659914498145765,0.005958879223236679,0.47077381954743314,0.0035078835028868605
0.07,0.4212442806788853,0.022211715579032898,0.43455074088914053,0.017370330435889092,0.43456074063267025,0.006918303668498993,0.44323260656424934,0.018989122339657355,0.4827467639531408,0.025969695832048167,0.4575905171888215,0.010222942701407861,0.4327025924410139,0.010088614055088596,0.4342573487332889,0.0022583848663738915,0.43973213540656225,0.005486593714782162,0.4606757185288838,0.006911890847342367,0.4369483504976545,0.009667449763842983,0.46323418617248535,0.00018487870693206787,0.46895482816866463,0.004819968981402273
0.075,0.4165636618932088,0.021698043743769324,0.4382960826158524,0.01212736070156098,0.43937370777130125,0.003819068272908538,0.4404395818710327,0.02195817232131958,0.48399533629417424,0.02773676315943399,0.4673510243495305,0.011234057943026232,0.4368197957674662,0.011924711863199877,0.437172852953275,0.002292234698931389,0.4385431855916977,0.001196943720181809,0.45830914974212644,0.004392447074254374,0.4364259938398997,0.006466925144195557,0.46433423161506654,0.0032424290974935044,0.46507923702398934,0.003319359819094342
0.08,0.42019835859537125,0.020957959815859795,0.44159119110554457,0.009141524322330952,0.4370685275644064,0.008451586589217186,0.44763723760843277,0.017018739134073257,0.48001449555158615,0.028788229450583458,0.4649204080924392,0.008914145641028881,0.4418318569660187,0.012334633618593216,0.43677358236163855,0.006383019499480724,0.43903632555156946,0.002559795044362545,0.4613903574645519,0.0058165621012449265,0.44168413430452347,0.008789734914898872,0.4660818260163069,0.004000488668680191,0.46301608718931675,0.0020574182271957397
0.085,0.4177856129758498,0.02221947382478151,0.4364479192916084,0.003213695743504691,0.4333847375477061,0.011190467021044564,0.44525279542979074,0.016978174448013306,0.47844316678888654,0.026930000852136038,0.46123304524842434,0.006844202385229231,0.44025691817788515,0.007744470063377834,0.43902212469016805,0.0026491994366926175,0.44332225094823274,0.003195556647637293,0.46342431184123545,0.01409840145531821,0.44014644272187176,0.007509941563886763,0.46268179662087383,0.002874016761779785,0.46372095276327696,0.0014219547019285461
0.09,0.4195639474524392,0.021306080950631023,0.44303341375456917,0.0011068781216939383,0.43649816430277294,0.013091507057348906,0.44262830085224575,0.012538135051727295,0.4798041193021668,0.02496774411863753,0.4659110051062372,0.002241728206475585,0.43948126418723,0.00239851160181892,0.44484037657578784,0.0029606007867389317,0.43493617988295025,0.002514729069338917,0.46128452403677833,0.007739786472585469,0.4457837525341246,0.005788243479198901,0.4662209244238006,0.004220433533191681,0.46297168069415623,0.00013983746369677919
0.095,0.4213098805201681,0.024301704607511798,0.44701975113467163,0.0003477319290763614,0.4383085958267513,0.01254572915403468,0.44061790641985443,0.008660871731607539,0.47869889124443654,0.02108195031944074,0.4674848059290334,0.00274763217097837,0.44572417673311737,0.002592880474893672,0.44606427613057587,0.0022119424845042923,0.435709472549589,0.008411816076228512,0.46778415692479985,0.006822524886382242,0.445020223918714,0.0041386594897822315,0.46362858932269246,0.007023834084209646,0.463813874282335,0.0019287874824122364
0.1,0.4237001180648804,0.0250142440199852,0.4492889232933521,0.0014490820467472076,0.4387135230004787,0.013566004484891897,0.4415399894118309,0.010238678753376002,0.4793656043708324,0.019272413104772568,0.47219518199563026,0.003449533134698868,0.44586959928274156,0.003999523818492889,0.4460827335715294,0.0009512171149254067,0.4358780778944492,0.006165977567434311,0.4773349978029728,0.004874206334352482,0.4453112319111824,0.00654317736625673,0.4643663205206394,0.00288231298327446,0.46790320202708247,6.228610873224016e-05
0.105,0.42966783614385695,0.022337968860353746,0.45120023261933095,0.0007822641304560951,0.44072687980674563,0.006651705929211216,0.442974981097948,0.007793376133555463,0.4817115089723042,0.019571831538563678,0.46974000263781773,0.0018631823006130532,0.4469070065589178,0.0017085274060567313,0.4450063762210664,0.005110079333895734,0.4357548448301497,0.003960055254754569,0.480292246455238,0.0038269729841323152,0.4501931035802478,0.003215865719886052,0.45817724083151135,0.0034576363506771124,0.4733498014864468,0.008678886507238665
0.11,0.42795717309821735,0.02194486152042041,0.44819946316155523,0.0016803226687691353,0.43941269747235556,0.006072446026585326,0.4451504918661985,0.010994197292761382,0.47799744321541354,0.020197995007038116,0.47161226448687643,0.0006837296214970701,0.45036584274335345,0.0008039244196631767,0.4466644403609362,0.001118515025485628,0.436775993894447,0.0050372339107773445,0.47635823488235474,0.00027518109841778715,0.4472495148127729,0.006887955421751191,0.4575577574697408,0.0038095218214121707,0.47047916224057024,0.010354936461557052
0.115,0.4292279546675475,0.020883412464805268,0.44868027645608655,0.004921963681345398,0.4377623919559562,0.005932092018749391,0.4445082804431086,0.009142267963160644,0.4756918128417886,0.01947382934715436,0.4754169065019359,0.0037159336649853214,0.45092602916385816,0.0009623014408609021,0.45042220405910327,0.002375258051830781,0.43898993341819104,0.010168347669684358,0.47244608531827514,0.0016097335711769412,0.44742000167784485,0.005302160330440675,0.45129802369553107,0.0014238960069158648,0.4715547156722649,0.014927876708300203
0.12,0.4322427877535423,0.019149287914236396,0.44624149799346924,0.007450137287378311,0.44241005989412463,0.005109497035543115,0.4465701741476854,0.007905292014280946,0.4736840482801199,0.016112872088948904,0.4749831097821395,0.0018529146909713745,0.45396436378359795,0.0007140673696994781,0.45249024902780854,0.005464269469181687,0.43893833458423615,0.010903379569451033,0.4674339021245638,0.006842856605847686,0.44848755126198137,0.006465898205836623,0.45226537249982357,0.003175964578986168,0.466686793603003,0.019713197834789753
0.125,0.4345637458562851,0.014654261469841001,0.44562944650650027,0.006086522340774531,0.4419910269975662,0.0068616825342178445,0.45013492822647094,0.010786732435226432,0.4763133198022842,0.014905166029930111,0.4732442510128021,0.0023229885101318237,0.45482629477977754,0.0023838227987289518,0.45355112075805665,0.005023159980773906,0.43973058938980103,0.008346370458602925,0.4671036183834076,0.007436004877090452,0.45323024213314056,0.008700581192970291,0.456380450129509,0.0024120575189590376,0.46707531899213794,0.01910260766744612
0.13,0.43465026582662875,0.014409987399211288,0.448835368339832,0.0039437699776429525,0.4449895115999075,0.005237151797001183,0.4545859396457672,0.013401255011558533,0.474659362091468,0.011690864769312054,0.476880040879433,0.003984628388514877,0.45728984761696595,0.0025442810012744066,0.46060710343030786,0.0051229951473382995,0.44196829199790955,0.009296461939811707,0.4719337075948715,0.0030420113068360677,0.4510607816852056,0.007555073843552501,0.4587819077647649,0.00057429476426199,0.4694160380615638,0.01631087609208548
0.135,0.43927499817477333,0.010032939138235858,0.4491153182806792,0.005388004912270455,0.4447980578298922,0.004412099167152683,0.4573282974737662,0.013851586315366982,0.4763445754845937,0.01306851925673308,0.47626168142866204,0.003856705846609909,0.46254643577116505,0.0013326384403087588,0.4654325677288903,0.006364692140508582,0.442710495657391,0.009143897780665655,0.46906103248949405,0.003349765583320896,0.4528781412928193,0.004264628997555475,0.45827836736484806,0.0007523038872966069,0.46718321878601005,0.014809748364819408
0.14,0.4365737624466419,0.01275832897850443,0.4467766753264836,0.003971520279135027,0.44412683482681004,0.004165012921605787,0.4573313631117344,0.011431286909750538,0.47160677718264715,0.012294041258948174,0.4776166688118662,0.002299333257334557,0.46445763590080397,0.005338023283651905,0.46449146100452965,0.007441130067620955,0.44570453518203323,0.005138763891799097,0.46838124628577915,0.002214358321257992,0.45198142794626095,0.005147703524146757,0.4568449434425149,0.0002818772835390948,0.4671641218342951,0.01116288054202283
0.145,0.4338116147394838,0.011584608205433555,0.4498489612135394,0.0018075252401417718,0.4494387761786066,0.009801081285394475,0.46022857365937064,0.008644036177931164,0.4690588527712329,0.0077176803144915485,0.47580380275331696,0.0015047500873434094,0.4629632548011583,0.007032089706124928,0.4610831069535223,0.007149868998034242,0.4483091199192507,0.0035174576372935806,0.46632579174535027,0.0021881861933346625,0.4502056924433544,0.004716634236533068,0.45814253595368615,0.0015692469374886941,0.46545963785771666,0.012268310220077128
0.15,0.43201344758272175,0.010758055746555334,0.45117537776629135,0.005846835176150006,0.45222662364443145,0.003927059719959908,0.4595485011736552,0.00991238852341969,0.46920451223850246,0.009487219651540119,0.47574486037095387,0.002124771475791931,0.4656011134386062,0.004509338736534113,0.46091669946908953,0.0017562543352444837,0.44642295787731806,0.0025274549921353584,0.4666609386603038,0.0024217526117960853,0.44869483858346937,0.005900623897711427,0.4589881896972656,0.0001228084166844945,0.46352857574820516,0.013460908581813175
0.155,0.43466945761634457,0.011661448305652994,0.45180576943582107,0.005211195638102878,0.4532376736883194,0.002890787538020856,0.45883413476328694,0.011991453747595499,0.46918000232788826,0.009149203377385284,0.47896718353994433,0.0022037418619278992,0.4654992078581164,0.0012090927170168853,0.46156744226332636,0.004536953664595084,0.44722830864690966,0.00015460002806877426,0.4702562891667889,0.003456905003516919,0.45060859860912444,0.004184270097363385,0.4596261747421757,0.0020147321685667907,0.4643917114984605,0.010554061060951608
0.16,0.43605398619547486,0.01146970922127366,0.4538770909421146,0.006212085951119661,0.45241271727718413,0.00671941158361733,0.4601133423857391,0.013309916947036982,0.46721899043768644,0.010140977799892426,0.47779082180932164,0.003247398417443037,0.4639808386564255,0.0015337690711021423,0.46389484172686934,0.004954762291163206,0.4484669268131256,0.0005376590415835381,0.4714164682663977,0.0019468828104436398,0.4494934268295765,0.0029417257755994797,0.4663128654938191,0.0009289735462516546,0.4661333460826427,0.008244148688390851
0.165,0.43331222958637006,0.009235403302944062,0.45257235973170307,0.006559876329971098,0.45443888843962643,0.0059114222725232535,0.45994695795304846,0.012457697228951903,0.4663998439456477,0.01033802104718759,0.47570624179912335,0.0027313769766778573,0.45956663471279724,0.0009757822210138545,0.4630218884258559,0.0057068823864965534,0.449017883701758,0.0031668981819441833,0.4701966747190013,0.0002693339730754085,0.45141019468957727,0.0027692485036271974,0.4640035690231757,0.001110952686179778,0.46728435090997,0.0062064440412954724
0.17,0.43484563248998975,0.009576277697787544,0.45446860220502405,0.00911832425524206,0.4553509190240327,0.006350060815320302,0.4628282575046315,0.010822670424685737,0.4685755626243704,0.011241083636003374,0.47459184378385544,0.002930362873217629,0.46200453752980514,0.0012851922827608608,0.46394404549809065,0.003601824097773626,0.448252273394781,0.003378529320744922,0.47320102681131926,0.0014453512780806532,0.45385002257192836,0.0021046982968555006,0.4629063665428582,0.00044927680317094487,0.4655679251779528,0.0017179642968317976
0.175,0.43547885843685696,0.00907384412629264,0.45321796153272903,0.008512520364352627,0.45638151956456047,0.002763779887131279,0.4621497809886932,0.011556449958256304,0.4686130161796297,0.013506780777658739,0.4724772551230022,0.002211278251239235,0.46437700688838957,0.0032653114625385837,0.46706835755280085,0.004708496587617073,0.45101200895650045,0.0035490508590425573,0.47527279002325873,0.0008113188402993354,0.4527323241744723,0.0023041950804846556,0.4662912494369916,0.0012756456221852952,0.4696087835090501,0.0013108157685824684
0.18,0.44023080315026974,0.013244994605580956,0.4554812080330319,0.009065555201636433,0.4568778261956241,0.0025697832720147085,0.4630336637298266,0.009122585256894439,0.469070289697912,0.01395667758252886,0.47395915331112015,0.004950729923115849,0.4645223265720738,0.0018265839252206983,0.4662475383116139,0.004461889051728785,0.4543623924255371,0.004548663066493153,0.47622069757845664,0.0014953973392645425,0.45679144230153823,0.003012316094504447,0.4690489870392614,0.0025486840556065427,0.47103135474026203,0.0005446575168106538
0.185,0.44005830767186915,0.011722808552754899,0.4597980257224392,0.004750792440530421,0.4562064113246428,0.0007031988855954741,0.46237306739832906,0.008402732578483785,0.4692893116860776,0.012569611136977743,0.4748438447713852,0.003469300028440092,0.4649562678627066,0.0007890837418066676,0.4683166927582509,0.006188720464706421,0.45629571418504455,0.005795226709262746,0.47528496747081345,0.0009670100502065515,0.454924547994459,0.00456247941867724,0.4700055382138974,0.005090691954702964,0.4702697704369957,0.00049846418000557
0.19,0.4422005518878761,0.010610590051663538,0.4589306847437432,0.001325593771118877,0.458328593914446,0.003119915919868571,0.46445489047389277,0.008458522197447332,0.46737876377607646,0.013484325063856023,0.4776169543987826,0.0045749109826589696,0.4638414394698645,0.0002658065212400307,0.4693664594700462,0.005790826521421738,0.45696869100395,0.00358031297984876,0.478365830684963,0.0019160367940601608,0.45377082652167267,0.0024420517055611934,0.4696051017626336,0.005240192734881438,0.4730653415777181,0.0009104948686926018
0.195,0.4432108870301491,0.009469468051042318,0.4586623328236433,0.0008325574871821395,0.4576096506072925,0.00208714852730435,0.4655687163273493,0.006798200500317125,0.46744882410917526,0.011210670455908178,0.47732341518768895,0.003429294396669419,0.4621902631643491,0.0011283224209761022,0.4686986055129614,0.0050720740587283375,0.4577433440165642,0.005587676778817774,0.4778281969901843,0.003037966214693516,0.4549702719236032,0.001954053456966698,0.46830547868441313,0.004384105213177503,0.472586279305128,0.0002523246101844012
0.2,0.4456772835925221,0.01142075750976801,0.45899090189486746,0.0009783325716853086,0.45761493165045974,0.0022179858759045767,0.46864838115870955,0.006485484912991529,0.46873137168586254,0.01133130453526976,0.4780985981225967,0.0023396596312522944,0.4641707669943571,0.002415482327342011,0.4683712039142847,0.0036426421254873165,0.4572686325758696,0.0051918659359216635,0.47456454336643217,0.004108260571956651,0.4555291198194027,0.0024540118873119243,0.4653630981221795,0.0025920869782566913,0.4757639555260539,0.0033620217815041598
0.205,0.4486878690559689,0.009029995559192289,0.45848810545554974,0.0015432992722929917,0.45656097898396053,0.0012046398549545312,0.4685430334108632,0.008736753245679352,0.46893624488900343,0.013161238373779666,0.47857847918824453,0.0048348369394860535,0.46703324775870253,0.0030792126568352507,0.4664046390027534,0.004095270502858045,0.45981498389709285,0.0063813641303923085,0.47529048854258005,0.003157027247475436,0.4559738661457853,0.0009469575271373876,0.46562981296603273,0.003418843012030548,0.47603281223919336,0.0020919931007594428
0.21,0.44951501825735685,0.009447581533874788,0.45748826311457724,0.002719722865592855,0.45741980327736764,0.003988287810768404,0.4675792764340128,0.008654550782271786,0.4702322632074356,0.013841438151541208,0.4778222977405503,0.0063262195104644425,0.46698987022751853,0.0029975818026633516,0.46771626068013056,0.004776265294778925,0.45868509936900365,0.0068829861425218075,0.4736468944521177,0.002994171565487286,0.45796130526633494,0.0014195066122781597,0.4662335711930479,0.005420544849974784,0.4751233776055631,0.0024944219206060603
0.215,0.45320512094469956,0.008919795411963805,0.45804281376822054,0.0033642086525295933,0.4593700387103613,0.004336476499258085,0.4682691679444424,0.007579072963359745,0.470323022714881,0.011425283759139315,0.47910273698873296,0.007243848817293036,0.46686618099378985,0.004713007530500746,0.4701638963333396,0.00515496938727622,0.4591432750918144,0.006074395637179514,0.4742103004178336,0.00170856644940931,0.4576700853053913,0.0004715798206107735,0.46789053238408507,0.00476090384777203,0.47363680098638977,0.003498248062854592
0.22,0.4556119565597989,0.009640734473412682,0.4609123906967315,0.002263122153553093,0.46117445470934565,0.002592543817379278,0.46804262968626886,0.007618226788260712,0.4680680964480747,0.009991192682222871,0.47794097187844187,0.008498384871266113,0.468322603539987,0.005134098909117951,0.4688979847864671,0.0057094801555980235,0.4610526754774831,0.008242446929216385,0.47519252212210134,0.0008783418346535177,0.4593905213881623,0.0009286298670551918,0.46935779855332593,0.006490205329927529,0.47466365434229374,0.0023876111954450607
0.225,0.4568491053250101,0.009347031348281437,0.4615432591901885,0.004402361479070471,0.46159299463033676,0.001236634618706156,0.4652677118778229,0.006521399153603447,0.4701755083269543,0.011027578843964492,0.4783102267318302,0.008774850765864067,0.47034767170747116,0.006201732489797801,0.46814364029301536,0.0033629778358671425,0.4625404487053553,0.009526451759868215,0.47807818866438334,0.0027131016055742807,0.46003685262468125,0.0020356641875373116,0.47079396264420614,0.00459901442130406,0.47594479504558773,0.004186005228095591
0.23,0.45738281487770704,0.010943582362454879,0.4626247774323692,0.0021445632952711013,0.46113741576023726,0.0018358300237552028,0.4673244629217231,0.010382599156835814,0.46786236082730087,0.012988864403703948,0.476656762154206,0.006392385648644472,0.4703920490067938,0.004709377884864807,0.46932209574657935,0.0036394246246503614,0.4624060881526574,0.009563778081665864,0.4778455549284168,0.004672888342453108,0.4609866893809774,0.0009178532206493839,0.4698964190547881,0.005694540460472519,0.4757412560284138,0.004117207844620163
0.235,0.4563681228046722,0.009974173884442522,0.4620935848735749,0.0024409203770312804,0.4603560482884975,0.0024634629805037334,0.47058020690654184,0.010632874483757826,0.4693752302134291,0.013752146921259284,0.47639491837075415,0.006610412546928901,0.4738418001760828,0.0017739916418461066,0.47250391939219005,0.00043611085795339233,0.46425104046121557,0.011346913081534349,0.47704597499142304,0.003186409302214366,0.46432579609941926,0.0007850023660253835,0.47184922863194284,0.0055427812832467005,0.47588743982796977,0.003294986771776337
0.24,0.4560226656806966,0.008359419958045095,0.4606119178545972,0.00243392198656997,0.45993586303666234,0.0020654032317300453,0.4699888906131188,0.009739385917782784,0.4704832018663486,0.01463455210129419,0.476897731423378,0.006180842717488588,0.4744495456106961,0.0010899064751963006,0.4715396095998585,0.0007101975691815032,0.465223528444767,0.010981172944108664,0.4771706252358854,0.004213089278588711,0.46425696803877753,0.0001921365037560463,0.4727719911995033,0.004407373101760953,0.47558465336139005,0.005274548660963774
0.245,0.456401208985825,0.008550875193002294,0.46062058347220325,0.0031494089231199063,0.4591359950754107,0.00495071724361304,0.47116054564106225,0.009942505432634946,0.4704376647667009,0.014591074719720959,0.4790888857476565,0.007134462801777569,0.47483706763204264,0.0028963729130978555,0.4726136361761969,0.0031104600247071623,0.46445354788887255,0.00856643215734132,0.4749003875316406,0.004119202950779277,0.46520547872903395,0.000911263482911262,0.4756211195977367,0.0025395801176830157,0.4740050238918285,0.006398954713831145
0.25,0.45595284834504124,0.007984879761934266,0.46110290065407755,0.005279676169157033,0.46085954770445825,0.0045646224915981415,0.47220299482345585,0.00784819781780241,0.46928852260112763,0.014274178743362426,0.4786588916182518,0.009596597254276279,0.4739147655665874,0.003296007663011552,0.4715850900113583,0.0036565257608890678,0.46585179537534716,0.00996035069227219,0.4756561203300953,0.001899955421686167,0.4637197986245155,0.0012591186165809842,0.47768736258149147,0.002874100953340508,0.47434164777398113,0.007835204452276229
0.255,0.45444282787103274,0.008981028169977895,0.46213709621452814,0.004266477536921415,0.4626280561673875,0.0036252037275071314,0.47367631833927304,0.00930609510225408,0.4685400245236415,0.014553871224908282,0.4786349689843608,0.009144051110043239,0.4733361325719777,0.0031412788758090893,0.4735805192122272,0.004354952743240409,0.46525119770975676,0.010086201861792904,0.4745999120321928,0.0007816256553518919,0.46674344469519224,0.00019731650165483172,0.47594690688100516,0.0016103709737460004,0.4727100363256884,0.008778387863262044
0.26,0.4555632888984221,0.009919685669816464,0.4604299648736532,0.0023369352118327025,0.46220154730746377,0.0028797779232263565,0.4733566916905917,0.008180644649725705,0.4700782124239665,0.01569849281356886,0.4791427836395227,0.008927807498436718,0.4743788487349565,0.00529111191057241,0.47303428200001896,0.005066296372276097,0.46614067113170254,0.010410088472641438,0.47497097302514774,0.001479373671687545,0.46872229730853665,0.0005286522209644318,0.47577811390734637,0.0006500346442827876,0.4746382186332574,0.008069787317743687
0.265,0.45447939507803825,0.010473991761792395,0.4600637500297348,0.002354923706009704,0.463135117770366,0.0007905477903923652,0.47375876779826187,0.008852055050292101,0.4720196709880289,0.014872694071733722,0.48064957109262363,0.01072701558751879,0.4743077517399248,0.005134536550854746,0.47287875905914123,0.00502375794469187,0.4663686929446346,0.01009528788755526,0.47602104620551167,0.0029632458990474786,0.4694578706655862,0.0014990542857152012,0.4773539536685314,0.0001886870782330241,0.47328606233844217,0.00988632454624716
0.27,0.454670361208695,0.010227959327123781,0.4604163472023275,0.0017816149802119818,0.46278217117543574,7.401048033317537e-06,0.47534497606533543,0.009646403844709744,0.4736568373110559,0.016361813026445876,0.48136296813134793,0.010515251645335455,0.47355544608500266,0.005410727113485336,0.4736777128720725,0.006171885050005377,0.46487450627265153,0.010988608830504953,0.47559056858773585,0.0017601733130437336,0.47042033986912835,0.0033232467593970194,0.47570771599809325,0.001450077389125476,0.47246080126475404,0.010126913173331142
0.275,0.45489100935784255,0.009216900982639997,0.46030504473231054,0.0002986589615995294,0.4621078297495842,0.0006622757424007975,0.47490017847581345,0.010449937256899744,0.4721406776796688,0.016383786364035147,0.4810158128088171,0.009894816441969462,0.47292074330828404,0.006182790479876771,0.47395939027721234,0.006342430412769301,0.46586557735096323,0.010191317579963,0.4742418057539246,0.0014282016591592173,0.4708602385087447,0.003629427064548857,0.4770806473764506,0.0013740375638008062,0.47326154288920486,0.010103414139964378
0.28,0.454350306120302,0.009776061799909391,0.4615728052865182,0.0017194198444485664,0.4625700833275914,0.001967587774353352,0.4766992870718241,0.01023409063262598,0.47100033211920944,0.016361746138760014,0.48047793337277,0.009520172540630617,0.47149833065590685,0.004845344727592821,0.47208677511662245,0.005433789188308391,0.4650689187858786,0.010006239371640357,0.4715727441278952,0.0022505161219409653,0.4714193671409573,0.003855568223765926,0.4775028363136309,4.232448658772481e-05,0.4731271199083754,0.009910202851252908
0.285,0.4563896165866601,0.007343099959063931,0.4627143274012365,0.00161346440252505,0.46479430311081704,0.0029028043673749726,0.47858087274066186,0.00936958036924665,0.47190179793458237,0.01509653214822737,0.4806872896457973,0.010312467552067939,0.4744995188033372,0.005759070447662412,0.4729206464008281,0.0064589808646001445,0.46511223467818474,0.008350583806372519,0.47088830212229177,0.0023711858349934056,0.47195255311957574,0.0028275065777594592,0.47581109679058975,0.0013556351002893818,0.4741285504740581,0.009019578888750907
0.29,0.4578414280609838,0.00599983578612065,0.4632153607391078,0.0023900919176381152,0.46546512546724284,0.004900887993903008,0.4769583036159647,0.00886617189851302,0.47613590210676193,0.015293747443577366,0.4817447454251092,0.00958296990600127,0.4733837471696837,0.004371579479554605,0.47311865371362916,0.004602217854096979,0.4638165345993535,0.007078846723868937,0.47057171512780516,0.003256972365338201,0.47054266081801777,0.0025086693208793143,0.4760824987857506,0.0012119706591655344,0.4740909845407667,0.008072949303635252
0.295,0.45719238143351115,0.006828718645087745,0.4626579980476428,0.0027987276345996515,0.46487572347208606,0.004466161763263976,0.4777270234742407,0.0070845760026220506,0.4765398330607657,0.015699832621267285,0.48187611542515835,0.007332762671729276,0.4734998664866059,0.004712519883099259,0.47215967675891973,0.005154605007777757,0.4640309669203677,0.008155886399543871,0.4716100810190379,0.0035419177453396566,0.4704126011011964,0.0023929989438946087,0.4778074186484692,0.0024309359112028306,0.4763165395391189,0.008058150819802684
0.3,0.45926073752343655,0.0072849319626887565,0.46431249616046744,0.002714411541819589,0.4646926453957955,0.004277992124358809,0.47647343774636586,0.008697903156280523,0.47440782785415647,0.016271366178989416,0.48273087367415424,0.007228398074706405,0.4731222009907166,0.0035061755528052463,0.4720099028199911,0.00414644765357175,0.4634089916944504,0.007705387473106395,0.47258085322876775,0.003113741303483658,0.4716653433938821,0.002984949201345455,0.47763290914396445,0.000923905397454905,0.4757227613280217,0.006191983943184237
0.305,0.4600580919717179,0.006304399278320244,0.4638359447727438,0.003495036212147279,0.465003744622723,0.005730764665564547,0.4770574462218363,0.007766095341229046,0.4739436292257465,0.016020611172816807,0.4824682987127148,0.0064003433360428075,0.47410378751696136,0.00427637224803204,0.47239413600964625,0.004257947817200514,0.4670660653319515,0.0062791738109510276,0.4716619796684531,0.0020098032765701324,0.47182347979701933,0.002503292970970017,0.4789987908767872,1.2388361282034133e-05,0.4749634528502089,0.005953995541470969
0.31,0.46101466866750873,0.005098449006195993,0.4634587455901408,0.004005389468323822,0.4653871284136849,0.005937472586670212,0.4776223054335963,0.00785466379696323,0.4751094101417449,0.015314516280927976,0.4833422827143823,0.007758471754289453,0.4746696080171293,0.0048966627688177,0.4736764381729787,0.006569866331354257,0.4671788469197289,0.007004953800670566,0.472939296235,0.0007450644287370911,0.4729303893062376,0.0012879407694262879,0.4796672894829704,0.0017008989328338164,0.4750263644081931,0.007037658725054047
0.315,0.4620994432341485,0.004158288122169562,0.4646756326158841,0.005202249520354807,0.4651470353442525,0.005231569328951469,0.4773052039127501,0.007513674242155904,0.4773021134592238,0.01562336110879503,0.4849525347115502,0.007024802622340981,0.47511758513393854,0.004200896928234693,0.4740707442637474,0.007313222757407589,0.4684639020808159,0.007454872486137215,0.47311928974730627,0.0005070407475744054,0.47231512670479125,0.0020493782228893642,0.4798939832382732,0.0014644886056582318,0.47634214860579327,0.007181378702322633
0.32,0.4620035981060937,0.0052852059016004205,0.465596342808567,0.0070119715528562665,0.4654805479804054,0.004127760301344097,0.4771058557089418,0.00818240805529058,0.47821372910402715,0.016786418156698346,0.4861244324129075,0.006910566007718444,0.47564538789447397,0.005152692669071257,0.4744186914758757,0.007991967140696943,0.4678920154692605,0.009420194546692073,0.4740499454783276,0.00018659362103790045,0.47305673849768937,0.001931629842147231,0.4802263892488554,0.0002681188052520156,0.47737538476940244,0.007634735316969454
0.325,0.46244416660987414,0.00416048409847114,0.4664634714906032,0.008450771180483013,0.46679401042369695,0.005239702531924628,0.47618584380700035,0.007531397388531619,0.478933582168359,0.016430444213060225,0.48567363642729244,0.006669819125762366,0.47376212099423776,0.005913503009539384,0.4751235043773284,0.008696417739758128,0.468882768543867,0.00869463349764163,0.4749119505286217,0.0014311172641240377,0.47325706825806546,4.572845422304295e-05,0.48154248790099075,0.00028190693029991887,0.47765270551809896,0.00651975331398158
0.33,0.4622997437236887,0.0017598012857364953,0.4660637926197413,0.007866028922073748,0.46661614954020036,0.004307650368322036,0.4767917342709772,0.007958867558927246,0.4779679662350452,0.01817982079404773,0.48589499362490396,0.006313369355418458,0.47348311961148726,0.0065973598622914575,0.47445483088041795,0.0068852947742649995,0.4684983267251289,0.008298581183859788,0.47575589732238743,0.0005757078302629226,0.47230856143163913,0.000883689658208342,0.4832549597503561,0.0025420178743926214,0.4779311839604017,0.007405019957910902
0.335,0.4630669841348235,0.00040949380664681567,0.468021642472317,0.008425277449301827,0.46613342537363966,0.004081524686137233,0.4776377388790472,0.008940418709569908,0.4778072727260305,0.018001720086852108,0.48756728465877364,0.006357324212344723,0.4748159850488848,0.006264669792865635,0.474133299913869,0.009085284129007526,0.46949194716428644,0.008890751471270386,0.4759367151714083,0.0016901885618024748,0.4715669784528106,0.0002296320093211901,0.4820266731861812,0.001546140370973892,0.47813448587905116,0.007398630144880791
0.34,0.4640864899710697,0.0009215321830090273,0.46835788153111935,0.00854305714807091,0.46600392362212434,0.004309694227926875,0.47773072474143086,0.010272565133431388,0.4794667091439752,0.017625960357048942,0.48810387884869294,0.005131647867314959,0.47430084086954594,0.007165689569185785,0.473299976766986,0.009437455302652192,0.47054960414328995,0.00937883588759339,0.47436918438795733,0.002167578677044202,0.4723350673037417,0.001679239904179286,0.48280304440242405,0.002115600797183398,0.4798366566572119,0.0070134630317197355
0.345,0.46405361085266306,0.0014635437856549693,0.47085559810849203,0.007489773566308255,0.4663711282006209,0.0053734177912490855,0.47808728960977087,0.011059969231702299,0.4803511616976365,0.016082194836243346,0.4888440234505612,0.006266350547472627,0.4756200774640277,0.007668631340282561,0.4735524381200472,0.009802365324635437,0.4732385127656702,0.00987203343622925,0.4744381167102551,0.0032205926119417416,0.47305681588857074,0.0023347862820694287,0.4815472073960995,0.0013190072731695257,0.48071082227903866,0.007205627858638763
0.35,0.4638475561780589,0.0017075624849114956,0.4707537784108094,0.007024669966527397,0.4686407679958003,0.005964768039328716,0.4791092646973474,0.011356125133378164,0.47955137704099926,0.015263957210949503,0.4886790422456605,0.007323330853666571,0.47509338461927003,0.007377839620624271,0.47390238206301416,0.008633992608104435,0.4730506936354297,0.009640160096543171,0.4745799946997847,0.002706448414496021,0.47473670350653785,0.0021935758846146625,0.48081462372626577,0.0005775640053408693,0.48100370583789687,0.007176739083869094
0.355,0.4639549737035389,0.0015573716709311458,0.4722572694152174,0.006911979699638526,0.46931122757599386,0.006827852360799275,0.4777471213273599,0.01087342517476686,0.47959153081329775,0.016128963987592226,0.4890497843144645,0.008574539926690106,0.4751824853076062,0.00871158244324402,0.4737326782983793,0.008541995056078472,0.47490319368285194,0.011468279844438517,0.47414283276023994,0.0030895558671212575,0.4753303026229563,0.003608426367732842,0.4801439792967178,0.0006381484194540599,0.48113718975177955,0.006761483218468395
0.36,0.46422144905146623,0.00031459114203849503,0.47142981603327727,0.006802732849286647,0.47002671048459077,0.006075001321732998,0.47837925205628073,0.011303490234745889,0.4802189587304989,0.015261927205655307,0.48892409085399574,0.009776136734419405,0.4742650405193368,0.0073448255037268095,0.47466913062251276,0.0090113544008798,0.47584442514926195,0.011744288831121386,0.4738958470730318,0.003202804571224571,0.47547221866746747,0.003571819720996766,0.48026999696675277,0.000203396400643735,0.4806134979137116,0.007398945900301157
0.365,0.46443206939386994,0.00039218090576667586,0.47093132046395786,0.00651831179857254,0.46985354948125474,0.005662515453279837,0.4779204469021052,0.011192459357927925,0.48135921420299843,0.015687360134843287,0.48757627381853863,0.00921684809743542,0.47430793522563697,0.00790091971420262,0.4763548495630695,0.010891859764105644,0.47513612625125334,0.010697694571867394,0.4735278957714773,0.002905159678361191,0.474662745039757,0.0034346962220048183,0.48078872824776664,0.0011142952597304467,0.47930968226227044,0.006393434148128735
0.37,0.46389514580368996,0.000337961054331537,0.4719648031970939,0.00691776853558182,0.4705986387624934,0.005977358467675525,0.47834281341449636,0.012439219532786178,0.4800125499432152,0.01439058841080279,0.48738962512564016,0.009393997490406036,0.4748058614094515,0.00854797047134992,0.4766049065904037,0.011718700564390894,0.47547852016381315,0.010633169094452999,0.47278549753733584,0.003065347570825272,0.47522604727261775,0.0033681793390093473,0.4795607269011639,0.0011668896957023611,0.47878307980057355,0.007177046525317254
0.375,0.46381591647863385,0.00041349003712334853,0.47316038697957996,0.007052623331546798,0.4716481809814771,0.0062604736288388585,0.4792281885941823,0.011604079802831013,0.48055171291033427,0.01283147533734641,0.4875790264209111,0.009970011909802762,0.47424508462349574,0.009078173538049072,0.47697603970766067,0.012371234595775604,0.4739636833469073,0.00992560396591824,0.4732606507341067,0.004165851573149387,0.47565355360507966,0.004339324831962588,0.4800040685137113,0.001171070039272304,0.47953358401854834,0.007721005777517942
0.38,0.4632305896007701,0.0005925022261707158,0.47168497751025773,0.007780899244703737,0.4724893243493218,0.0039510100491737254,0.47891589783524213,0.012497891132768835,0.48112184436697714,0.012338888488317795,0.48806797242478317,0.010421837238888981,0.4758313424689205,0.010922068337860857,0.4770694977946972,0.012168743990753822,0.4737029631475085,0.009830669450916735,0.472514313400576,0.004600420104045599,0.47709515357488075,0.0053095074468537395,0.4794053724525791,0.0006856123279584125,0.47976942625092833,0.007178597642402917
0.385,0.46455884086234234,0.0005260242463706322,0.4727584325841495,0.008626843330922063,0.47219927386417015,0.003029780825237166,0.47963123217031556,0.012978392181458437,0.4814637144664665,0.013518199905172557,0.4881238362618855,0.010021319830572445,0.47627854898765487,0.010004041547125059,0.4772183387116953,0.012088882942478368,0.4738017791857967,0.009271477820811336,0.47340131686492404,0.004835170294557295,0.4774820940061049,0.0037902775522950516,0.47871314966446393,0.0005055626297926219,0.47971214092784115,0.007218056394682315
0.39,0.4651611016537899,9.535052455389437e-05,0.47311763799725437,0.007651794510774107,0.47300477316364264,0.0032074865049276646,0.4789922159069624,0.013118978303212375,0.482086605941638,0.0131583196612505,0.4889256318028157,0.01031372887201798,0.47604812385562134,0.009857247941769093,0.4777077169945607,0.011830440220924526,0.47407486413915956,0.00808369511595139,0.47426795453215254,0.005729992133684664,0.47796038958506704,0.004001154540440949,0.4787698348936362,0.0007001936244658835,0.47976268283449686,0.007827795564364165
0.395,0.46628698527435714,0.00015741860187507006,0.47263546561515785,0.0070961190364028925,0.47284864087270784,0.0038608913368816666,0.47947605746456334,0.012891766579845282,0.4836027360037912,0.012846954449822645,0.48929145102259486,0.010722435727904128,0.47659505799978596,0.009076673867581764,0.47603852886565123,0.011346380073058437,0.47532749411803255,0.00782180388894263,0.4743098494938657,0.0049422957663294576,0.47807029512109633,0.002579629987101012,0.4782710149884224,0.0005094441997853805,0.47891330747287486,0.0067649922227557835
0.4,0.4662793532945215,0.0005348612554371412,0.4728084824047983,0.006888011936098337,0.47181108584627507,0.004952837247401476,0.47995089683681724,0.013514951057732122,0.48435031678527596,0.012980466894805448,0.4895838957279921,0.011923944950103764,0.47681186748668547,0.009852700773626571,0.4761308989487588,0.010872442740947008,0.47502143690362575,0.007887939643114822,0.47404345786198976,0.004768250975757837,0.4788845432922244,0.0029458748176693916,0.47947403723374005,9.452560916542452e-05,0.4783343314193189,0.007282440084964037
0.405,0.46617258671257233,0.0014475106641098356,0.47370684045700384,0.007092754689999564,0.4729723925759763,0.005049574246377142,0.4814766573685187,0.013569077039942312,0.4842915665588261,0.012874137288258397,0.48970524690769335,0.01178404394491217,0.4773922030020643,0.009369712460924079,0.4765053453084863,0.011368946620711584,0.47486542340046095,0.007823065015268915,0.47462808267201906,0.005470455520682871,0.47837753299577734,0.003026751640402253,0.47991703974979893,0.0005487732497262421,0.47817616100296567,0.007384363975789815
0.41,0.46651751230039246,0.001088318937435384,0.4743742669319234,0.007762178869509112,0.47335417614113995,0.004496249392992119,0.4821424780458939,0.013191141188144684,0.48404130775754045,0.01321654421527213,0.49002513053213675,0.010881755228449641,0.47802766258033313,0.009623347168288582,0.4765830904063655,0.011620290123107974,0.47557290925121887,0.008143001849331505,0.47643548350145176,0.005669481598022497,0.47937495715734435,0.0032906946612567545,0.4797444333572213,0.0004497351261173732,0.47738176284403333,0.007279691627112811
0.415,0.46787084091499626,0.001044210989073091,0.47488562628088227,0.007652751383293105,0.47326350759669955,0.004621925393500953,0.4827909340341407,0.012687101780650134,0.4853594694511,0.01345740994775152,0.49046247820538214,0.01176308203174406,0.47882649921868226,0.009921070233166934,0.4764914838484971,0.010161030813153948,0.47582443893314846,0.009035442697714613,0.47633466259183654,0.005562557244157218,0.4787165350224598,0.0037364877132048113,0.4797096332333174,0.00030168307473860123,0.47850840951663903,0.008741386055228229
0.42,0.4678424012270712,0.00030342356434889806,0.4749397160928874,0.006215065628999761,0.4739173449398506,0.004916479456282791,0.4840176378687223,0.011288764221327657,0.48597053473904017,0.012813883877935861,0.4911857426521324,0.011810193636587696,0.4801085978923809,0.009458051817048146,0.4767066108151561,0.010815131611057682,0.47648971199634527,0.009085012422431066,0.47635717645642306,0.005421641770572888,0.4799671380647591,0.004071328788995743,0.47981907329743817,0.00011330000346615465,0.4795773250183889,0.008813532601509771
0.425,0.4668805943692432,0.0008032406954204263,0.4756925294504446,0.007707653063185077,0.4728477804976351,0.0055134193862185765,0.48425353257095116,0.011818993266891037,0.4872642229585087,0.013031668522778705,0.4923178032917135,0.012320244487594167,0.4801572527079021,0.009677847606294282,0.4778614123954492,0.010732609121238496,0.4754684054676224,0.009039827041766202,0.47789152729160644,0.005778010364841019,0.4799059028134627,0.0034505207748974087,0.47946134148275155,0.0005553204347105434,0.47982639679137395,0.01002607757554333
0.43,0.4677623447117417,0.0002391306293565154,0.47592045150177426,0.007364014640103944,0.47226342013062433,0.005227269734754125,0.4840808120924373,0.011844676767670814,0.4872979052191557,0.013637891515742934,0.4933210862583892,0.012572316409543483,0.48015528440822003,0.009970797962227551,0.47818696039707165,0.010683699835871557,0.476268530844949,0.009366541147925123,0.47872297179906864,0.005766568922026233,0.47996344036141103,0.0035410500889600793,0.4792404636567415,0.0007017962634563446,0.4806333323724048,0.00826549001557883
0.435,0.4688756321182196,0.0004836325159018051,0.47669907213970164,0.007171003554744287,0.4735940687101463,0.005194674706322039,0.48427648790951433,0.012600035160437395,0.48645192230569906,0.013090179398142054,0.49407805108475955,0.012627212480566946,0.4795016513644964,0.009122769294799077,0.47889815998831015,0.00972626067098531,0.4768782305135124,0.008434374527684585,0.4787228276160942,0.0050951642380363815,0.4799477106880867,0.002403530409966409,0.47944434372515515,0.0008433700121682208,0.4807956822473427,0.00839501302475218
0.44,0.46942686941474676,0.0011745111339471759,0.475778080269017,0.007865694351494312,0.4740491034463048,0.005929462357678217,0.4844265570017424,0.013139440932057128,0.48564170758155256,0.013386798683892616,0.49485156363384286,0.011020111597397103,0.48040200710635295,0.00973164349455724,0.4796947438100522,0.009569247930564684,0.47611438237469306,0.008763613771985868,0.4791945174167102,0.005648415281691355,0.480120968750932,0.0018147711049426862,0.4800020143897696,0.00024639569561590857,0.48080981463532557,0.008806711824780156
0.445,0.4702308409836855,0.0013097353028447556,0.4753872769769658,0.007127599016334224,0.47512209005235284,0.006380652862318453,0.4844521063097408,0.011960598525036585,0.4851178126723579,0.013708010985610197,0.49468230012427555,0.010638676834910099,0.4814031133323573,0.009902060450462824,0.4809112196390548,0.009152355572480814,0.47667559621374256,0.008159510121586638,0.47979886838224495,0.00645697192194758,0.48008479194694686,0.002166516325446982,0.4819816629705804,0.0006341225143229046,0.4795548123087776,0.0096718159117056
0.45,0.4713439755141735,0.0015575403140650756,0.4756365255349212,0.007672085778580778,0.4759105251067215,0.0069685118893782205,0.4846220708555645,0.011619267861048388,0.48492532620827355,0.012841292056772452,0.49568427817689054,0.011794174214204173,0.4807532134155432,0.009481046348810196,0.4817759056058195,0.009747370498047941,0.477076629218128,0.008503854191965532,0.4789452580114205,0.0075446306831306875,0.4806352292497953,0.0024846969379319073,0.4828448723587725,0.0013335248662365573,0.48141239028837945,0.009517163948880303
0.455,0.47065058997371695,0.0007362867613415203,0.47666006584416376,0.0074025062578065015,0.47589002263087493,0.007470166044575843,0.48518103917876443,0.011771709381879047,0.4862143054277032,0.010902797700939604,0.49560690351894926,0.012067786284855442,0.4805788062922247,0.009374008810782153,0.48201616984474793,0.010109328224763764,0.47738660569046876,0.00900802237319423,0.4788357462365549,0.007654484402347395,0.4806992021890787,0.0019257569706047084,0.4821757874809779,0.0008109972535908783,0.48207658799467507,0.009794035046310212
0.46,0.46973664402637794,0.0013719746114119191,0.4767390547077293,0.00729088946852996,0.4758669150102398,0.007293895939769951,0.4844986035124116,0.011164915626463684,0.48706220276653767,0.011008370910649712,0.4951805436740751,0.012394739881805783,0.4809565029876388,0.009762335001774453,0.48145112694929476,0.009617821272948524,0.4778406591681035,0.008863370298691414,0.47850010163434176,0.007482727827585273,0.48173858468299324,0.0019302930196990198,0.48254721490261343,0.0008183511217003392,0.4806719057099975,0.009964728403998452
0.465,0.47028851356878076,0.0017256870545366843,0.4772922890961811,0.00812011340292551,0.47539621968102713,0.006651940925787858,0.4844724710590096,0.011368711949676591,0.4875686839222908,0.010066512050808107,0.4952032926582521,0.012712263131654356,0.48120255503923665,0.009460976928152065,0.4827230089614468,0.009317417538935141,0.4781595086378436,0.008766200032926358,0.4788438797157298,0.007702920625927645,0.48280790752621106,0.002568723854198235,0.4811151066935191,0.0015844399089454397,0.4799441660764397,0.010295644803072823
0.47,0.47020878000779354,0.0015882490638722824,0.47807587754536185,0.008326177188056588,0.4743249979900553,0.006177735217708202,0.4845646343966748,0.010841169889937052,0.48762347446160115,0.009692233531398975,0.49504437646333205,0.012346048462898163,0.4818764019044156,0.0084068327349551,0.4826198132272731,0.009128936348443334,0.4786914405512049,0.008866180527083434,0.4780809486958575,0.007366117565555774,0.48333179681225025,0.0019713454741112635,0.48064205914418745,0.0012398737066603716,0.4814178021822838,0.010217719810440173
0.475,0.46969705325992483,0.002054194635466522,0.47811332541076756,0.008229297634802374,0.4741461392295988,0.006087255556332438,0.4846366245495646,0.01291747406909341,0.4888620302081108,0.009699094844491885,0.4952148371621182,0.011168602579518377,0.4819909937287632,0.00855764676081508,0.48264585741256416,0.008643270715286838,0.4789227488009553,0.009371637435335867,0.4793859408874261,0.006206699186249776,0.48360464494479327,0.0024589938552756208,0.48149973632473697,0.00016190699840848422,0.4807264794644557,0.009103967092539134
0.48,0.46905431407503784,0.0026435711576293097,0.47866844114226603,0.007267629650110991,0.4754495135663698,0.005854834259177238,0.4841099763289094,0.011642011503378569,0.4897506954924514,0.009446955829237907,0.49468737142160535,0.011678760095189006,0.4822403418365866,0.008771623562400521,0.48282411562589306,0.00808612140826881,0.47912625774430734,0.009451486868783832,0.47847348350721103,0.006309216609224677,0.48398355999961495,0.0030607672718663825,0.4812818098968516,7.778522558510303e-05,0.48127829136016465,0.008819512945289404
0.485,0.46930033821113326,0.0028816130511539473,0.4792240265872061,0.007943313684045633,0.47593400304772193,0.006371740290184585,0.48306752818146936,0.011042978960214195,0.48967919037821367,0.009673031872695248,0.4949002582387826,0.012054776715249127,0.4824259089901275,0.009141671980164717,0.4832587806680768,0.008718353033680265,0.4804735929541981,0.009473831152793044,0.47923247124423685,0.006793388770413161,0.4845704909452458,0.0030928868608376403,0.48203195347306654,0.00017434443087921414,0.4818032340137,0.009452486237914282
0.49,0.4693025223606703,0.003675125311223826,0.48029564815212267,0.008295057303443237,0.47657046991647506,0.006270794007851133,0.4827239461699311,0.010814799946181647,0.49038451856800486,0.010374033253411852,0.49516166320868904,0.011867208444342331,0.4824536292984778,0.010030776642415001,0.4834564192106529,0.008960007328768171,0.480673938457455,0.008916017884502608,0.47973933504248156,0.006477300381782097,0.48586103685048165,0.00376760473056717,0.4825717470019448,0.0001735461457651466,0.4826126934162208,0.010030821650003907
0.495,0.46991385602288777,0.003994306756390453,0.4806697343786558,0.008542885157195007,0.47788568736627846,0.006568189748007852,0.4822532874767227,0.011350777414109975,0.48919950749235924,0.009779174746286978,0.49604771519550167,0.011059429759931072,0.4820999478300413,0.009586190409732603,0.48326863250648133,0.009380929021522266,0.4806061280947743,0.009275493070934754,0.4807619939398284,0.006437171965536448,0.48680601999013107,0.0035241679711775216,0.48322634541928167,0.0009006134638882557,0.48190949172383607,0.009142365193728241
0.5,0.4709047964960337,0.003517694398760818,0.48077575884759427,0.00912023760378361,0.477957371249795,0.006167967841029159,0.4823734763264656,0.011891224384307841,0.48973542459309105,0.009543746039271356,0.49662258386611935,0.011638426184654244,0.48285159282386303,0.009380938783287995,0.48402394659817216,0.008533392772078513,0.48045254282653327,0.009796900525689128,0.4800553568452597,0.005866632536053656,0.4865027359127998,0.003563705980777737,0.4832856457680464,0.0017401713877916447,0.4819151725620031,0.008175394907593725
0.505,0.4706402727135337,0.004286312894655919,0.4811059746264231,0.010034916203210842,0.4786950555620807,0.005710081667593209,0.48229964180748064,0.011531747508757184,0.49078400101106945,0.009280608063287094,0.4974654315426798,0.010836409607736186,0.4839762531147145,0.009127339883015895,0.4844644952676084,0.008960689574775138,0.48140392216420413,0.009288871568618434,0.4802752062678337,0.005598652554620609,0.4873992656127061,0.00402552450057303,0.4835752159504607,0.0013211523689846127,0.4824972930963677,0.007720503550354807
0.51,0.4712604042507854,0.004052114472085366,0.4811665109705692,0.00911512934401923,0.4782705019940348,0.005756027339135883,0.48289158545872746,0.011140395759367483,0.4905549896260103,0.009162150688615506,0.49714652565764444,0.010439842501107355,0.48463081546566067,0.00837791236300095,0.48444475357731187,0.008525939475671901,0.4810379357168488,0.009865578263998032,0.47998058145829275,0.004839059549803848,0.48699235010380837,0.002980245386852931,0.4831369021797881,0.001465536873130252,0.48294862294021773,0.007480436022959502
0.515,0.471485065386712,0.004067189123445336,0.4810760846560441,0.008282611309324672,0.47897479885700833,0.004890826503628681,0.48349203661228846,0.010748340811544244,0.49125776136095084,0.008533195022819129,0.4975190735557704,0.009806806022681108,0.4847424104809761,0.008387173625450717,0.48531513342868937,0.0073119650043330375,0.48119215066861176,0.010578413973155537,0.4807851627758406,0.005222606355125475,0.48744434349745225,0.0021557032483295324,0.48330773217874823,0.002296919744570275,0.48357405339919246,0.00712719697107389
0.52,0.4717362457886338,0.003461282628660023,0.48220116050484085,0.008062674090839356,0.4788255518875443,0.004616455174982548,0.48357666556078654,0.010406091092870773,0.49238677602261305,0.0081774378195405,0.4976929377477902,0.010618040481438967,0.4858169626587858,0.008556506739786057,0.4860212117290268,0.007854603589154213,0.4814309257870683,0.01010576628435117,0.48064072193721163,0.005954397770647796,0.48910979496744966,0.002936548051925808,0.4837684507410114,0.0027108373693548737,0.4829365416931418,0.0070053392734665265
0.525,0.4721255592647053,0.0038764464713278435,0.48248341587327775,0.006727280574185535,0.479558617799055,0.0037325446804364337,0.4835168045191538,0.010128528305462431,0.4926666233511198,0.007801059952804057,0.49797002020336334,0.009672071820213679,0.4853416331467174,0.008681426516601004,0.4860227652248882,0.007773998308749447,0.4816384957659812,0.009641873481727792,0.4806502755908739,0.0057292294644174235,0.4890317879972004,0.002909254176276077,0.4832639639576276,0.0032157214624541075,0.4828029333835556,0.007412380051045192
0.53,0.4715956419284614,0.003935257992092156,0.48257095683014617,0.006411501329462499,0.48051388976427745,0.0036080449397833947,0.4833780979772784,0.010501380517797643,0.49270679133961787,0.008008025516316575,0.49821339547634125,0.009630445882959165,0.48521145552677925,0.008378223498474863,0.48654013569906074,0.007366629352547088,0.4821834830602385,0.009754426425920337,0.4812240611129212,0.004976843114731455,0.4886879524532354,0.0028926277498029507,0.48369967086978677,0.0025675230009375993,0.48257164678202485,0.007402227804908235
0.535,0.47162856823094534,0.004263641330126272,0.4824998099530969,0.00616426619692384,0.48098543307213026,0.003910475593303986,0.4832735167485531,0.010336223049698612,0.49320382736275126,0.008535681553533125,0.4971317345293883,0.009849936327087555,0.4855426035334017,0.0077800452012882215,0.48631888440000676,0.007317886940229723,0.482088975747612,0.009769395759729599,0.4814496226260595,0.005505825941250708,0.4885712814665286,0.00299853170029471,0.48384478583792656,0.0020401496614251002,0.4823043732860378,0.00763723149756404
0.54,0.471885755037268,0.003928317584925234,0.4831756387181856,0.006362333824789096,0.48140738207708905,0.0038630179370994777,0.4837553783975266,0.008799496486231129,0.49306205059919095,0.008159380751075584,0.4978109133188371,0.009618406356484782,0.48584998557689013,0.008243058083785892,0.4861536168803771,0.008106699489333014,0.48229377323554623,0.00975465919408533,0.48127578923271763,0.004273306647384623,0.4888812876134007,0.0037148759044982604,0.4832352331529061,0.0018416137469035587,0.4825308472607974,0.0076185662851289415
0.545,0.47246978541306395,0.0040611402567373445,0.4836152487801849,0.006707598925183661,0.48178474010404093,0.004383170071545012,0.48444504789803006,0.009044178718820628,0.4927151187434109,0.008070630422972735,0.4980106036597436,0.010029573506171535,0.48630224093111285,0.006741181494445969,0.485204620030495,0.008540261571013591,0.48376358505509315,0.00922384536867843,0.4806849291428513,0.005055423518386476,0.48967960955352957,0.0035635305380602444,0.483761971901863,0.001518942415714264,0.4825632337720023,0.007524509427197484
0.55,0.4723297542469068,0.0047307699241421475,0.4836321588944305,0.005294826423579979,0.48211110308766364,0.004897175661542186,0.48500023958357896,0.008155989782376721,0.4939516876908866,0.007757969674738963,0.4989593377167528,0.009976327012885727,0.48678501282225956,0.00687601153146139,0.4844327389516614,0.008566524020650168,0.48493207103826785,0.0089411222799258,0.4819516303187067,0.006136672401970078,0.48912696689367297,0.0033751158551736105,0.4843582334166223,0.0011475937610322673,0.48249859545718543,0.007814346050674242
0.555,0.47385274430921487,0.004964116121734585,0.48359074295909554,0.005400775587773521,0.4817500472203031,0.005417813253295323,0.48616018783938775,0.0077471142416601635,0.493404365002035,0.007732033528186161,0.49948168982256635,0.010188080169059116,0.48628053263769494,0.006879743087936097,0.4840481393374838,0.008234516793006158,0.48501772433519363,0.009078704089194811,0.4827278677273441,0.0063181909489202215,0.4886112225216788,0.002338168991578571,0.48483522269908375,0.0018158518113531585,0.48228692974861676,0.00706077622132259
0.56,0.4737246879376471,0.005338415570024957,0.48397436066131505,0.005341706597911472,0.481646128198398,0.00469811666490777,0.4857093629294208,0.006640119877244749,0.49332530284300447,0.008640459406056594,0.5001719809536423,0.009724200304065428,0.4859913407292749,0.00675738809098092,0.4839681664348713,0.007309147489390211,0.48429457756823724,0.008397221897861767,0.48273098196036046,0.0068764426479382135,0.488789455432977,0.002705076177205362,0.4849114129985017,0.002169444425297623,0.482297170840736,0.006975910559828796
0.565,0.47403171098074026,0.004757247469593995,0.4855915556571125,0.0050800328629206914,0.4821237203689803,0.003974586527431961,0.4856702780301592,0.006913319098210968,0.49338544648041766,0.009398310915031238,0.5009127367386775,0.010156840877195344,0.4854217196064713,0.00710953936903877,0.4845298077021025,0.007060661318555345,0.48458615373984903,0.00800208780354103,0.4828952816603458,0.006941252379818297,0.488541248889096,0.0024140580038053694,0.48494938075278715,0.0024108698805876683,0.4824247111657024,0.0075193929065645315
0.57,0.4747458030388021,0.004834898404384919,0.48639238253235817,0.004917961921085401,0.4824052777860248,0.0038710797957161036,0.48593139269372876,0.006590728827735842,0.49477465339658555,0.009565906370418126,0.5009686429249613,0.010736176580713519,0.4848237817355415,0.007409424570045953,0.4841710371537167,0.007600096691595892,0.48480115889718656,0.007817801349518594,0.4827629897024548,0.007686097959154536,0.4885530348932534,0.002507407152861879,0.4859319957332653,0.002227197548276494,0.4825986096341359,0.007540601060578717
0.575,0.4750198909122011,0.004655139277810638,0.4863558729705603,0.004609164789966924,0.482314653824205,0.0037952837088833513,0.4871923123364863,0.005360835725846502,0.49500386384518247,0.009386093914508814,0.5011262214702109,0.011297679724900617,0.4846558741253355,0.0077508369865624815,0.4846653503568276,0.007012032361134235,0.4845842675670333,0.007560422822185192,0.4833160095240759,0.008281291762123943,0.4886512441479641,0.0022038707266683055,0.48543237013661344,0.0026644801963930653,0.48269977563101313,0.007337951984094537
0.58,0.47540091318560057,0.0044746832472497,0.4863405026623915,0.004809189523602347,0.48251637064948166,0.004351350061338521,0.4870087916095709,0.00530357755206784,0.4950445711227327,0.008996814425135474,0.49963999077163895,0.011770970862487296,0.4843829088555328,0.007925380214021144,0.48427046071095714,0.007121369178439002,0.48560250210094036,0.0077069720959868915,0.4826077873465316,0.008315881200391673,0.48946687797534055,0.002743119181230158,0.486047857601581,0.002683966260018017,0.4836733361128075,0.0075421449567737164
0.585,0.4755988465542467,0.004534405711879075,0.4870059613106597,0.0049296224601248495,0.48344985459350115,0.004446320108368873,0.4868844743085723,0.0054026036563082636,0.495161209287297,0.009487423950280904,0.49976651994591087,0.011133237526966988,0.4847147757044205,0.008746943476363123,0.4845281091128659,0.007059446703165023,0.4862802030566411,0.007208606944634377,0.48312862554931235,0.007826034648296148,0.4901197117108565,0.0028287337885962716,0.48627460493236524,0.002846113573282183,0.4836958014430144,0.007171686197447985
0.59,0.474907041669397,0.004576753698668251,0.48707222338702716,0.004657154808105052,0.48424238465347536,0.004215600442583262,0.48738220870747406,0.00557491959909262,0.49543568472993577,0.009276826692334705,0.4997131155203965,0.010619840884612819,0.48461285681795263,0.009025388160499498,0.4844722759799432,0.007343052870641298,0.486841406673193,0.00774066472205065,0.4833615328169475,0.008377351561340257,0.4912913926577164,0.0030364030498569445,0.4857884961796009,0.003302177067025236,0.48400181853922747,0.007739886452080846
0.595,0.4753869696199393,0.005215437284537716,0.48642100838302565,0.00487206682187169,0.4849387685917005,0.004636684323058415,0.487449877965851,0.005650646984577179,0.4952069793303474,0.009902948654499394,0.49960092624195485,0.010351227486834813,0.48457297714067105,0.00930628700166189,0.4853277985914415,0.007625717513200625,0.4865911733828673,0.00768813484606623,0.48373452185833155,0.008734837988344568,0.4920502896068477,0.002569100436042332,0.48574161460670107,0.0032815807381597895,0.4849493248748178,0.007535808915350634
0.6,0.4752394988512,0.005709964347382385,0.48655229986955717,0.005371142613391083,0.4851643785213431,0.004465363733470451,0.48815694966663914,0.0060218513632814,0.4947002874687314,0.009523553214967229,0.4997775128732125,0.009821733956535628,0.484383381344378,0.008533085944751911,0.4855094650760293,0.008140482567250723,0.4858647776767612,0.007459572392205377,0.4842412688458959,0.007915142861505353,0.49166074991226194,0.0024923180540402934,0.4861448405310511,0.004112932520608098,0.48417451015363133,0.006718516784409684
0.605,0.4750296198262656,0.006199417466467072,0.48662424807952454,0.005955637178637757,0.4850287727457433,0.004454868206800494,0.48852060224152793,0.006354569957768619,0.49514126069535896,0.00965934813268915,0.5002048631344944,0.010016178296617217,0.48508426922658254,0.009312341713215683,0.4848103832976877,0.007886619668854178,0.4847898705562284,0.007238644891041368,0.4840072677278322,0.008134863778086726,0.4920761967000883,0.002851063801237369,0.4857416072290791,0.0040897440688669184,0.484849254516038,0.006820163881975733
0.61,0.47531281075760967,0.006064157200152742,0.48616209681161116,0.0056173214536221205,0.48536534393664266,0.004412169278156575,0.48821357448325786,0.006255781125338339,0.49506130307668544,0.009470050635396465,0.5000930873096966,0.009596351717339163,0.4850270007355291,0.00956689022847862,0.48472889335673364,0.008180857865048241,0.48568859995632874,0.007328194611873784,0.48450805436148014,0.00835594272271531,0.49163436449942044,0.0024731882282944817,0.485174300301759,0.0037432173114330947,0.48439081727725564,0.006062466040497899
0.615,0.47526381104215376,0.005546895650828748,0.48651806228771444,0.005380190666613549,0.4861279361979748,0.004446754671209224,0.48831256248844346,0.007223745732288039,0.4955024586581602,0.008641319243403944,0.5005742467758132,0.009189297634411647,0.48566787144759804,0.009186750807897825,0.4852223836672984,0.009143498430891711,0.4852412009263426,0.007715094319688615,0.4847399119318016,0.008711358698887561,0.49119116741467295,0.0025201088529292204,0.4856088338949816,0.004433416193578288,0.4845625512847086,0.0068398666212229065
0.62,0.4755724323012175,0.005702963219054308,0.4865717925732174,0.005429876487581975,0.485732244808347,0.004419085058954442,0.48908063667195456,0.00755305041468915,0.4959269036809283,0.008362885384309654,0.5014457115002217,0.00890924793577963,0.4857425909008711,0.008441645952482368,0.48610212347440185,0.009038399484369047,0.4855127061206487,0.008170546483128288,0.48524810355757514,0.009643187866576253,0.49168177682065195,0.0019274795007321321,0.48549607402134326,0.005792815538664009,0.4843973810033452,0.006811854639841658
0.625,0.47636266714334485,0.006075782239437083,0.48670063430070876,0.0050334474444389266,0.48483647269010544,0.004555393517017364,0.48990324968099597,0.007775444805622117,0.4954801903367042,0.007919908940792059,0.5025182023048401,0.00893808913230898,0.48524065130949023,0.009139329969882953,0.4858719772696495,0.007999648392200492,0.48531640034914014,0.007444135367870336,0.4848935330510139,0.009693504273891457,0.49167550265789034,0.0020790120363235465,0.4859764818549156,0.005934477865695953,0.4848746668696403,0.006685117542743674
0.63,0.4765919046624313,0.0062971967198545975,0.487495707791476,0.004891379544186197,0.48538232482378446,0.004573311656713486,0.4895954921486832,0.00741476748907377,0.49486886585752166,0.007672648285589528,0.501746801629899,0.008374923514941401,0.48557933011934873,0.008145546097131001,0.4855601706556858,0.008107510646657351,0.4857832638635522,0.00833066724359044,0.48552155394166235,0.00956519190517685,0.49298010027361294,0.0011916442641189962,0.485431651451758,0.006113246142391171,0.48508937532703084,0.007286595032801713
0.635,0.47638552647641325,0.006164364047407167,0.48817795227597083,0.005225273391862545,0.4852456983736181,0.004206860569987703,0.4902425132046534,0.007503266820288096,0.4936982666061619,0.007407120304314202,0.5020945378410534,0.007941792447735935,0.48587863552054084,0.008607630243920916,0.4856886626111241,0.007998093434675474,0.4858887102308236,0.008102029737994426,0.485626119504294,0.010116948914809493,0.494087241707355,0.0007332829157198351,0.4851941836513872,0.005130111291183237,0.4852285728327871,0.007693679489958
0.64,0.4770743105909787,0.006475906644482166,0.48881764541147277,0.005912807828281075,0.48544171900721267,0.004601824970450252,0.49041720590321347,0.006932646327186376,0.49356237618485466,0.006991891597863287,0.50235275097657,0.006665204302407801,0.4854071901063435,0.007845029525924474,0.48558072495507076,0.008329724601935595,0.4848845459637232,0.007413270592223853,0.4855375126353465,0.010109339200425893,0.4942380977445282,0.001579873205628246,0.4855780220241286,0.005779676779638976,0.4863163445261307,0.00793689297279343
0.645,0.4770692812726479,0.006578144927819551,0.48907258303821544,0.0054439756181813015,0.48540470575870465,0.0040015890732292,0.49076771418484605,0.006809378259403753,0.49311395214740616,0.007331530657387536,0.50275352250698,0.006309716507445939,0.4854753599032875,0.007798859373081557,0.48552492936683256,0.008432767130145735,0.485673742989699,0.007291840201662486,0.48563809825699455,0.010515209258526809,0.494120831579663,0.001786303901395142,0.48605346847181174,0.00582922284686288,0.48742969559375626,0.00784254414859667
0.65,0.47724302852383027,0.006123009954507541,0.48900811139207623,0.005745520328099912,0.48659907046418927,0.0041447786757579375,0.49168681129813196,0.0072321023505467485,0.4934032647082439,0.007243511023429711,0.5030237021354529,0.005277069256855921,0.4862664671471486,0.0076628713080516275,0.48534076712452445,0.007985229732898586,0.4857404830937202,0.007279251802426112,0.4859722847548815,0.010799268862375838,0.4942583522544457,0.002249595924065678,0.4866167728144389,0.00532840014650271,0.48751347494813113,0.007999851898505134
0.655,0.47686206708655104,0.005828833022645419,0.48835403722433646,0.006091137025647481,0.4869901635150873,0.004542092387457841,0.49209524537543303,0.006338207833184534,0.4933547909364446,0.006970660206470802,0.5021046513819513,0.0058780105514381065,0.48644720615093945,0.007528513726842323,0.486301644214692,0.007674075663089752,0.4868702126937058,0.006786969269960003,0.4862936177212773,0.010029892941922636,0.4939556907265241,0.003423125859890269,0.48651558314343446,0.005513525248028839,0.48754775518451937,0.00807631976959361
0.66,0.47782458573805564,0.00564014386724343,0.4891153507950631,0.006184002723206156,0.48719834101696813,0.0052297018807042905,0.4921809456903826,0.006072895375616616,0.49418126628028625,0.006249990257801402,0.5019725072338725,0.006329681498534745,0.48684919755341427,0.007712713978958868,0.4864073707863237,0.00745087133889849,0.48664818461419956,0.006247038134571281,0.48633048993845784,0.010361075006199622,0.4945590726918343,0.004350917752493494,0.4871024714613503,0.006352622682849585,0.4880060757312811,0.007793607754689291
0.665,0.478249274530357,0.004928995063878561,0.49005370161363054,0.006106379616977575,0.4873411518178488,0.005102843326285356,0.4918653800859487,0.005737881967447733,0.4948611085240106,0.005830272640052592,0.5021221255673503,0.006118679517193859,0.4865911830972908,0.007132068220385923,0.4861481914058664,0.007286343975622861,0.48752334685926146,0.00671863247801488,0.48760636582186345,0.010023132134649088,0.4941771300999742,0.0048279812125335,0.48760232827941274,0.0061202277254341075,0.4885596245863384,0.007271680112620027
0.67,0.47867926871821065,0.005410873567435276,0.49040813438260733,0.006266413729137443,0.4874023912446712,0.004974315471168778,0.49220876712630046,0.006045488446061287,0.4949094907227737,0.005864540976819682,0.5018615479122347,0.0060011948000139315,0.48722236486735626,0.006081349091298566,0.4865919894802926,0.007424027116885806,0.48822415970377064,0.006880014856804645,0.48809087081854025,0.009817719181526963,0.49471737572283886,0.00508149752198761,0.48786235217060614,0.00566528420617332,0.4893269877491602,0.0071908770990905535
0.675,0.4798785487258876,0.005345537099573361,0.4905153475977756,0.006585239425853456,0.48747250421179666,0.005127061682718759,0.4923403450184398,0.006269993660626583,0.49471118102471034,0.004846216075950205,0.5016616151288704,0.005983393611731336,0.48758001653132615,0.005613808113115792,0.48702553383730074,0.007650356767354177,0.48923601701303765,0.006842623871785636,0.48810838322948524,0.010003373192416315,0.4954335987016007,0.005155977772341835,0.48746783628507895,0.005331583321094513,0.48966606231751264,0.007784956528080839
0.68,0.4799112742766738,0.0045613116749069205,0.4909341470612323,0.005981520092224385,0.48779542179887786,0.004963645547190143,0.4918090062873328,0.006163291249643348,0.49452580977231264,0.004912984009612986,0.5004232408588424,0.006306523676304271,0.48701471632675214,0.0054429667070508,0.48688815451939316,0.007040696930797674,0.48922533043386307,0.007020411629448914,0.4881714981816271,0.009572412325617147,0.4957042811438441,0.005688137703520391,0.4879750848802573,0.005571392036097882,0.48981536908403916,0.007995020762524174
0.685,0.4799277263074896,0.005108955948457228,0.4908023104071617,0.0056838841877714374,0.48742472674072224,0.004361511745157032,0.49262189620385205,0.005971764180347006,0.4943506794363043,0.004854603568567845,0.5000911749845004,0.006843385143871755,0.4875719240003259,0.005547374541307021,0.48690343191371344,0.006215866627919425,0.4897373985961406,0.006575578375019292,0.48815814623214904,0.009346884913253084,0.49575761564239096,0.005819266131759537,0.4880419724287778,0.00563749774311581,0.48937980520681745,0.007990401102243555
0.69,0.4806853291457114,0.005766009237023362,0.49115251679567323,0.005797016393879195,0.48760417778638826,0.003910752472238266,0.4929321754345859,0.005364287752604141,0.49464446063274925,0.004902273038591171,0.500021365781625,0.0070465741598087495,0.48726559468153596,0.004289770849804947,0.4870386114478975,0.006266811025747332,0.48964860554838524,0.006460470403882035,0.48857414047571196,0.00905664810451906,0.49591051932910213,0.006115006525879346,0.48814819726175157,0.00613160501571669,0.49043279405737267,0.0075248724416546175
0.695,0.4816568282117947,0.005083447040842598,0.4914084684184129,0.005443782847133455,0.48788505294125717,0.004129623391216614,0.49351807394259267,0.00521123671917606,0.49495205610132903,0.004587358011187426,0.5005248468771255,0.007789073552159076,0.48739510050994883,0.0036137630935195453,0.4862888900817727,0.005890435720090376,0.48924043233231673,0.006447033326831664,0.4886340652759984,0.009102868358437127,0.496976947130488,0.006020859259066841,0.48796484672980345,0.005586889096730052,0.49043127353028426,0.00829913788776604
0.7,0.4825314592570067,0.00515731546495643,0.4911926125309297,0.0050238255411386434,0.4875511744724853,0.004856912951384268,0.49385625938219685,0.00492110566369125,0.4955248384071248,0.005036261411649839,0.5011061146855355,0.007338876596518912,0.48759276169751375,0.0036146414599248222,0.4853354564202683,0.0053089923624481394,0.4892703232488462,0.006519527147923199,0.48865259859178745,0.00884780548512934,0.49752879733485833,0.006007879812802569,0.488230316181268,0.005114784357803215,0.4893455306866339,0.008140745386481268
0.705,0.48299842000218995,0.005335175135034204,0.4908372335505824,0.004881675097536536,0.488581194786738,0.0048919091304988616,0.49370528720583473,0.005239043516892888,0.49671356469815503,0.004704808565319019,0.5006643686945557,0.0064764131679602155,0.487069011844219,0.003481681835144107,0.4862305118788218,0.0052588425101118,0.48888060402996997,0.006220037262913203,0.48856837503242156,0.008655808126250053,0.49816062449352116,0.005508765314064967,0.4887244579322795,0.005559361942693686,0.489130381943909,0.007938691751754018
0.71,0.48326628051803144,0.005670689203789547,0.49037757353253764,0.00437725130730951,0.48868366441046684,0.005188644404562431,0.49353272011372407,0.005194922620561759,0.4962933235080309,0.004797565317909508,0.5007986633080832,0.007070646214653059,0.4870309918384317,0.00351126948502703,0.48668861866626945,0.00493124258560193,0.48909788290169876,0.0068160757737260325,0.4882818837715706,0.008732646126562438,0.4987797907645434,0.005525907108061778,0.48866900785917966,0.005587661927434762,0.4893792015041264,0.008729002267961777
0.715,0.4834829611065504,0.004901599373433957,0.4908567532063364,0.00389663713586913,0.4888022914528847,0.005673775566624573,0.4944395097298222,0.0050132239719370975,0.4961226934215406,0.004960603907808531,0.49994943827599075,0.006307474278903491,0.48747662757034904,0.0039051403845106747,0.48712074761832513,0.005273909366630997,0.4892912563848329,0.007367469370365143,0.4885671373743277,0.0089672420929362,0.4987674297673719,0.005594766379653143,0.48932901123812145,0.005824420679282488,0.4900068398434799,0.008882258582365271
0.72,0.4833308838618299,0.004522094554785222,0.49023212414855755,0.004325953984840064,0.4892851354864737,0.005357519775215119,0.49453617161553765,0.00510517895842591,0.4959893484806849,0.005106847578038781,0.4999487397985326,0.006020708837442906,0.48752987700411016,0.003651449612031399,0.4875038630949954,0.005711606755438775,0.49021376602144706,0.0073411111305985155,0.48837170392895735,0.008437287941988975,0.4977809199545946,0.00533259054645896,0.4896098076779809,0.005976935900333852,0.4901760563564797,0.009081305573797882
0.725,0.48348624701129983,0.004535917423922425,0.4904675640422722,0.004776493793931497,0.48912101043709394,0.005427486886238231,0.49486695635935357,0.005533944481405706,0.495570604708688,0.004652608931064617,0.49956661740253705,0.005518566431670341,0.4877738868881916,0.004225334987558171,0.48759742538476814,0.005591408805600523,0.49033171087503435,0.007393956955136921,0.4884623687328964,0.008237524947215774,0.497575173552694,0.0052728837420200625,0.4900761942925124,0.0065618231892585754,0.49040548950433727,0.008542136847972864
0.73,0.48442602703628473,0.004269468508762864,0.49037377122942716,0.005056715634179421,0.48885064036266446,0.005836973808807877,0.49496256963235064,0.005609153629574065,0.4957490197497688,0.005044494844871045,0.4992218449303549,0.005400462611897361,0.48772066020189897,0.0044020007632366576,0.48730406445795543,0.005236978859525843,0.49133486244572355,0.007246108955308167,0.4882844308365698,0.008411286679440994,0.4973870557158777,0.005013448071398141,0.49069480358125417,0.006148525858170356,0.4911537981298688,0.008867555234121943
0.735,0.48486229184330726,0.004552276614977369,0.4903993877727969,0.005159407093816876,0.4886237250602975,0.006338312360299692,0.49460177645594083,0.005253257343963702,0.49650661844988253,0.004710862780509334,0.4993326082116082,0.005673082507386518,0.4870527342570071,0.004013160205617261,0.48851795165108985,0.004935445986231968,0.49151893380750605,0.0076488091730747,0.48893746424491713,0.008395842599625503,0.4977213173192375,0.005517989346364743,0.49073771701580815,0.0063885293748914,0.4909283097605316,0.00872410332061807
0.74,0.4854986374140591,0.0037654140410391113,0.48982056003768704,0.004818793738613242,0.4888663904590381,0.00663704782523014,0.49452709109597914,0.004606480080936393,0.4959077847668448,0.004479467818463145,0.5005910140336365,0.005092808574035351,0.48722076108930884,0.004597496593723438,0.489015177647407,0.00544580117472121,0.4913624181235964,0.007444645051617876,0.4887001100122123,0.007838271306575939,0.4979257116950041,0.006037362272272223,0.49059845753819553,0.006475268938654161,0.4913561062736286,0.008233983120000038
0.745,0.4859947579719076,0.003790589436988706,0.49042303455155967,0.0046615560082781116,0.48935150495111546,0.00686946496267446,0.49434787780046463,0.0035844838759243047,0.49630131062445226,0.004209546984842133,0.501105586604384,0.005694544905384125,0.4876597594194764,0.004605773461345053,0.4898163642759291,0.0057776841841288284,0.4919744760498105,0.007430058947745594,0.4882941012514518,0.007170387312469856,0.4986643696691366,0.005608752119861171,0.4904797661724507,0.006792551669098396,0.49081080496911234,0.008078803102042065
0.75,0.4862936363120874,0.004509741912285481,0.4901632115741571,0.00507724687457084,0.48958710943659145,0.00704880242546399,0.4950038512051106,0.0038927974800268828,0.49696603710452714,0.004051583458979907,0.5005162662764391,0.005401955991983398,0.48755024616916975,0.004335673799117423,0.48945548877120015,0.005736756672461846,0.4921586795151234,0.006551281064748782,0.48869624371329945,0.0069919984042644545,0.49906181539098426,0.0061333216726780215,0.49117420350511865,0.0070662320156892056,0.4906096934775511,0.006802627493937813
0.755,0.48650970536944094,0.004284069682193914,0.4904501223504938,0.005133725308029857,0.49028594115909363,0.006367458561003597,0.49546130006479117,0.004014367546072067,0.49677261014450463,0.004027507212383041,0.5005682037267464,0.005487073780290341,0.48801555198352065,0.004091924636174499,0.48981062855744206,0.004719538256427319,0.49278654084102996,0.0068761710792977215,0.48823208322390815,0.006788838827452126,0.49897486331644436,0.006115360913292456,0.49141867305861403,0.007565810634995118,0.4916104315625911,0.006339612139376588
0.76,0.486837100188591,0.004007566573196342,0.4907469367608428,0.005393660137135714,0.49051243601072775,0.0052341584998525925,0.49543447277851793,0.003275039801864249,0.4970246666650239,0.003771095732717139,0.5003385902137348,0.006065545554615914,0.48792569304963473,0.003544355252463577,0.4904853824624106,0.004487044962221048,0.4926091504626368,0.006985736373615881,0.4888312991610483,0.006619925512687169,0.4988458267854232,0.005931833121729513,0.4918455366339338,0.008083624226090158,0.4916310979445514,0.0065612925804759414
0.765,0.48698073279818677,0.004046677325675679,0.4904969171468728,0.005858626971447373,0.4901698393856778,0.00526019964927163,0.49451131110682206,0.002751057882324548,0.49701349393409844,0.004180686877054335,0.5000839230963607,0.0061545699737430015,0.4890945454925494,0.00336311957220628,0.49055003803345115,0.004837355631239271,0.4927280921659438,0.007043387326929301,0.4894146824292108,0.0061459215540511924,0.4988200584170865,0.006150116766589886,0.4922372580451124,0.008361749156238218,0.4918562631104507,0.0062431007915852155
0.77,0.48732829234236247,0.004131084670881191,0.4904792106093524,0.005776555652355214,0.49016952451753926,0.00536932114076305,0.49471465057947417,0.0033879441197042504,0.4973642642718631,0.004147877698981922,0.49995228623995536,0.0060159750282764435,0.4890751341817441,0.0030767379159277186,0.4902716280481258,0.00479094843779293,0.49326373419010794,0.006910227771316252,0.4893491244451566,0.005667818105453026,0.4982448558431941,0.006486387270224547,0.4922240862695427,0.007965221178609067,0.49207537297111054,0.005792944510648768
0.775,0.4873608161845515,0.00397270345880138,0.49061160765347944,0.005764183065583628,0.4911289875065127,0.00525578255614928,0.4947993667375657,0.003316360663983109,0.49770792016098575,0.004521100126927885,0.5001966731682901,0.0063396969629872235,0.48906776823343767,0.002971670175752339,0.4905047146062697,0.004347898258316885,0.4933330483494266,0.007844383341650801,0.4895191322891943,0.006055226297147803,0.4986490097257399,0.006635072779270917,0.49327490844072835,0.007592979025456248,0.49267024373815904,0.0057951900747514615
0.78,0.48756790423813534,0.0036591482945741716,0.4905991003585931,0.00602445985453251,0.4908882735344844,0.005294428183100164,0.4950479246580448,0.00294185998157051,0.49728552696223444,0.004145557633959351,0.5003854383547337,0.006611850638038069,0.4896554773530135,0.002830847859000535,0.4907398909234848,0.004316317777221024,0.4934051402199727,0.0073715434529078305,0.48999287727742624,0.006415649054524242,0.49891042437117833,0.0065103855748206985,0.49367046838578504,0.007695756040704549,0.4924529016686555,0.005808448801055938
0.785,0.48824002185634746,0.003951032972259905,0.4914521938961023,0.005565243399446945,0.4910780757570722,0.0053469813458479065,0.4954682549188851,0.0035261283539662625,0.49750479567012973,0.0035691835982784303,0.5005109467229266,0.006598635701237199,0.4900885434572104,0.0026151526980339457,0.4907752670774794,0.003967125846701808,0.49342756727888326,0.006996179224958848,0.4901876252642862,0.006334807035649648,0.49879612109273863,0.0068349519827563265,0.49381664675322307,0.00758161500191229,0.49278411368845376,0.0058548734730975716
0.79,0.48777735766164865,0.004194642688277406,0.4917293068823181,0.005955207715683336,0.49073230979751936,0.00494539657536941,0.4951905587900288,0.0036022021329100984,0.49757184809710403,0.0034279496515098873,0.5008610660045207,0.006935356585662578,0.4904689626131631,0.0028178518803059494,0.4910112115306945,0.0043013965876042,0.49351094630134257,0.006362370816589913,0.49038532673369484,0.0060917313057410605,0.4984670362046248,0.006517620827955539,0.49414438494964485,0.007939812739061386,0.49317764410678344,0.006169904589275771
0.795,0.4880889305060015,0.004305143635602859,0.4915553907272201,0.006139136850833893,0.49147469212986383,0.005001267593986586,0.4951885775106508,0.003218727338613947,0.49757362241452596,0.003513343632221222,0.5010548960768951,0.007174044706911409,0.4913295476035502,0.002827232129543833,0.49179466092174157,0.004255594744247471,0.4930781349539757,0.00606025628886131,0.4908607419837946,0.005755782923983349,0.4982803032364485,0.006673872705150685,0.49458528347547703,0.007853493235021297,0.4931559017712965,0.0058521374872645415
0.8,0.48901873542927204,0.00418912568129598,0.4921184873674065,0.005666613532230247,0.4916221200954169,0.004791621165350091,0.49499777392484245,0.002399347675964253,0.4978098864201456,0.0037605342920869478,0.5019741176161915,0.007728485157713294,0.4912457149941474,0.002742197690531606,0.49220344158820806,0.004657153273001313,0.4936089959461242,0.00593159138225019,0.4909633660223335,0.0058133628685027305,0.4987201500218361,0.006793057406321162,0.49421633635647594,0.008324725506827224,0.49306604457087816,0.0057447783183306456
0.805,0.48882171867982205,0.0038907886569544414,0.49232557688995915,0.006234771762945651,0.49213957402461805,0.0044617437705490315,0.4950575889174983,0.0024952194798066596,0.4981000567352549,0.004122372600973007,0.5020425769020311,0.007922774192339166,0.4917301888699117,0.0030758394310193005,0.49297037142219013,0.004727184263445566,0.49349613492348177,0.005645589104720544,0.490942555230967,0.00596888201392215,0.49847706944120596,0.007001927411704328,0.4948929144266229,0.008294127233650361,0.493579708317422,0.0063581232976469
0.81,0.4887476779152582,0.003907513609270996,0.4918715912894702,0.0064807435336672325,0.49221814529579366,0.0049067225629164934,0.49491843411032066,0.0024181113658863773,0.498600851468466,0.0042582863918793346,0.5021212296445429,0.008301015207428986,0.4920056448950444,0.003614279085103367,0.49336568123580493,0.004502512836529887,0.4939161301303057,0.005591770059164669,0.4913503824284783,0.0057365457860776015,0.4985917754655267,0.007068133510557212,0.4948839342428578,0.008796057077469638,0.49382367449594133,0.00650645300378036
0.815,0.4887894864188381,0.003982952721645477,0.49164446406752055,0.005971621104910341,0.4924915094225685,0.005341786045603952,0.49540317949890356,0.002951475237410489,0.49904195584951,0.004551136100584718,0.5021473176183144,0.008011280439016999,0.4922520761932332,0.0030621251354188417,0.49337655986927764,0.004349649272447714,0.49446072822516685,0.005510861933962691,0.4916305061589721,0.005984103524246109,0.49842385833431607,0.007240567059238978,0.4954347019455184,0.008506918108902112,0.49403420086104444,0.006503916636932144
0.82,0.48912188324441275,0.004363993091917623,0.49178482787456457,0.006008071188883107,0.4922974914221502,0.005345530489959366,0.49581326585172153,0.003298982387272331,0.4992924953651864,0.004513029690559306,0.5024026318385106,0.007765770821673124,0.4927805355500158,0.003557898422203415,0.4933202400712705,0.0042194559170705415,0.4941603341026277,0.005533049428244924,0.49199461196435657,0.005652473966886368,0.4983623277214242,0.0077026378726814115,0.4957261080512913,0.008742827422371702,0.4943216485312072,0.0069607486721219025
0.825,0.4888148731806061,0.004859739406542357,0.4920814750320983,0.005643109525694995,0.49219531493656565,0.005070013485171582,0.4959988970196608,0.0037889843185742733,0.4998178949410265,0.004487769396016084,0.5028851281061317,0.008208840949968876,0.4930565377528017,0.003942688802878069,0.49318628848502133,0.0038567523613120824,0.4950546420433305,0.005117014637499168,0.49233084921583986,0.00533052895105246,0.49850223204403216,0.007989765884298283,0.4957864392435912,0.008177106533989759,0.49450077644803303,0.007816356826912257
0.83,0.4893543461270361,0.0047408396669899044,0.49243902994028055,0.005384750080754952,0.49255152903946053,0.00466613655528389,0.49598261476101646,0.0035315185156931383,0.5000997201416149,0.004532188760587974,0.5034105775496327,0.007848079170448219,0.4931107215044728,0.004041899444468033,0.49341381561145725,0.0032775246325027485,0.4955587807638817,0.004818061703299875,0.4919250460723078,0.005119205553488576,0.49900065779865505,0.007604888180293201,0.4956689948687353,0.00801513465233597,0.4949346906000591,0.007724398096282781
0.835,0.4895058913591379,0.00526263948507652,0.4931923177338646,0.005132017066021871,0.4930201698830742,0.004594334629838354,0.49599953490995363,0.004020394813157857,0.49999820173322085,0.004971118699647725,0.5032527715770785,0.00724434660758802,0.49333733868991547,0.00346503148000396,0.4940001309185685,0.0033419750140099014,0.4954584455507958,0.005124444331594591,0.4924821411510427,0.004692410771361372,0.49915763713464056,0.007911241741594438,0.4961692597605511,0.008425214913433898,0.49559249996603605,0.007400739469571066
0.84,0.48978931221756195,0.004914878069290113,0.4930842140512097,0.004941075375037546,0.4929106060326809,0.004409078286872037,0.49579303804785013,0.0039040774018281876,0.5005261063841837,0.004482450628919277,0.5036632105974215,0.006708051521508468,0.4934614135307216,0.003088238382978087,0.49403090885884704,0.004056779712083791,0.495608905818136,0.004776784839729459,0.49270896458377444,0.004830395137625093,0.49948030909789454,0.007630963543696051,0.49660963631634203,0.00808992578337589,0.49611435870506937,0.007742143945679764
0.845,0.49020091311995095,0.005218816447187469,0.49307544234059975,0.0050931836109189554,0.49292766787773057,0.003440588492260893,0.4954229435007248,0.004359934765558987,0.5006706032615442,0.004454041329713998,0.5031676761056545,0.006947768201842119,0.4939454694735933,0.0033500424239057136,0.4945073753330835,0.00403594446076444,0.49574286949176055,0.0044187532638657046,0.49271713069381096,0.004920759629568422,0.4996621988316965,0.007752925818841128,0.4971940333585767,0.007478538217276481,0.49618960242475985,0.007815841166578102
0.85,0.49120706315426266,0.005674990704830962,0.49315577188835424,0.00464317741639475,0.49394778455881516,0.0038772165337029596,0.4954915974508313,0.004941716045141209,0.5007752134957735,0.004657817368998229,0.5033995222957696,0.007027693574919419,0.4948835173512206,0.0033438548883970853,0.4946648232638836,0.004403714441201273,0.495949665632318,0.004558546008432612,0.4926844535066801,0.0051238819518510115,0.49915043312837093,0.0072594752644791205,0.49729028672856446,0.007422805402208771,0.4962434677954982,0.007488887581755144
0.855,0.49117417062758006,0.00561536129629403,0.49363280296848533,0.004802081189308943,0.4942786444784605,0.003559106928214678,0.4956940556740203,0.0050822310367522605,0.5006898866846548,0.0046270175548324965,0.5035528123640178,0.006856233796529609,0.4953844482351465,0.0035117614077545545,0.494993575091599,0.004991004907945462,0.4962525134633856,0.004868920391414594,0.4929271122952651,0.004574540196455035,0.4991031510003826,0.005966913151113612,0.49755243673833494,0.007426427949590281,0.4959536364291146,0.007448784745576059
0.86,0.4920544437630925,0.005614343554128043,0.4932398259379836,0.004253741223798235,0.4944648000649935,0.00400496330545394,0.49535757402867775,0.005431296563772281,0.5007251987536979,0.004632798781575159,0.504064500375196,0.006938843663002153,0.49575597727887855,0.003648559671155238,0.4953921452424554,0.005049550299381089,0.49609316318014335,0.005104256707221977,0.49341209566350597,0.004742315472211961,0.49896556507189604,0.005698996357793029,0.4979207249314979,0.0075758506305689255,0.4956278120449116,0.007251664259752544
0.865,0.4920393994691744,0.005709690036456716,0.49325143235784047,0.004195081231566533,0.49451436976649166,0.003818138615588912,0.49571555237032777,0.005719617052229842,0.5006216898388256,0.004595861484894187,0.5042418084306524,0.0059155264083360914,0.4962209054414247,0.003621116065221003,0.49557432579684124,0.00499465876404262,0.4962665054064266,0.004831272268915471,0.4936796178276828,0.00497584522976352,0.4992826114586323,0.006006017714911133,0.4978859086515587,0.0070909849567220296,0.49599614528390024,0.0068674852823935595
0.87,0.49242376643179475,0.005815839844531018,0.4936158083721824,0.0038454109139141046,0.49511665538295935,0.004120331514498282,0.49609043462009267,0.0057680347784497266,0.5007866281459386,0.004437696359965992,0.5043217772296791,0.006273322963509076,0.4967194906510841,0.003124232821423406,0.49556123221228865,0.004742101305860197,0.49581722140140916,0.004971451843264446,0.49412118168226604,0.004671104552074423,0.49966437468069724,0.006425041362814521,0.49797944403414063,0.007319304406985444,0.49624473751447673,0.007042235983856809
0.875,0.49272741373096196,0.006002149879932389,0.4941289571779115,0.00474114005054746,0.495354474399771,0.004371651964528239,0.4965655110137803,0.005884448332445946,0.5001375213265419,0.0041615266885076385,0.5039159631303378,0.006221805853503071,0.49693035649401807,0.003363451148782476,0.49580077396971833,0.004994131965296605,0.4959706660253661,0.005221232048102764,0.49404473964657103,0.004493566112858893,0.499214012835707,0.006649911871978193,0.4987177000301225,0.007181380518845121,0.49640571445226667,0.006194019785949134
0.88,0.4928136936558241,0.005815075583417317,0.49425006365742197,0.005108478436754493,0.49560019987719983,0.0040363423441621415,0.49680037055672566,0.0052871500480581035,0.49959356739947736,0.003878889478404396,0.5041524388996715,0.006054544609717354,0.4972863954661245,0.003504778978160844,0.4960085724649782,0.004782601979307161,0.4960579772649164,0.0050727651793171236,0.49414337413724174,0.0044601760719987504,0.4993140680969439,0.006036945661021891,0.49921176417476754,0.007631150285967392,0.4961278900419447,0.0065838884646919615
0.885,0.49323885155431296,0.005866844901594059,0.4944965859170014,0.004722781647733376,0.495872391608812,0.00387244360089975,0.4967179265146875,0.005303723958589246,0.4992386651156986,0.0038610956510581607,0.5042722313164991,0.006280210016474191,0.4976052181784716,0.0032616616726595105,0.49649809035709347,0.004368789494037628,0.4959329282917545,0.005192206362209739,0.4940332157884614,0.004280560728857075,0.4999360637897152,0.006356547907584137,0.49907008137574976,0.007545632620652498,0.4962879881936278,0.006488644849445835
0.89,0.4934936440811398,0.005908756569195317,0.494932968420594,0.005165569944663023,0.4958049217552951,0.004193631660067643,0.4970895861055744,0.004830590585309463,0.498909724855356,0.003809270940804743,0.5044745378028811,0.006347059826837503,0.4977228076856458,0.003049085858497752,0.496845299817538,0.0043733939947037115,0.4958678685296118,0.00477674063504413,0.49401811681938973,0.004120515178093753,0.500203432285049,0.0063964098775654565,0.4994287890580933,0.007007761659581974,0.4959569263240594,0.006203425441230287
0.895,0.4935224010041972,0.0063215488744847725,0.4954662419147997,0.005398072885068411,0.4953752407731291,0.0037019204910241077,0.4972643780225482,0.004990064606653272,0.4995107542952346,0.003989084930726278,0.5042029167603514,0.006593957335256306,0.4977740724909239,0.003323574347535996,0.4972928802810568,0.003935433757704693,0.4961188735658896,0.005257393020158346,0.4944760685776199,0.004585187570009808,0.500159180322506,0.006194395767576882,0.499324975441621,0.006095457468285909,0.49632578651165826,0.006588823177627989
0.9,0.49409889094531534,0.006171066438158346,0.49565581940114495,0.005150518690546335,0.4950477001981603,0.004035355523228645,0.4974585277752744,0.004220119987924875,0.4996664174315002,0.003605746105313279,0.5035847944931852,0.006148938876059301,0.4981991904063357,0.0033589258376094944,0.497061766559879,0.00448795536326041,0.4961517767359813,0.005233181226584671,0.4942955269995663,0.004411631036135899,0.5002811600350672,0.006325557538204685,0.4995489122553004,0.00536060660249657,0.4966176357948118,0.006140363009439542
0.905,0.49480698990393734,0.006071182451524798,0.4963463023304939,0.005273378973837062,0.4953597174411979,0.0038887773182510743,0.49757702932667336,0.004577594773216148,0.4998157626604507,0.0038613437042052112,0.5033275770301319,0.006693559909723118,0.49780926063080516,0.003756494276760669,0.49749173088133003,0.003960806485368423,0.4961564158454784,0.005039332691806453,0.49503830145241806,0.004241831682992914,0.5003743292300741,0.006263214539098505,0.49957299985773657,0.005102312902389994,0.497119256022556,0.006411214683266636
0.91,0.4950488808636482,0.006547605311805066,0.49682228271286566,0.004789258384115119,0.4958682701728501,0.0034394159831188653,0.49783851439645,0.0046531159717303205,0.49967625438348273,0.0035470197243349932,0.5025779413734819,0.0063999659985631285,0.4979079630594332,0.003998033661436251,0.49767629896382715,0.003956348072369026,0.4962144278317363,0.0047913903964089954,0.49588265855397495,0.004124568836702092,0.50106779097037,0.0064282655142821055,0.499868568687976,0.004859028240809055,0.49693283770274327,0.006021154409908969
0.915,0.495238771163375,0.006122506096389119,0.4970361428752623,0.004669348276703733,0.49627183560953764,0.0035113741547032062,0.4979832135344464,0.004924355756715376,0.49991203514767474,0.004233591828515626,0.5023205587691296,0.00596905458983174,0.4978035632622698,0.0042821097650814766,0.4976527592767783,0.004161057780023486,0.49618881505206636,0.005414549892391651,0.4958256689495728,0.0038463317387091023,0.501018114306562,0.005964061560852302,0.5000957430956142,0.004673697298667484,0.4967221282626111,0.005862298843964858
0.92,0.49534462938976026,0.0059359942198447535,0.4972097981802147,0.004399246374226146,0.4964658101696683,0.003021651433537831,0.49767918467683636,0.004445294606620881,0.49949144867613265,0.004172906401040788,0.5020390742903817,0.006271716490711843,0.49757086497772,0.004689519050652569,0.4974297751146166,0.004322165258876631,0.496449488863025,0.005614338807113789,0.49598080871383776,0.0035556085488718525,0.5013230763294775,0.006090329595558025,0.5001977249251112,0.004933582740309417,0.4969928573574061,0.005850133729045803
0.925,0.4956980309373624,0.005605167271317685,0.4976666842360754,0.004176401568425664,0.4966104204187522,0.002956519940414959,0.4979700657564241,0.004327970380718665,0.4998480984085315,0.004676918846529876,0.5018960300732304,0.006167233272178745,0.4979772069566959,0.004219220981404592,0.4981610104441643,0.004177983588463552,0.4963054581671148,0.0052706555337519445,0.4962775685899966,0.004103039768902,0.5011963884169991,0.005999312892153469,0.5003967165544226,0.0049874977888287875,0.497050567857317,0.005320794074921975
0.93,0.4962072665252353,0.00569445363456203,0.49813719482351376,0.004665117550601228,0.49664839369154745,0.0030211560748597543,0.4986736117912236,0.004184885491286566,0.49981363618405916,0.005133530906131195,0.5020186661151789,0.006447724236916447,0.49837812617100696,0.004399809505670316,0.49828227581356166,0.0038691613703004946,0.49636288728284583,0.005340994485924316,0.49675554754112355,0.004592150169354603,0.5008970975315058,0.006361016142432424,0.5000446196445214,0.004681723132248822,0.49755180655147435,0.005379622301427273
0.935,0.4965140909195584,0.005532687002006098,0.49808729519659184,0.004407868705650075,0.4966859770092097,0.0036891435477185153,0.4990753617914603,0.004731802498911808,0.4996572132496273,0.005087766059260979,0.5021900182818984,0.007004495889426587,0.4984130097184589,0.003595092119698884,0.49837620106132274,0.004212833462870713,0.49719271466215664,0.005293614046777639,0.49724271833737266,0.004753387348855886,0.5012328422722969,0.00590932094317706,0.5000470065895248,0.0047192287875369165,0.4978657836184145,0.005168948621354641
0.94,0.49675074358411286,0.0053102634450856445,0.4980981491426838,0.004445237642590055,0.49693221975355706,0.003887618990971675,0.49877083337211864,0.004567099180310341,0.4999092835140355,0.004945248959863452,0.5020907008029679,0.006920463029057383,0.4985177418256694,0.003306558514212077,0.4979830379895074,0.003841262350374103,0.4980889626560693,0.005342966579693437,0.49779161101484554,0.004508141626385964,0.5011746585765418,0.005460560916269092,0.5001884446419934,0.004687230835886735,0.49835813287249275,0.005247461787880742
0.945,0.4969180114764385,0.00552938898246752,0.4980713151513584,0.003585965663352342,0.4972117765161095,0.0037214448921894794,0.49939475720994686,0.004787349551127695,0.5001689673810409,0.0053562357548683215,0.5022622476573344,0.007397594078192654,0.49866911425950033,0.003709257555701728,0.49786150948238117,0.003674374489241794,0.4981457327329923,0.005134306138470046,0.4976765455471145,0.004611770114886032,0.5014802750850481,0.005250140906326389,0.4998636822457667,0.004643992811599135,0.49779093774065136,0.005048590322966284
0.95,0.4974497334345391,0.005221136894665246,0.4983112268149853,0.003390075305574808,0.49798475719596214,0.0036655131531389273,0.49951978627788396,0.004701157110302084,0.5003499735734964,0.005263620732646246,0.5021122663036773,0.0070412389149791255,0.4986503977916743,0.0034381594704954443,0.49826607041453064,0.0038224868476391116,0.4983745013020541,0.005610234839351552,0.49827685148308154,0.004453780972643928,0.5014077162664188,0.005612296375789111,0.49988408296516074,0.005041878748881207,0.4982751262423239,0.00500381749711537
0.955,0.49788135840162556,0.005433667197589476,0.49822077580303425,0.0039236006858461014,0.49813938402224583,0.0034521336408809833,0.500088334200582,0.004885491471328024,0.5009708390107954,0.00537056655315829,0.501795786174492,0.006453922476756024,0.49913645309459476,0.0038849349031273572,0.49857901742789135,0.004273586443269473,0.49889306103839925,0.005222789163052743,0.49837849179955673,0.004163123901289784,0.5015602097383345,0.006112113243934375,0.5001264267957023,0.0056265553176715055,0.49887686058956915,0.004758491917118329
0.96,0.4979103558774417,0.005716136307455627,0.49844686745200306,0.0037834877536321587,0.4986250147145862,0.003729158896021517,0.5005174142230924,0.005144946315946697,0.5011714675541347,0.0055743168340996185,0.5019198997179046,0.006557253383410483,0.4993561052639658,0.00347573608936122,0.4987243270734325,0.005052269630444556,0.4995455220729733,0.005103807081468376,0.4990123918202395,0.004364355350844534,0.5014250615689283,0.0055980311008170525,0.4998665764384593,0.005397258598047017,0.49895332020241767,0.004723312061590462
0.965,0.49811107441396907,0.0053969180414095985,0.49915116380687824,0.0037495589240845173,0.499073494708291,0.0042024667476125155,0.5001800470633211,0.0051799883264951885,0.5012353763293108,0.004869342352133321,0.5015771898194916,0.006356026417541988,0.5001102415313993,0.003473877636571032,0.4987344806290044,0.004849638538965945,0.4996955158874161,0.005045004111806334,0.49932287776254003,0.0041639761989598345,0.5014833203019873,0.005933667673039322,0.49990517329521134,0.005447033194371481,0.49974805483391865,0.004753500879428552
0.97,0.4986384377728418,0.005032028081183609,0.49924814866222056,0.004070519517684751,0.49940701270687216,0.00391165547303321,0.5001297317752519,0.0053819877661994975,0.5014348145689547,0.0049060604237404215,0.5018361508462232,0.005981818801656241,0.5001589815257136,0.003556289201237489,0.49918124843964873,0.004534022287302403,0.5001798200315422,0.004794822026466555,0.4994586480723828,0.0044431300430568255,0.5013168544422105,0.005510760221591915,0.5003684804073929,0.00540112969033496,0.5000349901155713,0.004876259330314464
0.975,0.49901599543981057,0.004873214050745339,0.4994925715602361,0.004112061055806943,0.49992206352643476,0.004024224441785074,0.4997606613315069,0.00555588744389704,0.5014500214885442,0.004728719018972843,0.5019217864443094,0.005307776003311865,0.5003866863174316,0.004012980560461676,0.4997762613189526,0.004623405558940669,0.49973498877042377,0.004490137214844037,0.4991646518691992,0.004776404645198462,0.5009987065043204,0.005664277573426552,0.5003681455285122,0.004647871737296777,0.5003021924541546,0.0044153482868120875
0.98,0.4992401278672778,0.004993284729366415,0.5001775377182935,0.004050053542061727,0.5004230289510927,0.0038045623092626824,0.5001992861911351,0.0049198742347712765,0.5010266882196373,0.00467897658901556,0.5022217973078392,0.004998721068306816,0.5000894552058711,0.0043467494221974545,0.49998228278543266,0.004453921842635905,0.49983709294120876,0.004425461308992629,0.49889737941628814,0.004303258482594885,0.5006827810513121,0.005974049660928377,0.4999576849976973,0.004865077343218199,0.5005530837771235,0.004811874039623187
0.985,0.49972588160467635,0.004874705625367071,0.5006444948503209,0.004121823699643784,0.5007882117090492,0.003432847181249976,0.5003472670610181,0.004870919747098468,0.5011741383199765,0.004864761785504795,0.5019583172226315,0.004778019554421364,0.5004040760361603,0.004264230088231513,0.5000438606602892,0.004482765072190836,0.500287734955398,0.004379487241887803,0.49934705089645337,0.004397527253264699,0.5011295163767592,0.0056068204002936994,0.5004139584560079,0.0045093348259248045,0.5006854912729433,0.0047808676428601204
0.99,0.49999544509884086,0.0041556017793188404,0.5009963364537918,0.0038702903748160378,0.5009415722028776,0.003815526123901819,0.5004893547733023,0.004849081200481664,0.501354219297869,0.004681741536566669,0.5017641399319124,0.004225139628456082,0.5004632126427058,0.004293885684073573,0.500516621565277,0.004240476761502465,0.5002605372832881,0.004496561043491276,0.500000670589883,0.004263095595318844,0.5010602004224002,0.004929079137968279,0.5005992637062916,0.004326724682492428,0.5010371258237747,0.00452600581326873
0.995,0.5007609810736311,0.004187733197032473,0.5008673376998111,0.003989611176689639,0.5008673376998111,0.003989611176689639,0.5008342325612528,0.004589181936266423,0.501124628412364,0.00499387882911978,0.5013153527924163,0.004247245140111627,0.5012147233788692,0.00433699685574776,0.5012147233788692,0.00433699685574776,0.5004938492298725,0.004363099646628177,0.500558458118882,0.0044277085356376755,0.5014730997046634,0.004598960842019939,0.5012183683975857,0.00434422953494229,0.5012610964664264,0.004386957603782882
1.0,0.5011885743960738,0.004458524025976657,0.5011885743960738,0.004458524025976657,0.5011885743960738,0.004458524025976657,0.5011885743960738,0.004458524025976657,0.5011885743960738,0.004458524025976657,0.5011885743960738,0.004458524025976657,0.5011885743960738,0.004458524025976657,0.5011885743960738,0.004458524025976657,0.5011885743960738,0.004458524025976657,0.5011885743960738,0.004458524025976657,0.5011885743960738,0.004458524025976657,0.5011885743960738,0.004458524025976657,0.5011885743960738,0.004458524025976657
0.0,0.5948918908834457,0.034651562571525574,0.4546826034784317,0.09164287149906158,0.37356072664260864,0.010520994663238525,0.3596368134021759,0.024444907903671265,0.4878191500902176,0.12477941811084747,0.47594621777534485,0.07716676592826843,0.390561044216156,0.006479322910308838,0.390561044216156,0.006479322910308838,0.32330286502838135,0.06077885627746582,0.36949795484542847,0.04934459924697876,0.37356072664260864,0.010520994663238525,0.37356072664260864,0.010520994663238525,0.4028335511684418,0.018751829862594604
0.005,0.5948918908834457,0.034651562571525574,0.4546826034784317,0.09164287149906158,0.37356072664260864,0.010520994663238525,0.3596368134021759,0.024444907903671265,0.4878191500902176,0.12477941811084747,0.47594621777534485,0.07716676592826843,0.390561044216156,0.006479322910308838,0.390561044216156,0.006479322910308838,0.32330286502838135,0.06077885627746582,0.36949795484542847,0.04934459924697876,0.37356072664260864,0.010520994663238525,0.37356072664260864,0.010520994663238525,0.4028335511684418,0.018751829862594604
0.01,0.48637575656175613,0.037349410355091095,0.44176625460386276,0.023437343537807465,0.36607879400253296,0.013961255550384521,0.3016866594552994,0.0028287023305892944,0.4472592994570732,0.0968332514166832,0.45554594695568085,0.008881375193595886,0.3716253191232681,0.06710995733737946,0.3716253191232681,0.06710995733737946,0.31714877486228943,0.012633413076400757,0.3943144381046295,0.051915884017944336,0.3867938667535782,0.03767804801464081,0.3895217478275299,0.024674564599990845,0.3964986950159073,0.015582308173179626
0.015,0.466107115149498,0.02887807786464691,0.41404312352339423,0.002810393770535796,0.32876296838124597,0.019034941991170257,0.3343205749988556,0.00539331634839374,0.42809000114599866,0.08274200061957043,0.46016363302866614,0.02644111712773642,0.3982528547445933,0.06932559609413147,0.3982528547445933,0.06932559609413147,0.35446272293726605,0.0255354642868042,0.4026050567626953,0.03580882151921588,0.3882164557774862,0.04286845525105795,0.3934602439403534,0.03762466708819073,0.45910052955150604,0.02541607121626538
0.02,0.4502440430223942,0.0008527375757694244,0.39805394038558006,0.02917655184864998,0.3696870282292366,0.02247760444879532,0.36598822847008705,0.019539151340723038,0.4638325646519661,0.07208166271448135,0.4465303421020508,0.0028763115406036377,0.43767497316002846,0.05214759334921837,0.43767497316002846,0.05214759334921837,0.37893297895789146,0.006594400852918625,0.4161198139190674,0.026627525687217712,0.4126894399523735,0.005062006413936615,0.40519773960113525,0.012553706765174866,0.4568772055208683,0.020536135882139206
0.025,0.4413855165243149,0.007244828343391435,0.4271450102329254,0.01969234347343443,0.38104710578918455,0.027729356288909907,0.3948765814304352,0.021389442682266224,0.4420109689235687,0.031710213422775246,0.4462516337633133,0.02397281229496001,0.44036601185798646,0.024099987745285045,0.430314439535141,0.014048415422439564,0.39922698140144347,0.017039042711257946,0.4439472109079361,0.023088285326957725,0.4462018579244613,0.013907989859581,0.40640017986297605,0.0010642409324645996,0.4554879993200302,0.007505205273628246
0.03,0.4448217923442523,0.0006129369139671326,0.41786811252435047,0.0017152875661849976,0.38663750886917114,0.034989227851231874,0.3887034902969996,0.01923758288224539,0.47617243230342865,0.03517751395702362,0.441084124147892,0.011276202897230803,0.43372182051340735,0.03347457448641458,0.4272744754950205,0.023169298966725677,0.38923022150993347,0.014874955018361391,0.445784534017245,0.028633534908294678,0.42900872975587845,0.007654733955860138,0.43074801067511237,0.011929904421170562,0.44318638990322745,0.008814675112565368
0.035,0.42759673297405243,0.01471071371010374,0.4276167239461627,0.016949866499219618,0.40355053118297035,0.04276749065944127,0.4037385625498635,0.014604649373463202,0.4646831325122288,0.021727962153298502,0.4236130906002862,0.023070729204586554,0.41651974405561176,0.024407684803009033,0.4225139575345176,0.023807189294270087,0.3995452778679984,0.0008385096277509219,0.43546684724943974,0.02304003068378993,0.4356255722897393,0.009307352559907084,0.4284798375197819,0.0011570666517530248,0.4514701898608889,0.00782635169369833
0.04,0.4179291296750307,0.016084929928183556,0.43247370421886444,0.017256826162338257,0.41087543219327927,0.032008156180381775,0.4139884188771248,0.011677436530590057,0.45642347633838654,0.014121420681476593,0.432728772982955,0.03242778591811657,0.41771692782640457,0.028829336166381836,0.41517624631524086,0.010768961161375046,0.39848482236266136,0.0059224627912044525,0.4443244356662035,0.013231748715043068,0.4366855826228857,0.012079043313860893,0.4418781604617834,0.0015986282378435135,0.4537916537374258,0.00814659334719181
0.045,0.4212646732727686,0.030577349993917674,0.4314416448275248,0.02421542670991686,0.4217696802483665,0.027801220615704864,0.40698202451070153,0.01300026310814753,0.46307046545876396,0.020024233394198954,0.4464153167274263,0.017735353774494617,0.4155316650867462,0.028241167465845762,0.4215750926070743,0.011029326253467142,0.4001147449016571,0.010431021451950073,0.4385594642824597,0.005691851178805052,0.4444510307576921,0.0055234829584757394,0.42869916392697227,0.01234524614281124,0.4665051201979319,0.0024694104989369803
0.05,0.4122033789753914,0.020706842839717854,0.4265483826398849,0.028101631999015803,0.4256526455283165,0.034616656601428986,0.428729721903801,0.011207357048988342,0.46345001459121704,0.013941693305969227,0.45219873636960983,0.021955679357051838,0.41008737981319426,0.01556057035923003,0.415611258149147,0.008668693900108354,0.4136727750301361,0.00351085066795348,0.44888284504413606,0.0023972272872924694,0.43243056535720825,0.004958602786064137,0.437564480304718,0.0017298638820648082,0.4753918439149857,0.0023407250642776545
0.055,0.41558457098223944,0.01985336298292334,0.43737769668752496,0.02653639966791327,0.4358264939351515,0.023108008232983673,0.4291132146661932,0.011221484704451112,0.4624176621437073,0.012309773401780577,0.45195931873538275,0.017594127492471162,0.41423834182999353,0.015185705640099273,0.4330100498416207,0.006741336800835357,0.42169804735617206,0.008393501693552186,0.45123225992376154,0.014720063317905763,0.4360638911073858,0.014151532541621825,0.44570040702819824,0.007700427012010069,0.4671813114122911,0.000453263521194458
0.06,0.41865172485510505,0.02594132473071417,0.43661071360111237,0.0235474208990733,0.4365833463768164,0.012257644285758346,0.428194468220075,0.013514886299769074,0.46894509717822075,0.01868367319305736,0.4591364388664564,0.018338258067766816,0.42243735740582145,0.005011590818564088,0.436263769865036,0.005773752927780151,0.4339593599239985,0.003469342986742646,0.4553748890757561,0.01135005553563434,0.4370681320627531,0.010861088832219451,0.44874780252575874,0.009178607414166151,0.4706290327012539,0.004056479781866074
0.065,0.4207887787085313,0.025715266282741844,0.439000645509133,0.02169801867925203,0.43069633726890266,0.003812577862005978,0.4380319141424619,0.01539403887895438,0.4709737954231409,0.030167250679089458,0.4592501326249196,0.012463174187220039,0.43114948731202346,0.009146905862368049,0.4322578838238349,0.0017623190696422764,0.4397258449059266,0.002752142456861645,0.45787100608532244,0.0034935864118429416,0.4390031764140496,0.011426118703988878,0.45659914498145765,0.005958879223236679,0.47077381954743314,0.0035078835028868605
0.07,0.4212442806788853,0.022211715579032898,0.43455074088914053,0.017370330435889092,0.43456074063267025,0.006918303668498993,0.44564943122012274,0.016572297683783932,0.47647179024560116,0.03224466953958785,0.4546646763171468,0.007297101829733171,0.4327025924410139,0.010088614055088596,0.4342573487332889,0.0022583848663738915,0.43973213540656225,0.005486593714782162,0.4606757185288838,0.006911890847342367,0.4369483504976545,0.009667449763842983,0.46323418617248535,0.00018487870693206787,0.46895482816866463,0.004819968981402273
0.075,0.4165636618932088,0.021698043743769324,0.4382960826158524,0.01212736070156098,0.43937370777130125,0.003819068272908538,0.4426952848831812,0.01970246930917105,0.4802649557590485,0.031467143694559746,0.4597906519969304,0.0036736855904261345,0.4368197957674662,0.011924711863199877,0.437172852953275,0.002292234698931389,0.4385431855916977,0.001196943720181809,0.45830914974212644,0.004392447074254374,0.4364259938398997,0.006466925144195557,0.46433423161506654,0.0032424290974935044,0.46507923702398934,0.003319359819094342
0.08,0.42019835859537125,0.020957959815859795,0.44159119110554457,0.009141524322330952,0.4370685275644064,0.008451586589217186,0.44451575819402933,0.020140218548476696,0.48511857725679874,0.023684147745370865,0.4649204080924392,0.008914145641028881,0.4418318569660187,0.012334633618593216,0.43677358236163855,0.006383019499480724,0.43903632555156946,0.002559795044362545,0.4613903574645519,0.0058165621012449265,0.44168413430452347,0.008789734914898872,0.4660818260163069,0.004000488668680191,0.46301608718931675,0.0020574182271957397
0.085,0.4177856129758498,0.02221947382478151,0.4364479192916084,0.003213695743504691,0.4333847375477061,0.011190467021044564,0.44314051989246817,0.01909044998533585,0.4821510963580187,0.023222071283003853,0.4645487587241566,0.01015991586096146,0.44025691817788515,0.007744470063377834,0.43902212469016805,0.0026491994366926175,0.44332225094823274,0.003195556647637293,0.46342431184123545,0.01409840145531821,0.44014644272187176,0.007509941563886763,0.46268179662087383,0.002874016761779785,0.46372095276327696,0.0014219547019285461
0.09,0.4195639474524392,0.021306080950631023,0.44303341375456917,0.0011068781216939383,0.43649816430277294,0.013091507057348906,0.4386838782164786,0.016482557687494487,0.48447729398806894,0.02029456943273547,0.468366968135039,0.004697691235277385,0.43948126418723,0.00239851160181892,0.44484037657578784,0.0029606007867389317,0.43493617988295025,0.002514729069338917,0.46128452403677833,0.007739786472585469,0.4457837525341246,0.005788243479198901,0.4662209244238006,0.004220433533191681,0.46297168069415623,0.00013983746369677919
0.095,0.4213098805201681,0.024301704607511798,0.44701975113467163,0.0003477319290763614,0.4383085958267513,0.01254572915403468,0.44075251017746175,0.008526267974000218,0.4821200268833261,0.017660814680551223,0.4671287638576407,0.0023915900995857,0.44572417673311737,0.002592880474893672,0.44606427613057587,0.0022119424845042923,0.435709472549589,0.008411816076228512,0.46778415692479985,0.006822524886382242,0.445020223918714,0.0041386594897822315,0.46362858932269246,0.007023834084209646,0.463813874282335,0.0019287874824122364
0.1,0.4237001180648804,0.0250142440199852,0.4492889232933521,0.0014490820467472076,0.4387135230004787,0.013566004484891897,0.4428358159959316,0.00894285216927529,0.47910350039601324,0.01953451707959175,0.4688140146434307,6.836578249930225e-05,0.44586959928274156,0.003999523818492889,0.4460827335715294,0.0009512171149254067,0.4358780778944492,0.006165977567434311,0.4773349978029728,0.004874206334352482,0.4453112319111824,0.00654317736625673,0.4643663205206394,0.00288231298327446,0.46790320202708247,6.228610873224016e-05
0.105,0.42966783614385695,0.022337968860353746,0.45120023261933095,0.0007822641304560951,0.44072687980674563,0.006651705929211216,0.442974981097948,0.007793376133555463,0.4814618861391431,0.019821454371724806,0.4665198432547705,0.001356977082434152,0.4469070065589178,0.0017085274060567313,0.4450063762210664,0.005110079333895734,0.4357548448301497,0.003960055254754569,0.480292246455238,0.0038269729841323152,0.4501931035802478,0.003215865719886052,0.45817724083151135,0.0034576363506771124,0.4733498014864468,0.008678886507238665
0.11,0.42795717309821735,0.02194486152042041,0.44819946316155523,0.0016803226687691353,0.43941269747235556,0.006072446026585326,0.4451504918661985,0.010994197292761382,0.4812019568952647,0.01699348132718695,0.46922793103889987,0.0030680630694736033,0.45036584274335345,0.0008039244196631767,0.4466644403609362,0.001118515025485628,0.436775993894447,0.0050372339107773445,0.47635823488235474,0.00027518109841778715,0.4472495148127729,0.006887955421751191,0.4575577574697408,0.0038095218214121707,0.47047916224057024,0.010354936461557052
0.115,0.4292279546675475,0.020883412464805268,0.44868027645608655,0.004921963681345398,0.4377623919559562,0.005932092018749391,0.4443728003812873,0.009277748024981936,0.4785656741131907,0.01659996807575226,0.4725279885789623,0.006604851587958954,0.45092602916385816,0.0009623014408609021,0.45042220405910327,0.002375258051830781,0.43898993341819104,0.010168347669684358,0.47244608531827514,0.0016097335711769412,0.44742000167784485,0.005302160330440675,0.45129802369553107,0.0014238960069158648,0.4715547156722649,0.014927876708300203
0.12,0.4322427877535423,0.019149287914236396,0.44624149799346924,0.007450137287378311,0.44241005989412463,0.005109497035543115,0.44637350675960386,0.008101959402362496,0.4765601623803377,0.013236757988731085,0.4674585722386837,0.005671622852484404,0.45396436378359795,0.0007140673696994781,0.45249024902780854,0.005464269469181687,0.43893833458423615,0.010903379569451033,0.4674339021245638,0.006842856605847686,0.44848755126198137,0.006465898205836623,0.45226537249982357,0.003175964578986168,0.466686793603003,0.019713197834789753
0.125,0.4345637458562851,0.014654261469841001,0.44562944650650027,0.006086522340774531,0.4419910269975662,0.0068616825342178445,0.4511219507455826,0.009799709916114813,0.4764753520488739,0.01474313378334044,0.4665907287597656,0.00433053374290468,0.45482629477977754,0.0023838227987289518,0.45355112075805665,0.005023159980773906,0.43973058938980103,0.008346370458602925,0.4671036183834076,0.007436004877090452,0.45323024213314056,0.008700581192970291,0.456380450129509,0.0024120575189590376,0.46707531899213794,0.01910260766744612
0.13,0.43465026582662875,0.014409987399211288,0.448835368339832,0.0039437699776429525,0.4449895115999075,0.005237151797001183,0.45584216312720227,0.012145031530123501,0.47491448659163255,0.011435740269147454,0.4684510139318613,0.004444398559056789,0.45728984761696595,0.0025442810012744066,0.46060710343030786,0.0051229951473382995,0.44196829199790955,0.009296461939811707,0.4719337075948715,0.0030420113068360677,0.4510607816852056,0.007555073843552501,0.4587819077647649,0.00057429476426199,0.4694160380615638,0.01631087609208548
0.135,0.43927499817477333,0.010032939138235858,0.4491153182806792,0.005388004912270455,0.4447980578298922,0.004412099167152683,0.4577770757454413,0.013402808043691872,0.4771725121471617,0.012240582594165078,0.4683992211465482,0.004005754435503911,0.46254643577116505,0.0013326384403087588,0.4654325677288903,0.006364692140508582,0.442710495657391,0.009143897780665655,0.46906103248949405,0.003349765583320896,0.4528781412928193,0.004264628997555475,0.45827836736484806,0.0007523038872966069,0.46718321878601005,0.014809748364819408
0.14,0.4365737624466419,0.01275832897850443,0.4467766753264836,0.003971520279135027,0.44412683482681004,0.004165012921605787,0.4556534146623952,0.013109235359089727,0.4726415473435606,0.011259271098034707,0.4713570683130196,0.003960267241512022,0.46445763590080397,0.005338023283651905,0.46449146100452965,0.007441130067620955,0.44570453518203323,0.005138763891799097,0.46838124628577915,0.002214358321257992,0.45198142794626095,0.005147703524146757,0.4568449434425149,0.0002818772835390948,0.4671641218342951,0.01116288054202283
0.145,0.4338116147394838,0.011584608205433555,0.4498489612135394,0.0018075252401417718,0.4494387761786066,0.009801081285394475,0.45844115625167714,0.010431453585624695,0.46766498530733175,0.009111547778392681,0.47007934132526663,0.004219711340706922,0.4629632548011583,0.007032089706124928,0.4610831069535223,0.007149868998034242,0.4483091199192507,0.0035174576372935806,0.46632579174535027,0.0021881861933346625,0.4502056924433544,0.004716634236533068,0.45814253595368615,0.0015692469374886941,0.46545963785771666,0.012268310220077128
0.15,0.43201344758272175,0.010758055746555334,0.45117537776629135,0.005846835176150006,0.45222662364443145,0.003927059719959908,0.46144762535889944,0.008013264338175452,0.47038316279649733,0.00830856909354527,0.4730126286546389,0.004857003192106885,0.4656011134386062,0.004509338736534113,0.46091669946908953,0.0017562543352444837,0.44642295787731806,0.0025274549921353584,0.4666609386603038,0.0024217526117960853,0.44869483858346937,0.005900623897711427,0.4589881896972656,0.0001228084166844945,0.46352857574820516,0.013460908581813175
0.155,0.43466945761634457,0.011661448305652994,0.45180576943582107,0.005211195638102878,0.4532376736883194,0.002890787538020856,0.4626729190349579,0.008152669475924579,0.4709963567795292,0.007332848925744345,0.47494912195590233,0.00622180344596987,0.4654992078581164,0.0012090927170168853,0.46156744226332636,0.004536953664595084,0.44722830864690966,0.00015460002806877426,0.4702562891667889,0.003456905003516919,0.45060859860912444,0.004184270097363385,0.4596261747421757,0.0020147321685667907,0.4643917114984605,0.010554061060951608
0.16,0.43605398619547486,0.01146970922127366,0.4538770909421146,0.006212085951119661,0.45241271727718413,0.00671941158361733,0.46577662928029895,0.007646630052477121,0.470465668477118,0.006894299760460854,0.4737015892751515,0.007336630951613188,0.4639808386564255,0.0015337690711021423,0.46389484172686934,0.004954762291163206,0.4484669268131256,0.0005376590415835381,0.4714164682663977,0.0019468828104436398,0.4494934268295765,0.0029417257755994797,0.4663128654938191,0.0009289735462516546,0.4661333460826427,0.008244148688390851
0.165,0.43331222958637006,0.009235403302944062,0.45257235973170307,0.006559876329971098,0.45443888843962643,0.0059114222725232535,0.4640190190438068,0.008385636138193542,0.47031946886669507,0.006418396126140258,0.4739876380472472,0.004449980728553987,0.45956663471279724,0.0009757822210138545,0.4630218884258559,0.0057068823864965534,0.449017883701758,0.0031668981819441833,0.4701966747190013,0.0002693339730754085,0.45141019468957727,0.0027692485036271974,0.4640035690231757,0.001110952686179778,0.46728435090997,0.0062064440412954724
0.17,0.43484563248998975,0.009576277697787544,0.45446860220502405,0.00911832425524206,0.4553509190240327,0.006350060815320302,0.46484513493145213,0.008805792997865103,0.4701744282946867,0.009642217965687011,0.47384440898895264,0.0036777976681204305,0.46200453752980514,0.0012851922827608608,0.46394404549809065,0.003601824097773626,0.448252273394781,0.003378529320744922,0.47320102681131926,0.0014453512780806532,0.45385002257192836,0.0021046982968555006,0.4629063665428582,0.00044927680317094487,0.4655679251779528,0.0017179642968317976
0.175,0.43547885843685696,0.00907384412629264,0.45321796153272903,0.008512520364352627,0.45638151956456047,0.002763779887131279,0.46477221931729995,0.008934011629649546,0.4733333200216293,0.008786476935659121,0.4742100809301649,0.00047845244407654364,0.46437700688838957,0.0032653114625385837,0.46706835755280085,0.004708496587617073,0.45101200895650045,0.0035490508590425573,0.47527279002325873,0.0008113188402993354,0.4527323241744723,0.0023041950804846556,0.4662912494369916,0.0012756456221852952,0.4696087835090501,0.0013108157685824684
0.18,0.44023080315026974,0.013244994605580956,0.4554812080330319,0.009065555201636433,0.4568778261956241,0.0025697832720147085,0.46270836061901516,0.009447888367705881,0.4725534998708301,0.010473467409610748,0.4769617228044404,0.0019481604297955923,0.4645223265720738,0.0018265839252206983,0.4662475383116139,0.004461889051728785,0.4543623924255371,0.004548663066493153,0.47622069757845664,0.0014953973392645425,0.45679144230153823,0.003012316094504447,0.4690489870392614,0.0025486840556065427,0.47103135474026203,0.0005446575168106538
0.185,0.44005830767186915,0.011722808552754899,0.4597980257224392,0.004750792440530421,0.4562064113246428,0.0007031988855954741,0.4613332192640047,0.009442580712808152,0.4710058634345596,0.01085305938849579,0.4753705480614224,0.002942596738402886,0.4649562678627066,0.0007890837418066676,0.4683166927582509,0.006188720464706421,0.45629571418504455,0.005795226709262746,0.47528496747081345,0.0009670100502065515,0.454924547994459,0.00456247941867724,0.4700055382138974,0.005090691954702964,0.4702697704369957,0.00049846418000557
0.19,0.4422005518878761,0.010610590051663538,0.4589306847437432,0.001325593771118877,0.458328593914446,0.003119915919868571,0.46344240676415593,0.009471005907184193,0.47111479192972183,0.009748296910210674,0.4767295380956248,0.005462327285816776,0.4638414394698645,0.0002658065212400307,0.4693664594700462,0.005790826521421738,0.45696869100395,0.00358031297984876,0.478365830684963,0.0019160367940601608,0.45377082652167267,0.0024420517055611934,0.4696051017626336,0.005240192734881438,0.4730653415777181,0.0009104948686926018
0.195,0.4432108870301491,0.009469468051042318,0.4586623328236433,0.0008325574871821395,0.4576096506072925,0.00208714852730435,0.46319649425836706,0.009170422569299369,0.46951830883820855,0.009141185726874917,0.47645875314871466,0.004293956435643703,0.4621902631643491,0.0011283224209761022,0.4686986055129614,0.0050720740587283375,0.4577433440165642,0.005587676778817774,0.4778281969901843,0.003037966214693516,0.4549702719236032,0.001954053456966698,0.46830547868441313,0.004384105213177503,0.472586279305128,0.0002523246101844012
0.2,0.4456772835925221,0.01142075750976801,0.45899090189486746,0.0009783325716853086,0.45761493165045974,0.0022179858759045767,0.46347391344606875,0.011659952625632297,0.4708969216793776,0.009165754541754723,0.4762674171477556,0.004170840606093407,0.4641707669943571,0.002415482327342011,0.4683712039142847,0.0036426421254873165,0.4572686325758696,0.0051918659359216635,0.47456454336643217,0.004108260571956651,0.4555291198194027,0.0024540118873119243,0.4653630981221795,0.0025920869782566913,0.4757639555260539,0.0033620217815041598
0.205,0.4486878690559689,0.009029995559192289,0.45848810545554974,0.0015432992722929917,0.45656097898396053,0.0012046398549545312,0.46591729034737844,0.011362496309164083,0.47171170609753305,0.010385777165250076,0.476928158504207,0.006485157623523613,0.46703324775870253,0.0030792126568352507,0.4664046390027534,0.004095270502858045,0.45981498389709285,0.0063813641303923085,0.47529048854258005,0.003157027247475436,0.4559738661457853,0.0009469575271373876,0.46562981296603273,0.003418843012030548,0.47603281223919336,0.0020919931007594428
0.21,0.44951501825735685,0.009447581533874788,0.45748826311457724,0.002719722865592855,0.45741980327736764,0.003988287810768404,0.4670599170383953,0.009173910177889322,0.475433373380275,0.008640327978701817,0.4767283541815621,0.007420163069452562,0.46698987022751853,0.0029975818026633516,0.46771626068013056,0.004776265294778925,0.45868509936900365,0.0068829861425218075,0.4736468944521177,0.002994171565487286,0.45796130526633494,0.0014195066122781597,0.4662335711930479,0.005420544849974784,0.4751233776055631,0.0024944219206060603
0.215,0.45320512094469956,0.008919795411963805,0.45804281376822054,0.0033642086525295933,0.4593700387103613,0.004336476499258085,0.4660185696773751,0.00982967123042705,0.4746490373860958,0.00709926908792452,0.47674194844656215,0.009604637359463902,0.46686618099378985,0.004713007530500746,0.4701638963333396,0.00515496938727622,0.4591432750918144,0.006074395637179514,0.4742103004178336,0.00170856644940931,0.4576700853053913,0.0004715798206107735,0.46789053238408507,0.00476090384777203,0.47363680098638977,0.003498248062854592
0.22,0.4556119565597989,0.009640734473412682,0.4609123906967315,0.002263122153553093,0.46117445470934565,0.002592543817379278,0.4661324081773108,0.009528448297218828,0.4740612283349037,0.003998060795393832,0.4780535687777129,0.008385787971995101,0.468322603539987,0.005134098909117951,0.4688979847864671,0.0057094801555980235,0.4610526754774831,0.008242446929216385,0.47519252212210134,0.0008783418346535177,0.4593905213881623,0.0009286298670551918,0.46935779855332593,0.006490205329927529,0.47466365434229374,0.0023876111954450607
0.225,0.4568491053250101,0.009347031348281437,0.4615432591901885,0.004402361479070471,0.46159299463033676,0.001236634618706156,0.46382072468598684,0.007968386345439504,0.4737282885445489,0.007474798626369905,0.47788005438115866,0.009205023116535621,0.47034767170747116,0.006201732489797801,0.46814364029301536,0.0033629778358671425,0.4625404487053553,0.009526451759868215,0.47807818866438334,0.0027131016055742807,0.46003685262468125,0.0020356641875373116,0.47079396264420614,0.00459901442130406,0.47594479504558773,0.004186005228095591
0.23,0.45738281487770704,0.010943582362454879,0.4626247774323692,0.0021445632952711013,0.46113741576023726,0.0018358300237552028,0.4683269453437432,0.009380116734815702,0.47381160311076953,0.007039622120235289,0.47700712311527005,0.006042024687580444,0.4703920490067938,0.004709377884864807,0.46932209574657935,0.0036394246246503614,0.4624060881526574,0.009563778081665864,0.4778455549284168,0.004672888342453108,0.4609866893809774,0.0009178532206493839,0.4698964190547881,0.005694540460472519,0.4757412560284138,0.004117207844620163
0.235,0.4563681228046722,0.009974173884442522,0.4620935848735749,0.0024409203770312804,0.4603560482884975,0.0024634629805037334,0.46993782387134875,0.01127525751895092,0.4761380407404392,0.006989336394249118,0.4767378248432849,0.0062675060743981326,0.4738418001760828,0.0017739916418461066,0.47250391939219005,0.00043611085795339233,0.46425104046121557,0.011346913081534349,0.47704597499142304,0.003186409302214366,0.46432579609941926,0.0007850023660253835,0.47184922863194284,0.0055427812832467005,0.47588743982796977,0.003294986771776337
0.24,0.4560226656806966,0.008359419958045095,0.4606119178545972,0.00243392198656997,0.45993586303666234,0.0020654032317300453,0.469691364094615,0.010036912436286627,0.4769936356072625,0.008124118360380322,0.4782622599353393,0.004816314205527306,0.4744495456106961,0.0010899064751963006,0.4715396095998585,0.0007101975691815032,0.465223528444767,0.010981172944108664,0.4771706252358854,0.004213089278588711,0.46425696803877753,0.0001921365037560463,0.4727719911995033,0.004407373101760953,0.47558465336139005,0.005274548660963774
0.245,0.456401208985825,0.008550875193002294,0.46062058347220325,0.0031494089231199063,0.4591359950754107,0.00495071724361304,0.4704347420103696,0.010668309063327552,0.47627267028604237,0.008756069200379496,0.4795551068928777,0.006668241656556412,0.47483706763204264,0.0028963729130978555,0.4726136361761969,0.0031104600247071623,0.46445354788887255,0.00856643215734132,0.4749003875316406,0.004119202950779277,0.46520547872903395,0.000911263482911262,0.4756211195977367,0.0025395801176830157,0.4740050238918285,0.006398954713831145
0.25,0.45595284834504124,0.007984879761934266,0.46110290065407755,0.005279676169157033,0.46085954770445825,0.0045646224915981415,0.470659504532814,0.009391688108444207,0.47348972529172895,0.010072976052761057,0.4820748168230057,0.006180672049522384,0.4739147655665874,0.003296007663011552,0.4715850900113583,0.0036565257608890678,0.46585179537534716,0.00996035069227219,0.4756561203300953,0.001899955421686167,0.4637197986245155,0.0012591186165809842,0.47768736258149147,0.002874100953340508,0.47434164777398113,0.007835204452276229
0.255,0.45444282787103274,0.008981028169977895,0.46213709621452814,0.004266477536921415,0.4626280561673875,0.0036252037275071314,0.4725804083487567,0.01040200509277045,0.4727731414285361,0.010320754320013753,0.481700167352078,0.00607885274232603,0.4733361325719777,0.0031412788758090893,0.4735805192122272,0.004354952743240409,0.46525119770975676,0.010086201861792904,0.4745999120321928,0.0007816256553518919,0.46674344469519224,0.00019731650165483172,0.47594690688100516,0.0016103709737460004,0.4727100363256884,0.008778387863262044
0.26,0.4555632888984221,0.009919685669816464,0.4604299648736532,0.0023369352118327025,0.46220154730746377,0.0028797779232263565,0.4722952613463769,0.009242074993940502,0.4755650079594209,0.010211697278114468,0.48210987677940953,0.005960714358549862,0.4743788487349565,0.00529111191057241,0.47303428200001896,0.005066296372276097,0.46614067113170254,0.010410088472641438,0.47497097302514774,0.001479373671687545,0.46872229730853665,0.0005286522209644318,0.47577811390734637,0.0006500346442827876,0.4746382186332574,0.008069787317743687
0.265,0.45447939507803825,0.010473991761792395,0.4600637500297348,0.002354923706009704,0.463135117770366,0.0007905477903923652,0.4722092421549671,0.01040158069358682,0.4771201087618774,0.009772256297885251,0.48324812189588007,0.008128464784262324,0.4743077517399248,0.005134536550854746,0.47287875905914123,0.00502375794469187,0.4663686929446346,0.01009528788755526,0.47602104620551167,0.0029632458990474786,0.4694578706655862,0.0014990542857152012,0.4773539536685314,0.0001886870782330241,0.47328606233844217,0.00988632454624716
0.27,0.454670361208695,0.010227959327123781,0.4604163472023275,0.0017816149802119818,0.46278217117543574,7.401048033317537e-06,0.471888594881252,0.013102785028793196,0.4776180220974816,0.012400628240020195,0.4824843271463006,0.009393892630382816,0.47355544608500266,0.005410727113485336,0.4736777128720725,0.006171885050005377,0.46487450627265153,0.010988608830504953,0.47559056858773585,0.0017601733130437336,0.47042033986912835,0.0033232467593970194,0.47570771599809325,0.001450077389125476,0.47246080126475404,0.010126913173331142
0.275,0.45489100935784255,0.009216900982639997,0.46030504473231054,0.0002986589615995294,0.4621078297495842,0.0006622757424007975,0.4731452530080622,0.012204862724650989,0.47621560530229046,0.012308858741413464,0.48233604376966305,0.008574585481123498,0.47292074330828404,0.006182790479876771,0.47395939027721234,0.006342430412769301,0.46586557735096323,0.010191317579963,0.4742418057539246,0.0014282016591592173,0.4708602385087447,0.003629427064548857,0.4770806473764506,0.0013740375638008062,0.47326154288920486,0.010103414139964378
0.28,0.454350306120302,0.009776061799909391,0.4615728052865182,0.0017194198444485664,0.4625700833275914,0.001967587774353352,0.4753442087343761,0.011589168970073976,0.4759743261550154,0.011387752102954063,0.48119477235845154,0.008803333554949083,0.47149833065590685,0.004845344727592821,0.47208677511662245,0.005433789188308391,0.4650689187858786,0.010006239371640357,0.4715727441278952,0.0022505161219409653,0.4714193671409573,0.003855568223765926,0.4775028363136309,4.232448658772481e-05,0.4731271199083754,0.009910202851252908
0.285,0.4563896165866601,0.007343099959063931,0.4627143274012365,0.00161346440252505,0.46479430311081704,0.0029028043673749726,0.47591868984071833,0.012031763269190199,0.47541384843357826,0.01158448164923151,0.48154055627814507,0.009459200919720162,0.4744995188033372,0.005759070447662412,0.4729206464008281,0.0064589808646001445,0.46511223467818474,0.008350583806372519,0.47088830212229177,0.0023711858349934056,0.47195255311957574,0.0028275065777594592,0.47581109679058975,0.0013556351002893818,0.4741285504740581,0.009019578888750907
0.29,0.4578414280609838,0.00599983578612065,0.4632153607391078,0.0023900919176381152,0.46546512546724284,0.004900887993903008,0.476227302232693,0.009597173281784721,0.47712858997542285,0.014301059574916453,0.48209296398121737,0.009234751349893128,0.4733837471696837,0.004371579479554605,0.47311865371362916,0.004602217854096979,0.4638165345993535,0.007078846723868937,0.47057171512780516,0.003256972365338201,0.47054266081801777,0.0025086693208793143,0.4760824987857506,0.0012119706591655344,0.4740909845407667,0.008072949303635252
0.295,0.45719238143351115,0.006828718645087745,0.4626579980476428,0.0027987276345996515,0.46487572347208606,0.004466161763263976,0.4754759500087318,0.00933564946813098,0.4770376018043292,0.015202063877703786,0.4813867713940346,0.007822106702853049,0.4734998664866059,0.004712519883099259,0.47215967675891973,0.005154605007777757,0.4640309669203677,0.008155886399543871,0.4716100810190379,0.0035419177453396566,0.4704126011011964,0.0023929989438946087,0.4778074186484692,0.0024309359112028306,0.4763165395391189,0.008058150819802684
0.3,0.45926073752343655,0.0072849319626887565,0.46431249616046744,0.002714411541819589,0.4646926453957955,0.004277992124358809,0.47552882929643,0.00964251160621643,0.4769528975089391,0.013726296524206816,0.481463348120451,0.008495923628409702,0.4731222009907166,0.0035061755528052463,0.4720099028199911,0.00414644765357175,0.4634089916944504,0.007705387473106395,0.47258085322876775,0.003113741303483658,0.4716653433938821,0.002984949201345455,0.47763290914396445,0.000923905397454905,0.4757227613280217,0.006191983943184237
0.305,0.4600580919717179,0.006304399278320244,0.4638359447727438,0.003495036212147279,0.465003744622723,0.005730764665564547,0.4761283231563256,0.008695218406739785,0.4751207242246534,0.014843516173909943,0.48085732220626265,0.008011319842494896,0.47410378751696136,0.00427637224803204,0.47239413600964625,0.004257947817200514,0.4670660653319515,0.0062791738109510276,0.4716619796684531,0.0020098032765701324,0.47182347979701933,0.002503292970970017,0.4789987908767872,1.2388361282034133e-05,0.4749634528502089,0.005953995541470969
0.31,0.46101466866750873,0.005098449006195993,0.4634587455901408,0.004005389468323822,0.4653871284136849,0.005937472586670212,0.4776697367910416,0.007807232439517975,0.4760619351460088,0.014361991276664127,0.48244523377187787,0.008655520696793845,0.4746696080171293,0.0048966627688177,0.4736764381729787,0.006569866331354257,0.4671788469197289,0.007004953800670566,0.472939296235,0.0007450644287370911,0.4729303893062376,0.0012879407694262879,0.4796672894829704,0.0017008989328338164,0.4750263644081931,0.007037658725054047
0.315,0.4620994432341485,0.004158288122169562,0.4646756326158841,0.005202249520354807,0.4651470353442525,0.005231569328951469,0.4775705235818076,0.007248354573098442,0.4781294434316574,0.014796031136361382,0.48398578805582865,0.007991549278062504,0.47511758513393854,0.004200896928234693,0.4740707442637474,0.007313222757407589,0.4684639020808159,0.007454872486137215,0.47311928974730627,0.0005070407475744054,0.47231512670479125,0.0020493782228893642,0.4798939832382732,0.0014644886056582318,0.47634214860579327,0.007181378702322633
0.32,0.4620035981060937,0.0052852059016004205,0.465596342808567,0.0070119715528562665,0.4654805479804054,0.004127760301344097,0.47736702975817025,0.00792123400606215,0.4791911302600056,0.015809017000719905,0.4849528723862022,0.008082126034423709,0.47564538789447397,0.005152692669071257,0.4744186914758757,0.007991967140696943,0.4678920154692605,0.009420194546692073,0.4740499454783276,0.00018659362103790045,0.47305673849768937,0.001931629842147231,0.4802263892488554,0.0002681188052520156,0.47737538476940244,0.007634735316969454
0.325,0.46244416660987414,0.00416048409847114,0.4664634714906032,0.008450771180483013,0.46679401042369695,0.005239702531924628,0.4764682176021429,0.007249023593389081,0.47943376577817476,0.015930260603244484,0.48524840542903314,0.0070950501240216735,0.47376212099423776,0.005913503009539384,0.4751235043773284,0.008696417739758128,0.468882768543867,0.00869463349764163,0.4749119505286217,0.0014311172641240377,0.47325706825806546,4.572845422304295e-05,0.48154248790099075,0.00028190693029991887,0.47765270551809896,0.00651975331398158
0.33,0.4622997437236887,0.0017598012857364953,0.4660637926197413,0.007866028922073748,0.46661614954020036,0.004307650368322036,0.4776233556595716,0.007127246170332918,0.480231976193009,0.015915810836083955,0.4851981078584989,0.0070102551218235165,0.47348311961148726,0.0065973598622914575,0.47445483088041795,0.0068852947742649995,0.4684983267251289,0.008298581183859788,0.47575589732238743,0.0005757078302629226,0.47230856143163913,0.000883689658208342,0.4832549597503561,0.0025420178743926214,0.4779311839604017,0.007405019957910902
0.335,0.4630669841348235,0.00040949380664681567,0.468021642472317,0.008425277449301827,0.46613342537363966,0.004081524686137233,0.47805375105409476,0.008524406534522327,0.48006873855839916,0.01574025425448347,0.48688080017246416,0.007043808698654175,0.4748159850488848,0.006264669792865635,0.474133299913869,0.009085284129007526,0.46949194716428644,0.008890751471270386,0.4759367151714083,0.0016901885618024748,0.4715669784528106,0.0002296320093211901,0.4820266731861812,0.001546140370973892,0.47813448587905116,0.007398630144880791
0.34,0.4640864899710697,0.0009215321830090273,0.46835788153111935,0.00854305714807091,0.46600392362212434,0.004309694227926875,0.4786332953063881,0.009369994568474177,0.48169491812586784,0.01539775137515631,0.4871003614629016,0.006135165253106284,0.47430084086954594,0.007165689569185785,0.473299976766986,0.009437455302652192,0.47054960414328995,0.00937883588759339,0.47436918438795733,0.002167578677044202,0.4723350673037417,0.001679239904179286,0.48280304440242405,0.002115600797183398,0.4798366566572119,0.0070134630317197355
0.345,0.46405361085266306,0.0014635437856549693,0.47085559810849203,0.007489773566308255,0.4663711282006209,0.0053734177912490855,0.47928619924662774,0.009861059594845428,0.4825470777957336,0.01388627873814624,0.48826838144357654,0.006841992554457277,0.4756200774640277,0.007668631340282561,0.4735524381200472,0.009802365324635437,0.4732385127656702,0.00987203343622925,0.4744381167102551,0.0032205926119417416,0.47305681588857074,0.0023347862820694287,0.4815472073960995,0.0013190072731695257,0.48071082227903866,0.007205627858638763
0.35,0.4638475561780589,0.0017075624849114956,0.4707537784108094,0.007024669966527397,0.4686407679958003,0.005964768039328716,0.4798761655177389,0.010589224312986645,0.4821039270077433,0.012711407244205497,0.4881745057446616,0.00782786735466548,0.47509338461927003,0.007377839620624271,0.47390238206301416,0.008633992608104435,0.4730506936354297,0.009640160096543171,0.4745799946997847,0.002706448414496021,0.47473670350653785,0.0021935758846146625,0.48081462372626577,0.0005775640053408693,0.48100370583789687,0.007176739083869094
0.355,0.4639549737035389,0.0015573716709311458,0.4722572694152174,0.006911979699638526,0.46931122757599386,0.006827852360799275,0.47906087926575835,0.009559667236368419,0.48308614945747486,0.012634345343415149,0.488949404845775,0.008674919395379593,0.4751824853076062,0.00871158244324402,0.4737326782983793,0.008541995056078472,0.47490319368285194,0.011468279844438517,0.47414283276023994,0.0030895558671212575,0.4753303026229563,0.003608426367732842,0.4801439792967178,0.0006381484194540599,0.48113718975177955,0.006761483218468395
0.36,0.46422144905146623,0.00031459114203849503,0.47142981603327727,0.006802732849286647,0.47002671048459077,0.006075001321732998,0.47894238784081405,0.010740354450212597,0.4826355605489678,0.012845325387186468,0.48967393611868226,0.009026291469732911,0.4742650405193368,0.0073448255037268095,0.47466913062251276,0.0090113544008798,0.47584442514926195,0.011744288831121386,0.4738958470730318,0.003202804571224571,0.47547221866746747,0.003571819720996766,0.48026999696675277,0.000203396400643735,0.4806134979137116,0.007398945900301157
0.365,0.46443206939386994,0.00039218090576667586,0.47093132046395786,0.00651831179857254,0.46985354948125474,0.005662515453279837,0.4780837189253062,0.011029187334726936,0.4838451204234607,0.013201453914381045,0.489388134585668,0.007404987330306062,0.47430793522563697,0.00790091971420262,0.4763548495630695,0.010891859764105644,0.47513612625125334,0.010697694571867394,0.4735278957714773,0.002905159678361191,0.474662745039757,0.0034346962220048183,0.48078872824776664,0.0011142952597304467,0.47930968226227044,0.006393434148128735
0.37,0.46389514580368996,0.000337961054331537,0.4719648031970939,0.00691776853558182,0.4705986387624934,0.005977358467675525,0.47926139126758316,0.01152064167969935,0.4824648628363738,0.01193827551764412,0.4891770012878083,0.007606621328237889,0.4748058614094515,0.00854797047134992,0.4766049065904037,0.011718700564390894,0.47547852016381315,0.010633169094452999,0.47278549753733584,0.003065347570825272,0.47522604727261775,0.0033681793390093473,0.4795607269011639,0.0011668896957023611,0.47878307980057355,0.007177046525317254
0.375,0.46381591647863385,0.00041349003712334853,0.47316038697957996,0.007052623331546798,0.4716481809814771,0.0062604736288388585,0.47920404930909477,0.011628219087918584,0.4820289731025696,0.01135421514511109,0.49095553874969483,0.006593499581019069,0.47424508462349574,0.009078173538049072,0.47697603970766067,0.012371234595775604,0.4739636833469073,0.00992560396591824,0.4732606507341067,0.004165851573149387,0.47565355360507966,0.004339324831962588,0.4800040685137113,0.001171070039272304,0.47953358401854834,0.007721005777517942
0.38,0.4632305896007701,0.0005925022261707158,0.47168497751025773,0.007780899244703737,0.4724893243493218,0.0039510100491737254,0.4790785210697275,0.012335267898283514,0.482003795865335,0.01145693698995992,0.49039293727592415,0.008096872387748005,0.4758313424689205,0.010922068337860857,0.4770694977946972,0.012168743990753822,0.4737029631475085,0.009830669450916735,0.472514313400576,0.004600420104045599,0.47709515357488075,0.0053095074468537395,0.4794053724525791,0.0006856123279584125,0.47976942625092833,0.007178597642402917
0.385,0.46455884086234234,0.0005260242463706322,0.4727584325841495,0.008626843330922063,0.47219927386417015,0.003029780825237166,0.47951374386812184,0.013095880483652095,0.4827320088039745,0.012249905567664587,0.490045777582503,0.008099378509954985,0.47627854898765487,0.010004041547125059,0.4772183387116953,0.012088882942478368,0.4738017791857967,0.009271477820811336,0.47340131686492404,0.004835170294557295,0.4774820940061049,0.0037902775522950516,0.47871314966446393,0.0005055626297926219,0.47971214092784115,0.007218056394682315
0.39,0.4651611016537899,9.535052455389437e-05,0.47311763799725437,0.007651794510774107,0.47300477316364264,0.0032074865049276646,0.47898969474511266,0.013121499465062053,0.482236691392385,0.013008234210503428,0.49091531565556157,0.008324045019272058,0.47604812385562134,0.009857247941769093,0.4777077169945607,0.011830440220924526,0.47407486413915956,0.00808369511595139,0.47426795453215254,0.005729992133684664,0.47796038958506704,0.004001154540440949,0.4787698348936362,0.0007001936244658835,0.47976268283449686,0.007827795564364165
0.395,0.46628698527435714,0.00015741860187507006,0.47263546561515785,0.0070961190364028925,0.47284864087270784,0.0038608913368816666,0.4790299217912215,0.01333790225318715,0.48323228653473194,0.01321740391888196,0.4916774994587597,0.008336387291739272,0.47659505799978596,0.009076673867581764,0.47603852886565123,0.011346380073058437,0.47532749411803255,0.00782180388894263,0.4743098494938657,0.0049422957663294576,0.47807029512109633,0.002579629987101012,0.4782710149884224,0.0005094441997853805,0.47891330747287486,0.0067649922227557835
0.4,0.4662793532945215,0.0005348612554371412,0.4728084824047983,0.006888011936098337,0.47181108584627507,0.004952837247401476,0.4802838459610939,0.013182001933455478,0.483216742426157,0.014114041253924375,0.4922520177438855,0.009255822934210317,0.47681186748668547,0.009852700773626571,0.4761308989487588,0.010872442740947008,0.47502143690362575,0.007887939643114822,0.47404345786198976,0.004768250975757837,0.4788845432922244,0.0029458748176693916,0.47947403723374005,9.452560916542452e-05,0.4783343314193189,0.007282440084964037
0.405,0.46617258671257233,0.0014475106641098356,0.47370684045700384,0.007092754689999564,0.4729723925759763,0.005049574246377142,0.4806923744855104,0.014353359922950643,0.48391098961418055,0.013254714232903947,0.4924577951063344,0.009031495746271101,0.4773922030020643,0.009369712460924079,0.4765053453084863,0.011368946620711584,0.47486542340046095,0.007823065015268915,0.47462808267201906,0.005470455520682871,0.47837753299577734,0.003026751640402253,0.47991703974979893,0.0005487732497262421,0.47817616100296567,0.007384363975789815
0.41,0.46651751230039246,0.001088318937435384,0.4743742669319234,0.007762178869509112,0.47335417614113995,0.004496249392992119,0.48162048273697133,0.013713136497067235,0.48450330790223145,0.01275454407058113,0.4924217053666347,0.008485180393951686,0.47802766258033313,0.009623347168288582,0.4765830904063655,0.011620290123107974,0.47557290925121887,0.008143001849331505,0.47643548350145176,0.005669481598022497,0.47937495715734435,0.0032906946612567545,0.4797444333572213,0.0004497351261173732,0.47738176284403333,0.007279691627112811
0.415,0.46787084091499626,0.001044210989073091,0.47488562628088227,0.007652751383293105,0.47326350759669955,0.004621925393500953,0.4817741071603384,0.013703928654452385,0.48518416518906515,0.013632714209786373,0.4926889102502041,0.009536649986922024,0.47882649921868226,0.009921070233166934,0.4764914838484971,0.010161030813153948,0.47582443893314846,0.009035442697714613,0.47633466259183654,0.005562557244157218,0.4787165350224598,0.0037364877132048113,0.4797096332333174,0.00030168307473860123,0.47850840951663903,0.008741386055228229
0.42,0.4678424012270712,0.00030342356434889806,0.4749397160928874,0.006215065628999761,0.4739173449398506,0.004916479456282791,0.4815671014643851,0.013739300625664863,0.4845989401496592,0.014185478467316853,0.4926638722064949,0.010332064082225173,0.4801085978923809,0.009458051817048146,0.4767066108151561,0.010815131611057682,0.47648971199634527,0.009085012422431066,0.47635717645642306,0.005421641770572888,0.4799671380647591,0.004071328788995743,0.47981907329743817,0.00011330000346615465,0.4795773250183889,0.008813532601509771
0.425,0.4668805943692432,0.0008032406954204263,0.4756925294504446,0.007707653063185077,0.4728477804976351,0.0055134193862185765,0.4825745840283001,0.013497941809542058,0.4870921510983916,0.01320374038289579,0.49358192542020013,0.011056122359107523,0.4801572527079021,0.009677847606294282,0.4778614123954492,0.010732609121238496,0.4754684054676224,0.009039827041766202,0.47789152729160644,0.005778010364841019,0.4799059028134627,0.0034505207748974087,0.47946134148275155,0.0005553204347105434,0.47982639679137395,0.01002607757554333
0.43,0.4677623447117417,0.0002391306293565154,0.47592045150177426,0.007364014640103944,0.47226342013062433,0.005227269734754125,0.4830564830538838,0.012869005806224298,0.48712783419462136,0.013807962540277247,0.49401468333116794,0.011878719336764737,0.48015528440822003,0.009970797962227551,0.47818696039707165,0.010683699835871557,0.476268530844949,0.009366541147925123,0.47872297179906864,0.005766568922026233,0.47996344036141103,0.0035410500889600793,0.4792404636567415,0.0007017962634563446,0.4806333323724048,0.00826549001557883
0.435,0.4688756321182196,0.0004836325159018051,0.47669907213970164,0.007171003554744287,0.4735940687101463,0.005194674706322039,0.48245801254250537,0.01441851052744636,0.48628380612052724,0.0132582955833139,0.4951597717644154,0.011545491800911106,0.4795016513644964,0.009122769294799077,0.47889815998831015,0.00972626067098531,0.4768782305135124,0.008434374527684585,0.4787228276160942,0.0050951642380363815,0.4799477106880867,0.002403530409966409,0.47944434372515515,0.0008433700121682208,0.4807956822473427,0.00839501302475218
0.44,0.46942686941474676,0.0011745111339471759,0.475778080269017,0.007865694351494312,0.4740491034463048,0.005929462357678217,0.4840673397887837,0.013498658145015885,0.48687909450381994,0.012149411761625262,0.49418215978551994,0.011689515445720056,0.48040200710635295,0.00973164349455724,0.4796947438100522,0.009569247930564684,0.47611438237469306,0.008763613771985868,0.4791945174167102,0.005648415281691355,0.480120968750932,0.0018147711049426862,0.4800020143897696,0.00024639569561590857,0.48080981463532557,0.008806711824780156
0.445,0.4702308409836855,0.0013097353028447556,0.4753872769769658,0.007127599016334224,0.47512209005235284,0.006380652862318453,0.4838321954011917,0.01258050943358563,0.486614027468676,0.012211796189292107,0.4944862808739201,0.010834696085265522,0.4814031133323573,0.009902060450462824,0.4809112196390548,0.009152355572480814,0.47667559621374256,0.008159510121586638,0.47979886838224495,0.00645697192194758,0.48008479194694686,0.002166516325446982,0.4819816629705804,0.0006341225143229046,0.4795548123087776,0.0096718159117056
0.45,0.4713439755141735,0.0015575403140650756,0.4756365255349212,0.007672085778580778,0.4759105251067215,0.0069685118893782205,0.48338313549757006,0.01285820321904288,0.4863257160617246,0.011440902203321474,0.49649537338150873,0.010983079009585922,0.4807532134155432,0.009481046348810196,0.4817759056058195,0.009747370498047941,0.477076629218128,0.008503854191965532,0.4789452580114205,0.0075446306831306875,0.4806352292497953,0.0024846969379319073,0.4828448723587725,0.0013335248662365573,0.48141239028837945,0.009517163948880303
0.455,0.47065058997371695,0.0007362867613415203,0.47666006584416376,0.0074025062578065015,0.47589002263087493,0.007470166044575843,0.484371331694362,0.01258141686628153,0.4860028209430831,0.011114282185559737,0.49686812912369827,0.010806560680106464,0.4805788062922247,0.009374008810782153,0.48201616984474793,0.010109328224763764,0.47738660569046876,0.00900802237319423,0.4788357462365549,0.007654484402347395,0.4806992021890787,0.0019257569706047084,0.4821757874809779,0.0008109972535908783,0.48207658799467507,0.009794035046310212
0.46,0.46973664402637794,0.0013719746114119191,0.4767390547077293,0.00729088946852996,0.4758669150102398,0.007293895939769951,0.48387640293525613,0.011787116203619108,0.48709798887695954,0.010972584800227836,0.4966330387346123,0.010942244821268599,0.4809565029876388,0.009762335001774453,0.48145112694929476,0.009617821272948524,0.4778406591681035,0.008863370298691414,0.47850010163434176,0.007482727827585273,0.48173858468299324,0.0019302930196990198,0.48254721490261343,0.0008183511217003392,0.4806719057099975,0.009964728403998452
0.465,0.47028851356878076,0.0017256870545366843,0.4772922890961811,0.00812011340292551,0.47539621968102713,0.006651940925787858,0.4839349175973605,0.011906265411325667,0.4874063963370938,0.010228799636005065,0.4971199001996748,0.010795655590231684,0.48120255503923665,0.009460976928152065,0.4827230089614468,0.009317417538935141,0.4781595086378436,0.008766200032926358,0.4788438797157298,0.007702920625927645,0.48280790752621106,0.002568723854198235,0.4811151066935191,0.0015844399089454397,0.4799441660764397,0.010295644803072823
0.47,0.47020878000779354,0.0015882490638722824,0.47807587754536185,0.008326177188056588,0.4743249979900553,0.006177735217708202,0.483983280335335,0.011422523951276825,0.4879571409460078,0.009358567046992339,0.4974675481306745,0.009922876795555674,0.4818764019044156,0.0084068327349551,0.4826198132272731,0.009128936348443334,0.4786914405512049,0.008866180527083434,0.4780809486958575,0.007366117565555774,0.48333179681225025,0.0019713454741112635,0.48064205914418745,0.0012398737066603716,0.4814178021822838,0.010217719810440173
0.475,0.46969705325992483,0.002054194635466522,0.47811332541076756,0.008229297634802374,0.4741461392295988,0.006087255556332438,0.4859964955794184,0.011557603039239583,0.48858948953841863,0.009971635514184063,0.49717089863199937,0.009212541109637207,0.4819909937287632,0.00855764676081508,0.48264585741256416,0.008643270715286838,0.4789227488009553,0.009371637435335867,0.4793859408874261,0.006206699186249776,0.48360464494479327,0.0024589938552756208,0.48149973632473697,0.00016190699840848422,0.4807264794644557,0.009103967092539134
0.48,0.46905431407503784,0.0026435711576293097,0.47866844114226603,0.007267629650110991,0.4754495135663698,0.005854834259177238,0.4849026065009336,0.01084938133135438,0.48931367485783994,0.009883976463849364,0.4978424653721352,0.008523666144659103,0.4822403418365866,0.008771623562400521,0.48282411562589306,0.00808612140826881,0.47912625774430734,0.009451486868783832,0.47847348350721103,0.006309216609224677,0.48398355999961495,0.0030607672718663825,0.4812818098968516,7.778522558510303e-05,0.48127829136016465,0.008819512945289404
0.485,0.46930033821113326,0.0028816130511539473,0.4792240265872061,0.007943313684045633,0.47593400304772193,0.006371740290184585,0.4843110148746943,0.009799492266989257,0.48989538318410364,0.009456839066805306,0.4975962758678751,0.009358759086156632,0.4824259089901275,0.009141671980164717,0.4832587806680768,0.008718353033680265,0.4804735929541981,0.009473831152793044,0.47923247124423685,0.006793388770413161,0.4845704909452458,0.0030928868608376403,0.48203195347306654,0.00017434443087921414,0.4818032340137,0.009452486237914282
0.49,0.4693025223606703,0.003675125311223826,0.48029564815212267,0.008295057303443237,0.47657046991647506,0.006270794007851133,0.4842061813996763,0.009332564716436426,0.4904777435775922,0.01028080824382449,0.4978128981833555,0.009215973469675814,0.4824536292984778,0.010030776642415001,0.4834564192106529,0.008960007328768171,0.480673938457455,0.008916017884502608,0.47973933504248156,0.006477300381782097,0.48586103685048165,0.00376760473056717,0.4825717470019448,0.0001735461457651466,0.4826126934162208,0.010030821650003907
0.495,0.46991385602288777,0.003994306756390453,0.4806697343786558,0.008542885157195007,0.47788568736627846,0.006568189748007852,0.4837205506334401,0.009883514257392506,0.48995607165676175,0.009022610581884472,0.4977592568505894,0.009347888104843355,0.4820999478300413,0.009586190409732603,0.48326863250648133,0.009380929021522266,0.4806061280947743,0.009275493070934754,0.4807619939398284,0.006437171965536448,0.48680601999013107,0.0035241679711775216,0.48322634541928167,0.0009006134638882557,0.48190949172383607,0.009142365193728241
0.5,0.4709047964960337,0.003517694398760818,0.48077575884759427,0.00912023760378361,0.477957371249795,0.006167967841029159,0.48382896661758423,0.010435734093189236,0.4908873527497053,0.008391817882657054,0.498971608877182,0.009289401173591616,0.48285159282386303,0.009380938783287995,0.48402394659817216,0.008533392772078513,0.48045254282653327,0.009796900525689128,0.4800553568452597,0.005866632536053656,0.4865027359127998,0.003563705980777737,0.4832856457680464,0.0017401713877916447,0.4819151725620031,0.008175394907593725
0.505,0.4706402727135337,0.004286312894655919,0.4811059746264231,0.010034916203210842,0.4786950555620807,0.005710081667593209,0.4835495476675506,0.010281841648687229,0.4914162165605196,0.008648392513836978,0.49870193889825654,0.009599902252159481,0.4839762531147145,0.009127339883015895,0.4844644952676084,0.008960689574775138,0.48140392216420413,0.009288871568618434,0.4802752062678337,0.005598652554620609,0.4873992656127061,0.00402552450057303,0.4835752159504607,0.0013211523689846127,0.4824972930963677,0.007720503550354807
0.51,0.4712604042507854,0.004052114472085366,0.4811665109705692,0.00911512934401923,0.4782705019940348,0.005756027339135883,0.4839946358811622,0.010037345336932763,0.49190813383343174,0.007809006481194036,0.49801245594725885,0.009573912211492924,0.48463081546566067,0.00837791236300095,0.48444475357731187,0.008525939475671901,0.4810379357168488,0.009865578263998032,0.47998058145829275,0.004839059549803848,0.48699235010380837,0.002980245386852931,0.4831369021797881,0.001465536873130252,0.48294862294021773,0.007480436022959502
0.515,0.471485065386712,0.004067189123445336,0.4810760846560441,0.008282611309324672,0.47897479885700833,0.004890826503628681,0.48387999615622956,0.010360381267603164,0.4917864944894337,0.008004461894336262,0.49794793273638754,0.009377946842064,0.4847424104809761,0.008387173625450717,0.48531513342868937,0.0073119650043330375,0.48119215066861176,0.010578413973155537,0.4807851627758406,0.005222606355125475,0.48744434349745225,0.0021557032483295324,0.48330773217874823,0.002296919744570275,0.48357405339919246,0.00712719697107389
0.52,0.4717362457886338,0.003461282628660023,0.48220116050484085,0.008062674090839356,0.4788255518875443,0.004616455174982548,0.48348985612392426,0.010492900529733062,0.4927928001404955,0.00777141370165807,0.49833766972789395,0.009973308501335265,0.4858169626587858,0.008556506739786057,0.4860212117290268,0.007854603589154213,0.4814309257870683,0.01010576628435117,0.48064072193721163,0.005954397770647796,0.48910979496744966,0.002936548051925808,0.4837684507410114,0.0027108373693548737,0.4829365416931418,0.0070053392734665265
0.525,0.4721255592647053,0.0038764464713278435,0.48248341587327775,0.006727280574185535,0.479558617799055,0.0037325446804364337,0.4835313447884151,0.010113988036201116,0.49302350601979666,0.007444177284127218,0.49803268426940556,0.009609407754171462,0.4853416331467174,0.008681426516601004,0.4860227652248882,0.007773998308749447,0.4816384957659812,0.009641873481727792,0.4806502755908739,0.0057292294644174235,0.4890317879972004,0.002909254176276077,0.4832639639576276,0.0032157214624541075,0.4828029333835556,0.007412380051045192
0.53,0.4715956419284614,0.003935257992092156,0.48257095683014617,0.006411501329462499,0.48051388976427745,0.0036080449397833947,0.4841090151161518,0.009770463378924232,0.49284521455191216,0.007869602304022283,0.4985527309044352,0.009291110454865192,0.48521145552677925,0.008378223498474863,0.48654013569906074,0.007366629352547088,0.4821834830602385,0.009754426425920337,0.4812240611129212,0.004976843114731455,0.4886879524532354,0.0028926277498029507,0.48369967086978677,0.0025675230009375993,0.48257164678202485,0.007402227804908235
0.535,0.47162856823094534,0.004263641330126272,0.4824998099530969,0.00616426619692384,0.48098543307213026,0.003910475593303986,0.4842036828816494,0.009406056916602318,0.4932744269755399,0.008465081940744495,0.49790912003160637,0.009072550824869463,0.4855426035334017,0.0077800452012882215,0.48631888440000676,0.007317886940229723,0.482088975747612,0.009769395759729599,0.4814496226260595,0.005505825941250708,0.4885712814665286,0.00299853170029471,0.48384478583792656,0.0020401496614251002,0.4823043732860378,0.00763723149756404
0.54,0.471885755037268,0.003928317584925234,0.4831756387181856,0.006362333824789096,0.48140738207708905,0.0038630179370994777,0.48377454501611217,0.008780329867645542,0.492818553759544,0.00840287759072253,0.4988836255614404,0.00854569411388148,0.48584998557689013,0.008243058083785892,0.4861536168803771,0.008106699489333014,0.48229377323554623,0.00975465919408533,0.48127578923271763,0.004273306647384623,0.4888812876134007,0.0037148759044982604,0.4832352331529061,0.0018416137469035587,0.4825308472607974,0.0076185662851289415
0.545,0.47246978541306395,0.0040611402567373445,0.4836152487801849,0.006707598925183661,0.48178474010404093,0.004383170071545012,0.4849718975911447,0.00851732902570601,0.4925347162632767,0.008251032903106914,0.4992458284448046,0.008794348721110484,0.48630224093111285,0.006741181494445969,0.485204620030495,0.008540261571013591,0.48376358505509315,0.00922384536867843,0.4806849291428513,0.005055423518386476,0.48967960955352957,0.0035635305380602444,0.483761971901863,0.001518942415714264,0.4825632337720023,0.007524509427197484
0.55,0.4723297542469068,0.0047307699241421475,0.4836321588944305,0.005294826423579979,0.48211110308766364,0.004897175661542186,0.485118329660459,0.008037899705496704,0.49321468262509865,0.008494974740526906,0.49947467053478417,0.00946099419485441,0.48678501282225956,0.00687601153146139,0.4844327389516614,0.008566524020650168,0.48493207103826785,0.0089411222799258,0.4819516303187067,0.006136672401970078,0.48912696689367297,0.0033751158551736105,0.4843582334166223,0.0011475937610322673,0.48249859545718543,0.007814346050674242
0.555,0.47385274430921487,0.004964116121734585,0.48359074295909554,0.005400775587773521,0.4817500472203031,0.005417813253295323,0.485504127032048,0.008403175048999956,0.49355206732545887,0.007584331204762318,0.500080005542652,0.009589764448973498,0.48628053263769494,0.006879743087936097,0.4840481393374838,0.008234516793006158,0.48501772433519363,0.009078704089194811,0.4827278677273441,0.0063181909489202215,0.4886112225216788,0.002338168991578571,0.48483522269908375,0.0018158518113531585,0.48228692974861676,0.00706077622132259
0.56,0.4737246879376471,0.005338415570024957,0.48397436066131505,0.005341706597911472,0.481646128198398,0.00469811666490777,0.48505915980786085,0.007290322998804721,0.4936090532823333,0.0083567089667278,0.5002700750316893,0.009626106226018505,0.4859913407292749,0.00675738809098092,0.4839681664348713,0.007309147489390211,0.48429457756823724,0.008397221897861767,0.48273098196036046,0.0068764426479382135,0.488789455432977,0.002705076177205362,0.4849114129985017,0.002169444425297623,0.482297170840736,0.006975910559828796
0.565,0.47403171098074026,0.004757247469593995,0.4855915556571125,0.0050800328629206914,0.4821237203689803,0.003974586527431961,0.4864506209186748,0.006132976209695384,0.4944108197778727,0.00837293761757621,0.4998473928565472,0.011222184759325654,0.4854217196064713,0.00710953936903877,0.4845298077021025,0.007060661318555345,0.48458615373984903,0.00800208780354103,0.4828952816603458,0.006941252379818297,0.488541248889096,0.0024140580038053694,0.48494938075278715,0.0024108698805876683,0.4824247111657024,0.0075193929065645315
0.57,0.4747458030388021,0.004834898404384919,0.48639238253235817,0.004917961921085401,0.4824052777860248,0.0038710797957161036,0.48636228388600183,0.006159837635462739,0.49470253582847745,0.009638023938526197,0.5006456001285922,0.011059219377082707,0.4848237817355415,0.007409424570045953,0.4841710371537167,0.007600096691595892,0.48480115889718656,0.007817801349518594,0.4827629897024548,0.007686097959154536,0.4885530348932534,0.002507407152861879,0.4859319957332653,0.002227197548276494,0.4825986096341359,0.007540601060578717
0.575,0.4750198909122011,0.004655139277810638,0.4863558729705603,0.004609164789966924,0.482314653824205,0.0037952837088833513,0.48729406834944433,0.00525907971288847,0.4947870472851007,0.009602910474590637,0.5014841001966726,0.01093980099843897,0.4846558741253355,0.0077508369865624815,0.4846653503568276,0.007012032361134235,0.4845842675670333,0.007560422822185192,0.4833160095240759,0.008281291762123943,0.4886512441479641,0.0022038707266683055,0.48543237013661344,0.0026644801963930653,0.48269977563101313,0.007337951984094537
0.58,0.47540091318560057,0.0044746832472497,0.4863405026623915,0.004809189523602347,0.48251637064948166,0.004351350061338521,0.48733680932943163,0.004975559832207099,0.49477189554479617,0.009269490003071978,0.5011380898027584,0.01027287183136777,0.4843829088555328,0.007925380214021144,0.48427046071095714,0.007121369178439002,0.48560250210094036,0.0077069720959868915,0.4826077873465316,0.008315881200391673,0.48946687797534055,0.002743119181230158,0.486047857601581,0.002683966260018017,0.4836733361128075,0.0075421449567737164
0.585,0.4755988465542467,0.004534405711879075,0.4870059613106597,0.0049296224601248495,0.48344985459350115,0.004446320108368873,0.48733919304914963,0.0049478849157308935,0.49464360484455383,0.010005028393024057,0.501317003980661,0.009582753492216795,0.4847147757044205,0.008746943476363123,0.4845281091128659,0.007059446703165023,0.4862802030566411,0.007208606944634377,0.48312862554931235,0.007826034648296148,0.4901197117108565,0.0028287337885962716,0.48627460493236524,0.002846113573282183,0.4836958014430144,0.007171686197447985
0.59,0.474907041669397,0.004576753698668251,0.48707222338702716,0.004657154808105052,0.48424238465347536,0.004215600442583262,0.48751061580191224,0.005446512504654416,0.4944935509840311,0.010218960438239388,0.5011454811793263,0.009187475225683,0.48461285681795263,0.009025388160499498,0.4844722759799432,0.007343052870641298,0.486841406673193,0.00774066472205065,0.4833615328169475,0.008377351561340257,0.4912913926577164,0.0030364030498569445,0.4857884961796009,0.003302177067025236,0.48400181853922747,0.007739886452080846
0.595,0.4753869696199393,0.005215437284537716,0.48642100838302565,0.00487206682187169,0.4849387685917005,0.004636684323058415,0.4875772060090754,0.005523318941352745,0.4946332352877665,0.010476692697080264,0.5008516533284628,0.009100500400326839,0.48457297714067105,0.00930628700166189,0.4853277985914415,0.007625717513200625,0.4865911733828673,0.00768813484606623,0.48373452185833155,0.008734837988344568,0.4920502896068477,0.002569100436042332,0.48574161460670107,0.0032815807381597895,0.4849493248748178,0.007535808915350634
0.6,0.4752394988512,0.005709964347382385,0.48655229986955717,0.005371142613391083,0.4851643785213431,0.004465363733470451,0.48814401372025407,0.006034787309666473,0.4939575385923187,0.010266302091379936,0.5008912589401007,0.008707987889647467,0.484383381344378,0.008533085944751911,0.4855094650760293,0.008140482567250723,0.4858647776767612,0.007459572392205377,0.4842412688458959,0.007915142861505353,0.49166074991226194,0.0024923180540402934,0.4861448405310511,0.004112932520608098,0.48417451015363133,0.006718516784409684
0.605,0.4750296198262656,0.006199417466467072,0.48662424807952454,0.005955637178637757,0.4850287727457433,0.004454868206800494,0.4888890179351342,0.00598615426416238,0.49412973588409503,0.01067087294395308,0.5010904135290256,0.009130627902086103,0.48508426922658254,0.009312341713215683,0.4848103832976877,0.007886619668854178,0.4847898705562284,0.007238644891041368,0.4840072677278322,0.008134863778086726,0.4920761967000883,0.002851063801237369,0.4857416072290791,0.0040897440688669184,0.484849254516038,0.006820163881975733
0.61,0.47531281075760967,0.006064157200152742,0.48616209681161116,0.0056173214536221205,0.48536534393664266,0.004412169278156575,0.4882441867203986,0.006225168888197574,0.493954777290098,0.010576576421983896,0.5009334167984665,0.008756022228569249,0.4850270007355291,0.00956689022847862,0.48472889335673364,0.008180857865048241,0.48568859995632874,0.007328194611873784,0.48450805436148014,0.00835594272271531,0.49163436449942044,0.0024731882282944817,0.485174300301759,0.0037432173114330947,0.48439081727725564,0.006062466040497899
0.615,0.47526381104215376,0.005546895650828748,0.48651806228771444,0.005380190666613549,0.4861279361979748,0.004446754671209224,0.48898120654550026,0.006555101675231267,0.4944588818806943,0.009684896020869888,0.5009395675203665,0.00882397688985842,0.48566787144759804,0.009186750807897825,0.4852223836672984,0.009143498430891711,0.4852412009263426,0.007715094319688615,0.4847399119318016,0.008711358698887561,0.49119116741467295,0.0025201088529292204,0.4856088338949816,0.004433416193578288,0.4845625512847086,0.0068398666212229065
0.62,0.4755724323012175,0.005702963219054308,0.4865717925732174,0.005429876487581975,0.485732244808347,0.004419085058954442,0.48942162150577195,0.007212065580871813,0.495165005867039,0.009124783198198927,0.5006596466466304,0.009695312789370913,0.4857425909008711,0.008441645952482368,0.48610212347440185,0.009038399484369047,0.4855127061206487,0.008170546483128288,0.48524810355757514,0.009643187866576253,0.49168177682065195,0.0019274795007321321,0.48549607402134326,0.005792815538664009,0.4843973810033452,0.006811854639841658
0.625,0.47636266714334485,0.006075782239437083,0.48670063430070876,0.0050334474444389266,0.48483647269010544,0.004555393517017364,0.4901572719216347,0.0075214225649833655,0.4943156414628028,0.009084457814693442,0.5016194353103638,0.00983685612678531,0.48524065130949023,0.009139329969882953,0.4858719772696495,0.007999648392200492,0.48531640034914014,0.007444135367870336,0.4848935330510139,0.009693504273891457,0.49167550265789034,0.0020790120363235465,0.4859764818549156,0.005934477865695953,0.4848746668696403,0.006685117542743674
0.63,0.4765919046624313,0.0062971967198545975,0.487495707791476,0.004891379544186197,0.48538232482378446,0.004573311656713486,0.4897203760605956,0.007289883577161371,0.4940858133846805,0.00845570075843069,0.5013430223815025,0.008778702763337948,0.48557933011934873,0.008145546097131001,0.4855601706556858,0.008107510646657351,0.4857832638635522,0.00833066724359044,0.48552155394166235,0.00956519190517685,0.49298010027361294,0.0011916442641189962,0.485431651451758,0.006113246142391171,0.48508937532703084,0.007286595032801713
0.635,0.47638552647641325,0.006164364047407167,0.48817795227597083,0.005225273391862545,0.4852456983736181,0.004206860569987703,0.4903482005704106,0.007397579454530873,0.49337352454427663,0.007731862366199521,0.5018578384100921,0.008178491878697236,0.48587863552054084,0.008607630243920916,0.4856886626111241,0.007998093434675474,0.4858887102308236,0.008102029737994426,0.485626119504294,0.010116948914809493,0.494087241707355,0.0007332829157198351,0.4851941836513872,0.005130111291183237,0.4852285728327871,0.007693679489958
0.64,0.4770743105909787,0.006475906644482166,0.48881764541147277,0.005912807828281075,0.48544171900721267,0.004601824970450252,0.49039106123382226,0.006958790996577591,0.49311859166482463,0.007435676117893308,0.5014176024124026,0.007600352866575122,0.4854071901063435,0.007845029525924474,0.48558072495507076,0.008329724601935595,0.4848845459637232,0.007413270592223853,0.4855375126353465,0.010109339200425893,0.4942380977445282,0.001579873205628246,0.4855780220241286,0.005779676779638976,0.4863163445261307,0.00793689297279343
0.645,0.4770692812726479,0.006578144927819551,0.48907258303821544,0.0054439756181813015,0.48540470575870465,0.0040015890732292,0.4906545690903368,0.006922523353913024,0.493254713483097,0.007190769321696711,0.5019409241833428,0.0071223148310831375,0.4854753599032875,0.007798859373081557,0.48552492936683256,0.008432767130145735,0.485673742989699,0.007291840201662486,0.48563809825699455,0.010515209258526809,0.494120831579663,0.001786303901395142,0.48605346847181174,0.00582922284686288,0.48742969559375626,0.00784254414859667
0.65,0.47724302852383027,0.006123009954507541,0.48900811139207623,0.005745520328099912,0.48659907046418927,0.0041447786757579375,0.4915923294539635,0.0073265841947151855,0.4935740077151702,0.007072768016503417,0.5018641546368598,0.006436616755448875,0.4862664671471486,0.0076628713080516275,0.48534076712452445,0.007985229732898586,0.4857404830937202,0.007279251802426112,0.4859722847548815,0.010799268862375838,0.4942583522544457,0.002249595924065678,0.4866167728144389,0.00532840014650271,0.48751347494813113,0.007999851898505134
0.655,0.47686206708655104,0.005828833022645419,0.48835403722433646,0.006091137025647481,0.4869901635150873,0.004542092387457841,0.49200148476671623,0.006431968441901331,0.4941923762209543,0.006133074921961079,0.5024500608671713,0.005532601066218085,0.48644720615093945,0.007528513726842323,0.486301644214692,0.007674075663089752,0.4868702126937058,0.006786969269960003,0.4862936177212773,0.010029892941922636,0.4939556907265241,0.003423125859890269,0.48651558314343446,0.005513525248028839,0.48754775518451937,0.00807631976959361
0.66,0.47782458573805564,0.00564014386724343,0.4891153507950631,0.006184002723206156,0.48719834101696813,0.0052297018807042905,0.4919238990793625,0.006329941986636695,0.4943494222719561,0.006081834266131542,0.5025337315870053,0.005768457145401917,0.48684919755341427,0.007712713978958868,0.4864073707863237,0.00745087133889849,0.48664818461419956,0.006247038134571281,0.48633048993845784,0.010361075006199622,0.4945590726918343,0.004350917752493494,0.4871024714613503,0.006352622682849585,0.4880060757312811,0.007793607754689291
0.665,0.478249274530357,0.004928995063878561,0.49005370161363054,0.006106379616977575,0.4873411518178488,0.005102843326285356,0.4913832932374531,0.006219968815943333,0.4946064727759003,0.0060849083881629185,0.5017005899795016,0.006540215105042435,0.4865911830972908,0.007132068220385923,0.4861481914058664,0.007286343975622861,0.48752334685926146,0.00671863247801488,0.48760636582186345,0.010023132134649088,0.4941771300999742,0.0048279812125335,0.48760232827941274,0.0061202277254341075,0.4885596245863384,0.007271680112620027
0.67,0.47867926871821065,0.005410873567435276,0.49040813438260733,0.006266413729137443,0.4874023912446712,0.004974315471168778,0.49172722564926785,0.006527029923093869,0.4951912725705709,0.005582759129022452,0.5013794351869555,0.006483307525293164,0.48722236486735626,0.006081349091298566,0.4865919894802926,0.007424027116885806,0.48822415970377064,0.006880014856804645,0.48809087081854025,0.009817719181526963,0.49471737572283886,0.00508149752198761,0.48786235217060614,0.00566528420617332,0.4893269877491602,0.0071908770990905535
0.675,0.4798785487258876,0.005345537099573361,0.4905153475977756,0.006585239425853456,0.48747250421179666,0.005127061682718759,0.49237971245138734,0.006230626227679059,0.49470832927359476,0.004849067827065789,0.5014860951238208,0.0061589136167808645,0.48758001653132615,0.005613808113115792,0.48702553383730074,0.007650356767354177,0.48923601701303765,0.006842623871785636,0.48810838322948524,0.010003373192416315,0.4954335987016007,0.005155977772341835,0.48746783628507895,0.005331583321094513,0.48966606231751264,0.007784956528080839
0.68,0.4799112742766738,0.0045613116749069205,0.4909341470612323,0.005981520092224385,0.48779542179887786,0.004963645547190143,0.49207823970081177,0.005894057836164451,0.4950530266608385,0.004385767121087097,0.5015498467666262,0.005179917768520476,0.48701471632675214,0.0054429667070508,0.48688815451939316,0.007040696930797674,0.48922533043386307,0.007020411629448914,0.4881714981816271,0.009572412325617147,0.4957042811438441,0.005688137703520391,0.4879750848802573,0.005571392036097882,0.48981536908403916,0.007995020762524174
0.685,0.4799277263074896,0.005108955948457228,0.4908023104071617,0.0056838841877714374,0.48742472674072224,0.004361511745157032,0.49264574861221944,0.005947911771979647,0.49490253099777404,0.004302752007098093,0.5013704676262654,0.005564092502106738,0.4875719240003259,0.005547374541307021,0.48690343191371344,0.006215866627919425,0.4897373985961406,0.006575578375019292,0.48815814623214904,0.009346884913253084,0.49575761564239096,0.005819266131759537,0.4880419724287778,0.00563749774311581,0.48937980520681745,0.007990401102243555
0.69,0.4806853291457114,0.005766009237023362,0.49115251679567323,0.005797016393879195,0.48760417778638826,0.003910752472238266,0.49282169099087303,0.005474772196317063,0.49584946668018465,0.0036972669911557454,0.5007227419511131,0.006345197990320711,0.48726559468153596,0.004289770849804947,0.4870386114478975,0.006266811025747332,0.48964860554838524,0.006460470403882035,0.48857414047571196,0.00905664810451906,0.49591051932910213,0.006115006525879346,0.48814819726175157,0.00613160501571669,0.49043279405737267,0.0075248724416546175
0.695,0.4816568282117947,0.005083447040842598,0.4914084684184129,0.005443782847133455,0.48788505294125717,0.004129623391216614,0.4929765318687871,0.005752778792981611,0.49541451181653595,0.0041249022959805315,0.5019624003832288,0.006351520046055714,0.48739510050994883,0.0036137630935195453,0.4862888900817727,0.005890435720090376,0.48924043233231673,0.006447033326831664,0.4886340652759984,0.009102868358437127,0.496976947130488,0.006020859259066841,0.48796484672980345,0.005586889096730052,0.49043127353028426,0.00829913788776604
0.7,0.4825314592570067,0.00515731546495643,0.4911926125309297,0.0050238255411386434,0.4875511744724853,0.004856912951384268,0.4927705415125404,0.006006823533347694,0.49622886015900547,0.0043322396597691715,0.5019041627645493,0.006540828517505093,0.48759276169751375,0.0036146414599248222,0.4853354564202683,0.0053089923624481394,0.4892703232488462,0.006519527147923199,0.48865259859178745,0.00884780548512934,0.49752879733485833,0.006007879812802569,0.488230316181268,0.005114784357803215,0.4893455306866339,0.008140745386481268
0.705,0.48299842000218995,0.005335175135034204,0.4908372335505824,0.004881675097536536,0.488581194786738,0.0048919091304988616,0.4932211100104007,0.005723220712326921,0.49671356469815503,0.004704808565319019,0.5012026222039622,0.005938159658553738,0.487069011844219,0.003481681835144107,0.4862305118788218,0.0052588425101118,0.48888060402996997,0.006220037262913203,0.48856837503242156,0.008655808126250053,0.49816062449352116,0.005508765314064967,0.4887244579322795,0.005559361942693686,0.489130381943909,0.007938691751754018
0.71,0.48326628051803144,0.005670689203789547,0.49037757353253764,0.00437725130730951,0.48868366441046684,0.005188644404562431,0.4930695473203357,0.005658095413950126,0.4962933235080309,0.004797565317909508,0.5014824076017863,0.0063869019209499,0.4870309918384317,0.00351126948502703,0.48668861866626945,0.00493124258560193,0.48909788290169876,0.0068160757737260325,0.4882818837715706,0.008732646126562438,0.4987797907645434,0.005525907108061778,0.48866900785917966,0.005587661927434762,0.4893792015041264,0.008729002267961777
0.715,0.4834829611065504,0.004901599373433957,0.4908567532063364,0.00389663713586913,0.4888022914528847,0.005673775566624573,0.4934492276369275,0.006003506064831798,0.4968476385607586,0.0042356587685905,0.5004446748253348,0.005812237729559382,0.48747662757034904,0.0039051403845106747,0.48712074761832513,0.005273909366630997,0.4892912563848329,0.007367469370365143,0.4885671373743277,0.0089672420929362,0.4987674297673719,0.005594766379653143,0.48932901123812145,0.005824420679282488,0.4900068398434799,0.008882258582365271
0.72,0.4833308838618299,0.004522094554785222,0.49023212414855755,0.004325953984840064,0.4892851354864737,0.005357519775215119,0.4933266899962392,0.006314660577724368,0.49668453638959265,0.004411659669131041,0.5004405372051729,0.0055289114308025855,0.48752987700411016,0.003651449612031399,0.4875038630949954,0.005711606755438775,0.49021376602144706,0.0073411111305985155,0.48837170392895735,0.008437287941988975,0.4977809199545946,0.00533259054645896,0.4896098076779809,0.005976935900333852,0.4901760563564797,0.009081305573797882
0.725,0.48348624701129983,0.004535917423922425,0.4904675640422722,0.004776493793931497,0.48912101043709394,0.005427486886238231,0.4938992249040768,0.006501675936682466,0.4961359016340354,0.004087312005717186,0.49999871264243945,0.005086471191767972,0.4877738868881916,0.004225334987558171,0.48759742538476814,0.005591408805600523,0.49033171087503435,0.007393956955136921,0.4884623687328964,0.008237524947215774,0.497575173552694,0.0052728837420200625,0.4900761942925124,0.0065618231892585754,0.49040548950433727,0.008542136847972864
0.73,0.48442602703628473,0.004269468508762864,0.49037377122942716,0.005056715634179421,0.48885064036266446,0.005836973808807877,0.4942812819084893,0.0062904413534354,0.4965402174179685,0.004253297176671361,0.49935686843444227,0.005265439107809994,0.48772066020189897,0.0044020007632366576,0.48730406445795543,0.005236978859525843,0.49133486244572355,0.007246108955308167,0.4882844308365698,0.008411286679440994,0.4973870557158777,0.005013448071398141,0.49069480358125417,0.006148525858170356,0.4911537981298688,0.008867555234121943
0.735,0.48486229184330726,0.004552276614977369,0.4903993877727969,0.005159407093816876,0.4886237250602975,0.006338312360299692,0.4943030601760157,0.005551973623888817,0.496611433420457,0.004606047809934927,0.499555151276037,0.005450539442957675,0.4870527342570071,0.004013160205617261,0.48851795165108985,0.004935445986231968,0.49151893380750605,0.0076488091730747,0.48893746424491713,0.008395842599625503,0.4977213173192375,0.005517989346364743,0.49073771701580815,0.0063885293748914,0.4909283097605316,0.00872410332061807
0.74,0.4854986374140591,0.0037654140410391113,0.48982056003768704,0.004818793738613242,0.4888663904590381,0.00663704782523014,0.4943705186549876,0.004763052521927935,0.49661351463480574,0.003773737950502176,0.49976404635487376,0.0059197762527981035,0.48722076108930884,0.004597496593723438,0.489015177647407,0.00544580117472121,0.4913624181235964,0.007444645051617876,0.4887001100122123,0.007838271306575939,0.4979257116950041,0.006037362272272223,0.49059845753819553,0.006475268938654161,0.4913561062736286,0.008233983120000038
0.745,0.4859947579719076,0.003790589436988706,0.49042303455155967,0.0046615560082781116,0.48935150495111546,0.00686946496267446,0.49421838160929266,0.0037139800670963063,0.49700230405034634,0.0035085535589480243,0.500281244816396,0.006518886693372028,0.4876597594194764,0.004605773461345053,0.4898163642759291,0.0057776841841288284,0.4919744760498105,0.007430058947745594,0.4882941012514518,0.007170387312469856,0.4986643696691366,0.005608752119861171,0.4904797661724507,0.006792551669098396,0.49081080496911234,0.008078803102042065
0.75,0.4862936363120874,0.004509741912285481,0.4901632115741571,0.00507724687457084,0.48958710943659145,0.00704880242546399,0.4946942890187105,0.004202359666426986,0.49704029535253846,0.003977325210968635,0.499697420100371,0.006220802168051404,0.48755024616916975,0.004335673799117423,0.48945548877120015,0.005736756672461846,0.4921586795151234,0.006551281064748782,0.48869624371329945,0.0069919984042644545,0.49906181539098426,0.0061333216726780215,0.49117420350511865,0.0070662320156892056,0.4906096934775511,0.006802627493937813
0.755,0.48650970536944094,0.004284069682193914,0.4904501223504938,0.005133725308029857,0.49028594115909363,0.006367458561003597,0.4951537879590957,0.0043218796517675295,0.4967472783678415,0.004052838989046209,0.4997014127030278,0.00635386480400893,0.48801555198352065,0.004091924636174499,0.48981062855744206,0.004719538256427319,0.49278654084102996,0.0068761710792977215,0.48823208322390815,0.006788838827452126,0.49897486331644436,0.006115360913292456,0.49141867305861403,0.007565810634995118,0.4916104315625911,0.006339612139376588
0.76,0.486837100188591,0.004007566573196342,0.4907469367608428,0.005393660137135714,0.49051243601072775,0.0052341584998525925,0.4947140860420309,0.003995426538351332,0.4969067269151932,0.0038890354825477924,0.49985428174075325,0.0065498540275975015,0.48792569304963473,0.003544355252463577,0.4904853824624106,0.004487044962221048,0.4926091504626368,0.006985736373615881,0.4888312991610483,0.006619925512687169,0.4988458267854232,0.005931833121729513,0.4918455366339338,0.008083624226090158,0.4916310979445514,0.0065612925804759414
0.765,0.48698073279818677,0.004046677325675679,0.4904969171468728,0.005858626971447373,0.4901698393856778,0.00526019964927163,0.4944914062720498,0.0027709627170967865,0.49708260415621053,0.004111576654942217,0.4997307543271507,0.006507738742953018,0.4890945454925494,0.00336311957220628,0.49055003803345115,0.004837355631239271,0.4927280921659438,0.007043387326929301,0.4894146824292108,0.0061459215540511924,0.4988200584170865,0.006150116766589886,0.4922372580451124,0.008361749156238218,0.4918562631104507,0.0062431007915852155
0.77,0.48732829234236247,0.004131084670881191,0.4904792106093524,0.005776555652355214,0.49016952451753926,0.00536932114076305,0.4952263233626818,0.0028762713364966497,0.4973244972333506,0.0041876447374944725,0.49942831772488433,0.006539943543347471,0.4890751341817441,0.0030767379159277186,0.4902716280481258,0.00479094843779293,0.49326373419010794,0.006910227771316252,0.4893491244451566,0.005667818105453026,0.4982448558431941,0.006486387270224547,0.4922240862695427,0.007965221178609067,0.49207537297111054,0.005792944510648768
0.775,0.4873608161845515,0.00397270345880138,0.49061160765347944,0.005764183065583628,0.4911289875065127,0.00525578255614928,0.49514907593688656,0.00296665146466224,0.49787632847024543,0.004352691817668147,0.4996386304978402,0.006897739633437122,0.48906776823343767,0.002971670175752339,0.4905047146062697,0.004347898258316885,0.4933330483494266,0.007844383341650801,0.4895191322891943,0.006055226297147803,0.4986490097257399,0.006635072779270917,0.49327490844072835,0.007592979025456248,0.49267024373815904,0.0057951900747514615
0.78,0.48756790423813534,0.0036591482945741716,0.4905991003585931,0.00602445985453251,0.4908882735344844,0.005294428183100164,0.4948902792559985,0.0030995053836168347,0.4976094627323059,0.003821621863887875,0.5000598108730255,0.006937478119746238,0.4896554773530135,0.002830847859000535,0.4907398909234848,0.004316317777221024,0.4934051402199727,0.0073715434529078305,0.48999287727742624,0.006415649054524242,0.49891042437117833,0.0065103855748206985,0.49367046838578504,0.007695756040704549,0.4924529016686555,0.005808448801055938
0.785,0.48824002185634746,0.003951032972259905,0.4914521938961023,0.005565243399446945,0.4910780757570722,0.0053469813458479065,0.4954682549188851,0.0035261283539662625,0.49742620998317266,0.003647769285235441,0.500082162914762,0.00702741950940175,0.4900885434572104,0.0026151526980339457,0.4907752670774794,0.003967125846701808,0.49342756727888326,0.006996179224958848,0.4901876252642862,0.006334807035649648,0.49879612109273863,0.0068349519827563265,0.49381664675322307,0.00758161500191229,0.49278411368845376,0.0058548734730975716
0.79,0.48777735766164865,0.004194642688277406,0.4917293068823181,0.005955207715683336,0.49073230979751936,0.00494539657536941,0.4954015341457687,0.0033912267771702698,0.4973054611701754,0.0036943365784385396,0.5002753670457043,0.007521055544478988,0.4904689626131631,0.0028178518803059494,0.4910112115306945,0.0043013965876042,0.49351094630134257,0.006362370816589913,0.49038532673369484,0.0060917313057410605,0.4984670362046248,0.006517620827955539,0.49414438494964485,0.007939812739061386,0.49317764410678344,0.006169904589275771
0.795,0.4880889305060015,0.004305143635602859,0.4915553907272201,0.006139136850833893,0.49147469212986383,0.005001267593986586,0.49503281923397535,0.003374485615289441,0.49758936328895437,0.003497602757792817,0.5005633205925144,0.007665620191292188,0.4913295476035502,0.002827232129543833,0.49179466092174157,0.004255594744247471,0.4930781349539757,0.00606025628886131,0.4908607419837946,0.005755782923983349,0.4982803032364485,0.006673872705150685,0.49458528347547703,0.007853493235021297,0.4931559017712965,0.0058521374872645415
0.8,0.48901873542927204,0.00418912568129598,0.4921184873674065,0.005666613532230247,0.4916221200954169,0.004791621165350091,0.4940922424662858,0.003304879134520905,0.4978140337858349,0.0037563869263976812,0.5015411970205605,0.008161405753344286,0.4912457149941474,0.002742197690531606,0.49220344158820806,0.004657153273001313,0.4936089959461242,0.00593159138225019,0.4909633660223335,0.0058133628685027305,0.4987201500218361,0.006793057406321162,0.49421633635647594,0.008324725506827224,0.49306604457087816,0.0057447783183306456
0.805,0.48882171867982205,0.0038907886569544414,0.49232557688995915,0.006234771762945651,0.49213957402461805,0.0044617437705490315,0.4944860941227178,0.0030667142745871012,0.4981461611130963,0.004076268223131646,0.5019299977499506,0.008035353344419766,0.4917301888699117,0.0030758394310193005,0.49297037142219013,0.004727184263445566,0.49349613492348177,0.005645589104720544,0.490942555230967,0.00596888201392215,0.49847706944120596,0.007001927411704328,0.4948929144266229,0.008294127233650361,0.493579708317422,0.0063581232976469
0.81,0.4887476779152582,0.003907513609270996,0.4918715912894702,0.0064807435336672325,0.49221814529579366,0.0049067225629164934,0.4945039719251203,0.0028325735510867367,0.498428839178365,0.0044302986819803325,0.5021808135472698,0.008241431304702063,0.4920056448950444,0.003614279085103367,0.49336568123580493,0.004502512836529887,0.4939161301303057,0.005591770059164669,0.4913503824284783,0.0057365457860776015,0.4985917754655267,0.007068133510557212,0.4948839342428578,0.008796057077469638,0.49382367449594133,0.00650645300378036
0.815,0.4887894864188381,0.003982952721645477,0.49164446406752055,0.005971621104910341,0.4924915094225685,0.005341786045603952,0.49499806300079896,0.003356591735515113,0.4990769199158516,0.004516172034243093,0.5020372254168328,0.008121372640498559,0.4922520761932332,0.0030621251354188417,0.49337655986927764,0.004349649272447714,0.49446072822516685,0.005510861933962691,0.4916305061589721,0.005984103524246109,0.49842385833431607,0.007240567059238978,0.4954347019455184,0.008506918108902112,0.49403420086104444,0.006503916636932144
0.82,0.48912188324441275,0.004363993091917623,0.49178482787456457,0.006008071188883107,0.4922974914221502,0.005345530489959366,0.4955616291248944,0.0035506191140994847,0.49935796361689155,0.004447561438854136,0.5028709944155885,0.0072974082445953214,0.4927805355500158,0.003557898422203415,0.4933202400712705,0.0042194559170705415,0.4941603341026277,0.005533049428244924,0.49199461196435657,0.005652473966886368,0.4983623277214242,0.0077026378726814115,0.4957261080512913,0.008742827422371702,0.4943216485312072,0.0069607486721219025
0.825,0.4888148731806061,0.004859739406542357,0.4920814750320983,0.005643109525694995,0.49219531493656565,0.005070013485171582,0.4957487853639053,0.004039095974329748,0.500125914766933,0.0041797495701096365,0.5035044759963498,0.00758949305975079,0.4930565377528017,0.003942688802878069,0.49318628848502133,0.0038567523613120824,0.4950546420433305,0.005117014637499168,0.49233084921583986,0.00533052895105246,0.49850223204403216,0.007989765884298283,0.4957864392435912,0.008177106533989759,0.49450077644803303,0.007816356826912257
0.83,0.4893543461270361,0.0047408396669899044,0.49243902994028055,0.005384750080754952,0.49255152903946053,0.00466613655528389,0.4956428372267499,0.0038712960499596716,0.500239073826247,0.004392835075955809,0.5036655290568449,0.0075931276632360545,0.4931107215044728,0.004041899444468033,0.49341381561145725,0.0032775246325027485,0.4955587807638817,0.004818061703299875,0.4919250460723078,0.005119205553488576,0.49900065779865505,0.007604888180293201,0.4956689948687353,0.00801513465233597,0.4949346906000591,0.007724398096282781
0.835,0.4895058913591379,0.00526263948507652,0.4931923177338646,0.005132017066021871,0.4930201698830742,0.004594334629838354,0.49587419044650244,0.004145739276609051,0.5007736767212788,0.004195643711589786,0.5029140405223042,0.007583077662362325,0.49333733868991547,0.00346503148000396,0.4940001309185685,0.0033419750140099014,0.4954584455507958,0.005124444331594591,0.4924821411510427,0.004692410771361372,0.49915763713464056,0.007911241741594438,0.4961692597605511,0.008425214913433898,0.49559249996603605,0.007400739469571066
0.84,0.48978931221756195,0.004914878069290113,0.4930842140512097,0.004941075375037546,0.4929106060326809,0.004409078286872037,0.495685349839429,0.004011765610249268,0.5007464805440534,0.0042620764690495805,0.5032869945945484,0.007084267524381488,0.4934614135307216,0.003088238382978087,0.49403090885884704,0.004056779712083791,0.495608905818136,0.004776784839729459,0.49270896458377444,0.004830395137625093,0.49948030909789454,0.007630963543696051,0.49660963631634203,0.00808992578337589,0.49611435870506937,0.007742143945679764
0.845,0.49020091311995095,0.005218816447187469,0.49307544234059975,0.0050931836109189554,0.49292766787773057,0.003440588492260893,0.49537623162276645,0.004406646643517281,0.5007758523673701,0.004348792223888065,0.5036290768952765,0.006486367412220084,0.4939454694735933,0.0033500424239057136,0.4945073753330835,0.00403594446076444,0.49574286949176055,0.0044187532638657046,0.49271713069381096,0.004920759629568422,0.4996621988316965,0.007752925818841128,0.4971940333585767,0.007478538217276481,0.49618960242475985,0.007815841166578102
0.85,0.49120706315426266,0.005674990704830962,0.49315577188835424,0.00464317741639475,0.49394778455881516,0.0038772165337029596,0.4957313686170999,0.0047019448788726825,0.5010148623848663,0.004418168479905393,0.5039265997707844,0.0065006160999045715,0.4948835173512206,0.0033438548883970853,0.4946648232638836,0.004403714441201273,0.495949665632318,0.004558546008432612,0.4926844535066801,0.0051238819518510115,0.49915043312837093,0.0072594752644791205,0.49729028672856446,0.007422805402208771,0.4962434677954982,0.007488887581755144
0.855,0.49117417062758006,0.00561536129629403,0.49363280296848533,0.004802081189308943,0.4942786444784605,0.003559106928214678,0.4956478901338159,0.005128396576956684,0.500765244209627,0.004551660029860294,0.503600095578453,0.006808950582094381,0.4953844482351465,0.0035117614077545545,0.494993575091599,0.004991004907945462,0.4962525134633856,0.004868920391414594,0.4929271122952651,0.004574540196455035,0.4991031510003826,0.005966913151113612,0.49755243673833494,0.007426427949590281,0.4959536364291146,0.007448784745576059
0.86,0.4920544437630925,0.005614343554128043,0.4932398259379836,0.004253741223798235,0.4944648000649935,0.00400496330545394,0.49561438410607883,0.005174486486371199,0.500521543977219,0.0048364535580540935,0.5037206611920928,0.007282682846105365,0.49575597727887855,0.003648559671155238,0.4953921452424554,0.005049550299381089,0.49609316318014335,0.005104256707221977,0.49341209566350597,0.004742315472211961,0.49896556507189604,0.005698996357793029,0.4979207249314979,0.0075758506305689255,0.4956278120449116,0.007251664259752544
0.865,0.4920393994691744,0.005709690036456716,0.49325143235784047,0.004195081231566533,0.49451436976649166,0.003818138615588912,0.49571555237032777,0.005719617052229842,0.500467092789322,0.0047504585343978445,0.5030342886127489,0.007123046226239632,0.4962209054414247,0.003621116065221003,0.49557432579684124,0.00499465876404262,0.4962665054064266,0.004831272268915471,0.4936796178276828,0.00497584522976352,0.4992826114586323,0.006006017714911133,0.4978859086515587,0.0070909849567220296,0.49599614528390024,0.0068674852823935595
0.87,0.49242376643179475,0.005815839844531018,0.4936158083721824,0.0038454109139141046,0.49511665538295935,0.004120331514498282,0.4963500325450267,0.005508436853515708,0.5003277620450518,0.004896562460852766,0.5031211971808439,0.007473903012344213,0.4967194906510841,0.003124232821423406,0.49556123221228865,0.004742101305860197,0.49581722140140916,0.004971451843264446,0.49412118168226604,0.004671104552074423,0.49966437468069724,0.006425041362814521,0.49797944403414063,0.007319304406985444,0.49624473751447673,0.007042235983856809
0.875,0.49272741373096196,0.006002149879932389,0.4941289571779115,0.00474114005054746,0.495354474399771,0.004371651964528239,0.4968056608523641,0.005644298493862138,0.49983410754374097,0.004464940471308576,0.5031014017973627,0.007036367186478182,0.49693035649401807,0.003363451148782476,0.49580077396971833,0.004994131965296605,0.4959706660253661,0.005221232048102764,0.49404473964657103,0.004493566112858893,0.499214012835707,0.006649911871978193,0.4987177000301225,0.007181380518845121,0.49640571445226667,0.006194019785949134
0.88,0.4928136936558241,0.005815075583417317,0.49425006365742197,0.005108478436754493,0.49560019987719983,0.0040363423441621415,0.4970523562197658,0.005035164385017998,0.4995823933912271,0.0038900634866546324,0.5033474664034492,0.006859517105939739,0.4972863954661245,0.003504778978160844,0.4960085724649782,0.004782601979307161,0.4960579772649164,0.0050727651793171236,0.49414337413724174,0.0044601760719987504,0.4993140680969439,0.006036945661021891,0.49921176417476754,0.007631150285967392,0.4961278900419447,0.0065838884646919615
0.885,0.49323885155431296,0.005866844901594059,0.4944965859170014,0.004722781647733376,0.495872391608812,0.00387244360089975,0.4971919386821278,0.0048297117911489384,0.4992669264728067,0.0038328342939500937,0.5036090252510572,0.006943416081916121,0.4976052181784716,0.0032616616726595105,0.49649809035709347,0.004368789494037628,0.4959329282917545,0.005192206362209739,0.4940332157884614,0.004280560728857075,0.4999360637897152,0.006356547907584137,0.49907008137574976,0.007545632620652498,0.4962879881936278,0.006488644849445835
0.89,0.4934936440811398,0.005908756569195317,0.494932968420594,0.005165569944663023,0.4958049217552951,0.004193631660067643,0.4970895861055744,0.004830590585309463,0.498909724855356,0.003809270940804743,0.5033953789663449,0.0074262186633737015,0.4977228076856458,0.003049085858497752,0.496845299817538,0.0043733939947037115,0.4958678685296118,0.00477674063504413,0.49401811681938973,0.004120515178093753,0.500203432285049,0.0063964098775654565,0.4994287890580933,0.007007761659581974,0.4959569263240594,0.006203425441230287
0.895,0.4935224010041972,0.0063215488744847725,0.4954662419147997,0.005398072885068411,0.4953752407731291,0.0037019204910241077,0.497741502048916,0.004512940580285479,0.4995107542952346,0.003989084930726278,0.5034560176164078,0.007340856479199881,0.4977740724909239,0.003323574347535996,0.4972928802810568,0.003935433757704693,0.4961188735658896,0.005257393020158346,0.4944760685776199,0.004585187570009808,0.500159180322506,0.006194395767576882,0.499324975441621,0.006095457468285909,0.49632578651165826,0.006588823177627989
0.9,0.49409889094531534,0.006171066438158346,0.49565581940114495,0.005150518690546335,0.4950477001981603,0.004035355523228645,0.4973891598896848,0.0042894878735144915,0.4993449923478894,0.003927171188924022,0.5028779006252686,0.0068558327439758315,0.4981991904063357,0.0033589258376094944,0.497061766559879,0.00448795536326041,0.4961517767359813,0.005233181226584671,0.4942955269995663,0.004411631036135899,0.5002811600350672,0.006325557538204685,0.4995489122553004,0.00536060660249657,0.4966176357948118,0.006140363009439542
0.905,0.49480698990393734,0.006071182451524798,0.4963463023304939,0.005273378973837062,0.4953597174411979,0.0038887773182510743,0.4975080446890705,0.004646579410819057,0.4996368368439253,0.0040402695207306105,0.5028212582949776,0.007199878644877394,0.49780926063080516,0.003756494276760669,0.49749173088133003,0.003960806485368423,0.4961564158454784,0.005039332691806453,0.49503830145241806,0.004241831682992914,0.5003743292300741,0.006263214539098505,0.49957299985773657,0.005102312902389994,0.497119256022556,0.006411214683266636
0.91,0.4950488808636482,0.006547605311805066,0.49682228271286566,0.004789258384115119,0.4958682701728501,0.0034394159831188653,0.49776990879531746,0.00472172157286288,0.49967625438348273,0.0035470197243349932,0.5019059119398122,0.007071995432232747,0.4979079630594332,0.003998033661436251,0.49767629896382715,0.003956348072369026,0.4962144278317363,0.0047913903964089954,0.49588265855397495,0.004124568836702092,0.50106779097037,0.0064282655142821055,0.499868568687976,0.004859028240809055,0.49693283770274327,0.006021154409908969
0.915,0.495238771163375,0.006122506096389119,0.4970361428752623,0.004669348276703733,0.49627183560953764,0.0035113741547032062,0.4979832135344464,0.004924355756715376,0.5000607291938829,0.0040848977823075006,0.5014839886071903,0.006805624751771072,0.4978035632622698,0.0042821097650814766,0.4976527592767783,0.004161057780023486,0.49618881505206636,0.005414549892391651,0.4958256689495728,0.0038463317387091023,0.501018114306562,0.005964061560852302,0.5000957430956142,0.004673697298667484,0.4967221282626111,0.005862298843964858
0.92,0.49534462938976026,0.0059359942198447535,0.4972097981802147,0.004399246374226146,0.4964658101696683,0.003021651433537831,0.4975217871124978,0.004602692170959488,0.4995963394074985,0.00406801566967499,0.5014178705523196,0.006892920228774108,0.49757086497772,0.004689519050652569,0.4974297751146166,0.004322165258876631,0.496449488863025,0.005614338807113789,0.49598080871383776,0.0035556085488718525,0.5013230763294775,0.006090329595558025,0.5001977249251112,0.004933582740309417,0.4969928573574061,0.005850133729045803
0.925,0.4956980309373624,0.005605167271317685,0.4976666842360754,0.004176401568425664,0.4966104204187522,0.002956519940414959,0.49769598636272794,0.004602049774414807,0.4998480984085315,0.004676918846529876,0.5018625092264768,0.006200754118932256,0.4979772069566959,0.004219220981404592,0.4981610104441643,0.004177983588463552,0.4963054581671148,0.0052706555337519445,0.4962775685899966,0.004103039768902,0.5011963884169991,0.005999312892153469,0.5003967165544226,0.0049874977888287875,0.497050567857317,0.005320794074921975
0.93,0.4962072665252353,0.00569445363456203,0.49813719482351376,0.004665117550601228,0.49664839369154745,0.0030211560748597543,0.4984010059426549,0.004457491339855318,0.5000022267221764,0.004944940368014017,0.501843569139319,0.006622821212776214,0.49837812617100696,0.004399809505670316,0.49828227581356166,0.0038691613703004946,0.49636288728284583,0.005340994485924316,0.49675554754112355,0.004592150169354603,0.5008970975315058,0.006361016142432424,0.5000446196445214,0.004681723132248822,0.49755180655147435,0.005379622301427273
0.935,0.4965140909195584,0.005532687002006098,0.49808729519659184,0.004407868705650075,0.4966859770092097,0.0036891435477185153,0.4990753617914603,0.004731802498911808,0.4996572132496273,0.005087766059260979,0.5021900182818984,0.007004495889426587,0.4984130097184589,0.003595092119698884,0.49837620106132274,0.004212833462870713,0.49719271466215664,0.005293614046777639,0.49724271833737266,0.004753387348855886,0.5012328422722969,0.00590932094317706,0.5000470065895248,0.0047192287875369165,0.4978657836184145,0.005168948621354641
0.94,0.49675074358411286,0.0053102634450856445,0.4980981491426838,0.004445237642590055,0.49693221975355706,0.003887618990971675,0.49877083337211864,0.004567099180310341,0.4999744248120709,0.004880107661828115,0.5022017743755528,0.00680938945647247,0.4985177418256694,0.003306558514212077,0.4979830379895074,0.003841262350374103,0.4980889626560693,0.005342966579693437,0.49779161101484554,0.004508141626385964,0.5011746585765418,0.005460560916269092,0.5001884446419934,0.004687230835886735,0.49835813287249275,0.005247461787880742
0.945,0.4969180114764385,0.00552938898246752,0.4980713151513584,0.003585965663352342,0.4972117765161095,0.0037214448921894794,0.4993001579371079,0.00488194882396667,0.5002337640161236,0.0052914391197855515,0.50266211432597,0.006997727409557064,0.49866911425950033,0.003709257555701728,0.49786150948238117,0.003674374489241794,0.4981457327329923,0.005134306138470046,0.4976765455471145,0.004611770114886032,0.5014802750850481,0.005250140906326389,0.4998636822457667,0.004643992811599135,0.49779093774065136,0.005048590322966284
0.95,0.4974497334345391,0.005221136894665246,0.4983112268149853,0.003390075305574808,0.49798475719596214,0.0036655131531389273,0.49951978627788396,0.004701157110302084,0.5002781137431923,0.00533548056295044,0.5022556577466036,0.006897847472052826,0.4986503977916743,0.0034381594704954443,0.49826607041453064,0.0038224868476391116,0.4983745013020541,0.005610234839351552,0.49827685148308154,0.004453780972643928,0.5014077162664188,0.005612296375789111,0.49988408296516074,0.005041878748881207,0.4982751262423239,0.00500381749711537
0.955,0.49788135840162556,0.005433667197589476,0.49822077580303425,0.0039236006858461014,0.49813938402224583,0.0034521336408809833,0.49998248984832416,0.004991335823585824,0.5008352372736831,0.005506168290270563,0.5021249585984889,0.00612475005275917,0.49913645309459476,0.0038849349031273572,0.49857901742789135,0.004273586443269473,0.49889306103839925,0.005222789163052743,0.49837849179955673,0.004163123901289784,0.5015602097383345,0.006112113243934375,0.5001264267957023,0.0056265553176715055,0.49887686058956915,0.004758491917118329
0.96,0.4979103558774417,0.005716136307455627,0.49844686745200306,0.0037834877536321587,0.4986250147145862,0.003729158896021517,0.5001993089681491,0.00546305157088986,0.5011714675541347,0.0055743168340996185,0.5022290761504944,0.006248076950820802,0.4993561052639658,0.00347573608936122,0.4987243270734325,0.005052269630444556,0.4995455220729733,0.005103807081468376,0.4990123918202395,0.004364355350844534,0.5014250615689283,0.0055980311008170525,0.4998665764384593,0.005397258598047017,0.49895332020241767,0.004723312061590462
0.965,0.49811107441396907,0.0053969180414095985,0.49915116380687824,0.0037495589240845173,0.499073494708291,0.0042024667476125155,0.5002384758288996,0.005121559560916589,0.5009347082651341,0.005170010416310045,0.501965789404249,0.005967426832784645,0.5001102415313993,0.003473877636571032,0.4987344806290044,0.004849638538965945,0.4996955158874161,0.005045004111806334,0.49932287776254003,0.0041639761989598345,0.5014833203019873,0.005933667673039322,0.49990517329521134,0.005447033194371481,0.49974805483391865,0.004753500879428552
0.97,0.4986384377728418,0.005032028081183609,0.49924814866222056,0.004070519517684751,0.49940701270687216,0.00391165547303321,0.500854825428159,0.004656894113292398,0.5011515260587648,0.005189348933930277,0.5018361508462232,0.005981818801656241,0.5001589815257136,0.003556289201237489,0.49918124843964873,0.004534022287302403,0.5001798200315422,0.004794822026466555,0.4994586480723828,0.0044431300430568255,0.5013168544422105,0.005510760221591915,0.5003684804073929,0.00540112969033496,0.5000349901155713,0.004876259330314464
0.975,0.49901599543981057,0.004873214050745339,0.4994925715602361,0.004112061055806943,0.49992206352643476,0.004024224441785074,0.500570828677752,0.00474572009765184,0.5008846519467158,0.005294088560801297,0.5019217864443094,0.005307776003311865,0.5003866863174316,0.004012980560461676,0.4997762613189526,0.004623405558940669,0.49973498877042377,0.004490137214844037,0.4991646518691992,0.004776404645198462,0.5009987065043204,0.005664277573426552,0.5003681455285122,0.004647871737296777,0.5003021924541546,0.0044153482868120875
0.98,0.4992401278672778,0.004993284729366415,0.5001775377182935,0.004050053542061727,0.5004230289510927,0.0038045623092626824,0.5001992861911351,0.0049198742347712765,0.5010266882196373,0.00467897658901556,0.5022217973078392,0.004998721068306816,0.5000894552058711,0.0043467494221974545,0.49998228278543266,0.004453921842635905,0.49983709294120876,0.004425461308992629,0.49889737941628814,0.004303258482594885,0.5006827810513121,0.005974049660928377,0.4999576849976973,0.004865077343218199,0.5005530837771235,0.004811874039623187
0.985,0.49972588160467635,0.004874705625367071,0.5006444948503209,0.004121823699643784,0.5007882117090492,0.003432847181249976,0.5003472670610181,0.004870919747098468,0.5011741383199765,0.004864761785504795,0.5019583172226315,0.004778019554421364,0.5004040760361603,0.004264230088231513,0.5000438606602892,0.004482765072190836,0.500287734955398,0.004379487241887803,0.49934705089645337,0.004397527253264699,0.5011295163767592,0.0056068204002936994,0.5004139584560079,0.0045093348259248045,0.5006854912729433,0.0047808676428601204
0.99,0.49999544509884086,0.0041556017793188404,0.5009963364537918,0.0038702903748160378,0.5009415722028776,0.003815526123901819,0.5004893547733023,0.004849081200481664,0.501354219297869,0.004681741536566669,0.5017641399319124,0.004225139628456082,0.5004632126427058,0.004293885684073573,0.500516621565277,0.004240476761502465,0.5002605372832881,0.004496561043491276,0.500000670589883,0.004263095595318844,0.5010602004224002,0.004929079137968279,0.5005992637062916,0.004326724682492428,0.5010371258237747,0.00452600581326873
0.995,0.5007609810736311,0.004187733197032473,0.5008673376998111,0.003989611176689639,0.5008673376998111,0.003989611176689639,0.5008342325612528,0.004589181936266423,0.501124628412364,0.00499387882911978,0.5013153527924163,0.004247245140111627,0.5012147233788692,0.00433699685574776,0.5012147233788692,0.00433699685574776,0.5004938492298725,0.004363099646628177,0.500558458118882,0.0044277085356376755,0.5014730997046634,0.004598960842019939,0.5012183683975857,0.00434422953494229,0.5012610964664264,0.004386957603782882
1.0,0.5011885743960738,0.004458524025976657,0.5011885743960738,0.004458524025976657,0.5011885743960738,0.004458524025976657,0.5011885743960738,0.004458524025976657,0.5011885743960738,0.004458524025976657,0.5011885743960738,0.004458524025976657,0.5011885743960738,0.004458524025976657,0.5011885743960738,0.004458524025976657,0.5011885743960738,0.004458524025976657,0.5011885743960738,0.004458524025976657,0.5011885743960738,0.004458524025976657,0.5011885743960738,0.004458524025976657,0.5011885743960738,0.004458524025976657
0.0,0.03975021839141846,0.0001004934310913086,0.05488237738609314,0.002801865339279175,0.05488237738609314,0.002801865339279175,0.04664433002471924,0.001095414161682129,0.051842783391475675,0.012193058431148526,0.05985096544027328,0.004184876382350919,0.05488237738609314,0.002801865339279175,0.05488237738609314,0.002801865339279175,0.05488237738609314,0.002801865339279175,0.04881471395492554,0.0032657980918884277,0.045965611934661865,0.0061149001121521,0.05488237738609314,0.002801865339279175,0.05488237738609314,0.002801865339279175
0.05,0.03975021839141846,0.0001004934310913086,0.05488237738609314,0.002801865339279175,0.05488237738609314,0.002801865339279175,0.04664433002471924,0.001095414161682129,0.051842783391475675,0.012193058431148526,0.05985096544027328,0.004184876382350919,0.05488237738609314,0.002801865339279175,0.05488237738609314,0.002801865339279175,0.05488237738609314,0.002801865339279175,0.04881471395492554,0.0032657980918884277,0.045965611934661865,0.0061149001121521,0.05488237738609314,0.002801865339279175,0.05488237738609314,0.002801865339279175
0.1,0.042546287178993225,0.0001535266637802124,0.06397713720798492,0.0011381059885025024,0.06397713720798492,0.0011381059885025024,0.0460994690656662,0.00033830106258392334,0.05386528819799423,0.010170553624629972,0.06144246906042099,0.0025933727622032138,0.06397713720798492,0.0011381059885025024,0.06397713720798492,0.0011381059885025024,0.05722780525684357,0.005611225962638855,0.050112366676330566,0.0015042126178741455,0.04630497097969055,0.0036051571369171143,0.05580325424671173,0.007035776972770691,0.050112366676330566,0.0015042126178741455
0.15,0.048316915829976395,0.0006222923596700021,0.05776554346084595,0.0008275906244913714,0.05776554346084595,0.0008275906244913714,0.05140433708826701,0.0002315441767374686,0.05526291777690251,0.008772924045721688,0.06390054474274318,0.00013529707988103185,0.05776554346084595,0.0008275906244913714,0.05776554346084595,0.0008275906244913714,0.05776554346084595,0.0008275906244913714,0.05776554346084595,0.0008275906244913714,0.04514050483703613,0.0013494888941446917,0.05275027950604756,0.005055656035741169,0.05776554346084595,0.0008275906244913714
0.2,0.05181603133678436,0.0020914971828460693,0.05964215099811554,0.0006191283464431763,0.057920798659324646,0.0006292164325714111,0.05204533785581589,0.0002982988953590393,0.05509364306926727,0.00894219875335693,0.061897356808185575,0.0021384850144386264,0.057920798659324646,0.0006292164325714111,0.057920798659324646,0.0006292164325714111,0.055599555373191833,0.0016920268535614014,0.053261712193489075,0.0006458163261413574,0.04835996776819229,0.0010956451296806335,0.0502656027674675,0.003001280128955841,0.05964215099811554,0.0006191283464431763
0.25,0.05501218438148499,0.0005130469799041748,0.05939103364944458,0.0005021214485168464,0.05684953331947327,0.0020393788814544664,0.053687000274658205,0.004359424114227295,0.056749700009822844,0.007286141812801357,0.06043504923582077,0.003600792586803434,0.05684953331947327,0.0020393788814544664,0.05684953331947327,0.0020393788814544664,0.05684953331947327,0.0020393788814544664,0.05428668260574341,0.000523471832275392,0.05224733352661133,0.0020366668701171896,0.05092566609382629,0.000714999437332154,0.06163734197616577,0.0010291099548339865
0.3,0.05575866997241974,0.0005369832118352277,0.05611756443977356,0.0004351834456125872,0.059792354702949524,0.0032396068175633737,0.05644133687019348,0.004883021116256714,0.05749044269323349,0.006545399129390714,0.06267779519160588,0.001358046631018319,0.059792354702949524,0.0032396068175633737,0.059792354702949524,0.0032396068175633737,0.05818466345469157,0.0048472980658213274,0.05611756443977356,0.0004351834456125872,0.05195544163386027,0.0008038580417633057,0.052551766236623124,0.00020753343900044643,0.05954805016517639,0.002399404843648277
0.35,0.056134083441325595,0.00045540077345711943,0.05985825402396066,0.00016661201204572207,0.05985825402396066,0.00016661201204572207,0.056719226496560235,0.004190317222050259,0.05782766022852488,0.006208181594099314,0.06335600806134087,0.0006798337612833258,0.05985825402396066,0.00016661201204572207,0.059445125716073174,0.000246516295841763,0.057366528681346354,0.0023251133305685866,0.056901740176337104,0.0018603248255593431,0.0545636670930045,0.00038255112511771314,0.05465711014611381,0.0005731242043631422,0.0611960334437234,0.003865672009331838
0.4,0.05755854398012161,0.0006814822554588318,0.05942079424858093,0.000186040997505188,0.061895594000816345,1.0386109352111816e-05,0.058946870267391205,0.003784380853176117,0.05847844928503036,0.005557392537593839,0.06547711119055748,0.001441269367933276,0.061895594000816345,1.0386109352111816e-05,0.061895594000816345,1.0386109352111816e-05,0.057871557772159576,0.0003260970115661621,0.05812527984380722,0.00024978816509246826,0.05615435540676117,0.0009918659925460815,0.05616122856736183,0.0018794797360897064,0.06029687449336052,0.004386130720376968
0.45,0.05859797199567159,0.0010392434067196324,0.06128036975860596,0.0002857247988382952,0.06261426210403442,0.0010481675465901681,0.05770370695326063,0.0024852620230780727,0.05962714337640338,0.00440869844622082,0.06605054388443629,0.0020147020618120834,0.06261426210403442,0.0010481675465901681,0.06144981914096408,0.0013141234715779646,0.05876304374800788,0.0007230738798777274,0.05848988890647888,0.001296523544523448,0.05770677328109741,9.120835198296595e-05,0.05665068493949042,0.0014322400093078613,0.06011743015713162,0.0017840994728936105
0.5,0.059010863304138184,0.0005633950233459445,0.06252772510051727,0.00013885796070099016,0.062141197919845584,0.0002476692199707038,0.05910138487815857,0.0023233115673065192,0.06072822958230972,0.0033076122403144816,0.06462976783514023,0.0005939260125160245,0.062141197919845584,0.0002476692199707038,0.061577525734901425,0.0003160029649734476,0.06079162657260895,0.00046989619731903354,0.05962106883525849,0.00022768080234527796,0.058493560552597045,0.0010729432106018066,0.05985918641090393,0.0005012035369873075,0.06038818657398223,0.002302572131156918
0.55,0.059909229928796943,0.001074075698852539,0.06110307574272156,4.594705321572107e-05,0.06110307574272156,4.594705321572107e-05,0.05986145951531151,0.0012231956828724251,0.06250973899256099,0.0015261028300632105,0.06403235048055649,3.4913420677157303e-06,0.06110307574272156,4.594705321572107e-05,0.06147998842326077,0.0004228597337549399,0.061378587375987656,0.00032145868648182294,0.06031444397839633,0.0005416545000943261,0.05905029990456322,0.0004120360721241341,0.0604672757062045,0.0005163604562932779,0.060743684118444274,0.000587891448627819
0.6,0.06046247482299805,9.356935818990303e-05,0.061475706597169236,0.0008678312102953605,0.061475706597169236,0.0008678312102953605,0.06152408321698506,0.00027881066004435337,0.06288777738809585,0.001148064434528348,0.06408440768718719,4.856586456299106e-05,0.061475706597169236,0.0008678312102953605,0.06182120988766353,0.0012133345007896458,0.062086460491021477,0.0009480838974316938,0.06156538178523381,0.0009575063983599356,0.06040658305088679,0.0008386895060539246,0.06148154536883036,0.00023627281188964844,0.06062663346529007,0.0002328182260195391
0.65,0.060855718759390026,0.0008485684028038606,0.06161876366688655,0.0002257457146277765,0.06161876366688655,0.0002257457146277765,0.06319344731477591,0.000755656224030711,0.06373421950982167,0.00030162231280253526,0.06402975538602242,6.0864366017848726e-06,0.06161876366688655,0.0002257457146277765,0.06185491268451397,0.0004618947322552018,0.0615998965043288,0.0008824651057903581,0.06161876366688655,0.0002257457146277765,0.06268847217926612,0.0012606313595404962,0.06215034998380221,0.00015865380947406582,0.061544982286599964,2.193909425001958e-05
0.7,0.060652809483664374,7.215567997523667e-05,0.06216250785759517,0.00017514611993517046,0.061912442956651964,0.0004252110208783806,0.0629289937870843,0.00028831405299050566,0.06399786706481661,3.797475780759063e-05,0.06382721258061272,0.0002086292420114752,0.061671282563890734,0.00018405062811715014,0.061647000057356696,0.00020833313465118408,0.061979432191167555,0.0005407652684620429,0.061707569020135064,0.00022033708436148408,0.0629973943744387,0.0012945256062916362,0.06303292938641139,0.0005127319267817926,0.062373838254383626,0.0001463592052459682
0.75,0.061628335714340204,0.0003041128317515067,0.06215261220932007,0.00016226768493652136,0.062175275882085164,0.0001396040121714251,0.0635626475016276,0.00044509172439575334,0.06418966501951218,0.00015382319688797552,0.06403038750092188,5.45432170231952e-06,0.062175275882085164,0.0001396040121714251,0.06172800262769063,0.0002044459184010819,0.06172800262769063,0.0002044459184010819,0.061995484431584674,6.303588549295969e-05,0.06419355273246766,0.00016328692436218262,0.06440439422925313,0.00037412842114765976,0.06378903985023499,0.0007308622201283727
0.8,0.061870550736784935,0.0004879031330347061,0.06219695135951042,0.00016150251030921936,0.06219695135951042,0.00016150251030921936,0.06435547396540642,5.143508315086365e-05,0.06435998789966106,0.0003241460770368604,0.06421066522598266,0.00017482340335846225,0.06219695135951042,0.00016150251030921936,0.062254494056105614,0.00021904520690441132,0.06226520426571369,0.0002083349972963333,0.06193900667130947,0.00041944719851017,0.06470606848597527,0.00032057985663414,0.06471677869558334,0.000309869647026062,0.06477432139217854,0.00036741234362125397
0.85,0.06187890207066256,0.0009637545136844429,0.06267496768166037,0.000167688902686626,0.06345606376143062,0.0006134071770836289,0.06422511970295626,0.0001354883698856113,0.064377461373806,0.000341619551181796,0.06414812198456596,0.00011228016194175794,0.06267496768166037,0.000167688902686626,0.06267496768166037,0.000167688902686626,0.06346614395870882,0.0006234873743618252,0.06242211601313423,0.00042054057121276855,0.06453984449891484,0.00017923642607296092,0.06503648968303904,0.0003174087580512519,0.06472176488708048,0.0006321335540098241
0.9,0.061802294519212514,0.0009928113884395996,0.06455438335736594,0.0001522964901394322,0.06455438335736594,0.0001522964901394322,0.06455438335736594,0.0001522964901394322,0.06421896434492536,0.00018312252230114762,0.06384742044740252,0.0001884213752216743,0.06455438335736594,0.0001522964901394322,0.06455438335736594,0.0001522964901394322,0.06455438335736594,0.0001522964901394322,0.06217760841051737,0.00017433696322970843,0.06455438335736594,0.0001522964901394322,0.06455438335736594,0.0001522964901394322,0.06455438335736594,0.0001522964901394322
0.95,0.06217472804220099,0.000157996227866726,0.06398428427545648,0.0001594047797353615,0.06398428427545648,0.0001594047797353615,0.06442640957079435,0.00013711577967593508,0.06416256780687131,0.00012672598424710857,0.06372516225827368,0.00031067956435052585,0.06398428427545648,0.0001594047797353615,0.06398428427545648,0.0001594047797353615,0.06442640957079435,0.00013711577967593508,0.06398428427545648,0.0001594047797353615,0.06398428427545648,0.0001594047797353615,0.06421649142315514,7.28023679632886e-05,0.06442640957079435,0.00013711577967593508
1.0,0.06389121413230896,0.0001446276903152438,0.06389121413230896,0.0001446276903152438,0.06389121413230896,0.0001446276903152438,0.06389121413230896,0.0001446276903152438,0.06389121413230896,0.0001446276903152438,0.06389121413230896,0.0001446276903152438,0.06389121413230896,0.0001446276903152438,0.06389121413230896,0.0001446276903152438,0.06389121413230896,0.0001446276903152438,0.06389121413230896,0.0001446276903152438,0.06389121413230896,0.0001446276903152438,0.06389121413230896,0.0001446276903152438,0.06389121413230896,0.0001446276903152438
0.0,0.03771224617958069,2.2351741790771484e-06,0.05488237738609314,0.002801865339279175,0.046485334634780884,0.005595177412033081,0.052173614501953125,0.01445913314819336,0.051055698593457544,0.011405973633130392,0.05906388064225515,0.0033977915843327842,0.046485334634780884,0.005595177412033081,0.046485334634780884,0.005595177412033081,0.046485334634780884,0.005595177412033081,0.041377872228622437,0.0004877150058746338,0.038782596588134766,0.001068115234375,0.04489526152610779,0.007185250520706177,0.05488237738609314,0.002801865339279175
0.03333333333333333,0.03771224617958069,2.2351741790771484e-06,0.05488237738609314,0.002801865339279175,0.046485334634780884,0.005595177412033081,0.052173614501953125,0.01445913314819336,0.051055698593457544,0.011405973633130392,0.05906388064225515,0.0033977915843327842,0.046485334634780884,0.005595177412033081,0.046485334634780884,0.005595177412033081,0.046485334634780884,0.005595177412033081,0.041377872228622437,0.0004877150058746338,0.038782596588134766,0.001068115234375,0.04489526152610779,0.007185250520706177,0.05488237738609314,0.002801865339279175
0.06666666666666667,0.03873123228549957,4.912912845611572e-05,0.05062970519065857,0.0013425052165985107,0.04813012480735779,0.0011570751667022705,0.04598070681095123,0.006190672516822815,0.05782721837361654,0.004634453852971395,0.060655384262402856,0.0018062879641850792,0.04813012480735779,0.0011570751667022705,0.04813012480735779,0.0011570751667022705,0.04313656687736511,0.0038364827632904053,0.04509629309177399,0.0018767565488815308,0.04183892905712128,0.0030585676431655884,0.046297311782836914,0.0013998150825500488,0.046297311782836914,0.0013998150825500488
0.1,0.04093494017918904,0.00010160605112711704,0.04918410380681355,0.0005807677904764823,0.05046353737513225,0.006576677163441975,0.0462019145488739,0.003761976957321167,0.05524750451246897,0.007214167714118959,0.06311345994472503,0.0006517877181371028,0.05046353737513225,0.006576677163441975,0.04682586590449016,0.002939005692799885,0.044657498598098755,0.0007706383864084856,0.04716154932975769,0.001441786686579384,0.04660673936208089,0.005570193131764729,0.044657498598098755,0.0007706383864084856,0.04543395837148031,0.001547098159790039
0.13333333333333333,0.041045673191547394,4.572421312332153e-05,0.05067066848278046,0.0047895461320877075,0.050024256110191345,0.004143133759498596,0.04854690283536911,0.00543300062417984,0.055210805435975396,0.007250866790612539,0.0616257925828298,0.0008358796437581383,0.050024256110191345,0.004143133759498596,0.05067066848278046,0.0047895461320877075,0.04566972702741623,0.00021139532327651978,0.04729600250720978,0.0014148801565170288,0.04529952257871628,0.004299573600292206,0.04767415672540665,0.003640376031398773,0.044828712940216064,0.000629618763923645
0.16666666666666666,0.045278543233871454,0.00094173550605774,0.05245118141174317,0.001026773452758787,0.05245118141174317,0.001026773452758787,0.05010844469070434,0.0022701621055603027,0.0556228627761205,0.0068388094504674285,0.0593182494242986,0.0031434228022893286,0.05245118141174317,0.001026773452758787,0.05245118141174317,0.001026773452758787,0.048967558145523074,0.002456849813461306,0.04960500597953796,0.0038729488849639886,0.0456109344959259,0.00361629128456116,0.04936779737472534,0.005030989646911621,0.05047734975814819,0.00039856433868408134
0.2,0.04845419029394785,0.0004013925790786743,0.05302336315313975,0.0026470571756362915,0.05241313576698303,0.001563171545664467,0.052092716097831726,0.0018887966871261597,0.055318841338157655,0.007142830888430277,0.06019833087921143,0.0022633413473765046,0.05241313576698303,0.001563171545664467,0.05241313576698303,0.001563171545664467,0.05061313509941101,0.0002368291219075544,0.05061313509941101,0.0002368291219075544,0.04612027605374654,0.0015106995900471994,0.048949261506398514,0.004339685042699177,0.053064584732055664,0.00020962953567504883
0.23333333333333334,0.050434074231556485,0.0011177871908460354,0.05290901235171727,0.00019563521657671099,0.05290901235171727,0.00019563521657671099,0.05236066239220756,0.0018886583192007887,0.05635712728613899,0.006104544940448944,0.059470099068823314,0.002991573157764618,0.05290901235171727,0.00019563521657671099,0.05290901235171727,0.00019563521657671099,0.05290901235171727,0.00019563521657671099,0.05290901235171727,0.00019563521657671099,0.048459180763789585,0.0007034369877406549,0.04921692184039524,0.0021235644817352295,0.05457494940076556,5.475963865007524e-05
0.26666666666666666,0.05260441452264786,0.00025296956300735474,0.05445438250899315,0.0001703985035419464,0.0535937063395977,0.00017544254660606384,0.050849322229623795,0.0017301030457019806,0.05686337028940519,0.005598301937182745,0.05876117845376333,0.0037004937728246055,0.0535937063395977,0.00017544254660606384,0.0535937063395977,0.00017544254660606384,0.052433084696531296,0.0009851790964603424,0.051264163106679916,0.000183742493391037,0.05087638273835182,0.0013406015932559967,0.05184156075119972,0.002758365124464035,0.05348524451255798,0.000798739492893219
0.3,0.05244719982147217,0.0005042486720614955,0.05489129159185621,0.0001552535427941197,0.05347934696409437,0.0012566910849677211,0.05141486393080817,0.0007853342427147775,0.05710787143972185,0.0053538007868660815,0.060354874200291106,0.0021067980262968293,0.05347934696409437,0.0012566910849677211,0.05347934696409437,0.0012566910849677211,0.05347934696409437,0.0012566910849677211,0.05205554101202223,0.00016711486710442244,0.05139921440018548,3.097123569912458e-05,0.052290750874413386,0.001257605022854276,0.05553537938329908,0.0012992918491363525
0.3333333333333333,0.05338742434978485,0.00011094510555267195,0.05337718427181244,0.00014977753162384241,0.055582058429718015,0.0020550966262817376,0.05323387980461121,0.0018320560455322259,0.05762177308400472,0.004839899142583211,0.06098320682843526,0.0014784653981526688,0.055582058429718015,0.0020550966262817376,0.055582058429718015,0.0020550966262817376,0.054617443680763246,0.00301971137523651,0.05337718427181244,0.00014977753162384241,0.05218770205974579,0.00037066638469696045,0.05360661149024963,0.0004221558570861837,0.056773674488067624,0.0021191298961639425
0.36666666666666664,0.05418767712332986,0.00044974413785067724,0.056006748567927964,4.814429716632623e-06,0.056006748567927964,4.814429716632623e-06,0.052912400527433914,0.0017584697766737517,0.05856794019540151,0.003893732031186422,0.06018142709226319,0.002280245134324739,0.056006748567927964,4.814429716632623e-06,0.055743848735635926,0.0002580854025754052,0.0544211051680825,0.0015808289701288378,0.0541253306648948,0.0012850544669411393,0.053795462304895576,0.0003758452155373307,0.05455419421195984,0.0002021491527557373,0.056570280681956894,0.002273402430794453
0.4,0.054693455497423805,0.0003824681043624878,0.05654956648747127,0.0002966945370038339,0.057685934007167816,8.585304021835327e-05,0.05496678501367569,0.0016243482629458086,0.05803424765666326,0.004427424569924673,0.05979700287183126,0.0026646693547566734,0.057685934007167816,8.585304021835327e-05,0.057685934007167816,8.585304021835327e-05,0.0550032431880633,0.0003101751208305359,0.0551723912358284,0.00025930255651474,0.05464418977499008,0.0007604733109474182,0.0562802900870641,1.8586715062458153e-05,0.05726111680269241,0.00365786006053289
0.43333333333333335,0.05510092469362112,0.0011856762262491063,0.05745344437085665,0.0008488985208364649,0.0580578285914201,0.00019054917188791182,0.05581619418584384,0.0009156717703892626,0.05784456217900301,0.004617110047584926,0.0605771439961898,0.001884528230398131,0.0580578285914201,0.00019054917188791182,0.05770114064216614,0.0009954182001260595,0.05584106537011954,0.0005862300212566667,0.055651958172137916,0.000811952811021071,0.05537203412789565,5.273864819453286e-05,0.055983055096406206,0.00023283178989703598,0.0582312666452848,0.002773335346808802
0.4666666666666667,0.055201053619384766,0.0004750575338091159,0.05879569053649902,0.0008719137736729193,0.05945119900362832,0.0001875822033200955,0.0571258898292269,0.0009453573397227716,0.05870843898682367,0.0037532332397642587,0.06193147287482307,0.0005301993517648623,0.05917897820472717,0.0004598030022212457,0.05806012238774981,0.00014619316373552446,0.056969135999679565,0.0009447932243347168,0.05666265317371913,0.00024215238434928052,0.055937688265528,0.0010578866515840828,0.05631043229784284,0.0003694636481148851,0.057846092752047946,0.001633160880633762
0.5,0.0553501824537913,7.17818737030057e-05,0.06019560098648072,0.0006435076395670571,0.05978343288103739,0.0010556757450103753,0.05650139053662618,0.00035515427589416504,0.059451271096865335,0.0030104011297225966,0.062459436058998105,2.2361675898231737e-06,0.05952936013539632,0.0008016029993693011,0.05835748513539632,0.00037027200063069823,0.05844697952270508,0.0007670879364013658,0.05816444953282674,0.00047310193379720283,0.05666940212249756,0.0012474497159322105,0.058014855782190955,0.000412780046463012,0.0581780195236206,0.0019888718922932945
0.5333333333333333,0.05627910979092121,0.0004015173763036728,0.06104299612343311,0.00035578198730945587,0.05990627408027649,0.0014925040304660797,0.05775640532374382,0.0006933882832527161,0.06070667592187723,0.0017549963047107063,0.061746702467401826,0.0007149697591861091,0.060801416635513306,0.0005973614752292633,0.059238018468022346,0.0003059934824705124,0.058997055515646935,0.00020445697009563446,0.05843670666217804,0.00022432208061218262,0.05700750835239887,0.0003317277878522873,0.059153614565730095,0.0016606580466032028,0.058560559526085854,0.0008296351879835129
0.5666666666666667,0.05744839591138503,0.0003141813418444453,0.060208501184687895,0.00038680434226989746,0.060208501184687895,0.00038680434226989746,0.05876445244340336,0.000514544108334708,0.0611145872111414,0.0013470850154465308,0.06238976898146611,7.190324512182378e-05,0.060921972288804895,0.0003266667618471025,0.0603233698536368,0.00027193567332099364,0.05995413135079776,4.850766238044188e-05,0.059474028208676505,0.00015812936951132422,0.05751416437766131,0.0007357439574073345,0.06023875930730034,0.001541742507149193,0.05860635462929221,0.0005647750461802784
0.6,0.05884694390826755,0.00028151936001247907,0.0610519912507799,0.00022250082757737863,0.0610519912507799,0.00022250082757737863,0.05854276484913296,0.0006476342678070068,0.061119035548634,0.0013426366779539338,0.06210539804564582,0.00035627418094211216,0.0610519912507799,0.00022250082757737863,0.0610916233725018,0.000182868705855474,0.060512070854504905,0.00039668381214141846,0.060566403799586825,0.0002449436320198922,0.05886764327685039,0.0007514920499589704,0.06023977365758684,0.001985912521680195,0.05945862498548296,0.0004708121220270804
0.6333333333333333,0.05913596874789188,0.000179731532147058,0.06129002571105957,0.0003107127390409789,0.06129002571105957,0.0003107127390409789,0.05966224795893619,0.0002707086111369897,0.06138956604296701,0.0010721061836209203,0.06219826931493325,0.0002634029116546886,0.06129002571105957,0.0003107127390409789,0.061508238315582275,0.000528925343563684,0.060262021265531845,0.0003808078012968348,0.06065550603364643,0.00021823142704210582,0.05977309220715573,0.00038155285935653066,0.06077350754486888,0.0016128389458907287,0.05980454934270758,0.0013336539268493652
0.6666666666666666,0.05945790261030197,0.0003246828913688639,0.0613922968506813,7.878690958023141e-05,0.0613922968506813,7.878690958023141e-05,0.06084042638540268,0.00040128976106643816,0.061975309749444325,0.0004863624771436065,0.06221769799788793,0.00024397422870000088,0.0613922968506813,7.878690958023141e-05,0.06154579371213913,7.47099518775933e-05,0.06089662164449692,0.00013533085584640364,0.06113958060741424,0.00017392933368682792,0.060490912199020384,0.0007508039474487319,0.06188722550868988,0.0015671640634536757,0.06051478534936905,0.0010693356394767747
0.7,0.05914802778334845,2.302158446539082e-05,0.0617655771119254,9.80184191749188e-05,0.06159886717796326,6.869151478722246e-05,0.06122634950138274,0.0008115697474706772,0.062485001342637195,2.3329116049266435e-05,0.06213147767952511,0.000330194547062828,0.0614380935827891,9.20820803869335e-05,0.061421905245099745,7.589374269758101e-05,0.06085347561609178,0.000644323371705554,0.06146228455361866,6.789110955737754e-05,0.06146061136609032,0.0005773078827630909,0.061886614277249286,0.0008639948708670485,0.06127987305323283,0.0007438006855192657
0.7333333333333333,0.059889347715811295,0.000223502516746521,0.06177687238563191,9.438260035081122e-05,0.06179232488978993,0.00010983510450883124,0.061147474429824135,0.0005116286602887266,0.06224308266784206,0.00021858955874587416,0.0623113083116936,0.00015036391489433448,0.06179232488978993,0.00010983510450883124,0.06148736585270275,6.562471389770508e-05,0.060733226212588226,0.0008197643540122299,0.06166973980990323,0.0002479986710981867,0.06159140576015819,0.0007515414194627264,0.06173562326214531,0.0005201358686793937,0.061316201632673095,0.00010071423920718012
0.7666666666666667,0.060295514438463295,0.00019280029379803443,0.06152306043583414,0.0003847492777782936,0.061778304369553276,3.8007031316344975e-05,0.06163818421571151,0.0006041656369748308,0.062434174746706865,2.7497479881066766e-05,0.062477240398310235,1.55681717223001e-05,0.061778304369553276,3.8007031316344975e-05,0.06118561133094456,0.00029671192169189453,0.06118561133094456,0.00029671192169189453,0.061360055985658066,0.0004711565764054029,0.06162507767262666,0.0005922408207603112,0.06268646146940149,5.857322527014902e-05,0.062285143396128784,0.0006620728451272734
0.8,0.060704472164313,0.0005119120081265756,0.06152084345618884,0.00030445928374926365,0.06173515816529592,9.01445746421814e-05,0.06224692116181056,0.0002665196855862924,0.06258640711506208,0.0001247348884741463,0.06269240404168765,0.00023073181509971827,0.061967166761557266,0.00014186402161915981,0.06155920525391897,0.0002660974860191345,0.061566345393657684,0.0002732376257578509,0.06134888033072154,0.00013249615828196323,0.06242985650897026,8.552148938179016e-05,0.0627552792429924,0.00023990124464035034,0.0630046601096789,6.724397341410088e-05
0.8333333333333334,0.060756794214248656,0.0008345305919647203,0.06187293887138366,0.0002816140651702888,0.06260982632637024,0.000607017278671261,0.06212637782096862,0.00026466488838195953,0.06272806068261465,0.00026638845602671227,0.06267912169297536,0.00021744946638743365,0.06207868099212646,7.587194442748926e-05,0.06187293887138366,0.0002816140651702888,0.06241093873977661,0.0008196139335632305,0.06170099973678589,0.00010967493057251199,0.06282841444015502,2.5098323822018986e-05,0.0630579972267151,0.0002409720420837383,0.0630579972267151,0.0002409720420837383
0.8666666666666667,0.06069819973065303,0.00081090055979215,0.06320492006265199,0.0002749894674007672,0.0634027490249047,7.716050514807588e-05,0.06258616539148185,8.455835855924326e-05,0.06277197958567203,0.000310307359084102,0.06262202690809202,0.0001603546815040803,0.06249450491024897,0.0009854046198037938,0.06249450491024897,0.0009854046198037938,0.06280032717264616,0.0001296034226050749,0.06155946048406455,0.00025973067833827065,0.06279194698883936,0.0002903399559167699,0.06311667653230521,3.438958754906768e-05,0.06280032717264616,0.0001296034226050749
0.9,0.061148895157708064,0.0003778956554554118,0.06295452736042165,0.00015335392068933223,0.06312570858884742,0.000324535149115103,0.06273610062069362,6.507281903867651e-05,0.06269662589938552,0.00023495367279758803,0.06244892996770364,1.2742258884288621e-05,0.06312570858884742,0.000324535149115103,0.06312570858884742,0.000324535149115103,0.06286637650595771,6.520306622539995e-05,0.06216961586916888,0.0009382654119420922,0.06286637650595771,6.520306622539995e-05,0.06286637650595771,6.520306622539995e-05,0.06286637650595771,6.520306622539995e-05
0.9333333333333333,0.061311896358217516,5.356754575456743e-05,0.06253980951649801,5.261174270084629e-05,0.06293652313096182,0.00015603857381003144,0.06285152052130018,7.10359641483832e-05,0.06269211435601825,0.00023044212943031453,0.062387804970854804,7.386725573312741e-05,0.06293652313096182,0.00015603857381003144,0.06285152052130018,7.10359641483832e-05,0.06285152052130018,7.10359641483832e-05,0.06253980951649801,5.261174270084629e-05,0.06253980951649801,5.261174270084629e-05,0.0626973786524364,0.0002101808786392212,0.06285152052130018,7.10359641483832e-05
0.9666666666666667,0.06135115541260818,5.960053411023514e-05,0.06253672673784454,5.8677689782505454e-05,0.06277093394049282,0.0002928848924307996,0.06282639503479004,7.328082775247269e-05,0.06268067404456522,0.00021900181797729,0.06252129841809985,5.962619151192103e-05,0.06277093394049282,0.0002928848924307996,0.06253672673784454,5.8677689782505454e-05,0.06282639503479004,7.328082775247269e-05,0.06253672673784454,5.8677689782505454e-05,0.06252543268532589,5.549192428588867e-05,0.06252543268532589,5.549192428588867e-05,0.06282639503479004,7.328082775247269e-05
1.0,0.06252293189366659,6.125966707865374e-05,0.06252293189366659,6.125966707865374e-05,0.06252293189366659,6.125966707865374e-05,0.06252293189366659,6.125966707865374e-05,0.06252293189366659,6.125966707865374e-05,0.06252293189366659,6.125966707865374e-05,0.06252293189366659,6.125966707865374e-05,0.06252293189366659,6.125966707865374e-05,0.06252293189366659,6.125966707865374e-05,0.06252293189366659,6.125966707865374e-05,0.06252293189366659,6.125966707865374e-05,0.06252293189366659,6.125966707865374e-05,0.06252293189366659,6.125966707865374e-05
0.0,0.5948918908834457,0.034651562571525574,0.4546826034784317,0.09164287149906158,0.37356072664260864,0.010520994663238525,0.3596368134021759,0.024444907903671265,0.4878191500902176,0.12477941811084747,0.47594621777534485,0.07716676592826843,0.390561044216156,0.006479322910308838,0.390561044216156,0.006479322910308838,0.32330286502838135,0.06077885627746582,0.36949795484542847,0.04934459924697876,0.37356072664260864,0.010520994663238525,0.37356072664260864,0.010520994663238525,0.4028335511684418,0.018751829862594604
0.005,0.5948918908834457,0.034651562571525574,0.4546826034784317,0.09164287149906158,0.37356072664260864,0.010520994663238525,0.3596368134021759,0.024444907903671265,0.4878191500902176,0.12477941811084747,0.47594621777534485,0.07716676592826843,0.390561044216156,0.006479322910308838,0.390561044216156,0.006479322910308838,0.32330286502838135,0.06077885627746582,0.36949795484542847,0.04934459924697876,0.37356072664260864,0.010520994663238525,0.37356072664260864,0.010520994663238525,0.4028335511684418,0.018751829862594604
0.01,0.48637575656175613,0.037349410355091095,0.44176625460386276,0.023437343537807465,0.36607879400253296,0.013961255550384521,0.3016866594552994,0.0028287023305892944,0.4472592994570732,0.0968332514166832,0.45554594695568085,0.008881375193595886,0.3716253191232681,0.06710995733737946,0.3716253191232681,0.06710995733737946,0.31714877486228943,0.012633413076400757,0.3943144381046295,0.051915884017944336,0.3867938667535782,0.03767804801464081,0.3895217478275299,0.024674564599990845,0.3964986950159073,0.015582308173179626
0.015,0.466107115149498,0.02887807786464691,0.41404312352339423,0.002810393770535796,0.32876296838124597,0.019034941991170257,0.3343205749988556,0.00539331634839374,0.42809000114599866,0.08274200061957043,0.46016363302866614,0.02644111712773642,0.3982528547445933,0.06932559609413147,0.3982528547445933,0.06932559609413147,0.35446272293726605,0.0255354642868042,0.4026050567626953,0.03580882151921588,0.3882164557774862,0.04286845525105795,0.3934602439403534,0.03762466708819073,0.45910052955150604,0.02541607121626538
0.02,0.4502440430223942,0.0008527375757694244,0.39805394038558006,0.02917655184864998,0.3696870282292366,0.02247760444879532,0.36598822847008705,0.019539151340723038,0.4638325646519661,0.07208166271448135,0.4465303421020508,0.0028763115406036377,0.43767497316002846,0.05214759334921837,0.43767497316002846,0.05214759334921837,0.37893297895789146,0.006594400852918625,0.4161198139190674,0.026627525687217712,0.4126894399523735,0.005062006413936615,0.40519773960113525,0.012553706765174866,0.4568772055208683,0.020536135882139206
0.025,0.4413855165243149,0.007244828343391435,0.4271450102329254,0.01969234347343443,0.38104710578918455,0.027729356288909907,0.3948765814304352,0.021389442682266224,0.4420109689235687,0.031710213422775246,0.4462516337633133,0.02397281229496001,0.44036601185798646,0.024099987745285045,0.430314439535141,0.014048415422439564,0.39922698140144347,0.017039042711257946,0.4439472109079361,0.023088285326957725,0.4462018579244613,0.013907989859581,0.40640017986297605,0.0010642409324645996,0.4554879993200302,0.007505205273628246
0.03,0.4448217923442523,0.0006129369139671326,0.41786811252435047,0.0017152875661849976,0.38663750886917114,0.034989227851231874,0.3887034902969996,0.01923758288224539,0.47617243230342865,0.03517751395702362,0.441084124147892,0.011276202897230803,0.43372182051340735,0.03347457448641458,0.4272744754950205,0.023169298966725677,0.38923022150993347,0.014874955018361391,0.445784534017245,0.028633534908294678,0.42900872975587845,0.007654733955860138,0.43074801067511237,0.011929904421170562,0.44318638990322745,0.008814675112565368
0.035,0.42759673297405243,0.01471071371010374,0.4276167239461627,0.016949866499219618,0.40355053118297035,0.04276749065944127,0.4037385625498635,0.014604649373463202,0.4646831325122288,0.021727962153298502,0.4236130906002862,0.023070729204586554,0.41651974405561176,0.024407684803009033,0.4225139575345176,0.023807189294270087,0.3995452778679984,0.0008385096277509219,0.43546684724943974,0.02304003068378993,0.4356255722897393,0.009307352559907084,0.4284798375197819,0.0011570666517530248,0.4514701898608889,0.00782635169369833
0.04,0.4179291296750307,0.016084929928183556,0.43247370421886444,0.017256826162338257,0.41087543219327927,0.032008156180381775,0.4139884188771248,0.011677436530590057,0.45642347633838654,0.014121420681476593,0.432728772982955,0.03242778591811657,0.41771692782640457,0.028829336166381836,0.41517624631524086,0.010768961161375046,0.39848482236266136,0.0059224627912044525,0.4443244356662035,0.013231748715043068,0.4366855826228857,0.012079043313860893,0.4418781604617834,0.0015986282378435135,0.4537916537374258,0.00814659334719181
0.045,0.4212646732727686,0.030577349993917674,0.4314416448275248,0.02421542670991686,0.4217696802483665,0.027801220615704864,0.40698202451070153,0.01300026310814753,0.46307046545876396,0.020024233394198954,0.4464153167274263,0.017735353774494617,0.4155316650867462,0.028241167465845762,0.4215750926070743,0.011029326253467142,0.4001147449016571,0.010431021451950073,0.4385594642824597,0.005691851178805052,0.4444510307576921,0.0055234829584757394,0.42869916392697227,0.01234524614281124,0.4665051201979319,0.0024694104989369803
0.05,0.4122033789753914,0.020706842839717854,0.4265483826398849,0.028101631999015803,0.4256526455283165,0.034616656601428986,0.428729721903801,0.011207357048988342,0.46345001459121704,0.013941693305969227,0.45219873636960983,0.021955679357051838,0.41008737981319426,0.01556057035923003,0.415611258149147,0.008668693900108354,0.4136727750301361,0.00351085066795348,0.44888284504413606,0.0023972272872924694,0.43243056535720825,0.004958602786064137,0.437564480304718,0.0017298638820648082,0.4753918439149857,0.0023407250642776545
0.055,0.41558457098223944,0.01985336298292334,0.43737769668752496,0.02653639966791327,0.4358264939351515,0.023108008232983673,0.4291132146661932,0.011221484704451112,0.4624176621437073,0.012309773401780577,0.45195931873538275,0.017594127492471162,0.41423834182999353,0.015185705640099273,0.4330100498416207,0.006741336800835357,0.42169804735617206,0.008393501693552186,0.45123225992376154,0.014720063317905763,0.4360638911073858,0.014151532541621825,0.44570040702819824,0.007700427012010069,0.4671813114122911,0.000453263521194458
0.06,0.41865172485510505,0.02594132473071417,0.43661071360111237,0.0235474208990733,0.4365833463768164,0.012257644285758346,0.428194468220075,0.013514886299769074,0.46894509717822075,0.01868367319305736,0.4591364388664564,0.018338258067766816,0.42243735740582145,0.005011590818564088,0.436263769865036,0.005773752927780151,0.4339593599239985,0.003469342986742646,0.4553748890757561,0.01135005553563434,0.4370681320627531,0.010861088832219451,0.44874780252575874,0.009178607414166151,0.4706290327012539,0.004056479781866074
0.065,0.4207887787085313,0.025715266282741844,0.439000645509133,0.02169801867925203,0.43069633726890266,0.003812577862005978,0.4380319141424619,0.01539403887895438,0.4709737954231409,0.030167250679089458,0.4592501326249196,0.012463174187220039,0.43114948731202346,0.009146905862368049,0.4322578838238349,0.0017623190696422764,0.4397258449059266,0.002752142456861645,0.45787100608532244,0.0034935864118429416,0.4390031764140496,0.011426118703988878,0.45659914498145765,0.005958879223236679,0.47077381954743314,0.0035078835028868605
0.07,0.4212442806788853,0.022211715579032898,0.43455074088914053,0.017370330435889092,0.43456074063267025,0.006918303668498993,0.44564943122012274,0.016572297683783932,0.47647179024560116,0.03224466953958785,0.4546646763171468,0.007297101829733171,0.4327025924410139,0.010088614055088596,0.4342573487332889,0.0022583848663738915,0.43973213540656225,0.005486593714782162,0.4606757185288838,0.006911890847342367,0.4369483504976545,0.009667449763842983,0.46323418617248535,0.00018487870693206787,0.46895482816866463,0.004819968981402273
0.075,0.4165636618932088,0.021698043743769324,0.4382960826158524,0.01212736070156098,0.43937370777130125,0.003819068272908538,0.4426952848831812,0.01970246930917105,0.4802649557590485,0.031467143694559746,0.4597906519969304,0.0036736855904261345,0.4368197957674662,0.011924711863199877,0.437172852953275,0.002292234698931389,0.4385431855916977,0.001196943720181809,0.45830914974212644,0.004392447074254374,0.4364259938398997,0.006466925144195557,0.46433423161506654,0.0032424290974935044,0.46507923702398934,0.003319359819094342
0.08,0.42019835859537125,0.020957959815859795,0.44159119110554457,0.009141524322330952,0.4370685275644064,0.008451586589217186,0.44451575819402933,0.020140218548476696,0.48511857725679874,0.023684147745370865,0.4649204080924392,0.008914145641028881,0.4418318569660187,0.012334633618593216,0.43677358236163855,0.006383019499480724,0.43903632555156946,0.002559795044362545,0.4613903574645519,0.0058165621012449265,0.44168413430452347,0.008789734914898872,0.4660818260163069,0.004000488668680191,0.46301608718931675,0.0020574182271957397
0.085,0.4177856129758498,0.02221947382478151,0.4364479192916084,0.003213695743504691,0.4333847375477061,0.011190467021044564,0.44314051989246817,0.01909044998533585,0.4821510963580187,0.023222071283003853,0.4645487587241566,0.01015991586096146,0.44025691817788515,0.007744470063377834,0.43902212469016805,0.0026491994366926175,0.44332225094823274,0.003195556647637293,0.46342431184123545,0.01409840145531821,0.44014644272187176,0.007509941563886763,0.46268179662087383,0.002874016761779785,0.46372095276327696,0.0014219547019285461
0.09,0.4195639474524392,0.021306080950631023,0.44303341375456917,0.0011068781216939383,0.43649816430277294,0.013091507057348906,0.4386838782164786,0.016482557687494487,0.48447729398806894,0.02029456943273547,0.468366968135039,0.004697691235277385,0.43948126418723,0.00239851160181892,0.44484037657578784,0.0029606007867389317,0.43493617988295025,0.002514729069338917,0.46128452403677833,0.007739786472585469,0.4457837525341246,0.005788243479198901,0.4662209244238006,0.004220433533191681,0.46297168069415623,0.00013983746369677919
0.095,0.4213098805201681,0.024301704607511798,0.44701975113467163,0.0003477319290763614,0.4383085958267513,0.01254572915403468,0.44075251017746175,0.008526267974000218,0.4821200268833261,0.017660814680551223,0.4671287638576407,0.0023915900995857,0.44572417673311737,0.002592880474893672,0.44606427613057587,0.0022119424845042923,0.435709472549589,0.008411816076228512,0.46778415692479985,0.006822524886382242,0.445020223918714,0.0041386594897822315,0.46362858932269246,0.007023834084209646,0.463813874282335,0.0019287874824122364
0.1,0.4237001180648804,0.0250142440199852,0.4492889232933521,0.0014490820467472076,0.4387135230004787,0.013566004484891897,0.4428358159959316,0.00894285216927529,0.47910350039601324,0.01953451707959175,0.4688140146434307,6.836578249930225e-05,0.44586959928274156,0.003999523818492889,0.4460827335715294,0.0009512171149254067,0.4358780778944492,0.006165977567434311,0.4773349978029728,0.004874206334352482,0.4453112319111824,0.00654317736625673,0.4643663205206394,0.00288231298327446,0.46790320202708247,6.228610873224016e-05
0.105,0.42966783614385695,0.022337968860353746,0.45120023261933095,0.0007822641304560951,0.44072687980674563,0.006651705929211216,0.442974981097948,0.007793376133555463,0.4814618861391431,0.019821454371724806,0.4665198432547705,0.001356977082434152,0.4469070065589178,0.0017085274060567313,0.4450063762210664,0.005110079333895734,0.4357548448301497,0.003960055254754569,0.480292246455238,0.0038269729841323152,0.4501931035802478,0.003215865719886052,0.45817724083151135,0.0034576363506771124,0.4733498014864468,0.008678886507238665
0.11,0.42795717309821735,0.02194486152042041,0.44819946316155523,0.0016803226687691353,0.43941269747235556,0.006072446026585326,0.4451504918661985,0.010994197292761382,0.4812019568952647,0.01699348132718695,0.46922793103889987,0.0030680630694736033,0.45036584274335345,0.0008039244196631767,0.4466644403609362,0.001118515025485628,0.436775993894447,0.0050372339107773445,0.47635823488235474,0.00027518109841778715,0.4472495148127729,0.006887955421751191,0.4575577574697408,0.0038095218214121707,0.47047916224057024,0.010354936461557052
0.115,0.4292279546675475,0.020883412464805268,0.44868027645608655,0.004921963681345398,0.4377623919559562,0.005932092018749391,0.4443728003812873,0.009277748024981936,0.4785656741131907,0.01659996807575226,0.4725279885789623,0.006604851587958954,0.45092602916385816,0.0009623014408609021,0.45042220405910327,0.002375258051830781,0.43898993341819104,0.010168347669684358,0.47244608531827514,0.0016097335711769412,0.44742000167784485,0.005302160330440675,0.45129802369553107,0.0014238960069158648,0.4715547156722649,0.014927876708300203
0.12,0.4322427877535423,0.019149287914236396,0.44624149799346924,0.007450137287378311,0.44241005989412463,0.005109497035543115,0.44637350675960386,0.008101959402362496,0.4765601623803377,0.013236757988731085,0.4674585722386837,0.005671622852484404,0.45396436378359795,0.0007140673696994781,0.45249024902780854,0.005464269469181687,0.43893833458423615,0.010903379569451033,0.4674339021245638,0.006842856605847686,0.44848755126198137,0.006465898205836623,0.45226537249982357,0.003175964578986168,0.466686793603003,0.019713197834789753
0.125,0.4345637458562851,0.014654261469841001,0.44562944650650027,0.006086522340774531,0.4419910269975662,0.0068616825342178445,0.4511219507455826,0.009799709916114813,0.4764753520488739,0.01474313378334044,0.4665907287597656,0.00433053374290468,0.45482629477977754,0.0023838227987289518,0.45355112075805665,0.005023159980773906,0.43973058938980103,0.008346370458602925,0.4671036183834076,0.007436004877090452,0.45323024213314056,0.008700581192970291,0.456380450129509,0.0024120575189590376,0.46707531899213794,0.01910260766744612
0.13,0.43465026582662875,0.014409987399211288,0.448835368339832,0.0039437699776429525,0.4449895115999075,0.005237151797001183,0.45584216312720227,0.012145031530123501,0.47491448659163255,0.011435740269147454,0.4684510139318613,0.004444398559056789,0.45728984761696595,0.0025442810012744066,0.46060710343030786,0.0051229951473382995,0.44196829199790955,0.009296461939811707,0.4719337075948715,0.0030420113068360677,0.4510607816852056,0.007555073843552501,0.4587819077647649,0.00057429476426199,0.4694160380615638,0.01631087609208548
0.135,0.43927499817477333,0.010032939138235858,0.4491153182806792,0.005388004912270455,0.4447980578298922,0.004412099167152683,0.4577770757454413,0.013402808043691872,0.4771725121471617,0.012240582594165078,0.4683992211465482,0.004005754435503911,0.46254643577116505,0.0013326384403087588,0.4654325677288903,0.006364692140508582,0.442710495657391,0.009143897780665655,0.46906103248949405,0.003349765583320896,0.4528781412928193,0.004264628997555475,0.45827836736484806,0.0007523038872966069,0.46718321878601005,0.014809748364819408
0.14,0.4365737624466419,0.01275832897850443,0.4467766753264836,0.003971520279135027,0.44412683482681004,0.004165012921605787,0.4556534146623952,0.013109235359089727,0.4726415473435606,0.011259271098034707,0.4713570683130196,0.003960267241512022,0.46445763590080397,0.005338023283651905,0.46449146100452965,0.007441130067620955,0.44570453518203323,0.005138763891799097,0.46838124628577915,0.002214358321257992,0.45198142794626095,0.005147703524146757,0.4568449434425149,0.0002818772835390948,0.4671641218342951,0.01116288054202283
0.145,0.4338116147394838,0.011584608205433555,0.4498489612135394,0.0018075252401417718,0.4494387761786066,0.009801081285394475,0.45844115625167714,0.010431453585624695,0.46766498530733175,0.009111547778392681,0.47007934132526663,0.004219711340706922,0.4629632548011583,0.007032089706124928,0.4610831069535223,0.007149868998034242,0.4483091199192507,0.0035174576372935806,0.46632579174535027,0.0021881861933346625,0.4502056924433544,0.004716634236533068,0.45814253595368615,0.0015692469374886941,0.46545963785771666,0.012268310220077128
0.15,0.43201344758272175,0.010758055746555334,0.45117537776629135,0.005846835176150006,0.45222662364443145,0.003927059719959908,0.46144762535889944,0.008013264338175452,0.47038316279649733,0.00830856909354527,0.4730126286546389,0.004857003192106885,0.4656011134386062,0.004509338736534113,0.46091669946908953,0.0017562543352444837,0.44642295787731806,0.0025274549921353584,0.4666609386603038,0.0024217526117960853,0.44869483858346937,0.005900623897711427,0.4589881896972656,0.0001228084166844945,0.46352857574820516,0.013460908581813175
0.155,0.43466945761634457,0.011661448305652994,0.45180576943582107,0.005211195638102878,0.4532376736883194,0.002890787538020856,0.4626729190349579,0.008152669475924579,0.4709963567795292,0.007332848925744345,0.47494912195590233,0.00622180344596987,0.4654992078581164,0.0012090927170168853,0.46156744226332636,0.004536953664595084,0.44722830864690966,0.00015460002806877426,0.4702562891667889,0.003456905003516919,0.45060859860912444,0.004184270097363385,0.4596261747421757,0.0020147321685667907,0.4643917114984605,0.010554061060951608
0.16,0.43605398619547486,0.01146970922127366,0.4538770909421146,0.006212085951119661,0.45241271727718413,0.00671941158361733,0.46577662928029895,0.007646630052477121,0.470465668477118,0.006894299760460854,0.4737015892751515,0.007336630951613188,0.4639808386564255,0.0015337690711021423,0.46389484172686934,0.004954762291163206,0.4484669268131256,0.0005376590415835381,0.4714164682663977,0.0019468828104436398,0.4494934268295765,0.0029417257755994797,0.4663128654938191,0.0009289735462516546,0.4661333460826427,0.008244148688390851
0.165,0.43331222958637006,0.009235403302944062,0.45257235973170307,0.006559876329971098,0.45443888843962643,0.0059114222725232535,0.4640190190438068,0.008385636138193542,0.47031946886669507,0.006418396126140258,0.4739876380472472,0.004449980728553987,0.45956663471279724,0.0009757822210138545,0.4630218884258559,0.0057068823864965534,0.449017883701758,0.0031668981819441833,0.4701966747190013,0.0002693339730754085,0.45141019468957727,0.0027692485036271974,0.4640035690231757,0.001110952686179778,0.46728435090997,0.0062064440412954724
0.17,0.43484563248998975,0.009576277697787544,0.45446860220502405,0.00911832425524206,0.4553509190240327,0.006350060815320302,0.46484513493145213,0.008805792997865103,0.4701744282946867,0.009642217965687011,0.47384440898895264,0.0036777976681204305,0.46200453752980514,0.0012851922827608608,0.46394404549809065,0.003601824097773626,0.448252273394781,0.003378529320744922,0.47320102681131926,0.0014453512780806532,0.45385002257192836,0.0021046982968555006,0.4629063665428582,0.00044927680317094487,0.4655679251779528,0.0017179642968317976
0.175,0.43547885843685696,0.00907384412629264,0.45321796153272903,0.008512520364352627,0.45638151956456047,0.002763779887131279,0.46477221931729995,0.008934011629649546,0.4733333200216293,0.008786476935659121,0.4742100809301649,0.00047845244407654364,0.46437700688838957,0.0032653114625385837,0.46706835755280085,0.004708496587617073,0.45101200895650045,0.0035490508590425573,0.47527279002325873,0.0008113188402993354,0.4527323241744723,0.0023041950804846556,0.4662912494369916,0.0012756456221852952,0.4696087835090501,0.0013108157685824684
0.18,0.44023080315026974,0.013244994605580956,0.4554812080330319,0.009065555201636433,0.4568778261956241,0.0025697832720147085,0.46270836061901516,0.009447888367705881,0.4725534998708301,0.010473467409610748,0.4769617228044404,0.0019481604297955923,0.4645223265720738,0.0018265839252206983,0.4662475383116139,0.004461889051728785,0.4543623924255371,0.004548663066493153,0.47622069757845664,0.0014953973392645425,0.45679144230153823,0.003012316094504447,0.4690489870392614,0.0025486840556065427,0.47103135474026203,0.0005446575168106538
0.185,0.44005830767186915,0.011722808552754899,0.4597980257224392,0.004750792440530421,0.4562064113246428,0.0007031988855954741,0.4613332192640047,0.009442580712808152,0.4710058634345596,0.01085305938849579,0.4753705480614224,0.002942596738402886,0.4649562678627066,0.0007890837418066676,0.4683166927582509,0.006188720464706421,0.45629571418504455,0.005795226709262746,0.47528496747081345,0.0009670100502065515,0.454924547994459,0.00456247941867724,0.4700055382138974,0.005090691954702964,0.4702697704369957,0.00049846418000557
0.19,0.4422005518878761,0.010610590051663538,0.4589306847437432,0.001325593771118877,0.458328593914446,0.003119915919868571,0.46344240676415593,0.009471005907184193,0.47111479192972183,0.009748296910210674,0.4767295380956248,0.005462327285816776,0.4638414394698645,0.0002658065212400307,0.4693664594700462,0.005790826521421738,0.45696869100395,0.00358031297984876,0.478365830684963,0.0019160367940601608,0.45377082652167267,0.0024420517055611934,0.4696051017626336,0.005240192734881438,0.4730653415777181,0.0009104948686926018
0.195,0.4432108870301491,0.009469468051042318,0.4586623328236433,0.0008325574871821395,0.4576096506072925,0.00208714852730435,0.46319649425836706,0.009170422569299369,0.46951830883820855,0.009141185726874917,0.47645875314871466,0.004293956435643703,0.4621902631643491,0.0011283224209761022,0.4686986055129614,0.0050720740587283375,0.4577433440165642,0.005587676778817774,0.4778281969901843,0.003037966214693516,0.4549702719236032,0.001954053456966698,0.46830547868441313,0.004384105213177503,0.472586279305128,0.0002523246101844012
0.2,0.4456772835925221,0.01142075750976801,0.45899090189486746,0.0009783325716853086,0.45761493165045974,0.0022179858759045767,0.46347391344606875,0.011659952625632297,0.4708969216793776,0.009165754541754723,0.4762674171477556,0.004170840606093407,0.4641707669943571,0.002415482327342011,0.4683712039142847,0.0036426421254873165,0.4572686325758696,0.0051918659359216635,0.47456454336643217,0.004108260571956651,0.4555291198194027,0.0024540118873119243,0.4653630981221795,0.0025920869782566913,0.4757639555260539,0.0033620217815041598
0.205,0.4486878690559689,0.009029995559192289,0.45848810545554974,0.0015432992722929917,0.45656097898396053,0.0012046398549545312,0.46591729034737844,0.011362496309164083,0.47171170609753305,0.010385777165250076,0.476928158504207,0.006485157623523613,0.46703324775870253,0.0030792126568352507,0.4664046390027534,0.004095270502858045,0.45981498389709285,0.0063813641303923085,0.47529048854258005,0.003157027247475436,0.4559738661457853,0.0009469575271373876,0.46562981296603273,0.003418843012030548,0.47603281223919336,0.0020919931007594428
0.21,0.44951501825735685,0.009447581533874788,0.45748826311457724,0.002719722865592855,0.45741980327736764,0.003988287810768404,0.4670599170383953,0.009173910177889322,0.475433373380275,0.008640327978701817,0.4767283541815621,0.007420163069452562,0.46698987022751853,0.0029975818026633516,0.46771626068013056,0.004776265294778925,0.45868509936900365,0.0068829861425218075,0.4736468944521177,0.002994171565487286,0.45796130526633494,0.0014195066122781597,0.4662335711930479,0.005420544849974784,0.4751233776055631,0.0024944219206060603
0.215,0.45320512094469956,0.008919795411963805,0.45804281376822054,0.0033642086525295933,0.4593700387103613,0.004336476499258085,0.4660185696773751,0.00982967123042705,0.4746490373860958,0.00709926908792452,0.47674194844656215,0.009604637359463902,0.46686618099378985,0.004713007530500746,0.4701638963333396,0.00515496938727622,0.4591432750918144,0.006074395637179514,0.4742103004178336,0.00170856644940931,0.4576700853053913,0.0004715798206107735,0.46789053238408507,0.00476090384777203,0.47363680098638977,0.003498248062854592
0.22,0.4556119565597989,0.009640734473412682,0.4609123906967315,0.002263122153553093,0.46117445470934565,0.002592543817379278,0.4661324081773108,0.009528448297218828,0.4740612283349037,0.003998060795393832,0.4780535687777129,0.008385787971995101,0.468322603539987,0.005134098909117951,0.4688979847864671,0.0057094801555980235,0.4610526754774831,0.008242446929216385,0.47519252212210134,0.0008783418346535177,0.4593905213881623,0.0009286298670551918,0.46935779855332593,0.006490205329927529,0.47466365434229374,0.0023876111954450607
0.225,0.4568491053250101,0.009347031348281437,0.4615432591901885,0.004402361479070471,0.46159299463033676,0.001236634618706156,0.46382072468598684,0.007968386345439504,0.4737282885445489,0.007474798626369905,0.47788005438115866,0.009205023116535621,0.47034767170747116,0.006201732489797801,0.46814364029301536,0.0033629778358671425,0.4625404487053553,0.009526451759868215,0.47807818866438334,0.0027131016055742807,0.46003685262468125,0.0020356641875373116,0.47079396264420614,0.00459901442130406,0.47594479504558773,0.004186005228095591
0.23,0.45738281487770704,0.010943582362454879,0.4626247774323692,0.0021445632952711013,0.46113741576023726,0.0018358300237552028,0.4683269453437432,0.009380116734815702,0.47381160311076953,0.007039622120235289,0.47700712311527005,0.006042024687580444,0.4703920490067938,0.004709377884864807,0.46932209574657935,0.0036394246246503614,0.4624060881526574,0.009563778081665864,0.4778455549284168,0.004672888342453108,0.4609866893809774,0.0009178532206493839,0.4698964190547881,0.005694540460472519,0.4757412560284138,0.004117207844620163
0.235,0.4563681228046722,0.009974173884442522,0.4620935848735749,0.0024409203770312804,0.4603560482884975,0.0024634629805037334,0.46993782387134875,0.01127525751895092,0.4761380407404392,0.006989336394249118,0.4767378248432849,0.0062675060743981326,0.4738418001760828,0.0017739916418461066,0.47250391939219005,0.00043611085795339233,0.46425104046121557,0.011346913081534349,0.47704597499142304,0.003186409302214366,0.46432579609941926,0.0007850023660253835,0.47184922863194284,0.0055427812832467005,0.47588743982796977,0.003294986771776337
0.24,0.4560226656806966,0.008359419958045095,0.4606119178545972,0.00243392198656997,0.45993586303666234,0.0020654032317300453,0.469691364094615,0.010036912436286627,0.4769936356072625,0.008124118360380322,0.4782622599353393,0.004816314205527306,0.4744495456106961,0.0010899064751963006,0.4715396095998585,0.0007101975691815032,0.465223528444767,0.010981172944108664,0.4771706252358854,0.004213089278588711,0.46425696803877753,0.0001921365037560463,0.4727719911995033,0.004407373101760953,0.47558465336139005,0.005274548660963774
0.245,0.456401208985825,0.008550875193002294,0.46062058347220325,0.0031494089231199063,0.4591359950754107,0.00495071724361304,0.4704347420103696,0.010668309063327552,0.47627267028604237,0.008756069200379496,0.4795551068928777,0.006668241656556412,0.47483706763204264,0.0028963729130978555,0.4726136361761969,0.0031104600247071623,0.46445354788887255,0.00856643215734132,0.4749003875316406,0.004119202950779277,0.46520547872903395,0.000911263482911262,0.4756211195977367,0.0025395801176830157,0.4740050238918285,0.006398954713831145
0.25,0.45595284834504124,0.007984879761934266,0.46110290065407755,0.005279676169157033,0.46085954770445825,0.0045646224915981415,0.470659504532814,0.009391688108444207,0.47348972529172895,0.010072976052761057,0.4820748168230057,0.006180672049522384,0.4739147655665874,0.003296007663011552,0.4715850900113583,0.0036565257608890678,0.46585179537534716,0.00996035069227219,0.4756561203300953,0.001899955421686167,0.4637197986245155,0.0012591186165809842,0.47768736258149147,0.002874100953340508,0.47434164777398113,0.007835204452276229
0.255,0.45444282787103274,0.008981028169977895,0.46213709621452814,0.004266477536921415,0.4626280561673875,0.0036252037275071314,0.4725804083487567,0.01040200509277045,0.4727731414285361,0.010320754320013753,0.481700167352078,0.00607885274232603,0.4733361325719777,0.0031412788758090893,0.4735805192122272,0.004354952743240409,0.46525119770975676,0.010086201861792904,0.4745999120321928,0.0007816256553518919,0.46674344469519224,0.00019731650165483172,0.47594690688100516,0.0016103709737460004,0.4727100363256884,0.008778387863262044
0.26,0.4555632888984221,0.009919685669816464,0.4604299648736532,0.0023369352118327025,0.46220154730746377,0.0028797779232263565,0.4722952613463769,0.009242074993940502,0.4755650079594209,0.010211697278114468,0.48210987677940953,0.005960714358549862,0.4743788487349565,0.00529111191057241,0.47303428200001896,0.005066296372276097,0.46614067113170254,0.010410088472641438,0.47497097302514774,0.001479373671687545,0.46872229730853665,0.0005286522209644318,0.47577811390734637,0.0006500346442827876,0.4746382186332574,0.008069787317743687
0.265,0.45447939507803825,0.010473991761792395,0.4600637500297348,0.002354923706009704,0.463135117770366,0.0007905477903923652,0.4722092421549671,0.01040158069358682,0.4771201087618774,0.009772256297885251,0.48324812189588007,0.008128464784262324,0.4743077517399248,0.005134536550854746,0.47287875905914123,0.00502375794469187,0.4663686929446346,0.01009528788755526,0.47602104620551167,0.0029632458990474786,0.4694578706655862,0.0014990542857152012,0.4773539536685314,0.0001886870782330241,0.47328606233844217,0.00988632454624716
0.27,0.454670361208695,0.010227959327123781,0.4604163472023275,0.0017816149802119818,0.46278217117543574,7.401048033317537e-06,0.471888594881252,0.013102785028793196,0.4776180220974816,0.012400628240020195,0.4824843271463006,0.009393892630382816,0.47355544608500266,0.005410727113485336,0.4736777128720725,0.006171885050005377,0.46487450627265153,0.010988608830504953,0.47559056858773585,0.0017601733130437336,0.47042033986912835,0.0033232467593970194,0.47570771599809325,0.001450077389125476,0.47246080126475404,0.010126913173331142
0.275,0.45489100935784255,0.009216900982639997,0.46030504473231054,0.0002986589615995294,0.4621078297495842,0.0006622757424007975,0.4731452530080622,0.012204862724650989,0.47621560530229046,0.012308858741413464,0.48233604376966305,0.008574585481123498,0.47292074330828404,0.006182790479876771,0.47395939027721234,0.006342430412769301,0.46586557735096323,0.010191317579963,0.4742418057539246,0.0014282016591592173,0.4708602385087447,0.003629427064548857,0.4770806473764506,0.0013740375638008062,0.47326154288920486,0.010103414139964378
0.28,0.454350306120302,0.009776061799909391,0.4615728052865182,0.0017194198444485664,0.4625700833275914,0.001967587774353352,0.4753442087343761,0.011589168970073976,0.4759743261550154,0.011387752102954063,0.48119477235845154,0.008803333554949083,0.47149833065590685,0.004845344727592821,0.47208677511662245,0.005433789188308391,0.4650689187858786,0.010006239371640357,0.4715727441278952,0.0022505161219409653,0.4714193671409573,0.003855568223765926,0.4775028363136309,4.232448658772481e-05,0.4731271199083754,0.009910202851252908
0.285,0.4563896165866601,0.007343099959063931,0.4627143274012365,0.00161346440252505,0.46479430311081704,0.0029028043673749726,0.47591868984071833,0.012031763269190199,0.47541384843357826,0.01158448164923151,0.48154055627814507,0.009459200919720162,0.4744995188033372,0.005759070447662412,0.4729206464008281,0.0064589808646001445,0.46511223467818474,0.008350583806372519,0.47088830212229177,0.0023711858349934056,0.47195255311957574,0.0028275065777594592,0.47581109679058975,0.0013556351002893818,0.4741285504740581,0.009019578888750907
0.29,0.4578414280609838,0.00599983578612065,0.4632153607391078,0.0023900919176381152,0.46546512546724284,0.004900887993903008,0.476227302232693,0.009597173281784721,0.47712858997542285,0.014301059574916453,0.48209296398121737,0.009234751349893128,0.4733837471696837,0.004371579479554605,0.47311865371362916,0.004602217854096979,0.4638165345993535,0.007078846723868937,0.47057171512780516,0.003256972365338201,0.47054266081801777,0.0025086693208793143,0.4760824987857506,0.0012119706591655344,0.4740909845407667,0.008072949303635252
0.295,0.45719238143351115,0.006828718645087745,0.4626579980476428,0.0027987276345996515,0.46487572347208606,0.004466161763263976,0.4754759500087318,0.00933564946813098,0.4770376018043292,0.015202063877703786,0.4813867713940346,0.007822106702853049,0.4734998664866059,0.004712519883099259,0.47215967675891973,0.005154605007777757,0.4640309669203677,0.008155886399543871,0.4716100810190379,0.0035419177453396566,0.4704126011011964,0.0023929989438946087,0.4778074186484692,0.0024309359112028306,0.4763165395391189,0.008058150819802684
0.3,0.45926073752343655,0.0072849319626887565,0.46431249616046744,0.002714411541819589,0.4646926453957955,0.004277992124358809,0.47552882929643,0.00964251160621643,0.4769528975089391,0.013726296524206816,0.481463348120451,0.008495923628409702,0.4731222009907166,0.0035061755528052463,0.4720099028199911,0.00414644765357175,0.4634089916944504,0.007705387473106395,0.47258085322876775,0.003113741303483658,0.4716653433938821,0.002984949201345455,0.47763290914396445,0.000923905397454905,0.4757227613280217,0.006191983943184237
0.305,0.4600580919717179,0.006304399278320244,0.4638359447727438,0.003495036212147279,0.465003744622723,0.005730764665564547,0.4761283231563256,0.008695218406739785,0.4751207242246534,0.014843516173909943,0.48085732220626265,0.008011319842494896,0.47410378751696136,0.00427637224803204,0.47239413600964625,0.004257947817200514,0.4670660653319515,0.0062791738109510276,0.4716619796684531,0.0020098032765701324,0.47182347979701933,0.002503292970970017,0.4789987908767872,1.2388361282034133e-05,0.4749634528502089,0.005953995541470969
0.31,0.46101466866750873,0.005098449006195993,0.4634587455901408,0.004005389468323822,0.4653871284136849,0.005937472586670212,0.4776697367910416,0.007807232439517975,0.4760619351460088,0.014361991276664127,0.48244523377187787,0.008655520696793845,0.4746696080171293,0.0048966627688177,0.4736764381729787,0.006569866331354257,0.4671788469197289,0.007004953800670566,0.472939296235,0.0007450644287370911,0.4729303893062376,0.0012879407694262879,0.4796672894829704,0.0017008989328338164,0.4750263644081931,0.007037658725054047
0.315,0.4620994432341485,0.004158288122169562,0.4646756326158841,0.005202249520354807,0.4651470353442525,0.005231569328951469,0.4775705235818076,0.007248354573098442,0.4781294434316574,0.014796031136361382,0.48398578805582865,0.007991549278062504,0.47511758513393854,0.004200896928234693,0.4740707442637474,0.007313222757407589,0.4684639020808159,0.007454872486137215,0.47311928974730627,0.0005070407475744054,0.47231512670479125,0.0020493782228893642,0.4798939832382732,0.0014644886056582318,0.47634214860579327,0.007181378702322633
0.32,0.4620035981060937,0.0052852059016004205,0.465596342808567,0.0070119715528562665,0.4654805479804054,0.004127760301344097,0.47736702975817025,0.00792123400606215,0.4791911302600056,0.015809017000719905,0.4849528723862022,0.008082126034423709,0.47564538789447397,0.005152692669071257,0.4744186914758757,0.007991967140696943,0.4678920154692605,0.009420194546692073,0.4740499454783276,0.00018659362103790045,0.47305673849768937,0.001931629842147231,0.4802263892488554,0.0002681188052520156,0.47737538476940244,0.007634735316969454
0.325,0.46244416660987414,0.00416048409847114,0.4664634714906032,0.008450771180483013,0.46679401042369695,0.005239702531924628,0.4764682176021429,0.007249023593389081,0.47943376577817476,0.015930260603244484,0.48524840542903314,0.0070950501240216735,0.47376212099423776,0.005913503009539384,0.4751235043773284,0.008696417739758128,0.468882768543867,0.00869463349764163,0.4749119505286217,0.0014311172641240377,0.47325706825806546,4.572845422304295e-05,0.48154248790099075,0.00028190693029991887,0.47765270551809896,0.00651975331398158
0.33,0.4622997437236887,0.0017598012857364953,0.4660637926197413,0.007866028922073748,0.46661614954020036,0.004307650368322036,0.4776233556595716,0.007127246170332918,0.480231976193009,0.015915810836083955,0.4851981078584989,0.0070102551218235165,0.47348311961148726,0.0065973598622914575,0.47445483088041795,0.0068852947742649995,0.4684983267251289,0.008298581183859788,0.47575589732238743,0.0005757078302629226,0.47230856143163913,0.000883689658208342,0.4832549597503561,0.0025420178743926214,0.4779311839604017,0.007405019957910902
0.335,0.4630669841348235,0.00040949380664681567,0.468021642472317,0.008425277449301827,0.46613342537363966,0.004081524686137233,0.47805375105409476,0.008524406534522327,0.48006873855839916,0.01574025425448347,0.48688080017246416,0.007043808698654175,0.4748159850488848,0.006264669792865635,0.474133299913869,0.009085284129007526,0.46949194716428644,0.008890751471270386,0.4759367151714083,0.0016901885618024748,0.4715669784528106,0.0002296320093211901,0.4820266731861812,0.001546140370973892,0.47813448587905116,0.007398630144880791
0.34,0.4640864899710697,0.0009215321830090273,0.46835788153111935,0.00854305714807091,0.46600392362212434,0.004309694227926875,0.4786332953063881,0.009369994568474177,0.48169491812586784,0.01539775137515631,0.4871003614629016,0.006135165253106284,0.47430084086954594,0.007165689569185785,0.473299976766986,0.009437455302652192,0.47054960414328995,0.00937883588759339,0.47436918438795733,0.002167578677044202,0.4723350673037417,0.001679239904179286,0.48280304440242405,0.002115600797183398,0.4798366566572119,0.0070134630317197355
0.345,0.46405361085266306,0.0014635437856549693,0.47085559810849203,0.007489773566308255,0.4663711282006209,0.0053734177912490855,0.47928619924662774,0.009861059594845428,0.4825470777957336,0.01388627873814624,0.48826838144357654,0.006841992554457277,0.4756200774640277,0.007668631340282561,0.4735524381200472,0.009802365324635437,0.4732385127656702,0.00987203343622925,0.4744381167102551,0.0032205926119417416,0.47305681588857074,0.0023347862820694287,0.4815472073960995,0.0013190072731695257,0.48071082227903866,0.007205627858638763
0.35,0.4638475561780589,0.0017075624849114956,0.4707537784108094,0.007024669966527397,0.4686407679958003,0.005964768039328716,0.4798761655177389,0.010589224312986645,0.4821039270077433,0.012711407244205497,0.4881745057446616,0.00782786735466548,0.47509338461927003,0.007377839620624271,0.47390238206301416,0.008633992608104435,0.4730506936354297,0.009640160096543171,0.4745799946997847,0.002706448414496021,0.47473670350653785,0.0021935758846146625,0.48081462372626577,0.0005775640053408693,0.48100370583789687,0.007176739083869094
0.355,0.4639549737035389,0.0015573716709311458,0.4722572694152174,0.006911979699638526,0.46931122757599386,0.006827852360799275,0.47906087926575835,0.009559667236368419,0.48308614945747486,0.012634345343415149,0.488949404845775,0.008674919395379593,0.4751824853076062,0.00871158244324402,0.4737326782983793,0.008541995056078472,0.47490319368285194,0.011468279844438517,0.47414283276023994,0.0030895558671212575,0.4753303026229563,0.003608426367732842,0.4801439792967178,0.0006381484194540599,0.48113718975177955,0.006761483218468395
0.36,0.46422144905146623,0.00031459114203849503,0.47142981603327727,0.006802732849286647,0.47002671048459077,0.006075001321732998,0.47894238784081405,0.010740354450212597,0.4826355605489678,0.012845325387186468,0.48967393611868226,0.009026291469732911,0.4742650405193368,0.0073448255037268095,0.47466913062251276,0.0090113544008798,0.47584442514926195,0.011744288831121386,0.4738958470730318,0.003202804571224571,0.47547221866746747,0.003571819720996766,0.48026999696675277,0.000203396400643735,0.4806134979137116,0.007398945900301157
0.365,0.46443206939386994,0.00039218090576667586,0.47093132046395786,0.00651831179857254,0.46985354948125474,0.005662515453279837,0.4780837189253062,0.011029187334726936,0.4838451204234607,0.013201453914381045,0.489388134585668,0.007404987330306062,0.47430793522563697,0.00790091971420262,0.4763548495630695,0.010891859764105644,0.47513612625125334,0.010697694571867394,0.4735278957714773,0.002905159678361191,0.474662745039757,0.0034346962220048183,0.48078872824776664,0.0011142952597304467,0.47930968226227044,0.006393434148128735
0.37,0.46389514580368996,0.000337961054331537,0.4719648031970939,0.00691776853558182,0.4705986387624934,0.005977358467675525,0.47926139126758316,0.01152064167969935,0.4824648628363738,0.01193827551764412,0.4891770012878083,0.007606621328237889,0.4748058614094515,0.00854797047134992,0.4766049065904037,0.011718700564390894,0.47547852016381315,0.010633169094452999,0.47278549753733584,0.003065347570825272,0.47522604727261775,0.0033681793390093473,0.4795607269011639,0.0011668896957023611,0.47878307980057355,0.007177046525317254
0.375,0.46381591647863385,0.00041349003712334853,0.47316038697957996,0.007052623331546798,0.4716481809814771,0.0062604736288388585,0.47920404930909477,0.011628219087918584,0.4820289731025696,0.01135421514511109,0.49095553874969483,0.006593499581019069,0.47424508462349574,0.009078173538049072,0.47697603970766067,0.012371234595775604,0.4739636833469073,0.00992560396591824,0.4732606507341067,0.004165851573149387,0.47565355360507966,0.004339324831962588,0.4800040685137113,0.001171070039272304,0.47953358401854834,0.007721005777517942
0.38,0.4632305896007701,0.0005925022261707158,0.47168497751025773,0.007780899244703737,0.4724893243493218,0.0039510100491737254,0.4790785210697275,0.012335267898283514,0.482003795865335,0.01145693698995992,0.49039293727592415,0.008096872387748005,0.4758313424689205,0.010922068337860857,0.4770694977946972,0.012168743990753822,0.4737029631475085,0.009830669450916735,0.472514313400576,0.004600420104045599,0.47709515357488075,0.0053095074468537395,0.4794053724525791,0.0006856123279584125,0.47976942625092833,0.007178597642402917
0.385,0.46455884086234234,0.0005260242463706322,0.4727584325841495,0.008626843330922063,0.47219927386417015,0.003029780825237166,0.47951374386812184,0.013095880483652095,0.4827320088039745,0.012249905567664587,0.490045777582503,0.008099378509954985,0.47627854898765487,0.010004041547125059,0.4772183387116953,0.012088882942478368,0.4738017791857967,0.009271477820811336,0.47340131686492404,0.004835170294557295,0.4774820940061049,0.0037902775522950516,0.47871314966446393,0.0005055626297926219,0.47971214092784115,0.007218056394682315
0.39,0.4651611016537899,9.535052455389437e-05,0.47311763799725437,0.007651794510774107,0.47300477316364264,0.0032074865049276646,0.47898969474511266,0.013121499465062053,0.482236691392385,0.013008234210503428,0.49091531565556157,0.008324045019272058,0.47604812385562134,0.009857247941769093,0.4777077169945607,0.011830440220924526,0.47407486413915956,0.00808369511595139,0.47426795453215254,0.005729992133684664,0.47796038958506704,0.004001154540440949,0.4787698348936362,0.0007001936244658835,0.47976268283449686,0.007827795564364165
0.395,0.46628698527435714,0.00015741860187507006,0.47263546561515785,0.0070961190364028925,0.47284864087270784,0.0038608913368816666,0.4790299217912215,0.01333790225318715,0.48323228653473194,0.01321740391888196,0.4916774994587597,0.008336387291739272,0.47659505799978596,0.009076673867581764,0.47603852886565123,0.011346380073058437,0.47532749411803255,0.00782180388894263,0.4743098494938657,0.0049422957663294576,0.47807029512109633,0.002579629987101012,0.4782710149884224,0.0005094441997853805,0.47891330747287486,0.0067649922227557835
0.4,0.4662793532945215,0.0005348612554371412,0.4728084824047983,0.006888011936098337,0.47181108584627507,0.004952837247401476,0.4802838459610939,0.013182001933455478,0.483216742426157,0.014114041253924375,0.4922520177438855,0.009255822934210317,0.47681186748668547,0.009852700773626571,0.4761308989487588,0.010872442740947008,0.47502143690362575,0.007887939643114822,0.47404345786198976,0.004768250975757837,0.4788845432922244,0.0029458748176693916,0.47947403723374005,9.452560916542452e-05,0.4783343314193189,0.007282440084964037
0.405,0.46617258671257233,0.0014475106641098356,0.47370684045700384,0.007092754689999564,0.4729723925759763,0.005049574246377142,0.4806923744855104,0.014353359922950643,0.48391098961418055,0.013254714232903947,0.4924577951063344,0.009031495746271101,0.4773922030020643,0.009369712460924079,0.4765053453084863,0.011368946620711584,0.47486542340046095,0.007823065015268915,0.47462808267201906,0.005470455520682871,0.47837753299577734,0.003026751640402253,0.47991703974979893,0.0005487732497262421,0.47817616100296567,0.007384363975789815
0.41,0.46651751230039246,0.001088318937435384,0.4743742669319234,0.007762178869509112,0.47335417614113995,0.004496249392992119,0.48162048273697133,0.013713136497067235,0.48450330790223145,0.01275454407058113,0.4924217053666347,0.008485180393951686,0.47802766258033313,0.009623347168288582,0.4765830904063655,0.011620290123107974,0.47557290925121887,0.008143001849331505,0.47643548350145176,0.005669481598022497,0.47937495715734435,0.0032906946612567545,0.4797444333572213,0.0004497351261173732,0.47738176284403333,0.007279691627112811
0.415,0.46787084091499626,0.001044210989073091,0.47488562628088227,0.007652751383293105,0.47326350759669955,0.004621925393500953,0.4817741071603384,0.013703928654452385,0.48518416518906515,0.013632714209786373,0.4926889102502041,0.009536649986922024,0.47882649921868226,0.009921070233166934,0.4764914838484971,0.010161030813153948,0.47582443893314846,0.009035442697714613,0.47633466259183654,0.005562557244157218,0.4787165350224598,0.0037364877132048113,0.4797096332333174,0.00030168307473860123,0.47850840951663903,0.008741386055228229
0.42,0.4678424012270712,0.00030342356434889806,0.4749397160928874,0.006215065628999761,0.4739173449398506,0.004916479456282791,0.4815671014643851,0.013739300625664863,0.4845989401496592,0.014185478467316853,0.4926638722064949,0.010332064082225173,0.4801085978923809,0.009458051817048146,0.4767066108151561,0.010815131611057682,0.47648971199634527,0.009085012422431066,0.47635717645642306,0.005421641770572888,0.4799671380647591,0.004071328788995743,0.47981907329743817,0.00011330000346615465,0.4795773250183889,0.008813532601509771
0.425,0.4668805943692432,0.0008032406954204263,0.4756925294504446,0.007707653063185077,0.4728477804976351,0.0055134193862185765,0.4825745840283001,0.013497941809542058,0.4870921510983916,0.01320374038289579,0.49358192542020013,0.011056122359107523,0.4801572527079021,0.009677847606294282,0.4778614123954492,0.010732609121238496,0.4754684054676224,0.009039827041766202,0.47789152729160644,0.005778010364841019,0.4799059028134627,0.0034505207748974087,0.47946134148275155,0.0005553204347105434,0.47982639679137395,0.01002607757554333
0.43,0.4677623447117417,0.0002391306293565154,0.47592045150177426,0.007364014640103944,0.47226342013062433,0.005227269734754125,0.4830564830538838,0.012869005806224298,0.48712783419462136,0.013807962540277247,0.49401468333116794,0.011878719336764737,0.48015528440822003,0.009970797962227551,0.47818696039707165,0.010683699835871557,0.476268530844949,0.009366541147925123,0.47872297179906864,0.005766568922026233,0.47996344036141103,0.0035410500889600793,0.4792404636567415,0.0007017962634563446,0.4806333323724048,0.00826549001557883
0.435,0.4688756321182196,0.0004836325159018051,0.47669907213970164,0.007171003554744287,0.4735940687101463,0.005194674706322039,0.48245801254250537,0.01441851052744636,0.48628380612052724,0.0132582955833139,0.4951597717644154,0.011545491800911106,0.4795016513644964,0.009122769294799077,0.47889815998831015,0.00972626067098531,0.4768782305135124,0.008434374527684585,0.4787228276160942,0.0050951642380363815,0.4799477106880867,0.002403530409966409,0.47944434372515515,0.0008433700121682208,0.4807956822473427,0.00839501302475218
0.44,0.46942686941474676,0.0011745111339471759,0.475778080269017,0.007865694351494312,0.4740491034463048,0.005929462357678217,0.4840673397887837,0.013498658145015885,0.48687909450381994,0.012149411761625262,0.49418215978551994,0.011689515445720056,0.48040200710635295,0.00973164349455724,0.4796947438100522,0.009569247930564684,0.47611438237469306,0.008763613771985868,0.4791945174167102,0.005648415281691355,0.480120968750932,0.0018147711049426862,0.4800020143897696,0.00024639569561590857,0.48080981463532557,0.008806711824780156
0.445,0.4702308409836855,0.0013097353028447556,0.4753872769769658,0.007127599016334224,0.47512209005235284,0.006380652862318453,0.4838321954011917,0.01258050943358563,0.486614027468676,0.012211796189292107,0.4944862808739201,0.010834696085265522,0.4814031133323573,0.009902060450462824,0.4809112196390548,0.009152355572480814,0.47667559621374256,0.008159510121586638,0.47979886838224495,0.00645697192194758,0.48008479194694686,0.002166516325446982,0.4819816629705804,0.0006341225143229046,0.4795548123087776,0.0096718159117056
0.45,0.4713439755141735,0.0015575403140650756,0.4756365255349212,0.007672085778580778,0.4759105251067215,0.0069685118893782205,0.48338313549757006,0.01285820321904288,0.4863257160617246,0.011440902203321474,0.49649537338150873,0.010983079009585922,0.4807532134155432,0.009481046348810196,0.4817759056058195,0.009747370498047941,0.477076629218128,0.008503854191965532,0.4789452580114205,0.0075446306831306875,0.4806352292497953,0.0024846969379319073,0.4828448723587725,0.0013335248662365573,0.48141239028837945,0.009517163948880303
0.455,0.47065058997371695,0.0007362867613415203,0.47666006584416376,0.0074025062578065015,0.47589002263087493,0.007470166044575843,0.484371331694362,0.01258141686628153,0.4860028209430831,0.011114282185559737,0.49686812912369827,0.010806560680106464,0.4805788062922247,0.009374008810782153,0.48201616984474793,0.010109328224763764,0.47738660569046876,0.00900802237319423,0.4788357462365549,0.007654484402347395,0.4806992021890787,0.0019257569706047084,0.4821757874809779,0.0008109972535908783,0.48207658799467507,0.009794035046310212
0.46,0.46973664402637794,0.0013719746114119191,0.4767390547077293,0.00729088946852996,0.4758669150102398,0.007293895939769951,0.48387640293525613,0.011787116203619108,0.48709798887695954,0.010972584800227836,0.4966330387346123,0.010942244821268599,0.4809565029876388,0.009762335001774453,0.48145112694929476,0.009617821272948524,0.4778406591681035,0.008863370298691414,0.47850010163434176,0.007482727827585273,0.48173858468299324,0.0019302930196990198,0.48254721490261343,0.0008183511217003392,0.4806719057099975,0.009964728403998452
0.465,0.47028851356878076,0.0017256870545366843,0.4772922890961811,0.00812011340292551,0.47539621968102713,0.006651940925787858,0.4839349175973605,0.011906265411325667,0.4874063963370938,0.010228799636005065,0.4971199001996748,0.010795655590231684,0.48120255503923665,0.009460976928152065,0.4827230089614468,0.009317417538935141,0.4781595086378436,0.008766200032926358,0.4788438797157298,0.007702920625927645,0.48280790752621106,0.002568723854198235,0.4811151066935191,0.0015844399089454397,0.4799441660764397,0.010295644803072823
0.47,0.47020878000779354,0.0015882490638722824,0.47807587754536185,0.008326177188056588,0.4743249979900553,0.006177735217708202,0.483983280335335,0.011422523951276825,0.4879571409460078,0.009358567046992339,0.4974675481306745,0.009922876795555674,0.4818764019044156,0.0084068327349551,0.4826198132272731,0.009128936348443334,0.4786914405512049,0.008866180527083434,0.4780809486958575,0.007366117565555774,0.48333179681225025,0.0019713454741112635,0.48064205914418745,0.0012398737066603716,0.4814178021822838,0.010217719810440173
0.475,0.46969705325992483,0.002054194635466522,0.47811332541076756,0.008229297634802374,0.4741461392295988,0.006087255556332438,0.4859964955794184,0.011557603039239583,0.48858948953841863,0.009971635514184063,0.49717089863199937,0.009212541109637207,0.4819909937287632,0.00855764676081508,0.48264585741256416,0.008643270715286838,0.4789227488009553,0.009371637435335867,0.4793859408874261,0.006206699186249776,0.48360464494479327,0.0024589938552756208,0.48149973632473697,0.00016190699840848422,0.4807264794644557,0.009103967092539134
0.48,0.46905431407503784,0.0026435711576293097,0.47866844114226603,0.007267629650110991,0.4754495135663698,0.005854834259177238,0.4849026065009336,0.01084938133135438,0.48931367485783994,0.009883976463849364,0.4978424653721352,0.008523666144659103,0.4822403418365866,0.008771623562400521,0.48282411562589306,0.00808612140826881,0.47912625774430734,0.009451486868783832,0.47847348350721103,0.006309216609224677,0.48398355999961495,0.0030607672718663825,0.4812818098968516,7.778522558510303e-05,0.48127829136016465,0.008819512945289404
0.485,0.46930033821113326,0.0028816130511539473,0.4792240265872061,0.007943313684045633,0.47593400304772193,0.006371740290184585,0.4843110148746943,0.009799492266989257,0.48989538318410364,0.009456839066805306,0.4975962758678751,0.009358759086156632,0.4824259089901275,0.009141671980164717,0.4832587806680768,0.008718353033680265,0.4804735929541981,0.009473831152793044,0.47923247124423685,0.006793388770413161,0.4845704909452458,0.0030928868608376403,0.48203195347306654,0.00017434443087921414,0.4818032340137,0.009452486237914282
0.49,0.4693025223606703,0.003675125311223826,0.48029564815212267,0.008295057303443237,0.47657046991647506,0.006270794007851133,0.4842061813996763,0.009332564716436426,0.4904777435775922,0.01028080824382449,0.4978128981833555,0.009215973469675814,0.4824536292984778,0.010030776642415001,0.4834564192106529,0.008960007328768171,0.480673938457455,0.008916017884502608,0.47973933504248156,0.006477300381782097,0.48586103685048165,0.00376760473056717,0.4825717470019448,0.0001735461457651466,0.4826126934162208,0.010030821650003907
0.495,0.46991385602288777,0.003994306756390453,0.4806697343786558,0.008542885157195007,0.47788568736627846,0.006568189748007852,0.4837205506334401,0.009883514257392506,0.48995607165676175,0.009022610581884472,0.4977592568505894,0.009347888104843355,0.4820999478300413,0.009586190409732603,0.48326863250648133,0.009380929021522266,0.4806061280947743,0.009275493070934754,0.4807619939398284,0.006437171965536448,0.48680601999013107,0.0035241679711775216,0.48322634541928167,0.0009006134638882557,0.48190949172383607,0.009142365193728241
0.5,0.4709047964960337,0.003517694398760818,0.48077575884759427,0.00912023760378361,0.477957371249795,0.006167967841029159,0.48382896661758423,0.010435734093189236,0.4908873527497053,0.008391817882657054,0.498971608877182,0.009289401173591616,0.48285159282386303,0.009380938783287995,0.48402394659817216,0.008533392772078513,0.48045254282653327,0.009796900525689128,0.4800553568452597,0.005866632536053656,0.4865027359127998,0.003563705980777737,0.4832856457680464,0.0017401713877916447,0.4819151725620031,0.008175394907593725
0.505,0.4706402727135337,0.004286312894655919,0.4811059746264231,0.010034916203210842,0.4786950555620807,0.005710081667593209,0.4835495476675506,0.010281841648687229,0.4914162165605196,0.008648392513836978,0.49870193889825654,0.009599902252159481,0.4839762531147145,0.009127339883015895,0.4844644952676084,0.008960689574775138,0.48140392216420413,0.009288871568618434,0.4802752062678337,0.005598652554620609,0.4873992656127061,0.00402552450057303,0.4835752159504607,0.0013211523689846127,0.4824972930963677,0.007720503550354807
0.51,0.4712604042507854,0.004052114472085366,0.4811665109705692,0.00911512934401923,0.4782705019940348,0.005756027339135883,0.4839946358811622,0.010037345336932763,0.49190813383343174,0.007809006481194036,0.49801245594725885,0.009573912211492924,0.48463081546566067,0.00837791236300095,0.48444475357731187,0.008525939475671901,0.4810379357168488,0.009865578263998032,0.47998058145829275,0.004839059549803848,0.48699235010380837,0.002980245386852931,0.4831369021797881,0.001465536873130252,0.48294862294021773,0.007480436022959502
0.515,0.471485065386712,0.004067189123445336,0.4810760846560441,0.008282611309324672,0.47897479885700833,0.004890826503628681,0.48387999615622956,0.010360381267603164,0.4917864944894337,0.008004461894336262,0.49794793273638754,0.009377946842064,0.4847424104809761,0.008387173625450717,0.48531513342868937,0.0073119650043330375,0.48119215066861176,0.010578413973155537,0.4807851627758406,0.005222606355125475,0.48744434349745225,0.0021557032483295324,0.48330773217874823,0.002296919744570275,0.48357405339919246,0.00712719697107389
0.52,0.4717362457886338,0.003461282628660023,0.48220116050484085,0.008062674090839356,0.4788255518875443,0.004616455174982548,0.48348985612392426,0.010492900529733062,0.4927928001404955,0.00777141370165807,0.49833766972789395,0.009973308501335265,0.4858169626587858,0.008556506739786057,0.4860212117290268,0.007854603589154213,0.4814309257870683,0.01010576628435117,0.48064072193721163,0.005954397770647796,0.48910979496744966,0.002936548051925808,0.4837684507410114,0.0027108373693548737,0.4829365416931418,0.0070053392734665265
0.525,0.4721255592647053,0.0038764464713278435,0.48248341587327775,0.006727280574185535,0.479558617799055,0.0037325446804364337,0.4835313447884151,0.010113988036201116,0.49302350601979666,0.007444177284127218,0.49803268426940556,0.009609407754171462,0.4853416331467174,0.008681426516601004,0.4860227652248882,0.007773998308749447,0.4816384957659812,0.009641873481727792,0.4806502755908739,0.0057292294644174235,0.4890317879972004,0.002909254176276077,0.4832639639576276,0.0032157214624541075,0.4828029333835556,0.007412380051045192
0.53,0.4715956419284614,0.003935257992092156,0.48257095683014617,0.006411501329462499,0.48051388976427745,0.0036080449397833947,0.4841090151161518,0.009770463378924232,0.49284521455191216,0.007869602304022283,0.4985527309044352,0.009291110454865192,0.48521145552677925,0.008378223498474863,0.48654013569906074,0.007366629352547088,0.4821834830602385,0.009754426425920337,0.4812240611129212,0.004976843114731455,0.4886879524532354,0.0028926277498029507,0.48369967086978677,0.0025675230009375993,0.48257164678202485,0.007402227804908235
0.535,0.47162856823094534,0.004263641330126272,0.4824998099530969,0.00616426619692384,0.48098543307213026,0.003910475593303986,0.4842036828816494,0.009406056916602318,0.4932744269755399,0.008465081940744495,0.49790912003160637,0.009072550824869463,0.4855426035334017,0.0077800452012882215,0.48631888440000676,0.007317886940229723,0.482088975747612,0.009769395759729599,0.4814496226260595,0.005505825941250708,0.4885712814665286,0.00299853170029471,0.48384478583792656,0.0020401496614251002,0.4823043732860378,0.00763723149756404
0.54,0.471885755037268,0.003928317584925234,0.4831756387181856,0.006362333824789096,0.48140738207708905,0.0038630179370994777,0.48377454501611217,0.008780329867645542,0.492818553759544,0.00840287759072253,0.4988836255614404,0.00854569411388148,0.48584998557689013,0.008243058083785892,0.4861536168803771,0.008106699489333014,0.48229377323554623,0.00975465919408533,0.48127578923271763,0.004273306647384623,0.4888812876134007,0.0037148759044982604,0.4832352331529061,0.0018416137469035587,0.4825308472607974,0.0076185662851289415
0.545,0.47246978541306395,0.0040611402567373445,0.4836152487801849,0.006707598925183661,0.48178474010404093,0.004383170071545012,0.4849718975911447,0.00851732902570601,0.4925347162632767,0.008251032903106914,0.4992458284448046,0.008794348721110484,0.48630224093111285,0.006741181494445969,0.485204620030495,0.008540261571013591,0.48376358505509315,0.00922384536867843,0.4806849291428513,0.005055423518386476,0.48967960955352957,0.0035635305380602444,0.483761971901863,0.001518942415714264,0.4825632337720023,0.007524509427197484
0.55,0.4723297542469068,0.0047307699241421475,0.4836321588944305,0.005294826423579979,0.48211110308766364,0.004897175661542186,0.485118329660459,0.008037899705496704,0.49321468262509865,0.008494974740526906,0.49947467053478417,0.00946099419485441,0.48678501282225956,0.00687601153146139,0.4844327389516614,0.008566524020650168,0.48493207103826785,0.0089411222799258,0.4819516303187067,0.006136672401970078,0.48912696689367297,0.0033751158551736105,0.4843582334166223,0.0011475937610322673,0.48249859545718543,0.007814346050674242
0.555,0.47385274430921487,0.004964116121734585,0.48359074295909554,0.005400775587773521,0.4817500472203031,0.005417813253295323,0.485504127032048,0.008403175048999956,0.49355206732545887,0.007584331204762318,0.500080005542652,0.009589764448973498,0.48628053263769494,0.006879743087936097,0.4840481393374838,0.008234516793006158,0.48501772433519363,0.009078704089194811,0.4827278677273441,0.0063181909489202215,0.4886112225216788,0.002338168991578571,0.48483522269908375,0.0018158518113531585,0.48228692974861676,0.00706077622132259
0.56,0.4737246879376471,0.005338415570024957,0.48397436066131505,0.005341706597911472,0.481646128198398,0.00469811666490777,0.48505915980786085,0.007290322998804721,0.4936090532823333,0.0083567089667278,0.5002700750316893,0.009626106226018505,0.4859913407292749,0.00675738809098092,0.4839681664348713,0.007309147489390211,0.48429457756823724,0.008397221897861767,0.48273098196036046,0.0068764426479382135,0.488789455432977,0.002705076177205362,0.4849114129985017,0.002169444425297623,0.482297170840736,0.006975910559828796
0.565,0.47403171098074026,0.004757247469593995,0.4855915556571125,0.0050800328629206914,0.4821237203689803,0.003974586527431961,0.4864506209186748,0.006132976209695384,0.4944108197778727,0.00837293761757621,0.4998473928565472,0.011222184759325654,0.4854217196064713,0.00710953936903877,0.4845298077021025,0.007060661318555345,0.48458615373984903,0.00800208780354103,0.4828952816603458,0.006941252379818297,0.488541248889096,0.0024140580038053694,0.48494938075278715,0.0024108698805876683,0.4824247111657024,0.0075193929065645315
0.57,0.4747458030388021,0.004834898404384919,0.48639238253235817,0.004917961921085401,0.4824052777860248,0.0038710797957161036,0.48636228388600183,0.006159837635462739,0.49470253582847745,0.009638023938526197,0.5006456001285922,0.011059219377082707,0.4848237817355415,0.007409424570045953,0.4841710371537167,0.007600096691595892,0.48480115889718656,0.007817801349518594,0.4827629897024548,0.007686097959154536,0.4885530348932534,0.002507407152861879,0.4859319957332653,0.002227197548276494,0.4825986096341359,0.007540601060578717
0.575,0.4750198909122011,0.004655139277810638,0.4863558729705603,0.004609164789966924,0.482314653824205,0.0037952837088833513,0.48729406834944433,0.00525907971288847,0.4947870472851007,0.009602910474590637,0.5014841001966726,0.01093980099843897,0.4846558741253355,0.0077508369865624815,0.4846653503568276,0.007012032361134235,0.4845842675670333,0.007560422822185192,0.4833160095240759,0.008281291762123943,0.4886512441479641,0.0022038707266683055,0.48543237013661344,0.0026644801963930653,0.48269977563101313,0.007337951984094537
0.58,0.47540091318560057,0.0044746832472497,0.4863405026623915,0.004809189523602347,0.48251637064948166,0.004351350061338521,0.48733680932943163,0.004975559832207099,0.49477189554479617,0.009269490003071978,0.5011380898027584,0.01027287183136777,0.4843829088555328,0.007925380214021144,0.48427046071095714,0.007121369178439002,0.48560250210094036,0.0077069720959868915,0.4826077873465316,0.008315881200391673,0.48946687797534055,0.002743119181230158,0.486047857601581,0.002683966260018017,0.4836733361128075,0.0075421449567737164
0.585,0.4755988465542467,0.004534405711879075,0.4870059613106597,0.0049296224601248495,0.48344985459350115,0.004446320108368873,0.48733919304914963,0.0049478849157308935,0.49464360484455383,0.010005028393024057,0.501317003980661,0.009582753492216795,0.4847147757044205,0.008746943476363123,0.4845281091128659,0.007059446703165023,0.4862802030566411,0.007208606944634377,0.48312862554931235,0.007826034648296148,0.4901197117108565,0.0028287337885962716,0.48627460493236524,0.002846113573282183,0.4836958014430144,0.007171686197447985
0.59,0.474907041669397,0.004576753698668251,0.48707222338702716,0.004657154808105052,0.48424238465347536,0.004215600442583262,0.48751061580191224,0.005446512504654416,0.4944935509840311,0.010218960438239388,0.5011454811793263,0.009187475225683,0.48461285681795263,0.009025388160499498,0.4844722759799432,0.007343052870641298,0.486841406673193,0.00774066472205065,0.4833615328169475,0.008377351561340257,0.4912913926577164,0.0030364030498569445,0.4857884961796009,0.003302177067025236,0.48400181853922747,0.007739886452080846
0.595,0.4753869696199393,0.005215437284537716,0.48642100838302565,0.00487206682187169,0.4849387685917005,0.004636684323058415,0.4875772060090754,0.005523318941352745,0.4946332352877665,0.010476692697080264,0.5008516533284628,0.009100500400326839,0.48457297714067105,0.00930628700166189,0.4853277985914415,0.007625717513200625,0.4865911733828673,0.00768813484606623,0.48373452185833155,0.008734837988344568,0.4920502896068477,0.002569100436042332,0.48574161460670107,0.0032815807381597895,0.4849493248748178,0.007535808915350634
0.6,0.4752394988512,0.005709964347382385,0.48655229986955717,0.005371142613391083,0.4851643785213431,0.004465363733470451,0.48814401372025407,0.006034787309666473,0.4939575385923187,0.010266302091379936,0.5008912589401007,0.008707987889647467,0.484383381344378,0.008533085944751911,0.4855094650760293,0.008140482567250723,0.4858647776767612,0.007459572392205377,0.4842412688458959,0.007915142861505353,0.49166074991226194,0.0024923180540402934,0.4861448405310511,0.004112932520608098,0.48417451015363133,0.006718516784409684
0.605,0.4750296198262656,0.006199417466467072,0.48662424807952454,0.005955637178637757,0.4850287727457433,0.004454868206800494,0.4888890179351342,0.00598615426416238,0.49412973588409503,0.01067087294395308,0.5010904135290256,0.009130627902086103,0.48508426922658254,0.009312341713215683,0.4848103832976877,0.007886619668854178,0.4847898705562284,0.007238644891041368,0.4840072677278322,0.008134863778086726,0.4920761967000883,0.002851063801237369,0.4857416072290791,0.0040897440688669184,0.484849254516038,0.006820163881975733
0.61,0.47531281075760967,0.006064157200152742,0.48616209681161116,0.0056173214536221205,0.48536534393664266,0.004412169278156575,0.4882441867203986,0.006225168888197574,0.493954777290098,0.010576576421983896,0.5009334167984665,0.008756022228569249,0.4850270007355291,0.00956689022847862,0.48472889335673364,0.008180857865048241,0.48568859995632874,0.007328194611873784,0.48450805436148014,0.00835594272271531,0.49163436449942044,0.0024731882282944817,0.485174300301759,0.0037432173114330947,0.48439081727725564,0.006062466040497899
0.615,0.47526381104215376,0.005546895650828748,0.48651806228771444,0.005380190666613549,0.4861279361979748,0.004446754671209224,0.48898120654550026,0.006555101675231267,0.4944588818806943,0.009684896020869888,0.5009395675203665,0.00882397688985842,0.48566787144759804,0.009186750807897825,0.4852223836672984,0.009143498430891711,0.4852412009263426,0.007715094319688615,0.4847399119318016,0.008711358698887561,0.49119116741467295,0.0025201088529292204,0.4856088338949816,0.004433416193578288,0.4845625512847086,0.0068398666212229065
0.62,0.4755724323012175,0.005702963219054308,0.4865717925732174,0.005429876487581975,0.485732244808347,0.004419085058954442,0.48942162150577195,0.007212065580871813,0.495165005867039,0.009124783198198927,0.5006596466466304,0.009695312789370913,0.4857425909008711,0.008441645952482368,0.48610212347440185,0.009038399484369047,0.4855127061206487,0.008170546483128288,0.48524810355757514,0.009643187866576253,0.49168177682065195,0.0019274795007321321,0.48549607402134326,0.005792815538664009,0.4843973810033452,0.006811854639841658
0.625,0.47636266714334485,0.006075782239437083,0.48670063430070876,0.0050334474444389266,0.48483647269010544,0.004555393517017364,0.4901572719216347,0.0075214225649833655,0.4943156414628028,0.009084457814693442,0.5016194353103638,0.00983685612678531,0.48524065130949023,0.009139329969882953,0.4858719772696495,0.007999648392200492,0.48531640034914014,0.007444135367870336,0.4848935330510139,0.009693504273891457,0.49167550265789034,0.0020790120363235465,0.4859764818549156,0.005934477865695953,0.4848746668696403,0.006685117542743674
0.63,0.4765919046624313,0.0062971967198545975,0.487495707791476,0.004891379544186197,0.48538232482378446,0.004573311656713486,0.4897203760605956,0.007289883577161371,0.4940858133846805,0.00845570075843069,0.5013430223815025,0.008778702763337948,0.48557933011934873,0.008145546097131001,0.4855601706556858,0.008107510646657351,0.4857832638635522,0.00833066724359044,0.48552155394166235,0.00956519190517685,0.49298010027361294,0.0011916442641189962,0.485431651451758,0.006113246142391171,0.48508937532703084,0.007286595032801713
0.635,0.47638552647641325,0.006164364047407167,0.48817795227597083,0.005225273391862545,0.4852456983736181,0.004206860569987703,0.4903482005704106,0.007397579454530873,0.49337352454427663,0.007731862366199521,0.5018578384100921,0.008178491878697236,0.48587863552054084,0.008607630243920916,0.4856886626111241,0.007998093434675474,0.4858887102308236,0.008102029737994426,0.485626119504294,0.010116948914809493,0.494087241707355,0.0007332829157198351,0.4851941836513872,0.005130111291183237,0.4852285728327871,0.007693679489958
0.64,0.4770743105909787,0.006475906644482166,0.48881764541147277,0.005912807828281075,0.48544171900721267,0.004601824970450252,0.49039106123382226,0.006958790996577591,0.49311859166482463,0.007435676117893308,0.5014176024124026,0.007600352866575122,0.4854071901063435,0.007845029525924474,0.48558072495507076,0.008329724601935595,0.4848845459637232,0.007413270592223853,0.4855375126353465,0.010109339200425893,0.4942380977445282,0.001579873205628246,0.4855780220241286,0.005779676779638976,0.4863163445261307,0.00793689297279343
0.645,0.4770692812726479,0.006578144927819551,0.48907258303821544,0.0054439756181813015,0.48540470575870465,0.0040015890732292,0.4906545690903368,0.006922523353913024,0.493254713483097,0.007190769321696711,0.5019409241833428,0.0071223148310831375,0.4854753599032875,0.007798859373081557,0.48552492936683256,0.008432767130145735,0.485673742989699,0.007291840201662486,0.48563809825699455,0.010515209258526809,0.494120831579663,0.001786303901395142,0.48605346847181174,0.00582922284686288,0.48742969559375626,0.00784254414859667
0.65,0.47724302852383027,0.006123009954507541,0.48900811139207623,0.005745520328099912,0.48659907046418927,0.0041447786757579375,0.4915923294539635,0.0073265841947151855,0.4935740077151702,0.007072768016503417,0.5018641546368598,0.006436616755448875,0.4862664671471486,0.0076628713080516275,0.48534076712452445,0.007985229732898586,0.4857404830937202,0.007279251802426112,0.4859722847548815,0.010799268862375838,0.4942583522544457,0.002249595924065678,0.4866167728144389,0.00532840014650271,0.48751347494813113,0.007999851898505134
0.655,0.47686206708655104,0.005828833022645419,0.48835403722433646,0.006091137025647481,0.4869901635150873,0.004542092387457841,0.49200148476671623,0.006431968441901331,0.4941923762209543,0.006133074921961079,0.5024500608671713,0.005532601066218085,0.48644720615093945,0.007528513726842323,0.486301644214692,0.007674075663089752,0.4868702126937058,0.006786969269960003,0.4862936177212773,0.010029892941922636,0.4939556907265241,0.003423125859890269,0.48651558314343446,0.005513525248028839,0.48754775518451937,0.00807631976959361
0.66,0.47782458573805564,0.00564014386724343,0.4891153507950631,0.006184002723206156,0.48719834101696813,0.0052297018807042905,0.4919238990793625,0.006329941986636695,0.4943494222719561,0.006081834266131542,0.5025337315870053,0.005768457145401917,0.48684919755341427,0.007712713978958868,0.4864073707863237,0.00745087133889849,0.48664818461419956,0.006247038134571281,0.48633048993845784,0.010361075006199622,0.4945590726918343,0.004350917752493494,0.4871024714613503,0.006352622682849585,0.4880060757312811,0.007793607754689291
0.665,0.478249274530357,0.004928995063878561,0.49005370161363054,0.006106379616977575,0.4873411518178488,0.005102843326285356,0.4913832932374531,0.006219968815943333,0.4946064727759003,0.0060849083881629185,0.5017005899795016,0.006540215105042435,0.4865911830972908,0.007132068220385923,0.4861481914058664,0.007286343975622861,0.48752334685926146,0.00671863247801488,0.48760636582186345,0.010023132134649088,0.4941771300999742,0.0048279812125335,0.48760232827941274,0.0061202277254341075,0.4885596245863384,0.007271680112620027
0.67,0.47867926871821065,0.005410873567435276,0.49040813438260733,0.006266413729137443,0.4874023912446712,0.004974315471168778,0.49172722564926785,0.006527029923093869,0.4951912725705709,0.005582759129022452,0.5013794351869555,0.006483307525293164,0.48722236486735626,0.006081349091298566,0.4865919894802926,0.007424027116885806,0.48822415970377064,0.006880014856804645,0.48809087081854025,0.009817719181526963,0.49471737572283886,0.00508149752198761,0.48786235217060614,0.00566528420617332,0.4893269877491602,0.0071908770990905535
0.675,0.4798785487258876,0.005345537099573361,0.4905153475977756,0.006585239425853456,0.48747250421179666,0.005127061682718759,0.49237971245138734,0.006230626227679059,0.49470832927359476,0.004849067827065789,0.5014860951238208,0.0061589136167808645,0.48758001653132615,0.005613808113115792,0.48702553383730074,0.007650356767354177,0.48923601701303765,0.006842623871785636,0.48810838322948524,0.010003373192416315,0.4954335987016007,0.005155977772341835,0.48746783628507895,0.005331583321094513,0.48966606231751264,0.007784956528080839
0.68,0.4799112742766738,0.0045613116749069205,0.4909341470612323,0.005981520092224385,0.48779542179887786,0.004963645547190143,0.49207823970081177,0.005894057836164451,0.4950530266608385,0.004385767121087097,0.5015498467666262,0.005179917768520476,0.48701471632675214,0.0054429667070508,0.48688815451939316,0.007040696930797674,0.48922533043386307,0.007020411629448914,0.4881714981816271,0.009572412325617147,0.4957042811438441,0.005688137703520391,0.4879750848802573,0.005571392036097882,0.48981536908403916,0.007995020762524174
0.685,0.4799277263074896,0.005108955948457228,0.4908023104071617,0.0056838841877714374,0.48742472674072224,0.004361511745157032,0.49264574861221944,0.005947911771979647,0.49490253099777404,0.004302752007098093,0.5013704676262654,0.005564092502106738,0.4875719240003259,0.005547374541307021,0.48690343191371344,0.006215866627919425,0.4897373985961406,0.006575578375019292,0.48815814623214904,0.009346884913253084,0.49575761564239096,0.005819266131759537,0.4880419724287778,0.00563749774311581,0.48937980520681745,0.007990401102243555
0.69,0.4806853291457114,0.005766009237023362,0.49115251679567323,0.005797016393879195,0.48760417778638826,0.003910752472238266,0.49282169099087303,0.005474772196317063,0.49584946668018465,0.0036972669911557454,0.5007227419511131,0.006345197990320711,0.48726559468153596,0.004289770849804947,0.4870386114478975,0.006266811025747332,0.48964860554838524,0.006460470403882035,0.48857414047571196,0.00905664810451906,0.49591051932910213,0.006115006525879346,0.48814819726175157,0.00613160501571669,0.49043279405737267,0.0075248724416546175
0.695,0.4816568282117947,0.005083447040842598,0.4914084684184129,0.005443782847133455,0.48788505294125717,0.004129623391216614,0.4929765318687871,0.005752778792981611,0.49541451181653595,0.0041249022959805315,0.5019624003832288,0.006351520046055714,0.48739510050994883,0.0036137630935195453,0.4862888900817727,0.005890435720090376,0.48924043233231673,0.006447033326831664,0.4886340652759984,0.009102868358437127,0.496976947130488,0.006020859259066841,0.48796484672980345,0.005586889096730052,0.49043127353028426,0.00829913788776604
0.7,0.4825314592570067,0.00515731546495643,0.4911926125309297,0.0050238255411386434,0.4875511744724853,0.004856912951384268,0.4927705415125404,0.006006823533347694,0.49622886015900547,0.0043322396597691715,0.5019041627645493,0.006540828517505093,0.48759276169751375,0.0036146414599248222,0.4853354564202683,0.0053089923624481394,0.4892703232488462,0.006519527147923199,0.48865259859178745,0.00884780548512934,0.49752879733485833,0.006007879812802569,0.488230316181268,0.005114784357803215,0.4893455306866339,0.008140745386481268
0.705,0.48299842000218995,0.005335175135034204,0.4908372335505824,0.004881675097536536,0.488581194786738,0.0048919091304988616,0.4932211100104007,0.005723220712326921,0.49671356469815503,0.004704808565319019,0.5012026222039622,0.005938159658553738,0.487069011844219,0.003481681835144107,0.4862305118788218,0.0052588425101118,0.48888060402996997,0.006220037262913203,0.48856837503242156,0.008655808126250053,0.49816062449352116,0.005508765314064967,0.4887244579322795,0.005559361942693686,0.489130381943909,0.007938691751754018
0.71,0.48326628051803144,0.005670689203789547,0.49037757353253764,0.00437725130730951,0.48868366441046684,0.005188644404562431,0.4930695473203357,0.005658095413950126,0.4962933235080309,0.004797565317909508,0.5014824076017863,0.0063869019209499,0.4870309918384317,0.00351126948502703,0.48668861866626945,0.00493124258560193,0.48909788290169876,0.0068160757737260325,0.4882818837715706,0.008732646126562438,0.4987797907645434,0.005525907108061778,0.48866900785917966,0.005587661927434762,0.4893792015041264,0.008729002267961777
0.715,0.4834829611065504,0.004901599373433957,0.4908567532063364,0.00389663713586913,0.4888022914528847,0.005673775566624573,0.4934492276369275,0.006003506064831798,0.4968476385607586,0.0042356587685905,0.5004446748253348,0.005812237729559382,0.48747662757034904,0.0039051403845106747,0.48712074761832513,0.005273909366630997,0.4892912563848329,0.007367469370365143,0.4885671373743277,0.0089672420929362,0.4987674297673719,0.005594766379653143,0.48932901123812145,0.005824420679282488,0.4900068398434799,0.008882258582365271
0.72,0.4833308838618299,0.004522094554785222,0.49023212414855755,0.004325953984840064,0.4892851354864737,0.005357519775215119,0.4933266899962392,0.006314660577724368,0.49668453638959265,0.004411659669131041,0.5004405372051729,0.0055289114308025855,0.48752987700411016,0.003651449612031399,0.4875038630949954,0.005711606755438775,0.49021376602144706,0.0073411111305985155,0.48837170392895735,0.008437287941988975,0.4977809199545946,0.00533259054645896,0.4896098076779809,0.005976935900333852,0.4901760563564797,0.009081305573797882
0.725,0.48348624701129983,0.004535917423922425,0.4904675640422722,0.004776493793931497,0.48912101043709394,0.005427486886238231,0.4938992249040768,0.006501675936682466,0.4961359016340354,0.004087312005717186,0.49999871264243945,0.005086471191767972,0.4877738868881916,0.004225334987558171,0.48759742538476814,0.005591408805600523,0.49033171087503435,0.007393956955136921,0.4884623687328964,0.008237524947215774,0.497575173552694,0.0052728837420200625,0.4900761942925124,0.0065618231892585754,0.49040548950433727,0.008542136847972864
0.73,0.48442602703628473,0.004269468508762864,0.49037377122942716,0.005056715634179421,0.48885064036266446,0.005836973808807877,0.4942812819084893,0.0062904413534354,0.4965402174179685,0.004253297176671361,0.49935686843444227,0.005265439107809994,0.48772066020189897,0.0044020007632366576,0.48730406445795543,0.005236978859525843,0.49133486244572355,0.007246108955308167,0.4882844308365698,0.008411286679440994,0.4973870557158777,0.005013448071398141,0.49069480358125417,0.006148525858170356,0.4911537981298688,0.008867555234121943
0.735,0.48486229184330726,0.004552276614977369,0.4903993877727969,0.005159407093816876,0.4886237250602975,0.006338312360299692,0.4943030601760157,0.005551973623888817,0.496611433420457,0.004606047809934927,0.499555151276037,0.005450539442957675,0.4870527342570071,0.004013160205617261,0.48851795165108985,0.004935445986231968,0.49151893380750605,0.0076488091730747,0.48893746424491713,0.008395842599625503,0.4977213173192375,0.005517989346364743,0.49073771701580815,0.0063885293748914,0.4909283097605316,0.00872410332061807
0.74,0.4854986374140591,0.0037654140410391113,0.48982056003768704,0.004818793738613242,0.4888663904590381,0.00663704782523014,0.4943705186549876,0.004763052521927935,0.49661351463480574,0.003773737950502176,0.49976404635487376,0.0059197762527981035,0.48722076108930884,0.004597496593723438,0.489015177647407,0.00544580117472121,0.4913624181235964,0.007444645051617876,0.4887001100122123,0.007838271306575939,0.4979257116950041,0.006037362272272223,0.49059845753819553,0.006475268938654161,0.4913561062736286,0.008233983120000038
0.745,0.4859947579719076,0.003790589436988706,0.49042303455155967,0.0046615560082781116,0.48935150495111546,0.00686946496267446,0.49421838160929266,0.0037139800670963063,0.49700230405034634,0.0035085535589480243,0.500281244816396,0.006518886693372028,0.4876597594194764,0.004605773461345053,0.4898163642759291,0.0057776841841288284,0.4919744760498105,0.007430058947745594,0.4882941012514518,0.007170387312469856,0.4986643696691366,0.005608752119861171,0.4904797661724507,0.006792551669098396,0.49081080496911234,0.008078803102042065
0.75,0.4862936363120874,0.004509741912285481,0.4901632115741571,0.00507724687457084,0.48958710943659145,0.00704880242546399,0.4946942890187105,0.004202359666426986,0.49704029535253846,0.003977325210968635,0.499697420100371,0.006220802168051404,0.48755024616916975,0.004335673799117423,0.48945548877120015,0.005736756672461846,0.4921586795151234,0.006551281064748782,0.48869624371329945,0.0069919984042644545,0.49906181539098426,0.0061333216726780215,0.49117420350511865,0.0070662320156892056,0.4906096934775511,0.006802627493937813
0.755,0.48650970536944094,0.004284069682193914,0.4904501223504938,0.005133725308029857,0.49028594115909363,0.006367458561003597,0.4951537879590957,0.0043218796517675295,0.4967472783678415,0.004052838989046209,0.4997014127030278,0.00635386480400893,0.48801555198352065,0.004091924636174499,0.48981062855744206,0.004719538256427319,0.49278654084102996,0.0068761710792977215,0.48823208322390815,0.006788838827452126,0.49897486331644436,0.006115360913292456,0.49141867305861403,0.007565810634995118,0.4916104315625911,0.006339612139376588
0.76,0.486837100188591,0.004007566573196342,0.4907469367608428,0.005393660137135714,0.49051243601072775,0.0052341584998525925,0.4947140860420309,0.003995426538351332,0.4969067269151932,0.0038890354825477924,0.49985428174075325,0.0065498540275975015,0.48792569304963473,0.003544355252463577,0.4904853824624106,0.004487044962221048,0.4926091504626368,0.006985736373615881,0.4888312991610483,0.006619925512687169,0.4988458267854232,0.005931833121729513,0.4918455366339338,0.008083624226090158,0.4916310979445514,0.0065612925804759414
0.765,0.48698073279818677,0.004046677325675679,0.4904969171468728,0.005858626971447373,0.4901698393856778,0.00526019964927163,0.4944914062720498,0.0027709627170967865,0.49708260415621053,0.004111576654942217,0.4997307543271507,0.006507738742953018,0.4890945454925494,0.00336311957220628,0.49055003803345115,0.004837355631239271,0.4927280921659438,0.007043387326929301,0.4894146824292108,0.0061459215540511924,0.4988200584170865,0.006150116766589886,0.4922372580451124,0.008361749156238218,0.4918562631104507,0.0062431007915852155
0.77,0.48732829234236247,0.004131084670881191,0.4904792106093524,0.005776555652355214,0.49016952451753926,0.00536932114076305,0.4952263233626818,0.0028762713364966497,0.4973244972333506,0.0041876447374944725,0.49942831772488433,0.006539943543347471,0.4890751341817441,0.0030767379159277186,0.4902716280481258,0.00479094843779293,0.49326373419010794,0.006910227771316252,0.4893491244451566,0.005667818105453026,0.4982448558431941,0.006486387270224547,0.4922240862695427,0.007965221178609067,0.49207537297111054,0.005792944510648768
0.775,0.4873608161845515,0.00397270345880138,0.49061160765347944,0.005764183065583628,0.4911289875065127,0.00525578255614928,0.49514907593688656,0.00296665146466224,0.49787632847024543,0.004352691817668147,0.4996386304978402,0.006897739633437122,0.48906776823343767,0.002971670175752339,0.4905047146062697,0.004347898258316885,0.4933330483494266,0.007844383341650801,0.4895191322891943,0.006055226297147803,0.4986490097257399,0.006635072779270917,0.49327490844072835,0.007592979025456248,0.49267024373815904,0.0057951900747514615
0.78,0.48756790423813534,0.0036591482945741716,0.4905991003585931,0.00602445985453251,0.4908882735344844,0.005294428183100164,0.4948902792559985,0.0030995053836168347,0.4976094627323059,0.003821621863887875,0.5000598108730255,0.006937478119746238,0.4896554773530135,0.002830847859000535,0.4907398909234848,0.004316317777221024,0.4934051402199727,0.0073715434529078305,0.48999287727742624,0.006415649054524242,0.49891042437117833,0.0065103855748206985,0.49367046838578504,0.007695756040704549,0.4924529016686555,0.005808448801055938
0.785,0.48824002185634746,0.003951032972259905,0.4914521938961023,0.005565243399446945,0.4910780757570722,0.0053469813458479065,0.4954682549188851,0.0035261283539662625,0.49742620998317266,0.003647769285235441,0.500082162914762,0.00702741950940175,0.4900885434572104,0.0026151526980339457,0.4907752670774794,0.003967125846701808,0.49342756727888326,0.006996179224958848,0.4901876252642862,0.006334807035649648,0.49879612109273863,0.0068349519827563265,0.49381664675322307,0.00758161500191229,0.49278411368845376,0.0058548734730975716
0.79,0.48777735766164865,0.004194642688277406,0.4917293068823181,0.005955207715683336,0.49073230979751936,0.00494539657536941,0.4954015341457687,0.0033912267771702698,0.4973054611701754,0.0036943365784385396,0.5002753670457043,0.007521055544478988,0.4904689626131631,0.0028178518803059494,0.4910112115306945,0.0043013965876042,0.49351094630134257,0.006362370816589913,0.49038532673369484,0.0060917313057410605,0.4984670362046248,0.006517620827955539,0.49414438494964485,0.007939812739061386,0.49317764410678344,0.006169904589275771
0.795,0.4880889305060015,0.004305143635602859,0.4915553907272201,0.006139136850833893,0.49147469212986383,0.005001267593986586,0.49503281923397535,0.003374485615289441,0.49758936328895437,0.003497602757792817,0.5005633205925144,0.007665620191292188,0.4913295476035502,0.002827232129543833,0.49179466092174157,0.004255594744247471,0.4930781349539757,0.00606025628886131,0.4908607419837946,0.005755782923983349,0.4982803032364485,0.006673872705150685,0.49458528347547703,0.007853493235021297,0.4931559017712965,0.0058521374872645415
0.8,0.48901873542927204,0.00418912568129598,0.4921184873674065,0.005666613532230247,0.4916221200954169,0.004791621165350091,0.4940922424662858,0.003304879134520905,0.4978140337858349,0.0037563869263976812,0.5015411970205605,0.008161405753344286,0.4912457149941474,0.002742197690531606,0.49220344158820806,0.004657153273001313,0.4936089959461242,0.00593159138225019,0.4909633660223335,0.0058133628685027305,0.4987201500218361,0.006793057406321162,0.49421633635647594,0.008324725506827224,0.49306604457087816,0.0057447783183306456
0.805,0.48882171867982205,0.0038907886569544414,0.49232557688995915,0.006234771762945651,0.49213957402461805,0.0044617437705490315,0.4944860941227178,0.0030667142745871012,0.4981461611130963,0.004076268223131646,0.5019299977499506,0.008035353344419766,0.4917301888699117,0.0030758394310193005,0.49297037142219013,0.004727184263445566,0.49349613492348177,0.005645589104720544,0.490942555230967,0.00596888201392215,0.49847706944120596,0.007001927411704328,0.4948929144266229,0.008294127233650361,0.493579708317422,0.0063581232976469
0.81,0.4887476779152582,0.003907513609270996,0.4918715912894702,0.0064807435336672325,0.49221814529579366,0.0049067225629164934,0.4945039719251203,0.0028325735510867367,0.498428839178365,0.0044302986819803325,0.5021808135472698,0.008241431304702063,0.4920056448950444,0.003614279085103367,0.49336568123580493,0.004502512836529887,0.4939161301303057,0.005591770059164669,0.4913503824284783,0.0057365457860776015,0.4985917754655267,0.007068133510557212,0.4948839342428578,0.008796057077469638,0.49382367449594133,0.00650645300378036
0.815,0.4887894864188381,0.003982952721645477,0.49164446406752055,0.005971621104910341,0.4924915094225685,0.005341786045603952,0.49499806300079896,0.003356591735515113,0.4990769199158516,0.004516172034243093,0.5020372254168328,0.008121372640498559,0.4922520761932332,0.0030621251354188417,0.49337655986927764,0.004349649272447714,0.49446072822516685,0.005510861933962691,0.4916305061589721,0.005984103524246109,0.49842385833431607,0.007240567059238978,0.4954347019455184,0.008506918108902112,0.49403420086104444,0.006503916636932144
0.82,0.48912188324441275,0.004363993091917623,0.49178482787456457,0.006008071188883107,0.4922974914221502,0.005345530489959366,0.4955616291248944,0.0035506191140994847,0.49935796361689155,0.004447561438854136,0.5028709944155885,0.0072974082445953214,0.4927805355500158,0.003557898422203415,0.4933202400712705,0.0042194559170705415,0.4941603341026277,0.005533049428244924,0.49199461196435657,0.005652473966886368,0.4983623277214242,0.0077026378726814115,0.4957261080512913,0.008742827422371702,0.4943216485312072,0.0069607486721219025
0.825,0.4888148731806061,0.004859739406542357,0.4920814750320983,0.005643109525694995,0.49219531493656565,0.005070013485171582,0.4957487853639053,0.004039095974329748,0.500125914766933,0.0041797495701096365,0.5035044759963498,0.00758949305975079,0.4930565377528017,0.003942688802878069,0.49318628848502133,0.0038567523613120824,0.4950546420433305,0.005117014637499168,0.49233084921583986,0.00533052895105246,0.49850223204403216,0.007989765884298283,0.4957864392435912,0.008177106533989759,0.49450077644803303,0.007816356826912257
0.83,0.4893543461270361,0.0047408396669899044,0.49243902994028055,0.005384750080754952,0.49255152903946053,0.00466613655528389,0.4956428372267499,0.0038712960499596716,0.500239073826247,0.004392835075955809,0.5036655290568449,0.0075931276632360545,0.4931107215044728,0.004041899444468033,0.49341381561145725,0.0032775246325027485,0.4955587807638817,0.004818061703299875,0.4919250460723078,0.005119205553488576,0.49900065779865505,0.007604888180293201,0.4956689948687353,0.00801513465233597,0.4949346906000591,0.007724398096282781
0.835,0.4895058913591379,0.00526263948507652,0.4931923177338646,0.005132017066021871,0.4930201698830742,0.004594334629838354,0.49587419044650244,0.004145739276609051,0.5007736767212788,0.004195643711589786,0.5029140405223042,0.007583077662362325,0.49333733868991547,0.00346503148000396,0.4940001309185685,0.0033419750140099014,0.4954584455507958,0.005124444331594591,0.4924821411510427,0.004692410771361372,0.49915763713464056,0.007911241741594438,0.4961692597605511,0.008425214913433898,0.49559249996603605,0.007400739469571066
0.84,0.48978931221756195,0.004914878069290113,0.4930842140512097,0.004941075375037546,0.4929106060326809,0.004409078286872037,0.495685349839429,0.004011765610249268,0.5007464805440534,0.0042620764690495805,0.5032869945945484,0.007084267524381488,0.4934614135307216,0.003088238382978087,0.49403090885884704,0.004056779712083791,0.495608905818136,0.004776784839729459,0.49270896458377444,0.004830395137625093,0.49948030909789454,0.007630963543696051,0.49660963631634203,0.00808992578337589,0.49611435870506937,0.007742143945679764
0.845,0.49020091311995095,0.005218816447187469,0.49307544234059975,0.0050931836109189554,0.49292766787773057,0.003440588492260893,0.49537623162276645,0.004406646643517281,0.5007758523673701,0.004348792223888065,0.5036290768952765,0.006486367412220084,0.4939454694735933,0.0033500424239057136,0.4945073753330835,0.00403594446076444,0.49574286949176055,0.0044187532638657046,0.49271713069381096,0.004920759629568422,0.4996621988316965,0.007752925818841128,0.4971940333585767,0.007478538217276481,0.49618960242475985,0.007815841166578102
0.85,0.49120706315426266,0.005674990704830962,0.49315577188835424,0.00464317741639475,0.49394778455881516,0.0038772165337029596,0.4957313686170999,0.0047019448788726825,0.5010148623848663,0.004418168479905393,0.5039265997707844,0.0065006160999045715,0.4948835173512206,0.0033438548883970853,0.4946648232638836,0.004403714441201273,0.495949665632318,0.004558546008432612,0.4926844535066801,0.0051238819518510115,0.49915043312837093,0.0072594752644791205,0.49729028672856446,0.007422805402208771,0.4962434677954982,0.007488887581755144
0.855,0.49117417062758006,0.00561536129629403,0.49363280296848533,0.004802081189308943,0.4942786444784605,0.003559106928214678,0.4956478901338159,0.005128396576956684,0.500765244209627,0.004551660029860294,0.503600095578453,0.006808950582094381,0.4953844482351465,0.0035117614077545545,0.494993575091599,0.004991004907945462,0.4962525134633856,0.004868920391414594,0.4929271122952651,0.004574540196455035,0.4991031510003826,0.005966913151113612,0.49755243673833494,0.007426427949590281,0.4959536364291146,0.007448784745576059
0.86,0.4920544437630925,0.005614343554128043,0.4932398259379836,0.004253741223798235,0.4944648000649935,0.00400496330545394,0.49561438410607883,0.005174486486371199,0.500521543977219,0.0048364535580540935,0.5037206611920928,0.007282682846105365,0.49575597727887855,0.003648559671155238,0.4953921452424554,0.005049550299381089,0.49609316318014335,0.005104256707221977,0.49341209566350597,0.004742315472211961,0.49896556507189604,0.005698996357793029,0.4979207249314979,0.0075758506305689255,0.4956278120449116,0.007251664259752544
0.865,0.4920393994691744,0.005709690036456716,0.49325143235784047,0.004195081231566533,0.49451436976649166,0.003818138615588912,0.49571555237032777,0.005719617052229842,0.500467092789322,0.0047504585343978445,0.5030342886127489,0.007123046226239632,0.4962209054414247,0.003621116065221003,0.49557432579684124,0.00499465876404262,0.4962665054064266,0.004831272268915471,0.4936796178276828,0.00497584522976352,0.4992826114586323,0.006006017714911133,0.4978859086515587,0.0070909849567220296,0.49599614528390024,0.0068674852823935595
0.87,0.49242376643179475,0.005815839844531018,0.4936158083721824,0.0038454109139141046,0.49511665538295935,0.004120331514498282,0.4963500325450267,0.005508436853515708,0.5003277620450518,0.004896562460852766,0.5031211971808439,0.007473903012344213,0.4967194906510841,0.003124232821423406,0.49556123221228865,0.004742101305860197,0.49581722140140916,0.004971451843264446,0.49412118168226604,0.004671104552074423,0.49966437468069724,0.006425041362814521,0.49797944403414063,0.007319304406985444,0.49624473751447673,0.007042235983856809
0.875,0.49272741373096196,0.006002149879932389,0.4941289571779115,0.00474114005054746,0.495354474399771,0.004371651964528239,0.4968056608523641,0.005644298493862138,0.49983410754374097,0.004464940471308576,0.5031014017973627,0.007036367186478182,0.49693035649401807,0.003363451148782476,0.49580077396971833,0.004994131965296605,0.4959706660253661,0.005221232048102764,0.49404473964657103,0.004493566112858893,0.499214012835707,0.006649911871978193,0.4987177000301225,0.007181380518845121,0.49640571445226667,0.006194019785949134
0.88,0.4928136936558241,0.005815075583417317,0.49425006365742197,0.005108478436754493,0.49560019987719983,0.0040363423441621415,0.4970523562197658,0.005035164385017998,0.4995823933912271,0.0038900634866546324,0.5033474664034492,0.006859517105939739,0.4972863954661245,0.003504778978160844,0.4960085724649782,0.004782601979307161,0.4960579772649164,0.0050727651793171236,0.49414337413724174,0.0044601760719987504,0.4993140680969439,0.006036945661021891,0.49921176417476754,0.007631150285967392,0.4961278900419447,0.0065838884646919615
0.885,0.49323885155431296,0.005866844901594059,0.4944965859170014,0.004722781647733376,0.495872391608812,0.00387244360089975,0.4971919386821278,0.0048297117911489384,0.4992669264728067,0.0038328342939500937,0.5036090252510572,0.006943416081916121,0.4976052181784716,0.0032616616726595105,0.49649809035709347,0.004368789494037628,0.4959329282917545,0.005192206362209739,0.4940332157884614,0.004280560728857075,0.4999360637897152,0.006356547907584137,0.49907008137574976,0.007545632620652498,0.4962879881936278,0.006488644849445835
0.89,0.4934936440811398,0.005908756569195317,0.494932968420594,0.005165569944663023,0.4958049217552951,0.004193631660067643,0.4970895861055744,0.004830590585309463,0.498909724855356,0.003809270940804743,0.5033953789663449,0.0074262186633737015,0.4977228076856458,0.003049085858497752,0.496845299817538,0.0043733939947037115,0.4958678685296118,0.00477674063504413,0.49401811681938973,0.004120515178093753,0.500203432285049,0.0063964098775654565,0.4994287890580933,0.007007761659581974,0.4959569263240594,0.006203425441230287
0.895,0.4935224010041972,0.0063215488744847725,0.4954662419147997,0.005398072885068411,0.4953752407731291,0.0037019204910241077,0.497741502048916,0.004512940580285479,0.4995107542952346,0.003989084930726278,0.5034560176164078,0.007340856479199881,0.4977740724909239,0.003323574347535996,0.4972928802810568,0.003935433757704693,0.4961188735658896,0.005257393020158346,0.4944760685776199,0.004585187570009808,0.500159180322506,0.006194395767576882,0.499324975441621,0.006095457468285909,0.49632578651165826,0.006588823177627989
0.9,0.49409889094531534,0.006171066438158346,0.49565581940114495,0.005150518690546335,0.4950477001981603,0.004035355523228645,0.4973891598896848,0.0042894878735144915,0.4993449923478894,0.003927171188924022,0.5028779006252686,0.0068558327439758315,0.4981991904063357,0.0033589258376094944,0.497061766559879,0.00448795536326041,0.4961517767359813,0.005233181226584671,0.4942955269995663,0.004411631036135899,0.5002811600350672,0.006325557538204685,0.4995489122553004,0.00536060660249657,0.4966176357948118,0.006140363009439542
0.905,0.49480698990393734,0.006071182451524798,0.4963463023304939,0.005273378973837062,0.4953597174411979,0.0038887773182510743,0.4975080446890705,0.004646579410819057,0.4996368368439253,0.0040402695207306105,0.5028212582949776,0.007199878644877394,0.49780926063080516,0.003756494276760669,0.49749173088133003,0.003960806485368423,0.4961564158454784,0.005039332691806453,0.49503830145241806,0.004241831682992914,0.5003743292300741,0.006263214539098505,0.49957299985773657,0.005102312902389994,0.497119256022556,0.006411214683266636
0.91,0.4950488808636482,0.006547605311805066,0.49682228271286566,0.004789258384115119,0.4958682701728501,0.0034394159831188653,0.49776990879531746,0.00472172157286288,0.49967625438348273,0.0035470197243349932,0.5019059119398122,0.007071995432232747,0.4979079630594332,0.003998033661436251,0.49767629896382715,0.003956348072369026,0.4962144278317363,0.0047913903964089954,0.49588265855397495,0.004124568836702092,0.50106779097037,0.0064282655142821055,0.499868568687976,0.004859028240809055,0.49693283770274327,0.006021154409908969
0.915,0.495238771163375,0.006122506096389119,0.4970361428752623,0.004669348276703733,0.49627183560953764,0.0035113741547032062,0.4979832135344464,0.004924355756715376,0.5000607291938829,0.0040848977823075006,0.5014839886071903,0.006805624751771072,0.4978035632622698,0.0042821097650814766,0.4976527592767783,0.004161057780023486,0.49618881505206636,0.005414549892391651,0.4958256689495728,0.0038463317387091023,0.501018114306562,0.005964061560852302,0.5000957430956142,0.004673697298667484,0.4967221282626111,0.005862298843964858
0.92,0.49534462938976026,0.0059359942198447535,0.4972097981802147,0.004399246374226146,0.4964658101696683,0.003021651433537831,0.4975217871124978,0.004602692170959488,0.4995963394074985,0.00406801566967499,0.5014178705523196,0.006892920228774108,0.49757086497772,0.004689519050652569,0.4974297751146166,0.004322165258876631,0.496449488863025,0.005614338807113789,0.49598080871383776,0.0035556085488718525,0.5013230763294775,0.006090329595558025,0.5001977249251112,0.004933582740309417,0.4969928573574061,0.005850133729045803
0.925,0.4956980309373624,0.005605167271317685,0.4976666842360754,0.004176401568425664,0.4966104204187522,0.002956519940414959,0.49769598636272794,0.004602049774414807,0.4998480984085315,0.004676918846529876,0.5018625092264768,0.006200754118932256,0.4979772069566959,0.004219220981404592,0.4981610104441643,0.004177983588463552,0.4963054581671148,0.0052706555337519445,0.4962775685899966,0.004103039768902,0.5011963884169991,0.005999312892153469,0.5003967165544226,0.0049874977888287875,0.497050567857317,0.005320794074921975
0.93,0.4962072665252353,0.00569445363456203,0.49813719482351376,0.004665117550601228,0.49664839369154745,0.0030211560748597543,0.4984010059426549,0.004457491339855318,0.5000022267221764,0.004944940368014017,0.501843569139319,0.006622821212776214,0.49837812617100696,0.004399809505670316,0.49828227581356166,0.0038691613703004946,0.49636288728284583,0.005340994485924316,0.49675554754112355,0.004592150169354603,0.5008970975315058,0.006361016142432424,0.5000446196445214,0.004681723132248822,0.49755180655147435,0.005379622301427273
0.935,0.4965140909195584,0.005532687002006098,0.49808729519659184,0.004407868705650075,0.4966859770092097,0.0036891435477185153,0.4990753617914603,0.004731802498911808,0.4996572132496273,0.005087766059260979,0.5021900182818984,0.007004495889426587,0.4984130097184589,0.003595092119698884,0.49837620106132274,0.004212833462870713,0.49719271466215664,0.005293614046777639,0.49724271833737266,0.004753387348855886,0.5012328422722969,0.00590932094317706,0.5000470065895248,0.0047192287875369165,0.4978657836184145,0.005168948621354641
0.94,0.49675074358411286,0.0053102634450856445,0.4980981491426838,0.004445237642590055,0.49693221975355706,0.003887618990971675,0.49877083337211864,0.004567099180310341,0.4999744248120709,0.004880107661828115,0.5022017743755528,0.00680938945647247,0.4985177418256694,0.003306558514212077,0.4979830379895074,0.003841262350374103,0.4980889626560693,0.005342966579693437,0.49779161101484554,0.004508141626385964,0.5011746585765418,0.005460560916269092,0.5001884446419934,0.004687230835886735,0.49835813287249275,0.005247461787880742
0.945,0.4969180114764385,0.00552938898246752,0.4980713151513584,0.003585965663352342,0.4972117765161095,0.0037214448921894794,0.4993001579371079,0.00488194882396667,0.5002337640161236,0.0052914391197855515,0.50266211432597,0.006997727409557064,0.49866911425950033,0.003709257555701728,0.49786150948238117,0.003674374489241794,0.4981457327329923,0.005134306138470046,0.4976765455471145,0.004611770114886032,0.5014802750850481,0.005250140906326389,0.4998636822457667,0.004643992811599135,0.49779093774065136,0.005048590322966284
0.95,0.4974497334345391,0.005221136894665246,0.4983112268149853,0.003390075305574808,0.49798475719596214,0.0036655131531389273,0.49951978627788396,0.004701157110302084,0.5002781137431923,0.00533548056295044,0.5022556577466036,0.006897847472052826,0.4986503977916743,0.0034381594704954443,0.49826607041453064,0.0038224868476391116,0.4983745013020541,0.005610234839351552,0.49827685148308154,0.004453780972643928,0.5014077162664188,0.005612296375789111,0.49988408296516074,0.005041878748881207,0.4982751262423239,0.00500381749711537
0.955,0.49788135840162556,0.005433667197589476,0.49822077580303425,0.0039236006858461014,0.49813938402224583,0.0034521336408809833,0.49998248984832416,0.004991335823585824,0.5008352372736831,0.005506168290270563,0.5021249585984889,0.00612475005275917,0.49913645309459476,0.0038849349031273572,0.49857901742789135,0.004273586443269473,0.49889306103839925,0.005222789163052743,0.49837849179955673,0.004163123901289784,0.5015602097383345,0.006112113243934375,0.5001264267957023,0.0056265553176715055,0.49887686058956915,0.004758491917118329
0.96,0.4979103558774417,0.005716136307455627,0.49844686745200306,0.0037834877536321587,0.4986250147145862,0.003729158896021517,0.5001993089681491,0.00546305157088986,0.5011714675541347,0.0055743168340996185,0.5022290761504944,0.006248076950820802,0.4993561052639658,0.00347573608936122,0.4987243270734325,0.005052269630444556,0.4995455220729733,0.005103807081468376,0.4990123918202395,0.004364355350844534,0.5014250615689283,0.0055980311008170525,0.4998665764384593,0.005397258598047017,0.49895332020241767,0.004723312061590462
0.965,0.49811107441396907,0.0053969180414095985,0.49915116380687824,0.0037495589240845173,0.499073494708291,0.0042024667476125155,0.5002384758288996,0.005121559560916589,0.5009347082651341,0.005170010416310045,0.501965789404249,0.005967426832784645,0.5001102415313993,0.003473877636571032,0.4987344806290044,0.004849638538965945,0.4996955158874161,0.005045004111806334,0.49932287776254003,0.0041639761989598345,0.5014833203019873,0.005933667673039322,0.49990517329521134,0.005447033194371481,0.49974805483391865,0.004753500879428552
0.97,0.4986384377728418,0.005032028081183609,0.49924814866222056,0.004070519517684751,0.49940701270687216,0.00391165547303321,0.500854825428159,0.004656894113292398,0.5011515260587648,0.005189348933930277,0.5018361508462232,0.005981818801656241,0.5001589815257136,0.003556289201237489,0.49918124843964873,0.004534022287302403,0.5001798200315422,0.004794822026466555,0.4994586480723828,0.0044431300430568255,0.5013168544422105,0.005510760221591915,0.5003684804073929,0.00540112969033496,0.5000349901155713,0.004876259330314464
0.975,0.49901599543981057,0.004873214050745339,0.4994925715602361,0.004112061055806943,0.49992206352643476,0.004024224441785074,0.500570828677752,0.00474572009765184,0.5008846519467158,0.005294088560801297,0.5019217864443094,0.005307776003311865,0.5003866863174316,0.004012980560461676,0.4997762613189526,0.004623405558940669,0.49973498877042377,0.004490137214844037,0.4991646518691992,0.004776404645198462,0.5009987065043204,0.005664277573426552,0.5003681455285122,0.004647871737296777,0.5003021924541546,0.0044153482868120875
0.98,0.4992401278672778,0.004993284729366415,0.5001775377182935,0.004050053542061727,0.5004230289510927,0.0038045623092626824,0.5001992861911351,0.0049198742347712765,0.5010266882196373,0.00467897658901556,0.5022217973078392,0.004998721068306816,0.5000894552058711,0.0043467494221974545,0.49998228278543266,0.004453921842635905,0.49983709294120876,0.004425461308992629,0.49889737941628814,0.004303258482594885,0.5006827810513121,0.005974049660928377,0.4999576849976973,0.004865077343218199,0.5005530837771235,0.004811874039623187
0.985,0.49972588160467635,0.004874705625367071,0.5006444948503209,0.004121823699643784,0.5007882117090492,0.003432847181249976,0.5003472670610181,0.004870919747098468,0.5011741383199765,0.004864761785504795,0.5019583172226315,0.004778019554421364,0.5004040760361603,0.004264230088231513,0.5000438606602892,0.004482765072190836,0.500287734955398,0.004379487241887803,0.49934705089645337,0.004397527253264699,0.5011295163767592,0.0056068204002936994,0.5004139584560079,0.0045093348259248045,0.5006854912729433,0.0047808676428601204
0.99,0.49999544509884086,0.0041556017793188404,0.5009963364537918,0.0038702903748160378,0.5009415722028776,0.003815526123901819,0.5004893547733023,0.004849081200481664,0.501354219297869,0.004681741536566669,0.5017641399319124,0.004225139628456082,0.5004632126427058,0.004293885684073573,0.500516621565277,0.004240476761502465,0.5002605372832881,0.004496561043491276,0.500000670589883,0.004263095595318844,0.5010602004224002,0.004929079137968279,0.5005992637062916,0.004326724682492428,0.5010371258237747,0.00452600581326873
0.995,0.5007609810736311,0.004187733197032473,0.5008673376998111,0.003989611176689639,0.5008673376998111,0.003989611176689639,0.5008342325612528,0.004589181936266423,0.501124628412364,0.00499387882911978,0.5013153527924163,0.004247245140111627,0.5012147233788692,0.00433699685574776,0.5012147233788692,0.00433699685574776,0.5004938492298725,0.004363099646628177,0.500558458118882,0.0044277085356376755,0.5014730997046634,0.004598960842019939,0.5012183683975857,0.00434422953494229,0.5012610964664264,0.004386957603782882
1.0,0.5011885743960738,0.004458524025976657,0.5011885743960738,0.004458524025976657,0.5011885743960738,0.004458524025976657,0.5011885743960738,0.004458524025976657,0.5011885743960738,0.004458524025976657,0.5011885743960738,0.004458524025976657,0.5011885743960738,0.004458524025976657,0.5011885743960738,0.004458524025976657,0.5011885743960738,0.004458524025976657,0.5011885743960738,0.004458524025976657,0.5011885743960738,0.004458524025976657,0.5011885743960738,0.004458524025976657,0.5011885743960738,0.004458524025976657
0.0,0.03771224617958069,2.2351741790771484e-06,0.05488237738609314,0.002801865339279175,0.046485334634780884,0.005595177412033081,0.052173614501953125,0.01445913314819336,0.051055698593457544,0.011405973633130392,0.05906388064225515,0.0033977915843327842,0.046485334634780884,0.005595177412033081,0.046485334634780884,0.005595177412033081,0.046485334634780884,0.005595177412033081,0.041377872228622437,0.0004877150058746338,0.038782596588134766,0.001068115234375,0.04489526152610779,0.007185250520706177,0.05488237738609314,0.002801865339279175
0.03333333333333333,0.03771224617958069,2.2351741790771484e-06,0.05488237738609314,0.002801865339279175,0.046485334634780884,0.005595177412033081,0.052173614501953125,0.01445913314819336,0.051055698593457544,0.011405973633130392,0.05906388064225515,0.0033977915843327842,0.046485334634780884,0.005595177412033081,0.046485334634780884,0.005595177412033081,0.046485334634780884,0.005595177412033081,0.041377872228622437,0.0004877150058746338,0.038782596588134766,0.001068115234375,0.04489526152610779,0.007185250520706177,0.05488237738609314,0.002801865339279175
0.06666666666666667,0.03873123228549957,4.912912845611572e-05,0.05062970519065857,0.0013425052165985107,0.04813012480735779,0.0011570751667022705,0.04598070681095123,0.006190672516822815,0.05782721837361654,0.004634453852971395,0.060655384262402856,0.0018062879641850792,0.04813012480735779,0.0011570751667022705,0.04813012480735779,0.0011570751667022705,0.04313656687736511,0.0038364827632904053,0.04509629309177399,0.0018767565488815308,0.04183892905712128,0.0030585676431655884,0.046297311782836914,0.0013998150825500488,0.046297311782836914,0.0013998150825500488
0.1,0.04093494017918904,0.00010160605112711704,0.04918410380681355,0.0005807677904764823,0.05046353737513225,0.006576677163441975,0.0462019145488739,0.003761976957321167,0.05524750451246897,0.007214167714118959,0.06311345994472503,0.0006517877181371028,0.05046353737513225,0.006576677163441975,0.04682586590449016,0.002939005692799885,0.044657498598098755,0.0007706383864084856,0.04716154932975769,0.001441786686579384,0.04660673936208089,0.005570193131764729,0.044657498598098755,0.0007706383864084856,0.04543395837148031,0.001547098159790039
0.13333333333333333,0.041045673191547394,4.572421312332153e-05,0.05067066848278046,0.0047895461320877075,0.050024256110191345,0.004143133759498596,0.04854690283536911,0.00543300062417984,0.055210805435975396,0.007250866790612539,0.0616257925828298,0.0008358796437581383,0.050024256110191345,0.004143133759498596,0.05067066848278046,0.0047895461320877075,0.04566972702741623,0.00021139532327651978,0.04729600250720978,0.0014148801565170288,0.04529952257871628,0.004299573600292206,0.04767415672540665,0.003640376031398773,0.044828712940216064,0.000629618763923645
0.16666666666666666,0.045278543233871454,0.00094173550605774,0.05245118141174317,0.001026773452758787,0.05245118141174317,0.001026773452758787,0.05010844469070434,0.0022701621055603027,0.0556228627761205,0.0068388094504674285,0.0593182494242986,0.0031434228022893286,0.05245118141174317,0.001026773452758787,0.05245118141174317,0.001026773452758787,0.048967558145523074,0.002456849813461306,0.04960500597953796,0.0038729488849639886,0.0456109344959259,0.00361629128456116,0.04936779737472534,0.005030989646911621,0.05047734975814819,0.00039856433868408134
0.2,0.04845419029394785,0.0004013925790786743,0.05302336315313975,0.0026470571756362915,0.05241313576698303,0.001563171545664467,0.052092716097831726,0.0018887966871261597,0.055318841338157655,0.007142830888430277,0.06019833087921143,0.0022633413473765046,0.05241313576698303,0.001563171545664467,0.05241313576698303,0.001563171545664467,0.05061313509941101,0.0002368291219075544,0.05061313509941101,0.0002368291219075544,0.04612027605374654,0.0015106995900471994,0.048949261506398514,0.004339685042699177,0.053064584732055664,0.00020962953567504883
0.23333333333333334,0.050434074231556485,0.0011177871908460354,0.05290901235171727,0.00019563521657671099,0.05290901235171727,0.00019563521657671099,0.05236066239220756,0.0018886583192007887,0.05635712728613899,0.006104544940448944,0.059470099068823314,0.002991573157764618,0.05290901235171727,0.00019563521657671099,0.05290901235171727,0.00019563521657671099,0.05290901235171727,0.00019563521657671099,0.05290901235171727,0.00019563521657671099,0.048459180763789585,0.0007034369877406549,0.04921692184039524,0.0021235644817352295,0.05457494940076556,5.475963865007524e-05
0.26666666666666666,0.05260441452264786,0.00025296956300735474,0.05445438250899315,0.0001703985035419464,0.0535937063395977,0.00017544254660606384,0.050849322229623795,0.0017301030457019806,0.05686337028940519,0.005598301937182745,0.05876117845376333,0.0037004937728246055,0.0535937063395977,0.00017544254660606384,0.0535937063395977,0.00017544254660606384,0.052433084696531296,0.0009851790964603424,0.051264163106679916,0.000183742493391037,0.05087638273835182,0.0013406015932559967,0.05184156075119972,0.002758365124464035,0.05348524451255798,0.000798739492893219
0.3,0.05244719982147217,0.0005042486720614955,0.05489129159185621,0.0001552535427941197,0.05347934696409437,0.0012566910849677211,0.05141486393080817,0.0007853342427147775,0.05710787143972185,0.0053538007868660815,0.060354874200291106,0.0021067980262968293,0.05347934696409437,0.0012566910849677211,0.05347934696409437,0.0012566910849677211,0.05347934696409437,0.0012566910849677211,0.05205554101202223,0.00016711486710442244,0.05139921440018548,3.097123569912458e-05,0.052290750874413386,0.001257605022854276,0.05553537938329908,0.0012992918491363525
0.3333333333333333,0.05338742434978485,0.00011094510555267195,0.05337718427181244,0.00014977753162384241,0.055582058429718015,0.0020550966262817376,0.05323387980461121,0.0018320560455322259,0.05762177308400472,0.004839899142583211,0.06098320682843526,0.0014784653981526688,0.055582058429718015,0.0020550966262817376,0.055582058429718015,0.0020550966262817376,0.054617443680763246,0.00301971137523651,0.05337718427181244,0.00014977753162384241,0.05218770205974579,0.00037066638469696045,0.05360661149024963,0.0004221558570861837,0.056773674488067624,0.0021191298961639425
0.36666666666666664,0.05418767712332986,0.00044974413785067724,0.056006748567927964,4.814429716632623e-06,0.056006748567927964,4.814429716632623e-06,0.052912400527433914,0.0017584697766737517,0.05856794019540151,0.003893732031186422,0.06018142709226319,0.002280245134324739,0.056006748567927964,4.814429716632623e-06,0.055743848735635926,0.0002580854025754052,0.0544211051680825,0.0015808289701288378,0.0541253306648948,0.0012850544669411393,0.053795462304895576,0.0003758452155373307,0.05455419421195984,0.0002021491527557373,0.056570280681956894,0.002273402430794453
0.4,0.054693455497423805,0.0003824681043624878,0.05654956648747127,0.0002966945370038339,0.057685934007167816,8.585304021835327e-05,0.05496678501367569,0.0016243482629458086,0.05803424765666326,0.004427424569924673,0.05979700287183126,0.0026646693547566734,0.057685934007167816,8.585304021835327e-05,0.057685934007167816,8.585304021835327e-05,0.0550032431880633,0.0003101751208305359,0.0551723912358284,0.00025930255651474,0.05464418977499008,0.0007604733109474182,0.0562802900870641,1.8586715062458153e-05,0.05726111680269241,0.00365786006053289
0.43333333333333335,0.05510092469362112,0.0011856762262491063,0.05745344437085665,0.0008488985208364649,0.0580578285914201,0.00019054917188791182,0.05581619418584384,0.0009156717703892626,0.05784456217900301,0.004617110047584926,0.0605771439961898,0.001884528230398131,0.0580578285914201,0.00019054917188791182,0.05770114064216614,0.0009954182001260595,0.05584106537011954,0.0005862300212566667,0.055651958172137916,0.000811952811021071,0.05537203412789565,5.273864819453286e-05,0.055983055096406206,0.00023283178989703598,0.0582312666452848,0.002773335346808802
0.4666666666666667,0.055201053619384766,0.0004750575338091159,0.05879569053649902,0.0008719137736729193,0.05945119900362832,0.0001875822033200955,0.0571258898292269,0.0009453573397227716,0.05870843898682367,0.0037532332397642587,0.06193147287482307,0.0005301993517648623,0.05917897820472717,0.0004598030022212457,0.05806012238774981,0.00014619316373552446,0.056969135999679565,0.0009447932243347168,0.05666265317371913,0.00024215238434928052,0.055937688265528,0.0010578866515840828,0.05631043229784284,0.0003694636481148851,0.057846092752047946,0.001633160880633762
0.5,0.0553501824537913,7.17818737030057e-05,0.06019560098648072,0.0006435076395670571,0.05978343288103739,0.0010556757450103753,0.05650139053662618,0.00035515427589416504,0.059451271096865335,0.0030104011297225966,0.062459436058998105,2.2361675898231737e-06,0.05952936013539632,0.0008016029993693011,0.05835748513539632,0.00037027200063069823,0.05844697952270508,0.0007670879364013658,0.05816444953282674,0.00047310193379720283,0.05666940212249756,0.0012474497159322105,0.058014855782190955,0.000412780046463012,0.0581780195236206,0.0019888718922932945
0.5333333333333333,0.05627910979092121,0.0004015173763036728,0.06104299612343311,0.00035578198730945587,0.05990627408027649,0.0014925040304660797,0.05775640532374382,0.0006933882832527161,0.06070667592187723,0.0017549963047107063,0.061746702467401826,0.0007149697591861091,0.060801416635513306,0.0005973614752292633,0.059238018468022346,0.0003059934824705124,0.058997055515646935,0.00020445697009563446,0.05843670666217804,0.00022432208061218262,0.05700750835239887,0.0003317277878522873,0.059153614565730095,0.0016606580466032028,0.058560559526085854,0.0008296351879835129
0.5666666666666667,0.05744839591138503,0.0003141813418444453,0.060208501184687895,0.00038680434226989746,0.060208501184687895,0.00038680434226989746,0.05876445244340336,0.000514544108334708,0.0611145872111414,0.0013470850154465308,0.06238976898146611,7.190324512182378e-05,0.060921972288804895,0.0003266667618471025,0.0603233698536368,0.00027193567332099364,0.05995413135079776,4.850766238044188e-05,0.059474028208676505,0.00015812936951132422,0.05751416437766131,0.0007357439574073345,0.06023875930730034,0.001541742507149193,0.05860635462929221,0.0005647750461802784
0.6,0.05884694390826755,0.00028151936001247907,0.0610519912507799,0.00022250082757737863,0.0610519912507799,0.00022250082757737863,0.05854276484913296,0.0006476342678070068,0.061119035548634,0.0013426366779539338,0.06210539804564582,0.00035627418094211216,0.0610519912507799,0.00022250082757737863,0.0610916233725018,0.000182868705855474,0.060512070854504905,0.00039668381214141846,0.060566403799586825,0.0002449436320198922,0.05886764327685039,0.0007514920499589704,0.06023977365758684,0.001985912521680195,0.05945862498548296,0.0004708121220270804
0.6333333333333333,0.05913596874789188,0.000179731532147058,0.06129002571105957,0.0003107127390409789,0.06129002571105957,0.0003107127390409789,0.05966224795893619,0.0002707086111369897,0.06138956604296701,0.0010721061836209203,0.06219826931493325,0.0002634029116546886,0.06129002571105957,0.0003107127390409789,0.061508238315582275,0.000528925343563684,0.060262021265531845,0.0003808078012968348,0.06065550603364643,0.00021823142704210582,0.05977309220715573,0.00038155285935653066,0.06077350754486888,0.0016128389458907287,0.05980454934270758,0.0013336539268493652
0.6666666666666666,0.05945790261030197,0.0003246828913688639,0.0613922968506813,7.878690958023141e-05,0.0613922968506813,7.878690958023141e-05,0.06084042638540268,0.00040128976106643816,0.061975309749444325,0.0004863624771436065,0.06221769799788793,0.00024397422870000088,0.0613922968506813,7.878690958023141e-05,0.06154579371213913,7.47099518775933e-05,0.06089662164449692,0.00013533085584640364,0.06113958060741424,0.00017392933368682792,0.060490912199020384,0.0007508039474487319,0.06188722550868988,0.0015671640634536757,0.06051478534936905,0.0010693356394767747
0.7,0.05914802778334845,2.302158446539082e-05,0.0617655771119254,9.80184191749188e-05,0.06159886717796326,6.869151478722246e-05,0.06122634950138274,0.0008115697474706772,0.062485001342637195,2.3329116049266435e-05,0.06213147767952511,0.000330194547062828,0.0614380935827891,9.20820803869335e-05,0.061421905245099745,7.589374269758101e-05,0.06085347561609178,0.000644323371705554,0.06146228455361866,6.789110955737754e-05,0.06146061136609032,0.0005773078827630909,0.061886614277249286,0.0008639948708670485,0.06127987305323283,0.0007438006855192657
0.7333333333333333,0.059889347715811295,0.000223502516746521,0.06177687238563191,9.438260035081122e-05,0.06179232488978993,0.00010983510450883124,0.061147474429824135,0.0005116286602887266,0.06224308266784206,0.00021858955874587416,0.0623113083116936,0.00015036391489433448,0.06179232488978993,0.00010983510450883124,0.06148736585270275,6.562471389770508e-05,0.060733226212588226,0.0008197643540122299,0.06166973980990323,0.0002479986710981867,0.06159140576015819,0.0007515414194627264,0.06173562326214531,0.0005201358686793937,0.061316201632673095,0.00010071423920718012
0.7666666666666667,0.060295514438463295,0.00019280029379803443,0.06152306043583414,0.0003847492777782936,0.061778304369553276,3.8007031316344975e-05,0.06163818421571151,0.0006041656369748308,0.062434174746706865,2.7497479881066766e-05,0.062477240398310235,1.55681717223001e-05,0.061778304369553276,3.8007031316344975e-05,0.06118561133094456,0.00029671192169189453,0.06118561133094456,0.00029671192169189453,0.061360055985658066,0.0004711565764054029,0.06162507767262666,0.0005922408207603112,0.06268646146940149,5.857322527014902e-05,0.062285143396128784,0.0006620728451272734
0.8,0.060704472164313,0.0005119120081265756,0.06152084345618884,0.00030445928374926365,0.06173515816529592,9.01445746421814e-05,0.06224692116181056,0.0002665196855862924,0.06258640711506208,0.0001247348884741463,0.06269240404168765,0.00023073181509971827,0.061967166761557266,0.00014186402161915981,0.06155920525391897,0.0002660974860191345,0.061566345393657684,0.0002732376257578509,0.06134888033072154,0.00013249615828196323,0.06242985650897026,8.552148938179016e-05,0.0627552792429924,0.00023990124464035034,0.0630046601096789,6.724397341410088e-05
0.8333333333333334,0.060756794214248656,0.0008345305919647203,0.06187293887138366,0.0002816140651702888,0.06260982632637024,0.000607017278671261,0.06212637782096862,0.00026466488838195953,0.06272806068261465,0.00026638845602671227,0.06267912169297536,0.00021744946638743365,0.06207868099212646,7.587194442748926e-05,0.06187293887138366,0.0002816140651702888,0.06241093873977661,0.0008196139335632305,0.06170099973678589,0.00010967493057251199,0.06282841444015502,2.5098323822018986e-05,0.0630579972267151,0.0002409720420837383,0.0630579972267151,0.0002409720420837383
0.8666666666666667,0.06069819973065303,0.00081090055979215,0.06320492006265199,0.0002749894674007672,0.0634027490249047,7.716050514807588e-05,0.06258616539148185,8.455835855924326e-05,0.06277197958567203,0.000310307359084102,0.06262202690809202,0.0001603546815040803,0.06249450491024897,0.0009854046198037938,0.06249450491024897,0.0009854046198037938,0.06280032717264616,0.0001296034226050749,0.06155946048406455,0.00025973067833827065,0.06279194698883936,0.0002903399559167699,0.06311667653230521,3.438958754906768e-05,0.06280032717264616,0.0001296034226050749
0.9,0.061148895157708064,0.0003778956554554118,0.06295452736042165,0.00015335392068933223,0.06312570858884742,0.000324535149115103,0.06273610062069362,6.507281903867651e-05,0.06269662589938552,0.00023495367279758803,0.06244892996770364,1.2742258884288621e-05,0.06312570858884742,0.000324535149115103,0.06312570858884742,0.000324535149115103,0.06286637650595771,6.520306622539995e-05,0.06216961586916888,0.0009382654119420922,0.06286637650595771,6.520306622539995e-05,0.06286637650595771,6.520306622539995e-05,0.06286637650595771,6.520306622539995e-05
0.9333333333333333,0.061311896358217516,5.356754575456743e-05,0.06253980951649801,5.261174270084629e-05,0.06293652313096182,0.00015603857381003144,0.06285152052130018,7.10359641483832e-05,0.06269211435601825,0.00023044212943031453,0.062387804970854804,7.386725573312741e-05,0.06293652313096182,0.00015603857381003144,0.06285152052130018,7.10359641483832e-05,0.06285152052130018,7.10359641483832e-05,0.06253980951649801,5.261174270084629e-05,0.06253980951649801,5.261174270084629e-05,0.0626973786524364,0.0002101808786392212,0.06285152052130018,7.10359641483832e-05
0.9666666666666667,0.06135115541260818,5.960053411023514e-05,0.06253672673784454,5.8677689782505454e-05,0.06277093394049282,0.0002928848924307996,0.06282639503479004,7.328082775247269e-05,0.06268067404456522,0.00021900181797729,0.06252129841809985,5.962619151192103e-05,0.06277093394049282,0.0002928848924307996,0.06253672673784454,5.8677689782505454e-05,0.06282639503479004,7.328082775247269e-05,0.06253672673784454,5.8677689782505454e-05,0.06252543268532589,5.549192428588867e-05,0.06252543268532589,5.549192428588867e-05,0.06282639503479004,7.328082775247269e-05
1.0,0.06252293189366659,6.125966707865374e-05,0.06252293189366659,6.125966707865374e-05,0.06252293189366659,6.125966707865374e-05,0.06252293189366659,6.125966707865374e-05,0.06252293189366659,6.125966707865374e-05,0.06252293189366659,6.125966707865374e-05,0.06252293189366659,6.125966707865374e-05,0.06252293189366659,6.125966707865374e-05,0.06252293189366659,6.125966707865374e-05,0.06252293189366659,6.125966707865374e-05,0.06252293189366659,6.125966707865374e-05,0.06252293189366659,6.125966707865374e-05,0.06252293189366659,6.125966707865374e-05
