Coverage,Equally-w. class avg. (Mean Risk),Equally-w. class avg. (Std Dev),Imbalance-w. class avg. (Mean Risk),Imbalance-w. class avg. (Std Dev),Mean (Mean Risk),Mean (Std Dev),Threshold 0.3 (Mean Risk),Threshold 0.3 (Std Dev),Threshold 0.5 (Mean Risk),Threshold 0.5 (Std Dev),Threshold 0.7 (Mean Risk),Threshold 0.7 (Std Dev),Quantile 0.6 (Mean Risk),Quantile 0.6 (Std Dev),Quantile 0.75 (Mean Risk),Quantile 0.75 (Std Dev),Quantile 0.9 (Mean Risk),Quantile 0.9 (Std Dev),Quantile fg. ratio (Mean Risk),Quantile fg. ratio (Std Dev),Patch 10 (Mean Risk),Patch 10 (Std Dev),Patch 20 (Mean Risk),Patch 20 (Std Dev),Patch 50 (Mean Risk),Patch 50 (Std Dev)
0.0,0.9881456936469624,0.0016962477813010394,0.9862730405352719,0.003707644247802298,0.9899421331432898,0.0012262994254661822,0.9881583690219097,0.0028662798075574196,0.9888387671282085,0.002430015875793705,0.9829311934793049,0.00604422757203047,0.9899421331432867,0.0012262994254632331,0.9899421331432858,0.0012262994254653792,0.9899324596861103,0.001217158531824911,0.9915509662565057,0.0007713140994353036,0.991550966256502,0.0007713140994370205,0.9915509662565015,0.0007713140994336767,0.991550966256503,0.0007713140994377389
0.02,0.9881456936469624,0.0016962477813010394,0.9862730405352719,0.003707644247802298,0.9899421331432898,0.0012262994254661822,0.9881583690219097,0.0028662798075574196,0.9888387671282085,0.002430015875793705,0.9829311934793049,0.00604422757203047,0.9899421331432867,0.0012262994254632331,0.9899421331432858,0.0012262994254653792,0.9899324596861103,0.001217158531824911,0.9915509662565057,0.0007713140994353036,0.991550966256502,0.0007713140994370205,0.9915509662565015,0.0007713140994336767,0.991550966256503,0.0007713140994377389
0.04,0.9874042995321479,0.001512813794397897,0.9879185453131532,0.0018256662635010735,0.9907465496998956,0.00033351271069600595,0.987489136149535,0.002469832166439682,0.9883191991286167,0.002601340560874865,0.9863402266312045,0.0022107956570815075,0.9907465496998942,0.0003335127106944851,0.9907465496998936,0.0003335127106937339,0.9907465496998955,0.0003335127106952206,0.9884344328075704,0.0018697660633560807,0.9893441236736817,0.005010611179632837,0.9864084316779862,0.002822560922153921,0.9825133780834108,0.005173509326209927
0.06,0.9887447196956783,0.0009049171999417573,0.9877656969315617,0.0008905937857148244,0.9887919399614703,0.0008126347545197342,0.987301709737693,0.002552000188930284,0.98706717200572,0.001957075710848971,0.9860687195748975,0.002825754020017723,0.9894483167875108,0.0006961834106390504,0.9894483167875104,0.0006961834106386014,0.9894483167875117,0.0006961834106398782,0.9839595357098562,0.0037682775848363837,0.9880712260605294,0.0039037326785193722,0.9826697792728956,0.0056880784826581375,0.9842033334634221,0.0035359802481299604
0.08,0.9885218498767464,0.0005951657466236974,0.9887129572762879,0.0006389963599974686,0.9889302986416214,0.0005980788435830897,0.9874662758622186,0.0017904872353980248,0.9873946364218676,0.0026712673706626327,0.9838730807033016,0.004103128192481705,0.9889302986416206,0.0005980788435843764,0.9889302986416205,0.000598078843584998,0.988649986370653,0.0007127017121851627,0.9830990188430315,0.003743771152424148,0.9875124174472291,0.0021598639424601183,0.984437583445444,0.004455899089707754,0.9838960685242265,0.0023851137727330216
0.1,0.9888323394460129,0.0007870531626334364,0.9893314543315195,0.000979965698413467,0.9887303852247293,0.0005619408276900205,0.9875672317410982,0.002286586438327251,0.9868729246998759,0.0018121428538261245,0.9847656327824547,0.003583750237413585,0.9890401526191357,0.0006261760193344896,0.9887303852247284,0.0005619408276906813,0.9887303852247292,0.00056194082769025,0.9845343181617259,0.003461421465010597,0.9871865369514317,0.001950363317634523,0.9848206885548687,0.004229476829472198,0.983584915701079,0.0027923477550266277
0.12,0.9892591257401403,0.0006664961330796087,0.9893647603994712,0.000600149690941214,0.9885562274085145,0.00043542763409625457,0.9879550983458151,0.0018309285477591493,0.9873171941328173,0.001814417023910459,0.9851335356619582,0.0029615317343584364,0.9885562274085139,0.0004354276340966043,0.9877018795508872,0.0008642434538757258,0.9880387515955531,0.000759065304973387,0.9854059850289362,0.003098156253898822,0.9874195530445252,0.0016878382800307133,0.9847219425785769,0.004039374223855959,0.9841864910865372,0.003129983758394387
0.14,0.9887835717589424,0.0006141133583886402,0.9890219208328592,0.0005071356471034424,0.9883491868208478,0.0010828182342267083,0.9877211887337449,0.0011023243974641246,0.9859409134897279,0.0017124878257110943,0.9859018533956675,0.0025676328444064777,0.9866385123928201,0.0015317015848395192,0.9876498279241395,0.000726672051744807,0.9870130814349307,0.0018638811706499824,0.9865749553858121,0.0028104523451268153,0.9873075280467258,0.0015998485900544012,0.9852602918385971,0.004201307964747547,0.9844125890227616,0.0030187559811234873
0.16,0.987253288267699,0.0011423474524213518,0.9886424989942523,0.0002244716282760323,0.987178937191147,0.001203656044321022,0.9874580015541083,0.0008738852937158302,0.9862275819791291,0.0013977649566898462,0.9852063277947947,0.0015522094907901608,0.9869467408466268,0.0015666132375993166,0.9867635379148749,0.0015294053314346089,0.987045946323567,0.0014089369413810013,0.9869735220396286,0.0024638711925511567,0.9867057316500041,0.0027413333823019938,0.9855506608867031,0.003745234219580039,0.9847463542564405,0.002862351842006093
0.18,0.9873306486988741,0.0017669300976917242,0.9885745776041542,0.0002702232857588398,0.9873526091850212,0.0011405511280373319,0.9872908224965804,0.000750033620507492,0.9866886151604156,0.0009320099225611425,0.9854515292707929,0.0013133007778840155,0.98704559861844,0.0014759385110117394,0.9870455986184399,0.0014759385110121918,0.9872860631832703,0.0014183957196350926,0.9870934017614267,0.00236126160794383,0.9868209933464606,0.0025767118824569783,0.9858331841187482,0.0038946334479261725,0.9850805132493059,0.0030690948229928567
0.2,0.987660522851118,0.0013401676124473302,0.988177653488554,0.0003204865835716164,0.9877285222292398,0.0010730597347382576,0.9873738754581471,0.0005978706586692289,0.9868561859239676,0.0009231325833702238,0.9857030728794296,0.0011487543002858273,0.9876957324647144,0.0012372662766841564,0.9870364794108422,0.001215151504509896,0.9870441162134695,0.000756439635916376,0.9869353860170064,0.0021870657253240805,0.9868321217650967,0.0022122147210358765,0.985737631797236,0.0033418807634470597,0.9849655474521051,0.0025525503462846947
0.22,0.9874570640195026,0.0012190978242957024,0.9881562605522051,0.0006370899642502067,0.9880903162746933,0.0011410663588399313,0.9867679246595354,0.0009141590062840639,0.9862528122179138,0.0007837198536054452,0.9862093918966776,0.000772099275626721,0.9879362330697623,0.0010832700254188416,0.9874611142493442,0.0009595603612777946,0.9864657432039073,0.0011712166949016884,0.9868293836409404,0.0023696076722406136,0.9868089824363584,0.0022379631877993147,0.9854381888064303,0.0027854574711398392,0.9851583410411915,0.0023437768734781705
0.24,0.9873248550470396,0.0010741464549784033,0.9876069634153547,0.001384909073118342,0.9879019545946279,0.0009408774593816353,0.9867808230076477,0.0006219216388988559,0.9866131870443707,0.000899731479854773,0.9863401947567556,0.0007890676778532645,0.9877132426115622,0.0007602627909202348,0.9866237810691151,0.0010852915039372012,0.9868637038627224,0.0011436956185108356,0.986848500047097,0.0022632119495437247,0.9860200900275274,0.0011172384663994108,0.9856141242066431,0.002740862335797166,0.9856144031407161,0.0025052872506523055
0.26,0.9872729302476709,0.0010418158145909853,0.9878038863632187,0.0013865714150568442,0.9878872699099315,0.0008787471922102217,0.9870120662461213,0.0005673158559856762,0.9867545951299816,0.0007524961613339405,0.9861572527209631,0.0010225398231810932,0.987043816100931,0.0010612816564902106,0.9866531586419593,0.0011379963785816266,0.9867779848991982,0.0008001626848431606,0.9869857389512915,0.0020015675724014575,0.9860202057163795,0.0012959665616498884,0.9858235724791463,0.0025060216084819764,0.9857353316025412,0.0023291617094856566
0.28,0.9871347919488453,0.000752755089952368,0.9878449833963663,0.001571494849790938,0.9877772556668932,0.0010269265031575255,0.9870941234163393,0.0005861594834782557,0.9868882529098179,0.0008487429143942012,0.9863924350410451,0.0009879917591852595,0.9872096287004233,0.0007617101440626579,0.9867714963760473,0.0009071823183347028,0.9866757327537398,0.0009036889792589129,0.9865762929394633,0.0011448785502269092,0.9863460459595428,0.0013258187765132162,0.9860724005124708,0.0023383658869432287,0.985978659101262,0.002115831180282759
0.3,0.9871593322148824,0.0007485339800997276,0.987720718882491,0.001523105263363105,0.9875709806821085,0.001025899122374619,0.9865834084258529,0.0009464645261515252,0.9869748972293434,0.0008213427460330184,0.9865107403281472,0.0010603695516244428,0.9868363555182234,0.00065637715776149,0.9868857521539959,0.0008233367883214614,0.9865833457327029,0.0006470266495637639,0.9868101088395413,0.0010874697089427482,0.9865683635756126,0.0011936182943241744,0.9864974714094957,0.0019719778124786366,0.9864559311065432,0.0016709653820316652
0.32,0.987178536241933,0.0007763278296942018,0.9877746892273344,0.0014971907239545812,0.9876311926341643,0.0013548868747180157,0.9862496258623343,0.0013265599958906724,0.9868166947417603,0.0007205780424834675,0.9866670439206997,0.0010206962395321267,0.9868144634327172,0.0007032359172286059,0.9869030481269994,0.0006603094984556516,0.9865367826016482,0.0007786235343928039,0.9868604613856407,0.0008704564493279319,0.9868774506494904,0.0009269064364597295,0.9868449189240636,0.0016051773845519378,0.9867612542082012,0.0014361924784488836
0.34,0.9872193754738235,0.0007796769727677051,0.9879939099386945,0.0010768760560266745,0.9876182453521944,0.0012667542672307585,0.9863066786434683,0.0012285599513986486,0.9867868355956406,0.0007793706596931165,0.9866376948189735,0.0008675575575226604,0.9868281130236659,0.0005609210571525885,0.9868088667471876,0.0005120261647663571,0.986815357913215,0.0006828720480633057,0.9871159313670979,0.000883052409681124,0.9869006437369443,0.0009273240275525026,0.9871317242132784,0.0014099533316893652,0.9869437056159776,0.0011384213469790663
0.36,0.9872375266893493,0.000865069556297056,0.987847745849864,0.0008514066248402494,0.9872599301892209,0.0013034065073387053,0.986304068559233,0.0011113460282437576,0.9867259383345622,0.0007160082484837574,0.9868793606173778,0.0009056474193987684,0.9866760672094371,0.0007372370223361236,0.9867208736132301,0.0008090948783291146,0.9866043285583486,0.000691737316613339,0.986968761405083,0.000822371854780705,0.9869158339007902,0.0006385528140837873,0.9867239482875008,0.0008319384035363919,0.987036168147584,0.0011019005624209354
0.38,0.9873252465762761,0.000717535524886695,0.987750932937968,0.0008938170243685775,0.9869595648053754,0.0013016278507226619,0.9864838433709828,0.0011445818537254456,0.9868884217258939,0.0007347457136523142,0.9868759162345868,0.0008137707051497528,0.9866540767471976,0.0008907462343724516,0.9866666490752491,0.000905236730539748,0.9866616703529922,0.0008994632719928226,0.9870151915306278,0.0006699826178326105,0.9870784617867632,0.0007574193344951855,0.986750288954141,0.0007695600724592754,0.9870935042268143,0.0011979885333488578
0.4,0.9874345640817394,0.0006567030073069288,0.9878206260553481,0.0007448415350521043,0.986423095849888,0.0008132519828141282,0.9864472532416793,0.0010533241365244484,0.9871257664349598,0.0005157662494444877,0.986877793879724,0.0006513096845845,0.9866098317418432,0.0009568497062655712,0.9865500108734573,0.0009597719578395233,0.9865249916210275,0.0009232773596425517,0.9871181778039468,0.0005692090964559129,0.987178197636511,0.0007330185346757409,0.9866769086370251,0.0007038588164934389,0.9869207420927619,0.0008969501741928624
0.42,0.9874836172914635,0.0004905377586823662,0.9873822486349347,0.0005801609742438147,0.9864605036974001,0.0008397435014263788,0.9865774932592267,0.000856263024305682,0.9870473210510134,0.0003336061409236593,0.9867969460213142,0.0006836272020366091,0.9865356323355428,0.0008996430015576863,0.9865356323355428,0.0008996430015577532,0.9864857725380116,0.0008700467751846632,0.9870963124496654,0.0006878104497956892,0.9869092864114487,0.0005456183955766258,0.9867878323684767,0.0005901905053929634,0.9869758255470802,0.0009739355349997272
0.44,0.9872160369105458,0.000653861809813725,0.9874433623137832,0.0004792559707474609,0.9865568123737483,0.0008397075047169072,0.9865795960262096,0.0008403271618197079,0.9870296095055697,0.000185531323410446,0.9869727988324438,0.000721180716063104,0.9866721896679023,0.0009694772141405931,0.9866721896679023,0.00096947721414065,0.9866834774805598,0.0008975031346023111,0.987002047588589,0.0002682024416026409,0.9870211083309959,0.0004876913993809647,0.9868145922249125,0.0006184979605366253,0.98712681986502,0.0008985000440222017
0.46,0.9873102418550569,0.0006081243227334435,0.9874449678904751,0.0005128680246255326,0.9867289672052024,0.0005448792254183243,0.9865624278839309,0.0008430497730836507,0.9869105329471748,0.000216913432586768,0.9868804780752992,0.0005206550658159794,0.9867756564702738,0.0006702178540192999,0.9868984599287894,0.0008136230443175387,0.9867959969099386,0.0009425861596091152,0.9870035733695295,0.00046387119065163774,0.9870222755496534,0.00045547944864578297,0.9868987199108261,0.0005781684785385754,0.9870643819266235,0.0010834067498997917
0.48,0.9872977545243463,0.0004928752799629714,0.9872371570598341,0.0005999657912248679,0.9869262871640306,0.0005529296352806119,0.9867125889424766,0.0007550800878337615,0.9870566109628613,0.0002459678883026866,0.9868616010591699,0.0005699439430094157,0.9869743703662079,0.0006449836137822516,0.9870425955354155,0.0006858897147786077,0.9869557006779618,0.0007201656136549159,0.9870376892106902,0.0005207839920362003,0.9869367920843155,0.0004224587585975427,0.986882608903055,0.0007126403010480468,0.9872003588761395,0.0010872813579574276
0.5,0.987295185501419,0.0004806872122508287,0.9871415298224516,0.000519601709786912,0.987043743822261,0.00048200262306696167,0.9866658048211644,0.0007080962898055919,0.9870655841917307,0.00029439794356600626,0.9867551125632996,0.0004466410043427886,0.9871347854647681,0.0005432595137652537,0.9871156377372322,0.0005734302196275413,0.9870857501477373,0.000632008840838006,0.9870941152340196,0.0005563555914538958,0.9869027311267757,0.0004827153591632705,0.9868116570800308,0.0007130220969406003,0.9872866052815191,0.0008669245019769792
0.52,0.9874032605119021,0.00043667392379677014,0.9869710948747243,0.000490642763958553,0.9872114062555762,0.0004574435113758165,0.9867278537909319,0.0007375123127981564,0.9870601902835007,0.000337841950504756,0.9867223729346035,0.00045016506322238906,0.9872726750748183,0.0004889418395063052,0.9871840999995243,0.0004898012574104374,0.9871348596839153,0.00047154441465629174,0.9870250127152744,0.0005415245340649202,0.986920925355791,0.0004661068860160116,0.986917380739847,0.0006239842383020556,0.9870726198107497,0.0006378875612879684
0.54,0.987335492018635,0.00043369380820153355,0.9869935977602475,0.0004623111056380096,0.9872745626047974,0.0005011089052277531,0.9868556251827812,0.0006906707272800124,0.9870759204794153,0.0002614652460649471,0.9866301521375559,0.0004519204198444173,0.987394690364576,0.0005005026578786522,0.987394690364576,0.0005005026578787912,0.987339580819564,0.0004946619701124211,0.9871033529291382,0.00047432552880450707,0.9869074860972111,0.0005100133954717313,0.9869682860155874,0.0005300539010835614,0.9870742651081266,0.0005855131944540264
0.56,0.9872292717836317,0.0003180112893244157,0.9871121940315419,0.0005475271823471801,0.9873290990581296,0.0004991575167789274,0.9868219341778302,0.0007548443495850841,0.9870848992661094,0.0004131018666697173,0.986713581210396,0.0004007906428758395,0.9873643958702547,0.0004451216003125076,0.9873643958702547,0.00044512160031261243,0.9872920201798188,0.0004408688482545351,0.9871673070218188,0.00040307519063051124,0.986797119268156,0.0005773859429039303,0.986903083999805,0.0006463502839027398,0.9870091766034683,0.0005547148503080475
0.58,0.9871156253412032,0.00031757446552315913,0.9871576232502481,0.00048758644345417727,0.9873258646423654,0.0004582669710835527,0.9867710645791639,0.0007257086954587495,0.9869627780409906,0.0005451772025578216,0.9868350191187303,0.0005538334486279413,0.987312064429216,0.00046328907410349664,0.9873120644292159,0.0004632890741035655,0.9872357840453173,0.00046046892771822305,0.9871853146875191,0.0003892405917999491,0.9868225719138981,0.000544997581823572,0.986989542091927,0.0005890645208260445,0.987081613549478,0.0004869196503208802
0.6,0.9870960196426062,0.0004299202375805429,0.987067407971002,0.0005244449553703602,0.9872268179485726,0.0004393048733385502,0.9866832235887331,0.0007383359451419296,0.986830447004017,0.000633634134366578,0.9867837510515911,0.0005241722555522156,0.9872268179485724,0.00043930487333860907,0.9872268179485724,0.00043930487333867867,0.9872268179485726,0.00043930487333860516,0.9871681111479784,0.00038896688892921694,0.9867422023508792,0.0004806298769822015,0.98697478548971,0.0005564014735939118,0.9870658344211832,0.00047519321161174527
0.62,0.9872979773755872,0.00030632089574241997,0.9871343696397987,0.00045599968183488733,0.9873973930742054,0.0004654491845355612,0.9868256504703616,0.0007443504691347567,0.9868803195940771,0.0005027073951977186,0.9866831400067798,0.0005939612907903044,0.9873973930742053,0.0004654491845356217,0.9874577935027289,0.0004321381184695278,0.9871042227933183,0.00040997736068778715,0.9870362567973092,0.000362850296321028,0.9867568195407987,0.0004367886219022325,0.9868630352524127,0.0005233253372342753,0.9869627659820891,0.0005666425047329621
0.64,0.98717499845574,0.0004318362013423583,0.9872271464551333,0.0004321338302177609,0.9873491899307218,0.00040896184557230706,0.9868175981409708,0.0007369162572409128,0.9866369194720148,0.000580967447551471,0.9866417586964279,0.0005323415049796341,0.9871868923581042,0.000494514930927499,0.9873491899307217,0.0004089618455723549,0.9873318114600091,0.00040984262652165644,0.987014230536894,0.00035872050637756497,0.9867132218617758,0.0005142668137187627,0.9869143949311492,0.0005134814081809422,0.9868966365226077,0.000521631309351987
0.66,0.9871365794106142,0.0004058330459233806,0.9871590868644875,0.0003030961964286025,0.9872768668551424,0.0003118559316859588,0.986820096361403,0.0006707436108327458,0.9866568087323524,0.0005148396959782871,0.9865856505091563,0.00046124226336715567,0.9871517973477089,0.00047021189568734894,0.987291425736883,0.0004043783192323729,0.9871964719584291,0.0004314444649312636,0.9868766463887728,0.0003848314931636258,0.9866842562931339,0.00034394057897580674,0.9868804425731675,0.00035762863069895907,0.9869796592575076,0.0005199623031827124
0.68,0.9871884773674799,0.0004399390062946095,0.9871784470450116,0.00033263630574624704,0.9872861441267707,0.00026006942571045965,0.9867032169180603,0.0006792567835851383,0.9866537728160643,0.00048380014856163223,0.9864727025520296,0.00042729670143698626,0.9870809778529428,0.0004634155569307083,0.9872935371922008,0.0003571806398278038,0.9872106118426414,0.00038790658724479206,0.9866943906805596,0.0005561617002241372,0.9867259753617061,0.00045787640953201775,0.9867826311349821,0.0003883758709108266,0.9869954605707637,0.0005853118544657945
0.7,0.9870713708626947,0.0004963254321047801,0.987044272100292,0.00037261626345457975,0.9871913150072504,0.0003118946277528474,0.9866286261893669,0.0005237670581084117,0.9866162659107139,0.0004909929996637457,0.9864587588726199,0.0004328287206880345,0.987139282980839,0.0003393131931767557,0.9872492003299571,0.0002873596638733926,0.9871976437440495,0.0003133512871075753,0.9866468361797486,0.000559263995510131,0.986687665797279,0.0004484130967456645,0.9867095766776458,0.0003261567746047826,0.9869407140793844,0.0006298889846542112
0.72,0.9870468867779439,0.00039647072505967496,0.9869847395357787,0.00038629157186746455,0.9871100089054865,0.0003397608941429681,0.9865081620240047,0.0003883507614495947,0.9865499936393016,0.0005460181856333545,0.9864680932105832,0.00046134717864333377,0.9871764188734509,0.00029509478588101877,0.9872066059480868,0.00033625908766598,0.9871112251746725,0.0003184919670031745,0.9865167616826063,0.0005711360734292145,0.9866666863538044,0.00043722956550798546,0.9866577735267831,0.0002501011675295818,0.9868610219222765,0.0005333451390736245
0.74,0.9869475128391738,0.0004490250515771073,0.986802274768114,0.00042063973594297534,0.9871242431258697,0.00034682822045197073,0.9864653364390534,0.0003488214546475093,0.9864365346423969,0.00045011122716715905,0.9863062170617434,0.00037680208564450383,0.9871280725140923,0.00034243899072520975,0.9870926678250312,0.0002778225588227298,0.9869803387757157,0.00033545663395553415,0.9864876643725617,0.0004051041647626571,0.9866094341930894,0.00040266489952955084,0.9866333921494866,0.00020933401139324113,0.9867779464253766,0.0003941279988904848
0.76,0.9867965287725534,0.00044149768595657464,0.9867467110915715,0.00038002620071919414,0.9870547073939204,0.0003507789522301349,0.9864609245730273,0.0004162429876296004,0.986437919897937,0.0005557303364361172,0.9863221646586112,0.00039369677908111437,0.9870547073939204,0.00035077895223019774,0.987066464078036,0.0003659846664351862,0.9868779548526705,0.0004066394726264926,0.9865080883035029,0.00034057882234161377,0.9865425444248397,0.0003882405390618468,0.9866639754454236,0.00028938724347562557,0.986759371655328,0.0004612648669928749
0.78,0.9867632643562791,0.00028581565233785536,0.9867536979293864,0.00039511121367375785,0.9869954294986603,0.00037632028973903797,0.986462828984941,0.0003164098130791069,0.9865102436136106,0.0005454020187559498,0.9862658550181379,0.0003969160470318292,0.9869954294986603,0.0003763202897390626,0.986942332807403,0.00030379243848406947,0.9868449506943548,0.00035983682344008623,0.9864419027129662,0.00047654089165303457,0.9865698972073851,0.00040804117755787063,0.9865844261463603,0.00040281153059214286,0.9867893864834015,0.00039379506056169857
0.8,0.9866631273557619,0.0004336647173387692,0.9866834351160707,0.0003916637298509978,0.9868503623554347,0.00034682398136706065,0.9863818668567981,0.0002406877339563532,0.9863842428339283,0.0005360572178738506,0.986271038080412,0.0003574216055342391,0.9868670073371073,0.00033562647366450145,0.9868670073371073,0.00033562647366450573,0.9868864671208711,0.0003667347559603842,0.9863428345420374,0.00038657516047456674,0.9864963120637784,0.00039973596686696645,0.9865356797241096,0.00042636887530881484,0.9867702878532987,0.00040872300285365703
0.82,0.9866155410423858,0.00032403612973100376,0.9866316112023049,0.0003861005471978882,0.986738489541729,0.0003778964121068669,0.9863508473082507,0.0002654396057629346,0.9863648891816214,0.00039747733014486205,0.986179963548479,0.0003059819652029718,0.9867189922968584,0.0002938713620922687,0.9867700865733215,0.00035713808291180146,0.9867591393568351,0.0004006631140290689,0.9863346394300745,0.00044173700527710155,0.986440568081889,0.0004585279648926249,0.986602994601484,0.0003485593618778109,0.9868256794967705,0.0003944603582657271
0.84,0.9865634648835202,0.0003614572657104009,0.9865384710868434,0.00031191459963901324,0.986651736376535,0.00032554221062957385,0.9863184558529403,0.0003280320523167112,0.9863526808242017,0.0004186300518517152,0.9861879206843057,0.00022912679663628457,0.986651736376535,0.0003255422106295994,0.986682842966946,0.00028808939592802235,0.9866724242713524,0.0003660732747629236,0.9863993012879473,0.00039642935039337486,0.9863303338062939,0.0004079515985753846,0.9866081571048139,0.0003311471688577083,0.9868279133549582,0.0003525667045677028
0.86,0.9864716308920362,0.0003248833046501946,0.9864845397290538,0.00025686651583839285,0.9865719197108267,0.00030548570278990926,0.9864213034431399,0.00031106590963526015,0.9863942155524656,0.00045419965587857115,0.9862069827286006,0.00022286725947297256,0.9865719197108267,0.00030548570278992,0.9866021176861175,0.0002981966904785728,0.9866236658873394,0.0003369124784805769,0.9863628114154095,0.0003729838332632432,0.9862422430158471,0.00033274853680544645,0.9865923962314476,0.00040492984953399827,0.9867954453946132,0.00034029725252160745
0.88,0.9864089838765412,0.00042275865186087476,0.9864659843177096,0.0002701847706754425,0.9864831538741794,0.00029982498593114176,0.9864023015923208,0.00025602838048906896,0.9864107917914522,0.000415315531899627,0.9861819008305744,0.00028742274308091317,0.9865031527705654,0.00029933045400427937,0.9865291655046345,0.00029862676624480016,0.9865386782659191,0.00029897209180123116,0.9863402879575962,0.00033231510841787474,0.9862822859023498,0.0003542883985453513,0.9864632510598303,0.0003667920125849871,0.9866870088991468,0.00037771792579880585
0.9,0.9864235572850079,0.00033233386689430984,0.9863919424119499,0.0003047940812140046,0.9864362322823881,0.00030580397490790435,0.986256030584507,0.00026527984633207397,0.986394308856119,0.00038059658585133015,0.9862512886150144,0.00028549710073061326,0.9864379010053521,0.00030621786500892474,0.9864612958358882,0.0003030239337483658,0.9864612958358882,0.0003030239337483759,0.9862335920975625,0.0003718442576412603,0.9861836834382965,0.000349622546804241,0.9864117200024627,0.00044593352813625963,0.9865709257566599,0.00036567576616282924
0.92,0.9863428688373431,0.00028739923239870074,0.9863264310575894,0.0003834891182519624,0.986492154444871,0.0003077242894428097,0.9862493923353929,0.00034277624990597285,0.9863711672480702,0.0003011811385258355,0.9862000997453025,0.0003010864049308565,0.9865184397919645,0.0003070789776362994,0.986449380792348,0.00030952838297363647,0.9863522117826701,0.00031508909398172974,0.986345627031958,0.000322592478851362,0.9862076343753008,0.00031489127021881415,0.9863198548439654,0.00037582192553836213,0.98657661277801,0.00029729276673977773
0.94,0.9862975442854515,0.00028658347761689257,0.9862529295892304,0.0003015126197454964,0.9864587955880986,0.00035670203868351665,0.9862293247835958,0.0002602347571056982,0.9863238588874577,0.00029176131397171145,0.986256617849639,0.00036495822802908517,0.9865038333660555,0.0002978999329492511,0.9865038333660556,0.00029789993294925,0.9864650560582877,0.00031702854889246464,0.986280557524071,0.0002837678570852261,0.9862354501547625,0.00031418250430474985,0.9863046879245325,0.0003225717813147011,0.9865196775933057,0.00027805986766827223
0.96,0.9861826107117059,0.0002144089132873457,0.9863227590316798,0.0003352639004074907,0.986269349050716,0.00028694726250947365,0.9862538052586954,0.00021101639617014857,0.9862188061805053,0.0003274866843584774,0.9862213738887712,0.00026096576863020055,0.986269349050716,0.0002869472625094901,0.986269349050716,0.00028694726250940567,0.9862693490507161,0.0002869472625094764,0.9861392483858045,0.0002464149224659688,0.986181910973876,0.00022280422659241882,0.9862743909215874,0.00021691451377101284,0.9864488390007489,0.00019751696057481688
0.98,0.986175449496237,0.0002452499080255946,0.9862817321222906,0.0002632130223375637,0.9864053208007081,0.0003042593515097489,0.9862544589597686,0.00019477346578569544,0.9861311525167683,0.0002480833870925233,0.9862574760528395,0.00016658071305459472,0.986405320800708,0.0003042593515097816,0.986405320800708,0.0003042593515097396,0.9863610238212395,0.0003381372671786262,0.9861715926253536,0.0002445430620527493,0.9862310918895483,0.0003163905035791713,0.9861829125287699,0.00020138698700134926,0.9864053208007081,0.0003042593515098014
1.0,0.9862671687624396,0.00026543649049163534,0.9862671687624396,0.00026543649049175504,0.9862671687624396,0.0002654364904916351,0.9862671687624395,0.000265436490491678,0.9862671687624396,0.000265436490491702,0.9862671687624396,0.00026543649049174056,0.9862671687624395,0.0002654364904916447,0.9862671687624395,0.0002654364904916014,0.9862671687624396,0.00026543649049163496,0.9862671687624398,0.00026543649049162114,0.9862671687624396,0.0002654364904917408,0.9862671687624396,0.0002654364904917171,0.9862671687624396,0.00026543649049165415
0.0,0.9881456936469624,0.0016962477813010394,0.9862730405352719,0.003707644247802298,0.9899421331432898,0.0012262994254661822,0.9881583690219097,0.0028662798075574196,0.9888387671282085,0.002430015875793705,0.9829311934793049,0.00604422757203047,0.9899421331432867,0.0012262994254632331,0.9899421331432858,0.0012262994254653792,0.9899324596861103,0.001217158531824911,0.9915509662565057,0.0007713140994353036,0.991550966256502,0.0007713140994370205,0.9915509662565015,0.0007713140994336767,0.991550966256503,0.0007713140994377389
0.02,0.9881456936469624,0.0016962477813010394,0.9862730405352719,0.003707644247802298,0.9899421331432898,0.0012262994254661822,0.9881583690219097,0.0028662798075574196,0.9888387671282085,0.002430015875793705,0.9829311934793049,0.00604422757203047,0.9899421331432867,0.0012262994254632331,0.9899421331432858,0.0012262994254653792,0.9899324596861103,0.001217158531824911,0.9915509662565057,0.0007713140994353036,0.991550966256502,0.0007713140994370205,0.9915509662565015,0.0007713140994336767,0.991550966256503,0.0007713140994377389
0.04,0.9874042995321479,0.001512813794397897,0.9879185453131532,0.0018256662635010735,0.9907465496998956,0.00033351271069600595,0.987489136149535,0.002469832166439682,0.9883191991286167,0.002601340560874865,0.9863402266312045,0.0022107956570815075,0.9907465496998942,0.0003335127106944851,0.9907465496998936,0.0003335127106937339,0.9907465496998955,0.0003335127106952206,0.9884344328075704,0.0018697660633560807,0.9893441236736817,0.005010611179632837,0.9864084316779862,0.002822560922153921,0.9825133780834108,0.005173509326209927
0.06,0.9887447196956783,0.0009049171999417573,0.9877656969315617,0.0008905937857148244,0.9887919399614703,0.0008126347545197342,0.987301709737693,0.002552000188930284,0.98706717200572,0.001957075710848971,0.9860687195748975,0.002825754020017723,0.9894483167875108,0.0006961834106390504,0.9894483167875104,0.0006961834106386014,0.9894483167875117,0.0006961834106398782,0.9839595357098562,0.0037682775848363837,0.9880712260605294,0.0039037326785193722,0.9826697792728956,0.0056880784826581375,0.9842033334634221,0.0035359802481299604
0.08,0.9885218498767464,0.0005951657466236974,0.9887129572762879,0.0006389963599974686,0.9889302986416214,0.0005980788435830897,0.9874662758622186,0.0017904872353980248,0.9873946364218676,0.0026712673706626327,0.9838730807033016,0.004103128192481705,0.9889302986416206,0.0005980788435843764,0.9889302986416205,0.000598078843584998,0.988649986370653,0.0007127017121851627,0.9830990188430315,0.003743771152424148,0.9875124174472291,0.0021598639424601183,0.984437583445444,0.004455899089707754,0.9838960685242265,0.0023851137727330216
0.1,0.9888323394460129,0.0007870531626334364,0.9893314543315195,0.000979965698413467,0.9887303852247293,0.0005619408276900205,0.9875672317410982,0.002286586438327251,0.9868729246998759,0.0018121428538261245,0.9847656327824547,0.003583750237413585,0.9890401526191357,0.0006261760193344896,0.9887303852247284,0.0005619408276906813,0.9887303852247292,0.00056194082769025,0.9845343181617259,0.003461421465010597,0.9871865369514317,0.001950363317634523,0.9848206885548687,0.004229476829472198,0.983584915701079,0.0027923477550266277
0.12,0.9892591257401403,0.0006664961330796087,0.9893647603994712,0.000600149690941214,0.9885562274085145,0.00043542763409625457,0.9879550983458151,0.0018309285477591493,0.9873171941328173,0.001814417023910459,0.9851335356619582,0.0029615317343584364,0.9885562274085139,0.0004354276340966043,0.9877018795508872,0.0008642434538757258,0.9880387515955531,0.000759065304973387,0.9854059850289362,0.003098156253898822,0.9874195530445252,0.0016878382800307133,0.9847219425785769,0.004039374223855959,0.9841864910865372,0.003129983758394387
0.14,0.9887835717589424,0.0006141133583886402,0.9890219208328592,0.0005071356471034424,0.9883491868208478,0.0010828182342267083,0.9877211887337449,0.0011023243974641246,0.9859409134897279,0.0017124878257110943,0.9859018533956675,0.0025676328444064777,0.9866385123928201,0.0015317015848395192,0.9876498279241395,0.000726672051744807,0.9870130814349307,0.0018638811706499824,0.9865749553858121,0.0028104523451268153,0.9873075280467258,0.0015998485900544012,0.9852602918385971,0.004201307964747547,0.9844125890227616,0.0030187559811234873
0.16,0.987253288267699,0.0011423474524213518,0.9886424989942523,0.0002244716282760323,0.987178937191147,0.001203656044321022,0.9874580015541083,0.0008738852937158302,0.9862275819791291,0.0013977649566898462,0.9852063277947947,0.0015522094907901608,0.9869467408466268,0.0015666132375993166,0.9867635379148749,0.0015294053314346089,0.987045946323567,0.0014089369413810013,0.9869735220396286,0.0024638711925511567,0.9867057316500041,0.0027413333823019938,0.9855506608867031,0.003745234219580039,0.9847463542564405,0.002862351842006093
0.18,0.9873306486988741,0.0017669300976917242,0.9885745776041542,0.0002702232857588398,0.9873526091850212,0.0011405511280373319,0.9872908224965804,0.000750033620507492,0.9866886151604156,0.0009320099225611425,0.9854515292707929,0.0013133007778840155,0.98704559861844,0.0014759385110117394,0.9870455986184399,0.0014759385110121918,0.9872860631832703,0.0014183957196350926,0.9870934017614267,0.00236126160794383,0.9868209933464606,0.0025767118824569783,0.9858331841187482,0.0038946334479261725,0.9850805132493059,0.0030690948229928567
0.2,0.987660522851118,0.0013401676124473302,0.988177653488554,0.0003204865835716164,0.9877285222292398,0.0010730597347382576,0.9873738754581471,0.0005978706586692289,0.9868561859239676,0.0009231325833702238,0.9857030728794296,0.0011487543002858273,0.9876957324647144,0.0012372662766841564,0.9870364794108422,0.001215151504509896,0.9870441162134695,0.000756439635916376,0.9869353860170064,0.0021870657253240805,0.9868321217650967,0.0022122147210358765,0.985737631797236,0.0033418807634470597,0.9849655474521051,0.0025525503462846947
0.22,0.9874570640195026,0.0012190978242957024,0.9881562605522051,0.0006370899642502067,0.9880903162746933,0.0011410663588399313,0.9867679246595354,0.0009141590062840639,0.9862528122179138,0.0007837198536054452,0.9862093918966776,0.000772099275626721,0.9879362330697623,0.0010832700254188416,0.9874611142493442,0.0009595603612777946,0.9864657432039073,0.0011712166949016884,0.9868293836409404,0.0023696076722406136,0.9868089824363584,0.0022379631877993147,0.9854381888064303,0.0027854574711398392,0.9851583410411915,0.0023437768734781705
0.24,0.9873248550470396,0.0010741464549784033,0.9876069634153547,0.001384909073118342,0.9879019545946279,0.0009408774593816353,0.9867808230076477,0.0006219216388988559,0.9866131870443707,0.000899731479854773,0.9863401947567556,0.0007890676778532645,0.9877132426115622,0.0007602627909202348,0.9866237810691151,0.0010852915039372012,0.9868637038627224,0.0011436956185108356,0.986848500047097,0.0022632119495437247,0.9860200900275274,0.0011172384663994108,0.9856141242066431,0.002740862335797166,0.9856144031407161,0.0025052872506523055
0.26,0.9872729302476709,0.0010418158145909853,0.9878038863632187,0.0013865714150568442,0.9878872699099315,0.0008787471922102217,0.9870120662461213,0.0005673158559856762,0.9867545951299816,0.0007524961613339405,0.9861572527209631,0.0010225398231810932,0.987043816100931,0.0010612816564902106,0.9866531586419593,0.0011379963785816266,0.9867779848991982,0.0008001626848431606,0.9869857389512915,0.0020015675724014575,0.9860202057163795,0.0012959665616498884,0.9858235724791463,0.0025060216084819764,0.9857353316025412,0.0023291617094856566
0.28,0.9871347919488453,0.000752755089952368,0.9878449833963663,0.001571494849790938,0.9877772556668932,0.0010269265031575255,0.9870941234163393,0.0005861594834782557,0.9868882529098179,0.0008487429143942012,0.9863924350410451,0.0009879917591852595,0.9872096287004233,0.0007617101440626579,0.9867714963760473,0.0009071823183347028,0.9866757327537398,0.0009036889792589129,0.9865762929394633,0.0011448785502269092,0.9863460459595428,0.0013258187765132162,0.9860724005124708,0.0023383658869432287,0.985978659101262,0.002115831180282759
0.3,0.9871593322148824,0.0007485339800997276,0.987720718882491,0.001523105263363105,0.9875709806821085,0.001025899122374619,0.9865834084258529,0.0009464645261515252,0.9869748972293434,0.0008213427460330184,0.9865107403281472,0.0010603695516244428,0.9868363555182234,0.00065637715776149,0.9868857521539959,0.0008233367883214614,0.9865833457327029,0.0006470266495637639,0.9868101088395413,0.0010874697089427482,0.9865683635756126,0.0011936182943241744,0.9864974714094957,0.0019719778124786366,0.9864559311065432,0.0016709653820316652
0.32,0.987178536241933,0.0007763278296942018,0.9877746892273344,0.0014971907239545812,0.9876311926341643,0.0013548868747180157,0.9862496258623343,0.0013265599958906724,0.9868166947417603,0.0007205780424834675,0.9866670439206997,0.0010206962395321267,0.9868144634327172,0.0007032359172286059,0.9869030481269994,0.0006603094984556516,0.9865367826016482,0.0007786235343928039,0.9868604613856407,0.0008704564493279319,0.9868774506494904,0.0009269064364597295,0.9868449189240636,0.0016051773845519378,0.9867612542082012,0.0014361924784488836
0.34,0.9872193754738235,0.0007796769727677051,0.9879939099386945,0.0010768760560266745,0.9876182453521944,0.0012667542672307585,0.9863066786434683,0.0012285599513986486,0.9867868355956406,0.0007793706596931165,0.9866376948189735,0.0008675575575226604,0.9868281130236659,0.0005609210571525885,0.9868088667471876,0.0005120261647663571,0.986815357913215,0.0006828720480633057,0.9871159313670979,0.000883052409681124,0.9869006437369443,0.0009273240275525026,0.9871317242132784,0.0014099533316893652,0.9869437056159776,0.0011384213469790663
0.36,0.9872375266893493,0.000865069556297056,0.987847745849864,0.0008514066248402494,0.9872599301892209,0.0013034065073387053,0.986304068559233,0.0011113460282437576,0.9867259383345622,0.0007160082484837574,0.9868793606173778,0.0009056474193987684,0.9866760672094371,0.0007372370223361236,0.9867208736132301,0.0008090948783291146,0.9866043285583486,0.000691737316613339,0.986968761405083,0.000822371854780705,0.9869158339007902,0.0006385528140837873,0.9867239482875008,0.0008319384035363919,0.987036168147584,0.0011019005624209354
0.38,0.9873252465762761,0.000717535524886695,0.987750932937968,0.0008938170243685775,0.9869595648053754,0.0013016278507226619,0.9864838433709828,0.0011445818537254456,0.9868884217258939,0.0007347457136523142,0.9868759162345868,0.0008137707051497528,0.9866540767471976,0.0008907462343724516,0.9866666490752491,0.000905236730539748,0.9866616703529922,0.0008994632719928226,0.9870151915306278,0.0006699826178326105,0.9870784617867632,0.0007574193344951855,0.986750288954141,0.0007695600724592754,0.9870935042268143,0.0011979885333488578
0.4,0.9874345640817394,0.0006567030073069288,0.9878206260553481,0.0007448415350521043,0.986423095849888,0.0008132519828141282,0.9864472532416793,0.0010533241365244484,0.9871257664349598,0.0005157662494444877,0.986877793879724,0.0006513096845845,0.9866098317418432,0.0009568497062655712,0.9865500108734573,0.0009597719578395233,0.9865249916210275,0.0009232773596425517,0.9871181778039468,0.0005692090964559129,0.987178197636511,0.0007330185346757409,0.9866769086370251,0.0007038588164934389,0.9869207420927619,0.0008969501741928624
0.42,0.9874836172914635,0.0004905377586823662,0.9873822486349347,0.0005801609742438147,0.9864605036974001,0.0008397435014263788,0.9865774932592267,0.000856263024305682,0.9870473210510134,0.0003336061409236593,0.9867969460213142,0.0006836272020366091,0.9865356323355428,0.0008996430015576863,0.9865356323355428,0.0008996430015577532,0.9864857725380116,0.0008700467751846632,0.9870963124496654,0.0006878104497956892,0.9869092864114487,0.0005456183955766258,0.9867878323684767,0.0005901905053929634,0.9869758255470802,0.0009739355349997272
0.44,0.9872160369105458,0.000653861809813725,0.9874433623137832,0.0004792559707474609,0.9865568123737483,0.0008397075047169072,0.9865795960262096,0.0008403271618197079,0.9870296095055697,0.000185531323410446,0.9869727988324438,0.000721180716063104,0.9866721896679023,0.0009694772141405931,0.9866721896679023,0.00096947721414065,0.9866834774805598,0.0008975031346023111,0.987002047588589,0.0002682024416026409,0.9870211083309959,0.0004876913993809647,0.9868145922249125,0.0006184979605366253,0.98712681986502,0.0008985000440222017
0.46,0.9873102418550569,0.0006081243227334435,0.9874449678904751,0.0005128680246255326,0.9867289672052024,0.0005448792254183243,0.9865624278839309,0.0008430497730836507,0.9869105329471748,0.000216913432586768,0.9868804780752992,0.0005206550658159794,0.9867756564702738,0.0006702178540192999,0.9868984599287894,0.0008136230443175387,0.9867959969099386,0.0009425861596091152,0.9870035733695295,0.00046387119065163774,0.9870222755496534,0.00045547944864578297,0.9868987199108261,0.0005781684785385754,0.9870643819266235,0.0010834067498997917
0.48,0.9872977545243463,0.0004928752799629714,0.9872371570598341,0.0005999657912248679,0.9869262871640306,0.0005529296352806119,0.9867125889424766,0.0007550800878337615,0.9870566109628613,0.0002459678883026866,0.9868616010591699,0.0005699439430094157,0.9869743703662079,0.0006449836137822516,0.9870425955354155,0.0006858897147786077,0.9869557006779618,0.0007201656136549159,0.9870376892106902,0.0005207839920362003,0.9869367920843155,0.0004224587585975427,0.986882608903055,0.0007126403010480468,0.9872003588761395,0.0010872813579574276
0.5,0.987295185501419,0.0004806872122508287,0.9871415298224516,0.000519601709786912,0.987043743822261,0.00048200262306696167,0.9866658048211644,0.0007080962898055919,0.9870655841917307,0.00029439794356600626,0.9867551125632996,0.0004466410043427886,0.9871347854647681,0.0005432595137652537,0.9871156377372322,0.0005734302196275413,0.9870857501477373,0.000632008840838006,0.9870941152340196,0.0005563555914538958,0.9869027311267757,0.0004827153591632705,0.9868116570800308,0.0007130220969406003,0.9872866052815191,0.0008669245019769792
0.52,0.9874032605119021,0.00043667392379677014,0.9869710948747243,0.000490642763958553,0.9872114062555762,0.0004574435113758165,0.9867278537909319,0.0007375123127981564,0.9870601902835007,0.000337841950504756,0.9867223729346035,0.00045016506322238906,0.9872726750748183,0.0004889418395063052,0.9871840999995243,0.0004898012574104374,0.9871348596839153,0.00047154441465629174,0.9870250127152744,0.0005415245340649202,0.986920925355791,0.0004661068860160116,0.986917380739847,0.0006239842383020556,0.9870726198107497,0.0006378875612879684
0.54,0.987335492018635,0.00043369380820153355,0.9869935977602475,0.0004623111056380096,0.9872745626047974,0.0005011089052277531,0.9868556251827812,0.0006906707272800124,0.9870759204794153,0.0002614652460649471,0.9866301521375559,0.0004519204198444173,0.987394690364576,0.0005005026578786522,0.987394690364576,0.0005005026578787912,0.987339580819564,0.0004946619701124211,0.9871033529291382,0.00047432552880450707,0.9869074860972111,0.0005100133954717313,0.9869682860155874,0.0005300539010835614,0.9870742651081266,0.0005855131944540264
0.56,0.9872292717836317,0.0003180112893244157,0.9871121940315419,0.0005475271823471801,0.9873290990581296,0.0004991575167789274,0.9868219341778302,0.0007548443495850841,0.9870848992661094,0.0004131018666697173,0.986713581210396,0.0004007906428758395,0.9873643958702547,0.0004451216003125076,0.9873643958702547,0.00044512160031261243,0.9872920201798188,0.0004408688482545351,0.9871673070218188,0.00040307519063051124,0.986797119268156,0.0005773859429039303,0.986903083999805,0.0006463502839027398,0.9870091766034683,0.0005547148503080475
0.58,0.9871156253412032,0.00031757446552315913,0.9871576232502481,0.00048758644345417727,0.9873258646423654,0.0004582669710835527,0.9867710645791639,0.0007257086954587495,0.9869627780409906,0.0005451772025578216,0.9868350191187303,0.0005538334486279413,0.987312064429216,0.00046328907410349664,0.9873120644292159,0.0004632890741035655,0.9872357840453173,0.00046046892771822305,0.9871853146875191,0.0003892405917999491,0.9868225719138981,0.000544997581823572,0.986989542091927,0.0005890645208260445,0.987081613549478,0.0004869196503208802
0.6,0.9870960196426062,0.0004299202375805429,0.987067407971002,0.0005244449553703602,0.9872268179485726,0.0004393048733385502,0.9866832235887331,0.0007383359451419296,0.986830447004017,0.000633634134366578,0.9867837510515911,0.0005241722555522156,0.9872268179485724,0.00043930487333860907,0.9872268179485724,0.00043930487333867867,0.9872268179485726,0.00043930487333860516,0.9871681111479784,0.00038896688892921694,0.9867422023508792,0.0004806298769822015,0.98697478548971,0.0005564014735939118,0.9870658344211832,0.00047519321161174527
0.62,0.9872979773755872,0.00030632089574241997,0.9871343696397987,0.00045599968183488733,0.9873973930742054,0.0004654491845355612,0.9868256504703616,0.0007443504691347567,0.9868803195940771,0.0005027073951977186,0.9866831400067798,0.0005939612907903044,0.9873973930742053,0.0004654491845356217,0.9874577935027289,0.0004321381184695278,0.9871042227933183,0.00040997736068778715,0.9870362567973092,0.000362850296321028,0.9867568195407987,0.0004367886219022325,0.9868630352524127,0.0005233253372342753,0.9869627659820891,0.0005666425047329621
0.64,0.98717499845574,0.0004318362013423583,0.9872271464551333,0.0004321338302177609,0.9873491899307218,0.00040896184557230706,0.9868175981409708,0.0007369162572409128,0.9866369194720148,0.000580967447551471,0.9866417586964279,0.0005323415049796341,0.9871868923581042,0.000494514930927499,0.9873491899307217,0.0004089618455723549,0.9873318114600091,0.00040984262652165644,0.987014230536894,0.00035872050637756497,0.9867132218617758,0.0005142668137187627,0.9869143949311492,0.0005134814081809422,0.9868966365226077,0.000521631309351987
0.66,0.9871365794106142,0.0004058330459233806,0.9871590868644875,0.0003030961964286025,0.9872768668551424,0.0003118559316859588,0.986820096361403,0.0006707436108327458,0.9866568087323524,0.0005148396959782871,0.9865856505091563,0.00046124226336715567,0.9871517973477089,0.00047021189568734894,0.987291425736883,0.0004043783192323729,0.9871964719584291,0.0004314444649312636,0.9868766463887728,0.0003848314931636258,0.9866842562931339,0.00034394057897580674,0.9868804425731675,0.00035762863069895907,0.9869796592575076,0.0005199623031827124
0.68,0.9871884773674799,0.0004399390062946095,0.9871784470450116,0.00033263630574624704,0.9872861441267707,0.00026006942571045965,0.9867032169180603,0.0006792567835851383,0.9866537728160643,0.00048380014856163223,0.9864727025520296,0.00042729670143698626,0.9870809778529428,0.0004634155569307083,0.9872935371922008,0.0003571806398278038,0.9872106118426414,0.00038790658724479206,0.9866943906805596,0.0005561617002241372,0.9867259753617061,0.00045787640953201775,0.9867826311349821,0.0003883758709108266,0.9869954605707637,0.0005853118544657945
0.7,0.9870713708626947,0.0004963254321047801,0.987044272100292,0.00037261626345457975,0.9871913150072504,0.0003118946277528474,0.9866286261893669,0.0005237670581084117,0.9866162659107139,0.0004909929996637457,0.9864587588726199,0.0004328287206880345,0.987139282980839,0.0003393131931767557,0.9872492003299571,0.0002873596638733926,0.9871976437440495,0.0003133512871075753,0.9866468361797486,0.000559263995510131,0.986687665797279,0.0004484130967456645,0.9867095766776458,0.0003261567746047826,0.9869407140793844,0.0006298889846542112
0.72,0.9870468867779439,0.00039647072505967496,0.9869847395357787,0.00038629157186746455,0.9871100089054865,0.0003397608941429681,0.9865081620240047,0.0003883507614495947,0.9865499936393016,0.0005460181856333545,0.9864680932105832,0.00046134717864333377,0.9871764188734509,0.00029509478588101877,0.9872066059480868,0.00033625908766598,0.9871112251746725,0.0003184919670031745,0.9865167616826063,0.0005711360734292145,0.9866666863538044,0.00043722956550798546,0.9866577735267831,0.0002501011675295818,0.9868610219222765,0.0005333451390736245
0.74,0.9869475128391738,0.0004490250515771073,0.986802274768114,0.00042063973594297534,0.9871242431258697,0.00034682822045197073,0.9864653364390534,0.0003488214546475093,0.9864365346423969,0.00045011122716715905,0.9863062170617434,0.00037680208564450383,0.9871280725140923,0.00034243899072520975,0.9870926678250312,0.0002778225588227298,0.9869803387757157,0.00033545663395553415,0.9864876643725617,0.0004051041647626571,0.9866094341930894,0.00040266489952955084,0.9866333921494866,0.00020933401139324113,0.9867779464253766,0.0003941279988904848
0.76,0.9867965287725534,0.00044149768595657464,0.9867467110915715,0.00038002620071919414,0.9870547073939204,0.0003507789522301349,0.9864609245730273,0.0004162429876296004,0.986437919897937,0.0005557303364361172,0.9863221646586112,0.00039369677908111437,0.9870547073939204,0.00035077895223019774,0.987066464078036,0.0003659846664351862,0.9868779548526705,0.0004066394726264926,0.9865080883035029,0.00034057882234161377,0.9865425444248397,0.0003882405390618468,0.9866639754454236,0.00028938724347562557,0.986759371655328,0.0004612648669928749
0.78,0.9867632643562791,0.00028581565233785536,0.9867536979293864,0.00039511121367375785,0.9869954294986603,0.00037632028973903797,0.986462828984941,0.0003164098130791069,0.9865102436136106,0.0005454020187559498,0.9862658550181379,0.0003969160470318292,0.9869954294986603,0.0003763202897390626,0.986942332807403,0.00030379243848406947,0.9868449506943548,0.00035983682344008623,0.9864419027129662,0.00047654089165303457,0.9865698972073851,0.00040804117755787063,0.9865844261463603,0.00040281153059214286,0.9867893864834015,0.00039379506056169857
0.8,0.9866631273557619,0.0004336647173387692,0.9866834351160707,0.0003916637298509978,0.9868503623554347,0.00034682398136706065,0.9863818668567981,0.0002406877339563532,0.9863842428339283,0.0005360572178738506,0.986271038080412,0.0003574216055342391,0.9868670073371073,0.00033562647366450145,0.9868670073371073,0.00033562647366450573,0.9868864671208711,0.0003667347559603842,0.9863428345420374,0.00038657516047456674,0.9864963120637784,0.00039973596686696645,0.9865356797241096,0.00042636887530881484,0.9867702878532987,0.00040872300285365703
0.82,0.9866155410423858,0.00032403612973100376,0.9866316112023049,0.0003861005471978882,0.986738489541729,0.0003778964121068669,0.9863508473082507,0.0002654396057629346,0.9863648891816214,0.00039747733014486205,0.986179963548479,0.0003059819652029718,0.9867189922968584,0.0002938713620922687,0.9867700865733215,0.00035713808291180146,0.9867591393568351,0.0004006631140290689,0.9863346394300745,0.00044173700527710155,0.986440568081889,0.0004585279648926249,0.986602994601484,0.0003485593618778109,0.9868256794967705,0.0003944603582657271
0.84,0.9865634648835202,0.0003614572657104009,0.9865384710868434,0.00031191459963901324,0.986651736376535,0.00032554221062957385,0.9863184558529403,0.0003280320523167112,0.9863526808242017,0.0004186300518517152,0.9861879206843057,0.00022912679663628457,0.986651736376535,0.0003255422106295994,0.986682842966946,0.00028808939592802235,0.9866724242713524,0.0003660732747629236,0.9863993012879473,0.00039642935039337486,0.9863303338062939,0.0004079515985753846,0.9866081571048139,0.0003311471688577083,0.9868279133549582,0.0003525667045677028
0.86,0.9864716308920362,0.0003248833046501946,0.9864845397290538,0.00025686651583839285,0.9865719197108267,0.00030548570278990926,0.9864213034431399,0.00031106590963526015,0.9863942155524656,0.00045419965587857115,0.9862069827286006,0.00022286725947297256,0.9865719197108267,0.00030548570278992,0.9866021176861175,0.0002981966904785728,0.9866236658873394,0.0003369124784805769,0.9863628114154095,0.0003729838332632432,0.9862422430158471,0.00033274853680544645,0.9865923962314476,0.00040492984953399827,0.9867954453946132,0.00034029725252160745
0.88,0.9864089838765412,0.00042275865186087476,0.9864659843177096,0.0002701847706754425,0.9864831538741794,0.00029982498593114176,0.9864023015923208,0.00025602838048906896,0.9864107917914522,0.000415315531899627,0.9861819008305744,0.00028742274308091317,0.9865031527705654,0.00029933045400427937,0.9865291655046345,0.00029862676624480016,0.9865386782659191,0.00029897209180123116,0.9863402879575962,0.00033231510841787474,0.9862822859023498,0.0003542883985453513,0.9864632510598303,0.0003667920125849871,0.9866870088991468,0.00037771792579880585
0.9,0.9864235572850079,0.00033233386689430984,0.9863919424119499,0.0003047940812140046,0.9864362322823881,0.00030580397490790435,0.986256030584507,0.00026527984633207397,0.986394308856119,0.00038059658585133015,0.9862512886150144,0.00028549710073061326,0.9864379010053521,0.00030621786500892474,0.9864612958358882,0.0003030239337483658,0.9864612958358882,0.0003030239337483759,0.9862335920975625,0.0003718442576412603,0.9861836834382965,0.000349622546804241,0.9864117200024627,0.00044593352813625963,0.9865709257566599,0.00036567576616282924
0.92,0.9863428688373431,0.00028739923239870074,0.9863264310575894,0.0003834891182519624,0.986492154444871,0.0003077242894428097,0.9862493923353929,0.00034277624990597285,0.9863711672480702,0.0003011811385258355,0.9862000997453025,0.0003010864049308565,0.9865184397919645,0.0003070789776362994,0.986449380792348,0.00030952838297363647,0.9863522117826701,0.00031508909398172974,0.986345627031958,0.000322592478851362,0.9862076343753008,0.00031489127021881415,0.9863198548439654,0.00037582192553836213,0.98657661277801,0.00029729276673977773
0.94,0.9862975442854515,0.00028658347761689257,0.9862529295892304,0.0003015126197454964,0.9864587955880986,0.00035670203868351665,0.9862293247835958,0.0002602347571056982,0.9863238588874577,0.00029176131397171145,0.986256617849639,0.00036495822802908517,0.9865038333660555,0.0002978999329492511,0.9865038333660556,0.00029789993294925,0.9864650560582877,0.00031702854889246464,0.986280557524071,0.0002837678570852261,0.9862354501547625,0.00031418250430474985,0.9863046879245325,0.0003225717813147011,0.9865196775933057,0.00027805986766827223
0.96,0.9861826107117059,0.0002144089132873457,0.9863227590316798,0.0003352639004074907,0.986269349050716,0.00028694726250947365,0.9862538052586954,0.00021101639617014857,0.9862188061805053,0.0003274866843584774,0.9862213738887712,0.00026096576863020055,0.986269349050716,0.0002869472625094901,0.986269349050716,0.00028694726250940567,0.9862693490507161,0.0002869472625094764,0.9861392483858045,0.0002464149224659688,0.986181910973876,0.00022280422659241882,0.9862743909215874,0.00021691451377101284,0.9864488390007489,0.00019751696057481688
0.98,0.986175449496237,0.0002452499080255946,0.9862817321222906,0.0002632130223375637,0.9864053208007081,0.0003042593515097489,0.9862544589597686,0.00019477346578569544,0.9861311525167683,0.0002480833870925233,0.9862574760528395,0.00016658071305459472,0.986405320800708,0.0003042593515097816,0.986405320800708,0.0003042593515097396,0.9863610238212395,0.0003381372671786262,0.9861715926253536,0.0002445430620527493,0.9862310918895483,0.0003163905035791713,0.9861829125287699,0.00020138698700134926,0.9864053208007081,0.0003042593515098014
1.0,0.9862671687624396,0.00026543649049163534,0.9862671687624396,0.00026543649049175504,0.9862671687624396,0.0002654364904916351,0.9862671687624395,0.000265436490491678,0.9862671687624396,0.000265436490491702,0.9862671687624396,0.00026543649049174056,0.9862671687624395,0.0002654364904916447,0.9862671687624395,0.0002654364904916014,0.9862671687624396,0.00026543649049163496,0.9862671687624398,0.00026543649049162114,0.9862671687624396,0.0002654364904917408,0.9862671687624396,0.0002654364904917171,0.9862671687624396,0.00026543649049165415
0.0,0.9881456936469624,0.0016962477813010394,0.9862730405352719,0.003707644247802298,0.9899421331432898,0.0012262994254661822,0.9881583690219097,0.0028662798075574196,0.9888387671282085,0.002430015875793705,0.9829311934793049,0.00604422757203047,0.9899421331432867,0.0012262994254632331,0.9899421331432858,0.0012262994254653792,0.9899324596861103,0.001217158531824911,0.9915509662565057,0.0007713140994353036,0.991550966256502,0.0007713140994370205,0.9915509662565015,0.0007713140994336767,0.991550966256503,0.0007713140994377389
0.02,0.9881456936469624,0.0016962477813010394,0.9862730405352719,0.003707644247802298,0.9899421331432898,0.0012262994254661822,0.9881583690219097,0.0028662798075574196,0.9888387671282085,0.002430015875793705,0.9829311934793049,0.00604422757203047,0.9899421331432867,0.0012262994254632331,0.9899421331432858,0.0012262994254653792,0.9899324596861103,0.001217158531824911,0.9915509662565057,0.0007713140994353036,0.991550966256502,0.0007713140994370205,0.9915509662565015,0.0007713140994336767,0.991550966256503,0.0007713140994377389
0.04,0.9874042995321479,0.001512813794397897,0.9879185453131532,0.0018256662635010735,0.9907465496998956,0.00033351271069600595,0.987489136149535,0.002469832166439682,0.9883191991286167,0.002601340560874865,0.9863402266312045,0.0022107956570815075,0.9907465496998942,0.0003335127106944851,0.9907465496998936,0.0003335127106937339,0.9907465496998955,0.0003335127106952206,0.9884344328075704,0.0018697660633560807,0.9893441236736817,0.005010611179632837,0.9864084316779862,0.002822560922153921,0.9825133780834108,0.005173509326209927
0.06,0.9887447196956783,0.0009049171999417573,0.9877656969315617,0.0008905937857148244,0.9887919399614703,0.0008126347545197342,0.987301709737693,0.002552000188930284,0.98706717200572,0.001957075710848971,0.9860687195748975,0.002825754020017723,0.9894483167875108,0.0006961834106390504,0.9894483167875104,0.0006961834106386014,0.9894483167875117,0.0006961834106398782,0.9839595357098562,0.0037682775848363837,0.9880712260605294,0.0039037326785193722,0.9826697792728956,0.0056880784826581375,0.9842033334634221,0.0035359802481299604
0.08,0.9885218498767464,0.0005951657466236974,0.9887129572762879,0.0006389963599974686,0.9889302986416214,0.0005980788435830897,0.9874662758622186,0.0017904872353980248,0.9873946364218676,0.0026712673706626327,0.9838730807033016,0.004103128192481705,0.9889302986416206,0.0005980788435843764,0.9889302986416205,0.000598078843584998,0.988649986370653,0.0007127017121851627,0.9830990188430315,0.003743771152424148,0.9875124174472291,0.0021598639424601183,0.984437583445444,0.004455899089707754,0.9838960685242265,0.0023851137727330216
0.1,0.9888323394460129,0.0007870531626334364,0.9893314543315195,0.000979965698413467,0.9887303852247293,0.0005619408276900205,0.9875672317410982,0.002286586438327251,0.9868729246998759,0.0018121428538261245,0.9847656327824547,0.003583750237413585,0.9890401526191357,0.0006261760193344896,0.9887303852247284,0.0005619408276906813,0.9887303852247292,0.00056194082769025,0.9845343181617259,0.003461421465010597,0.9871865369514317,0.001950363317634523,0.9848206885548687,0.004229476829472198,0.983584915701079,0.0027923477550266277
0.12,0.9892591257401403,0.0006664961330796087,0.9893647603994712,0.000600149690941214,0.9885562274085145,0.00043542763409625457,0.9879550983458151,0.0018309285477591493,0.9873171941328173,0.001814417023910459,0.9851335356619582,0.0029615317343584364,0.9885562274085139,0.0004354276340966043,0.9877018795508872,0.0008642434538757258,0.9880387515955531,0.000759065304973387,0.9854059850289362,0.003098156253898822,0.9874195530445252,0.0016878382800307133,0.9847219425785769,0.004039374223855959,0.9841864910865372,0.003129983758394387
0.14,0.9887835717589424,0.0006141133583886402,0.9890219208328592,0.0005071356471034424,0.9883491868208478,0.0010828182342267083,0.9877211887337449,0.0011023243974641246,0.9859409134897279,0.0017124878257110943,0.9859018533956675,0.0025676328444064777,0.9866385123928201,0.0015317015848395192,0.9876498279241395,0.000726672051744807,0.9870130814349307,0.0018638811706499824,0.9865749553858121,0.0028104523451268153,0.9873075280467258,0.0015998485900544012,0.9852602918385971,0.004201307964747547,0.9844125890227616,0.0030187559811234873
0.16,0.987253288267699,0.0011423474524213518,0.9886424989942523,0.0002244716282760323,0.987178937191147,0.001203656044321022,0.9874580015541083,0.0008738852937158302,0.9862275819791291,0.0013977649566898462,0.9852063277947947,0.0015522094907901608,0.9869467408466268,0.0015666132375993166,0.9867635379148749,0.0015294053314346089,0.987045946323567,0.0014089369413810013,0.9869735220396286,0.0024638711925511567,0.9867057316500041,0.0027413333823019938,0.9855506608867031,0.003745234219580039,0.9847463542564405,0.002862351842006093
0.18,0.9873306486988741,0.0017669300976917242,0.9885745776041542,0.0002702232857588398,0.9873526091850212,0.0011405511280373319,0.9872908224965804,0.000750033620507492,0.9866886151604156,0.0009320099225611425,0.9854515292707929,0.0013133007778840155,0.98704559861844,0.0014759385110117394,0.9870455986184399,0.0014759385110121918,0.9872860631832703,0.0014183957196350926,0.9870934017614267,0.00236126160794383,0.9868209933464606,0.0025767118824569783,0.9858331841187482,0.0038946334479261725,0.9850805132493059,0.0030690948229928567
0.2,0.987660522851118,0.0013401676124473302,0.988177653488554,0.0003204865835716164,0.9877285222292398,0.0010730597347382576,0.9873738754581471,0.0005978706586692289,0.9868561859239676,0.0009231325833702238,0.9857030728794296,0.0011487543002858273,0.9876957324647144,0.0012372662766841564,0.9870364794108422,0.001215151504509896,0.9870441162134695,0.000756439635916376,0.9869353860170064,0.0021870657253240805,0.9868321217650967,0.0022122147210358765,0.985737631797236,0.0033418807634470597,0.9849655474521051,0.0025525503462846947
0.22,0.9874570640195026,0.0012190978242957024,0.9881562605522051,0.0006370899642502067,0.9880903162746933,0.0011410663588399313,0.9867679246595354,0.0009141590062840639,0.9862528122179138,0.0007837198536054452,0.9862093918966776,0.000772099275626721,0.9879362330697623,0.0010832700254188416,0.9874611142493442,0.0009595603612777946,0.9864657432039073,0.0011712166949016884,0.9868293836409404,0.0023696076722406136,0.9868089824363584,0.0022379631877993147,0.9854381888064303,0.0027854574711398392,0.9851583410411915,0.0023437768734781705
0.24,0.9873248550470396,0.0010741464549784033,0.9876069634153547,0.001384909073118342,0.9879019545946279,0.0009408774593816353,0.9867808230076477,0.0006219216388988559,0.9866131870443707,0.000899731479854773,0.9863401947567556,0.0007890676778532645,0.9877132426115622,0.0007602627909202348,0.9866237810691151,0.0010852915039372012,0.9868637038627224,0.0011436956185108356,0.986848500047097,0.0022632119495437247,0.9860200900275274,0.0011172384663994108,0.9856141242066431,0.002740862335797166,0.9856144031407161,0.0025052872506523055
0.26,0.9872729302476709,0.0010418158145909853,0.9878038863632187,0.0013865714150568442,0.9878872699099315,0.0008787471922102217,0.9870120662461213,0.0005673158559856762,0.9867545951299816,0.0007524961613339405,0.9861572527209631,0.0010225398231810932,0.987043816100931,0.0010612816564902106,0.9866531586419593,0.0011379963785816266,0.9867779848991982,0.0008001626848431606,0.9869857389512915,0.0020015675724014575,0.9860202057163795,0.0012959665616498884,0.9858235724791463,0.0025060216084819764,0.9857353316025412,0.0023291617094856566
0.28,0.9871347919488453,0.000752755089952368,0.9878449833963663,0.001571494849790938,0.9877772556668932,0.0010269265031575255,0.9870941234163393,0.0005861594834782557,0.9868882529098179,0.0008487429143942012,0.9863924350410451,0.0009879917591852595,0.9872096287004233,0.0007617101440626579,0.9867714963760473,0.0009071823183347028,0.9866757327537398,0.0009036889792589129,0.9865762929394633,0.0011448785502269092,0.9863460459595428,0.0013258187765132162,0.9860724005124708,0.0023383658869432287,0.985978659101262,0.002115831180282759
0.3,0.9871593322148824,0.0007485339800997276,0.987720718882491,0.001523105263363105,0.9875709806821085,0.001025899122374619,0.9865834084258529,0.0009464645261515252,0.9869748972293434,0.0008213427460330184,0.9865107403281472,0.0010603695516244428,0.9868363555182234,0.00065637715776149,0.9868857521539959,0.0008233367883214614,0.9865833457327029,0.0006470266495637639,0.9868101088395413,0.0010874697089427482,0.9865683635756126,0.0011936182943241744,0.9864974714094957,0.0019719778124786366,0.9864559311065432,0.0016709653820316652
0.32,0.987178536241933,0.0007763278296942018,0.9877746892273344,0.0014971907239545812,0.9876311926341643,0.0013548868747180157,0.9862496258623343,0.0013265599958906724,0.9868166947417603,0.0007205780424834675,0.9866670439206997,0.0010206962395321267,0.9868144634327172,0.0007032359172286059,0.9869030481269994,0.0006603094984556516,0.9865367826016482,0.0007786235343928039,0.9868604613856407,0.0008704564493279319,0.9868774506494904,0.0009269064364597295,0.9868449189240636,0.0016051773845519378,0.9867612542082012,0.0014361924784488836
0.34,0.9872193754738235,0.0007796769727677051,0.9879939099386945,0.0010768760560266745,0.9876182453521944,0.0012667542672307585,0.9863066786434683,0.0012285599513986486,0.9867868355956406,0.0007793706596931165,0.9866376948189735,0.0008675575575226604,0.9868281130236659,0.0005609210571525885,0.9868088667471876,0.0005120261647663571,0.986815357913215,0.0006828720480633057,0.9871159313670979,0.000883052409681124,0.9869006437369443,0.0009273240275525026,0.9871317242132784,0.0014099533316893652,0.9869437056159776,0.0011384213469790663
0.36,0.9872375266893493,0.000865069556297056,0.987847745849864,0.0008514066248402494,0.9872599301892209,0.0013034065073387053,0.986304068559233,0.0011113460282437576,0.9867259383345622,0.0007160082484837574,0.9868793606173778,0.0009056474193987684,0.9866760672094371,0.0007372370223361236,0.9867208736132301,0.0008090948783291146,0.9866043285583486,0.000691737316613339,0.986968761405083,0.000822371854780705,0.9869158339007902,0.0006385528140837873,0.9867239482875008,0.0008319384035363919,0.987036168147584,0.0011019005624209354
0.38,0.9873252465762761,0.000717535524886695,0.987750932937968,0.0008938170243685775,0.9869595648053754,0.0013016278507226619,0.9864838433709828,0.0011445818537254456,0.9868884217258939,0.0007347457136523142,0.9868759162345868,0.0008137707051497528,0.9866540767471976,0.0008907462343724516,0.9866666490752491,0.000905236730539748,0.9866616703529922,0.0008994632719928226,0.9870151915306278,0.0006699826178326105,0.9870784617867632,0.0007574193344951855,0.986750288954141,0.0007695600724592754,0.9870935042268143,0.0011979885333488578
0.4,0.9874345640817394,0.0006567030073069288,0.9878206260553481,0.0007448415350521043,0.986423095849888,0.0008132519828141282,0.9864472532416793,0.0010533241365244484,0.9871257664349598,0.0005157662494444877,0.986877793879724,0.0006513096845845,0.9866098317418432,0.0009568497062655712,0.9865500108734573,0.0009597719578395233,0.9865249916210275,0.0009232773596425517,0.9871181778039468,0.0005692090964559129,0.987178197636511,0.0007330185346757409,0.9866769086370251,0.0007038588164934389,0.9869207420927619,0.0008969501741928624
0.42,0.9874836172914635,0.0004905377586823662,0.9873822486349347,0.0005801609742438147,0.9864605036974001,0.0008397435014263788,0.9865774932592267,0.000856263024305682,0.9870473210510134,0.0003336061409236593,0.9867969460213142,0.0006836272020366091,0.9865356323355428,0.0008996430015576863,0.9865356323355428,0.0008996430015577532,0.9864857725380116,0.0008700467751846632,0.9870963124496654,0.0006878104497956892,0.9869092864114487,0.0005456183955766258,0.9867878323684767,0.0005901905053929634,0.9869758255470802,0.0009739355349997272
0.44,0.9872160369105458,0.000653861809813725,0.9874433623137832,0.0004792559707474609,0.9865568123737483,0.0008397075047169072,0.9865795960262096,0.0008403271618197079,0.9870296095055697,0.000185531323410446,0.9869727988324438,0.000721180716063104,0.9866721896679023,0.0009694772141405931,0.9866721896679023,0.00096947721414065,0.9866834774805598,0.0008975031346023111,0.987002047588589,0.0002682024416026409,0.9870211083309959,0.0004876913993809647,0.9868145922249125,0.0006184979605366253,0.98712681986502,0.0008985000440222017
0.46,0.9873102418550569,0.0006081243227334435,0.9874449678904751,0.0005128680246255326,0.9867289672052024,0.0005448792254183243,0.9865624278839309,0.0008430497730836507,0.9869105329471748,0.000216913432586768,0.9868804780752992,0.0005206550658159794,0.9867756564702738,0.0006702178540192999,0.9868984599287894,0.0008136230443175387,0.9867959969099386,0.0009425861596091152,0.9870035733695295,0.00046387119065163774,0.9870222755496534,0.00045547944864578297,0.9868987199108261,0.0005781684785385754,0.9870643819266235,0.0010834067498997917
0.48,0.9872977545243463,0.0004928752799629714,0.9872371570598341,0.0005999657912248679,0.9869262871640306,0.0005529296352806119,0.9867125889424766,0.0007550800878337615,0.9870566109628613,0.0002459678883026866,0.9868616010591699,0.0005699439430094157,0.9869743703662079,0.0006449836137822516,0.9870425955354155,0.0006858897147786077,0.9869557006779618,0.0007201656136549159,0.9870376892106902,0.0005207839920362003,0.9869367920843155,0.0004224587585975427,0.986882608903055,0.0007126403010480468,0.9872003588761395,0.0010872813579574276
0.5,0.987295185501419,0.0004806872122508287,0.9871415298224516,0.000519601709786912,0.987043743822261,0.00048200262306696167,0.9866658048211644,0.0007080962898055919,0.9870655841917307,0.00029439794356600626,0.9867551125632996,0.0004466410043427886,0.9871347854647681,0.0005432595137652537,0.9871156377372322,0.0005734302196275413,0.9870857501477373,0.000632008840838006,0.9870941152340196,0.0005563555914538958,0.9869027311267757,0.0004827153591632705,0.9868116570800308,0.0007130220969406003,0.9872866052815191,0.0008669245019769792
0.52,0.9874032605119021,0.00043667392379677014,0.9869710948747243,0.000490642763958553,0.9872114062555762,0.0004574435113758165,0.9867278537909319,0.0007375123127981564,0.9870601902835007,0.000337841950504756,0.9867223729346035,0.00045016506322238906,0.9872726750748183,0.0004889418395063052,0.9871840999995243,0.0004898012574104374,0.9871348596839153,0.00047154441465629174,0.9870250127152744,0.0005415245340649202,0.986920925355791,0.0004661068860160116,0.986917380739847,0.0006239842383020556,0.9870726198107497,0.0006378875612879684
0.54,0.987335492018635,0.00043369380820153355,0.9869935977602475,0.0004623111056380096,0.9872745626047974,0.0005011089052277531,0.9868556251827812,0.0006906707272800124,0.9870759204794153,0.0002614652460649471,0.9866301521375559,0.0004519204198444173,0.987394690364576,0.0005005026578786522,0.987394690364576,0.0005005026578787912,0.987339580819564,0.0004946619701124211,0.9871033529291382,0.00047432552880450707,0.9869074860972111,0.0005100133954717313,0.9869682860155874,0.0005300539010835614,0.9870742651081266,0.0005855131944540264
0.56,0.9872292717836317,0.0003180112893244157,0.9871121940315419,0.0005475271823471801,0.9873290990581296,0.0004991575167789274,0.9868219341778302,0.0007548443495850841,0.9870848992661094,0.0004131018666697173,0.986713581210396,0.0004007906428758395,0.9873643958702547,0.0004451216003125076,0.9873643958702547,0.00044512160031261243,0.9872920201798188,0.0004408688482545351,0.9871673070218188,0.00040307519063051124,0.986797119268156,0.0005773859429039303,0.986903083999805,0.0006463502839027398,0.9870091766034683,0.0005547148503080475
0.58,0.9871156253412032,0.00031757446552315913,0.9871576232502481,0.00048758644345417727,0.9873258646423654,0.0004582669710835527,0.9867710645791639,0.0007257086954587495,0.9869627780409906,0.0005451772025578216,0.9868350191187303,0.0005538334486279413,0.987312064429216,0.00046328907410349664,0.9873120644292159,0.0004632890741035655,0.9872357840453173,0.00046046892771822305,0.9871853146875191,0.0003892405917999491,0.9868225719138981,0.000544997581823572,0.986989542091927,0.0005890645208260445,0.987081613549478,0.0004869196503208802
0.6,0.9870960196426062,0.0004299202375805429,0.987067407971002,0.0005244449553703602,0.9872268179485726,0.0004393048733385502,0.9866832235887331,0.0007383359451419296,0.986830447004017,0.000633634134366578,0.9867837510515911,0.0005241722555522156,0.9872268179485724,0.00043930487333860907,0.9872268179485724,0.00043930487333867867,0.9872268179485726,0.00043930487333860516,0.9871681111479784,0.00038896688892921694,0.9867422023508792,0.0004806298769822015,0.98697478548971,0.0005564014735939118,0.9870658344211832,0.00047519321161174527
0.62,0.9872979773755872,0.00030632089574241997,0.9871343696397987,0.00045599968183488733,0.9873973930742054,0.0004654491845355612,0.9868256504703616,0.0007443504691347567,0.9868803195940771,0.0005027073951977186,0.9866831400067798,0.0005939612907903044,0.9873973930742053,0.0004654491845356217,0.9874577935027289,0.0004321381184695278,0.9871042227933183,0.00040997736068778715,0.9870362567973092,0.000362850296321028,0.9867568195407987,0.0004367886219022325,0.9868630352524127,0.0005233253372342753,0.9869627659820891,0.0005666425047329621
0.64,0.98717499845574,0.0004318362013423583,0.9872271464551333,0.0004321338302177609,0.9873491899307218,0.00040896184557230706,0.9868175981409708,0.0007369162572409128,0.9866369194720148,0.000580967447551471,0.9866417586964279,0.0005323415049796341,0.9871868923581042,0.000494514930927499,0.9873491899307217,0.0004089618455723549,0.9873318114600091,0.00040984262652165644,0.987014230536894,0.00035872050637756497,0.9867132218617758,0.0005142668137187627,0.9869143949311492,0.0005134814081809422,0.9868966365226077,0.000521631309351987
0.66,0.9871365794106142,0.0004058330459233806,0.9871590868644875,0.0003030961964286025,0.9872768668551424,0.0003118559316859588,0.986820096361403,0.0006707436108327458,0.9866568087323524,0.0005148396959782871,0.9865856505091563,0.00046124226336715567,0.9871517973477089,0.00047021189568734894,0.987291425736883,0.0004043783192323729,0.9871964719584291,0.0004314444649312636,0.9868766463887728,0.0003848314931636258,0.9866842562931339,0.00034394057897580674,0.9868804425731675,0.00035762863069895907,0.9869796592575076,0.0005199623031827124
0.68,0.9871884773674799,0.0004399390062946095,0.9871784470450116,0.00033263630574624704,0.9872861441267707,0.00026006942571045965,0.9867032169180603,0.0006792567835851383,0.9866537728160643,0.00048380014856163223,0.9864727025520296,0.00042729670143698626,0.9870809778529428,0.0004634155569307083,0.9872935371922008,0.0003571806398278038,0.9872106118426414,0.00038790658724479206,0.9866943906805596,0.0005561617002241372,0.9867259753617061,0.00045787640953201775,0.9867826311349821,0.0003883758709108266,0.9869954605707637,0.0005853118544657945
0.7,0.9870713708626947,0.0004963254321047801,0.987044272100292,0.00037261626345457975,0.9871913150072504,0.0003118946277528474,0.9866286261893669,0.0005237670581084117,0.9866162659107139,0.0004909929996637457,0.9864587588726199,0.0004328287206880345,0.987139282980839,0.0003393131931767557,0.9872492003299571,0.0002873596638733926,0.9871976437440495,0.0003133512871075753,0.9866468361797486,0.000559263995510131,0.986687665797279,0.0004484130967456645,0.9867095766776458,0.0003261567746047826,0.9869407140793844,0.0006298889846542112
0.72,0.9870468867779439,0.00039647072505967496,0.9869847395357787,0.00038629157186746455,0.9871100089054865,0.0003397608941429681,0.9865081620240047,0.0003883507614495947,0.9865499936393016,0.0005460181856333545,0.9864680932105832,0.00046134717864333377,0.9871764188734509,0.00029509478588101877,0.9872066059480868,0.00033625908766598,0.9871112251746725,0.0003184919670031745,0.9865167616826063,0.0005711360734292145,0.9866666863538044,0.00043722956550798546,0.9866577735267831,0.0002501011675295818,0.9868610219222765,0.0005333451390736245
0.74,0.9869475128391738,0.0004490250515771073,0.986802274768114,0.00042063973594297534,0.9871242431258697,0.00034682822045197073,0.9864653364390534,0.0003488214546475093,0.9864365346423969,0.00045011122716715905,0.9863062170617434,0.00037680208564450383,0.9871280725140923,0.00034243899072520975,0.9870926678250312,0.0002778225588227298,0.9869803387757157,0.00033545663395553415,0.9864876643725617,0.0004051041647626571,0.9866094341930894,0.00040266489952955084,0.9866333921494866,0.00020933401139324113,0.9867779464253766,0.0003941279988904848
0.76,0.9867965287725534,0.00044149768595657464,0.9867467110915715,0.00038002620071919414,0.9870547073939204,0.0003507789522301349,0.9864609245730273,0.0004162429876296004,0.986437919897937,0.0005557303364361172,0.9863221646586112,0.00039369677908111437,0.9870547073939204,0.00035077895223019774,0.987066464078036,0.0003659846664351862,0.9868779548526705,0.0004066394726264926,0.9865080883035029,0.00034057882234161377,0.9865425444248397,0.0003882405390618468,0.9866639754454236,0.00028938724347562557,0.986759371655328,0.0004612648669928749
0.78,0.9867632643562791,0.00028581565233785536,0.9867536979293864,0.00039511121367375785,0.9869954294986603,0.00037632028973903797,0.986462828984941,0.0003164098130791069,0.9865102436136106,0.0005454020187559498,0.9862658550181379,0.0003969160470318292,0.9869954294986603,0.0003763202897390626,0.986942332807403,0.00030379243848406947,0.9868449506943548,0.00035983682344008623,0.9864419027129662,0.00047654089165303457,0.9865698972073851,0.00040804117755787063,0.9865844261463603,0.00040281153059214286,0.9867893864834015,0.00039379506056169857
0.8,0.9866631273557619,0.0004336647173387692,0.9866834351160707,0.0003916637298509978,0.9868503623554347,0.00034682398136706065,0.9863818668567981,0.0002406877339563532,0.9863842428339283,0.0005360572178738506,0.986271038080412,0.0003574216055342391,0.9868670073371073,0.00033562647366450145,0.9868670073371073,0.00033562647366450573,0.9868864671208711,0.0003667347559603842,0.9863428345420374,0.00038657516047456674,0.9864963120637784,0.00039973596686696645,0.9865356797241096,0.00042636887530881484,0.9867702878532987,0.00040872300285365703
0.82,0.9866155410423858,0.00032403612973100376,0.9866316112023049,0.0003861005471978882,0.986738489541729,0.0003778964121068669,0.9863508473082507,0.0002654396057629346,0.9863648891816214,0.00039747733014486205,0.986179963548479,0.0003059819652029718,0.9867189922968584,0.0002938713620922687,0.9867700865733215,0.00035713808291180146,0.9867591393568351,0.0004006631140290689,0.9863346394300745,0.00044173700527710155,0.986440568081889,0.0004585279648926249,0.986602994601484,0.0003485593618778109,0.9868256794967705,0.0003944603582657271
0.84,0.9865634648835202,0.0003614572657104009,0.9865384710868434,0.00031191459963901324,0.986651736376535,0.00032554221062957385,0.9863184558529403,0.0003280320523167112,0.9863526808242017,0.0004186300518517152,0.9861879206843057,0.00022912679663628457,0.986651736376535,0.0003255422106295994,0.986682842966946,0.00028808939592802235,0.9866724242713524,0.0003660732747629236,0.9863993012879473,0.00039642935039337486,0.9863303338062939,0.0004079515985753846,0.9866081571048139,0.0003311471688577083,0.9868279133549582,0.0003525667045677028
0.86,0.9864716308920362,0.0003248833046501946,0.9864845397290538,0.00025686651583839285,0.9865719197108267,0.00030548570278990926,0.9864213034431399,0.00031106590963526015,0.9863942155524656,0.00045419965587857115,0.9862069827286006,0.00022286725947297256,0.9865719197108267,0.00030548570278992,0.9866021176861175,0.0002981966904785728,0.9866236658873394,0.0003369124784805769,0.9863628114154095,0.0003729838332632432,0.9862422430158471,0.00033274853680544645,0.9865923962314476,0.00040492984953399827,0.9867954453946132,0.00034029725252160745
0.88,0.9864089838765412,0.00042275865186087476,0.9864659843177096,0.0002701847706754425,0.9864831538741794,0.00029982498593114176,0.9864023015923208,0.00025602838048906896,0.9864107917914522,0.000415315531899627,0.9861819008305744,0.00028742274308091317,0.9865031527705654,0.00029933045400427937,0.9865291655046345,0.00029862676624480016,0.9865386782659191,0.00029897209180123116,0.9863402879575962,0.00033231510841787474,0.9862822859023498,0.0003542883985453513,0.9864632510598303,0.0003667920125849871,0.9866870088991468,0.00037771792579880585
0.9,0.9864235572850079,0.00033233386689430984,0.9863919424119499,0.0003047940812140046,0.9864362322823881,0.00030580397490790435,0.986256030584507,0.00026527984633207397,0.986394308856119,0.00038059658585133015,0.9862512886150144,0.00028549710073061326,0.9864379010053521,0.00030621786500892474,0.9864612958358882,0.0003030239337483658,0.9864612958358882,0.0003030239337483759,0.9862335920975625,0.0003718442576412603,0.9861836834382965,0.000349622546804241,0.9864117200024627,0.00044593352813625963,0.9865709257566599,0.00036567576616282924
0.92,0.9863428688373431,0.00028739923239870074,0.9863264310575894,0.0003834891182519624,0.986492154444871,0.0003077242894428097,0.9862493923353929,0.00034277624990597285,0.9863711672480702,0.0003011811385258355,0.9862000997453025,0.0003010864049308565,0.9865184397919645,0.0003070789776362994,0.986449380792348,0.00030952838297363647,0.9863522117826701,0.00031508909398172974,0.986345627031958,0.000322592478851362,0.9862076343753008,0.00031489127021881415,0.9863198548439654,0.00037582192553836213,0.98657661277801,0.00029729276673977773
0.94,0.9862975442854515,0.00028658347761689257,0.9862529295892304,0.0003015126197454964,0.9864587955880986,0.00035670203868351665,0.9862293247835958,0.0002602347571056982,0.9863238588874577,0.00029176131397171145,0.986256617849639,0.00036495822802908517,0.9865038333660555,0.0002978999329492511,0.9865038333660556,0.00029789993294925,0.9864650560582877,0.00031702854889246464,0.986280557524071,0.0002837678570852261,0.9862354501547625,0.00031418250430474985,0.9863046879245325,0.0003225717813147011,0.9865196775933057,0.00027805986766827223
0.96,0.9861826107117059,0.0002144089132873457,0.9863227590316798,0.0003352639004074907,0.986269349050716,0.00028694726250947365,0.9862538052586954,0.00021101639617014857,0.9862188061805053,0.0003274866843584774,0.9862213738887712,0.00026096576863020055,0.986269349050716,0.0002869472625094901,0.986269349050716,0.00028694726250940567,0.9862693490507161,0.0002869472625094764,0.9861392483858045,0.0002464149224659688,0.986181910973876,0.00022280422659241882,0.9862743909215874,0.00021691451377101284,0.9864488390007489,0.00019751696057481688
0.98,0.986175449496237,0.0002452499080255946,0.9862817321222906,0.0002632130223375637,0.9864053208007081,0.0003042593515097489,0.9862544589597686,0.00019477346578569544,0.9861311525167683,0.0002480833870925233,0.9862574760528395,0.00016658071305459472,0.986405320800708,0.0003042593515097816,0.986405320800708,0.0003042593515097396,0.9863610238212395,0.0003381372671786262,0.9861715926253536,0.0002445430620527493,0.9862310918895483,0.0003163905035791713,0.9861829125287699,0.00020138698700134926,0.9864053208007081,0.0003042593515098014
1.0,0.9862671687624396,0.00026543649049163534,0.9862671687624396,0.00026543649049175504,0.9862671687624396,0.0002654364904916351,0.9862671687624395,0.000265436490491678,0.9862671687624396,0.000265436490491702,0.9862671687624396,0.00026543649049174056,0.9862671687624395,0.0002654364904916447,0.9862671687624395,0.0002654364904916014,0.9862671687624396,0.00026543649049163496,0.9862671687624398,0.00026543649049162114,0.9862671687624396,0.0002654364904917408,0.9862671687624396,0.0002654364904917171,0.9862671687624396,0.00026543649049165415
0.0,0.4386674462351917,0.0,0.4386674462351935,0.0,0.4336047266588702,0.0,0.4386674462351895,0.0,0.316601692601699,0.0,0.41880972610821304,0.0,0.4336047266588684,0.0,0.4336047266588693,0.0,0.31660169260168824,0.0,0.31660169260169446,0.0,0.31660169260170246,0.0,0.31660169260169135,0.0,0.316601692601691,0.0
0.02,0.4386674462351917,0.0,0.4386674462351935,0.0,0.4336047266588702,0.0,0.4386674462351895,0.0,0.316601692601699,0.0,0.41880972610821304,0.0,0.4336047266588684,0.0,0.4336047266588693,0.0,0.31660169260168824,0.0,0.31660169260169446,0.0,0.31660169260170246,0.0,0.31660169260169135,0.0,0.316601692601691,0.0
0.04,0.45879348362998795,0.0,0.37763456941844303,0.0,0.3751032096302814,0.0,0.41719841656368356,0.0,0.35593984834575104,0.0,0.41880972610821304,0.0,0.3751032096302805,0.0,0.37510320963028093,0.0,0.3751032096302818,0.0,0.3776345694184434,0.0,0.35593984834575276,0.0,0.3559398483457472,0.0,0.32030712487171253,0.0
0.06,0.41150363529814693,0.0,0.4113962199538901,0.0,0.396291288498585,0.0,0.4098916124057234,0.0,0.43165493975803737,0.0,0.41880972610821304,0.0,0.39629128849858447,0.0,0.39629128849858475,0.0,0.39629128849858536,0.0,0.359760565326207,0.0,0.3692030278612277,0.0,0.3452974179444095,0.0,0.3521146930011841,0.0
0.08,0.41408992682989176,0.0,0.43350726543274654,0.0,0.4169483466301348,0.0,0.3865691324547157,0.0,0.40474434410396154,0.0,0.41880972610821304,0.0,0.41694834663013436,0.0,0.4169483466301346,0.0,0.416948346630135,0.0,0.36863992501710596,0.0,0.38656913245471886,0.0,0.36737424512302597,0.0,0.3629055207733389,0.0
0.1,0.4312400218377766,0.0,0.42595168972463276,0.0,0.433526757677971,0.0,0.40503921016872935,0.0,0.4115289645302077,0.0,0.41880972610821304,0.0,0.43352675767797066,0.0,0.43352675767797083,0.0,0.4335267576779712,0.0,0.39069584421864156,0.0,0.420209367588425,0.0,0.35138007030135854,0.0,0.37673581495621533,0.0
0.12,0.41213363363176264,0.0,0.44091331975996156,0.0,0.41527439092193147,0.0,0.39761427644218456,0.0,0.39623023071905417,0.0,0.41880972610821304,0.0,0.41527439092193125,0.0,0.4152743909219314,0.0,0.41527439092193164,0.0,0.39153476799756426,0.0,0.40417656584730977,0.0,0.38527844327167365,0.0,0.38621396690665866,0.0
0.14,0.39954490841890145,0.0,0.4571786038118599,0.0,0.4124822474891095,0.0,0.41221800864606045,0.0,0.4080429864770156,0.0,0.41880972610821304,0.0,0.41533945354167356,0.0,0.41533945354167373,0.0,0.4124822474891096,0.0,0.3812778813783817,0.0,0.3846794288386123,0.0,0.3796034775197459,0.0,0.38040535492116156,0.0
0.16,0.4122183449830889,0.0,0.44509247931155993,0.0,0.41288819521048675,0.0,0.4011923272080196,0.0,0.40650378652891084,0.0,0.41880972610821304,0.0,0.4128881952104866,0.0,0.4128881952104867,0.0,0.4128881952104868,0.0,0.3677874550202882,0.0,0.39645944036188374,0.0,0.3841192714872935,0.0,0.38768811633541544,0.0
0.18,0.4103862385285432,0.0,0.4253818268087674,0.0,0.39675579649670234,0.0,0.41391778751119584,0.0,0.40934303154655644,0.0,0.41880972610821304,0.0,0.41388381812322433,0.0,0.41388381812322445,0.0,0.4070661299437061,0.0,0.38856332758728385,0.0,0.3986005946839108,0.0,0.39018017979261566,0.0,0.3978249390786786,0.0
0.2,0.4013212708420175,0.0,0.44144942725555003,0.0,0.39312917762797817,0.0,0.42800303957240116,0.0,0.3951783890705435,0.0,0.41880972610821304,0.0,0.408544397091848,0.0,0.41818838154527505,0.0,0.4058873173583158,0.0,0.39127997775456824,0.0,0.3932959035163376,0.0,0.39962143868908695,0.0,0.3946804161666765,0.0
0.22,0.4007718829554526,0.0,0.4307733481542941,0.0,0.395740052518628,0.0,0.434608001146993,0.0,0.3853806601563749,0.0,0.41880972610821304,0.0,0.39574005251862787,0.0,0.40450731111265253,0.0,0.3933245254881441,0.0,0.40122339949441754,0.0,0.41054946888599875,0.0,0.4025701253253264,0.0,0.40285426640219035,0.0
0.24,0.413605085052769,0.0,0.4300296359268634,0.0,0.4057385039701262,0.0,0.42503538119001744,0.0,0.3949189719657867,0.0,0.41880972610821304,0.0,0.40573850397012606,0.0,0.40680311782724154,0.0,0.3957015484828926,0.0,0.39658425645389767,0.0,0.40298172661743936,0.0,0.3956673283534897,0.0,0.4110045456097504,0.0
0.26,0.409519279110976,0.0,0.4303046429062489,0.0,0.4172024889049818,0.0,0.4243195695031028,0.0,0.39968900891793624,0.0,0.41880972610821304,0.0,0.4130399741949557,0.0,0.4032405401335661,0.0,0.40493385013317823,0.0,0.3938077450197102,0.0,0.4044330400641845,0.0,0.40207134317435855,0.0,0.42424151306920116,0.0
0.28,0.4129057200561728,0.0,0.4224069228174659,0.0,0.4231635694755482,0.0,0.4241430860689616,0.0,0.4012718512398784,0.0,0.41880972610821304,0.0,0.41617493691986823,0.0,0.4112748922623547,0.0,0.41177126204458775,0.0,0.38831604456362123,0.0,0.4007881134308264,0.0,0.3928772808414496,0.0,0.4240706050946244,0.0
0.3,0.4187558465119554,0.0,0.41728337349684674,0.0,0.4213045317831652,0.0,0.4292623737265242,0.0,0.4022357164412283,0.0,0.41880972610821304,0.0,0.41723374057105844,0.0,0.41723374057105844,0.0,0.4213045317831652,0.0,0.39055156168772154,0.0,0.3951971684444022,0.0,0.39306742124483146,0.0,0.414022862789225,0.0
0.32,0.4185667204337161,0.0,0.42249426370910076,0.0,0.42353108931820055,0.0,0.41951812977571856,0.0,0.40419627957983123,0.0,0.41880972610821304,0.0,0.4258297760430704,0.0,0.41586150704098,0.0,0.42353108931820055,0.0,0.38287312700639065,0.0,0.38846005610504514,0.0,0.3948662575060999,0.0,0.4128795205456595,0.0
0.34,0.424281705698592,0.0,0.4137213346976027,0.0,0.4330914859039884,0.0,0.41516727996586333,0.0,0.40987047589236536,0.0,0.41880972610821304,0.0,0.42403261298699585,0.0,0.4256981903081347,0.0,0.43291662068669523,0.0,0.3897535549395039,0.0,0.3950599126219784,0.0,0.3924273051349864,0.0,0.42122603746198833,0.0
0.36,0.41990792666023574,0.0,0.41383291772885406,0.0,0.4330340140030846,0.0,0.42012103026793357,0.0,0.4076449292440417,0.0,0.41880972610821304,0.0,0.4328688635200855,0.0,0.4328688635200855,0.0,0.4328688635200855,0.0,0.4004941975863432,0.0,0.3971153059034086,0.0,0.39845536601262055,0.0,0.41785179137018125,0.0
0.38,0.41219458686304616,0.0,0.4112974588777304,0.0,0.44093144077042806,0.0,0.41313589030723646,0.0,0.40915609153385296,0.0,0.41880972610821304,0.0,0.44093144077042806,0.0,0.44093144077042806,0.0,0.44093144077042806,0.0,0.40655879086793595,0.0,0.3906015777249994,0.0,0.4038344318484253,0.0,0.41882575039019565,0.0
0.4,0.4059550260706283,0.0,0.41543309239905624,0.0,0.4361625528823156,0.0,0.4109761114918876,0.0,0.4137449070037803,0.0,0.41880972610821304,0.0,0.4361625528823156,0.0,0.4361625528823156,0.0,0.43487169681507104,0.0,0.4112774713711592,0.0,0.3927517351716932,0.0,0.4127969663851346,0.0,0.41535747432731435,0.0
0.42,0.39937129181899966,0.0,0.4144733262890918,0.0,0.4306184580623619,0.0,0.4041532779344847,0.0,0.41049770586113266,0.0,0.41880972610821304,0.0,0.4306184580623619,0.0,0.4306184580623619,0.0,0.4306184580623619,0.0,0.41476867600859585,0.0,0.39806521375414244,0.0,0.4107499982821539,0.0,0.4108040975337892,0.0
0.44,0.400927357038994,0.0,0.41766057367401166,0.0,0.4234700949919651,0.0,0.41228654360030853,0.0,0.406244352805375,0.0,0.41880972610821304,0.0,0.4234700949919651,0.0,0.4234700949919651,0.0,0.4234700949919651,0.0,0.4155545085394652,0.0,0.39678091477543326,0.0,0.40648517738907713,0.0,0.41485120227631317,0.0
0.46,0.4024677768525358,0.0,0.41486681252284463,0.0,0.4261276025469809,0.0,0.41583974297874066,0.0,0.41270200303658694,0.0,0.41880972610821304,0.0,0.4261276025469809,0.0,0.4261276025469809,0.0,0.41755415047121397,0.0,0.4128523154376263,0.0,0.4005988214702983,0.0,0.40045089171070103,0.0,0.4093099922214599,0.0
0.48,0.4099934995912889,0.0,0.41845287870657616,0.0,0.428956041161867,0.0,0.4117182511310625,0.0,0.40689585584813054,0.0,0.41880972610821304,0.0,0.428956041161867,0.0,0.4203474262331354,0.0,0.4133612249780161,0.0,0.40762527608667054,0.0,0.3984680467895596,0.0,0.4045921213006433,0.0,0.4069805786787812,0.0
0.5,0.41376715102376244,0.0,0.42503816846161746,0.0,0.42642416749769246,0.0,0.40938568377370677,0.0,0.4050396059265837,0.0,0.41880972610821304,0.0,0.4244747570607709,0.0,0.4162104867291886,0.0,0.4165871811510653,0.0,0.4110806702153736,0.0,0.40228973009014707,0.0,0.4058627169586358,0.0,0.41073865156892597,0.0
0.52,0.4168534194191657,0.0,0.425308123201083,0.0,0.4236157021015185,0.0,0.4070808585952015,0.0,0.40809934295853545,0.0,0.41880972610821304,0.0,0.41920278067438316,0.0,0.41920278067438316,0.0,0.41920278067438316,0.0,0.41205283723595365,0.0,0.4060836789686953,0.0,0.40434413976632894,0.0,0.407130393379139,0.0
0.54,0.415111094115587,0.0,0.42571734133254124,0.0,0.41966415530644247,0.0,0.40557340864569985,0.0,0.41208534766142696,0.0,0.41880972610821304,0.0,0.4167657912863382,0.0,0.4167657912863382,0.0,0.4167657912863382,0.0,0.4104883112724939,0.0,0.40439500966650144,0.0,0.402311402335449,0.0,0.4019661790608904,0.0
0.56,0.41571630474316323,0.0,0.42664434021697156,0.0,0.41494055586745127,0.0,0.4041479011782643,0.0,0.4099895876448464,0.0,0.41880972610821304,0.0,0.41494055586745127,0.0,0.41494055586745127,0.0,0.41977174163084047,0.0,0.41214692345360954,0.0,0.41088296758114756,0.0,0.40081776681666365,0.0,0.4008223981658679,0.0
0.58,0.41809135522641033,0.0,0.4276886544282391,0.0,0.41567905438065833,0.0,0.4029638575591014,0.0,0.4084857987591157,0.0,0.41880972610821304,0.0,0.41567905438065833,0.0,0.41567905438065833,0.0,0.4203436475315168,0.0,0.4181438513095745,0.0,0.41176138293181336,0.0,0.3996054024284168,0.0,0.3997530270643738,0.0
0.6,0.4159351122921023,0.0,0.4302435254607354,0.0,0.41852083259904976,0.0,0.40476271071858905,0.0,0.4109713293108045,0.0,0.41880972610821304,0.0,0.41852083259904976,0.0,0.41852083259904976,0.0,0.41852083259904976,0.0,0.41639436291783877,0.0,0.4103673473007616,0.0,0.4027522266576111,0.0,0.4016589079070191,0.0
0.62,0.41431330865550237,0.0,0.4265880549179525,0.0,0.4195902673570349,0.0,0.4057818817518751,0.0,0.41661928098712026,0.0,0.41880972610821304,0.0,0.4195902673570349,0.0,0.4195902673570349,0.0,0.42128902462498774,0.0,0.41423519731186237,0.0,0.4089483912574679,0.0,0.4038291238226269,0.0,0.4076072602737795,0.0
0.64,0.41548080870053633,0.0,0.4283525443051971,0.0,0.4222385335459753,0.0,0.4095718365545315,0.0,0.41903774499703045,0.0,0.41880972610821304,0.0,0.4222385335459753,0.0,0.4222385335459753,0.0,0.4222385335459753,0.0,0.4127587843185187,0.0,0.41178876658908814,0.0,0.40952377093056336,0.0,0.40617867017918435,0.0
0.66,0.4139928966174491,0.0,0.426582476720199,0.0,0.42065373901428693,0.0,0.41491989700065457,0.0,0.4216225037972152,0.0,0.41880972610821304,0.0,0.4205458419221172,0.0,0.4205458419221172,0.0,0.4205458419221172,0.0,0.4114612549149351,0.0,0.4120012291378517,0.0,0.40980486971140345,0.0,0.4049508074330728,0.0
0.68,0.41905362998977685,0.0,0.4295377108001014,0.0,0.4237833477325985,0.0,0.4135101936043078,0.0,0.420015664906852,0.0,0.41880972610821304,0.0,0.4190574440420626,0.0,0.4190536299897767,0.0,0.4190536299897767,0.0,0.41211253349563925,0.0,0.4131680550484028,0.0,0.4085456082941523,0.0,0.40437006548149107,0.0
0.7,0.4208821467132055,0.0,0.4272497827524576,0.0,0.4221432437962002,0.0,0.4155411243229656,0.0,0.4193851495997368,0.0,0.41880972610821304,0.0,0.4221432437962002,0.0,0.41765039239007623,0.0,0.41765039239007623,0.0,0.41413936726175754,0.0,0.4118486815191589,0.0,0.4074425998857554,0.0,0.40330206308273037,0.0
0.72,0.4194670958045126,0.0,0.42336516020418624,0.0,0.4201242711666549,0.0,0.41604289105451864,0.0,0.417442790697871,0.0,0.41880972610821304,0.0,0.42068956025248744,0.0,0.42068956025248744,0.0,0.4157562211884788,0.0,0.4128127101144492,0.0,0.41046100640048044,0.0,0.41013404948346016,0.0,0.4064248243842269,0.0
0.74,0.42237502390268467,0.0,0.4218415067263668,0.0,0.41876444319519235,0.0,0.41647570458514577,0.0,0.4161589399763139,0.0,0.41880972610821304,0.0,0.41876444319519235,0.0,0.41876444319519235,0.0,0.41876444319519235,0.0,0.4124109511696754,0.0,0.4111549261943351,0.0,0.4089103594382389,0.0,0.406759289419742,0.0
0.76,0.4227371558729588,0.0,0.4232529093057999,0.0,0.42045621351399726,0.0,0.41740195736176267,0.0,0.4166846531025452,0.0,0.41880972610821304,0.0,0.42045621351399726,0.0,0.42045621351399726,0.0,0.42045621351399726,0.0,0.4148299994389768,0.0,0.4099365733421229,0.0,0.4100357002450376,0.0,0.40794123733229065,0.0
0.78,0.4226362039454031,0.0,0.4228013862324528,0.0,0.42007640058915785,0.0,0.4190852844886349,0.0,0.41925245908039654,0.0,0.41880972610821304,0.0,0.42007640058915785,0.0,0.42186694662248003,0.0,0.4190852844886349,0.0,0.4157746997122489,0.0,0.4118113205720628,0.0,0.40939903052283905,0.0,0.41014813199823824,0.0
0.8,0.4217004383737503,0.0,0.42127866100780986,0.0,0.4214613606930496,0.0,0.4177295903216759,0.0,0.41924114837084375,0.0,0.41880972610821304,0.0,0.4214613606930496,0.0,0.4214613606930496,0.0,0.4187492401125506,0.0,0.41585033298689983,0.0,0.4144367647137299,0.0,0.41058729106836134,0.0,0.41003551643441377,0.0
0.82,0.42112110156360566,0.0,0.42164103607525605,0.0,0.42000845865777364,0.0,0.4172471034640209,0.0,0.4218708870797715,0.0,0.41880972610821304,0.0,0.4213964502053724,0.0,0.42000845865777364,0.0,0.41736248735972586,0.0,0.4151029000135436,0.0,0.4142222950730356,0.0,0.4134280994675935,0.0,0.411816399333813,0.0
0.84,0.4207525874655499,0.0,0.42157339309009007,0.0,0.41997968656350015,0.0,0.4169708274159552,0.0,0.42053251356733656,0.0,0.41880972610821304,0.0,0.41997968656350015,0.0,0.41997968656350015,0.0,0.4161123690371199,0.0,0.4138359828048101,0.0,0.4138348030274352,0.0,0.41589002772404954,0.0,0.4123954383680818,0.0
0.86,0.42202519716971915,0.0,0.42025441924637347,0.0,0.4187473678416715,0.0,0.4162321007569631,0.0,0.4201862576575209,0.0,0.41880972610821304,0.0,0.4187473678416715,0.0,0.4187473678416715,0.0,0.41749289079776425,0.0,0.4143545887575611,0.0,0.41620426039741587,0.0,0.41565173660128707,0.0,0.41506206620689107,0.0
0.88,0.42417983101219703,0.0,0.419029994035289,0.0,0.4175225985227761,0.0,0.41499710704082154,0.0,0.41892878629735625,0.0,0.41880972610821304,0.0,0.4175225985227761,0.0,0.4175225985227761,0.0,0.4175225985227761,0.0,0.41322965532694095,0.0,0.4150555090146906,0.0,0.4179260487225443,0.0,0.41737495302579686,0.0
0.9,0.42290894546803415,0.0,0.417936230528339,0.0,0.41793623052833895,0.0,0.4154668610793167,0.0,0.41817938173695485,0.0,0.41880972610821304,0.0,0.41793623052833895,0.0,0.41793623052833895,0.0,0.41793623052833895,0.0,0.41575922821827294,0.0,0.4163981600309159,0.0,0.4193732857578162,0.0,0.4186660608417753,0.0
0.92,0.4216469579102568,0.0,0.4172246946707511,0.0,0.417224694670751,0.0,0.41553932128842475,0.0,0.4169557512045588,0.0,0.41880972610821304,0.0,0.417224694670751,0.0,0.42008607521769564,0.0,0.42008607521769564,0.0,0.4155393212884249,0.0,0.418803861670176,0.0,0.418907510614338,0.0,0.420528424419196,0.0
0.94,0.42011107006392306,0.0,0.4168145443406887,0.0,0.41934393704453815,0.0,0.4168145443406886,0.0,0.4176944226703466,0.0,0.41880972610821304,0.0,0.41934393704453815,0.0,0.41934393704453815,0.0,0.41934393704453815,0.0,0.41681454434068876,0.0,0.4180890046363274,0.0,0.4176944226703465,0.0,0.41934393704453815,0.0
0.96,0.41883994618778275,0.0,0.41801166864922323,0.0,0.4188981806302315,0.0,0.4188981806302315,0.0,0.41647364561490585,0.0,0.41880972610821304,0.0,0.4188981806302315,0.0,0.4188981806302315,0.0,0.4188981806302315,0.0,0.4156120980837825,0.0,0.41686000712326204,0.0,0.4164736456149057,0.0,0.4188981806302315,0.0
0.98,0.4176777509032716,0.0,0.41680933100350825,0.0,0.4200283506408461,0.0,0.41767775090327147,0.0,0.41765329593195566,0.0,0.41880972610821304,0.0,0.4200283506408461,0.0,0.4200283506408461,0.0,0.42002835064084615,0.0,0.4176777509032716,0.0,0.4180317725115699,0.0,0.41767775090327147,0.0,0.42002835064084615,0.0
1.0,0.41880972610821315,0.0,0.41880972610821304,0.0,0.41880972610821293,0.0,0.41880972610821304,0.0,0.4188097261082131,0.0,0.41880972610821304,0.0,0.41880972610821293,0.0,0.41880972610821293,0.0,0.41880972610821304,0.0,0.4188097261082131,0.0,0.4188097261082131,0.0,0.41880972610821293,0.0,0.41880972610821304,0.0
0.0,0.4386674462351917,0.0,0.4386674462351935,0.0,0.4336047266588702,0.0,0.4386674462351895,0.0,0.316601692601699,0.0,0.41880972610821304,0.0,0.4336047266588684,0.0,0.4336047266588693,0.0,0.31660169260168824,0.0,0.31660169260169446,0.0,0.31660169260170246,0.0,0.31660169260169135,0.0,0.316601692601691,0.0
0.02,0.4386674462351917,0.0,0.4386674462351935,0.0,0.4336047266588702,0.0,0.4386674462351895,0.0,0.316601692601699,0.0,0.41880972610821304,0.0,0.4336047266588684,0.0,0.4336047266588693,0.0,0.31660169260168824,0.0,0.31660169260169446,0.0,0.31660169260170246,0.0,0.31660169260169135,0.0,0.316601692601691,0.0
0.04,0.45879348362998795,0.0,0.37763456941844303,0.0,0.3751032096302814,0.0,0.41719841656368356,0.0,0.35593984834575104,0.0,0.41880972610821304,0.0,0.3751032096302805,0.0,0.37510320963028093,0.0,0.3751032096302818,0.0,0.3776345694184434,0.0,0.35593984834575276,0.0,0.3559398483457472,0.0,0.32030712487171253,0.0
0.06,0.41150363529814693,0.0,0.4113962199538901,0.0,0.396291288498585,0.0,0.4098916124057234,0.0,0.43165493975803737,0.0,0.41880972610821304,0.0,0.39629128849858447,0.0,0.39629128849858475,0.0,0.39629128849858536,0.0,0.359760565326207,0.0,0.3692030278612277,0.0,0.3452974179444095,0.0,0.3521146930011841,0.0
0.08,0.41408992682989176,0.0,0.43350726543274654,0.0,0.4169483466301348,0.0,0.3865691324547157,0.0,0.40474434410396154,0.0,0.41880972610821304,0.0,0.41694834663013436,0.0,0.4169483466301346,0.0,0.416948346630135,0.0,0.36863992501710596,0.0,0.38656913245471886,0.0,0.36737424512302597,0.0,0.3629055207733389,0.0
0.1,0.4312400218377766,0.0,0.42595168972463276,0.0,0.433526757677971,0.0,0.40503921016872935,0.0,0.4115289645302077,0.0,0.41880972610821304,0.0,0.43352675767797066,0.0,0.43352675767797083,0.0,0.4335267576779712,0.0,0.39069584421864156,0.0,0.420209367588425,0.0,0.35138007030135854,0.0,0.37673581495621533,0.0
0.12,0.41213363363176264,0.0,0.44091331975996156,0.0,0.41527439092193147,0.0,0.39761427644218456,0.0,0.39623023071905417,0.0,0.41880972610821304,0.0,0.41527439092193125,0.0,0.4152743909219314,0.0,0.41527439092193164,0.0,0.39153476799756426,0.0,0.40417656584730977,0.0,0.38527844327167365,0.0,0.38621396690665866,0.0
0.14,0.39954490841890145,0.0,0.4571786038118599,0.0,0.4124822474891095,0.0,0.41221800864606045,0.0,0.4080429864770156,0.0,0.41880972610821304,0.0,0.41533945354167356,0.0,0.41533945354167373,0.0,0.4124822474891096,0.0,0.3812778813783817,0.0,0.3846794288386123,0.0,0.3796034775197459,0.0,0.38040535492116156,0.0
0.16,0.4122183449830889,0.0,0.44509247931155993,0.0,0.41288819521048675,0.0,0.4011923272080196,0.0,0.40650378652891084,0.0,0.41880972610821304,0.0,0.4128881952104866,0.0,0.4128881952104867,0.0,0.4128881952104868,0.0,0.3677874550202882,0.0,0.39645944036188374,0.0,0.3841192714872935,0.0,0.38768811633541544,0.0
0.18,0.4103862385285432,0.0,0.4253818268087674,0.0,0.39675579649670234,0.0,0.41391778751119584,0.0,0.40934303154655644,0.0,0.41880972610821304,0.0,0.41388381812322433,0.0,0.41388381812322445,0.0,0.4070661299437061,0.0,0.38856332758728385,0.0,0.3986005946839108,0.0,0.39018017979261566,0.0,0.3978249390786786,0.0
0.2,0.4013212708420175,0.0,0.44144942725555003,0.0,0.39312917762797817,0.0,0.42800303957240116,0.0,0.3951783890705435,0.0,0.41880972610821304,0.0,0.408544397091848,0.0,0.41818838154527505,0.0,0.4058873173583158,0.0,0.39127997775456824,0.0,0.3932959035163376,0.0,0.39962143868908695,0.0,0.3946804161666765,0.0
0.22,0.4007718829554526,0.0,0.4307733481542941,0.0,0.395740052518628,0.0,0.434608001146993,0.0,0.3853806601563749,0.0,0.41880972610821304,0.0,0.39574005251862787,0.0,0.40450731111265253,0.0,0.3933245254881441,0.0,0.40122339949441754,0.0,0.41054946888599875,0.0,0.4025701253253264,0.0,0.40285426640219035,0.0
0.24,0.413605085052769,0.0,0.4300296359268634,0.0,0.4057385039701262,0.0,0.42503538119001744,0.0,0.3949189719657867,0.0,0.41880972610821304,0.0,0.40573850397012606,0.0,0.40680311782724154,0.0,0.3957015484828926,0.0,0.39658425645389767,0.0,0.40298172661743936,0.0,0.3956673283534897,0.0,0.4110045456097504,0.0
0.26,0.409519279110976,0.0,0.4303046429062489,0.0,0.4172024889049818,0.0,0.4243195695031028,0.0,0.39968900891793624,0.0,0.41880972610821304,0.0,0.4130399741949557,0.0,0.4032405401335661,0.0,0.40493385013317823,0.0,0.3938077450197102,0.0,0.4044330400641845,0.0,0.40207134317435855,0.0,0.42424151306920116,0.0
0.28,0.4129057200561728,0.0,0.4224069228174659,0.0,0.4231635694755482,0.0,0.4241430860689616,0.0,0.4012718512398784,0.0,0.41880972610821304,0.0,0.41617493691986823,0.0,0.4112748922623547,0.0,0.41177126204458775,0.0,0.38831604456362123,0.0,0.4007881134308264,0.0,0.3928772808414496,0.0,0.4240706050946244,0.0
0.3,0.4187558465119554,0.0,0.41728337349684674,0.0,0.4213045317831652,0.0,0.4292623737265242,0.0,0.4022357164412283,0.0,0.41880972610821304,0.0,0.41723374057105844,0.0,0.41723374057105844,0.0,0.4213045317831652,0.0,0.39055156168772154,0.0,0.3951971684444022,0.0,0.39306742124483146,0.0,0.414022862789225,0.0
0.32,0.4185667204337161,0.0,0.42249426370910076,0.0,0.42353108931820055,0.0,0.41951812977571856,0.0,0.40419627957983123,0.0,0.41880972610821304,0.0,0.4258297760430704,0.0,0.41586150704098,0.0,0.42353108931820055,0.0,0.38287312700639065,0.0,0.38846005610504514,0.0,0.3948662575060999,0.0,0.4128795205456595,0.0
0.34,0.424281705698592,0.0,0.4137213346976027,0.0,0.4330914859039884,0.0,0.41516727996586333,0.0,0.40987047589236536,0.0,0.41880972610821304,0.0,0.42403261298699585,0.0,0.4256981903081347,0.0,0.43291662068669523,0.0,0.3897535549395039,0.0,0.3950599126219784,0.0,0.3924273051349864,0.0,0.42122603746198833,0.0
0.36,0.41990792666023574,0.0,0.41383291772885406,0.0,0.4330340140030846,0.0,0.42012103026793357,0.0,0.4076449292440417,0.0,0.41880972610821304,0.0,0.4328688635200855,0.0,0.4328688635200855,0.0,0.4328688635200855,0.0,0.4004941975863432,0.0,0.3971153059034086,0.0,0.39845536601262055,0.0,0.41785179137018125,0.0
0.38,0.41219458686304616,0.0,0.4112974588777304,0.0,0.44093144077042806,0.0,0.41313589030723646,0.0,0.40915609153385296,0.0,0.41880972610821304,0.0,0.44093144077042806,0.0,0.44093144077042806,0.0,0.44093144077042806,0.0,0.40655879086793595,0.0,0.3906015777249994,0.0,0.4038344318484253,0.0,0.41882575039019565,0.0
0.4,0.4059550260706283,0.0,0.41543309239905624,0.0,0.4361625528823156,0.0,0.4109761114918876,0.0,0.4137449070037803,0.0,0.41880972610821304,0.0,0.4361625528823156,0.0,0.4361625528823156,0.0,0.43487169681507104,0.0,0.4112774713711592,0.0,0.3927517351716932,0.0,0.4127969663851346,0.0,0.41535747432731435,0.0
0.42,0.39937129181899966,0.0,0.4144733262890918,0.0,0.4306184580623619,0.0,0.4041532779344847,0.0,0.41049770586113266,0.0,0.41880972610821304,0.0,0.4306184580623619,0.0,0.4306184580623619,0.0,0.4306184580623619,0.0,0.41476867600859585,0.0,0.39806521375414244,0.0,0.4107499982821539,0.0,0.4108040975337892,0.0
0.44,0.400927357038994,0.0,0.41766057367401166,0.0,0.4234700949919651,0.0,0.41228654360030853,0.0,0.406244352805375,0.0,0.41880972610821304,0.0,0.4234700949919651,0.0,0.4234700949919651,0.0,0.4234700949919651,0.0,0.4155545085394652,0.0,0.39678091477543326,0.0,0.40648517738907713,0.0,0.41485120227631317,0.0
0.46,0.4024677768525358,0.0,0.41486681252284463,0.0,0.4261276025469809,0.0,0.41583974297874066,0.0,0.41270200303658694,0.0,0.41880972610821304,0.0,0.4261276025469809,0.0,0.4261276025469809,0.0,0.41755415047121397,0.0,0.4128523154376263,0.0,0.4005988214702983,0.0,0.40045089171070103,0.0,0.4093099922214599,0.0
0.48,0.4099934995912889,0.0,0.41845287870657616,0.0,0.428956041161867,0.0,0.4117182511310625,0.0,0.40689585584813054,0.0,0.41880972610821304,0.0,0.428956041161867,0.0,0.4203474262331354,0.0,0.4133612249780161,0.0,0.40762527608667054,0.0,0.3984680467895596,0.0,0.4045921213006433,0.0,0.4069805786787812,0.0
0.5,0.41376715102376244,0.0,0.42503816846161746,0.0,0.42642416749769246,0.0,0.40938568377370677,0.0,0.4050396059265837,0.0,0.41880972610821304,0.0,0.4244747570607709,0.0,0.4162104867291886,0.0,0.4165871811510653,0.0,0.4110806702153736,0.0,0.40228973009014707,0.0,0.4058627169586358,0.0,0.41073865156892597,0.0
0.52,0.4168534194191657,0.0,0.425308123201083,0.0,0.4236157021015185,0.0,0.4070808585952015,0.0,0.40809934295853545,0.0,0.41880972610821304,0.0,0.41920278067438316,0.0,0.41920278067438316,0.0,0.41920278067438316,0.0,0.41205283723595365,0.0,0.4060836789686953,0.0,0.40434413976632894,0.0,0.407130393379139,0.0
0.54,0.415111094115587,0.0,0.42571734133254124,0.0,0.41966415530644247,0.0,0.40557340864569985,0.0,0.41208534766142696,0.0,0.41880972610821304,0.0,0.4167657912863382,0.0,0.4167657912863382,0.0,0.4167657912863382,0.0,0.4104883112724939,0.0,0.40439500966650144,0.0,0.402311402335449,0.0,0.4019661790608904,0.0
0.56,0.41571630474316323,0.0,0.42664434021697156,0.0,0.41494055586745127,0.0,0.4041479011782643,0.0,0.4099895876448464,0.0,0.41880972610821304,0.0,0.41494055586745127,0.0,0.41494055586745127,0.0,0.41977174163084047,0.0,0.41214692345360954,0.0,0.41088296758114756,0.0,0.40081776681666365,0.0,0.4008223981658679,0.0
0.58,0.41809135522641033,0.0,0.4276886544282391,0.0,0.41567905438065833,0.0,0.4029638575591014,0.0,0.4084857987591157,0.0,0.41880972610821304,0.0,0.41567905438065833,0.0,0.41567905438065833,0.0,0.4203436475315168,0.0,0.4181438513095745,0.0,0.41176138293181336,0.0,0.3996054024284168,0.0,0.3997530270643738,0.0
0.6,0.4159351122921023,0.0,0.4302435254607354,0.0,0.41852083259904976,0.0,0.40476271071858905,0.0,0.4109713293108045,0.0,0.41880972610821304,0.0,0.41852083259904976,0.0,0.41852083259904976,0.0,0.41852083259904976,0.0,0.41639436291783877,0.0,0.4103673473007616,0.0,0.4027522266576111,0.0,0.4016589079070191,0.0
0.62,0.41431330865550237,0.0,0.4265880549179525,0.0,0.4195902673570349,0.0,0.4057818817518751,0.0,0.41661928098712026,0.0,0.41880972610821304,0.0,0.4195902673570349,0.0,0.4195902673570349,0.0,0.42128902462498774,0.0,0.41423519731186237,0.0,0.4089483912574679,0.0,0.4038291238226269,0.0,0.4076072602737795,0.0
0.64,0.41548080870053633,0.0,0.4283525443051971,0.0,0.4222385335459753,0.0,0.4095718365545315,0.0,0.41903774499703045,0.0,0.41880972610821304,0.0,0.4222385335459753,0.0,0.4222385335459753,0.0,0.4222385335459753,0.0,0.4127587843185187,0.0,0.41178876658908814,0.0,0.40952377093056336,0.0,0.40617867017918435,0.0
0.66,0.4139928966174491,0.0,0.426582476720199,0.0,0.42065373901428693,0.0,0.41491989700065457,0.0,0.4216225037972152,0.0,0.41880972610821304,0.0,0.4205458419221172,0.0,0.4205458419221172,0.0,0.4205458419221172,0.0,0.4114612549149351,0.0,0.4120012291378517,0.0,0.40980486971140345,0.0,0.4049508074330728,0.0
0.68,0.41905362998977685,0.0,0.4295377108001014,0.0,0.4237833477325985,0.0,0.4135101936043078,0.0,0.420015664906852,0.0,0.41880972610821304,0.0,0.4190574440420626,0.0,0.4190536299897767,0.0,0.4190536299897767,0.0,0.41211253349563925,0.0,0.4131680550484028,0.0,0.4085456082941523,0.0,0.40437006548149107,0.0
0.7,0.4208821467132055,0.0,0.4272497827524576,0.0,0.4221432437962002,0.0,0.4155411243229656,0.0,0.4193851495997368,0.0,0.41880972610821304,0.0,0.4221432437962002,0.0,0.41765039239007623,0.0,0.41765039239007623,0.0,0.41413936726175754,0.0,0.4118486815191589,0.0,0.4074425998857554,0.0,0.40330206308273037,0.0
0.72,0.4194670958045126,0.0,0.42336516020418624,0.0,0.4201242711666549,0.0,0.41604289105451864,0.0,0.417442790697871,0.0,0.41880972610821304,0.0,0.42068956025248744,0.0,0.42068956025248744,0.0,0.4157562211884788,0.0,0.4128127101144492,0.0,0.41046100640048044,0.0,0.41013404948346016,0.0,0.4064248243842269,0.0
0.74,0.42237502390268467,0.0,0.4218415067263668,0.0,0.41876444319519235,0.0,0.41647570458514577,0.0,0.4161589399763139,0.0,0.41880972610821304,0.0,0.41876444319519235,0.0,0.41876444319519235,0.0,0.41876444319519235,0.0,0.4124109511696754,0.0,0.4111549261943351,0.0,0.4089103594382389,0.0,0.406759289419742,0.0
0.76,0.4227371558729588,0.0,0.4232529093057999,0.0,0.42045621351399726,0.0,0.41740195736176267,0.0,0.4166846531025452,0.0,0.41880972610821304,0.0,0.42045621351399726,0.0,0.42045621351399726,0.0,0.42045621351399726,0.0,0.4148299994389768,0.0,0.4099365733421229,0.0,0.4100357002450376,0.0,0.40794123733229065,0.0
0.78,0.4226362039454031,0.0,0.4228013862324528,0.0,0.42007640058915785,0.0,0.4190852844886349,0.0,0.41925245908039654,0.0,0.41880972610821304,0.0,0.42007640058915785,0.0,0.42186694662248003,0.0,0.4190852844886349,0.0,0.4157746997122489,0.0,0.4118113205720628,0.0,0.40939903052283905,0.0,0.41014813199823824,0.0
0.8,0.4217004383737503,0.0,0.42127866100780986,0.0,0.4214613606930496,0.0,0.4177295903216759,0.0,0.41924114837084375,0.0,0.41880972610821304,0.0,0.4214613606930496,0.0,0.4214613606930496,0.0,0.4187492401125506,0.0,0.41585033298689983,0.0,0.4144367647137299,0.0,0.41058729106836134,0.0,0.41003551643441377,0.0
0.82,0.42112110156360566,0.0,0.42164103607525605,0.0,0.42000845865777364,0.0,0.4172471034640209,0.0,0.4218708870797715,0.0,0.41880972610821304,0.0,0.4213964502053724,0.0,0.42000845865777364,0.0,0.41736248735972586,0.0,0.4151029000135436,0.0,0.4142222950730356,0.0,0.4134280994675935,0.0,0.411816399333813,0.0
0.84,0.4207525874655499,0.0,0.42157339309009007,0.0,0.41997968656350015,0.0,0.4169708274159552,0.0,0.42053251356733656,0.0,0.41880972610821304,0.0,0.41997968656350015,0.0,0.41997968656350015,0.0,0.4161123690371199,0.0,0.4138359828048101,0.0,0.4138348030274352,0.0,0.41589002772404954,0.0,0.4123954383680818,0.0
0.86,0.42202519716971915,0.0,0.42025441924637347,0.0,0.4187473678416715,0.0,0.4162321007569631,0.0,0.4201862576575209,0.0,0.41880972610821304,0.0,0.4187473678416715,0.0,0.4187473678416715,0.0,0.41749289079776425,0.0,0.4143545887575611,0.0,0.41620426039741587,0.0,0.41565173660128707,0.0,0.41506206620689107,0.0
0.88,0.42417983101219703,0.0,0.419029994035289,0.0,0.4175225985227761,0.0,0.41499710704082154,0.0,0.41892878629735625,0.0,0.41880972610821304,0.0,0.4175225985227761,0.0,0.4175225985227761,0.0,0.4175225985227761,0.0,0.41322965532694095,0.0,0.4150555090146906,0.0,0.4179260487225443,0.0,0.41737495302579686,0.0
0.9,0.42290894546803415,0.0,0.417936230528339,0.0,0.41793623052833895,0.0,0.4154668610793167,0.0,0.41817938173695485,0.0,0.41880972610821304,0.0,0.41793623052833895,0.0,0.41793623052833895,0.0,0.41793623052833895,0.0,0.41575922821827294,0.0,0.4163981600309159,0.0,0.4193732857578162,0.0,0.4186660608417753,0.0
0.92,0.4216469579102568,0.0,0.4172246946707511,0.0,0.417224694670751,0.0,0.41553932128842475,0.0,0.4169557512045588,0.0,0.41880972610821304,0.0,0.417224694670751,0.0,0.42008607521769564,0.0,0.42008607521769564,0.0,0.4155393212884249,0.0,0.418803861670176,0.0,0.418907510614338,0.0,0.420528424419196,0.0
0.94,0.42011107006392306,0.0,0.4168145443406887,0.0,0.41934393704453815,0.0,0.4168145443406886,0.0,0.4176944226703466,0.0,0.41880972610821304,0.0,0.41934393704453815,0.0,0.41934393704453815,0.0,0.41934393704453815,0.0,0.41681454434068876,0.0,0.4180890046363274,0.0,0.4176944226703465,0.0,0.41934393704453815,0.0
0.96,0.41883994618778275,0.0,0.41801166864922323,0.0,0.4188981806302315,0.0,0.4188981806302315,0.0,0.41647364561490585,0.0,0.41880972610821304,0.0,0.4188981806302315,0.0,0.4188981806302315,0.0,0.4188981806302315,0.0,0.4156120980837825,0.0,0.41686000712326204,0.0,0.4164736456149057,0.0,0.4188981806302315,0.0
0.98,0.4176777509032716,0.0,0.41680933100350825,0.0,0.4200283506408461,0.0,0.41767775090327147,0.0,0.41765329593195566,0.0,0.41880972610821304,0.0,0.4200283506408461,0.0,0.4200283506408461,0.0,0.42002835064084615,0.0,0.4176777509032716,0.0,0.4180317725115699,0.0,0.41767775090327147,0.0,0.42002835064084615,0.0
1.0,0.41880972610821315,0.0,0.41880972610821304,0.0,0.41880972610821293,0.0,0.41880972610821304,0.0,0.4188097261082131,0.0,0.41880972610821304,0.0,0.41880972610821293,0.0,0.41880972610821293,0.0,0.41880972610821304,0.0,0.4188097261082131,0.0,0.4188097261082131,0.0,0.41880972610821293,0.0,0.41880972610821304,0.0
0.0,0.4386674462351917,0.0,0.4386674462351935,0.0,0.4336047266588702,0.0,0.4386674462351895,0.0,0.316601692601699,0.0,0.41880972610821304,0.0,0.4336047266588684,0.0,0.4336047266588693,0.0,0.31660169260168824,0.0,0.31660169260169446,0.0,0.31660169260170246,0.0,0.31660169260169135,0.0,0.316601692601691,0.0
0.02,0.4386674462351917,0.0,0.4386674462351935,0.0,0.4336047266588702,0.0,0.4386674462351895,0.0,0.316601692601699,0.0,0.41880972610821304,0.0,0.4336047266588684,0.0,0.4336047266588693,0.0,0.31660169260168824,0.0,0.31660169260169446,0.0,0.31660169260170246,0.0,0.31660169260169135,0.0,0.316601692601691,0.0
0.04,0.45879348362998795,0.0,0.37763456941844303,0.0,0.3751032096302814,0.0,0.41719841656368356,0.0,0.35593984834575104,0.0,0.41880972610821304,0.0,0.3751032096302805,0.0,0.37510320963028093,0.0,0.3751032096302818,0.0,0.3776345694184434,0.0,0.35593984834575276,0.0,0.3559398483457472,0.0,0.32030712487171253,0.0
0.06,0.41150363529814693,0.0,0.4113962199538901,0.0,0.396291288498585,0.0,0.4098916124057234,0.0,0.43165493975803737,0.0,0.41880972610821304,0.0,0.39629128849858447,0.0,0.39629128849858475,0.0,0.39629128849858536,0.0,0.359760565326207,0.0,0.3692030278612277,0.0,0.3452974179444095,0.0,0.3521146930011841,0.0
0.08,0.41408992682989176,0.0,0.43350726543274654,0.0,0.4169483466301348,0.0,0.3865691324547157,0.0,0.40474434410396154,0.0,0.41880972610821304,0.0,0.41694834663013436,0.0,0.4169483466301346,0.0,0.416948346630135,0.0,0.36863992501710596,0.0,0.38656913245471886,0.0,0.36737424512302597,0.0,0.3629055207733389,0.0
0.1,0.4312400218377766,0.0,0.42595168972463276,0.0,0.433526757677971,0.0,0.40503921016872935,0.0,0.4115289645302077,0.0,0.41880972610821304,0.0,0.43352675767797066,0.0,0.43352675767797083,0.0,0.4335267576779712,0.0,0.39069584421864156,0.0,0.420209367588425,0.0,0.35138007030135854,0.0,0.37673581495621533,0.0
0.12,0.41213363363176264,0.0,0.44091331975996156,0.0,0.41527439092193147,0.0,0.39761427644218456,0.0,0.39623023071905417,0.0,0.41880972610821304,0.0,0.41527439092193125,0.0,0.4152743909219314,0.0,0.41527439092193164,0.0,0.39153476799756426,0.0,0.40417656584730977,0.0,0.38527844327167365,0.0,0.38621396690665866,0.0
0.14,0.39954490841890145,0.0,0.4571786038118599,0.0,0.4124822474891095,0.0,0.41221800864606045,0.0,0.4080429864770156,0.0,0.41880972610821304,0.0,0.41533945354167356,0.0,0.41533945354167373,0.0,0.4124822474891096,0.0,0.3812778813783817,0.0,0.3846794288386123,0.0,0.3796034775197459,0.0,0.38040535492116156,0.0
0.16,0.4122183449830889,0.0,0.44509247931155993,0.0,0.41288819521048675,0.0,0.4011923272080196,0.0,0.40650378652891084,0.0,0.41880972610821304,0.0,0.4128881952104866,0.0,0.4128881952104867,0.0,0.4128881952104868,0.0,0.3677874550202882,0.0,0.39645944036188374,0.0,0.3841192714872935,0.0,0.38768811633541544,0.0
0.18,0.4103862385285432,0.0,0.4253818268087674,0.0,0.39675579649670234,0.0,0.41391778751119584,0.0,0.40934303154655644,0.0,0.41880972610821304,0.0,0.41388381812322433,0.0,0.41388381812322445,0.0,0.4070661299437061,0.0,0.38856332758728385,0.0,0.3986005946839108,0.0,0.39018017979261566,0.0,0.3978249390786786,0.0
0.2,0.4013212708420175,0.0,0.44144942725555003,0.0,0.39312917762797817,0.0,0.42800303957240116,0.0,0.3951783890705435,0.0,0.41880972610821304,0.0,0.408544397091848,0.0,0.41818838154527505,0.0,0.4058873173583158,0.0,0.39127997775456824,0.0,0.3932959035163376,0.0,0.39962143868908695,0.0,0.3946804161666765,0.0
0.22,0.4007718829554526,0.0,0.4307733481542941,0.0,0.395740052518628,0.0,0.434608001146993,0.0,0.3853806601563749,0.0,0.41880972610821304,0.0,0.39574005251862787,0.0,0.40450731111265253,0.0,0.3933245254881441,0.0,0.40122339949441754,0.0,0.41054946888599875,0.0,0.4025701253253264,0.0,0.40285426640219035,0.0
0.24,0.413605085052769,0.0,0.4300296359268634,0.0,0.4057385039701262,0.0,0.42503538119001744,0.0,0.3949189719657867,0.0,0.41880972610821304,0.0,0.40573850397012606,0.0,0.40680311782724154,0.0,0.3957015484828926,0.0,0.39658425645389767,0.0,0.40298172661743936,0.0,0.3956673283534897,0.0,0.4110045456097504,0.0
0.26,0.409519279110976,0.0,0.4303046429062489,0.0,0.4172024889049818,0.0,0.4243195695031028,0.0,0.39968900891793624,0.0,0.41880972610821304,0.0,0.4130399741949557,0.0,0.4032405401335661,0.0,0.40493385013317823,0.0,0.3938077450197102,0.0,0.4044330400641845,0.0,0.40207134317435855,0.0,0.42424151306920116,0.0
0.28,0.4129057200561728,0.0,0.4224069228174659,0.0,0.4231635694755482,0.0,0.4241430860689616,0.0,0.4012718512398784,0.0,0.41880972610821304,0.0,0.41617493691986823,0.0,0.4112748922623547,0.0,0.41177126204458775,0.0,0.38831604456362123,0.0,0.4007881134308264,0.0,0.3928772808414496,0.0,0.4240706050946244,0.0
0.3,0.4187558465119554,0.0,0.41728337349684674,0.0,0.4213045317831652,0.0,0.4292623737265242,0.0,0.4022357164412283,0.0,0.41880972610821304,0.0,0.41723374057105844,0.0,0.41723374057105844,0.0,0.4213045317831652,0.0,0.39055156168772154,0.0,0.3951971684444022,0.0,0.39306742124483146,0.0,0.414022862789225,0.0
0.32,0.4185667204337161,0.0,0.42249426370910076,0.0,0.42353108931820055,0.0,0.41951812977571856,0.0,0.40419627957983123,0.0,0.41880972610821304,0.0,0.4258297760430704,0.0,0.41586150704098,0.0,0.42353108931820055,0.0,0.38287312700639065,0.0,0.38846005610504514,0.0,0.3948662575060999,0.0,0.4128795205456595,0.0
0.34,0.424281705698592,0.0,0.4137213346976027,0.0,0.4330914859039884,0.0,0.41516727996586333,0.0,0.40987047589236536,0.0,0.41880972610821304,0.0,0.42403261298699585,0.0,0.4256981903081347,0.0,0.43291662068669523,0.0,0.3897535549395039,0.0,0.3950599126219784,0.0,0.3924273051349864,0.0,0.42122603746198833,0.0
0.36,0.41990792666023574,0.0,0.41383291772885406,0.0,0.4330340140030846,0.0,0.42012103026793357,0.0,0.4076449292440417,0.0,0.41880972610821304,0.0,0.4328688635200855,0.0,0.4328688635200855,0.0,0.4328688635200855,0.0,0.4004941975863432,0.0,0.3971153059034086,0.0,0.39845536601262055,0.0,0.41785179137018125,0.0
0.38,0.41219458686304616,0.0,0.4112974588777304,0.0,0.44093144077042806,0.0,0.41313589030723646,0.0,0.40915609153385296,0.0,0.41880972610821304,0.0,0.44093144077042806,0.0,0.44093144077042806,0.0,0.44093144077042806,0.0,0.40655879086793595,0.0,0.3906015777249994,0.0,0.4038344318484253,0.0,0.41882575039019565,0.0
0.4,0.4059550260706283,0.0,0.41543309239905624,0.0,0.4361625528823156,0.0,0.4109761114918876,0.0,0.4137449070037803,0.0,0.41880972610821304,0.0,0.4361625528823156,0.0,0.4361625528823156,0.0,0.43487169681507104,0.0,0.4112774713711592,0.0,0.3927517351716932,0.0,0.4127969663851346,0.0,0.41535747432731435,0.0
0.42,0.39937129181899966,0.0,0.4144733262890918,0.0,0.4306184580623619,0.0,0.4041532779344847,0.0,0.41049770586113266,0.0,0.41880972610821304,0.0,0.4306184580623619,0.0,0.4306184580623619,0.0,0.4306184580623619,0.0,0.41476867600859585,0.0,0.39806521375414244,0.0,0.4107499982821539,0.0,0.4108040975337892,0.0
0.44,0.400927357038994,0.0,0.41766057367401166,0.0,0.4234700949919651,0.0,0.41228654360030853,0.0,0.406244352805375,0.0,0.41880972610821304,0.0,0.4234700949919651,0.0,0.4234700949919651,0.0,0.4234700949919651,0.0,0.4155545085394652,0.0,0.39678091477543326,0.0,0.40648517738907713,0.0,0.41485120227631317,0.0
0.46,0.4024677768525358,0.0,0.41486681252284463,0.0,0.4261276025469809,0.0,0.41583974297874066,0.0,0.41270200303658694,0.0,0.41880972610821304,0.0,0.4261276025469809,0.0,0.4261276025469809,0.0,0.41755415047121397,0.0,0.4128523154376263,0.0,0.4005988214702983,0.0,0.40045089171070103,0.0,0.4093099922214599,0.0
0.48,0.4099934995912889,0.0,0.41845287870657616,0.0,0.428956041161867,0.0,0.4117182511310625,0.0,0.40689585584813054,0.0,0.41880972610821304,0.0,0.428956041161867,0.0,0.4203474262331354,0.0,0.4133612249780161,0.0,0.40762527608667054,0.0,0.3984680467895596,0.0,0.4045921213006433,0.0,0.4069805786787812,0.0
0.5,0.41376715102376244,0.0,0.42503816846161746,0.0,0.42642416749769246,0.0,0.40938568377370677,0.0,0.4050396059265837,0.0,0.41880972610821304,0.0,0.4244747570607709,0.0,0.4162104867291886,0.0,0.4165871811510653,0.0,0.4110806702153736,0.0,0.40228973009014707,0.0,0.4058627169586358,0.0,0.41073865156892597,0.0
0.52,0.4168534194191657,0.0,0.425308123201083,0.0,0.4236157021015185,0.0,0.4070808585952015,0.0,0.40809934295853545,0.0,0.41880972610821304,0.0,0.41920278067438316,0.0,0.41920278067438316,0.0,0.41920278067438316,0.0,0.41205283723595365,0.0,0.4060836789686953,0.0,0.40434413976632894,0.0,0.407130393379139,0.0
0.54,0.415111094115587,0.0,0.42571734133254124,0.0,0.41966415530644247,0.0,0.40557340864569985,0.0,0.41208534766142696,0.0,0.41880972610821304,0.0,0.4167657912863382,0.0,0.4167657912863382,0.0,0.4167657912863382,0.0,0.4104883112724939,0.0,0.40439500966650144,0.0,0.402311402335449,0.0,0.4019661790608904,0.0
0.56,0.41571630474316323,0.0,0.42664434021697156,0.0,0.41494055586745127,0.0,0.4041479011782643,0.0,0.4099895876448464,0.0,0.41880972610821304,0.0,0.41494055586745127,0.0,0.41494055586745127,0.0,0.41977174163084047,0.0,0.41214692345360954,0.0,0.41088296758114756,0.0,0.40081776681666365,0.0,0.4008223981658679,0.0
0.58,0.41809135522641033,0.0,0.4276886544282391,0.0,0.41567905438065833,0.0,0.4029638575591014,0.0,0.4084857987591157,0.0,0.41880972610821304,0.0,0.41567905438065833,0.0,0.41567905438065833,0.0,0.4203436475315168,0.0,0.4181438513095745,0.0,0.41176138293181336,0.0,0.3996054024284168,0.0,0.3997530270643738,0.0
0.6,0.4159351122921023,0.0,0.4302435254607354,0.0,0.41852083259904976,0.0,0.40476271071858905,0.0,0.4109713293108045,0.0,0.41880972610821304,0.0,0.41852083259904976,0.0,0.41852083259904976,0.0,0.41852083259904976,0.0,0.41639436291783877,0.0,0.4103673473007616,0.0,0.4027522266576111,0.0,0.4016589079070191,0.0
0.62,0.41431330865550237,0.0,0.4265880549179525,0.0,0.4195902673570349,0.0,0.4057818817518751,0.0,0.41661928098712026,0.0,0.41880972610821304,0.0,0.4195902673570349,0.0,0.4195902673570349,0.0,0.42128902462498774,0.0,0.41423519731186237,0.0,0.4089483912574679,0.0,0.4038291238226269,0.0,0.4076072602737795,0.0
0.64,0.41548080870053633,0.0,0.4283525443051971,0.0,0.4222385335459753,0.0,0.4095718365545315,0.0,0.41903774499703045,0.0,0.41880972610821304,0.0,0.4222385335459753,0.0,0.4222385335459753,0.0,0.4222385335459753,0.0,0.4127587843185187,0.0,0.41178876658908814,0.0,0.40952377093056336,0.0,0.40617867017918435,0.0
0.66,0.4139928966174491,0.0,0.426582476720199,0.0,0.42065373901428693,0.0,0.41491989700065457,0.0,0.4216225037972152,0.0,0.41880972610821304,0.0,0.4205458419221172,0.0,0.4205458419221172,0.0,0.4205458419221172,0.0,0.4114612549149351,0.0,0.4120012291378517,0.0,0.40980486971140345,0.0,0.4049508074330728,0.0
0.68,0.41905362998977685,0.0,0.4295377108001014,0.0,0.4237833477325985,0.0,0.4135101936043078,0.0,0.420015664906852,0.0,0.41880972610821304,0.0,0.4190574440420626,0.0,0.4190536299897767,0.0,0.4190536299897767,0.0,0.41211253349563925,0.0,0.4131680550484028,0.0,0.4085456082941523,0.0,0.40437006548149107,0.0
0.7,0.4208821467132055,0.0,0.4272497827524576,0.0,0.4221432437962002,0.0,0.4155411243229656,0.0,0.4193851495997368,0.0,0.41880972610821304,0.0,0.4221432437962002,0.0,0.41765039239007623,0.0,0.41765039239007623,0.0,0.41413936726175754,0.0,0.4118486815191589,0.0,0.4074425998857554,0.0,0.40330206308273037,0.0
0.72,0.4194670958045126,0.0,0.42336516020418624,0.0,0.4201242711666549,0.0,0.41604289105451864,0.0,0.417442790697871,0.0,0.41880972610821304,0.0,0.42068956025248744,0.0,0.42068956025248744,0.0,0.4157562211884788,0.0,0.4128127101144492,0.0,0.41046100640048044,0.0,0.41013404948346016,0.0,0.4064248243842269,0.0
0.74,0.42237502390268467,0.0,0.4218415067263668,0.0,0.41876444319519235,0.0,0.41647570458514577,0.0,0.4161589399763139,0.0,0.41880972610821304,0.0,0.41876444319519235,0.0,0.41876444319519235,0.0,0.41876444319519235,0.0,0.4124109511696754,0.0,0.4111549261943351,0.0,0.4089103594382389,0.0,0.406759289419742,0.0
0.76,0.4227371558729588,0.0,0.4232529093057999,0.0,0.42045621351399726,0.0,0.41740195736176267,0.0,0.4166846531025452,0.0,0.41880972610821304,0.0,0.42045621351399726,0.0,0.42045621351399726,0.0,0.42045621351399726,0.0,0.4148299994389768,0.0,0.4099365733421229,0.0,0.4100357002450376,0.0,0.40794123733229065,0.0
0.78,0.4226362039454031,0.0,0.4228013862324528,0.0,0.42007640058915785,0.0,0.4190852844886349,0.0,0.41925245908039654,0.0,0.41880972610821304,0.0,0.42007640058915785,0.0,0.42186694662248003,0.0,0.4190852844886349,0.0,0.4157746997122489,0.0,0.4118113205720628,0.0,0.40939903052283905,0.0,0.41014813199823824,0.0
0.8,0.4217004383737503,0.0,0.42127866100780986,0.0,0.4214613606930496,0.0,0.4177295903216759,0.0,0.41924114837084375,0.0,0.41880972610821304,0.0,0.4214613606930496,0.0,0.4214613606930496,0.0,0.4187492401125506,0.0,0.41585033298689983,0.0,0.4144367647137299,0.0,0.41058729106836134,0.0,0.41003551643441377,0.0
0.82,0.42112110156360566,0.0,0.42164103607525605,0.0,0.42000845865777364,0.0,0.4172471034640209,0.0,0.4218708870797715,0.0,0.41880972610821304,0.0,0.4213964502053724,0.0,0.42000845865777364,0.0,0.41736248735972586,0.0,0.4151029000135436,0.0,0.4142222950730356,0.0,0.4134280994675935,0.0,0.411816399333813,0.0
0.84,0.4207525874655499,0.0,0.42157339309009007,0.0,0.41997968656350015,0.0,0.4169708274159552,0.0,0.42053251356733656,0.0,0.41880972610821304,0.0,0.41997968656350015,0.0,0.41997968656350015,0.0,0.4161123690371199,0.0,0.4138359828048101,0.0,0.4138348030274352,0.0,0.41589002772404954,0.0,0.4123954383680818,0.0
0.86,0.42202519716971915,0.0,0.42025441924637347,0.0,0.4187473678416715,0.0,0.4162321007569631,0.0,0.4201862576575209,0.0,0.41880972610821304,0.0,0.4187473678416715,0.0,0.4187473678416715,0.0,0.41749289079776425,0.0,0.4143545887575611,0.0,0.41620426039741587,0.0,0.41565173660128707,0.0,0.41506206620689107,0.0
0.88,0.42417983101219703,0.0,0.419029994035289,0.0,0.4175225985227761,0.0,0.41499710704082154,0.0,0.41892878629735625,0.0,0.41880972610821304,0.0,0.4175225985227761,0.0,0.4175225985227761,0.0,0.4175225985227761,0.0,0.41322965532694095,0.0,0.4150555090146906,0.0,0.4179260487225443,0.0,0.41737495302579686,0.0
0.9,0.42290894546803415,0.0,0.417936230528339,0.0,0.41793623052833895,0.0,0.4154668610793167,0.0,0.41817938173695485,0.0,0.41880972610821304,0.0,0.41793623052833895,0.0,0.41793623052833895,0.0,0.41793623052833895,0.0,0.41575922821827294,0.0,0.4163981600309159,0.0,0.4193732857578162,0.0,0.4186660608417753,0.0
0.92,0.4216469579102568,0.0,0.4172246946707511,0.0,0.417224694670751,0.0,0.41553932128842475,0.0,0.4169557512045588,0.0,0.41880972610821304,0.0,0.417224694670751,0.0,0.42008607521769564,0.0,0.42008607521769564,0.0,0.4155393212884249,0.0,0.418803861670176,0.0,0.418907510614338,0.0,0.420528424419196,0.0
0.94,0.42011107006392306,0.0,0.4168145443406887,0.0,0.41934393704453815,0.0,0.4168145443406886,0.0,0.4176944226703466,0.0,0.41880972610821304,0.0,0.41934393704453815,0.0,0.41934393704453815,0.0,0.41934393704453815,0.0,0.41681454434068876,0.0,0.4180890046363274,0.0,0.4176944226703465,0.0,0.41934393704453815,0.0
0.96,0.41883994618778275,0.0,0.41801166864922323,0.0,0.4188981806302315,0.0,0.4188981806302315,0.0,0.41647364561490585,0.0,0.41880972610821304,0.0,0.4188981806302315,0.0,0.4188981806302315,0.0,0.4188981806302315,0.0,0.4156120980837825,0.0,0.41686000712326204,0.0,0.4164736456149057,0.0,0.4188981806302315,0.0
0.98,0.4176777509032716,0.0,0.41680933100350825,0.0,0.4200283506408461,0.0,0.41767775090327147,0.0,0.41765329593195566,0.0,0.41880972610821304,0.0,0.4200283506408461,0.0,0.4200283506408461,0.0,0.42002835064084615,0.0,0.4176777509032716,0.0,0.4180317725115699,0.0,0.41767775090327147,0.0,0.42002835064084615,0.0
1.0,0.41880972610821315,0.0,0.41880972610821304,0.0,0.41880972610821293,0.0,0.41880972610821304,0.0,0.4188097261082131,0.0,0.41880972610821304,0.0,0.41880972610821293,0.0,0.41880972610821293,0.0,0.41880972610821304,0.0,0.4188097261082131,0.0,0.4188097261082131,0.0,0.41880972610821293,0.0,0.41880972610821304,0.0
0.0,0.4376076337005061,0.0010598125346856224,0.3783102021502541,0.060357244084939365,0.4236034256515977,0.010001301007272478,0.37831020215025263,0.06035724408493687,0.31727732533350783,0.0006756327318088173,0.4180547741061607,0.0007549520020523337,0.4236034256515999,0.010001301007268482,0.42360342565160125,0.010001301007268038,0.36510190862300984,0.048500216021321596,0.31727732533350705,0.0006756327318125921,0.31727732533350644,0.0006756327318039879,0.31727732533350056,0.0006756327318092059,0.3172773253334999,0.0006756327318088728
0.02,0.4376076337005061,0.0010598125346856224,0.3783102021502541,0.060357244084939365,0.4236034256515977,0.010001301007272478,0.37831020215025263,0.06035724408493687,0.31727732533350783,0.0006756327318088173,0.4180547741061607,0.0007549520020523337,0.4236034256515999,0.010001301007268482,0.42360342565160125,0.010001301007268038,0.36510190862300984,0.048500216021321596,0.31727732533350705,0.0006756327318125921,0.31727732533350644,0.0006756327318039879,0.31727732533350056,0.0006756327318092059,0.3172773253334999,0.0006756327318088728
0.04,0.44441682902484686,0.014376654605141093,0.37808780650783247,0.0004532370893894633,0.3704403754925514,0.004662834137729999,0.3965990188347924,0.020599397728891106,0.3659697347258264,0.010029886380075376,0.4180547741061607,0.0007549520020523337,0.3704403754925525,0.004662834137728,0.37044037549255315,0.004662834137727778,0.37044037549255315,0.004662834137728666,0.35026925759417327,0.027365311824270183,0.3659697347258257,0.010029886380072961,0.33942189705782266,0.016517951287924548,0.32160553532080505,0.0012984104490925408
0.06,0.4302751137130758,0.018771478414928905,0.4024672124549509,0.008929007498939212,0.39325967955575447,0.003031608942830527,0.42756816986466817,0.017676557458944753,0.43844983354082534,0.006794893782787942,0.4180547741061607,0.0007549520020523337,0.39325967955575525,0.0030316089428292226,0.3932596795557557,0.003031608942829056,0.3932596795557557,0.0030316089428296666,0.3607031194412594,0.0009425541150523964,0.36457720987832787,0.004625817982899877,0.35262440491991864,0.0073269869755091255,0.35225011321764155,0.00013542021645748803
0.08,0.43032857660408885,0.01623864977419706,0.41458061959194614,0.01892664584080042,0.3841568580130399,0.03279148861709494,0.41514248011485383,0.028573347660138138,0.41032081148264654,0.005576467378685002,0.4180547741061607,0.0007549520020523337,0.38415685801304045,0.03279148861709394,0.3841568580130408,0.03279148861709383,0.4077512657541137,0.009197080876021363,0.37419287561048076,0.005552950593374795,0.3799666037686854,0.006602528686033421,0.37036916010283893,0.0029949149798129404,0.36785312094276745,0.004947600169428579
0.1,0.4260421972767344,0.0051978245610422025,0.39471516093727543,0.03123652878735733,0.3996627793647226,0.033863978313248416,0.41279142954181014,0.007752219373080765,0.4160363067225494,0.004507342192341668,0.4180547741061607,0.0007549520020523337,0.4060154693518242,0.027511288326146466,0.3996627793647233,0.03386397831324753,0.3996627793647233,0.03386397831324792,0.3895995053582221,0.0010963388604194602,0.4033632267401862,0.016846140848238766,0.37445140698754154,0.02307133668618297,0.3799707568403296,0.003234941884114273
0.12,0.40733955665960936,0.004794076972153283,0.41249437557116353,0.028418944188798007,0.4006416481944635,0.014632742727467951,0.3935984307477141,0.0040158456944704435,0.3992140836768391,0.0029838529577849437,0.4180547741061607,0.0007549520020523337,0.4006416481944639,0.014632742727467313,0.3873746070219545,0.027899783899976938,0.3873746070219545,0.027899783899977187,0.37720847551828385,0.014326292479280384,0.396637175390012,0.00753939045729779,0.3918950584800972,0.0066166152084235486,0.38724286830887467,0.0010289014022159815
0.14,0.39446832944930965,0.005076578969591766,0.4332550111104544,0.023923592701405455,0.39509172133573045,0.01739052615337905,0.4017873464984595,0.010430662147600939,0.3931618422065615,0.014881144270454089,0.4180547741061607,0.0007549520020523337,0.3965203243620129,0.018819129179660637,0.3911124158775774,0.024227037664096365,0.38968381285129516,0.02279843463781442,0.3748742534299458,0.006403627948435908,0.3993265546760291,0.014647125837416841,0.38127335332724277,0.0016698758074969178,0.38542317331979836,0.00501781839863677
0.16,0.3969589966685765,0.01525934831451245,0.43332580702807333,0.011766672283486629,0.39739766479517846,0.015490530415308262,0.3976648457977807,0.003527481410238925,0.3952204815911019,0.011283304937808963,0.4180547741061607,0.0007549520020523337,0.3973976647951788,0.01549053041530779,0.3963965156106451,0.016491679599841602,0.3973976647951789,0.015490530415307902,0.3815830598932444,0.013795604872956224,0.4066274442284381,0.010168003866554365,0.38530659278775176,0.0011873213004582328,0.4011454257794628,0.013457309444047383
0.18,0.3971708118736639,0.013215426654879375,0.4192973123265542,0.006084514482213199,0.39428334911674134,0.0024724473799610236,0.4056606405763715,0.008257146934824322,0.3982881567660931,0.011054874780463353,0.4180547741061607,0.0007549520020523337,0.40284735993000265,0.01103645819322166,0.4028473599300028,0.011036458193221632,0.3994385158402436,0.007627614103462549,0.3942581715322765,0.0056948439449926724,0.4069569589265355,0.008356364242624703,0.3904665855562587,0.0002864057636429995,0.41063354175190026,0.012808602673221647
0.2,0.38517942205671213,0.01614184878530539,0.4230632193314528,0.01838620792409723,0.3929795586023676,0.00014961902561055895,0.41757315707147663,0.010429882500924526,0.3924116068669302,0.0027667822036132605,0.4180547741061607,0.0007549520020523337,0.40068716833430285,0.007857228757545132,0.40665037701286083,0.011538004532414214,0.4004998449193811,0.005387472438934671,0.4037802985419471,0.012500320787378838,0.4127256941722427,0.01942979065590511,0.39760602189495564,0.0020154167941312806,0.40984562953109954,0.015165213364423058
0.22,0.38954124935527756,0.011230633600174983,0.4249320908076649,0.005841257346629186,0.39627217248355895,0.0005321199649309383,0.42221220815855737,0.012395792988435628,0.391212570406607,0.0058319102502321085,0.4180547741061607,0.0007549520020523337,0.39627217248355917,0.0005321199649312991,0.4016932712822483,0.0028140398304042635,0.396101878469994,0.002777352981849862,0.4122918638986304,0.011068464404212802,0.4123807396260214,0.001831270740022678,0.40670029470839414,0.004130169383067761,0.413865358502405,0.01101109210021467
0.24,0.39842138147969375,0.015183703573075275,0.42528760918164876,0.004742026745214595,0.40243895307284744,0.0032995508972787357,0.4124140709568167,0.012621310233200705,0.39762769883252036,0.0027087268667336795,0.4180547741061607,0.0007549520020523337,0.4024389530728476,0.0032995508972784304,0.4029712600014055,0.003831857825836088,0.39742047532923086,0.0017189268463383145,0.41294899965456844,0.016364743200670773,0.40903910177538305,0.00605737515794369,0.3990671841867186,0.003399855833228882,0.4153760491074935,0.0043715034977430955
0.26,0.3983326556718691,0.011186623439106924,0.42515805660241424,0.00514658630383466,0.4061441263274601,0.011058362577521685,0.4125006246533166,0.011818944849786212,0.39575103023601055,0.003937978681925719,0.4180547741061607,0.0007549520020523337,0.4131895165538574,0.0001495423589016609,0.4082897995231626,0.005049259389596494,0.40913645452296865,0.004202604389790393,0.41086978108775407,0.01706203606804385,0.40574063920260034,0.001307599138415827,0.4034776769935893,0.001406333819230693,0.42488121554207886,0.0006397024728777012
0.28,0.40631455549322015,0.006591164562952639,0.42705646332446767,0.004649540507001754,0.4158621371844968,0.007301432291051374,0.4135983108120945,0.01054477525686709,0.3969063167034982,0.00436553453638025,0.4180547741061607,0.0007549520020523337,0.42002586511832757,0.0038509281984593358,0.40991779857790034,0.0013570936844543857,0.4178240276806873,0.006052765636099577,0.4072498060956633,0.01893376153204207,0.3997211874384583,0.0010669259923680452,0.4020919776885197,0.00921469684707002,0.42509457378023097,0.00102396868560653
0.3,0.4153733370154038,0.003382509496551639,0.4265764024710429,0.009293028974196177,0.4200095061941621,0.0012950255890031015,0.4184242048087703,0.010838168917753938,0.3987664785761788,0.0034692378650494904,0.4180547741061607,0.0007549520020523337,0.4233311454698081,0.0060974048987496865,0.41797411058810896,0.0007403700170505179,0.4229296455776327,0.001625113794467531,0.4045104249112329,0.013958863223511392,0.3919654232068975,0.003231745237504746,0.40187686807690914,0.00880944683207771,0.4141949348551909,0.00017207206596589475
0.32,0.41596305000154776,0.0026036704321683313,0.42911991722973397,0.00662565352063324,0.42350049815938096,3.05911588196206e-05,0.416035626322542,0.0034825034531765497,0.4006695216599273,0.0035267579199038945,0.4180547741061607,0.0007549520020523337,0.42967206172340905,0.003842285680338675,0.4196657070207709,0.0038041999797908677,0.4216019038223465,0.0019291854958540522,0.3973143865209278,0.014441259514537175,0.3939760439934613,0.005515987888416202,0.39966268307120867,0.004796425565108758,0.41589490187789085,0.003015381332231337
0.34,0.41876140525731287,0.00552030044127913,0.4264703860234329,0.01274905132583018,0.4307419682785334,0.0023495176254550165,0.4142211568971459,0.0009461230687174693,0.40637892979241713,0.0034915460999482284,0.4180547741061607,0.0007549520020523337,0.42621253182003727,0.0021799188330414443,0.42489511857040485,0.0008030717377298657,0.4285043337596851,0.004412286927010123,0.3959925376421951,0.006238982702691187,0.3976246980425346,0.0025647854205561593,0.39389574808151395,0.001468442946527565,0.4195708367162443,0.0016552007457440732
0.36,0.41203574919590125,0.007872177464334496,0.4255327577172041,0.01169983998835003,0.43087028325845395,0.0021637307446306653,0.4138423193094271,0.0062787109585064615,0.40465880846433,0.0029861207797117206,0.4180547741061607,0.0007549520020523337,0.4343761182906032,0.0015072547705176909,0.4307877080169546,0.002081155503130927,0.4307877080169546,0.002081155503130927,0.4019904725441855,0.0014962749578423529,0.40128050077959704,0.004165194876188438,0.3960199308427194,0.0024354351699011345,0.41659012823547203,0.0012616631347091845
0.38,0.4066600932686435,0.005534493594402639,0.42092915401605635,0.009631695138325957,0.43835906247065237,0.0025723782997757183,0.4087412886525379,0.004394601654698571,0.4014189375463674,0.007737153987485534,0.4180547741061607,0.0007549520020523337,0.43835906247065254,0.002572378299775524,0.43835906247065254,0.002572378299775524,0.43835906247065254,0.002572378299775524,0.40352159432025425,0.0030371965476817253,0.3973809303718496,0.006779352646850201,0.3994975698659053,0.004336861982520035,0.4176355118524544,0.0011902385377412505
0.4,0.4075338563948073,0.0015788303241790203,0.42042255697366737,0.004989464574611163,0.43743388687327456,0.0012713339909589672,0.41163345841986343,0.0006573469279758104,0.401647576056016,0.012097330947764356,0.4180547741061607,0.0007549520020523337,0.43516635951638694,0.0009961933659286826,0.4374338868732747,0.0012713339909591337,0.43678845883965245,0.0019167620245814088,0.40671601613573377,0.004561455235425449,0.3989403152115688,0.006188580039875574,0.4036253908259542,0.009171575559180356,0.4195709683380918,0.004213494010777502
0.42,0.40139484343787557,0.0020235516188758795,0.4157625188650506,0.0012891925759588307,0.43382258000849455,0.0032041219461326764,0.41017124670521377,0.006017968770729049,0.40116409730528835,0.009333608555844308,0.4180547741061607,0.0007549520020523337,0.4338225800084947,0.003204121946132843,0.4338225800084947,0.003204121946132843,0.4338225800084947,0.003204121946132843,0.41048316289836384,0.004285513110231981,0.403716781235807,0.005651567481664538,0.4048068023048884,0.005943195977265531,0.4145963016766726,0.003792204142883393
0.44,0.4042497603177555,0.0033224032787615154,0.41722652886027173,0.0004340448137399311,0.4273720955932657,0.0039020006013006647,0.41343864408528963,0.0011521004849811,0.3993016443004336,0.006942708504941469,0.4180547741061607,0.0007549520020523337,0.42737209559326594,0.0039020006013008313,0.42737209559326594,0.0039020006013008313,0.4268962589246015,0.0034261639326363946,0.4143912994088217,0.0011632091306435222,0.4012159032990623,0.004434988523629058,0.4020490044489774,0.004436172940099764,0.4149847085211805,0.00013350624486732632
0.46,0.4051510563342614,0.002683279481725559,0.41620473089555676,0.0013379183727121602,0.4247567496555793,0.0013708528914015972,0.4149731911482498,0.000866551830490836,0.40624503720304705,0.006456965833539913,0.4180547741061607,0.0007549520020523337,0.4287576659823547,0.0026300634353738084,0.4256195116668061,0.0005080908801747552,0.4213327856289227,0.0037786351577087096,0.4135664478860569,0.0007141324484305767,0.4052891405187144,0.004690319048416103,0.40307799439783626,0.00262710268713523,0.4136469108201699,0.004336918598710021
0.48,0.4088227091191903,0.0011707904720985873,0.41841219549377723,4.0683212798930946e-05,0.4241751023019417,0.0047809388599252545,0.40949033834894966,0.0022279127821128175,0.40516011686246667,0.0017357389856638983,0.4180547741061607,0.0007549520020523337,0.42800931378176815,0.0009467273800988218,0.42035316504654263,5.738813407207832e-06,0.41941916120608747,0.006057936228071353,0.4121354377992784,0.004510161712607902,0.40479575113680677,0.006327704347247165,0.4035210925250436,0.001071028775599725,0.40980613597368837,0.0028255572949071883
0.5,0.4130707190911736,0.0006964319325888368,0.421833922309147,0.003204246152470447,0.4231990354075599,0.0032251320901325597,0.4089275133904009,0.00045817038330583926,0.4030923463970047,0.0019472595295790263,0.4180547741061607,0.0007549520020523337,0.4222243301890993,0.0022504268716716513,0.41487442740328273,0.0013360593259058307,0.4175195075298414,0.0009323263787761049,0.4120819088140384,0.0010012385986648276,0.40470514396834495,0.0024154138781978807,0.40572793611467467,0.00013478084396112422,0.40998422449403504,0.0007544270748909565
0.52,0.4140109411425785,0.0028424782765871515,0.4229768105334064,0.0023313126676766105,0.4197001317715662,0.00391557032995235,0.406219619147787,0.000861239447414508,0.406410913589338,0.001688429369197414,0.4180547741061607,0.0007549520020523337,0.4174936710579986,0.001709109616384541,0.4167619069191476,0.0024408737552355786,0.4167619069191476,0.0024408737552355786,0.414377030818187,0.002324193582233375,0.4054352250383082,0.0006484539303871217,0.40168372656610385,0.0026604132002251146,0.40629204188235557,0.0008383514967834349
0.54,0.4132409610974769,0.0018701330181101483,0.42229890926158176,0.0034184320709594596,0.4153863583808881,0.004277796925554328,0.40735098249512836,0.0017775738494284765,0.40763738242992975,0.0044479652314972085,0.4180547741061607,0.0007549520020523337,0.41393717637083616,0.002828614915502098,0.41393717637083616,0.002828614915502098,0.41393717637083616,0.002828614915502098,0.41123979260333926,0.0007514813308453494,0.4050971774242599,0.0007021677577584706,0.40366446946553924,0.0013530671300902575,0.40658796528218644,0.004621786221296026
0.56,0.41521922930171895,0.0004970754414442558,0.42467009895815044,0.001974241258821119,0.41507103312530474,0.00013047725785347852,0.4093478499082783,0.005199948730013976,0.4052394109901015,0.004750176654744864,0.4180547741061607,0.0007549520020523337,0.4150710331253049,0.0001304772578536173,0.4150710331253049,0.0001304772578536173,0.4174866260069995,0.002285115623840983,0.4120978638851496,4.905956845996373e-05,0.40772592808039027,0.003157039500757297,0.40349654143789054,0.002678774621226898,0.4054770231212408,0.00465462495537286
0.58,0.4165809520487419,0.0015104031776684568,0.4267229087150667,0.0009657457131724556,0.4147124966794026,0.0009665577012557547,0.4069714007867655,0.004007543227664084,0.4047658456729563,0.003719953086159411,0.4180547741061607,0.0007549520020523337,0.4147124966794027,0.0009665577012556159,0.4147124966794027,0.0009665577012556159,0.4181559212192365,0.002187726312280286,0.4145613976620022,0.0035824536475723145,0.4073303753348563,0.0044310075969571094,0.40341402312491714,0.0038086206965003144,0.4019189861509833,0.0021659590866094647
0.6,0.4170375405852924,0.0011024282931901552,0.4260885750903878,0.004154950370347604,0.41652820949851743,0.001992623100532359,0.40707667287683585,0.0023139621582468073,0.40867230174850655,0.0022990275622979117,0.4180547741061607,0.0007549520020523337,0.41652820949851754,0.001992623100532248,0.41652820949851754,0.001992623100532248,0.41652820949851754,0.001992623100532248,0.4155988565898008,0.000795506328037987,0.40587798474940734,0.004489362551354237,0.4047451586150329,0.001992931957421812,0.4034277668445676,0.0017688589375484953
0.62,0.41476606341463484,0.00045275475913247876,0.42560397409681494,0.000984080821137573,0.4186264450238927,0.0009638223331422668,0.40946239543217783,0.003680513680302755,0.41312175944000545,0.0034975215471148013,0.4180547741061607,0.0007549520020523337,0.4186264450238928,0.0009638223331421558,0.4186264450238928,0.0009638223331421558,0.4193747629880479,0.0019142616369398346,0.4155874028435775,0.0013522055317151116,0.405692684762103,0.003255706495364885,0.40569309398038106,0.0018639701577541357,0.40561091332451615,0.0019963469492634
0.64,0.41658322906003065,0.0011024203594943438,0.42636141301467856,0.0019911312905185052,0.42131847385670723,0.0009200596892680601,0.4114118949352974,0.0018400583807658688,0.413517753376986,0.005519991620044462,0.4180547741061607,0.0007549520020523337,0.42131847385670734,0.0009200596892679491,0.42131847385670734,0.0009200596892679491,0.42131847385670734,0.0009200596892679491,0.41484439502271553,0.0020856107041968275,0.40877378396865416,0.0030149826204339814,0.40800030621403194,0.001523464716531392,0.40595015693685615,0.0002285132423281988
0.66,0.4150156976429491,0.0010228010255000364,0.424464359825488,0.002118116894711003,0.4196613987191446,0.0009923402951423355,0.4154791978345518,0.0005593008338971861,0.41425481154311306,0.007367692254102193,0.4180547741061607,0.0007549520020523337,0.41960745017305984,0.0009383917490573546,0.41960745017305984,0.0009383917490573546,0.41960745017305984,0.0009383917490573546,0.4135298717438164,0.0020686168288812645,0.4106974747897965,0.001303754348055186,0.4072312383490714,0.0025736313623321017,0.4047772889634349,0.00017351846963789552
0.68,0.4189495233409551,0.00010410664882176679,0.4239888344960462,0.005548876304055178,0.42119625109599335,0.0025870966366051407,0.41389367386433285,0.0003834802600250209,0.4151988040412462,0.004816860865605788,0.4180547741061607,0.0007549520020523337,0.41883329925072554,0.0002241447913370609,0.41830772357640655,0.0007459064133701343,0.41830772357640655,0.0007459064133701343,0.41300225387195993,0.0008897203763206796,0.4127820640837775,0.000385990964625299,0.40808028915453476,0.0004653191396175316,0.4040807192975955,0.0002893461838955891
0.7,0.42075209506108446,0.00013005165212104375,0.4221721076454134,0.0050776751070442105,0.4198392520005338,0.002303991795666427,0.41429584502638844,0.0012452792965771398,0.41623820362724795,0.0031469459724888516,0.4180547741061607,0.0007549520020523337,0.41983925200053385,0.0023039917956663436,0.41759282629747185,5.756609260434975e-05,0.41759282629747185,5.756609260434975e-05,0.41340787912740407,0.0007314881343535029,0.4121828951835551,0.0003342136643962601,0.406813956829302,0.0006286430564533541,0.4050459172947932,0.0017438542120628286
0.72,0.41938301260991667,8.408319459590752e-05,0.42111775358298353,0.0022474066212027077,0.418771283728757,0.0013529874378979123,0.41549085042065625,0.0005520406338623551,0.41621058103918207,0.0012322096586889209,0.4180547741061607,0.0007549520020523337,0.4190539282716733,0.0016356319808140951,0.4190539282716733,0.0016356319808140951,0.4160042309759837,0.00024800978750491587,0.41086298685979183,0.001949723254657365,0.41080589881568913,0.0003448924152086863,0.4098197624290095,0.0003142870544506071,0.4061378558362494,0.00028696854797749527
0.74,0.4207562419277223,0.0016187819749623744,0.41950839221174363,0.002333114514623119,0.42019174280684507,0.0014272996116527215,0.41493209761510125,0.0015436069700445199,0.4147737153106854,0.001385224665628515,0.4180547741061607,0.0007549520020523337,0.4201917428068451,0.0014272996116528047,0.4174687787163281,0.0012956644788642557,0.41669618716050083,0.002068256034691518,0.41004611294184934,0.002364838227826044,0.4109033351331791,0.00025159106115596463,0.41054886121044765,0.0016385017722087558,0.40565273854663186,0.001106550873110096
0.76,0.41906975982174505,0.003667396051213745,0.4222623912029914,0.0009905181028084797,0.42017622983139036,0.00027998368260692685,0.41486366412173564,0.002538293240027023,0.41324466811568283,0.0034399849868623766,0.4180547741061607,0.0007549520020523337,0.4201762298313904,0.0002799836826068436,0.42037614793857303,8.006557542425408e-05,0.418415748907474,0.00204046460652324,0.41262132703386434,0.0022086724051124385,0.4097438966544202,0.00019267668770273083,0.4106483065689501,0.0006126063239125235,0.40759380410053553,0.0003474332317551232
0.78,0.4182596738630803,0.004376530082322805,0.42193474102786127,0.0008666452045915096,0.41936389149930964,0.0007125090898481845,0.41571813779310585,0.0033671466955290386,0.416618843154412,0.0026336159259845726,0.4180547741061607,0.0007549520020523337,0.41936389149930975,0.0007125090898481012,0.42025916451597084,0.0016077821065091924,0.4176911725358136,0.0013941119528212975,0.414309001469424,0.0014656982428248866,0.41072964641469595,0.0010816741573668742,0.40962345723703664,0.000224426714197562,0.40877517692622456,0.001372955072013654
0.8,0.41897744324092145,0.002722995132828837,0.42187126857959273,0.000592607571782866,0.4208360711684021,0.000625289524647521,0.41335095088375756,0.00437863943791833,0.4168399508481371,0.0024011975227066773,0.4180547741061607,0.0007549520020523337,0.42083607116840216,0.0006252895246474377,0.42083607116840216,0.0006252895246474377,0.4194800108781527,0.0007307707656020734,0.41458785520527386,0.001262477781625998,0.4129346107295777,0.0015021539841522102,0.40855953652325827,0.0020277545451030943,0.40902791975999153,0.001007596674422212
0.82,0.4205974267249394,0.0005236748386662771,0.4213984067464747,0.0002426293287813297,0.42080094365446835,0.000792484996694709,0.41510816588868193,0.0021389375753389783,0.41814123247059043,0.003729654609181038,0.4180547741061607,0.0007549520020523337,0.4214949394282678,9.848922289540374e-05,0.4208009436544684,0.0007924849966947922,0.4180228079151399,0.0006603205554140124,0.41351691197159207,0.001585988041951536,0.41399470142566863,0.000227593647366936,0.41125972035086894,0.0021683791167245725,0.41117998789735144,0.0006364114364615092
0.84,0.42055665204760523,0.0001959354179446593,0.42149518636925903,7.820672083103108e-05,0.42015844331470353,0.00017875675120337942,0.4147285614127347,0.0022422660032205277,0.41697893097361605,0.0035535825937205445,0.4180547741061607,0.0007549520020523337,0.42015844331470364,0.00017875675120346268,0.42015844331470364,0.00017875675120346268,0.4180907985214196,0.001978429484299715,0.41246739783914027,0.001368584965669828,0.4144827879363656,0.0006479849089304213,0.412011404560481,0.0038786231635685453,0.4112569177703388,0.0011385205977430257
0.86,0.42185038239175776,0.00017481477796135736,0.420501618827681,0.00024719958130756114,0.4188125142035173,6.514636184576372e-05,0.41394636045720357,0.002285740299759559,0.417914058466316,0.0022721991912048878,0.4180547741061607,0.0007549520020523337,0.41881251420351734,6.514636184584699e-05,0.41881251420351734,6.514636184584699e-05,0.4181852756815637,0.0006923848837994684,0.41223522424803827,0.0021193645095228253,0.4140637146699929,0.0021405457274229767,0.413043658623477,0.002608077977810097,0.41266597502061003,0.0023960911862810352
0.88,0.4224198208125046,0.00176001019969238,0.41923691595196877,0.00020692191667973092,0.41790249756437836,0.0003798990416022108,0.41446310327318125,0.0005340037676402898,0.4170244612757498,0.0019043250216064234,0.4180547741061607,0.0007549520020523337,0.4179024975643784,0.00037989904160229404,0.4192212392748515,0.0016986407520753755,0.4192212392748515,0.0016986407520753755,0.41170922002775157,0.00152043529918941,0.4143431600991079,0.0007123489155827223,0.4160263865291945,0.0018996621933498048,0.4123103038981737,0.005064649127623194
0.9,0.4214735584375312,0.001435387030502916,0.4182631343949661,0.00032690386662706516,0.41826313439496604,0.0003269038666270929,0.4149001710880178,0.0005666899912988854,0.41622600481017524,0.001953376926779604,0.4180547741061607,0.0007549520020523337,0.4182631343949661,0.0003269038666271762,0.4191143460145841,0.0011781154862451626,0.4191143460145841,0.0011781154862451626,0.41277953160257275,0.0029796966157001614,0.41678354218310903,0.00038538215219313665,0.41738238633856617,0.001990899419250014,0.4137297872970179,0.004936273544757425
0.92,0.4201636388992457,0.0014833190110110916,0.416370559583199,0.000854135087552027,0.4174551080021384,0.0002304133313874024,0.41596250810319624,0.00042318681477149234,0.4166707230612633,0.00028502814329553483,0.4180547741061607,0.0007549520020523337,0.41888720645109145,0.0016625117803404088,0.42031789672456377,0.00023182150686809622,0.42031789672456377,0.00023182150686809622,0.41444181800750335,0.0010975032809215912,0.41750618664733175,0.0012976750228442802,0.41712703216227554,0.0017804784520625005,0.4159318127561865,0.004596611663009509
0.94,0.41889214434232347,0.0012189257215995952,0.41575554649343227,0.0010589978472564654,0.41948334403520904,0.0001394069906708595,0.4160942274288222,0.0007203169118664143,0.41653416659365117,0.0011602560766954262,0.4180547741061607,0.0007549520020523337,0.41948334403520904,0.00013940699067088724,0.41948334403520904,0.00013940699067088724,0.41948334403520904,0.00013940699067088724,0.41575554649343227,0.0010589978472564932,0.4177944049104395,0.00029459972588791183,0.4171753047353573,0.0005191179349892105,0.41633821533323645,0.003005721711301673
0.96,0.4179497825545242,0.0008901636332585283,0.41607831577687193,0.0019333528723512738,0.4177769351405785,0.0011212454896529778,0.4168531968499455,0.0020449837802860027,0.4156409293422827,0.0008327162726231851,0.4180547741061607,0.0007549520020523337,0.41777693514057856,0.0011212454896529223,0.41777693514057856,0.0011212454896529223,0.41777693514057856,0.0011212454896529223,0.4148785304941516,0.000733567589630918,0.4168749126941379,1.4905570875856089e-05,0.4165646676329156,9.102201800992304e-05,0.41678163999371154,0.00211654063651992
0.98,0.4168765645974639,0.0008011863058076385,0.41612156130105266,0.0006877697024555984,0.4189608148322464,0.0010675358085996955,0.4168806284746757,0.0007971224285957534,0.4168643371118059,0.0007889588201497044,0.4180547741061607,0.0007549520020523337,0.41896081483224645,0.00106753580859964,0.41896081483224645,0.00106753580859964,0.41896081483224645,0.0010675358085996678,0.4168765645974639,0.0008011863058076385,0.4180772010071617,4.542849559180384e-05,0.4168765645974639,0.000801186305807583,0.41896081483224645,0.0010675358085997233
1.0,0.41805477410616076,0.0007549520020523615,0.41805477410616076,0.000754952002052306,0.41805477410616065,0.0007549520020522504,0.4180547741061607,0.0007549520020523337,0.41805477410616076,0.0007549520020523615,0.4180547741061607,0.0007549520020523337,0.41805477410616076,0.0007549520020521949,0.41805477410616076,0.0007549520020521949,0.41805477410616076,0.0007549520020522504,0.41805477410616076,0.0007549520020523337,0.41805477410616076,0.0007549520020523615,0.41805477410616065,0.0007549520020522504,0.41805477410616076,0.000754952002052306
0.0,0.43566980113200654,0.002873880976344208,0.39810044788894566,0.05667426454586685,0.4063581887103546,0.025719261437256353,0.3981004478889461,0.0566742645458664,0.3521202968014287,0.04927849065418117,0.4158205471775453,0.0032192403276812428,0.4063581887103564,0.025719261437255912,0.40635818871035606,0.02571926143725798,0.36735717735796164,0.03972849242307435,0.3147644042528374,0.003596368229322267,0.3147644042528381,0.0035963682293194566,0.3147644042528345,0.0035963682293169035,0.31476440425283114,0.0035963682293205855
0.02,0.43566980113200654,0.002873880976344208,0.39810044788894566,0.05667426454586685,0.4063581887103546,0.025719261437256353,0.3981004478889461,0.0566742645458664,0.3521202968014287,0.04927849065418117,0.4158205471775453,0.0032192403276812428,0.4063581887103564,0.025719261437255912,0.40635818871035606,0.02571926143725798,0.36735717735796164,0.03972849242307435,0.3147644042528374,0.003596368229322267,0.3147644042528381,0.0035963682293194566,0.3147644042528345,0.0035963682293169035,0.31476440425283114,0.0035963682293205855
0.04,0.4492784703397698,0.013603795217032175,0.376628454581527,0.002096751136660818,0.36056129648159624,0.014480576151292335,0.36816521673663144,0.04358729548897783,0.3659039567886799,0.008189896255275655,0.4158205471775453,0.0032192403276812428,0.3605612964815971,0.014480576151292206,0.36056129648159696,0.01448057615129327,0.3605612964815969,0.014480576151293563,0.35808275530575395,0.024926726362229125,0.36253749923729056,0.009519780884854221,0.3482053983433446,0.01833561923776672,0.31799569561701935,0.005214000240084138
0.06,0.43711000309074266,0.018120256442206148,0.3993352124647274,0.008530550851005729,0.38653836595780344,0.009822383357354563,0.3988457487441741,0.04310756398180707,0.4361418706785287,0.006436907085476744,0.4158205471775453,0.0032192403276812428,0.3865383659578041,0.009822383357354485,0.38653836595780394,0.00982238335735521,0.38653836595780394,0.009822383357355387,0.3581612987147544,0.0036761362032142674,0.3689572839475202,0.007255036805133098,0.3510116335195212,0.006402490812649939,0.34873863409241035,0.00496721220107946
0.08,0.4360540748114394,0.01553571660521119,0.39006440665855807,0.0379592062840164,0.3647880305086924,0.03830349124561681,0.3972624000138052,0.03440472825806422,0.4179021055074426,0.011648320213569124,0.4158205471775453,0.0032192403276812428,0.36478803050869285,0.03830349124561634,0.3647880305086928,0.038303491245616696,0.38051763566940805,0.039239419970329405,0.3728818513671961,0.004898408856754872,0.3946598466200193,0.021467301359893273,0.3648482723172297,0.008181691820162634,0.3616533091579875,0.009653729708826482
0.1,0.4240120546508939,0.005123918904584455,0.3808591351312547,0.03216301275372835,0.382174895442815,0.03709669598404057,0.3922441211170958,0.02973967670424345,0.41362902078540237,0.005013396080397725,0.4158205471775453,0.0032192403276812428,0.3864100221008828,0.0356837187065539,0.3821748954428153,0.03709669598404044,0.3821748954428153,0.03709669598404069,0.3707965700546009,0.026606428884680695,0.4111665690705961,0.017634604542497347,0.3755734993814596,0.01890438838839065,0.3742816933381479,0.008468025334128501
0.12,0.4042377388571081,0.005879171996955103,0.400104294133014,0.029076665821444598,0.3905502659040436,0.018612274611529273,0.3840702516616612,0.013868083422724834,0.38997530746621645,0.013290807251218983,0.4158205471775453,0.0032192403276812428,0.3905502659040439,0.01861227461152905,0.38170557178903747,0.024149697349126007,0.3817055717890374,0.024149697349126215,0.36801385219173377,0.017490301132404813,0.3932459255028617,0.007803594721190321,0.38940734510682545,0.006447001902642142,0.38240213839514964,0.006897179925562777
0.14,0.38550835797701205,0.013332039613593997,0.4212813753562186,0.0258513977348496,0.38833793338420897,0.017112789661024672,0.3927095403767036,0.015406024899152548,0.38063827561347435,0.021478169000678025,0.4158205471775453,0.0032192403276812428,0.38501442949213366,0.022380295996715434,0.38577970596820244,0.021170147833056183,0.38045675515165495,0.022733006888841376,0.36893307979428486,0.00989609631485086,0.3971974502776563,0.012332546423039466,0.39084702210752337,0.013607691132983608,0.3860052824640861,0.004178919688889931
0.16,0.38484484676048103,0.021183414817116386,0.4247363275609694,0.015487458349136797,0.3872495253924342,0.019129571045202663,0.39781450261374446,0.0028879423571433944,0.3825115806177033,0.020196723532536015,0.4158205471775453,0.0032192403276812428,0.3873323379206848,0.01904186524159874,0.38666490513099555,0.019254232843831307,0.38861320644118674,0.01772863330447192,0.37662583023131874,0.013267531585891971,0.3986844695145328,0.01396807895518641,0.393269208224482,0.011302491337467344,0.398591427379432,0.011566269953473235
0.18,0.3872523418154647,0.017696998739083415,0.41335845123292153,0.009758125836199439,0.3865304167371799,0.011148598641169589,0.4064078307512699,0.006824238906313907,0.3851038802216589,0.02071530352842356,0.4158205471775453,0.0032192403276812428,0.3952494320135525,0.014023526311677035,0.3952494320135525,0.014023526311677212,0.39117935548507227,0.013236859804566934,0.3851092698969208,0.013748659351807429,0.39849930134071415,0.013770130448968635,0.39516912167304974,0.006654500534756939,0.4063357530431177,0.012096094846312402
0.2,0.3803978183618259,0.014813293216848935,0.4212653318518287,0.01522607062456371,0.38777159931496213,0.007366179727676328,0.41251502179119814,0.011121649953248405,0.3853239597928672,0.010274865997557833,0.4158205471775453,0.0032192403276812428,0.3945277682246955,0.010818215283464777,0.39959418551606934,0.013723339338712677,0.3927851235263043,0.01176366263254977,0.397998073450262,0.01307823639537874,0.4041035199521832,0.020009038453916685,0.4010323040808377,0.005117299659387081,0.41132024014283325,0.012556727964380647
0.22,0.3832080553912966,0.012818090560287446,0.4230162850391949,0.0054852057158055354,0.39316403982703346,0.004416983698465062,0.4128627140036993,0.01665122231083609,0.3859292816578175,0.008860045040367826,0.4158205471775453,0.0032192403276812428,0.3931640398270336,0.004416983698465209,0.3967781056928262,0.007320991666954153,0.39305051048465667,0.004874849011789306,0.40903412866526323,0.010143944690289891,0.4092223331638792,0.004710282841017006,0.40669310349303966,0.0033722845148420433,0.4134045378144102,0.009014108066760756
0.24,0.3922483391628229,0.01516276598629355,0.42027076386699375,0.00808261625901988,0.39632855571663766,0.009051626140315256,0.4075389751543004,0.012398848044713227,0.3909350558936681,0.00971979457119929,0.4158205471775453,0.0032192403276812428,0.39632855571663783,0.009051626140315272,0.39847885691674295,0.007081816660654117,0.39298290388755985,0.0064306987905859096,0.41145399071544153,0.013527995052436228,0.4070137266764356,0.0057153726433413566,0.40230201356005263,0.005351098510928652,0.41511115164888523,0.003588923220272011
0.26,0.3938058541006166,0.01115396316307524,0.4192005657780216,0.009414968272242035,0.4025239578450903,0.01037960315292011,0.41184232438698326,0.009694931152729649,0.39107482467494475,0.007353383413881854,0.4158205471775453,0.0032192403276812428,0.4080834255252293,0.0072221354042053005,0.40647426742575066,0.00485685019833687,0.4053813841713034,0.006322633612398727,0.412411929201443,0.014100773907860322,0.40518757503398234,0.0013234942212726718,0.40598318178131715,0.0037247315370904526,0.41988794045750416,0.00708084775830834
0.28,0.3983679625872007,0.012460296056887305,0.42417444285233813,0.0055699403307140245,0.41099874130215075,0.009101969458165608,0.4147016754612662,0.008750029556710507,0.3923657914045588,0.007344249530948478,0.4158205471775453,0.0032192403276812428,0.41577248399501815,0.006787409959135786,0.4063697051090493,0.0051386512536200565,0.4117429804733373,0.009918782763343677,0.40623194609829166,0.015526223895396766,0.40094926910700374,0.0019430019432212047,0.40867935466546745,0.011974730179080356,0.42217260466960704,0.004216018842417098
0.3,0.4048764884538072,0.015099511243073143,0.42428226935115093,0.008252253341991122,0.41735834471960703,0.003895558391182408,0.4193014229550556,0.008935861850554182,0.3948143366341396,0.006265986974897016,0.4158205471775453,0.0032192403276812428,0.4182035012863788,0.008796080608803969,0.4146321446985793,0.004764756431864207,0.4180314602565298,0.007053020779050214,0.40183345967340517,0.012009670857169316,0.39792271126561474,0.008828439662958229,0.4080860234979398,0.011350981943272564,0.412903109883157,0.001832310758031475
0.32,0.4090019271467036,0.010071437961550809,0.42489290896662785,0.008062343792577992,0.41979915327026784,0.00523455173397487,0.4189968050685007,0.005061855325071995,0.39707106924932484,0.005847198798269022,0.4158205471775453,0.0032192403276812428,0.42391352897961987,0.008727170497292188,0.4176751890622059,0.004191930558931006,0.4173393824134409,0.006230517525939022,0.3961275191465156,0.011910106040936914,0.3975204851530378,0.006738709658198818,0.4046450300455835,0.008061308509202699,0.4108484373761219,0.007549522566874013
0.34,0.41292246937782934,0.00940755843550441,0.4213569798559349,0.012674885340969132,0.42634222733080823,0.006511190075226522,0.4166634934871725,0.003539319418391801,0.4030343823592258,0.005522613316577786,0.4158205471775453,0.0032192403276812428,0.4233226030251441,0.004457735706036301,0.4224443275253891,0.00352742157530856,0.4237266674095644,0.007657090970052574,0.39526321720308455,0.005197475674029531,0.4023996774979444,0.0070700971540828645,0.3977718134392565,0.005611177693359411,0.41331576621063904,0.008948646474895482
0.36,0.4114410025571853,0.006482404323642458,0.4223754700408098,0.010544877181757624,0.4291282569855616,0.0030315779545314423,0.41840807903474353,0.008244622364848277,0.4013369404528706,0.00529284665485391,0.4158205471775453,0.0032192403276812428,0.4288439476037051,0.007919871820097998,0.4264516740879392,0.006363163727210357,0.4264516740879392,0.006363163727210357,0.39944314452259827,0.00380398728513099,0.4025497707320565,0.0038455157428946628,0.3964429777008058,0.00207657577102332,0.4129101780520649,0.0053052108926073625
0.38,0.4083381601965161,0.005104138529320603,0.42032046299749043,0.007911218427267289,0.4340534437462815,0.0064411276402047525,0.41458731116912567,0.009012600863858482,0.4007825732709705,0.00638114045705873,0.4158205471775453,0.0032192403276812428,0.4340534437462817,0.006441127640204787,0.4340534437462816,0.006441127640204861,0.4340534437462816,0.006441127640204861,0.40122382099573134,0.00408769288000916,0.39929258206968404,0.00616024128054817,0.39503553028288246,0.007235917982620456,0.41637585010952066,0.0020292709522645508
0.4,0.4063949551584421,0.002063006426089449,0.4195746344058855,0.0042466987008860846,0.43424366380744456,0.0046295327155000746,0.41484727789079284,0.004576608042272864,0.39908393107400947,0.010521794613754161,0.4158205471775453,0.0032192403276812428,0.4327319789028528,0.0035375159021524324,0.43424366380744467,0.0046295327155002584,0.43381337845169643,0.004489044932074704,0.4048464537993433,0.004567469310514588,0.39794943165042884,0.00524366752093471,0.4001754523942001,0.008937711257603417,0.4180074763162014,0.004089584631426801
0.42,0.399971789094921,0.0026038448677883166,0.4156529042774418,0.0010639748027584512,0.4308797610515653,0.004915753430585968,0.4112696338594765,0.005153336210483354,0.3995393193195002,0.00795973027947705,0.4158205471775453,0.0032192403276812428,0.43130841207987447,0.004414334118573135,0.4313084120798744,0.004414334118573198,0.43087976105156534,0.004915753430586173,0.4076181351361547,0.005353551771341953,0.3989326085292362,0.008189633303093148,0.3992990949196146,0.009177003881063546,0.4165087056390888,0.004111178177254288
0.44,0.4018370604504562,0.004359030893499472,0.41423288911929806,0.004248453177063084,0.42611918241144164,0.003645543673776362,0.41389465332404934,0.0011405170771763649,0.3961917214303104,0.007174773499743502,0.4158205471775453,0.0032192403276812428,0.4261191824114418,0.003645543673776519,0.4261191824114418,0.0036455436737765448,0.42645418785654093,0.00286645888172696,0.409076627494605,0.007575850585859581,0.3969205615599625,0.007071963667500888,0.39915146568808835,0.005469114673451044,0.41320068553770567,0.0025253432682994245
0.46,0.40207351944859065,0.004872623429258704,0.41348429026556915,0.003999368053072304,0.4229636940002524,0.002771808482941918,0.41267630491558377,0.0033244519520626305,0.40088797425624917,0.009229907114858257,0.4158205471775453,0.0032192403276812428,0.425630971551436,0.004915681564619081,0.42353886867440355,0.002971574456750515,0.42229661437593186,0.003372929608491325,0.40969589949991675,0.005504750650257017,0.4004276810111032,0.007869792814230227,0.40118315437541324,0.003432484489936377,0.41136000017644775,0.00479574421120408
0.48,0.4041141955647036,0.006727111812554233,0.41514708375787834,0.0046176847782929175,0.4228299129487691,0.004342501550182848,0.4099346794578862,0.0019245627084222778,0.3996465518630033,0.007925107226878184,0.4158205471775453,0.0032192403276812428,0.42538605393532003,0.003789526742500542,0.4177768410968031,0.0036434752838450093,0.41965928555153287,0.00495792768854126,0.41051188078465195,0.004339690527606974,0.4007509722281859,0.007708028349932445,0.40073925548188316,0.004030132722567253,0.40825540102167035,0.0031830918618050204
0.5,0.4072502811574856,0.008250959970672954,0.41841825966100776,0.005493477792394842,0.4200079576942823,0.005224966214585089,0.40904005419421513,0.0004065434767303993,0.40059803269470634,0.0038692481795095206,0.4158205471775453,0.0032192403276812428,0.4193581542153086,0.004450416852606591,0.41445821902476415,0.001239554426769867,0.41625967553375354,0.0019374833249454079,0.4109520273458396,0.0017948769926271746,0.4000439358422714,0.00688063988239048,0.4016580340292775,0.005756762679959344,0.40767697578562384,0.003320577260931562
0.52,0.4081593695244048,0.008594663226317465,0.41925603328423816,0.005595686956234154,0.41607048309398964,0.006047299098313949,0.4070469979216747,0.0013651374270802607,0.40381365477898395,0.003923268511386348,0.4158205471775453,0.0032192403276812428,0.41459950928494455,0.004324316731125682,0.4141116665257105,0.004244933224289453,0.4137489190155144,0.0047040516586815614,0.41343308878248813,0.0023201947487187535,0.40226066799569793,0.00452061424662579,0.3995956632821276,0.0036658626296867574,0.4062386775558311,0.0006886588348353955
0.54,0.4092872558289775,0.005796133973371381,0.4202096291417057,0.004064558367292569,0.4126726614014565,0.0051892196217935465,0.40924519887483884,0.0030467398827448548,0.4040772593864193,0.006207942383506805,0.4158205471775453,0.0032192403276812428,0.41039320765377996,0.0055184662810495,0.4103932076537799,0.005518466281049524,0.4103932076537799,0.005518466281049524,0.4127504510492342,0.0022227596977736665,0.40299765946228244,0.0030240113070813027,0.4013966067321811,0.0033921865898556432,0.4049830440645305,0.0044036518345579555
0.56,0.4120856556630832,0.004450088781192668,0.42211091202518625,0.003961981139244641,0.413872172474838,0.001698788763115201,0.40984792333277253,0.004304237221191072,0.40163615408736614,0.006403882112834064,0.4158205471775453,0.0032192403276812428,0.4126057447960405,0.0034880714780557423,0.4126057447960405,0.0034880714780557687,0.4142161400505035,0.004987316485461505,0.4114698759368727,0.0008890119724730749,0.40605829405637456,0.0034937952738635127,0.40222348101084643,0.002832888046269689,0.4051227622500007,0.003833365429128387
0.58,0.4138360192610302,0.0040731057590226655,0.4220019028327547,0.006722913773307139,0.41189380352868904,0.004063604887575784,0.4093881506140284,0.004731627056613885,0.4022938988391311,0.00463102684156934,0.4158205471775453,0.0032192403276812428,0.41189380352868915,0.0040636048875758255,0.41189380352868915,0.0040636048875758515,0.4150678200766955,0.0047184215169292845,0.41261101215960744,0.004020446489372248,0.4052215414948515,0.00468866497122148,0.4017883588275313,0.003867294043918866,0.4010925448010217,0.00211981047574937
0.6,0.4152552531633211,0.0026764396132645325,0.4226470359899757,0.00593274454301694,0.4135120097512013,0.0045652987903608035,0.40949616646261067,0.0039086458443314785,0.40512350006800074,0.0053583273406843076,0.4158205471775453,0.0032192403276812428,0.41351200975120134,0.00456529879036082,0.41351200975120134,0.004565298790360844,0.41351200975120134,0.004565298790360844,0.41289329004117375,0.0038809879640023916,0.4044379797425734,0.004193265980642651,0.4021683445116535,0.0039909640069401954,0.4025818713301376,0.0018753630057393238
0.62,0.4128215790333121,0.002774652578797462,0.42264866677227,0.004255971429263228,0.41532461055185427,0.0047353483597363626,0.41112071199069944,0.0038119306023498213,0.4095023647944511,0.005861325775700373,0.4158205471775453,0.0032192403276812428,0.4153246105518544,0.004735348359736399,0.4153246105518544,0.004735348359736424,0.41649790866295483,0.004358384260103696,0.41244532340171686,0.0045786788092120195,0.40479189708883423,0.002947753956365218,0.40247252373839504,0.004802124724167811,0.40350985963572716,0.0033890687955400664
0.64,0.41470937512599026,0.0027987278475983565,0.4231628833332787,0.004806688408490093,0.41816055634759514,0.004528711282096878,0.4116883647717657,0.001552443569786476,0.41105176529843773,0.005698748347721461,0.4158205471775453,0.0032192403276812428,0.41816055634759514,0.004528711282096915,0.41816055634759514,0.004528711282096941,0.41816055634759514,0.004528711282096941,0.41206941804946257,0.004277948388009828,0.4063329577184755,0.004239734154574861,0.40536098844275487,0.0039343732779909615,0.40339460162189256,0.0036189139443977888
0.66,0.4132155635194749,0.0026792499603748225,0.4203162180026143,0.0061159714915229885,0.41711424393171875,0.0036922199099081224,0.41314944011946925,0.0033262722333725443,0.4125791182532035,0.006465639084509294,0.4158205471775453,0.0032192403276812428,0.4170782782343289,0.0036579330376312513,0.4164329756255596,0.0045542979724563495,0.4164329756255596,0.0045542979724563495,0.41189208764250673,0.002866610759792669,0.4068609319419901,0.005529132449684847,0.4056845023848225,0.0030332331285810392,0.40229273308778174,0.0035165477727484374
0.68,0.4152903345504599,0.0051755724970149915,0.4194091812791376,0.007903994728369054,0.41960084743654424,0.0030907396651809528,0.4116810659731563,0.0031447266071015635,0.4123999115605597,0.005579937033929941,0.4158205471775453,0.0032192403276812428,0.41599082329210324,0.00402403194267646,0.4156404395092239,0.0038209588031143963,0.41514025363789114,0.004520691231194912,0.41090845537941184,0.0030488881831721563,0.4092620508460765,0.004988016880855162,0.4055070669286054,0.003658865012882716,0.402630280768824,0.002064790060574226
0.7,0.4171372902996147,0.005113208635345082,0.41740286132448096,0.007917066624361981,0.41808120871430116,0.0031177477750560846,0.41156205572090765,0.00399762699833851,0.41249629144923955,0.005882685849028819,0.4158205471775453,0.0032192403276812428,0.41624528627755586,0.005419603124972706,0.41474766914218114,0.004023934357476829,0.41474766914218114,0.004023934357476829,0.4104173131759589,0.004271262812528176,0.4087855882296867,0.004812260895523484,0.40433473866614894,0.0035435161627918725,0.40257877234256906,0.0037684161269499476
0.72,0.41655839460408955,0.003995203008621052,0.4181205064082383,0.004618896578230274,0.41739388500726143,0.0022393833557539985,0.41187397890836985,0.005134850044587613,0.41231250349347154,0.005603770534207876,0.4158205471775453,0.0032192403276812428,0.4171312387489799,0.003029356034835006,0.4151919274595441,0.005622599801712284,0.41315879592908433,0.004029144712637983,0.4096859563996405,0.0023032763449955165,0.40858175035257155,0.003158001470976318,0.4078377500648754,0.0028147108066178274,0.40348805910086716,0.0037546965402506065
0.74,0.4169417074139046,0.0055541261391139,0.4164353288439135,0.004745143392736352,0.41779223345035005,0.003587953886469347,0.4121418559059087,0.004142388108738183,0.4119960879791551,0.004087744949060829,0.4158205471775453,0.0032192403276812428,0.41733619664865024,0.004203142932470749,0.41552088725497227,0.0029508857288910798,0.41304979480934945,0.005426245759309926,0.40948938267654994,0.0020852346964132375,0.4083030281165338,0.0036831225705460683,0.4090017122862239,0.0025645919023906723,0.40287384534071685,0.004032467994038868
0.76,0.4159575226955787,0.005323398262070584,0.4188453026285473,0.004899701289451625,0.41737500179674375,0.003968125197016561,0.4134534454869618,0.0028762339225635054,0.4104977501794007,0.004793757826997094,0.4158205471775453,0.0032192403276812428,0.41737500179674375,0.003968125197016597,0.4168673697150494,0.004962592357628397,0.41480989983465294,0.005364695606050624,0.41072694532405674,0.0032294767357851223,0.4081670855880492,0.002235490061571044,0.40996953970295347,0.0010824231714760487,0.40389305517317015,0.005241331746844212
0.78,0.415481523756522,0.005310892555568256,0.4186714568012795,0.004668914630547727,0.4173800219214611,0.002865296344051832,0.41407946100404674,0.0035956883185481936,0.4128516785218239,0.005745173101695421,0.4158205471775453,0.0032192403276812428,0.4173800219214612,0.0028652963440518567,0.41685244114341274,0.0049934794624865424,0.4156403987367456,0.0031156131190967374,0.41168295060850313,0.0039018543208282877,0.4084953454990447,0.0032808861331206996,0.40942883856356166,0.00033065252077361473,0.40510345179906193,0.00531223128626007
0.8,0.4158284537510988,0.004977489790008038,0.41824447608063187,0.00515183172769266,0.4177844063768951,0.00434579958034611,0.411800961828854,0.004193636571303111,0.4138076882611059,0.004715195205091698,0.4158205471775453,0.0032192403276812428,0.4177844063768951,0.004345799580346141,0.4177844063768951,0.004345799580346141,0.41688036618339547,0.0037245566652329273,0.41141391194971666,0.004605474822975409,0.41062233811383714,0.003492494861901767,0.4094971439315083,0.00212118071699117,0.4054375032690067,0.005143832734094657
0.82,0.4181422074189148,0.0034984321115493445,0.41836265736515527,0.004297766234509079,0.41707054967944973,0.005315107405409145,0.4132753645022587,0.003125437219272565,0.41481785208635397,0.005600291363775558,0.4158205471775453,0.0032192403276812428,0.41753321352864936,0.005603303575460351,0.41818879927493025,0.003750371292609591,0.415218459186564,0.004002427480941779,0.41079882663873263,0.004056215124088807,0.41148589798984103,0.0035528470186769706,0.41134811520266945,0.0017748819572620841,0.40790803439824064,0.004656326063718008
0.84,0.4174287178748492,0.00442645887478844,0.4179624996086469,0.004996381593179578,0.4170762803867918,0.004361279546087412,0.41289948144635663,0.0031690542647520655,0.4137125106155328,0.00545505607166381,0.4158205471775453,0.0032192403276812428,0.41707628038679195,0.004361279546087454,0.41738761243902384,0.003921263843963507,0.41491755797172253,0.004769524782971713,0.4097860296116386,0.003953246052096407,0.4116579866405663,0.004029755288223706,0.41189449969513464,0.0031711951361797774,0.40922852258994125,0.0030154480236569362
0.86,0.41777175666522304,0.005769813610972525,0.4169567930791715,0.005017202168200092,0.415830723329729,0.0042172245607336395,0.41220678059768795,0.0030879359860421923,0.4155305325124026,0.0038476379839627165,0.4158205471775453,0.0032192403276812428,0.4158307233297291,0.004217224560733679,0.4158307233297291,0.004217224560733679,0.4148686372861829,0.004724381269150998,0.40979299084078563,0.0038630918507267247,0.41200031753193994,0.0034014466784163186,0.41211892659759597,0.0024989942906975147,0.41062626716892536,0.003485443762626327
0.88,0.4179812132563185,0.006439531402026104,0.41623048418452413,0.004255092055134502,0.41510486474517555,0.003968590972041347,0.41222689548111596,0.003192390524537385,0.4148114964464247,0.0034945761588883757,0.4158205471775453,0.0032192403276812428,0.4151048647451756,0.003968590972041392,0.415984025885491,0.00478358526556364,0.415984025885491,0.00478358526556364,0.4091474461613946,0.0038296892411848354,0.4126141018796752,0.0025134793886954537,0.4139851831568582,0.0032770159261695134,0.4111149337767475,0.0044674675874615734
0.9,0.4170304118177522,0.0063919215463424765,0.41546216797626817,0.00397014733345723,0.41546216797626817,0.003970147333457166,0.41220887045274696,0.003834095710374262,0.4139497391797256,0.0035925698396526936,0.4158205471775453,0.0032192403276812428,0.4154621679762682,0.00397014733345721,0.41602964238934687,0.0044672247511242805,0.41602964238934687,0.0044672247511242805,0.40978773813154673,0.004880647254988251,0.4138164449395536,0.004207890806676744,0.4147206601986529,0.004100247035587172,0.41280168344386486,0.0042387833785481775
0.92,0.41683978273349154,0.0048541593656226435,0.41388196725064264,0.003587833342540078,0.4146049995299356,0.004035050203177851,0.413050877385831,0.004132139670365375,0.4139316367805456,0.003880637576663374,0.4158205471775453,0.0032192403276812428,0.4155597318292376,0.004897632591161771,0.41750222451001157,0.0039864580160379115,0.41750222451001157,0.0039864580160379115,0.4120370839887024,0.003516887881367951,0.41436592984973847,0.004565639694457226,0.4149482838744298,0.003406947394528929,0.4148478139449256,0.00405413361471642
0.94,0.41637587706428647,0.0036950943116818833,0.41331768484771647,0.003554432411459448,0.41580288320890096,0.00520620207003223,0.41354347213797643,0.003654943147287323,0.41362289674921776,0.004224742239461093,0.4158205471775453,0.0032192403276812428,0.41661988823203194,0.004051137430343373,0.41661988823203194,0.004051137430343373,0.41661988823203194,0.004051137430343373,0.41331768484771647,0.003554432411459466,0.41514417270873144,0.003755705097351178,0.4152313173263091,0.002781695474591197,0.41520817030288065,0.0029286365789886713
0.96,0.4154326473670291,0.0036332079443519827,0.4141042753497605,0.0032071129439252832,0.415317415757732,0.0035967483677955565,0.4138363647117888,0.004581541742767273,0.41360327181483375,0.002960806307770387,0.4158205471775453,0.0032192403276812428,0.415317415757732,0.0035967483677955703,0.415317415757732,0.0035967483677955703,0.415317415757732,0.0035967483677955703,0.41251992047459285,0.0033889275670085524,0.4155828433278501,0.001827302550745422,0.4153754884255994,0.001683394699033735,0.41532464864575885,0.002689264537634429
0.98,0.4144951214552841,0.0034308127137185744,0.4139127059254857,0.003173867606368083,0.41665310946815265,0.0033779821239948884,0.4144978307067586,0.003432062526095392,0.4146667200243397,0.0031739584758114434,0.4158205471775453,0.0032192403276812428,0.4166531094681527,0.0033779821239949023,0.4166531094681527,0.0033779821239949023,0.4166531094681527,0.0033779821239949205,0.4144951214552841,0.0034308127137186,0.4161446322927378,0.002733316575898526,0.41534369386962794,0.0022643582610212673,0.41665310946815265,0.003377982123994983
1.0,0.4158205471775453,0.0032192403276812857,0.4158205471775453,0.0032192403276812775,0.4158205471775453,0.003219240327681217,0.4158205471775453,0.003219240327681269,0.4158205471775453,0.0032192403276812857,0.4158205471775453,0.0032192403276812428,0.4158205471775453,0.003219240327681234,0.4158205471775453,0.003219240327681234,0.4158205471775453,0.003219240327681269,0.4158205471775453,0.0032192403276812944,0.4158205471775453,0.00321924032768126,0.4158205471775453,0.003219240327681217,0.4158205471775453,0.003219240327681303
0.0,0.4360946910484881,0.0025953782427669335,0.41336322117544666,0.05574796804858954,0.3994141900747634,0.02531338890413005,0.3670233618024208,0.0728445950997674,0.3325382484867832,0.05451281573590741,0.41749515385550606,0.004023127364767301,0.3994141900747652,0.025313388904129715,0.39941419007476353,0.025313388904132417,0.37016343156046816,0.03474751819346185,0.30452132907534146,0.018012833358640807,0.30452132907533935,0.018012833358644963,0.30452132907533835,0.018012833358640207,0.30452132907533536,0.018012833358640144
0.02,0.4360946910484881,0.0025953782427669335,0.41336322117544666,0.05574796804858954,0.3994141900747634,0.02531338890413005,0.3670233618024208,0.0728445950997674,0.3325382484867832,0.05451281573590741,0.41749515385550606,0.004023127364767301,0.3994141900747652,0.025313388904129715,0.39941419007476353,0.025313388904132417,0.37016343156046816,0.03474751819346185,0.30452132907534146,0.018012833358640807,0.30452132907533935,0.018012833358644963,0.30452132907533835,0.018012833358640207,0.30452132907533536,0.018012833358640144
0.04,0.4490239654839376,0.011789476298595166,0.39453645366525547,0.03107067053581684,0.3519677595750523,0.019463091839361756,0.36501909559507073,0.03813900209424372,0.35092583786846404,0.026894942641108484,0.41749515385550606,0.004023127364767301,0.35196775957505316,0.019463091839361683,0.35196775957505233,0.019463091839363185,0.3519677595750525,0.01946309183936303,0.35745724952191366,0.021614347961711435,0.3452480698623241,0.0310603086817821,0.3269734003146016,0.040056702566510706,0.33011472728498914,0.0214709602623046
0.06,0.44589481942256587,0.021858105226667923,0.4023940560573513,0.009091055809893797,0.3825309276971684,0.010978984258688582,0.3966603953394411,0.03752364405071724,0.39916854226969056,0.06428185101958162,0.41749515385550606,0.004023127364767301,0.380715746010751,0.013193487797303189,0.3807157460107504,0.013193487797304181,0.38071574601075053,0.013193487797304086,0.366147057817377,0.014193397351367215,0.3466781523263689,0.039096749054884763,0.34793817994466386,0.007686499013527528,0.35908005935061854,0.018421186902619312
0.08,0.43672422260401034,0.013504301611699111,0.38682979649695104,0.033347625327406705,0.37039697285300194,0.03456513827352131,0.3922282915133859,0.031044979305282404,0.3948087686260483,0.04125129268036444,0.41749515385550606,0.004023127364767301,0.3703969728530024,0.03456513827352092,0.370396972853002,0.034565138273521055,0.38219417672353856,0.03410617875729366,0.3739428800284296,0.004623110690414851,0.3771619983039953,0.03555499764912247,0.3582827240087387,0.013398669133666816,0.37215260418554214,0.020015030881695116
0.1,0.4346640935132652,0.01897600338538043,0.38811328664947636,0.030556712597976272,0.3809854744929367,0.03219266696450105,0.39182273162510217,0.025765655147241617,0.3982850942371723,0.026928773662137907,0.41749515385550606,0.004023127364767301,0.38416181948648764,0.031147376784128527,0.38098547449293674,0.03219266696450096,0.3809854744929368,0.03219266696450117,0.36480587924760355,0.02527037143636408,0.3955230650589865,0.031102927696785083,0.3683264500611473,0.020629859350161747,0.3803704775656517,0.012845250869557795
0.12,0.4117988522280288,0.014051149552655242,0.40697994277823274,0.02785521502962177,0.39407773693589504,0.017237799462312044,0.38981899961912664,0.015600868969391732,0.37464685387777863,0.028937322548578455,0.41749515385550606,0.004023127364767301,0.3940777369358953,0.017237799462311857,0.38289113111413425,0.02101481773132376,0.38744421634964027,0.023156036701465255,0.36677947188672333,0.01529719122874666,0.3816491784518785,0.021192585836157435,0.3827728197550419,0.012775901341192351,0.3803827229694751,0.0069218808266645355
0.14,0.40155155405479237,0.030090860429109436,0.42111187174756837,0.022389892095632722,0.39338065348489737,0.017202405515756074,0.3892855069490105,0.01460072659619583,0.37177363208053027,0.024119069688003467,0.41749515385550606,0.004023127364767301,0.39088802556584096,0.0218896237790113,0.39146198292289236,0.020808560344831403,0.38883040739513186,0.024452941690932404,0.365679290051505,0.01025724060238725,0.3878453371579389,0.019402444056594744,0.3789524320193098,0.023734379359441813,0.3872020156108589,0.004170616021452688
0.16,0.3984595517724031,0.02987697064915535,0.42605400537418153,0.013605324290346034,0.3944765298317939,0.020764010830753906,0.38916889432204005,0.015182054752055198,0.37587927004740024,0.020925901691208684,0.41749515385550606,0.004023127364767301,0.3945386392279819,0.020681798990998333,0.3940380646357148,0.021003203447318437,0.39549929061835826,0.019441779625810944,0.3756263755161668,0.011619693411183405,0.38476923196952595,0.026967238087643407,0.38370971845213075,0.01923437721758125,0.39499783191054355,0.011793037592559008
0.18,0.40075158630923513,0.027956692025096885,0.4207680372435978,0.015366250662577222,0.3967178950934852,0.020113989771474557,0.3942176512719919,0.021925535448395997,0.37845126852346417,0.021321692649199118,0.41749515385550606,0.004023127364767301,0.3991015652225924,0.013856812708602463,0.3991015652225922,0.013856812708602487,0.40031471796436546,0.019539073314734097,0.3786593635304568,0.016327066542630667,0.3856180968067588,0.02529799715734407,0.38396621494958233,0.02024171781715778,0.39640185739665945,0.02014406813536938
0.2,0.3908985284470897,0.022256908564096307,0.42673050161831483,0.01623204120644396,0.3961333072339724,0.015825609966249023,0.40286253931661475,0.01929454785757787,0.3841080520305234,0.009144120980740092,0.41749515385550606,0.004023127364767301,0.40120043391627247,0.014877793476661398,0.40509935381376766,0.015237065528245351,0.39999255732144395,0.016113011035597875,0.3881428687076513,0.020485491987413618,0.3899465423082034,0.030025510202562212,0.3910834529118175,0.017792666624284127,0.40176523836801503,0.01980272051080177
0.22,0.3900488113874769,0.016236237618568766,0.42508556762279937,0.005950748065659929,0.39771738827577596,0.008765343976785918,0.4069180755232479,0.01771901756089918,0.3870424597124188,0.007911560827785366,0.41749515385550606,0.004023127364767301,0.40242783017325834,0.016495021778730735,0.4051383795726027,0.015807600300973175,0.3953981322448791,0.005861492851912133,0.3949130472013468,0.025988257647280574,0.3970157212130496,0.021532398827956642,0.39692823194631643,0.017163547888149455,0.4031821231081719,0.01935029445404852
0.24,0.3980608485768347,0.016546537442324673,0.42539475866394766,0.01130320672334015,0.4023584724804629,0.013058661507750702,0.39952070909458715,0.017554952191332372,0.3929966639346586,0.009143658350122597,0.41749515385550606,0.004023127364767301,0.4061711488163194,0.018763764777243574,0.40184067600096623,0.00845692485933764,0.3971632116236812,0.009134568052593352,0.40065138205486783,0.022075870293706664,0.3922406517714632,0.026062047881602983,0.39206494926326857,0.018326705860702886,0.40322151225366465,0.020826686060338582
0.26,0.39851905819073996,0.012647175537166266,0.42612019010426505,0.014495682913354275,0.4074634996330554,0.01240964707130067,0.4025966949348576,0.018081447935388427,0.3897646382519028,0.0067604697405605745,0.41749515385550606,0.004023127364767301,0.41066044458809026,0.007683912518928959,0.4110340849081329,0.008948047373853732,0.40344396749190903,0.00642203410270159,0.40307312414199226,0.020267306392703282,0.39458168063415483,0.018405670750510122,0.3982781539984337,0.013729806195739458,0.40876845106440274,0.02021219772370488
0.28,0.40325785611830856,0.013717777137921184,0.4259003498207442,0.0056748956868443055,0.4151329918519627,0.01064943514177606,0.4048076794475254,0.018737548780249715,0.39200037159673445,0.006391720878408158,0.41749515385550606,0.004023127364767301,0.41454466626463427,0.006250944696777189,0.412228205790211,0.011080180198140565,0.4090483296156375,0.00977599705219424,0.395503238185142,0.02293715853793862,0.3909658489742566,0.01737347043783538,0.3998864028449183,0.018425352840633225,0.41343667885003504,0.01556535611333407
0.3,0.4088378495440841,0.01476731441046231,0.4269565626028133,0.00851647210427904,0.42104336409091675,0.007219392958214515,0.40983370602259983,0.01813284897633222,0.39592608908707616,0.0057580313586342614,0.41749515385550606,0.004023127364767301,0.41915628212484674,0.007794334451118191,0.41547435216702855,0.004376656046684322,0.4156863269400333,0.007335378476855264,0.3948195365160693,0.01599248260102828,0.3913749618474304,0.013677539160677613,0.4008298544070441,0.01595586296426453,0.40764431846450155,0.009245684592839573
0.32,0.4131055356144486,0.011251408993084884,0.4283676123409102,0.009218011238333235,0.4196484509395325,0.0045407634236119,0.41267917747252375,0.011787876815750891,0.3987192213960332,0.005813047121429282,0.41749515385550606,0.004023127364767301,0.42378683925504074,0.007561136126637795,0.41887534904336027,0.004183343555012896,0.4178158851137238,0.005458541558961116,0.39144356595333935,0.013122736832588282,0.3926767673463194,0.010219709509887646,0.3980553591820591,0.013379454676075367,0.4054801547203201,0.011366698916508376
0.34,0.4173819167766892,0.011226603675986106,0.425070547212633,0.01272247170730737,0.4255910844445879,0.0057869978445956385,0.4118569621536596,0.008871488986589546,0.4044087521127569,0.005342388982617695,0.41749515385550606,0.004023127364767301,0.42440873323003564,0.004294483925291409,0.4195579284951258,0.0058588331016661485,0.42104343807724925,0.008097681183038436,0.3928375589058957,0.006157253410471241,0.3974930576303435,0.010474467093916348,0.3948022923883638,0.007075885255211906,0.4101069319318269,0.009536695317883136
0.36,0.41645871517125926,0.010346424212919881,0.42577038078236296,0.01086149542710874,0.4298309501688345,0.002893817858859713,0.41273795645732814,0.012142125785173116,0.40255413564236653,0.005045330680128359,0.41749515385550606,0.004023127364767301,0.42612051367880616,0.008324335064433537,0.4212032818688116,0.010630345813841768,0.4242397232800971,0.006711599555501222,0.3986475294310959,0.0035709591947483345,0.4005045657494888,0.004862055507580933,0.3913724524800354,0.008964641835734748,0.4111290671317535,0.005534077637026545
0.38,0.4156500438475549,0.013413802599332454,0.4245434460953188,0.010022040285619606,0.4350376799400513,0.00583286007147751,0.41183614054262646,0.009144782676299817,0.4036386389692358,0.007416909664270951,0.41749515385550606,0.004023127364767301,0.42749756944600736,0.012651267030659353,0.4280937496237235,0.011733284112362508,0.4274155413031693,0.012778941289906939,0.4012950794161631,0.003542196789903897,0.39966553840350993,0.005373892328354734,0.39128418381806196,0.009026997434682889,0.4152341260307717,0.002645573106958852
0.4,0.41484280194903517,0.014740771446147766,0.42504088800711687,0.010157047931904528,0.4323392449508114,0.005191807336315012,0.41138615453707034,0.007186593802942966,0.40309351162892315,0.011456933712802275,0.41749515385550606,0.004023127364767301,0.42752857954666507,0.009519013008101797,0.4286623432251089,0.010465555322166626,0.4265415412190401,0.013181520910592296,0.40372547076250376,0.004406375021887708,0.399894697420266,0.005654574568301273,0.39691071689411705,0.009585797074303555,0.41726113864361375,0.0037702236813977265
0.42,0.410996512181253,0.019228067075567963,0.4193527182310409,0.006474171889857324,0.43122521501684313,0.004299010254595458,0.4090671835593466,0.0058711172316123815,0.40252033876684845,0.008612630865648636,0.41749515385550606,0.004023127364767301,0.4257474206608659,0.010362848834642899,0.4257474206608658,0.010362848834643008,0.4249614295276143,0.011099703506171624,0.40540302720316507,0.006017931279992263,0.3996671643933161,0.007205642732033835,0.39868654685448834,0.008018023171022973,0.41734230469097905,0.0038420048987196486
0.44,0.4097435532464514,0.014205236631159477,0.4175628111619397,0.006841210289743069,0.4267425556731814,0.0033366561372749344,0.4122308574632754,0.0030463477151309896,0.3988903683365824,0.0077753531401255635,0.41749515385550606,0.004023127364767301,0.4233999177407247,0.00567015807154339,0.42339991774072466,0.005670158071543488,0.42320778272898474,0.006146533872610053,0.40737547246083067,0.007192142894941604,0.39935973166133054,0.0074403061049974194,0.3979103405075978,0.005201402370943929,0.41576882429737505,0.004956715549011005
0.46,0.41113296614628636,0.0162489251249949,0.41617998340891205,0.005813475138602438,0.42400975461400525,0.003007477368579252,0.41256185696070874,0.0028858760523115,0.40181472573715826,0.008152913217604195,0.41749515385550606,0.004023127364767301,0.4244649848483456,0.004711848778229474,0.42012808637684607,0.00644383416205007,0.41877228434419167,0.0067672148721431066,0.40913868142643883,0.004863968105915188,0.40322430670029247,0.008361433784972628,0.4003054891313452,0.003338764917177529,0.41296224555394245,0.004995091856370859
0.48,0.41326414633559755,0.016885062106290892,0.41829525341047663,0.006762039338718827,0.42209290603850347,0.003971464130814103,0.41158943071292037,0.0033155031838468943,0.4023032408358937,0.008263139979098133,0.41749515385550606,0.004023127364767301,0.42294075769217854,0.00535805989601282,0.41629530323703523,0.004067068649256957,0.417829835197704,0.005336333105698751,0.4103989134471177,0.003763372193206514,0.403292915682046,0.007996543337617089,0.4007892305551758,0.0034912705201663075,0.4098058513100162,0.0038484728971907582
0.5,0.41433874514302127,0.01420555244793191,0.42116822420104344,0.006732060502254301,0.4187003736056351,0.0050600921339750676,0.4126678924000263,0.00629345599344938,0.40183687124319917,0.003979004140947037,0.41749515385550606,0.004023127364767301,0.41883192964903804,0.003960479075050578,0.4151569782561296,0.0016177653639972112,0.41611504068359956,0.0016965078677885143,0.4105776600375257,0.0016842328249381771,0.4027061420469339,0.007534549058954225,0.4024659844469789,0.005178183952644111,0.40972422997452446,0.0045654599057789345
0.52,0.413001917504604,0.011213919466535997,0.4232267877718687,0.00841334998601865,0.41663990448429244,0.005329173664608309,0.41186948978250226,0.008436052595222204,0.40522991919731316,0.004190637370043219,0.41749515385550606,0.004023127364767301,0.4156724673196366,0.004180729987209246,0.415306585250211,0.004218777765359647,0.41403238235504625,0.004103307312429109,0.41338227624414964,0.0020112740977161116,0.4047435392453543,0.005815575105026813,0.4015931751544525,0.004695644008550572,0.40667277931344104,0.0009596985208791939
0.54,0.41388552885224505,0.009414282828101264,0.42414268366881,0.007667935170590219,0.4144757540445747,0.005472607189576691,0.4132272767290537,0.007384632695396355,0.40464242695519365,0.005464627582927125,0.41749515385550606,0.004023127364767301,0.41333922730107026,0.006991222915768857,0.41333922730107014,0.006991222915768806,0.41217800647814146,0.005691803150288811,0.4140901452490133,0.0030149356796290326,0.40487108375144976,0.00416984879710797,0.4042159904899236,0.005698857053441853,0.40645742191146694,0.004589714829552604
0.56,0.41530848405815074,0.0067832393598142365,0.4242859086783603,0.005095566919858131,0.415705115132429,0.0034990639897428677,0.4128459070995926,0.006392070364175076,0.40214559889237267,0.005615681758642616,0.41749515385550606,0.004023127364767301,0.4147552943733309,0.004794441795736746,0.4147552943733308,0.004794441795736691,0.4162004061687098,0.005519685713716065,0.4136319004422164,0.0038230624635913015,0.4077024866973557,0.004155124833711167,0.40411357378805546,0.0040910014826930205,0.40775946762285264,0.0056460307787511805
0.58,0.41587392317187066,0.00499017033202217,0.42454643007730214,0.00730219377291681,0.41508817911871165,0.006557192214823635,0.4127410525857872,0.00710753655276101,0.40385700585482204,0.004838875678606449,0.41749515385550606,0.004023127364767301,0.4147835699302589,0.006118571163161525,0.41478356993025883,0.006118571163161465,0.4176978235961608,0.0061195082928095995,0.413782306914916,0.0040297377944314245,0.4060373379786883,0.004299332054911655,0.40473932742040997,0.006110778945851935,0.40431095166644493,0.005868954386773881
0.6,0.41765188373724293,0.004754367578990794,0.4254823031631969,0.00710734220297285,0.41681642955292614,0.006956222786976179,0.41326600307155714,0.007354803765347255,0.40654192397246725,0.005250669770203547,0.41749515385550606,0.004023127364767301,0.4168164295529262,0.006956222786976162,0.41681642955292614,0.006956222786976101,0.41681642955292614,0.006956222786976101,0.41426385507732844,0.004114838543313422,0.4051011384229649,0.003808798760035388,0.40464742730988884,0.005512113917549057,0.4052269353572049,0.004860743865328406
0.62,0.41622592123220764,0.006367311844201801,0.4258090586228418,0.006599181733556928,0.41876440003198595,0.0072328485445857784,0.41341747490479297,0.005169474909361119,0.41051184339128366,0.005368751810156263,0.41749515385550606,0.004023127364767301,0.418764400031986,0.007232848544585769,0.4185650164324234,0.006951139034613196,0.4183426003855749,0.0049452297897619475,0.413229254949028,0.004191285094222837,0.40600635210608216,0.003307815443341138,0.4047371665902809,0.0057167406045439085,0.4055616635293575,0.004609125527627569
0.64,0.41802952957196743,0.006240587697414195,0.42476872475249944,0.005006432870147106,0.42124994390287474,0.006634370038488493,0.4130961036582024,0.002784375530561039,0.41148877305327125,0.0049929677428707155,0.41749515385550606,0.004023127364767301,0.4212584579877655,0.006646269865417348,0.42124994390287474,0.006634370038488447,0.4199888510865676,0.00504082377842227,0.4135007770940362,0.00445780191925408,0.406554190860874,0.0036916583788303143,0.4065499178975613,0.003981222119330463,0.40534402160629407,0.004606855590255642
0.66,0.4181478584053691,0.008852478962803655,0.4231649371551877,0.007238745256918283,0.42076821772799755,0.007090764374100857,0.4146239919766161,0.0038498019125826188,0.4122976643757678,0.005620588530903265,0.41749515385550606,0.004023127364767301,0.42059163423933926,0.00686049319179554,0.42117379352343315,0.009109461319904434,0.41907648868987096,0.006043236424300692,0.41271653991834867,0.002863958379855058,0.40746354044719907,0.004900805063075765,0.4080656266898167,0.004889748079067509,0.40500088009961654,0.005592563087855599
0.68,0.4201948294053559,0.009604796840589524,0.42280283235480165,0.009022497014110422,0.42380792483343366,0.007762924991824646,0.4128807877212783,0.0034256351080945674,0.4124443156694167,0.0048329792211034076,0.41749515385550606,0.004023127364767301,0.42006562743268705,0.007871258549883684,0.4198653475111551,0.008031147956903137,0.41864149959631064,0.0072182862709855855,0.41131328395893374,0.0027319311670516637,0.40927760793206325,0.004319833373122769,0.4083332092821057,0.005831098669514876,0.40594879476045526,0.006019561764251769
0.7,0.42183438097926945,0.009262648620676672,0.42141732935843473,0.009765132806974478,0.42276282296536044,0.008546508022509164,0.4122330037495763,0.003651887181295009,0.41295786194970857,0.005156901839232797,0.41749515385550606,0.004023127364767301,0.42056142144106645,0.008827012052401292,0.41946702051544255,0.00888599279416063,0.41950671487090224,0.00894927843622815,0.4115676300506532,0.004201482029818066,0.4086276983210244,0.004176503186244511,0.40737151647907344,0.0060896172746886116,0.40632766188497915,0.007267271735869567
0.72,0.4214957044042307,0.009225091842240934,0.4212498029203175,0.006736330171675352,0.4225200018844036,0.009088033399745267,0.4128577053958751,0.004762159924021761,0.41356595772161747,0.005316495618000001,0.41749515385550606,0.004023127364767301,0.4215095267112586,0.0080243981039855,0.42008305483881364,0.009771366461165108,0.4185967979254436,0.010044456305532669,0.4114045055238446,0.003583161274345605,0.40942495407258345,0.003100436664139752,0.4099611956237411,0.004412370204104388,0.4064141889454626,0.0060216291138132875
0.74,0.42107726754889585,0.008628140632098996,0.42029291094953664,0.007844112981599288,0.42306508596273107,0.009646967433890449,0.41362548658350484,0.004412823857245455,0.4127509767407421,0.003773832959146501,0.41749515385550606,0.004023127364767301,0.4227230583614563,0.010015220677637092,0.42060893653298226,0.009175812296745361,0.4186148184195265,0.010723412265963038,0.41154953013263756,0.00399922185266301,0.4096060751216202,0.003907408142828582,0.4115093773840923,0.004878319531207258,0.40714477301376,0.008180346457046132
0.76,0.42008544302615386,0.008507238421437963,0.4231505958320748,0.008579740861436922,0.42204787020822215,0.008792986452700576,0.4145249204328454,0.003106238378158976,0.4121843978045795,0.005076359543263816,0.41749515385550606,0.004023127364767301,0.42204787020822215,0.008792986452700567,0.4217096133580556,0.009424036432213928,0.42016651094775825,0.01037616581692459,0.41299153640483555,0.004817391231741733,0.40943602426759207,0.0029289380291937775,0.4126786060077626,0.00478496088522871,0.40732884141252856,0.007484487297607703
0.78,0.42000096551120203,0.009079110425830794,0.4223514906686968,0.007548312438321778,0.42142483913490636,0.007432299861077818,0.41466450454238213,0.003274684517377512,0.4136315249194403,0.005155554450101278,0.41749515385550606,0.004023127364767301,0.42142483913490647,0.007432299861077803,0.4210291535513701,0.008428280220368876,0.4201201217463697,0.008214866922828652,0.41452347329972755,0.0059685892666364185,0.41073939577948476,0.004814607496702835,0.41170273048913825,0.0039488924757110746,0.4089040828800137,0.008031141934340912
0.8,0.4195806522966714,0.007798623932042013,0.42185548962324276,0.00768272634079877,0.4215513138558617,0.007532148190236666,0.412872788282328,0.0040787714582001654,0.4140379046410705,0.004102901182261379,0.41749515385550606,0.004023127364767301,0.42132066633642107,0.007188872234115823,0.421320666336421,0.007188872234115804,0.42064263619129627,0.007271056910893259,0.41396685436492453,0.005954858829972142,0.41179885577261177,0.003647015447531473,0.41223803150126853,0.005090378152534332,0.40946842901080854,0.008281868654175894
0.82,0.42116006427645186,0.006041659578881457,0.42136850206933285,0.006399875241890434,0.4203994213050537,0.007377800075058293,0.4144074593747332,0.0033423322335698023,0.4150706185129328,0.004869714582868344,0.41749515385550606,0.004023127364767301,0.42096970868353556,0.007679599928885924,0.4214613979932462,0.0065328914530774764,0.4187853314652034,0.007083946842087855,0.4134058051979393,0.005720897873075067,0.4121554168124558,0.0032881313561197376,0.4134395778407548,0.00393513689357582,0.41122198531651327,0.007014830103067696
0.84,0.42046394295008593,0.006506375903656586,0.42090635338522536,0.006687428275661958,0.42003454952712954,0.006365503780484617,0.4138312718707432,0.003183846554820624,0.4141171764609692,0.004775928276066895,0.41749515385550606,0.004023127364767301,0.42003454952712965,0.0063655037804846186,0.4202680485663035,0.006035144526065336,0.4184155077158276,0.007332682471537248,0.41365971937457346,0.007532432070700041,0.4127706071741838,0.003986598690325781,0.4137508600721087,0.004228543542568261,0.4123488057668905,0.006002349240138323
0.86,0.4203653841951321,0.006719283676161409,0.4200085541047691,0.006842439204663352,0.41896167954730146,0.006538149413695646,0.41365102498081807,0.0036618351963229063,0.41650491133691603,0.0037351681117060004,0.41749515385550606,0.004023127364767301,0.41896167954730157,0.006538149413695646,0.4188732623772705,0.00641169781057906,0.4181516978446108,0.007005376055084026,0.41333403750400427,0.0069863898687833196,0.41311742701448734,0.003524369506390339,0.4140631815302186,0.004003012750140395,0.4132892960573734,0.005512386710758773
0.88,0.42042545475721893,0.007001687157566588,0.41910647478422525,0.006196234508712447,0.41827416280418095,0.006476545088855038,0.4143986741481612,0.004668338642575599,0.4159181477412798,0.0035823285950505003,0.41749515385550606,0.004023127364767301,0.4181984803778266,0.00636581956823106,0.41885785123306307,0.006476004352973508,0.41884712597052354,0.006461736785526653,0.4127317412505871,0.007038565452012499,0.41373469371914273,0.002916395410449563,0.4149218604881485,0.003268978174313131,0.4135977962005402,0.005784679544297171
0.9,0.41950172394648066,0.006997474308902409,0.41843765967861224,0.006195337359593406,0.4182004101934898,0.005857940227378765,0.4148013707874951,0.00558465678392505,0.4151825344187333,0.0037734958385489976,0.41749515385550606,0.004023127364767301,0.4183313778416798,0.006043066120964044,0.4187569836514888,0.006105918752598854,0.4187569836514888,0.006105918752598854,0.4131429923902533,0.0071860094379581855,0.41496409502062653,0.0041510313063678654,0.4151948830586771,0.003644678487540365,0.41556212769253476,0.006027903511813739
0.92,0.4192399310487534,0.005912214742878492,0.4166944300165425,0.005777910651706255,0.4174741386350577,0.006075121416090994,0.41525497357286106,0.005232595311754644,0.4158647941782306,0.004744028201194772,0.41749515385550606,0.004023127364767301,0.41807483140217516,0.006080072477683123,0.4195317009127556,0.004926987826563949,0.4193056515988526,0.004655741984852808,0.41511138130697145,0.006134353045018979,0.4152209792590784,0.004222218355549633,0.41530274771301007,0.003013702332746033,0.41699460122235354,0.005114008835352149
0.94,0.4185719500674068,0.004970764667963008,0.41596926975717374,0.0055288515915974164,0.41817980283887246,0.006105542218143902,0.4158264207865814,0.005065029185891089,0.41554603088401515,0.0049478955065445345,0.41749515385550606,0.004023127364767301,0.4187925566062207,0.005144924630375745,0.41879255660622067,0.00514492463037571,0.418333020230761,0.004594915624345582,0.41588837745267726,0.005413028148211037,0.41573692977189614,0.0034107291583321403,0.4158030496180256,0.0026046123944255383,0.41764996328339743,0.0049315051493378295
0.96,0.41737799582919954,0.004610129270745348,0.4166642341810759,0.005232050050449494,0.41729157212222673,0.004625400433514342,0.41595430539426576,0.005403694269572667,0.41581082861169916,0.00460377036007003,0.41749515385550606,0.004023127364767301,0.41729157212222673,0.004625400433514338,0.4172915721222267,0.004625400433514303,0.4172915721222267,0.004625400433514303,0.41499831510651847,0.0052000906141620494,0.41647458233567114,0.0022113053459844687,0.4165851185699773,0.002552445600422133,0.4179189269157431,0.005061121124945694
0.98,0.41678135200949645,0.004950596665908235,0.41634454036214763,0.005029565872823326,0.41839984301914784,0.004208480333450372,0.41639306962644135,0.00442832717573033,0.41671889774116594,0.0044933071839065525,0.41749515385550606,0.004023127364767301,0.4183998430191479,0.004208480333450369,0.41839984301914784,0.004208480333450335,0.418009528697487,0.0037520250265216785,0.4165901988143743,0.0046899791395247185,0.4171035448700601,0.002891678512715697,0.41676346382268115,0.003145270880142065,0.41839984301914784,0.0042084803334504406
1.0,0.41749515385550606,0.004023127364767292,0.41749515385550606,0.0040231273647673045,0.41749515385550606,0.004023127364767274,0.417495153855506,0.004023127364767253,0.417495153855506,0.004023127364767258,0.41749515385550606,0.004023127364767301,0.41749515385550606,0.004023127364767273,0.41749515385550606,0.004023127364767256,0.41749515385550606,0.004023127364767265,0.41749515385550606,0.004023127364767309,0.417495153855506,0.004023127364767237,0.41749515385550606,0.004023127364767274,0.41749515385550606,0.004023127364767326
0.0,0.4360946910484881,0.0025953782427669335,0.41336322117544666,0.05574796804858954,0.3994141900747634,0.02531338890413005,0.3670233618024208,0.0728445950997674,0.3325382484867832,0.05451281573590741,0.41749515385550606,0.004023127364767301,0.3994141900747652,0.025313388904129715,0.39941419007476353,0.025313388904132417,0.37016343156046816,0.03474751819346185,0.30452132907534146,0.018012833358640807,0.30452132907533935,0.018012833358644963,0.30452132907533835,0.018012833358640207,0.30452132907533536,0.018012833358640144
0.02,0.4360946910484881,0.0025953782427669335,0.41336322117544666,0.05574796804858954,0.3994141900747634,0.02531338890413005,0.3670233618024208,0.0728445950997674,0.3325382484867832,0.05451281573590741,0.41749515385550606,0.004023127364767301,0.3994141900747652,0.025313388904129715,0.39941419007476353,0.025313388904132417,0.37016343156046816,0.03474751819346185,0.30452132907534146,0.018012833358640807,0.30452132907533935,0.018012833358644963,0.30452132907533835,0.018012833358640207,0.30452132907533536,0.018012833358640144
0.04,0.4490239654839376,0.011789476298595166,0.39453645366525547,0.03107067053581684,0.3519677595750523,0.019463091839361756,0.36501909559507073,0.03813900209424372,0.35092583786846404,0.026894942641108484,0.41749515385550606,0.004023127364767301,0.35196775957505316,0.019463091839361683,0.35196775957505233,0.019463091839363185,0.3519677595750525,0.01946309183936303,0.35745724952191366,0.021614347961711435,0.3452480698623241,0.0310603086817821,0.3269734003146016,0.040056702566510706,0.33011472728498914,0.0214709602623046
0.06,0.44589481942256587,0.021858105226667923,0.4023940560573513,0.009091055809893797,0.3825309276971684,0.010978984258688582,0.3966603953394411,0.03752364405071724,0.39916854226969056,0.06428185101958162,0.41749515385550606,0.004023127364767301,0.380715746010751,0.013193487797303189,0.3807157460107504,0.013193487797304181,0.38071574601075053,0.013193487797304086,0.366147057817377,0.014193397351367215,0.3466781523263689,0.039096749054884763,0.34793817994466386,0.007686499013527528,0.35908005935061854,0.018421186902619312
0.08,0.43672422260401034,0.013504301611699111,0.38682979649695104,0.033347625327406705,0.37039697285300194,0.03456513827352131,0.3922282915133859,0.031044979305282404,0.3948087686260483,0.04125129268036444,0.41749515385550606,0.004023127364767301,0.3703969728530024,0.03456513827352092,0.370396972853002,0.034565138273521055,0.38219417672353856,0.03410617875729366,0.3739428800284296,0.004623110690414851,0.3771619983039953,0.03555499764912247,0.3582827240087387,0.013398669133666816,0.37215260418554214,0.020015030881695116
0.1,0.4346640935132652,0.01897600338538043,0.38811328664947636,0.030556712597976272,0.3809854744929367,0.03219266696450105,0.39182273162510217,0.025765655147241617,0.3982850942371723,0.026928773662137907,0.41749515385550606,0.004023127364767301,0.38416181948648764,0.031147376784128527,0.38098547449293674,0.03219266696450096,0.3809854744929368,0.03219266696450117,0.36480587924760355,0.02527037143636408,0.3955230650589865,0.031102927696785083,0.3683264500611473,0.020629859350161747,0.3803704775656517,0.012845250869557795
0.12,0.4117988522280288,0.014051149552655242,0.40697994277823274,0.02785521502962177,0.39407773693589504,0.017237799462312044,0.38981899961912664,0.015600868969391732,0.37464685387777863,0.028937322548578455,0.41749515385550606,0.004023127364767301,0.3940777369358953,0.017237799462311857,0.38289113111413425,0.02101481773132376,0.38744421634964027,0.023156036701465255,0.36677947188672333,0.01529719122874666,0.3816491784518785,0.021192585836157435,0.3827728197550419,0.012775901341192351,0.3803827229694751,0.0069218808266645355
0.14,0.40155155405479237,0.030090860429109436,0.42111187174756837,0.022389892095632722,0.39338065348489737,0.017202405515756074,0.3892855069490105,0.01460072659619583,0.37177363208053027,0.024119069688003467,0.41749515385550606,0.004023127364767301,0.39088802556584096,0.0218896237790113,0.39146198292289236,0.020808560344831403,0.38883040739513186,0.024452941690932404,0.365679290051505,0.01025724060238725,0.3878453371579389,0.019402444056594744,0.3789524320193098,0.023734379359441813,0.3872020156108589,0.004170616021452688
0.16,0.3984595517724031,0.02987697064915535,0.42605400537418153,0.013605324290346034,0.3944765298317939,0.020764010830753906,0.38916889432204005,0.015182054752055198,0.37587927004740024,0.020925901691208684,0.41749515385550606,0.004023127364767301,0.3945386392279819,0.020681798990998333,0.3940380646357148,0.021003203447318437,0.39549929061835826,0.019441779625810944,0.3756263755161668,0.011619693411183405,0.38476923196952595,0.026967238087643407,0.38370971845213075,0.01923437721758125,0.39499783191054355,0.011793037592559008
0.18,0.40075158630923513,0.027956692025096885,0.4207680372435978,0.015366250662577222,0.3967178950934852,0.020113989771474557,0.3942176512719919,0.021925535448395997,0.37845126852346417,0.021321692649199118,0.41749515385550606,0.004023127364767301,0.3991015652225924,0.013856812708602463,0.3991015652225922,0.013856812708602487,0.40031471796436546,0.019539073314734097,0.3786593635304568,0.016327066542630667,0.3856180968067588,0.02529799715734407,0.38396621494958233,0.02024171781715778,0.39640185739665945,0.02014406813536938
0.2,0.3908985284470897,0.022256908564096307,0.42673050161831483,0.01623204120644396,0.3961333072339724,0.015825609966249023,0.40286253931661475,0.01929454785757787,0.3841080520305234,0.009144120980740092,0.41749515385550606,0.004023127364767301,0.40120043391627247,0.014877793476661398,0.40509935381376766,0.015237065528245351,0.39999255732144395,0.016113011035597875,0.3881428687076513,0.020485491987413618,0.3899465423082034,0.030025510202562212,0.3910834529118175,0.017792666624284127,0.40176523836801503,0.01980272051080177
0.22,0.3900488113874769,0.016236237618568766,0.42508556762279937,0.005950748065659929,0.39771738827577596,0.008765343976785918,0.4069180755232479,0.01771901756089918,0.3870424597124188,0.007911560827785366,0.41749515385550606,0.004023127364767301,0.40242783017325834,0.016495021778730735,0.4051383795726027,0.015807600300973175,0.3953981322448791,0.005861492851912133,0.3949130472013468,0.025988257647280574,0.3970157212130496,0.021532398827956642,0.39692823194631643,0.017163547888149455,0.4031821231081719,0.01935029445404852
0.24,0.3980608485768347,0.016546537442324673,0.42539475866394766,0.01130320672334015,0.4023584724804629,0.013058661507750702,0.39952070909458715,0.017554952191332372,0.3929966639346586,0.009143658350122597,0.41749515385550606,0.004023127364767301,0.4061711488163194,0.018763764777243574,0.40184067600096623,0.00845692485933764,0.3971632116236812,0.009134568052593352,0.40065138205486783,0.022075870293706664,0.3922406517714632,0.026062047881602983,0.39206494926326857,0.018326705860702886,0.40322151225366465,0.020826686060338582
0.26,0.39851905819073996,0.012647175537166266,0.42612019010426505,0.014495682913354275,0.4074634996330554,0.01240964707130067,0.4025966949348576,0.018081447935388427,0.3897646382519028,0.0067604697405605745,0.41749515385550606,0.004023127364767301,0.41066044458809026,0.007683912518928959,0.4110340849081329,0.008948047373853732,0.40344396749190903,0.00642203410270159,0.40307312414199226,0.020267306392703282,0.39458168063415483,0.018405670750510122,0.3982781539984337,0.013729806195739458,0.40876845106440274,0.02021219772370488
0.28,0.40325785611830856,0.013717777137921184,0.4259003498207442,0.0056748956868443055,0.4151329918519627,0.01064943514177606,0.4048076794475254,0.018737548780249715,0.39200037159673445,0.006391720878408158,0.41749515385550606,0.004023127364767301,0.41454466626463427,0.006250944696777189,0.412228205790211,0.011080180198140565,0.4090483296156375,0.00977599705219424,0.395503238185142,0.02293715853793862,0.3909658489742566,0.01737347043783538,0.3998864028449183,0.018425352840633225,0.41343667885003504,0.01556535611333407
0.3,0.4088378495440841,0.01476731441046231,0.4269565626028133,0.00851647210427904,0.42104336409091675,0.007219392958214515,0.40983370602259983,0.01813284897633222,0.39592608908707616,0.0057580313586342614,0.41749515385550606,0.004023127364767301,0.41915628212484674,0.007794334451118191,0.41547435216702855,0.004376656046684322,0.4156863269400333,0.007335378476855264,0.3948195365160693,0.01599248260102828,0.3913749618474304,0.013677539160677613,0.4008298544070441,0.01595586296426453,0.40764431846450155,0.009245684592839573
0.32,0.4131055356144486,0.011251408993084884,0.4283676123409102,0.009218011238333235,0.4196484509395325,0.0045407634236119,0.41267917747252375,0.011787876815750891,0.3987192213960332,0.005813047121429282,0.41749515385550606,0.004023127364767301,0.42378683925504074,0.007561136126637795,0.41887534904336027,0.004183343555012896,0.4178158851137238,0.005458541558961116,0.39144356595333935,0.013122736832588282,0.3926767673463194,0.010219709509887646,0.3980553591820591,0.013379454676075367,0.4054801547203201,0.011366698916508376
0.34,0.4173819167766892,0.011226603675986106,0.425070547212633,0.01272247170730737,0.4255910844445879,0.0057869978445956385,0.4118569621536596,0.008871488986589546,0.4044087521127569,0.005342388982617695,0.41749515385550606,0.004023127364767301,0.42440873323003564,0.004294483925291409,0.4195579284951258,0.0058588331016661485,0.42104343807724925,0.008097681183038436,0.3928375589058957,0.006157253410471241,0.3974930576303435,0.010474467093916348,0.3948022923883638,0.007075885255211906,0.4101069319318269,0.009536695317883136
0.36,0.41645871517125926,0.010346424212919881,0.42577038078236296,0.01086149542710874,0.4298309501688345,0.002893817858859713,0.41273795645732814,0.012142125785173116,0.40255413564236653,0.005045330680128359,0.41749515385550606,0.004023127364767301,0.42612051367880616,0.008324335064433537,0.4212032818688116,0.010630345813841768,0.4242397232800971,0.006711599555501222,0.3986475294310959,0.0035709591947483345,0.4005045657494888,0.004862055507580933,0.3913724524800354,0.008964641835734748,0.4111290671317535,0.005534077637026545
0.38,0.4156500438475549,0.013413802599332454,0.4245434460953188,0.010022040285619606,0.4350376799400513,0.00583286007147751,0.41183614054262646,0.009144782676299817,0.4036386389692358,0.007416909664270951,0.41749515385550606,0.004023127364767301,0.42749756944600736,0.012651267030659353,0.4280937496237235,0.011733284112362508,0.4274155413031693,0.012778941289906939,0.4012950794161631,0.003542196789903897,0.39966553840350993,0.005373892328354734,0.39128418381806196,0.009026997434682889,0.4152341260307717,0.002645573106958852
0.4,0.41484280194903517,0.014740771446147766,0.42504088800711687,0.010157047931904528,0.4323392449508114,0.005191807336315012,0.41138615453707034,0.007186593802942966,0.40309351162892315,0.011456933712802275,0.41749515385550606,0.004023127364767301,0.42752857954666507,0.009519013008101797,0.4286623432251089,0.010465555322166626,0.4265415412190401,0.013181520910592296,0.40372547076250376,0.004406375021887708,0.399894697420266,0.005654574568301273,0.39691071689411705,0.009585797074303555,0.41726113864361375,0.0037702236813977265
0.42,0.410996512181253,0.019228067075567963,0.4193527182310409,0.006474171889857324,0.43122521501684313,0.004299010254595458,0.4090671835593466,0.0058711172316123815,0.40252033876684845,0.008612630865648636,0.41749515385550606,0.004023127364767301,0.4257474206608659,0.010362848834642899,0.4257474206608658,0.010362848834643008,0.4249614295276143,0.011099703506171624,0.40540302720316507,0.006017931279992263,0.3996671643933161,0.007205642732033835,0.39868654685448834,0.008018023171022973,0.41734230469097905,0.0038420048987196486
0.44,0.4097435532464514,0.014205236631159477,0.4175628111619397,0.006841210289743069,0.4267425556731814,0.0033366561372749344,0.4122308574632754,0.0030463477151309896,0.3988903683365824,0.0077753531401255635,0.41749515385550606,0.004023127364767301,0.4233999177407247,0.00567015807154339,0.42339991774072466,0.005670158071543488,0.42320778272898474,0.006146533872610053,0.40737547246083067,0.007192142894941604,0.39935973166133054,0.0074403061049974194,0.3979103405075978,0.005201402370943929,0.41576882429737505,0.004956715549011005
0.46,0.41113296614628636,0.0162489251249949,0.41617998340891205,0.005813475138602438,0.42400975461400525,0.003007477368579252,0.41256185696070874,0.0028858760523115,0.40181472573715826,0.008152913217604195,0.41749515385550606,0.004023127364767301,0.4244649848483456,0.004711848778229474,0.42012808637684607,0.00644383416205007,0.41877228434419167,0.0067672148721431066,0.40913868142643883,0.004863968105915188,0.40322430670029247,0.008361433784972628,0.4003054891313452,0.003338764917177529,0.41296224555394245,0.004995091856370859
0.48,0.41326414633559755,0.016885062106290892,0.41829525341047663,0.006762039338718827,0.42209290603850347,0.003971464130814103,0.41158943071292037,0.0033155031838468943,0.4023032408358937,0.008263139979098133,0.41749515385550606,0.004023127364767301,0.42294075769217854,0.00535805989601282,0.41629530323703523,0.004067068649256957,0.417829835197704,0.005336333105698751,0.4103989134471177,0.003763372193206514,0.403292915682046,0.007996543337617089,0.4007892305551758,0.0034912705201663075,0.4098058513100162,0.0038484728971907582
0.5,0.41433874514302127,0.01420555244793191,0.42116822420104344,0.006732060502254301,0.4187003736056351,0.0050600921339750676,0.4126678924000263,0.00629345599344938,0.40183687124319917,0.003979004140947037,0.41749515385550606,0.004023127364767301,0.41883192964903804,0.003960479075050578,0.4151569782561296,0.0016177653639972112,0.41611504068359956,0.0016965078677885143,0.4105776600375257,0.0016842328249381771,0.4027061420469339,0.007534549058954225,0.4024659844469789,0.005178183952644111,0.40972422997452446,0.0045654599057789345
0.52,0.413001917504604,0.011213919466535997,0.4232267877718687,0.00841334998601865,0.41663990448429244,0.005329173664608309,0.41186948978250226,0.008436052595222204,0.40522991919731316,0.004190637370043219,0.41749515385550606,0.004023127364767301,0.4156724673196366,0.004180729987209246,0.415306585250211,0.004218777765359647,0.41403238235504625,0.004103307312429109,0.41338227624414964,0.0020112740977161116,0.4047435392453543,0.005815575105026813,0.4015931751544525,0.004695644008550572,0.40667277931344104,0.0009596985208791939
0.54,0.41388552885224505,0.009414282828101264,0.42414268366881,0.007667935170590219,0.4144757540445747,0.005472607189576691,0.4132272767290537,0.007384632695396355,0.40464242695519365,0.005464627582927125,0.41749515385550606,0.004023127364767301,0.41333922730107026,0.006991222915768857,0.41333922730107014,0.006991222915768806,0.41217800647814146,0.005691803150288811,0.4140901452490133,0.0030149356796290326,0.40487108375144976,0.00416984879710797,0.4042159904899236,0.005698857053441853,0.40645742191146694,0.004589714829552604
0.56,0.41530848405815074,0.0067832393598142365,0.4242859086783603,0.005095566919858131,0.415705115132429,0.0034990639897428677,0.4128459070995926,0.006392070364175076,0.40214559889237267,0.005615681758642616,0.41749515385550606,0.004023127364767301,0.4147552943733309,0.004794441795736746,0.4147552943733308,0.004794441795736691,0.4162004061687098,0.005519685713716065,0.4136319004422164,0.0038230624635913015,0.4077024866973557,0.004155124833711167,0.40411357378805546,0.0040910014826930205,0.40775946762285264,0.0056460307787511805
0.58,0.41587392317187066,0.00499017033202217,0.42454643007730214,0.00730219377291681,0.41508817911871165,0.006557192214823635,0.4127410525857872,0.00710753655276101,0.40385700585482204,0.004838875678606449,0.41749515385550606,0.004023127364767301,0.4147835699302589,0.006118571163161525,0.41478356993025883,0.006118571163161465,0.4176978235961608,0.0061195082928095995,0.413782306914916,0.0040297377944314245,0.4060373379786883,0.004299332054911655,0.40473932742040997,0.006110778945851935,0.40431095166644493,0.005868954386773881
0.6,0.41765188373724293,0.004754367578990794,0.4254823031631969,0.00710734220297285,0.41681642955292614,0.006956222786976179,0.41326600307155714,0.007354803765347255,0.40654192397246725,0.005250669770203547,0.41749515385550606,0.004023127364767301,0.4168164295529262,0.006956222786976162,0.41681642955292614,0.006956222786976101,0.41681642955292614,0.006956222786976101,0.41426385507732844,0.004114838543313422,0.4051011384229649,0.003808798760035388,0.40464742730988884,0.005512113917549057,0.4052269353572049,0.004860743865328406
0.62,0.41622592123220764,0.006367311844201801,0.4258090586228418,0.006599181733556928,0.41876440003198595,0.0072328485445857784,0.41341747490479297,0.005169474909361119,0.41051184339128366,0.005368751810156263,0.41749515385550606,0.004023127364767301,0.418764400031986,0.007232848544585769,0.4185650164324234,0.006951139034613196,0.4183426003855749,0.0049452297897619475,0.413229254949028,0.004191285094222837,0.40600635210608216,0.003307815443341138,0.4047371665902809,0.0057167406045439085,0.4055616635293575,0.004609125527627569
0.64,0.41802952957196743,0.006240587697414195,0.42476872475249944,0.005006432870147106,0.42124994390287474,0.006634370038488493,0.4130961036582024,0.002784375530561039,0.41148877305327125,0.0049929677428707155,0.41749515385550606,0.004023127364767301,0.4212584579877655,0.006646269865417348,0.42124994390287474,0.006634370038488447,0.4199888510865676,0.00504082377842227,0.4135007770940362,0.00445780191925408,0.406554190860874,0.0036916583788303143,0.4065499178975613,0.003981222119330463,0.40534402160629407,0.004606855590255642
0.66,0.4181478584053691,0.008852478962803655,0.4231649371551877,0.007238745256918283,0.42076821772799755,0.007090764374100857,0.4146239919766161,0.0038498019125826188,0.4122976643757678,0.005620588530903265,0.41749515385550606,0.004023127364767301,0.42059163423933926,0.00686049319179554,0.42117379352343315,0.009109461319904434,0.41907648868987096,0.006043236424300692,0.41271653991834867,0.002863958379855058,0.40746354044719907,0.004900805063075765,0.4080656266898167,0.004889748079067509,0.40500088009961654,0.005592563087855599
0.68,0.4201948294053559,0.009604796840589524,0.42280283235480165,0.009022497014110422,0.42380792483343366,0.007762924991824646,0.4128807877212783,0.0034256351080945674,0.4124443156694167,0.0048329792211034076,0.41749515385550606,0.004023127364767301,0.42006562743268705,0.007871258549883684,0.4198653475111551,0.008031147956903137,0.41864149959631064,0.0072182862709855855,0.41131328395893374,0.0027319311670516637,0.40927760793206325,0.004319833373122769,0.4083332092821057,0.005831098669514876,0.40594879476045526,0.006019561764251769
0.7,0.42183438097926945,0.009262648620676672,0.42141732935843473,0.009765132806974478,0.42276282296536044,0.008546508022509164,0.4122330037495763,0.003651887181295009,0.41295786194970857,0.005156901839232797,0.41749515385550606,0.004023127364767301,0.42056142144106645,0.008827012052401292,0.41946702051544255,0.00888599279416063,0.41950671487090224,0.00894927843622815,0.4115676300506532,0.004201482029818066,0.4086276983210244,0.004176503186244511,0.40737151647907344,0.0060896172746886116,0.40632766188497915,0.007267271735869567
0.72,0.4214957044042307,0.009225091842240934,0.4212498029203175,0.006736330171675352,0.4225200018844036,0.009088033399745267,0.4128577053958751,0.004762159924021761,0.41356595772161747,0.005316495618000001,0.41749515385550606,0.004023127364767301,0.4215095267112586,0.0080243981039855,0.42008305483881364,0.009771366461165108,0.4185967979254436,0.010044456305532669,0.4114045055238446,0.003583161274345605,0.40942495407258345,0.003100436664139752,0.4099611956237411,0.004412370204104388,0.4064141889454626,0.0060216291138132875
0.74,0.42107726754889585,0.008628140632098996,0.42029291094953664,0.007844112981599288,0.42306508596273107,0.009646967433890449,0.41362548658350484,0.004412823857245455,0.4127509767407421,0.003773832959146501,0.41749515385550606,0.004023127364767301,0.4227230583614563,0.010015220677637092,0.42060893653298226,0.009175812296745361,0.4186148184195265,0.010723412265963038,0.41154953013263756,0.00399922185266301,0.4096060751216202,0.003907408142828582,0.4115093773840923,0.004878319531207258,0.40714477301376,0.008180346457046132
0.76,0.42008544302615386,0.008507238421437963,0.4231505958320748,0.008579740861436922,0.42204787020822215,0.008792986452700576,0.4145249204328454,0.003106238378158976,0.4121843978045795,0.005076359543263816,0.41749515385550606,0.004023127364767301,0.42204787020822215,0.008792986452700567,0.4217096133580556,0.009424036432213928,0.42016651094775825,0.01037616581692459,0.41299153640483555,0.004817391231741733,0.40943602426759207,0.0029289380291937775,0.4126786060077626,0.00478496088522871,0.40732884141252856,0.007484487297607703
0.78,0.42000096551120203,0.009079110425830794,0.4223514906686968,0.007548312438321778,0.42142483913490636,0.007432299861077818,0.41466450454238213,0.003274684517377512,0.4136315249194403,0.005155554450101278,0.41749515385550606,0.004023127364767301,0.42142483913490647,0.007432299861077803,0.4210291535513701,0.008428280220368876,0.4201201217463697,0.008214866922828652,0.41452347329972755,0.0059685892666364185,0.41073939577948476,0.004814607496702835,0.41170273048913825,0.0039488924757110746,0.4089040828800137,0.008031141934340912
0.8,0.4195806522966714,0.007798623932042013,0.42185548962324276,0.00768272634079877,0.4215513138558617,0.007532148190236666,0.412872788282328,0.0040787714582001654,0.4140379046410705,0.004102901182261379,0.41749515385550606,0.004023127364767301,0.42132066633642107,0.007188872234115823,0.421320666336421,0.007188872234115804,0.42064263619129627,0.007271056910893259,0.41396685436492453,0.005954858829972142,0.41179885577261177,0.003647015447531473,0.41223803150126853,0.005090378152534332,0.40946842901080854,0.008281868654175894
0.82,0.42116006427645186,0.006041659578881457,0.42136850206933285,0.006399875241890434,0.4203994213050537,0.007377800075058293,0.4144074593747332,0.0033423322335698023,0.4150706185129328,0.004869714582868344,0.41749515385550606,0.004023127364767301,0.42096970868353556,0.007679599928885924,0.4214613979932462,0.0065328914530774764,0.4187853314652034,0.007083946842087855,0.4134058051979393,0.005720897873075067,0.4121554168124558,0.0032881313561197376,0.4134395778407548,0.00393513689357582,0.41122198531651327,0.007014830103067696
0.84,0.42046394295008593,0.006506375903656586,0.42090635338522536,0.006687428275661958,0.42003454952712954,0.006365503780484617,0.4138312718707432,0.003183846554820624,0.4141171764609692,0.004775928276066895,0.41749515385550606,0.004023127364767301,0.42003454952712965,0.0063655037804846186,0.4202680485663035,0.006035144526065336,0.4184155077158276,0.007332682471537248,0.41365971937457346,0.007532432070700041,0.4127706071741838,0.003986598690325781,0.4137508600721087,0.004228543542568261,0.4123488057668905,0.006002349240138323
0.86,0.4203653841951321,0.006719283676161409,0.4200085541047691,0.006842439204663352,0.41896167954730146,0.006538149413695646,0.41365102498081807,0.0036618351963229063,0.41650491133691603,0.0037351681117060004,0.41749515385550606,0.004023127364767301,0.41896167954730157,0.006538149413695646,0.4188732623772705,0.00641169781057906,0.4181516978446108,0.007005376055084026,0.41333403750400427,0.0069863898687833196,0.41311742701448734,0.003524369506390339,0.4140631815302186,0.004003012750140395,0.4132892960573734,0.005512386710758773
0.88,0.42042545475721893,0.007001687157566588,0.41910647478422525,0.006196234508712447,0.41827416280418095,0.006476545088855038,0.4143986741481612,0.004668338642575599,0.4159181477412798,0.0035823285950505003,0.41749515385550606,0.004023127364767301,0.4181984803778266,0.00636581956823106,0.41885785123306307,0.006476004352973508,0.41884712597052354,0.006461736785526653,0.4127317412505871,0.007038565452012499,0.41373469371914273,0.002916395410449563,0.4149218604881485,0.003268978174313131,0.4135977962005402,0.005784679544297171
0.9,0.41950172394648066,0.006997474308902409,0.41843765967861224,0.006195337359593406,0.4182004101934898,0.005857940227378765,0.4148013707874951,0.00558465678392505,0.4151825344187333,0.0037734958385489976,0.41749515385550606,0.004023127364767301,0.4183313778416798,0.006043066120964044,0.4187569836514888,0.006105918752598854,0.4187569836514888,0.006105918752598854,0.4131429923902533,0.0071860094379581855,0.41496409502062653,0.0041510313063678654,0.4151948830586771,0.003644678487540365,0.41556212769253476,0.006027903511813739
0.92,0.4192399310487534,0.005912214742878492,0.4166944300165425,0.005777910651706255,0.4174741386350577,0.006075121416090994,0.41525497357286106,0.005232595311754644,0.4158647941782306,0.004744028201194772,0.41749515385550606,0.004023127364767301,0.41807483140217516,0.006080072477683123,0.4195317009127556,0.004926987826563949,0.4193056515988526,0.004655741984852808,0.41511138130697145,0.006134353045018979,0.4152209792590784,0.004222218355549633,0.41530274771301007,0.003013702332746033,0.41699460122235354,0.005114008835352149
0.94,0.4185719500674068,0.004970764667963008,0.41596926975717374,0.0055288515915974164,0.41817980283887246,0.006105542218143902,0.4158264207865814,0.005065029185891089,0.41554603088401515,0.0049478955065445345,0.41749515385550606,0.004023127364767301,0.4187925566062207,0.005144924630375745,0.41879255660622067,0.00514492463037571,0.418333020230761,0.004594915624345582,0.41588837745267726,0.005413028148211037,0.41573692977189614,0.0034107291583321403,0.4158030496180256,0.0026046123944255383,0.41764996328339743,0.0049315051493378295
0.96,0.41737799582919954,0.004610129270745348,0.4166642341810759,0.005232050050449494,0.41729157212222673,0.004625400433514342,0.41595430539426576,0.005403694269572667,0.41581082861169916,0.00460377036007003,0.41749515385550606,0.004023127364767301,0.41729157212222673,0.004625400433514338,0.4172915721222267,0.004625400433514303,0.4172915721222267,0.004625400433514303,0.41499831510651847,0.0052000906141620494,0.41647458233567114,0.0022113053459844687,0.4165851185699773,0.002552445600422133,0.4179189269157431,0.005061121124945694
0.98,0.41678135200949645,0.004950596665908235,0.41634454036214763,0.005029565872823326,0.41839984301914784,0.004208480333450372,0.41639306962644135,0.00442832717573033,0.41671889774116594,0.0044933071839065525,0.41749515385550606,0.004023127364767301,0.4183998430191479,0.004208480333450369,0.41839984301914784,0.004208480333450335,0.418009528697487,0.0037520250265216785,0.4165901988143743,0.0046899791395247185,0.4171035448700601,0.002891678512715697,0.41676346382268115,0.003145270880142065,0.41839984301914784,0.0042084803334504406
1.0,0.41749515385550606,0.004023127364767292,0.41749515385550606,0.0040231273647673045,0.41749515385550606,0.004023127364767274,0.417495153855506,0.004023127364767253,0.417495153855506,0.004023127364767258,0.41749515385550606,0.004023127364767301,0.41749515385550606,0.004023127364767273,0.41749515385550606,0.004023127364767256,0.41749515385550606,0.004023127364767265,0.41749515385550606,0.004023127364767309,0.417495153855506,0.004023127364767237,0.41749515385550606,0.004023127364767274,0.41749515385550606,0.004023127364767326
0.0,0.4360946910484881,0.0025953782427669335,0.41336322117544666,0.05574796804858954,0.3994141900747634,0.02531338890413005,0.3670233618024208,0.0728445950997674,0.3325382484867832,0.05451281573590741,0.41749515385550606,0.004023127364767301,0.3994141900747652,0.025313388904129715,0.39941419007476353,0.025313388904132417,0.37016343156046816,0.03474751819346185,0.30452132907534146,0.018012833358640807,0.30452132907533935,0.018012833358644963,0.30452132907533835,0.018012833358640207,0.30452132907533536,0.018012833358640144
0.02,0.4360946910484881,0.0025953782427669335,0.41336322117544666,0.05574796804858954,0.3994141900747634,0.02531338890413005,0.3670233618024208,0.0728445950997674,0.3325382484867832,0.05451281573590741,0.41749515385550606,0.004023127364767301,0.3994141900747652,0.025313388904129715,0.39941419007476353,0.025313388904132417,0.37016343156046816,0.03474751819346185,0.30452132907534146,0.018012833358640807,0.30452132907533935,0.018012833358644963,0.30452132907533835,0.018012833358640207,0.30452132907533536,0.018012833358640144
0.04,0.4490239654839376,0.011789476298595166,0.39453645366525547,0.03107067053581684,0.3519677595750523,0.019463091839361756,0.36501909559507073,0.03813900209424372,0.35092583786846404,0.026894942641108484,0.41749515385550606,0.004023127364767301,0.35196775957505316,0.019463091839361683,0.35196775957505233,0.019463091839363185,0.3519677595750525,0.01946309183936303,0.35745724952191366,0.021614347961711435,0.3452480698623241,0.0310603086817821,0.3269734003146016,0.040056702566510706,0.33011472728498914,0.0214709602623046
0.06,0.44589481942256587,0.021858105226667923,0.4023940560573513,0.009091055809893797,0.3825309276971684,0.010978984258688582,0.3966603953394411,0.03752364405071724,0.39916854226969056,0.06428185101958162,0.41749515385550606,0.004023127364767301,0.380715746010751,0.013193487797303189,0.3807157460107504,0.013193487797304181,0.38071574601075053,0.013193487797304086,0.366147057817377,0.014193397351367215,0.3466781523263689,0.039096749054884763,0.34793817994466386,0.007686499013527528,0.35908005935061854,0.018421186902619312
0.08,0.43672422260401034,0.013504301611699111,0.38682979649695104,0.033347625327406705,0.37039697285300194,0.03456513827352131,0.3922282915133859,0.031044979305282404,0.3948087686260483,0.04125129268036444,0.41749515385550606,0.004023127364767301,0.3703969728530024,0.03456513827352092,0.370396972853002,0.034565138273521055,0.38219417672353856,0.03410617875729366,0.3739428800284296,0.004623110690414851,0.3771619983039953,0.03555499764912247,0.3582827240087387,0.013398669133666816,0.37215260418554214,0.020015030881695116
0.1,0.4346640935132652,0.01897600338538043,0.38811328664947636,0.030556712597976272,0.3809854744929367,0.03219266696450105,0.39182273162510217,0.025765655147241617,0.3982850942371723,0.026928773662137907,0.41749515385550606,0.004023127364767301,0.38416181948648764,0.031147376784128527,0.38098547449293674,0.03219266696450096,0.3809854744929368,0.03219266696450117,0.36480587924760355,0.02527037143636408,0.3955230650589865,0.031102927696785083,0.3683264500611473,0.020629859350161747,0.3803704775656517,0.012845250869557795
0.12,0.4117988522280288,0.014051149552655242,0.40697994277823274,0.02785521502962177,0.39407773693589504,0.017237799462312044,0.38981899961912664,0.015600868969391732,0.37464685387777863,0.028937322548578455,0.41749515385550606,0.004023127364767301,0.3940777369358953,0.017237799462311857,0.38289113111413425,0.02101481773132376,0.38744421634964027,0.023156036701465255,0.36677947188672333,0.01529719122874666,0.3816491784518785,0.021192585836157435,0.3827728197550419,0.012775901341192351,0.3803827229694751,0.0069218808266645355
0.14,0.40155155405479237,0.030090860429109436,0.42111187174756837,0.022389892095632722,0.39338065348489737,0.017202405515756074,0.3892855069490105,0.01460072659619583,0.37177363208053027,0.024119069688003467,0.41749515385550606,0.004023127364767301,0.39088802556584096,0.0218896237790113,0.39146198292289236,0.020808560344831403,0.38883040739513186,0.024452941690932404,0.365679290051505,0.01025724060238725,0.3878453371579389,0.019402444056594744,0.3789524320193098,0.023734379359441813,0.3872020156108589,0.004170616021452688
0.16,0.3984595517724031,0.02987697064915535,0.42605400537418153,0.013605324290346034,0.3944765298317939,0.020764010830753906,0.38916889432204005,0.015182054752055198,0.37587927004740024,0.020925901691208684,0.41749515385550606,0.004023127364767301,0.3945386392279819,0.020681798990998333,0.3940380646357148,0.021003203447318437,0.39549929061835826,0.019441779625810944,0.3756263755161668,0.011619693411183405,0.38476923196952595,0.026967238087643407,0.38370971845213075,0.01923437721758125,0.39499783191054355,0.011793037592559008
0.18,0.40075158630923513,0.027956692025096885,0.4207680372435978,0.015366250662577222,0.3967178950934852,0.020113989771474557,0.3942176512719919,0.021925535448395997,0.37845126852346417,0.021321692649199118,0.41749515385550606,0.004023127364767301,0.3991015652225924,0.013856812708602463,0.3991015652225922,0.013856812708602487,0.40031471796436546,0.019539073314734097,0.3786593635304568,0.016327066542630667,0.3856180968067588,0.02529799715734407,0.38396621494958233,0.02024171781715778,0.39640185739665945,0.02014406813536938
0.2,0.3908985284470897,0.022256908564096307,0.42673050161831483,0.01623204120644396,0.3961333072339724,0.015825609966249023,0.40286253931661475,0.01929454785757787,0.3841080520305234,0.009144120980740092,0.41749515385550606,0.004023127364767301,0.40120043391627247,0.014877793476661398,0.40509935381376766,0.015237065528245351,0.39999255732144395,0.016113011035597875,0.3881428687076513,0.020485491987413618,0.3899465423082034,0.030025510202562212,0.3910834529118175,0.017792666624284127,0.40176523836801503,0.01980272051080177
0.22,0.3900488113874769,0.016236237618568766,0.42508556762279937,0.005950748065659929,0.39771738827577596,0.008765343976785918,0.4069180755232479,0.01771901756089918,0.3870424597124188,0.007911560827785366,0.41749515385550606,0.004023127364767301,0.40242783017325834,0.016495021778730735,0.4051383795726027,0.015807600300973175,0.3953981322448791,0.005861492851912133,0.3949130472013468,0.025988257647280574,0.3970157212130496,0.021532398827956642,0.39692823194631643,0.017163547888149455,0.4031821231081719,0.01935029445404852
0.24,0.3980608485768347,0.016546537442324673,0.42539475866394766,0.01130320672334015,0.4023584724804629,0.013058661507750702,0.39952070909458715,0.017554952191332372,0.3929966639346586,0.009143658350122597,0.41749515385550606,0.004023127364767301,0.4061711488163194,0.018763764777243574,0.40184067600096623,0.00845692485933764,0.3971632116236812,0.009134568052593352,0.40065138205486783,0.022075870293706664,0.3922406517714632,0.026062047881602983,0.39206494926326857,0.018326705860702886,0.40322151225366465,0.020826686060338582
0.26,0.39851905819073996,0.012647175537166266,0.42612019010426505,0.014495682913354275,0.4074634996330554,0.01240964707130067,0.4025966949348576,0.018081447935388427,0.3897646382519028,0.0067604697405605745,0.41749515385550606,0.004023127364767301,0.41066044458809026,0.007683912518928959,0.4110340849081329,0.008948047373853732,0.40344396749190903,0.00642203410270159,0.40307312414199226,0.020267306392703282,0.39458168063415483,0.018405670750510122,0.3982781539984337,0.013729806195739458,0.40876845106440274,0.02021219772370488
0.28,0.40325785611830856,0.013717777137921184,0.4259003498207442,0.0056748956868443055,0.4151329918519627,0.01064943514177606,0.4048076794475254,0.018737548780249715,0.39200037159673445,0.006391720878408158,0.41749515385550606,0.004023127364767301,0.41454466626463427,0.006250944696777189,0.412228205790211,0.011080180198140565,0.4090483296156375,0.00977599705219424,0.395503238185142,0.02293715853793862,0.3909658489742566,0.01737347043783538,0.3998864028449183,0.018425352840633225,0.41343667885003504,0.01556535611333407
0.3,0.4088378495440841,0.01476731441046231,0.4269565626028133,0.00851647210427904,0.42104336409091675,0.007219392958214515,0.40983370602259983,0.01813284897633222,0.39592608908707616,0.0057580313586342614,0.41749515385550606,0.004023127364767301,0.41915628212484674,0.007794334451118191,0.41547435216702855,0.004376656046684322,0.4156863269400333,0.007335378476855264,0.3948195365160693,0.01599248260102828,0.3913749618474304,0.013677539160677613,0.4008298544070441,0.01595586296426453,0.40764431846450155,0.009245684592839573
0.32,0.4131055356144486,0.011251408993084884,0.4283676123409102,0.009218011238333235,0.4196484509395325,0.0045407634236119,0.41267917747252375,0.011787876815750891,0.3987192213960332,0.005813047121429282,0.41749515385550606,0.004023127364767301,0.42378683925504074,0.007561136126637795,0.41887534904336027,0.004183343555012896,0.4178158851137238,0.005458541558961116,0.39144356595333935,0.013122736832588282,0.3926767673463194,0.010219709509887646,0.3980553591820591,0.013379454676075367,0.4054801547203201,0.011366698916508376
0.34,0.4173819167766892,0.011226603675986106,0.425070547212633,0.01272247170730737,0.4255910844445879,0.0057869978445956385,0.4118569621536596,0.008871488986589546,0.4044087521127569,0.005342388982617695,0.41749515385550606,0.004023127364767301,0.42440873323003564,0.004294483925291409,0.4195579284951258,0.0058588331016661485,0.42104343807724925,0.008097681183038436,0.3928375589058957,0.006157253410471241,0.3974930576303435,0.010474467093916348,0.3948022923883638,0.007075885255211906,0.4101069319318269,0.009536695317883136
0.36,0.41645871517125926,0.010346424212919881,0.42577038078236296,0.01086149542710874,0.4298309501688345,0.002893817858859713,0.41273795645732814,0.012142125785173116,0.40255413564236653,0.005045330680128359,0.41749515385550606,0.004023127364767301,0.42612051367880616,0.008324335064433537,0.4212032818688116,0.010630345813841768,0.4242397232800971,0.006711599555501222,0.3986475294310959,0.0035709591947483345,0.4005045657494888,0.004862055507580933,0.3913724524800354,0.008964641835734748,0.4111290671317535,0.005534077637026545
0.38,0.4156500438475549,0.013413802599332454,0.4245434460953188,0.010022040285619606,0.4350376799400513,0.00583286007147751,0.41183614054262646,0.009144782676299817,0.4036386389692358,0.007416909664270951,0.41749515385550606,0.004023127364767301,0.42749756944600736,0.012651267030659353,0.4280937496237235,0.011733284112362508,0.4274155413031693,0.012778941289906939,0.4012950794161631,0.003542196789903897,0.39966553840350993,0.005373892328354734,0.39128418381806196,0.009026997434682889,0.4152341260307717,0.002645573106958852
0.4,0.41484280194903517,0.014740771446147766,0.42504088800711687,0.010157047931904528,0.4323392449508114,0.005191807336315012,0.41138615453707034,0.007186593802942966,0.40309351162892315,0.011456933712802275,0.41749515385550606,0.004023127364767301,0.42752857954666507,0.009519013008101797,0.4286623432251089,0.010465555322166626,0.4265415412190401,0.013181520910592296,0.40372547076250376,0.004406375021887708,0.399894697420266,0.005654574568301273,0.39691071689411705,0.009585797074303555,0.41726113864361375,0.0037702236813977265
0.42,0.410996512181253,0.019228067075567963,0.4193527182310409,0.006474171889857324,0.43122521501684313,0.004299010254595458,0.4090671835593466,0.0058711172316123815,0.40252033876684845,0.008612630865648636,0.41749515385550606,0.004023127364767301,0.4257474206608659,0.010362848834642899,0.4257474206608658,0.010362848834643008,0.4249614295276143,0.011099703506171624,0.40540302720316507,0.006017931279992263,0.3996671643933161,0.007205642732033835,0.39868654685448834,0.008018023171022973,0.41734230469097905,0.0038420048987196486
0.44,0.4097435532464514,0.014205236631159477,0.4175628111619397,0.006841210289743069,0.4267425556731814,0.0033366561372749344,0.4122308574632754,0.0030463477151309896,0.3988903683365824,0.0077753531401255635,0.41749515385550606,0.004023127364767301,0.4233999177407247,0.00567015807154339,0.42339991774072466,0.005670158071543488,0.42320778272898474,0.006146533872610053,0.40737547246083067,0.007192142894941604,0.39935973166133054,0.0074403061049974194,0.3979103405075978,0.005201402370943929,0.41576882429737505,0.004956715549011005
0.46,0.41113296614628636,0.0162489251249949,0.41617998340891205,0.005813475138602438,0.42400975461400525,0.003007477368579252,0.41256185696070874,0.0028858760523115,0.40181472573715826,0.008152913217604195,0.41749515385550606,0.004023127364767301,0.4244649848483456,0.004711848778229474,0.42012808637684607,0.00644383416205007,0.41877228434419167,0.0067672148721431066,0.40913868142643883,0.004863968105915188,0.40322430670029247,0.008361433784972628,0.4003054891313452,0.003338764917177529,0.41296224555394245,0.004995091856370859
0.48,0.41326414633559755,0.016885062106290892,0.41829525341047663,0.006762039338718827,0.42209290603850347,0.003971464130814103,0.41158943071292037,0.0033155031838468943,0.4023032408358937,0.008263139979098133,0.41749515385550606,0.004023127364767301,0.42294075769217854,0.00535805989601282,0.41629530323703523,0.004067068649256957,0.417829835197704,0.005336333105698751,0.4103989134471177,0.003763372193206514,0.403292915682046,0.007996543337617089,0.4007892305551758,0.0034912705201663075,0.4098058513100162,0.0038484728971907582
0.5,0.41433874514302127,0.01420555244793191,0.42116822420104344,0.006732060502254301,0.4187003736056351,0.0050600921339750676,0.4126678924000263,0.00629345599344938,0.40183687124319917,0.003979004140947037,0.41749515385550606,0.004023127364767301,0.41883192964903804,0.003960479075050578,0.4151569782561296,0.0016177653639972112,0.41611504068359956,0.0016965078677885143,0.4105776600375257,0.0016842328249381771,0.4027061420469339,0.007534549058954225,0.4024659844469789,0.005178183952644111,0.40972422997452446,0.0045654599057789345
0.52,0.413001917504604,0.011213919466535997,0.4232267877718687,0.00841334998601865,0.41663990448429244,0.005329173664608309,0.41186948978250226,0.008436052595222204,0.40522991919731316,0.004190637370043219,0.41749515385550606,0.004023127364767301,0.4156724673196366,0.004180729987209246,0.415306585250211,0.004218777765359647,0.41403238235504625,0.004103307312429109,0.41338227624414964,0.0020112740977161116,0.4047435392453543,0.005815575105026813,0.4015931751544525,0.004695644008550572,0.40667277931344104,0.0009596985208791939
0.54,0.41388552885224505,0.009414282828101264,0.42414268366881,0.007667935170590219,0.4144757540445747,0.005472607189576691,0.4132272767290537,0.007384632695396355,0.40464242695519365,0.005464627582927125,0.41749515385550606,0.004023127364767301,0.41333922730107026,0.006991222915768857,0.41333922730107014,0.006991222915768806,0.41217800647814146,0.005691803150288811,0.4140901452490133,0.0030149356796290326,0.40487108375144976,0.00416984879710797,0.4042159904899236,0.005698857053441853,0.40645742191146694,0.004589714829552604
0.56,0.41530848405815074,0.0067832393598142365,0.4242859086783603,0.005095566919858131,0.415705115132429,0.0034990639897428677,0.4128459070995926,0.006392070364175076,0.40214559889237267,0.005615681758642616,0.41749515385550606,0.004023127364767301,0.4147552943733309,0.004794441795736746,0.4147552943733308,0.004794441795736691,0.4162004061687098,0.005519685713716065,0.4136319004422164,0.0038230624635913015,0.4077024866973557,0.004155124833711167,0.40411357378805546,0.0040910014826930205,0.40775946762285264,0.0056460307787511805
0.58,0.41587392317187066,0.00499017033202217,0.42454643007730214,0.00730219377291681,0.41508817911871165,0.006557192214823635,0.4127410525857872,0.00710753655276101,0.40385700585482204,0.004838875678606449,0.41749515385550606,0.004023127364767301,0.4147835699302589,0.006118571163161525,0.41478356993025883,0.006118571163161465,0.4176978235961608,0.0061195082928095995,0.413782306914916,0.0040297377944314245,0.4060373379786883,0.004299332054911655,0.40473932742040997,0.006110778945851935,0.40431095166644493,0.005868954386773881
0.6,0.41765188373724293,0.004754367578990794,0.4254823031631969,0.00710734220297285,0.41681642955292614,0.006956222786976179,0.41326600307155714,0.007354803765347255,0.40654192397246725,0.005250669770203547,0.41749515385550606,0.004023127364767301,0.4168164295529262,0.006956222786976162,0.41681642955292614,0.006956222786976101,0.41681642955292614,0.006956222786976101,0.41426385507732844,0.004114838543313422,0.4051011384229649,0.003808798760035388,0.40464742730988884,0.005512113917549057,0.4052269353572049,0.004860743865328406
0.62,0.41622592123220764,0.006367311844201801,0.4258090586228418,0.006599181733556928,0.41876440003198595,0.0072328485445857784,0.41341747490479297,0.005169474909361119,0.41051184339128366,0.005368751810156263,0.41749515385550606,0.004023127364767301,0.418764400031986,0.007232848544585769,0.4185650164324234,0.006951139034613196,0.4183426003855749,0.0049452297897619475,0.413229254949028,0.004191285094222837,0.40600635210608216,0.003307815443341138,0.4047371665902809,0.0057167406045439085,0.4055616635293575,0.004609125527627569
0.64,0.41802952957196743,0.006240587697414195,0.42476872475249944,0.005006432870147106,0.42124994390287474,0.006634370038488493,0.4130961036582024,0.002784375530561039,0.41148877305327125,0.0049929677428707155,0.41749515385550606,0.004023127364767301,0.4212584579877655,0.006646269865417348,0.42124994390287474,0.006634370038488447,0.4199888510865676,0.00504082377842227,0.4135007770940362,0.00445780191925408,0.406554190860874,0.0036916583788303143,0.4065499178975613,0.003981222119330463,0.40534402160629407,0.004606855590255642
0.66,0.4181478584053691,0.008852478962803655,0.4231649371551877,0.007238745256918283,0.42076821772799755,0.007090764374100857,0.4146239919766161,0.0038498019125826188,0.4122976643757678,0.005620588530903265,0.41749515385550606,0.004023127364767301,0.42059163423933926,0.00686049319179554,0.42117379352343315,0.009109461319904434,0.41907648868987096,0.006043236424300692,0.41271653991834867,0.002863958379855058,0.40746354044719907,0.004900805063075765,0.4080656266898167,0.004889748079067509,0.40500088009961654,0.005592563087855599
0.68,0.4201948294053559,0.009604796840589524,0.42280283235480165,0.009022497014110422,0.42380792483343366,0.007762924991824646,0.4128807877212783,0.0034256351080945674,0.4124443156694167,0.0048329792211034076,0.41749515385550606,0.004023127364767301,0.42006562743268705,0.007871258549883684,0.4198653475111551,0.008031147956903137,0.41864149959631064,0.0072182862709855855,0.41131328395893374,0.0027319311670516637,0.40927760793206325,0.004319833373122769,0.4083332092821057,0.005831098669514876,0.40594879476045526,0.006019561764251769
0.7,0.42183438097926945,0.009262648620676672,0.42141732935843473,0.009765132806974478,0.42276282296536044,0.008546508022509164,0.4122330037495763,0.003651887181295009,0.41295786194970857,0.005156901839232797,0.41749515385550606,0.004023127364767301,0.42056142144106645,0.008827012052401292,0.41946702051544255,0.00888599279416063,0.41950671487090224,0.00894927843622815,0.4115676300506532,0.004201482029818066,0.4086276983210244,0.004176503186244511,0.40737151647907344,0.0060896172746886116,0.40632766188497915,0.007267271735869567
0.72,0.4214957044042307,0.009225091842240934,0.4212498029203175,0.006736330171675352,0.4225200018844036,0.009088033399745267,0.4128577053958751,0.004762159924021761,0.41356595772161747,0.005316495618000001,0.41749515385550606,0.004023127364767301,0.4215095267112586,0.0080243981039855,0.42008305483881364,0.009771366461165108,0.4185967979254436,0.010044456305532669,0.4114045055238446,0.003583161274345605,0.40942495407258345,0.003100436664139752,0.4099611956237411,0.004412370204104388,0.4064141889454626,0.0060216291138132875
0.74,0.42107726754889585,0.008628140632098996,0.42029291094953664,0.007844112981599288,0.42306508596273107,0.009646967433890449,0.41362548658350484,0.004412823857245455,0.4127509767407421,0.003773832959146501,0.41749515385550606,0.004023127364767301,0.4227230583614563,0.010015220677637092,0.42060893653298226,0.009175812296745361,0.4186148184195265,0.010723412265963038,0.41154953013263756,0.00399922185266301,0.4096060751216202,0.003907408142828582,0.4115093773840923,0.004878319531207258,0.40714477301376,0.008180346457046132
0.76,0.42008544302615386,0.008507238421437963,0.4231505958320748,0.008579740861436922,0.42204787020822215,0.008792986452700576,0.4145249204328454,0.003106238378158976,0.4121843978045795,0.005076359543263816,0.41749515385550606,0.004023127364767301,0.42204787020822215,0.008792986452700567,0.4217096133580556,0.009424036432213928,0.42016651094775825,0.01037616581692459,0.41299153640483555,0.004817391231741733,0.40943602426759207,0.0029289380291937775,0.4126786060077626,0.00478496088522871,0.40732884141252856,0.007484487297607703
0.78,0.42000096551120203,0.009079110425830794,0.4223514906686968,0.007548312438321778,0.42142483913490636,0.007432299861077818,0.41466450454238213,0.003274684517377512,0.4136315249194403,0.005155554450101278,0.41749515385550606,0.004023127364767301,0.42142483913490647,0.007432299861077803,0.4210291535513701,0.008428280220368876,0.4201201217463697,0.008214866922828652,0.41452347329972755,0.0059685892666364185,0.41073939577948476,0.004814607496702835,0.41170273048913825,0.0039488924757110746,0.4089040828800137,0.008031141934340912
0.8,0.4195806522966714,0.007798623932042013,0.42185548962324276,0.00768272634079877,0.4215513138558617,0.007532148190236666,0.412872788282328,0.0040787714582001654,0.4140379046410705,0.004102901182261379,0.41749515385550606,0.004023127364767301,0.42132066633642107,0.007188872234115823,0.421320666336421,0.007188872234115804,0.42064263619129627,0.007271056910893259,0.41396685436492453,0.005954858829972142,0.41179885577261177,0.003647015447531473,0.41223803150126853,0.005090378152534332,0.40946842901080854,0.008281868654175894
0.82,0.42116006427645186,0.006041659578881457,0.42136850206933285,0.006399875241890434,0.4203994213050537,0.007377800075058293,0.4144074593747332,0.0033423322335698023,0.4150706185129328,0.004869714582868344,0.41749515385550606,0.004023127364767301,0.42096970868353556,0.007679599928885924,0.4214613979932462,0.0065328914530774764,0.4187853314652034,0.007083946842087855,0.4134058051979393,0.005720897873075067,0.4121554168124558,0.0032881313561197376,0.4134395778407548,0.00393513689357582,0.41122198531651327,0.007014830103067696
0.84,0.42046394295008593,0.006506375903656586,0.42090635338522536,0.006687428275661958,0.42003454952712954,0.006365503780484617,0.4138312718707432,0.003183846554820624,0.4141171764609692,0.004775928276066895,0.41749515385550606,0.004023127364767301,0.42003454952712965,0.0063655037804846186,0.4202680485663035,0.006035144526065336,0.4184155077158276,0.007332682471537248,0.41365971937457346,0.007532432070700041,0.4127706071741838,0.003986598690325781,0.4137508600721087,0.004228543542568261,0.4123488057668905,0.006002349240138323
0.86,0.4203653841951321,0.006719283676161409,0.4200085541047691,0.006842439204663352,0.41896167954730146,0.006538149413695646,0.41365102498081807,0.0036618351963229063,0.41650491133691603,0.0037351681117060004,0.41749515385550606,0.004023127364767301,0.41896167954730157,0.006538149413695646,0.4188732623772705,0.00641169781057906,0.4181516978446108,0.007005376055084026,0.41333403750400427,0.0069863898687833196,0.41311742701448734,0.003524369506390339,0.4140631815302186,0.004003012750140395,0.4132892960573734,0.005512386710758773
0.88,0.42042545475721893,0.007001687157566588,0.41910647478422525,0.006196234508712447,0.41827416280418095,0.006476545088855038,0.4143986741481612,0.004668338642575599,0.4159181477412798,0.0035823285950505003,0.41749515385550606,0.004023127364767301,0.4181984803778266,0.00636581956823106,0.41885785123306307,0.006476004352973508,0.41884712597052354,0.006461736785526653,0.4127317412505871,0.007038565452012499,0.41373469371914273,0.002916395410449563,0.4149218604881485,0.003268978174313131,0.4135977962005402,0.005784679544297171
0.9,0.41950172394648066,0.006997474308902409,0.41843765967861224,0.006195337359593406,0.4182004101934898,0.005857940227378765,0.4148013707874951,0.00558465678392505,0.4151825344187333,0.0037734958385489976,0.41749515385550606,0.004023127364767301,0.4183313778416798,0.006043066120964044,0.4187569836514888,0.006105918752598854,0.4187569836514888,0.006105918752598854,0.4131429923902533,0.0071860094379581855,0.41496409502062653,0.0041510313063678654,0.4151948830586771,0.003644678487540365,0.41556212769253476,0.006027903511813739
0.92,0.4192399310487534,0.005912214742878492,0.4166944300165425,0.005777910651706255,0.4174741386350577,0.006075121416090994,0.41525497357286106,0.005232595311754644,0.4158647941782306,0.004744028201194772,0.41749515385550606,0.004023127364767301,0.41807483140217516,0.006080072477683123,0.4195317009127556,0.004926987826563949,0.4193056515988526,0.004655741984852808,0.41511138130697145,0.006134353045018979,0.4152209792590784,0.004222218355549633,0.41530274771301007,0.003013702332746033,0.41699460122235354,0.005114008835352149
0.94,0.4185719500674068,0.004970764667963008,0.41596926975717374,0.0055288515915974164,0.41817980283887246,0.006105542218143902,0.4158264207865814,0.005065029185891089,0.41554603088401515,0.0049478955065445345,0.41749515385550606,0.004023127364767301,0.4187925566062207,0.005144924630375745,0.41879255660622067,0.00514492463037571,0.418333020230761,0.004594915624345582,0.41588837745267726,0.005413028148211037,0.41573692977189614,0.0034107291583321403,0.4158030496180256,0.0026046123944255383,0.41764996328339743,0.0049315051493378295
0.96,0.41737799582919954,0.004610129270745348,0.4166642341810759,0.005232050050449494,0.41729157212222673,0.004625400433514342,0.41595430539426576,0.005403694269572667,0.41581082861169916,0.00460377036007003,0.41749515385550606,0.004023127364767301,0.41729157212222673,0.004625400433514338,0.4172915721222267,0.004625400433514303,0.4172915721222267,0.004625400433514303,0.41499831510651847,0.0052000906141620494,0.41647458233567114,0.0022113053459844687,0.4165851185699773,0.002552445600422133,0.4179189269157431,0.005061121124945694
0.98,0.41678135200949645,0.004950596665908235,0.41634454036214763,0.005029565872823326,0.41839984301914784,0.004208480333450372,0.41639306962644135,0.00442832717573033,0.41671889774116594,0.0044933071839065525,0.41749515385550606,0.004023127364767301,0.4183998430191479,0.004208480333450369,0.41839984301914784,0.004208480333450335,0.418009528697487,0.0037520250265216785,0.4165901988143743,0.0046899791395247185,0.4171035448700601,0.002891678512715697,0.41676346382268115,0.003145270880142065,0.41839984301914784,0.0042084803334504406
1.0,0.41749515385550606,0.004023127364767292,0.41749515385550606,0.0040231273647673045,0.41749515385550606,0.004023127364767274,0.417495153855506,0.004023127364767253,0.417495153855506,0.004023127364767258,0.41749515385550606,0.004023127364767301,0.41749515385550606,0.004023127364767273,0.41749515385550606,0.004023127364767256,0.41749515385550606,0.004023127364767265,0.41749515385550606,0.004023127364767309,0.417495153855506,0.004023127364767237,0.41749515385550606,0.004023127364767274,0.41749515385550606,0.004023127364767326
0.0,0.4274580557911717,0.014922578692433457,0.2991374640918153,0.09770229418382861,0.2991374640918154,0.09770229418382932,0.3624381404786206,0.02416831453801144,0.35729473699362535,0.06688945766640114,0.35042896323967176,0.10463214721336606,0.29913746409181674,0.09770229418382462,0.3502254299378478,0.1039212000588283,0.31993138717189473,0.090367571463882,0.3767499531939251,0.11077835660796335,0.4068484006272585,0.07713561971093821,0.4933044194738423,0.053044596051452876,0.3457360246921932,0.059475923259101185
0.02,0.4274580557911717,0.014922578692433457,0.2991374640918153,0.09770229418382861,0.2991374640918154,0.09770229418382932,0.3624381404786206,0.02416831453801144,0.35729473699362535,0.06688945766640114,0.35042896323967176,0.10463214721336606,0.29913746409181674,0.09770229418382462,0.3502254299378478,0.1039212000588283,0.31993138717189473,0.090367571463882,0.3767499531939251,0.11077835660796335,0.4068484006272585,0.07713561971093821,0.4933044194738423,0.053044596051452876,0.3457360246921932,0.059475923259101185
0.04,0.3887036089555929,0.0527748238152176,0.39124452959643946,0.069025738714453,0.3912445295964395,0.06902573871445346,0.3748155252409002,0.04074743301779139,0.32944263162459175,0.03822654201331447,0.3908925526414715,0.07632988105777219,0.35613914481242126,0.034095060412917974,0.3329692151259094,0.028321027879085522,0.3391342997622133,0.047202004670870205,0.35467317977788926,0.03214897443762783,0.4090171826914553,0.040384525873325826,0.4122749321792094,0.05262459148847951,0.33054127742586276,0.035526886573801715
0.06,0.3625575717816952,0.044502056615588405,0.4204190214439215,0.024731950360093014,0.4229248703884777,0.026994842744658173,0.38503759530780557,0.03834778322578691,0.37194422970872454,0.03169496683904738,0.40431250694747456,0.04728296624660553,0.34552718075760164,0.02746352220970125,0.3455271807576019,0.027463522209701385,0.344288631646114,0.027024372415568553,0.3520136577213944,0.023947240941875902,0.40185808009586044,0.018580887643997478,0.4101253329415583,0.045692935956564346,0.3709964134351226,0.034120488763923054
0.08,0.356931715600594,0.018573276702065898,0.41541622980587434,0.024049472954872687,0.4013895155263313,0.014898685565519501,0.37742300314359545,0.04001817022937466,0.3745092215661173,0.031001427968246145,0.39963583121275853,0.033026233892545095,0.35620813130743134,0.012988408758548791,0.35620813130743145,0.01298840875854885,0.3599550768542463,0.013907791911202887,0.3556062814638746,0.017578665098933036,0.39078846945230244,0.01337707110383415,0.41358070322423957,0.030914052102685073,0.39093053322552124,0.024023792980565315
0.1,0.3634459164788585,0.02928152156788116,0.4226601755639534,0.02629015025796109,0.4004188725543646,0.005162492050468064,0.37811590513867477,0.04031838723204323,0.376010904103407,0.019888235439714557,0.3972601348952973,0.020501702448350888,0.3786537737759282,0.020188281645239795,0.3650755464937021,0.016532182501105195,0.35918792378541686,0.007943459409815713,0.3684071307097506,0.007517351911446144,0.3799313342702051,0.01976421976276803,0.40739111686152374,0.015324618379654362,0.40851287046142026,0.014411643390031315
0.12,0.3672467044832583,0.01845657372930812,0.41427617589665794,0.010044497486118397,0.4126120126636097,0.009903609135318597,0.3807082774275141,0.025993467796670534,0.38682917625077196,0.009925010029419163,0.3978264198173767,0.01892505742076543,0.3784006474645904,0.0042012662448587396,0.36398487109459843,0.00882622516573219,0.36180716432119575,0.013581802251100082,0.36735535497013916,0.0032774092927910945,0.39026315288763336,0.0125283763252073,0.40857542297842736,0.026292167661612534,0.40416442199139563,0.02383159877113677
0.14,0.3648722752856789,0.012478070421678098,0.4138333507488486,0.012267686865737903,0.41289491723993077,0.008717065212809292,0.3834172240513436,0.01585457284384793,0.390055474776677,0.0131630654004425,0.3994585446499347,0.013503171702871242,0.38646911801880623,0.01093207007598011,0.37736079332655603,0.016461825318397957,0.3674628795193759,0.005463473139035131,0.36045953160003824,0.00648879368899638,0.3913127774825996,0.02149233409696405,0.41450428338656176,0.020614747137900097,0.403438400322151,0.032601010062369366
0.16,0.3659709500618688,0.010046940145191292,0.4240033954053578,0.01169495490468371,0.4215589259853404,0.013465950433430532,0.3825318094853951,0.01479727022598815,0.3777887978997299,0.014541138787051686,0.4051359145660703,0.018373685015334686,0.3960258343141471,0.005867207112585217,0.3825786959687705,0.006576164605066621,0.3739622488723777,0.011925780693820586,0.36366218274843143,0.01378483117258788,0.40213598473955475,0.016516390252599815,0.4164137685363321,0.020470092073752055,0.41301714507259923,0.03493794828790343
0.18,0.36605565516440874,0.008079752136112464,0.4319784124712108,0.011165247736176317,0.4253180217750806,0.012255758161131317,0.38130202398654356,0.020831569373524133,0.3785958899131411,0.008519661047235205,0.40623286447081275,0.015400624107081885,0.3995779755751354,0.00862778872451514,0.3844842034624138,0.011449725461805513,0.3748640794273542,0.02111317462118515,0.3684271762210126,0.010364757592719162,0.3983389413033466,0.016008747161969074,0.4154166807281015,0.019505000981786272,0.40791758544170803,0.029727775999315368
0.2,0.36507329425180735,0.009956615585062849,0.4347187801911234,0.01014644557228251,0.42377842024293977,0.014954731687247575,0.3861168077187789,0.01819921800368487,0.3768960343079451,0.006703478998949459,0.41186773939977434,0.018132259505288677,0.4031504971838051,0.01246730464909211,0.3926251213086204,0.00853218052263786,0.3799202618408285,0.02255184621860206,0.3717667327455684,0.014533834724879902,0.40652371919176306,0.015414558902414723,0.4156785447233223,0.012901960716918551,0.4083597872537389,0.03043763529585668
0.22,0.3628592713841661,0.008359965298989028,0.43820422803133,0.013048712994856415,0.429128286594549,0.012084082489413471,0.38506620520267587,0.018897384537989947,0.37868774420268003,0.010241375601956938,0.41836243373621645,0.021941412608681304,0.4066529258348456,0.005184187553955011,0.39810219341688324,0.010899823440231665,0.3905837571376932,0.018088075235941796,0.3779592959130428,0.015651944257039363,0.40700256735286944,0.021188232718450415,0.4191528612469027,0.014838868486429558,0.4109099612928236,0.023708297453312887
0.24,0.36357332964476363,0.004617007859224707,0.4333393977349847,0.018679513396503308,0.4259890943175141,0.016272815564112576,0.3854918856932333,0.01800776898346954,0.3765490895574977,0.009317101570593267,0.4234299119689422,0.022448293493585146,0.4086183899847666,0.0076289568211018646,0.4007328402608867,0.012084248936597786,0.39600263799210816,0.012749787911995686,0.3812052609278654,0.016552253754633386,0.4055445076720341,0.024291643861786935,0.41531863833482596,0.009989572248058062,0.4007514347160238,0.02767815499397239
0.26,0.3677397576725833,0.011914033565239266,0.43395591111021775,0.020360638474800047,0.429745142614251,0.01698282593385222,0.3890087762603615,0.010784410658505434,0.3787842745242882,0.011349712058426577,0.41377757096247514,0.024002253373656048,0.40569203827222183,0.0103126439552167,0.3993576991696293,0.008002920823739743,0.3983291111201308,0.01327861293613606,0.38906399939971537,0.016762061941739136,0.40258054166921875,0.023251753155464915,0.41289576684393975,0.009444640175840397,0.39926925231230176,0.01853492242388144
0.28,0.373036263247444,0.010597668649629346,0.4297615471367171,0.01840006703398951,0.42650451317704197,0.012190710695141336,0.3914650573563203,0.00989268326120783,0.37819353341154294,0.009333346438430751,0.4173652679397152,0.023250898482583646,0.4102150177703016,0.00808243764715739,0.40341006256302736,0.004916822415863472,0.39934195011210966,0.0118245267211883,0.39259555335446883,0.010570498898608886,0.40425843196782024,0.02113923066818452,0.4063545709990584,0.010314150744706974,0.39978538764362653,0.014463059292257099
0.3,0.3747487399627585,0.009525024011716609,0.4249229161364383,0.012696484238651695,0.42516610291270596,0.014399011900246521,0.3919017325239643,0.01054661556484143,0.3822403374204273,0.007765984024277931,0.4150625115749088,0.021914411726956233,0.4132725485962868,0.011505261231015498,0.40764747127325723,0.009432768549581649,0.4043375171317184,0.010208636372632586,0.4007015517690812,0.009925771236317566,0.4060442076962728,0.01690160359477301,0.40860413618740676,0.010737979123499556,0.40056730889843467,0.0127194151688329
0.32,0.3771087624787566,0.011686035880028204,0.41910905837051265,0.011656091679492326,0.4195288970543115,0.012036190683046784,0.39119418575990333,0.0069858198830551445,0.38376508174427026,0.005264908897395365,0.4135164737296183,0.01905845170067429,0.4166401605647327,0.008838036756952283,0.4088666397944206,0.007385385269827665,0.40602479342612974,0.005984644541531288,0.40571901518482995,0.007138061041078035,0.4012219642271859,0.01745002598931521,0.4094136493212305,0.01262212995595517,0.3983711272576305,0.010001979918195764
0.34,0.38171110770479144,0.009437784878646887,0.42409546410593374,0.010865572871397012,0.42271518114737067,0.012017904906391612,0.39259136856088406,0.008781472841514933,0.3835901858434353,0.004648743492989884,0.4182889181434402,0.021124369466893056,0.42230980475586205,0.005291668710613498,0.41155596842700504,0.003836622361878366,0.40877892170684865,0.009476370843401445,0.40584305488300965,0.005185002868767414,0.40262671235238273,0.015841826155920464,0.40819440157189635,0.012229672419674834,0.39770252793995514,0.008497197573667915
0.36,0.37959890015971515,0.00914919213701814,0.42285853804167517,0.013185254191827363,0.4270103067571486,0.009006453356369997,0.3934710584138333,0.006301581007767491,0.38548564031333576,0.003368741303253989,0.4174960161789321,0.01916033205831416,0.4217171504993429,0.007036066046289738,0.41650552906791316,0.0017146071355125712,0.41028818806502937,0.008465592860411666,0.41058837002033677,0.0042137259972912944,0.40181459840873573,0.014981872407972304,0.40617956717695924,0.014056927045531464,0.40332322385314245,0.007828809449628051
0.38,0.38409116047268643,0.011721104237974664,0.42428322816346054,0.010625722174608646,0.42894326587512877,0.007698842167438301,0.39638461101081807,0.008418816245324416,0.38737501633125593,0.0032409664843057145,0.4195932463942852,0.018695585880230833,0.4173465843535537,0.005939493795428941,0.4172890578915671,0.005450832133589653,0.4106610927034046,0.0027183796914134442,0.4060447217954457,0.004692842016418373,0.40325196092065824,0.01078470771639775,0.40805508456507167,0.014636688077683622,0.40784671767629743,0.007413460152451568
0.4,0.38985744305604925,0.011226524183665414,0.42276509443635535,0.014105574038390823,0.4296976263362858,0.007001030080478665,0.40322067578976944,0.006714456072541681,0.38797658578441924,0.00221814287224885,0.4217800002824167,0.016070764804037525,0.4220179652983726,0.006593772705431949,0.4162592693619465,0.006156011345745012,0.41390788532078815,0.005096094359682758,0.40960635852612415,0.004978536222970489,0.4029323320685375,0.008786989853931082,0.4107198827557416,0.013418550284602976,0.40580195300406785,0.007070204064578951
0.42,0.39059140369428486,0.008106846633061252,0.4254888840377851,0.01232377454575071,0.4332308498505887,0.004961131456419559,0.4013555433028151,0.003110535647097926,0.39133841942130815,0.0026507969671817327,0.42303271007387555,0.016404277394468956,0.418494649650458,0.007794383256634575,0.41495882241395843,0.008634116661475972,0.4168809488967909,0.004843454327593458,0.4112222820352571,0.0037263295012809647,0.4043066204518393,0.007638041747895607,0.412571903703304,0.013301400881948165,0.41000820276964633,0.00661583054730732
0.44,0.39056514534387987,0.01083114896675519,0.4272013790892208,0.009736498473543848,0.43147401957396847,0.008330976805771783,0.40480256866793457,0.003518799892067077,0.3926687190463205,0.0020038729758500786,0.4244663182581686,0.01673302569970625,0.42056925287695357,0.0061716403263714775,0.41756807616264896,0.006005245911307068,0.41544223715852463,0.004651649935149605,0.41216192439753807,0.003358067015816865,0.40596054032648726,0.010700267523106731,0.41412443879286237,0.012266688058152219,0.4091547795134156,0.005611353597346977
0.46,0.39325737926458926,0.013009894385473243,0.4283428406763819,0.007990683791052852,0.4306653366101485,0.008542168784425012,0.4046934660784596,0.0017779662044799035,0.3957516912934515,0.002617133746050503,0.42604700495115816,0.015267273543028169,0.4204599592002245,0.004453366349294569,0.4189447098224879,0.005935067171677248,0.41891914994030355,0.005457388134395524,0.4133669563029313,0.004434267106092142,0.4045979512839587,0.010132148240091381,0.41196307738781723,0.009010926468094056,0.4126057896975694,0.007129214242510241
0.48,0.3970184967494034,0.0118593404576319,0.42939007234761833,0.010354870753166854,0.43299485772434787,0.009402185595725303,0.4065170908065915,0.003293617592478283,0.39792894165223014,0.0020270941738834993,0.42566232793530173,0.01604994899324441,0.417676339521249,0.0017649316051515048,0.41779056667907666,0.0020961146937108297,0.4170074096977061,0.003108429262036093,0.4149062477518205,0.00209907977672008,0.405207123155651,0.005138966503397825,0.4126159749815599,0.008276865251579205,0.4141383478566011,0.007222957471578407
0.5,0.3978581242767452,0.0118379116544341,0.4280776103849578,0.009147754181774466,0.43084925490527437,0.010255084468579648,0.40613001369516394,0.0050984985614503636,0.39790715530727144,0.0017663358946896125,0.42333471879682805,0.009486208201519013,0.4194187650617952,0.0020034344743803693,0.41921972972547455,0.0017158195277933587,0.41780936348253916,0.0030953319357806507,0.41394448414699764,0.004661883870753537,0.4092977162797746,0.006198734494444774,0.4140032282191126,0.0065039647312139705,0.416472081868641,0.00828346574235897
0.52,0.3995976928311561,0.01038661364545438,0.4299670059603871,0.008411446268735821,0.4323786954408505,0.010290712130879752,0.4083538121117118,0.004742801278314109,0.398066293454988,0.003074653711528969,0.42408616925559006,0.011168482193677118,0.4219086386469197,0.0036646039281685193,0.4203766185033029,0.00562057180932805,0.4193208381823105,0.004815304311851591,0.41611697571257655,0.004437144552856266,0.41077009059799097,0.009076273475304786,0.4152448065037263,0.006819165082891578,0.4178447374570857,0.0068332985195842895
0.54,0.39945679383711247,0.008518123102001346,0.4281730139504229,0.007079885199030923,0.4319090928468948,0.007895051147766622,0.4084989148300495,0.005123197518790851,0.40097671514538524,0.0015986149120807926,0.42529228888612336,0.009034527474967594,0.4243956952180224,0.004008240616648831,0.42182650889964546,0.004750428948664635,0.4212896775222123,0.004345375006433546,0.4187114656609876,0.0025889695457944326,0.4126192179043192,0.007625751199949738,0.413168340341443,0.004908065253073543,0.41654541542502477,0.006329620957582166
0.56,0.39918376480044404,0.009412027410579555,0.42813330752846146,0.007941015494079787,0.4333449817056579,0.01000002134201881,0.40837573854190007,0.005251586573843099,0.40079386908140546,0.0029566837995200356,0.42346036097504136,0.01110329850213044,0.4245959428775356,0.0044243923050004625,0.4210298920115289,0.007345377245150262,0.42109483229325845,0.0025752081513775765,0.4191560253064458,0.0056111465957943375,0.4087520832040773,0.00898852765265028,0.41429345672950685,0.004047022396206042,0.4161553553794168,0.008229157937738724
0.58,0.39913717555489225,0.009332449612607374,0.4276714446145003,0.008141845324011547,0.43278680235726324,0.008179883378477153,0.4106731943146786,0.0072537887910296,0.4006056596958634,0.0030762882009260266,0.4221842462246037,0.010863914601428975,0.4241609361177113,0.008043123765571652,0.42380537191042267,0.007555568557943249,0.4203983779113848,0.003199051984902557,0.4169847810275114,0.0031357644146567812,0.41002679162194344,0.007957285005281157,0.4147203896766818,0.0056150881050627734,0.41581593492592306,0.004879229967258692
0.6,0.4006144140048767,0.008813334321991353,0.42816328138877824,0.010636505289062492,0.4289613101974579,0.007489853243709943,0.4110810572219613,0.005909858953074297,0.4019398980201444,0.0031826231193685115,0.42044450102852154,0.007227163992212473,0.4247437290901834,0.008259401639008427,0.4255968330969143,0.007801992468233506,0.4205201775601689,0.0024676388911128717,0.41660148794177626,0.0026569393281510767,0.40887441689670734,0.007316263700365658,0.4175352724482116,0.005893821890491602,0.4157968064465484,0.0032378512326117345
0.62,0.4000745376805652,0.007528665188464052,0.4272609752774159,0.009401933346311024,0.4297131943009147,0.007559695313197707,0.4122959802090871,0.006553980722910777,0.4014516900348079,0.003940100981682268,0.4225776847268145,0.007200613109963417,0.42468571683930173,0.005733785703401579,0.4256467245083941,0.008776515313558995,0.4228803734356696,0.0039019613091311836,0.4152140308775661,0.004107441198890436,0.4106371108932362,0.00653767187694099,0.41565556661107,0.004979450874031339,0.4169241344468073,0.0035105345490735
0.64,0.3995051412933352,0.006317225003389989,0.4279284853771061,0.009728301022884377,0.4304417195285526,0.007902767602907248,0.4120963819655845,0.004625135968776695,0.40291736628885433,0.004813220234246322,0.4216622959927365,0.005251456835805294,0.42597684881411657,0.006152864602632452,0.42498388192493636,0.006633719047299147,0.4217266738225542,0.0021569256889644975,0.41601216408346964,0.0017337207065137032,0.41050404393617446,0.005067833060095023,0.41461452142046434,0.004712475924294257,0.41893780371940903,0.00450872425700438
0.66,0.3996306969711472,0.005886185095943128,0.4275223531861813,0.006647947759514905,0.4295197148014319,0.00976029548474657,0.41374129394250886,0.0026361109241835484,0.40364455072074024,0.0022738795856319513,0.41904812895391463,0.0040984691357338204,0.4256873917642253,0.00500537509042352,0.4256873917642253,0.005005375090423547,0.42232096501858096,0.001935433227510822,0.41683312420119234,0.0005822151816115024,0.41078359425185784,0.005479770013625822,0.4161498556295449,0.004525233793785343,0.41876867451482896,0.005848216656566379
0.68,0.40148988332413194,0.006069604443322556,0.42844374180875466,0.006899876096584116,0.42844374180875466,0.006899876096584142,0.4147888782964252,0.0023467921736865945,0.40307301730588746,0.004594680562143823,0.41770226885693806,0.004175574238300755,0.42458565668799025,0.005871805723209682,0.42549657124135337,0.005194773921424974,0.4235352719529364,0.0027087470769944005,0.41767267851953116,0.0020026588605726705,0.41186161970010476,0.005686571779777515,0.41644324702987956,0.004817284662407935,0.41791726501448845,0.005257915908656651
0.7,0.4047045373738311,0.0044695961777565275,0.4280316710156735,0.007332087741839817,0.4289330796253365,0.006741602078515871,0.41723430549918883,0.002333040292392762,0.404728785708224,0.0053011137456461565,0.4179374092331129,0.005463236834273833,0.42520927025104216,0.004174609156351246,0.42579789357395537,0.004333781207350893,0.42345650493792986,0.0026752869920600936,0.4169371754545135,0.004622056613851119,0.4108181195937344,0.004346132604838804,0.41552624220137935,0.005069669259443839,0.41767291139499324,0.004387419650627129
0.72,0.40395439567267344,0.003950560437658557,0.42872572260397074,0.006935023889442556,0.4279268209897737,0.007585847312195611,0.4186567701343105,0.0019204283506107232,0.4059305594533159,0.004475561921965528,0.41637121066065463,0.005464336270780072,0.424239250440539,0.005903654573340555,0.42438057271199714,0.005887783661042036,0.42152267157621776,0.002926965117111168,0.41722162208980196,0.005187082711324098,0.41191193910550605,0.005556216205538662,0.41764339567602476,0.005579557807541743,0.41903940780570104,0.0048124386619211095
0.74,0.40605711850291176,0.0037499534861483957,0.4271910388660698,0.007335730508099716,0.4271565955939203,0.0073460787210216935,0.41694674512132357,0.003220555279078562,0.40576864160768855,0.007019664583675725,0.41534430147952583,0.007162864455118427,0.42363461625835785,0.007103433560981867,0.42256513094133885,0.005410358464176352,0.42220393777050147,0.0018713533085658672,0.4160698256247443,0.0035579773709319817,0.4130946846265857,0.004764412632006454,0.41731515414842024,0.004119278033664721,0.41830629891634274,0.005690188660021338
0.76,0.4067498490771527,0.004050874657493091,0.4250147784333177,0.007114801389405528,0.42464642399379154,0.00603406261814573,0.4180758581098266,0.004380629798960828,0.4067480536060281,0.00804163125960905,0.4158869790679697,0.007125640887521309,0.4228678461421424,0.008324293292179099,0.4211994175805695,0.005842730591006189,0.4224296206352214,0.002893037914906956,0.41613481768952165,0.0038872595942570694,0.4142101604986953,0.004936528472036894,0.4161812111866422,0.004246260969580264,0.41949416665860845,0.005836829598904202
0.78,0.40847784835419204,0.003460304028072201,0.42448500951359913,0.008195585284750768,0.4242378770357434,0.004915750217705062,0.41867183641283234,0.003605604095639139,0.4066618668634072,0.009316630384469431,0.4166207725487122,0.006481429981719448,0.4214748101623078,0.007859172575483152,0.4201511521041661,0.005179403010678595,0.42162867529438103,0.0023556113602095897,0.4160886911345606,0.002724723633968552,0.4142487331283632,0.005051868703581297,0.41493920287876823,0.003539591742931754,0.4192385575681241,0.005862350692680309
0.8,0.40905040766592426,0.003995573923376487,0.4238919079385983,0.007700121683805645,0.42365608062299304,0.005863299373876128,0.41827238028785485,0.004188769639974463,0.40885207108628685,0.008421290185829558,0.41578985752008213,0.007528999631540058,0.4204641326935177,0.006906437905390713,0.41887830774187174,0.004812965977559529,0.42165057225204217,0.003299615460658769,0.41597374652299585,0.0024391514500029365,0.4136614820254733,0.004739260187470056,0.41397727005807916,0.003461721262974413,0.4186483664761805,0.00605534210031705
0.82,0.4102564643370199,0.003069818898087836,0.42387624888450426,0.007358043900320342,0.42171806714735105,0.006365284386670766,0.4184683635785471,0.003512748867751989,0.4085669743260081,0.007780381444482637,0.41599396869811744,0.0067536249541728394,0.4190905761259566,0.007409782036446848,0.41893490791750365,0.004513936693769116,0.42068898823405765,0.003937327433982401,0.41538129903198295,0.0029261166306789876,0.414678561073426,0.003850723506783793,0.4139089867894697,0.004740010949135916,0.41878929364525497,0.004997011626557224
0.84,0.4112510555729903,0.001980113577109983,0.4220093571482647,0.0060663925775832715,0.4200017318540939,0.007279471882797276,0.41835175512842626,0.003680485423397632,0.41144469200880907,0.006812069544964468,0.41658782086792967,0.007825465869546114,0.41843386127132864,0.0067465635391640594,0.41824689022263534,0.00565175705102059,0.41875676615315965,0.0031440937453181173,0.4159826770357218,0.0030602106301022905,0.41593875122387264,0.004216339478443712,0.4142488602939902,0.0038680057732710872,0.41981721910573366,0.004624426706629172
0.86,0.41152842484379143,0.0016242842427368713,0.4202919915995319,0.006739294830927551,0.41954914942889626,0.0067636796101847975,0.41967302985393407,0.003738818887920552,0.41182657707694875,0.006422383487615477,0.41881628510469593,0.005587962308638101,0.41786093330379204,0.006680984004468106,0.41740874138130163,0.005839839128637952,0.41799925070944277,0.0019362782080047326,0.4147660083627954,0.004758660889519744,0.41567428399415496,0.004346169409994103,0.41432609876521864,0.005153787340576614,0.41955842300869417,0.005168422328631758
0.88,0.41372114210801897,0.002464759580404522,0.41918928543754047,0.006543026352864581,0.41867580646763464,0.007075815153261458,0.42064798843081636,0.0026046002361211846,0.41328385564654463,0.00661820742917103,0.41877955469471195,0.00654011084172989,0.4170710223286535,0.006194460672473423,0.41773525685902196,0.005749537142878963,0.4173781816711614,0.0027575835168550445,0.4151689322232345,0.005601243390560725,0.4165620674535446,0.004757310803695944,0.41390586958688347,0.004400207166163414,0.41904358355599725,0.005367132921686921
0.9,0.4135968571427733,0.003484124127467103,0.41815471269142435,0.006237478475038232,0.4181547126914244,0.006237478475038273,0.42100054104671486,0.0023424581207683267,0.4129585177096207,0.005725218832345626,0.4184592899062943,0.00645851550406178,0.41716156021705025,0.0063840374846240965,0.4180407799883768,0.006031496575960237,0.41753739975633875,0.003280317258170219,0.4154452815215032,0.00648603780514985,0.4157691544573769,0.006129583222530095,0.41522769637318446,0.004224863904026316,0.41861607700735304,0.005098553237913601
0.92,0.4151716893497792,0.003062200455572385,0.4172367042260121,0.005743590464916443,0.4172367042260121,0.005743590464916483,0.42032822616771853,0.0030793919511544806,0.414495616860341,0.0037071418006170594,0.4199615913419825,0.0065701772398853,0.41703731796289634,0.005473549258441559,0.4174222839109555,0.0057521903157063976,0.41691506449473814,0.005040888022485881,0.41536957931672197,0.005767081896722017,0.4169180907431588,0.006544059631415094,0.4168122893990319,0.0045906818278392105,0.4172073035529798,0.004646645051085673
0.94,0.41581542228165635,0.004025871530155999,0.41596926975717363,0.005528851591597398,0.41596926975717363,0.005528851591597412,0.4205037755788291,0.0036772572483286764,0.4151017550353516,0.0023268372330928003,0.41935237788067126,0.006120738093755629,0.4172008203520997,0.005655396506227272,0.41737830816166865,0.005646946337056438,0.4171683589617109,0.005981019693494965,0.41599640625094714,0.005250725645556879,0.4174976388546603,0.00521293516822558,0.41695462608003164,0.005773001389130826,0.417449027396224,0.004282150206377473
0.96,0.41641592938019095,0.004535379676334266,0.41565739407584895,0.005452500893503207,0.4166426529830858,0.005621731923296269,0.41776656322728695,0.0035746340179926128,0.4165349383246045,0.0036157521384849525,0.4190767271770842,0.004490269336071765,0.4166426529830858,0.0056217319232962255,0.4161254801301561,0.0053572838237558465,0.4163961668410717,0.005534558315123594,0.4154317753126636,0.005304404456500094,0.4176606339057339,0.003948250171325462,0.4170007037172183,0.006074521985949333,0.41626896541201885,0.004874451675200839
0.98,0.4163910376878355,0.004428470615236816,0.4165616453370884,0.005063571200308285,0.41678620287168994,0.00456052698257331,0.41726520551488283,0.0032302515930067053,0.41710789127116044,0.0037051661012562262,0.4192620708428142,0.004491294800536003,0.4168455128708331,0.00446587912310783,0.4168455128708331,0.004465879123107833,0.4163910376878355,0.004428470615236774,0.41659019881437426,0.0046899791395248,0.41851214903866796,0.003563446845697105,0.4168754806805087,0.005740049550006756,0.41702362359635714,0.0054595995368846096
1.0,0.41749515385550606,0.004023127364767326,0.41749515385550606,0.004023127364767288,0.417495153855506,0.004023127364767296,0.41749515385550606,0.004023127364767311,0.4174951538555062,0.004023127364767356,0.41749515385550606,0.004023127364767342,0.4174951538555061,0.004023127364767242,0.41749515385550606,0.004023127364767232,0.41749515385550606,0.0040231273647673045,0.41749515385550606,0.004023127364767374,0.41749515385550606,0.004023127364767314,0.41749515385550606,0.00402312736476723,0.41749515385550606,0.004023127364767325
0.0,0.4274580557911717,0.014922578692433457,0.2991374640918153,0.09770229418382861,0.2991374640918154,0.09770229418382932,0.3624381404786206,0.02416831453801144,0.35729473699362535,0.06688945766640114,0.35042896323967176,0.10463214721336606,0.29913746409181674,0.09770229418382462,0.3502254299378478,0.1039212000588283,0.31993138717189473,0.090367571463882,0.3767499531939251,0.11077835660796335,0.4068484006272585,0.07713561971093821,0.4933044194738424,0.053044596051452876,0.3457360246921932,0.059475923259101185
0.02,0.4274580557911717,0.014922578692433457,0.2991374640918153,0.09770229418382861,0.2991374640918154,0.09770229418382932,0.3624381404786206,0.02416831453801144,0.35729473699362535,0.06688945766640114,0.35042896323967176,0.10463214721336606,0.29913746409181674,0.09770229418382462,0.3502254299378478,0.1039212000588283,0.31993138717189473,0.090367571463882,0.3767499531939251,0.11077835660796335,0.4068484006272585,0.07713561971093821,0.4933044194738424,0.053044596051452876,0.3457360246921932,0.059475923259101185
0.04,0.3887036089555929,0.0527748238152176,0.39124452959643946,0.069025738714453,0.3912445295964395,0.06902573871445346,0.3748155252409002,0.04074743301779139,0.32944263162459175,0.03822654201331447,0.39089255264147155,0.07632988105777219,0.35613914481242126,0.034095060412917974,0.3329692151259094,0.028321027879085522,0.3391342997622133,0.047202004670870205,0.35467317977788926,0.03214897443762783,0.4090171826914553,0.040384525873325826,0.4122749321792094,0.05262459148847951,0.3305412774258627,0.035526886573801715
0.06,0.3625575717816952,0.044502056615588405,0.4204190214439215,0.024731950360093014,0.42292487038847765,0.026994842744658173,0.38503759530780557,0.03834778322578691,0.37194422970872454,0.03169496683904738,0.40431250694747456,0.04728296624660553,0.34552718075760164,0.02746352220970125,0.3455271807576019,0.027463522209701385,0.34428863164611395,0.027024372415568553,0.3520136577213944,0.023947240941875902,0.4018580800958605,0.018580887643997478,0.4101253329415583,0.045692935956564346,0.3709964134351226,0.034120488763923054
0.08,0.356931715600594,0.0185732767020659,0.41541622980587434,0.024049472954872687,0.4013895155263313,0.014898685565519501,0.37742300314359545,0.040018170229374664,0.3745092215661173,0.03100142796824614,0.3996358312127586,0.033026233892545095,0.35620813130743134,0.012988408758548791,0.35620813130743145,0.01298840875854885,0.3599550768542463,0.013907791911202887,0.3556062814638745,0.017578665098933036,0.3907884694523025,0.01337707110383415,0.41358070322423957,0.030914052102685077,0.39093053322552124,0.024023792980565315
0.1,0.3634459164788585,0.02928152156788116,0.4226601755639534,0.02629015025796109,0.4004188725543646,0.005162492050468064,0.37811590513867466,0.04031838723204323,0.37601090410340693,0.019888235439714557,0.3972601348952973,0.020501702448350888,0.3786537737759281,0.02018828164523979,0.3650755464937021,0.016532182501105195,0.35918792378541686,0.007943459409815713,0.3684071307097506,0.007517351911446144,0.3799313342702051,0.01976421976276803,0.40739111686152374,0.015324618379654362,0.40851287046142026,0.014411643390031315
0.12,0.3672467044832583,0.01845657372930812,0.414276175896658,0.010044497486118397,0.4126120126636097,0.009903609135318597,0.3807082774275141,0.025993467796670534,0.38682917625077196,0.009925010029419163,0.3978264198173767,0.01892505742076543,0.3784006474645904,0.00420126624485874,0.36398487109459843,0.00882622516573219,0.36180716432119575,0.013581802251100082,0.36735535497013916,0.0032774092927910945,0.39026315288763336,0.0125283763252073,0.40857542297842736,0.026292167661612534,0.40416442199139563,0.02383159877113677
0.14,0.3648722752856789,0.012478070421678096,0.4138333507488486,0.012267686865737903,0.4128949172399308,0.008717065212809292,0.3834172240513436,0.01585457284384793,0.39005547477667707,0.0131630654004425,0.39945854464993474,0.013503171702871242,0.38646911801880623,0.01093207007598011,0.37736079332655603,0.016461825318397957,0.3674628795193759,0.005463473139035131,0.36045953160003824,0.00648879368899638,0.3913127774825996,0.02149233409696405,0.41450428338656176,0.020614747137900097,0.40343840032215106,0.032601010062369366
0.16,0.36597095006186886,0.010046940145191292,0.4240033954053578,0.01169495490468371,0.4215589259853404,0.013465950433430532,0.3825318094853951,0.01479727022598815,0.3777887978997299,0.014541138787051686,0.4051359145660703,0.018373685015334686,0.3960258343141471,0.005867207112585217,0.3825786959687705,0.006576164605066621,0.3739622488723777,0.011925780693820586,0.36366218274843143,0.01378483117258788,0.40213598473955475,0.016516390252599815,0.41641376853633216,0.020470092073752055,0.41301714507259923,0.03493794828790343
0.18,0.36605565516440874,0.008079752136112464,0.4319784124712108,0.011165247736176317,0.4253180217750806,0.012255758161131317,0.38130202398654356,0.020831569373524133,0.3785958899131411,0.008519661047235205,0.40623286447081275,0.015400624107081885,0.3995779755751354,0.00862778872451514,0.3844842034624138,0.011449725461805513,0.3748640794273542,0.02111317462118515,0.3684271762210126,0.010364757592719162,0.3983389413033466,0.016008747161969074,0.4154166807281015,0.019505000981786272,0.40791758544170803,0.029727775999315368
0.2,0.36507329425180735,0.009956615585062849,0.4347187801911233,0.01014644557228251,0.42377842024293977,0.014954731687247575,0.3861168077187789,0.01819921800368487,0.3768960343079451,0.006703478998949459,0.41186773939977434,0.018132259505288677,0.4031504971838051,0.012467304649092112,0.3926251213086204,0.00853218052263786,0.3799202618408285,0.02255184621860206,0.3717667327455684,0.014533834724879902,0.40652371919176306,0.015414558902414723,0.4156785447233223,0.012901960716918551,0.4083597872537389,0.03043763529585668
0.22,0.36285927138416607,0.008359965298989028,0.43820422803133,0.013048712994856415,0.429128286594549,0.012084082489413471,0.38506620520267587,0.018897384537989947,0.37868774420268003,0.010241375601956938,0.41836243373621645,0.021941412608681304,0.4066529258348456,0.005184187553955011,0.39810219341688324,0.010899823440231665,0.3905837571376932,0.018088075235941796,0.3779592959130428,0.015651944257039363,0.4070025673528695,0.02118823271845041,0.41915286124690276,0.014838868486429558,0.4109099612928236,0.023708297453312887
0.24,0.36357332964476363,0.004617007859224707,0.4333393977349847,0.018679513396503308,0.4259890943175141,0.016272815564112576,0.3854918856932333,0.01800776898346954,0.3765490895574977,0.009317101570593267,0.4234299119689422,0.022448293493585146,0.4086183899847666,0.007628956821101864,0.4007328402608867,0.012084248936597784,0.39600263799210816,0.012749787911995686,0.3812052609278654,0.016552253754633386,0.4055445076720341,0.024291643861786935,0.41531863833482596,0.009989572248058062,0.4007514347160238,0.02767815499397239
0.26,0.3677397576725833,0.011914033565239266,0.43395591111021775,0.020360638474800047,0.4297451426142511,0.01698282593385222,0.3890087762603615,0.010784410658505434,0.3787842745242882,0.011349712058426577,0.41377757096247514,0.024002253373656048,0.40569203827222183,0.010312643955216702,0.3993576991696293,0.008002920823739743,0.3983291111201308,0.01327861293613606,0.38906399939971537,0.016762061941739136,0.40258054166921875,0.023251753155464915,0.41289576684393975,0.009444640175840397,0.39926925231230176,0.01853492242388144
0.28,0.373036263247444,0.010597668649629346,0.4297615471367171,0.01840006703398951,0.42650451317704197,0.012190710695141336,0.3914650573563203,0.00989268326120783,0.37819353341154294,0.009333346438430751,0.4173652679397152,0.023250898482583646,0.4102150177703016,0.00808243764715739,0.40341006256302736,0.004916822415863472,0.39934195011210966,0.0118245267211883,0.3925955533544688,0.010570498898608886,0.40425843196782024,0.02113923066818452,0.4063545709990584,0.010314150744706974,0.3997853876436266,0.014463059292257097
0.3,0.3747487399627585,0.009525024011716609,0.42492291613643823,0.012696484238651695,0.42516610291270607,0.014399011900246521,0.3919017325239643,0.01054661556484143,0.3822403374204273,0.007765984024277931,0.4150625115749088,0.021914411726956233,0.41327254859628687,0.011505261231015498,0.40764747127325723,0.009432768549581649,0.4043375171317184,0.010208636372632586,0.4007015517690812,0.009925771236317566,0.40604420769627286,0.01690160359477301,0.40860413618740676,0.010737979123499558,0.4005673088984346,0.0127194151688329
0.32,0.3771087624787566,0.011686035880028204,0.41910905837051265,0.011656091679492326,0.4195288970543115,0.012036190683046784,0.39119418575990333,0.0069858198830551445,0.38376508174427026,0.005264908897395365,0.4135164737296183,0.01905845170067429,0.4166401605647327,0.008838036756952283,0.4088666397944206,0.007385385269827665,0.40602479342612974,0.005984644541531288,0.40571901518482995,0.007138061041078035,0.4012219642271859,0.01745002598931521,0.4094136493212305,0.01262212995595517,0.3983711272576305,0.010001979918195764
0.34,0.38171110770479144,0.009437784878646887,0.42409546410593374,0.010865572871397012,0.42271518114737067,0.012017904906391612,0.39259136856088406,0.008781472841514933,0.3835901858434353,0.004648743492989884,0.4182889181434402,0.021124369466893056,0.4223098047558621,0.005291668710613498,0.41155596842700504,0.003836622361878366,0.4087789217068487,0.009476370843401445,0.40584305488300965,0.005185002868767414,0.40262671235238273,0.015841826155920464,0.40819440157189635,0.012229672419674835,0.3977025279399552,0.008497197573667915
0.36,0.37959890015971515,0.00914919213701814,0.42285853804167517,0.013185254191827363,0.4270103067571486,0.009006453356369995,0.39347105841383334,0.006301581007767492,0.38548564031333576,0.003368741303253989,0.4174960161789321,0.01916033205831416,0.4217171504993429,0.007036066046289738,0.41650552906791316,0.0017146071355125712,0.41028818806502937,0.008465592860411666,0.41058837002033677,0.0042137259972912944,0.4018145984087358,0.014981872407972304,0.40617956717695924,0.014056927045531464,0.40332322385314245,0.007828809449628051
0.38,0.38409116047268643,0.011721104237974664,0.42428322816346054,0.010625722174608646,0.4289432658751287,0.0076988421674383,0.39638461101081807,0.008418816245324416,0.38737501633125593,0.0032409664843057145,0.4195932463942852,0.018695585880230833,0.4173465843535537,0.005939493795428941,0.4172890578915671,0.005450832133589653,0.41066109270340456,0.0027183796914134442,0.4060447217954457,0.004692842016418373,0.40325196092065824,0.01078470771639775,0.40805508456507167,0.014636688077683622,0.40784671767629743,0.007413460152451568
0.4,0.38985744305604925,0.011226524183665414,0.42276509443635535,0.014105574038390823,0.4296976263362858,0.007001030080478665,0.40322067578976944,0.006714456072541681,0.38797658578441924,0.00221814287224885,0.4217800002824167,0.016070764804037525,0.4220179652983726,0.006593772705431949,0.4162592693619465,0.006156011345745012,0.41390788532078815,0.005096094359682758,0.4096063585261241,0.004978536222970489,0.4029323320685375,0.008786989853931082,0.4107198827557416,0.013418550284602976,0.40580195300406785,0.007070204064578951
0.42,0.3905914036942849,0.008106846633061252,0.4254888840377851,0.01232377454575071,0.4332308498505887,0.004961131456419559,0.4013555433028151,0.003110535647097926,0.39133841942130815,0.0026507969671817327,0.42303271007387555,0.016404277394468956,0.41849464965045796,0.007794383256634575,0.41495882241395843,0.008634116661475972,0.4168809488967909,0.004843454327593458,0.4112222820352572,0.003726329501280965,0.4043066204518393,0.007638041747895607,0.412571903703304,0.013301400881948165,0.41000820276964633,0.00661583054730732
0.44,0.39056514534387987,0.01083114896675519,0.4272013790892208,0.009736498473543848,0.43147401957396847,0.008330976805771783,0.4048025686679345,0.003518799892067077,0.39266871904632045,0.0020038729758500786,0.4244663182581686,0.01673302569970625,0.42056925287695357,0.0061716403263714775,0.417568076162649,0.006005245911307068,0.41544223715852463,0.004651649935149605,0.41216192439753807,0.003358067015816865,0.40596054032648726,0.010700267523106731,0.41412443879286237,0.012266688058152219,0.4091547795134156,0.005611353597346977
0.46,0.3932573792645892,0.013009894385473243,0.4283428406763819,0.007990683791052852,0.4306653366101485,0.008542168784425012,0.4046934660784596,0.0017779662044799035,0.3957516912934515,0.002617133746050503,0.42604700495115816,0.015267273543028169,0.4204599592002245,0.004453366349294569,0.4189447098224879,0.005935067171677248,0.41891914994030355,0.005457388134395524,0.41336695630293135,0.004434267106092142,0.4045979512839587,0.010132148240091381,0.41196307738781723,0.009010926468094056,0.4126057896975694,0.007129214242510241
0.48,0.3970184967494034,0.0118593404576319,0.42939007234761833,0.010354870753166854,0.43299485772434787,0.009402185595725303,0.4065170908065915,0.003293617592478283,0.39792894165223014,0.0020270941738834993,0.42566232793530173,0.01604994899324441,0.41767633952124905,0.0017649316051515048,0.41779056667907666,0.0020961146937108297,0.4170074096977061,0.003108429262036093,0.4149062477518205,0.00209907977672008,0.40520712315565094,0.005138966503397825,0.41261597498155983,0.008276865251579205,0.4141383478566011,0.007222957471578407
0.5,0.3978581242767452,0.0118379116544341,0.4280776103849578,0.009147754181774466,0.43084925490527437,0.010255084468579648,0.40613001369516394,0.0050984985614503636,0.3979071553072714,0.0017663358946896127,0.42333471879682794,0.009486208201519014,0.4194187650617952,0.0020034344743803693,0.41921972972547455,0.0017158195277933587,0.41780936348253916,0.0030953319357806507,0.41394448414699764,0.004661883870753537,0.4092977162797746,0.006198734494444773,0.41400322821911256,0.0065039647312139705,0.416472081868641,0.00828346574235897
0.52,0.3995976928311561,0.01038661364545438,0.4299670059603871,0.008411446268735821,0.43237869544085045,0.010290712130879752,0.4083538121117118,0.004742801278314109,0.398066293454988,0.003074653711528969,0.42408616925559006,0.011168482193677118,0.4219086386469197,0.0036646039281685193,0.42037661850330293,0.00562057180932805,0.4193208381823105,0.004815304311851591,0.41611697571257655,0.004437144552856266,0.41077009059799097,0.009076273475304786,0.4152448065037263,0.006819165082891578,0.4178447374570857,0.0068332985195842895
0.54,0.39945679383711247,0.008518123102001346,0.4281730139504229,0.007079885199030923,0.4319090928468948,0.007895051147766622,0.4084989148300495,0.005123197518790851,0.40097671514538524,0.0015986149120807926,0.42529228888612336,0.009034527474967594,0.42439569521802234,0.004008240616648831,0.42182650889964546,0.004750428948664635,0.4212896775222123,0.004345375006433546,0.4187114656609876,0.0025889695457944326,0.4126192179043192,0.007625751199949738,0.413168340341443,0.004908065253073543,0.41654541542502477,0.006329620957582166
0.56,0.39918376480044404,0.009412027410579555,0.42813330752846146,0.007941015494079787,0.43334498170565794,0.01000002134201881,0.40837573854190007,0.005251586573843099,0.40079386908140546,0.0029566837995200356,0.42346036097504136,0.01110329850213044,0.42459594287753566,0.0044243923050004625,0.42102989201152885,0.007345377245150263,0.42109483229325845,0.0025752081513775765,0.4191560253064458,0.0056111465957943375,0.4087520832040773,0.00898852765265028,0.41429345672950685,0.004047022396206042,0.4161553553794168,0.008229157937738724
0.58,0.39913717555489225,0.009332449612607374,0.4276714446145003,0.008141845324011547,0.4327868023572632,0.008179883378477155,0.4106731943146786,0.0072537887910296,0.4006056596958634,0.003076288200926027,0.4221842462246037,0.010863914601428975,0.4241609361177113,0.008043123765571652,0.42380537191042267,0.007555568557943249,0.4203983779113848,0.003199051984902557,0.4169847810275114,0.0031357644146567812,0.41002679162194344,0.007957285005281157,0.4147203896766818,0.0056150881050627734,0.41581593492592306,0.004879229967258692
0.6,0.40061441400487663,0.008813334321991355,0.42816328138877824,0.010636505289062492,0.4289613101974579,0.007489853243709943,0.4110810572219613,0.005909858953074297,0.4019398980201444,0.0031826231193685115,0.4204445010285216,0.007227163992212473,0.4247437290901834,0.008259401639008427,0.4255968330969143,0.007801992468233506,0.4205201775601689,0.0024676388911128717,0.41660148794177626,0.0026569393281510767,0.40887441689670734,0.007316263700365658,0.4175352724482116,0.005893821890491602,0.4157968064465484,0.0032378512326117345
0.62,0.4000745376805652,0.007528665188464052,0.4272609752774159,0.009401933346311024,0.4297131943009147,0.007559695313197707,0.41229598020908703,0.006553980722910777,0.4014516900348079,0.003940100981682268,0.4225776847268145,0.007200613109963417,0.42468571683930173,0.005733785703401579,0.4256467245083941,0.008776515313558995,0.42288037343566953,0.0039019613091311836,0.41521403087756614,0.004107441198890436,0.4106371108932362,0.0065376718769409896,0.41565556661107,0.004979450874031339,0.4169241344468073,0.0035105345490735
0.64,0.3995051412933352,0.006317225003389989,0.4279284853771061,0.009728301022884377,0.4304417195285526,0.007902767602907248,0.4120963819655845,0.004625135968776695,0.40291736628885433,0.004813220234246322,0.4216622959927365,0.005251456835805294,0.42597684881411657,0.006152864602632452,0.42498388192493636,0.006633719047299147,0.4217266738225542,0.0021569256889644975,0.41601216408346964,0.0017337207065137032,0.41050404393617446,0.005067833060095023,0.41461452142046434,0.004712475924294257,0.41893780371940914,0.00450872425700438
0.66,0.3996306969711472,0.005886185095943128,0.4275223531861813,0.006647947759514905,0.4295197148014319,0.00976029548474657,0.41374129394250886,0.0026361109241835484,0.40364455072074024,0.0022738795856319513,0.4190481289539147,0.0040984691357338204,0.4256873917642253,0.00500537509042352,0.4256873917642253,0.005005375090423547,0.42232096501858096,0.001935433227510822,0.41683312420119234,0.0005822151816115024,0.41078359425185784,0.005479770013625822,0.4161498556295449,0.004525233793785343,0.41876867451482896,0.005848216656566379
0.68,0.40148988332413194,0.006069604443322556,0.42844374180875466,0.006899876096584116,0.42844374180875466,0.006899876096584142,0.4147888782964252,0.0023467921736865945,0.40307301730588746,0.004594680562143823,0.41770226885693806,0.004175574238300754,0.42458565668799025,0.005871805723209682,0.42549657124135337,0.005194773921424974,0.4235352719529365,0.0027087470769944005,0.41767267851953116,0.0020026588605726705,0.41186161970010476,0.005686571779777516,0.41644324702987956,0.004817284662407935,0.41791726501448845,0.005257915908656652
0.7,0.4047045373738311,0.0044695961777565275,0.4280316710156735,0.007332087741839818,0.4289330796253365,0.006741602078515871,0.41723430549918883,0.002333040292392762,0.404728785708224,0.0053011137456461565,0.4179374092331129,0.005463236834273833,0.42520927025104216,0.004174609156351246,0.42579789357395537,0.004333781207350893,0.42345650493792986,0.0026752869920600936,0.41693717545451353,0.0046220566138511195,0.4108181195937344,0.004346132604838804,0.41552624220137935,0.005069669259443839,0.41767291139499324,0.004387419650627129
0.72,0.40395439567267344,0.003950560437658557,0.42872572260397074,0.006935023889442556,0.4279268209897737,0.007585847312195611,0.4186567701343105,0.0019204283506107232,0.4059305594533159,0.004475561921965527,0.41637121066065463,0.005464336270780071,0.424239250440539,0.005903654573340555,0.42438057271199714,0.005887783661042036,0.42152267157621776,0.0029269651171111685,0.41722162208980196,0.005187082711324098,0.41191193910550605,0.005556216205538662,0.41764339567602476,0.005579557807541743,0.41903940780570104,0.0048124386619211095
0.74,0.40605711850291176,0.003749953486148396,0.4271910388660698,0.007335730508099716,0.4271565955939203,0.0073460787210216935,0.41694674512132346,0.0032205552790785623,0.40576864160768855,0.007019664583675725,0.4153443014795259,0.007162864455118428,0.42363461625835785,0.007103433560981867,0.42256513094133885,0.005410358464176352,0.42220393777050147,0.0018713533085658672,0.4160698256247443,0.0035579773709319817,0.4130946846265857,0.004764412632006454,0.41731515414842024,0.004119278033664721,0.41830629891634274,0.005690188660021337
0.76,0.40674984907715284,0.004050874657493091,0.4250147784333177,0.007114801389405528,0.42464642399379154,0.00603406261814573,0.4180758581098266,0.004380629798960828,0.4067480536060281,0.00804163125960905,0.4158869790679697,0.007125640887521309,0.4228678461421424,0.008324293292179099,0.4211994175805695,0.005842730591006189,0.4224296206352214,0.0028930379149069555,0.41613481768952165,0.0038872595942570694,0.41421016049869525,0.004936528472036894,0.4161812111866422,0.004246260969580265,0.41949416665860845,0.005836829598904202
0.78,0.40847784835419204,0.003460304028072201,0.42448500951359913,0.008195585284750768,0.4242378770357434,0.004915750217705062,0.4186718364128324,0.0036056040956391386,0.4066618668634072,0.009316630384469431,0.4166207725487122,0.006481429981719448,0.4214748101623078,0.007859172575483152,0.4201511521041661,0.005179403010678595,0.4216286752943811,0.0023556113602095897,0.4160886911345606,0.0027247236339685526,0.4142487331283632,0.005051868703581297,0.41493920287876823,0.003539591742931754,0.419238557568124,0.005862350692680309
0.8,0.40905040766592426,0.003995573923376487,0.4238919079385983,0.007700121683805645,0.42365608062299304,0.005863299373876128,0.41827238028785485,0.004188769639974463,0.40885207108628685,0.008421290185829558,0.41578985752008213,0.007528999631540058,0.4204641326935177,0.006906437905390713,0.41887830774187174,0.004812965977559529,0.4216505722520421,0.003299615460658769,0.41597374652299585,0.0024391514500029365,0.41366148202547326,0.004739260187470056,0.41397727005807916,0.003461721262974413,0.4186483664761805,0.00605534210031705
0.82,0.4102564643370199,0.003069818898087836,0.42387624888450426,0.007358043900320342,0.42171806714735105,0.006365284386670766,0.4184683635785471,0.003512748867751989,0.4085669743260081,0.007780381444482637,0.4159939686981175,0.0067536249541728394,0.4190905761259566,0.007409782036446848,0.41893490791750365,0.004513936693769116,0.42068898823405765,0.003937327433982401,0.41538129903198295,0.0029261166306789876,0.414678561073426,0.003850723506783793,0.4139089867894697,0.004740010949135916,0.41878929364525497,0.004997011626557224
0.84,0.4112510555729903,0.001980113577109983,0.4220093571482647,0.0060663925775832715,0.4200017318540939,0.007279471882797276,0.41835175512842626,0.003680485423397632,0.41144469200880907,0.006812069544964468,0.41658782086792967,0.007825465869546114,0.41843386127132864,0.0067465635391640594,0.41824689022263534,0.00565175705102059,0.41875676615315965,0.0031440937453181173,0.4159826770357218,0.0030602106301022905,0.4159387512238727,0.004216339478443712,0.4142488602939902,0.0038680057732710872,0.41981721910573366,0.004624426706629173
0.86,0.41152842484379143,0.0016242842427368713,0.4202919915995319,0.006739294830927551,0.41954914942889626,0.0067636796101847975,0.41967302985393407,0.003738818887920552,0.41182657707694875,0.006422383487615477,0.41881628510469593,0.005587962308638101,0.41786093330379204,0.006680984004468106,0.41740874138130163,0.005839839128637952,0.41799925070944277,0.0019362782080047326,0.4147660083627954,0.004758660889519744,0.41567428399415496,0.0043461694099941025,0.4143260987652187,0.005153787340576614,0.41955842300869417,0.005168422328631758
0.88,0.41372114210801897,0.002464759580404522,0.41918928543754047,0.006543026352864581,0.41867580646763464,0.007075815153261458,0.42064798843081636,0.0026046002361211846,0.4132838556465447,0.00661820742917103,0.41877955469471195,0.00654011084172989,0.4170710223286535,0.006194460672473423,0.41773525685902196,0.005749537142878963,0.4173781816711615,0.0027575835168550445,0.4151689322232345,0.005601243390560725,0.4165620674535446,0.004757310803695944,0.41390586958688347,0.004400207166163415,0.41904358355599725,0.005367132921686921
0.9,0.4135968571427733,0.003484124127467103,0.41815471269142435,0.006237478475038232,0.4181547126914244,0.006237478475038273,0.42100054104671486,0.0023424581207683267,0.41295851770962066,0.005725218832345627,0.4184592899062943,0.00645851550406178,0.41716156021705025,0.0063840374846240965,0.4180407799883768,0.006031496575960237,0.41753739975633875,0.003280317258170219,0.4154452815215032,0.00648603780514985,0.4157691544573769,0.006129583222530095,0.41522769637318446,0.004224863904026316,0.41861607700735304,0.005098553237913601
0.92,0.4151716893497792,0.003062200455572385,0.41723670422601206,0.005743590464916443,0.4172367042260121,0.005743590464916483,0.42032822616771853,0.0030793919511544806,0.41449561686034087,0.0037071418006170594,0.4199615913419825,0.0065701772398853,0.41703731796289634,0.005473549258441559,0.4174222839109555,0.0057521903157063976,0.41691506449473814,0.005040888022485881,0.41536957931672197,0.005767081896722017,0.4169180907431588,0.006544059631415094,0.41681228939903187,0.0045906818278392105,0.41720730355297986,0.004646645051085673
0.94,0.41581542228165635,0.004025871530155999,0.41596926975717363,0.005528851591597398,0.41596926975717363,0.005528851591597412,0.4205037755788291,0.0036772572483286764,0.4151017550353516,0.0023268372330928003,0.41935237788067126,0.006120738093755629,0.4172008203520997,0.005655396506227272,0.41737830816166865,0.005646946337056438,0.4171683589617109,0.005981019693494965,0.41599640625094714,0.005250725645556879,0.4174976388546603,0.00521293516822558,0.41695462608003164,0.005773001389130826,0.417449027396224,0.004282150206377473
0.96,0.41641592938019095,0.004535379676334266,0.41565739407584895,0.005452500893503207,0.4166426529830858,0.005621731923296269,0.41776656322728695,0.0035746340179926128,0.4165349383246045,0.0036157521384849525,0.4190767271770842,0.004490269336071765,0.4166426529830858,0.0056217319232962255,0.41612548013015604,0.0053572838237558465,0.4163961668410717,0.005534558315123594,0.4154317753126636,0.005304404456500094,0.4176606339057338,0.003948250171325462,0.4170007037172183,0.006074521985949333,0.41626896541201885,0.004874451675200839
0.98,0.4163910376878355,0.004428470615236816,0.4165616453370884,0.005063571200308285,0.41678620287168994,0.00456052698257331,0.41726520551488283,0.0032302515930067053,0.41710789127116044,0.0037051661012562262,0.4192620708428142,0.004491294800536003,0.4168455128708331,0.00446587912310783,0.4168455128708331,0.004465879123107833,0.41639103768783553,0.004428470615236774,0.41659019881437426,0.0046899791395248,0.41851214903866796,0.003563446845697105,0.4168754806805087,0.005740049550006756,0.41702362359635714,0.0054595995368846096
1.0,0.41749515385550606,0.004023127364767326,0.41749515385550606,0.004023127364767288,0.417495153855506,0.004023127364767296,0.41749515385550606,0.004023127364767311,0.41749515385550606,0.004023127364767356,0.41749515385550606,0.004023127364767342,0.41749515385550606,0.004023127364767241,0.41749515385550606,0.004023127364767232,0.41749515385550606,0.0040231273647673045,0.41749515385550606,0.004023127364767374,0.41749515385550606,0.004023127364767314,0.41749515385550606,0.00402312736476723,0.41749515385550606,0.004023127364767325
