Coverage,Equally-w. class avg. (Mean Risk),Equally-w. class avg. (Std Dev),Imbalance-w. class avg. (Mean Risk),Imbalance-w. class avg. (Std Dev),Mean (Mean Risk),Mean (Std Dev),Threshold 0.3 (Mean Risk),Threshold 0.3 (Std Dev),Threshold 0.4 (Mean Risk),Threshold 0.4 (Std Dev),Threshold 0.5 (Mean Risk),Threshold 0.5 (Std Dev),Quantile 0.6 (Mean Risk),Quantile 0.6 (Std Dev),Quantile 0.75 (Mean Risk),Quantile 0.75 (Std Dev),Quantile 0.9 (Mean Risk),Quantile 0.9 (Std Dev),Patch 10 (Mean Risk),Patch 10 (Std Dev),Patch 20 (Mean Risk),Patch 20 (Std Dev),Patch 50 (Mean Risk),Patch 50 (Std Dev)
0.0,0.3690510430990859,0.0015614770517031386,0.36905104309908815,0.001561477051702711,0.4003449592346361,0.006817359747663359,0.4284307757168039,0.03874884922260988,0.42534367294616043,0.03898645214348477,0.3979043619140221,0.02837077922501527,0.400344959234636,0.006817359747665182,0.40034495923463764,0.006817359747664073,0.39219537659690606,0.01636069707919499,0.369051043099089,0.0015614770517065665,0.36905104309908765,0.0015614770517062518,0.36905104309908643,0.0015614770517047886
0.02,0.3690510430990859,0.0015614770517031386,0.36905104309908815,0.001561477051702711,0.4003449592346361,0.006817359747663359,0.4284307757168039,0.03874884922260988,0.42534367294616043,0.03898645214348477,0.3979043619140221,0.02837077922501527,0.400344959234636,0.006817359747665182,0.40034495923463764,0.006817359747664073,0.39219537659690606,0.01636069707919499,0.369051043099089,0.0015614770517065665,0.36905104309908765,0.0015614770517062518,0.36905104309908643,0.0015614770517047886
0.04,0.3660063369384887,0.01582769944161496,0.36600633693848983,0.015827699441615013,0.3846980011668608,0.0035893804200217683,0.4160933781679651,0.025289020426968033,0.42167643715457553,0.03031078629435865,0.4062529300999761,0.024550675061197177,0.3846980011668607,0.003589380420022463,0.3846980011668616,0.003589380420022061,0.3846980011668606,0.003589380420022117,0.3888401215329096,0.01886898135484338,0.364348338562629,0.006586454586135156,0.38524685180340607,0.016711623414774533
0.06,0.3729202727214081,0.018138836947010156,0.37902523284459594,0.01848149487625816,0.39574294870939414,0.0037419118837689154,0.42039043383837305,0.03169695017951608,0.41275052039086857,0.028213407003265568,0.40246818235446896,0.023362334867904497,0.3962462871788342,0.0030414142742973614,0.39624628717883476,0.003041414274296729,0.39624628717883414,0.0030414142742970856,0.38476801799136756,0.012991690208923167,0.3672795536197074,0.008478510758450642,0.3954090501075291,0.010950857139382915
0.08,0.3847999344157352,0.004394719296879081,0.38597839808492507,0.006065157353720323,0.4041964841032115,0.004348414859553934,0.4233225984181944,0.03207191303017327,0.4160420419137133,0.02285549537755053,0.3962279018103945,0.020910703700409344,0.40419648410321146,0.0043484148595544165,0.40614748073300105,0.005541603202991183,0.4041964841032114,0.004348414859554452,0.3882534369438884,0.010433383731381723,0.3780746996749845,0.00937820875174634,0.39040809348150984,0.005826297084186088
0.1,0.3952736735279523,0.005048877761384491,0.39176508307969654,0.0043067248730702685,0.4114504852687665,0.004571212072802144,0.4267565348128632,0.02474464915227311,0.41038156989875574,0.012996703923725126,0.3983003027800379,0.01593563050708765,0.41223642663224236,0.005095959429301783,0.41048723283492616,0.004442235524317385,0.41145048526876643,0.004571212072802483,0.39523976201857225,0.011742120698326242,0.3843435192509368,0.00876463466777607,0.3936792752092556,0.007489964549799487
0.12,0.3948533838957964,0.008906652204891487,0.3894348719426151,0.0021763435144128577,0.4146531443519067,0.008573957755462035,0.4244088535732606,0.02616990549033189,0.4104995367526444,0.01732296444957029,0.40484668058683626,0.012459444876718994,0.41032313830229983,0.008257328947988862,0.41056867441614825,0.008662691410279972,0.40966818716607,0.008784764818950819,0.39808010095455726,0.0044035368679551335,0.3886628526976014,0.004263331565035839,0.39149058424544747,0.007328615535912033
0.14,0.39607782582115736,0.0065466015511220004,0.3939301262637933,0.0013395851533301588,0.41348338675101737,0.007515693052053905,0.42222219476053724,0.01870060587562924,0.41188219589008856,0.014636249780249532,0.3996643590630153,0.0050850023062445175,0.4093887913444327,0.0030137528752222217,0.41022909113378614,0.007811141861124851,0.4099293261119882,0.004907374562591277,0.4042932816237087,0.0006679024764967633,0.3891645841284099,0.008800948700540474,0.3927473453023937,0.010677331825641187
0.16,0.395066721444586,0.007427769889842288,0.39630644815770066,0.0005308680439554833,0.4127188364558886,0.0031065253913457884,0.4234135575917635,0.018116286034679963,0.4126911735821149,0.009814306745510122,0.4022233928737411,0.0061564606315287,0.4120787136723958,0.0025050697057311735,0.4110509693560611,0.0032677258359985126,0.4123700718714879,0.0027398448416668035,0.4028095965318594,0.004041144550257647,0.39298759574641084,0.00797202986527545,0.39770358272213446,0.010708412305593325
0.18,0.3975118759779245,0.0043458107559866755,0.39512401097910477,0.0039625819024731454,0.4150555073373105,0.003968685977642914,0.4232378241914144,0.014411821220101362,0.415094724167711,0.010571725200617143,0.40654256002829925,0.006494149500189861,0.4133560120163445,0.002709417242841642,0.4133560120163447,0.002709417242841714,0.41438713886340084,0.0015799492032029844,0.40214886363582336,0.00415823753227948,0.3976849538652403,0.008420317070998296,0.3988430019571697,0.0099503055323748
0.2,0.3978861332621029,0.002632551623120856,0.3956624248389182,0.003039677583466488,0.41711137634410067,0.0027528095623139477,0.4224495834945418,0.014665527128723045,0.4156035933109371,0.007964851844387505,0.4091104975453438,0.007628267701329602,0.41542937865541624,0.004075972582775929,0.4141553270147215,0.002991972953492556,0.4140755221163236,0.00413035071525388,0.4004226500126852,0.002678595903774266,0.39940823578969276,0.007659164200571006,0.4018011380388421,0.008865765280523245
0.22,0.40014277547565225,0.003722843551794712,0.3952474626391901,0.005591359230416735,0.41804831088586536,0.0035304643004733147,0.4216535599422354,0.014611683880513033,0.4169130684576228,0.007948055250941997,0.4074479023691858,0.005297195092261698,0.41679036461791097,0.003374102263348914,0.41617898278684184,0.004151030943710247,0.4131385112466166,0.004357949435855772,0.4025475754951643,0.0042452261103837685,0.4006104238406659,0.004070254354743715,0.4024639386372464,0.007583064276876317
0.24,0.40012451245669445,0.0018942170629181714,0.39728837020008717,0.0034125692222563508,0.4189455792866495,0.0031931076063074293,0.41915365352127737,0.014333348623822784,0.4179931629518757,0.008899258206088315,0.4077177807828226,0.0065615919758301765,0.4156610301314228,0.002129546617294948,0.41495281394663147,0.00307539564211316,0.41464222253249056,0.004856842409315822,0.40224389355800483,0.005371750583236281,0.4024701087627005,0.004979389731324218,0.40544529399556617,0.007323157322624105
0.26,0.40286861141898733,0.0027903406777850773,0.3969915616367594,0.0018428242166020309,0.42007616944208964,0.0020022593366992203,0.4180259917310231,0.012477964397331847,0.4197270123730254,0.009325913661662041,0.40773773004476077,0.00590207124684442,0.41657757279691093,0.0028364445964834464,0.41163233243789676,0.0018352856589196182,0.4114134073755854,0.0033533094934074963,0.40469395572357925,0.0037189567560768255,0.40463105429406565,0.004005925205775003,0.40619264421650175,0.006544032048101029
0.28,0.4038623805144759,0.0007263908974289606,0.39754844386159915,0.0029451408032969786,0.41879821469150025,0.004227278812432067,0.4180010012230016,0.011645676660581047,0.4161567303419299,0.007777906427245781,0.41059843774714494,0.005183095349195723,0.41277117189110185,0.002990362732621874,0.4119938861869043,0.0027385754855302137,0.4109047357545992,0.0028878622204744227,0.40364685099399844,0.003089151216176415,0.40286020108207,0.0027237269900471455,0.4065672906875023,0.005293257283153833
0.3,0.40419498047466446,0.0021609237105824973,0.39829391919987145,0.0030150923388188927,0.41670343374794944,0.002430115386837634,0.4153350030694445,0.009090749662542136,0.41612446200856457,0.00760062957131441,0.41183924307079955,0.004635470807897609,0.41223393323469193,0.004953772680058107,0.4110457082256926,0.005052191013184293,0.4123925184694674,0.0018880434185863922,0.4040552105886911,0.001848266652573968,0.40534428345713747,0.0027957178524680875,0.4067267189062176,0.004330672924156251
0.32,0.40555405577782877,0.0019399447125146667,0.3993551554244551,0.004039782783243772,0.41546856502889906,0.001985124152640798,0.4147931775735739,0.006062713690435468,0.41570779768852817,0.007555752804357914,0.41226980678622716,0.004692809731736832,0.41244335628604467,0.00446871805138751,0.4112938306722223,0.0038812102617773537,0.41157269449486567,0.0034132984927108478,0.40582437060169235,0.003511651470427213,0.4061434617365297,0.004196838545500855,0.40734399287136397,0.00300603972220232
0.34,0.4068701045107444,0.0007830625133996051,0.3995064684189401,0.004278528736710069,0.41619032831622405,0.0009442440563052354,0.41498066287068697,0.00684890935798868,0.41643449279530237,0.008494759140445292,0.41068622779035785,0.006023290371716158,0.4137980185871282,0.003832267485220959,0.4098581620783684,0.0053404768789142906,0.41079582743239296,0.0018394173548734866,0.4067244202643392,0.004209256763343809,0.4069420803349436,0.0030928338804416845,0.40922560504446687,0.0031648172175823596
0.36,0.4088935760601504,0.0006123081207514457,0.4014005456451013,0.004007669123188034,0.41537491146833955,0.0033765719764972646,0.4141175964116601,0.0052902311076449505,0.4172752512445494,0.008982001799410447,0.41165119526190674,0.006429867016326653,0.4118088328050382,0.0030824508277317053,0.41071989016880256,0.0047307955511534,0.411799666982448,0.003095192425620796,0.40682384009788963,0.004207625965290894,0.4057199524242141,0.0025946737181548273,0.41074964929227,0.0034494435809235774
0.38,0.40822056098542664,0.0024947081637172255,0.4026627158769338,0.0025036355893215683,0.41516134418860356,0.0030467343985434705,0.4147734935957211,0.006661002626454856,0.4194709745651941,0.008884422992493568,0.41077913587849724,0.006842909617127732,0.41325208491349863,0.0053030579539280484,0.41324340150262384,0.005315832113678436,0.41324340150262384,0.00531583211367845,0.4074575622260446,0.005931895208391678,0.406924380206078,0.002522437411281606,0.4117118652491544,0.004771536227543602
0.4,0.4086914187667341,0.0024795827141061086,0.40261328806547964,0.0029155877358377456,0.41408421568676085,0.005069470317853667,0.416476669423224,0.006517815719580844,0.42012523560151704,0.006409770891249461,0.411118694918963,0.008499086459541639,0.4130113757370572,0.006201478368965471,0.4130113757370573,0.006201478368965443,0.41389477699355165,0.005814911157786802,0.40768234414938626,0.005703233471864733,0.4073530514722715,0.004515502088389571,0.4109712300191468,0.005518645293897986
0.42,0.4089824161552667,0.0025925942249023846,0.40438156909446754,0.0023287406986676807,0.414944830223366,0.004214171923745453,0.4174919003168194,0.006515426476946419,0.42073021786659887,0.006306663204731308,0.4127290129393747,0.00778033777034096,0.4118862463942639,0.004879357738181167,0.411886246394264,0.004879357738181151,0.41330815217890077,0.0056543993954218,0.4091270639864348,0.004888270661434197,0.40786327608685213,0.004759703719699718,0.4115367967679143,0.005103929514597065
0.44,0.40941871600842217,0.003487498100447164,0.4048519340552427,0.0026174696608901996,0.41406725574028747,0.004233647889115336,0.41642983191312893,0.008099374031231003,0.4203588798237864,0.007678689590241329,0.41106259162857967,0.007535108520710295,0.4130919466951024,0.004901861290295603,0.4122130889213568,0.004204909359900153,0.41327531151664876,0.005009978179423221,0.41040338828286327,0.0056177458185405664,0.40755327123194796,0.00483645148431014,0.4118219501803665,0.004098430779195895
0.46,0.41133656511324995,0.003031664930454291,0.4057864369895959,0.0021831233448180677,0.4151592014936705,0.004273006716156713,0.414826805415024,0.008175623583162591,0.41835766535169583,0.0069495477817300665,0.4131873323702232,0.006580368225382562,0.41377777944987276,0.00489109941392824,0.41200895318814434,0.0045411469384865335,0.4120655139786773,0.005106211217031955,0.41098414470606437,0.005996572976688711,0.4081344047527322,0.0051805661777928735,0.4123093537504153,0.0031357681728938556
0.48,0.4109296938812373,0.003685205241893066,0.4077581246830329,0.0018858300144570376,0.41558275009838047,0.004181019770192278,0.4158211899812923,0.009222126887682956,0.41704122686359063,0.007499286539662619,0.41433858296027803,0.0059760158667566815,0.4125978191764835,0.00536403420277688,0.4119694679966038,0.005023378118763176,0.4128379101685481,0.0058788916781627966,0.4120797181182616,0.006305574380426832,0.4098220681249772,0.005090619196635378,0.41395066089135635,0.0019189451018797466
0.5,0.4107371780223148,0.003729295159154626,0.4089010830715211,0.001801183089329532,0.4151450536825565,0.003930933646853707,0.41657405063411124,0.008893169242375555,0.4161031634230548,0.00685273889606368,0.4152162548354631,0.005700631317048253,0.41206478600586693,0.0054050795592469,0.4110450222270792,0.0044119388479889644,0.4124844729527374,0.0043194774665228875,0.412886459035878,0.006017460557121127,0.4099239274182648,0.005200626178097896,0.4146167350609933,0.0025357496808031126
0.52,0.41135608912205956,0.0033917753089088907,0.4093688881400871,0.002291552164366527,0.41512963583499396,0.0019105741396498884,0.4180988302699469,0.008002225338233283,0.41664797385049046,0.00579612445210085,0.41595294193474797,0.005231393426082977,0.4119480179622039,0.003699759543080187,0.412201268570197,0.003611153741585912,0.41259595494992457,0.00357475731631373,0.4139527471688187,0.00616533376925577,0.4110637159517715,0.006133491908266876,0.4152441942296714,0.0033951379032283757
0.54,0.411027846340522,0.002520941255101994,0.4091836157284022,0.0020401801794976593,0.4150411266940646,0.002687828174302166,0.4186638486397583,0.0076069276516148405,0.41790399003802464,0.005797035851830634,0.41615694913129125,0.005538449321019509,0.41301062872754335,0.002492851647364791,0.41301062872754346,0.002492851647364815,0.41278277202421104,0.002561324984153186,0.41421686760634036,0.007175127411134381,0.41244744126087984,0.006332454027059738,0.4163820159655396,0.0036868584356366885
0.56,0.41282613994512773,0.002851504752940244,0.4108240636839204,0.0021357884560249075,0.41604992702927174,0.004083405567489791,0.41758142839189893,0.0066966646117848205,0.41878834826085276,0.006018689871636303,0.4177753008130557,0.005326135657485197,0.4151447975362641,0.002937281190279371,0.4151447975362641,0.002937281190279386,0.4141217340904789,0.0037526995792294708,0.415366392458083,0.006525847334053673,0.41243317607840624,0.005369094518198412,0.4177114945832197,0.0034355307985515196
0.58,0.413873684453755,0.0016774235404555236,0.41210759041314826,0.002266809060899089,0.4166970819493395,0.0037757024540906684,0.41838646587904055,0.006194710896425265,0.41957785422566046,0.005748874579612393,0.4181813413078148,0.005975944217665395,0.4157762200609351,0.003946828641787836,0.4157762200609352,0.00394682864178785,0.4146646672815095,0.003637301347400887,0.4156845606927956,0.005396112861180171,0.41265910214703516,0.004823524894253435,0.41819400744817636,0.004638823286324229
0.6,0.4137609364021897,0.001734030658062185,0.41285167292513897,0.0015686334785788212,0.4161837088370619,0.003838279019889288,0.41831724517552915,0.006260651791500634,0.4193850144372234,0.005355309895648513,0.4185019722597796,0.005711421985454648,0.41618370883706196,0.003838279019889275,0.416183708837062,0.003838279019889293,0.41618370883706196,0.003838279019889266,0.41634431663155647,0.004678914127262174,0.4134200903604844,0.004075669039341001,0.4185169233429171,0.004940661400416676
0.62,0.4151760749298162,0.0018888504839394862,0.41359739883372654,0.0028851941896898777,0.4177725618808935,0.004205529449443773,0.41861397161935543,0.00473091054495691,0.4202533898638338,0.006059606305731034,0.41785993605828986,0.004402578240248111,0.41777256188089346,0.00420552944944377,0.41828553517134454,0.004174461712121162,0.41723769431714486,0.004042616373764236,0.4165091973507073,0.004694855576993131,0.4129971154318606,0.006013791994477857,0.4188752059873937,0.0044434810390149146
0.64,0.4152574244706477,0.002721766411040015,0.414237824038506,0.003115223512171176,0.4197024141459588,0.004124378542969961,0.41841709291711116,0.0039025253588818665,0.4210610291548724,0.004768735704394653,0.41922039481546075,0.0038962477998088036,0.41970241414595877,0.004124378542969954,0.4197024141459589,0.004124378542969969,0.4192409015322284,0.004242651394468503,0.4164478818916551,0.005053648509302054,0.41478984619953063,0.00640233874641247,0.42008813718955756,0.004336353763841695
0.66,0.4165315186759443,0.0030610375657193632,0.4147798942921235,0.003527653675704395,0.42009762733587785,0.003208540448318951,0.4189852241720504,0.003668742058690189,0.42112951516640623,0.0046757158529019795,0.4194682187219323,0.004152784894916535,0.41941477667726,0.004025509556997921,0.41962371375338003,0.004059316015186177,0.4189672492942488,0.004062099874758543,0.41727548664905406,0.00541697683510762,0.4143364372910498,0.0057695236336811635,0.4195621187232466,0.003297462607954683
0.68,0.41845909150131744,0.0029584546846655384,0.41555543496101943,0.0036920229105773883,0.4214113858070079,0.0030846120771114596,0.4201058451524091,0.003384387238377,0.4214460317083809,0.003714710596071349,0.41980377732267876,0.0038698310159713096,0.41893262252431346,0.004331414102582709,0.41885797940899494,0.004321999215019847,0.41832292210030064,0.003942592684305039,0.4169925710238356,0.0036852917046320565,0.41478897744310994,0.005826340266796415,0.4208576913618281,0.0037155268547737754
0.7,0.4190983000291711,0.002282644130645504,0.41672624257349694,0.0034345496608631553,0.4216348192186406,0.003910695819990427,0.42096716979509274,0.0034588075706438477,0.42191355416297666,0.00316312194257837,0.41965444362862747,0.0029794526724848383,0.41937707015509357,0.0031583656180141422,0.41911228692515845,0.003122151782330712,0.4192513305424629,0.003132860766558546,0.41707652953829466,0.0036553481678475324,0.41596615730974795,0.005474618262503667,0.42065774001968903,0.004742631580855546
0.72,0.41890001780796776,0.0017882384836261842,0.4173074536239604,0.0031677345632318654,0.4224921348142595,0.004063216122392129,0.4205677914936069,0.003399877107358042,0.42183504286173557,0.003625114614288462,0.41925286198558487,0.0030208727093604002,0.4209315562483138,0.0029950183678687254,0.4205850691205376,0.0030076163502402086,0.42038364903387937,0.0034563625954199197,0.41774455978243197,0.004180460701046008,0.41673703226221237,0.004610715500267633,0.42038526312124136,0.004983535264458863
0.74,0.4197423207667569,0.002300147665978115,0.4189778033333158,0.0029291450710689886,0.4227516024473421,0.004123624816210276,0.4210445253237556,0.002837423922312192,0.4220861612174203,0.0033376165722422955,0.4197340672953412,0.0028505968276773307,0.42218675633186226,0.0033946921388424735,0.42155671807153183,0.00340517359383669,0.42167535087903246,0.0031591301271878965,0.41763893306237265,0.005088078122368278,0.417012632814502,0.005008133646221553,0.42071756198364285,0.004065000657965509
0.76,0.4204314462851291,0.0019878111613578216,0.41951735710282045,0.0027357352288374364,0.42309887065512397,0.0038461544193136945,0.4210388355032212,0.002636415883198544,0.4221274399176308,0.0033631214810356668,0.42072935510612497,0.003081565966543476,0.4226115161246072,0.003972032503809181,0.42235831644055905,0.0037772495706341032,0.4214515693058696,0.002968589786649207,0.4179021058221907,0.004829375107520122,0.41789406310646754,0.004693659185942443,0.42089234458742275,0.003269055470266418
0.78,0.4218913957197462,0.002494643387121693,0.42068025216020705,0.0030341648026635526,0.42315071027709084,0.0037253345611077374,0.42176380799008256,0.00301053740972847,0.423337305967117,0.0038251988946490178,0.4218850024834154,0.0034337091302183743,0.4233353341448606,0.0034628649758692257,0.4232719364802122,0.003396650432091065,0.42222774591181966,0.003699314350737704,0.41806467197204245,0.004212463738105197,0.4184199263883187,0.003437369352754071,0.42016971040979534,0.0030731053999624044
0.8,0.4233824459230534,0.0025818093061138214,0.42191620151613946,0.003619422370786907,0.4236954608265803,0.003262708691474242,0.421707772932611,0.003014672776826599,0.4236807878415356,0.003613190636045036,0.420953811743303,0.0032149579235967066,0.42344464387445957,0.00339871923978092,0.42344464387445957,0.0033987192397809114,0.42299242415470206,0.004002290871771337,0.41746934008542746,0.0045109129406960095,0.418051176945182,0.002919860051317524,0.4206643144384355,0.003759804006556693
0.82,0.4233471277754843,0.00275810243032454,0.42276954367917524,0.0033964239670736703,0.4237598602647288,0.003368714573077357,0.4224419585694168,0.0035656510203355236,0.4233547826912323,0.0036959057057074233,0.4217684607788633,0.0035568144532590286,0.4241139900575135,0.004103029242384601,0.4243654422617963,0.003774850231758477,0.4225687566252942,0.0036859311989239207,0.4178088326237345,0.004173046509561004,0.4187160292920189,0.002237582368562207,0.42076968776572166,0.003978545517726607
0.84,0.42336751294378894,0.0028971702552276417,0.4235858994297811,0.002891899229295108,0.4239219040087316,0.004012840959157071,0.42283900204938507,0.00390789161239784,0.4233966712430005,0.0032985646804334894,0.42232342865373995,0.003437201842479137,0.4241781353122761,0.004308528689432426,0.4241781353122761,0.004308528689432416,0.42325054787052935,0.00389772239877755,0.4180069311179492,0.003878134514945423,0.4188619062022935,0.003081221220995091,0.4219585722558394,0.0044210554406763965
0.86,0.42429751400638327,0.002923459302249477,0.42412208962410924,0.0023245469312258996,0.4241243444835553,0.003927309180829321,0.4234051700655662,0.004425706674852101,0.4224913792646053,0.0037103813716360687,0.422811616386911,0.0032667769154893374,0.423569922898729,0.004279573870395683,0.42356992289872913,0.00427957387039566,0.42359319908099324,0.0038676461051264407,0.41842095892582903,0.0036453703471655045,0.4197044982243547,0.0033002570551172567,0.4212683269149652,0.004872240372556006
0.88,0.42522516437606567,0.0032656358638287752,0.4238926523568187,0.0027675057195846835,0.42433941274623893,0.0040176336928531885,0.4238179706051007,0.0047940776638972045,0.4228328269475034,0.0030501388090414198,0.4232242288790047,0.0036123779060314282,0.424130952918701,0.004135125985096669,0.423739086828784,0.003912407613122934,0.42340572556205996,0.004137553686835551,0.41923377239643733,0.003613198979248318,0.4204863812768067,0.003453881941847641,0.42057370113661635,0.003805319987826255
0.9,0.4254853886530366,0.0038729330847366906,0.42417519177575325,0.0032206133651703057,0.42314577520040614,0.0038572306343807004,0.42349931353081277,0.0038558660681239586,0.42348369589555873,0.0030318781525986893,0.42324978505395244,0.004177681781482406,0.42282468006688967,0.004030496765367088,0.4229209279825968,0.004137834969116853,0.42282468006688967,0.004030496765367088,0.42039576639548454,0.0034758654307431515,0.42094797391898164,0.0034552074181331475,0.42132131264841144,0.003655595538289889
0.92,0.42519278063064136,0.004602882070233439,0.42354247730082695,0.003702948431387636,0.4236593906633811,0.004004144959156435,0.4235270658820329,0.0032716087556456603,0.42427023852906554,0.0029555289095985144,0.4230847198748064,0.0037194836835894923,0.4219789963912698,0.0037706027982964923,0.4219789963912698,0.003770602798296496,0.4217411146575992,0.0037368440112386203,0.42115152229011454,0.0031320285756357515,0.4218994743992896,0.0037241449178079507,0.4217477286404787,0.003741005300162505
0.94,0.4258224763537338,0.0046916584043782,0.42407802696386165,0.0038619971125695013,0.4228963240939845,0.004335212300398485,0.42339553696319737,0.003049755436848674,0.4232375915433325,0.00391696858960295,0.42355495514383085,0.003601383975266019,0.42250650894671615,0.0038478353255084453,0.42250650894671615,0.0038478353255084396,0.4230333319078059,0.003762139706453992,0.42213031341937857,0.002862020425973172,0.4226521960709433,0.004094083332427052,0.4225070072281627,0.0036805839100259984
0.96,0.42525381783829064,0.0043523685612917515,0.424660191983408,0.0039817151012834055,0.4228094480805136,0.003770405340915156,0.42408915595084795,0.003315849475007144,0.4236250285393301,0.004457409434448269,0.42323032113687314,0.004427868847606072,0.4228094480805135,0.003770405340915164,0.4228094480805136,0.003770405340915154,0.4228094480805135,0.003770405340915164,0.4226682733622743,0.003069392137276106,0.42287392459268563,0.0038369257415291325,0.4226906902893505,0.003729774524161234
0.98,0.4243717175517778,0.004376841432828218,0.4242934575129057,0.0044040718890144956,0.42280854987143013,0.0038558193447357212,0.4239002227564602,0.004215786913382712,0.4236960875450115,0.004267845308103175,0.4236371454718725,0.0038050254837450046,0.42280854987143013,0.0038558193447357325,0.42280854987143013,0.003855819344735728,0.423063916106034,0.003802564554340793,0.4229516659606446,0.0033839569590161634,0.42367218756954933,0.0036874034616694753,0.42280854987143013,0.003855819344735762
1.0,0.4236197112791435,0.0038937551754364822,0.4236197112791436,0.003893755175436507,0.42361971127914355,0.0038937551754364675,0.4236197112791435,0.003893755175436456,0.4236197112791435,0.0038937551754364367,0.4236197112791435,0.0038937551754364905,0.4236197112791435,0.0038937551754364874,0.42361971127914355,0.003893755175436482,0.4236197112791435,0.0038937551754364874,0.42361971127914355,0.00389375517543655,0.42361971127914355,0.00389375517543655,0.42361971127914355,0.0038937551754365256
0.0,0.3741371258020223,0.009349134399020943,0.40901831566500624,0.015773336619988226,0.4003449592346361,0.006817359747663359,0.4284307757168039,0.03874884922260988,0.3979043619140221,0.028370779225015266,0.3854148683051768,0.02371609861831005,0.40034495923463653,0.006817359747664543,0.400344959234637,0.006817359747663739,0.3921953765969061,0.01636069707919499,0.36905104309908743,0.0015614770517013233,0.369051043099089,0.0015614770517065665,0.36905104309908765,0.0015614770517062518,0.36905104309908954,0.0015614770517078562
0.02,0.3741371258020223,0.009349134399020943,0.40901831566500624,0.015773336619988226,0.4003449592346361,0.006817359747663359,0.4284307757168039,0.03874884922260988,0.3979043619140221,0.028370779225015266,0.3854148683051768,0.02371609861831005,0.40034495923463653,0.006817359747664543,0.400344959234637,0.006817359747663739,0.3921953765969061,0.01636069707919499,0.36905104309908743,0.0015614770517013233,0.369051043099089,0.0015614770517065665,0.36905104309908765,0.0015614770517062518,0.36905104309908954,0.0015614770517078562
0.04,0.38903467938204617,0.007208839677361131,0.4067252912288868,0.011568972671304857,0.3846980011668608,0.003589380420021768,0.4160933781679651,0.025289020426968033,0.4062529300999761,0.024550675061197173,0.3900774303061226,0.02286591397786417,0.384698001166861,0.003589380420022344,0.3846980011668612,0.003589380420021847,0.38469800116686054,0.0035893804200221166,0.3860018595075668,0.016990651173129787,0.38884012153290953,0.01886898135484338,0.36434833856262894,0.006586454586135156,0.36525132923433035,0.01452303867335365
0.06,0.396024579623685,0.01076269181172708,0.4058491966515937,0.009485930825137712,0.39574294870939414,0.003741911883768916,0.42039043383837305,0.03169695017951608,0.40246818235446896,0.023362334867904497,0.3822418890435445,0.026213405985786285,0.3962462871788344,0.003041414274296677,0.3962462871788346,0.0030414142742968284,0.39624628717883414,0.0030414142742970856,0.3832818392238133,0.009543100297698403,0.38476801799136756,0.012991690208923167,0.3672795536197074,0.008478510758450642,0.38341711184702604,0.009227853724780574
0.08,0.40405556751589394,0.00939333050829425,0.4079212269430169,0.002652840052020078,0.4041964841032115,0.004348414859553934,0.4233225984181944,0.03207191303017327,0.3962279018103945,0.020910703700409344,0.3877853179280056,0.024048631845163166,0.40419648410321163,0.0043484148595541155,0.40419648410321174,0.004348414859554032,0.4041964841032114,0.004348414859554452,0.38444731932612225,0.013131420221195962,0.3882534369438884,0.010433383731381723,0.3780746996749846,0.00937820875174634,0.3849125515253022,0.010379079137061363
0.1,0.40103326205322853,0.011985215779405535,0.41695766956865765,0.002583729603955169,0.4114504852687665,0.004571212072802145,0.4267565348128632,0.024744649152273115,0.3983003027800379,0.015935630507087652,0.3924869157262132,0.021286615655609485,0.41223642663224247,0.005095959429301747,0.41145048526876665,0.004571212072802195,0.41145048526876643,0.004571212072802483,0.39154288719164587,0.004471719768284939,0.39523976201857225,0.011742120698326244,0.38434351925093685,0.00876463466777607,0.38876863874645096,0.006722554605817855
0.12,0.40089199415023746,0.009773396705134461,0.4177824198035948,0.003500036469829073,0.4146531443519067,0.008573957755462035,0.4244088535732606,0.02616990549033189,0.40484668058683626,0.012459444876718994,0.3934439815140132,0.02089260585822927,0.41465314435190676,0.008573957755462144,0.4074707738943126,0.009013286046008857,0.40966818716607,0.008784764818950819,0.39835208551277557,0.001329679853557023,0.39808010095455726,0.0044035368679551335,0.3886628526976014,0.004263331565035839,0.38770737007033707,0.0022076485501258984
0.14,0.3986510452593322,0.010197175975862107,0.4221842223993323,0.0034769297041224293,0.41348338675101737,0.007515693052053905,0.42222219476053724,0.01870060587562924,0.3996643590630153,0.0050850023062445175,0.3973186116888762,0.01739170198421583,0.4093887913444328,0.003013752875222349,0.41054445851538063,0.007789617705730834,0.4099293261119882,0.004907374562591277,0.40447710109219803,0.0018715440075235705,0.40429328162370864,0.0006679024764967634,0.3891645841284099,0.008800948700540474,0.38861850498154094,0.0067069290469925855
0.16,0.40318741697822214,0.011659715141614048,0.42326048456899884,0.005374117461302161,0.4127188364558886,0.0031065253913457884,0.4234135575917636,0.018116286034679966,0.40222339287374115,0.006156460631528699,0.3967889800684311,0.017068758679639657,0.41207871367239585,0.002505069705731251,0.41105096935606106,0.003267725835998575,0.41237007187148783,0.0027398448416668035,0.4036772348373024,0.005447320635989276,0.4028095965318593,0.004041144550257647,0.39298759574641084,0.00797202986527545,0.3912081701763658,0.007853858049932654
0.18,0.407169320263824,0.011016180712765661,0.42416370062315184,0.00444157224104178,0.4150555073373105,0.003968685977642914,0.42323782419141437,0.014411821220101362,0.40654256002829925,0.006494149500189861,0.4002400650922154,0.015037973162846413,0.4133560120163446,0.0027094172428417523,0.41335601201634464,0.0027094172428417107,0.41438713886340084,0.0015799492032029844,0.40550737357468536,0.005061323022205974,0.40214886363582336,0.00415823753227948,0.3976849538652403,0.008420317070998296,0.39496596034806203,0.005755482475316018
0.2,0.4065359980200767,0.008880012585422007,0.4254651502768775,0.00362114223145977,0.4171113763441006,0.0027528095623139477,0.4224495834945418,0.014665527128723045,0.4091104975453438,0.007628267701329602,0.3992472072369947,0.015554103410247993,0.4168794065525645,0.0028854207885323367,0.4141553270147215,0.002991972953492572,0.41407552211632365,0.004130350715253881,0.40606760155088056,0.0023282319610689753,0.4004226500126852,0.0026785959037742657,0.3994082357896928,0.007659164200571006,0.3944388318383844,0.003075694448117203
0.22,0.40853153867725345,0.0061427199337141395,0.42828966704174626,0.002332785763025661,0.41804831088586536,0.003530464300473315,0.4216535599422354,0.014611683880513033,0.4074479023691858,0.005297195092261698,0.4001877889899057,0.015238863898269747,0.41754036984898496,0.002969285722392678,0.4161789827868418,0.00415103094371027,0.4131385112466166,0.004357949435855772,0.40748102386961177,0.005797972617587251,0.4025475754951643,0.0042452261103837685,0.4006104238406659,0.004070254354743715,0.39608233513628277,0.001727333966732668
0.24,0.4115006460922111,0.005121640328262878,0.4284816093905771,0.004256659877104056,0.41894557928664955,0.0031931076063074293,0.41915365352127737,0.014333348623822784,0.4077177807828226,0.0065615919758301765,0.40328049709777686,0.013374836526468379,0.41792129475049467,0.0024649283517766195,0.4149528139466314,0.0030753956421131394,0.41464222253249056,0.004856842409315822,0.40753046133425636,0.0054349174383791585,0.40224389355800483,0.005371750583236281,0.4024701087627005,0.004979389731324218,0.39773857873031887,0.0030261948530120597
0.26,0.4132501236257768,0.004182399971602624,0.42831298215053815,0.00391854343943238,0.42007616944208964,0.0020022593366992203,0.41802599173102306,0.012477964397331847,0.40773773004476077,0.00590207124684442,0.40392594194387366,0.013034044309762384,0.41354444276517954,0.0015243214404303295,0.41163233243789676,0.0018352856589196162,0.4114134073755854,0.0033533094934074968,0.408767782772789,0.003682391058612599,0.40469395572357925,0.0037189567560768255,0.40463105429406565,0.004005925205775003,0.3979606972393592,0.00511208653958836
0.28,0.41511271088695945,0.005808662993792955,0.43018543523912645,0.004766961403744027,0.41879821469150025,0.004227278812432067,0.41800100122300154,0.011645676660581047,0.4105984377471449,0.005183095349195723,0.4055046925245616,0.01197207760309566,0.4150112067887609,0.0014605753279098837,0.4127711718911019,0.0029903627326217414,0.4109047357545991,0.0028878622204744227,0.40739359929732877,0.005636391038232692,0.40364685099399844,0.003089151216176415,0.40286020108207005,0.0027237269900471455,0.39944729302788395,0.006010055429896859
0.3,0.4174225660847804,0.006450455353222595,0.4305316161400115,0.007168998138690271,0.4167034337479495,0.002430115386837634,0.4153350030694446,0.009090749662542136,0.41183924307079955,0.004635470807897609,0.40634910892741943,0.011748413854158353,0.4142574106763405,0.0025925117335583096,0.41223393323469204,0.0049537726800579825,0.4123925184694674,0.0018880434185863924,0.4064417603662304,0.00357597324120064,0.4040552105886911,0.001848266652573968,0.40534428345713747,0.0027957178524680875,0.400661582925545,0.007106797207473568
0.32,0.4174947457765673,0.007748852587576958,0.430663870154942,0.0075461566791610165,0.41546856502889906,0.001985124152640798,0.4147931775735739,0.006062713690435468,0.4122698067862272,0.004692809731736832,0.40789586241536707,0.010897587786233821,0.41515281923789293,0.003218914455030814,0.41129383067222236,0.003881210261777336,0.41157269449486567,0.0034132984927108478,0.40646293523353205,0.0033755091992811546,0.4058243706016923,0.003511651470427213,0.4061434617365297,0.004196838545500856,0.4021023538359703,0.005448724541135137
0.34,0.4171405070424574,0.00825590018937819,0.4283555206275686,0.0050835624018973615,0.41619032831622405,0.0009442440563052354,0.4149806628706869,0.006848909357988679,0.4106862277903579,0.006023290371716158,0.40958075382580095,0.00986079254368683,0.4143357939313038,0.0029830543372792546,0.4098581620783684,0.005340476878914286,0.410795827432393,0.0018394173548734868,0.4066785931566364,0.0010089438766311763,0.4067244202643392,0.004209256763343809,0.40694208033494356,0.0030928338804416845,0.40332110634635204,0.0026983156349197884
0.36,0.4181671379588616,0.006734453287929594,0.4276597742423408,0.0036858837820455017,0.41537491146833955,0.0033765719764972646,0.4141175964116602,0.005290231107644951,0.4116511952619068,0.006429867016326653,0.4102699286423807,0.009702847926896255,0.4129760461661916,0.0050934581546197896,0.4112806744344701,0.003854799981864317,0.411799666982448,0.003095192425620796,0.40533616099390574,0.0028147884632152564,0.40682384009788963,0.004207625965290894,0.4057199524242141,0.0025946737181548273,0.4054088496076559,0.0023080761410175345
0.38,0.4173207872335059,0.007033278773957693,0.4257564545278505,0.002389458345834653,0.4151613441886036,0.00304673439854347,0.4147734935957211,0.006661002626454856,0.41077913587849724,0.006842909617127733,0.4092115842924297,0.01026089472525478,0.41298479415055134,0.005701338513376925,0.41325208491349874,0.0053030579539279895,0.41324340150262384,0.00531583211367845,0.40628607613865486,0.0029972071846698233,0.4074575622260446,0.005931895208391678,0.4069243802060779,0.002522437411281606,0.4068317315374054,0.0034840190258962657
0.4,0.4186191924109139,0.0071229825309970934,0.4253275573969756,0.0016951371620004892,0.4140842156867609,0.005069470317853667,0.4164766694232239,0.006517815719580844,0.41111869491896297,0.008499086459541639,0.4092642482932289,0.010595288986609754,0.4120398201654619,0.005440945310928018,0.41301137573705726,0.006201478368965416,0.41389477699355165,0.005814911157786802,0.4067219877885168,0.004104472497826341,0.40768234414938626,0.0057032334718647324,0.4073530514722715,0.004515502088389571,0.4088609427629532,0.003295716971522985
0.42,0.4186550771768708,0.007314971212187723,0.4262671946001788,0.0019016959396495174,0.41494483022336603,0.004214171923745452,0.4174919003168194,0.006515426476946419,0.4127290129393747,0.00778033777034096,0.4099986652104076,0.010933840813338213,0.41188624639426397,0.004879357738181203,0.411886246394264,0.004879357738181137,0.4133081521789008,0.0056543993954218,0.4077313056637275,0.003971401651699562,0.4091270639864348,0.004888270661434197,0.40786327608685213,0.004759703719699718,0.4105060645128238,0.0032881452867107443
0.44,0.4194456909702597,0.006370076245058723,0.42726078745242463,0.004335301737066459,0.41406725574028747,0.004233647889115336,0.41642983191312893,0.008099374031231003,0.41106259162857967,0.007535108520710295,0.40978965084305813,0.010408963275990998,0.41309194669510235,0.0049018612902956464,0.41309194669510246,0.004901861290295578,0.41327531151664876,0.005009978179423221,0.4091244575216432,0.004565804919294569,0.41040338828286327,0.0056177458185405664,0.40755327123194796,0.00483645148431014,0.4115220179936653,0.0031067698534608954
0.46,0.4181170685324408,0.006922515745013911,0.42678444138930205,0.005384239985245572,0.4151592014936705,0.004273006716156713,0.4148268054150239,0.008175623583162591,0.4131873323702232,0.006580368225382563,0.40996832027400876,0.010119226711849975,0.41403402916041376,0.005058140512490248,0.41282500330920946,0.005554054839628664,0.4120655139786773,0.005106211217031955,0.41115042902181487,0.003813131045398941,0.4109841447060645,0.005996572976688711,0.40813440475273227,0.0051805661777928735,0.41094669865276917,0.004261454568089852
0.48,0.4195869763704471,0.006313121621199022,0.42561982371082163,0.0060649974211744225,0.41558275009838047,0.004181019770192278,0.4158211899812923,0.009222126887682956,0.41433858296027803,0.0059760158667566815,0.4108906945169306,0.0095754008026547,0.41465935485672456,0.005594827012213101,0.4119694679966038,0.0050233781187631705,0.4128379101685481,0.0058788916781627966,0.41128476579215284,0.004230003734083935,0.4120797181182616,0.006305574380426831,0.4098220681249772,0.005090619196635378,0.4110172829507399,0.0042614817023089195
0.5,0.41894077947205455,0.003979775408059132,0.42499157658507214,0.00494841427016424,0.4151450536825565,0.003930933646853706,0.4165740506341113,0.008893169242375557,0.41521625483546315,0.005700631317048254,0.41051245547234094,0.009371575438375614,0.413937251639359,0.005096771923901057,0.4116278422560095,0.005261414166963963,0.4124844729527373,0.004319477466522887,0.4130735025007764,0.003526885318224491,0.412886459035878,0.006017460557121127,0.4099239274182648,0.005200626178097895,0.41208663016064884,0.004575394485902345
0.52,0.4184930653929624,0.003689250683493334,0.4227939662209983,0.005271482229243909,0.41512963583499396,0.0019105741396498884,0.4180988302699468,0.008002225338233283,0.41595294193474797,0.005231393426082977,0.4104410426430302,0.009495087691658913,0.4129131356861713,0.004214581948912842,0.41194801796220404,0.0036997595430801706,0.41259595494992457,0.00357475731631373,0.4141704627202594,0.0038340778132215612,0.4139527471688187,0.006165333769255769,0.41106371595177144,0.006133491908266876,0.41075689504720003,0.005439315163423388
0.54,0.417039742594569,0.003079506116150089,0.4211655592667564,0.004325990745114979,0.4150411266940646,0.002687828174302166,0.4186638486397583,0.0076069276516148405,0.4161569491312912,0.005538449321019508,0.4114601106486685,0.009026656029965807,0.41301062872754335,0.002492851647364827,0.4130106287275434,0.0024928516473648053,0.412782772024211,0.002561324984153186,0.4147578912919182,0.004957903187421034,0.41421686760634036,0.007175127411134381,0.41244744126087984,0.006332454027059738,0.4103880342605251,0.0048110709009147505
0.56,0.4165646869506604,0.0015929051618283289,0.4222404866905886,0.0035486732537112456,0.41604992702927174,0.004083405567489791,0.41758142839189893,0.0066966646117848205,0.4177753008130557,0.005326135657485197,0.41290191044540026,0.008441643515144714,0.41514479753626404,0.002937281190279396,0.4151447975362641,0.0029372811902793772,0.4141217340904789,0.0037526995792294708,0.4145409531124721,0.004458938438897881,0.415366392458083,0.006525847334053673,0.4124331760784062,0.005369094518198412,0.41155028943627525,0.0035202132450177516
0.58,0.41629979801450967,0.0015828545910082008,0.4209165446974706,0.003137861080320167,0.41669708194933947,0.0037757024540906684,0.41838646587904055,0.006194710896425265,0.4181813413078148,0.005975944217665394,0.413898310775559,0.007645329736066103,0.41577622006093506,0.003946828641787876,0.4157762200609352,0.0039468286417878255,0.41466466728150947,0.003637301347400887,0.41384073680040145,0.003630658790060569,0.4156845606927956,0.005396112861180171,0.41265910214703516,0.004823524894253435,0.41173199407874017,0.0027982027489621935
0.6,0.4166983273296515,0.0027670379767347282,0.42163642375792065,0.004049550333976137,0.41618370883706196,0.003838279019889288,0.41831724517552915,0.006260651791500634,0.4185019722597796,0.005711421985454648,0.414643831841019,0.0071806207660896956,0.41618370883706196,0.0038382790198893024,0.41618370883706196,0.003838279019889284,0.41618370883706196,0.003838279019889266,0.4148364533518596,0.003202983848469054,0.41634431663155647,0.004678914127262174,0.4134200903604843,0.004075669039341001,0.4115803122669943,0.0027947743750643865
0.62,0.4169545062331561,0.0027036302370769356,0.4210051116988162,0.0035387029584351107,0.4177725618808935,0.004205529449443773,0.41861397161935543,0.00473091054495691,0.41785993605828986,0.004402578240248111,0.4153977377759472,0.006615197384536132,0.41777256188089346,0.004205529449443795,0.4182855351713445,0.0041744617121211545,0.4172376943171448,0.004042616373764236,0.4150988506666035,0.0029988943393161618,0.41650919735070724,0.004694855576993131,0.41299711543186063,0.006013791994477856,0.41290492252684824,0.0036277479339846554
0.64,0.41755258109779947,0.003390469907706868,0.42146354650186724,0.004170671819976481,0.4197024141459588,0.00412437854296996,0.41841709291711116,0.0039025253588818665,0.4192203948154607,0.0038962477998088036,0.4159692043295427,0.006559480859024452,0.41919081228330546,0.004264313701199561,0.4197024141459589,0.00412437854296996,0.4192409015322285,0.004242651394468503,0.4149001628892939,0.0031646471749854385,0.4164478818916551,0.005053648509302053,0.41478984619953063,0.00640233874641247,0.41414384548000527,0.0036708600061747636
0.66,0.4183479142220958,0.002958086482729457,0.4225061659207808,0.003595201594647473,0.42009762733587785,0.0032085404483189507,0.4189852241720504,0.003668742058690189,0.41946821872193224,0.004152784894916534,0.4166013616823492,0.005939561225387685,0.41914178434125493,0.0042561785976233555,0.41962371375338003,0.00405931601518617,0.4189672492942488,0.004062099874758543,0.41623902169380855,0.0023531243535640446,0.41727548664905406,0.00541697683510762,0.4143364372910498,0.005769523633681164,0.41503971904413334,0.0027958869655367188
0.68,0.4191692009823133,0.0033851718957562085,0.4230269146152029,0.00413135420845839,0.42141138580700793,0.00308461207711146,0.4201058451524091,0.003384387238377,0.4198037773226787,0.0038698310159713096,0.4170817875679342,0.0053322020973858054,0.41956573996247887,0.003321994087233018,0.41885797940899494,0.004321999215019842,0.41832292210030064,0.00394259268430504,0.41648070028299244,0.0028355445785427616,0.4169925710238355,0.0036852917046320565,0.41478897744310994,0.005826340266796415,0.4167000047613886,0.0025596974092067623
0.7,0.41881228826634675,0.0029712339026500578,0.4233403762395118,0.0035793715224164842,0.4216348192186406,0.003910695819990428,0.4209671697950927,0.0034588075706438477,0.4196544436286274,0.0029794526724848383,0.4183045660346266,0.004783333542834853,0.4201269654211178,0.001960384677691594,0.41911228692515845,0.0031221517823307055,0.4192513305424629,0.003132860766558546,0.4168782971169711,0.002677260217157924,0.41707652953829466,0.0036553481678475324,0.415966157309748,0.005474618262503667,0.41636333811670606,0.002507634398078658
0.72,0.41987402769395443,0.0037001543536665958,0.4240907463932494,0.00420566212909452,0.4224921348142595,0.004063216122392129,0.4205677914936069,0.003399877107358042,0.41925286198558487,0.0030208727093604002,0.41872847809098024,0.0047770360244043875,0.42084833292835266,0.002993860512114513,0.4205850691205376,0.003007616350240203,0.42038364903387937,0.0034563625954199197,0.41736381124516003,0.003335566533937205,0.41774455978243197,0.004180460701046009,0.41673703226221237,0.004610715500267633,0.4175605901829459,0.002723042694635549
0.74,0.4201503742119962,0.003083272884605429,0.4244522941023036,0.003996117376725333,0.42275160244734206,0.004123624816210275,0.4210445253237556,0.002837423922312192,0.4197340672953412,0.0028505968276773307,0.4195664468574176,0.004607298296955077,0.42216065797593183,0.0033841496280911307,0.42155671807153183,0.0034051735938366847,0.42167535087903246,0.0031591301271878965,0.41806066018051297,0.003707567808698271,0.41763893306237265,0.005088078122368278,0.417012632814502,0.005008133646221553,0.4180561423773569,0.003515062563621687
0.76,0.4217839952430688,0.0028265990123669663,0.42455829589761085,0.004137094017989667,0.423098870655124,0.0038461544193136945,0.42103883550322124,0.0026364158831985443,0.4207293551061249,0.0030815659665434755,0.4202628872857762,0.004461231472245597,0.42309887065512397,0.003846154419313711,0.4223837279976492,0.003791903051204564,0.42145156930586963,0.002968589786649207,0.4186519286071656,0.0031310927548747936,0.4179021058221907,0.004829375107520122,0.4178940631064676,0.004693659185942443,0.4184925862206092,0.0032205217408504782
0.78,0.4228186481979238,0.003109221311033899,0.4241626414901888,0.0041710281809045,0.42315071027709084,0.0037253345611077374,0.42176380799008256,0.00301053740972847,0.4218850024834154,0.0034337091302183743,0.4201967475568217,0.005171819635972547,0.4231507102770909,0.0037253345611077716,0.423603212443867,0.00376521160029933,0.4222277459118198,0.0036993143507377036,0.4194008616820286,0.00297314012549801,0.41806467197204245,0.004212463738105197,0.4184199263883187,0.003437369352754071,0.4199710507567899,0.0034672189398469075
0.8,0.4232437836231918,0.0038878535570231938,0.4243102744522415,0.0037481267885179667,0.4236954608265803,0.003262708691474242,0.42170777293261097,0.003014672776826599,0.420953811743303,0.0032149579235967066,0.4208654765601574,0.0046524486135308294,0.4234446438744595,0.0033987192397809283,0.42344464387445957,0.003398719239780911,0.422992424154702,0.004002290871771337,0.41949894381074426,0.003543735182974868,0.41746934008542746,0.0045109129406960095,0.41805117694518196,0.002919860051317524,0.41958384398688797,0.0033845281827631695
0.82,0.4230672180899509,0.004306695954405442,0.4240223411122622,0.003652538592484206,0.4237598602647288,0.003368714573077357,0.4224419585694168,0.0035656510203355236,0.4217684607788633,0.0035568144532590286,0.4206196298275381,0.004515783344253992,0.42365916891997185,0.003609395144179703,0.42411399005751355,0.004103029242384594,0.42256875662529414,0.0036859311989239207,0.42070445083168617,0.003397293160231473,0.4178088326237345,0.004173046509561004,0.41871602929201895,0.0022375823685622065,0.4205552707665418,0.0037954687915175652
0.84,0.4236738353184749,0.00425588467984454,0.4241781353122761,0.004308528689432447,0.4239219040087316,0.004012840959157071,0.42283900204938507,0.00390789161239784,0.4223234286537399,0.0034372018424791368,0.42124942776225155,0.004557209430583453,0.42392190400873164,0.0040128409591571115,0.4241781353122761,0.004308528689432416,0.42325054787052935,0.0038977223987775506,0.42182484711986473,0.0037250929034127736,0.4180069311179491,0.003878134514945423,0.4188619062022935,0.0030812212209950915,0.4205596126734486,0.005004068138268472
0.86,0.4239616004850358,0.003738748895557604,0.424396954212959,0.004407146576041218,0.4241243444835553,0.003927309180829321,0.4234051700655662,0.004425706674852101,0.422811616386911,0.0032667769154893374,0.42038777715091413,0.004834453995231584,0.42412434448355524,0.00392730918082935,0.4235699228987291,0.00427957387039566,0.42359319908099324,0.0038676461051264407,0.42086543225317274,0.0038791737279068586,0.41842095892582903,0.0036453703471655045,0.41970449822435474,0.0033002570551172567,0.42129559608412814,0.004869551211188951
0.88,0.4245989834401983,0.004201553835329278,0.42433941274623893,0.004017633692853234,0.42433941274623893,0.0040176336928531885,0.42381797060510074,0.0047940776638972045,0.4232242288790047,0.0036123779060314282,0.42087091973446067,0.004601659905814114,0.424130952918701,0.004135125985096679,0.42373908682878403,0.003912407613122934,0.42340572556205996,0.004137553686835551,0.42130881924090563,0.004006989336432834,0.41923377239643733,0.003613198979248318,0.4204863812768067,0.003453881941847641,0.4202766167778568,0.0046579299331741
0.9,0.4256313219167073,0.004034081654784431,0.4231457752004061,0.0038572306343807178,0.42314577520040614,0.0038572306343807004,0.42349931353081277,0.0038558660681239586,0.42324978505395244,0.004177681781482406,0.4215619296045527,0.004245001273242142,0.42260955239911757,0.0038932632569679305,0.42282468006688967,0.004030496765367084,0.42282468006688967,0.004030496765367088,0.4214479927841551,0.003767597900507616,0.42039576639548454,0.0034758654307431515,0.42094797391898164,0.003455207418133148,0.4213506348835805,0.004661371409365775
0.92,0.423659390663381,0.004004144959156479,0.423659390663381,0.004004144959156453,0.423659390663381,0.004004144959156435,0.423527065882033,0.0032716087556456603,0.42308471987480645,0.0037194836835894923,0.4213485617643242,0.004265967589769958,0.42325281552175215,0.003689857623959868,0.4219789963912698,0.003770602798296496,0.42174111465759917,0.0037368440112386203,0.4227405258790444,0.003972180952947297,0.4211515222901146,0.0031320285756357515,0.4218994743992896,0.0037241449178079507,0.42228246956484,0.0042117139512073375
0.94,0.42354935719988057,0.003715218236495473,0.42354935719988057,0.003715218236495463,0.4228963240939845,0.004335212300398485,0.42339553696319737,0.003049755436848674,0.4235549551438308,0.003601383975266019,0.42200334788829147,0.004259869076774717,0.42250650894671615,0.003847835325508454,0.4225065089467162,0.0038478353255084396,0.42303333190780595,0.003762139706453992,0.42343700914334026,0.004229277640698691,0.42213031341937857,0.0028620204259731724,0.4226521960709433,0.004094083332427051,0.42205402047699947,0.0036057261087227817
0.96,0.4232347963490328,0.003177988252094958,0.4230228016980972,0.0034663406703647087,0.42280944808051363,0.003770405340915156,0.42408915595084795,0.003315849475007144,0.4232303211368731,0.004427868847606073,0.4227889214645667,0.004065874412782162,0.4228094480805136,0.003770405340915182,0.42280944808051363,0.003770405340915154,0.4228094480805136,0.003770405340915164,0.4242688760415436,0.004197476390503193,0.4226682733622743,0.0030693921372761056,0.42287392459268563,0.003836925741529133,0.4223307803409919,0.0034782706504489897
0.98,0.42359077869939143,0.003609949614765089,0.4228085498714301,0.003855819344735741,0.42280854987143013,0.0038558193447357212,0.4239002227564602,0.004215786913382712,0.4236371454718725,0.0038050254837450046,0.42313310462027287,0.003628182969923551,0.42280854987143013,0.003855819344735741,0.42280854987143013,0.003855819344735728,0.42306391610603394,0.003802564554340793,0.4233728820852015,0.0039000378013646997,0.42295166596064454,0.0033839569590161634,0.42367218756954933,0.003687403461669475,0.42280854987143024,0.0038558193447358028
1.0,0.42361971127914355,0.003893755175436516,0.4236197112791435,0.0038937551754364905,0.42361971127914355,0.0038937551754364675,0.42361971127914344,0.0038937551754364566,0.4236197112791435,0.0038937551754364905,0.42361971127914355,0.0038937551754364814,0.42361971127914355,0.0038937551754365048,0.42361971127914355,0.0038937551754364814,0.4236197112791435,0.003893755175436488,0.4236197112791436,0.0038937551754364987,0.42361971127914355,0.00389375517543655,0.42361971127914355,0.00389375517543655,0.4236197112791436,0.003893755175436538
0.0,0.3741371258020223,0.009349134399020943,0.40901831566500624,0.015773336619988226,0.4003449592346361,0.006817359747663359,0.4284307757168039,0.03874884922260988,0.3979043619140221,0.028370779225015266,0.3854148683051768,0.02371609861831005,0.40034495923463653,0.006817359747664543,0.400344959234637,0.006817359747663739,0.3921953765969061,0.01636069707919499,0.36905104309908743,0.0015614770517013233,0.369051043099089,0.0015614770517065665,0.36905104309908765,0.0015614770517062518,0.36905104309908954,0.0015614770517078562
0.02,0.3741371258020223,0.009349134399020943,0.40901831566500624,0.015773336619988226,0.4003449592346361,0.006817359747663359,0.4284307757168039,0.03874884922260988,0.3979043619140221,0.028370779225015266,0.3854148683051768,0.02371609861831005,0.40034495923463653,0.006817359747664543,0.400344959234637,0.006817359747663739,0.3921953765969061,0.01636069707919499,0.36905104309908743,0.0015614770517013233,0.369051043099089,0.0015614770517065665,0.36905104309908765,0.0015614770517062518,0.36905104309908954,0.0015614770517078562
0.04,0.38903467938204617,0.007208839677361131,0.4067252912288868,0.011568972671304857,0.3846980011668608,0.003589380420021768,0.4160933781679651,0.025289020426968033,0.4062529300999761,0.024550675061197173,0.3900774303061226,0.02286591397786417,0.384698001166861,0.003589380420022344,0.3846980011668612,0.003589380420021847,0.38469800116686054,0.0035893804200221166,0.3860018595075668,0.016990651173129787,0.38884012153290953,0.01886898135484338,0.36434833856262894,0.006586454586135156,0.36525132923433035,0.01452303867335365
0.06,0.396024579623685,0.01076269181172708,0.4058491966515937,0.009485930825137712,0.39574294870939414,0.003741911883768916,0.42039043383837305,0.03169695017951608,0.40246818235446896,0.023362334867904497,0.3822418890435445,0.026213405985786285,0.3962462871788344,0.003041414274296677,0.3962462871788346,0.0030414142742968284,0.39624628717883414,0.0030414142742970856,0.3832818392238133,0.009543100297698403,0.38476801799136756,0.012991690208923167,0.3672795536197074,0.008478510758450642,0.38341711184702604,0.009227853724780574
0.08,0.40405556751589394,0.00939333050829425,0.4079212269430169,0.002652840052020078,0.4041964841032115,0.004348414859553934,0.4233225984181944,0.03207191303017327,0.3962279018103945,0.020910703700409344,0.3877853179280056,0.024048631845163166,0.40419648410321163,0.0043484148595541155,0.40419648410321174,0.004348414859554032,0.4041964841032114,0.004348414859554452,0.38444731932612225,0.013131420221195962,0.3882534369438884,0.010433383731381723,0.3780746996749846,0.00937820875174634,0.3849125515253022,0.010379079137061363
0.1,0.40103326205322853,0.011985215779405535,0.41695766956865765,0.002583729603955169,0.4114504852687665,0.004571212072802145,0.4267565348128632,0.024744649152273115,0.3983003027800379,0.015935630507087652,0.3924869157262132,0.021286615655609485,0.41223642663224247,0.005095959429301747,0.41145048526876665,0.004571212072802195,0.41145048526876643,0.004571212072802483,0.39154288719164587,0.004471719768284939,0.39523976201857225,0.011742120698326244,0.38434351925093685,0.00876463466777607,0.38876863874645096,0.006722554605817855
0.12,0.40089199415023746,0.009773396705134461,0.4177824198035948,0.003500036469829073,0.4146531443519067,0.008573957755462035,0.4244088535732606,0.02616990549033189,0.40484668058683626,0.012459444876718994,0.3934439815140132,0.02089260585822927,0.41465314435190676,0.008573957755462144,0.4074707738943126,0.009013286046008857,0.40966818716607,0.008784764818950819,0.39835208551277557,0.001329679853557023,0.39808010095455726,0.0044035368679551335,0.3886628526976014,0.004263331565035839,0.38770737007033707,0.0022076485501258984
0.14,0.3986510452593322,0.010197175975862107,0.4221842223993323,0.0034769297041224293,0.41348338675101737,0.007515693052053905,0.42222219476053724,0.01870060587562924,0.3996643590630153,0.0050850023062445175,0.3973186116888762,0.01739170198421583,0.4093887913444328,0.003013752875222349,0.41054445851538063,0.007789617705730834,0.4099293261119882,0.004907374562591277,0.40447710109219803,0.0018715440075235705,0.40429328162370864,0.0006679024764967634,0.3891645841284099,0.008800948700540474,0.38861850498154094,0.0067069290469925855
0.16,0.40318741697822214,0.011659715141614048,0.42326048456899884,0.005374117461302161,0.4127188364558886,0.0031065253913457884,0.4234135575917636,0.018116286034679966,0.40222339287374115,0.006156460631528699,0.3967889800684311,0.017068758679639657,0.41207871367239585,0.002505069705731251,0.41105096935606106,0.003267725835998575,0.41237007187148783,0.0027398448416668035,0.4036772348373024,0.005447320635989276,0.4028095965318593,0.004041144550257647,0.39298759574641084,0.00797202986527545,0.3912081701763658,0.007853858049932654
0.18,0.407169320263824,0.011016180712765661,0.42416370062315184,0.00444157224104178,0.4150555073373105,0.003968685977642914,0.42323782419141437,0.014411821220101362,0.40654256002829925,0.006494149500189861,0.4002400650922154,0.015037973162846413,0.4133560120163446,0.0027094172428417523,0.41335601201634464,0.0027094172428417107,0.41438713886340084,0.0015799492032029844,0.40550737357468536,0.005061323022205974,0.40214886363582336,0.00415823753227948,0.3976849538652403,0.008420317070998296,0.39496596034806203,0.005755482475316018
0.2,0.4065359980200767,0.008880012585422007,0.4254651502768775,0.00362114223145977,0.4171113763441006,0.0027528095623139477,0.4224495834945418,0.014665527128723045,0.4091104975453438,0.007628267701329602,0.3992472072369947,0.015554103410247993,0.4168794065525645,0.0028854207885323367,0.4141553270147215,0.002991972953492572,0.41407552211632365,0.004130350715253881,0.40606760155088056,0.0023282319610689753,0.4004226500126852,0.0026785959037742657,0.3994082357896928,0.007659164200571006,0.3944388318383844,0.003075694448117203
0.22,0.40853153867725345,0.0061427199337141395,0.42828966704174626,0.002332785763025661,0.41804831088586536,0.003530464300473315,0.4216535599422354,0.014611683880513033,0.4074479023691858,0.005297195092261698,0.4001877889899057,0.015238863898269747,0.41754036984898496,0.002969285722392678,0.4161789827868418,0.00415103094371027,0.4131385112466166,0.004357949435855772,0.40748102386961177,0.005797972617587251,0.4025475754951643,0.0042452261103837685,0.4006104238406659,0.004070254354743715,0.39608233513628277,0.001727333966732668
0.24,0.4115006460922111,0.005121640328262878,0.4284816093905771,0.004256659877104056,0.41894557928664955,0.0031931076063074293,0.41915365352127737,0.014333348623822784,0.4077177807828226,0.0065615919758301765,0.40328049709777686,0.013374836526468379,0.41792129475049467,0.0024649283517766195,0.4149528139466314,0.0030753956421131394,0.41464222253249056,0.004856842409315822,0.40753046133425636,0.0054349174383791585,0.40224389355800483,0.005371750583236281,0.4024701087627005,0.004979389731324218,0.39773857873031887,0.0030261948530120597
0.26,0.4132501236257768,0.004182399971602624,0.42831298215053815,0.00391854343943238,0.42007616944208964,0.0020022593366992203,0.41802599173102306,0.012477964397331847,0.40773773004476077,0.00590207124684442,0.40392594194387366,0.013034044309762384,0.41354444276517954,0.0015243214404303295,0.41163233243789676,0.0018352856589196162,0.4114134073755854,0.0033533094934074968,0.408767782772789,0.003682391058612599,0.40469395572357925,0.0037189567560768255,0.40463105429406565,0.004005925205775003,0.3979606972393592,0.00511208653958836
0.28,0.41511271088695945,0.005808662993792955,0.43018543523912645,0.004766961403744027,0.41879821469150025,0.004227278812432067,0.41800100122300154,0.011645676660581047,0.4105984377471449,0.005183095349195723,0.4055046925245616,0.01197207760309566,0.4150112067887609,0.0014605753279098837,0.4127711718911019,0.0029903627326217414,0.4109047357545991,0.0028878622204744227,0.40739359929732877,0.005636391038232692,0.40364685099399844,0.003089151216176415,0.40286020108207005,0.0027237269900471455,0.39944729302788395,0.006010055429896859
0.3,0.4174225660847804,0.006450455353222595,0.4305316161400115,0.007168998138690271,0.4167034337479495,0.002430115386837634,0.4153350030694446,0.009090749662542136,0.41183924307079955,0.004635470807897609,0.40634910892741943,0.011748413854158353,0.4142574106763405,0.0025925117335583096,0.41223393323469204,0.0049537726800579825,0.4123925184694674,0.0018880434185863924,0.4064417603662304,0.00357597324120064,0.4040552105886911,0.001848266652573968,0.40534428345713747,0.0027957178524680875,0.400661582925545,0.007106797207473568
0.32,0.4174947457765673,0.007748852587576958,0.430663870154942,0.0075461566791610165,0.41546856502889906,0.001985124152640798,0.4147931775735739,0.006062713690435468,0.4122698067862272,0.004692809731736832,0.40789586241536707,0.010897587786233821,0.41515281923789293,0.003218914455030814,0.41129383067222236,0.003881210261777336,0.41157269449486567,0.0034132984927108478,0.40646293523353205,0.0033755091992811546,0.4058243706016923,0.003511651470427213,0.4061434617365297,0.004196838545500856,0.4021023538359703,0.005448724541135137
0.34,0.4171405070424574,0.00825590018937819,0.4283555206275686,0.0050835624018973615,0.41619032831622405,0.0009442440563052354,0.4149806628706869,0.006848909357988679,0.4106862277903579,0.006023290371716158,0.40958075382580095,0.00986079254368683,0.4143357939313038,0.0029830543372792546,0.4098581620783684,0.005340476878914286,0.410795827432393,0.0018394173548734868,0.4066785931566364,0.0010089438766311763,0.4067244202643392,0.004209256763343809,0.40694208033494356,0.0030928338804416845,0.40332110634635204,0.0026983156349197884
0.36,0.4181671379588616,0.006734453287929594,0.4276597742423408,0.0036858837820455017,0.41537491146833955,0.0033765719764972646,0.4141175964116602,0.005290231107644951,0.4116511952619068,0.006429867016326653,0.4102699286423807,0.009702847926896255,0.4129760461661916,0.0050934581546197896,0.4112806744344701,0.003854799981864317,0.411799666982448,0.003095192425620796,0.40533616099390574,0.0028147884632152564,0.40682384009788963,0.004207625965290894,0.4057199524242141,0.0025946737181548273,0.4054088496076559,0.0023080761410175345
0.38,0.4173207872335059,0.007033278773957693,0.4257564545278505,0.002389458345834653,0.4151613441886036,0.00304673439854347,0.4147734935957211,0.006661002626454856,0.41077913587849724,0.006842909617127733,0.4092115842924297,0.01026089472525478,0.41298479415055134,0.005701338513376925,0.41325208491349874,0.0053030579539279895,0.41324340150262384,0.00531583211367845,0.40628607613865486,0.0029972071846698233,0.4074575622260446,0.005931895208391678,0.4069243802060779,0.002522437411281606,0.4068317315374054,0.0034840190258962657
0.4,0.4186191924109139,0.0071229825309970934,0.4253275573969756,0.0016951371620004892,0.4140842156867609,0.005069470317853667,0.4164766694232239,0.006517815719580844,0.41111869491896297,0.008499086459541639,0.4092642482932289,0.010595288986609754,0.4120398201654619,0.005440945310928018,0.41301137573705726,0.006201478368965416,0.41389477699355165,0.005814911157786802,0.4067219877885168,0.004104472497826341,0.40768234414938626,0.0057032334718647324,0.4073530514722715,0.004515502088389571,0.4088609427629532,0.003295716971522985
0.42,0.4186550771768708,0.007314971212187723,0.4262671946001788,0.0019016959396495174,0.41494483022336603,0.004214171923745452,0.4174919003168194,0.006515426476946419,0.4127290129393747,0.00778033777034096,0.4099986652104076,0.010933840813338213,0.41188624639426397,0.004879357738181203,0.411886246394264,0.004879357738181137,0.4133081521789008,0.0056543993954218,0.4077313056637275,0.003971401651699562,0.4091270639864348,0.004888270661434197,0.40786327608685213,0.004759703719699718,0.4105060645128238,0.0032881452867107443
0.44,0.4194456909702597,0.006370076245058723,0.42726078745242463,0.004335301737066459,0.41406725574028747,0.004233647889115336,0.41642983191312893,0.008099374031231003,0.41106259162857967,0.007535108520710295,0.40978965084305813,0.010408963275990998,0.41309194669510235,0.0049018612902956464,0.41309194669510246,0.004901861290295578,0.41327531151664876,0.005009978179423221,0.4091244575216432,0.004565804919294569,0.41040338828286327,0.0056177458185405664,0.40755327123194796,0.00483645148431014,0.4115220179936653,0.0031067698534608954
0.46,0.4181170685324408,0.006922515745013911,0.42678444138930205,0.005384239985245572,0.4151592014936705,0.004273006716156713,0.4148268054150239,0.008175623583162591,0.4131873323702232,0.006580368225382563,0.40996832027400876,0.010119226711849975,0.41403402916041376,0.005058140512490248,0.41282500330920946,0.005554054839628664,0.4120655139786773,0.005106211217031955,0.41115042902181487,0.003813131045398941,0.4109841447060645,0.005996572976688711,0.40813440475273227,0.0051805661777928735,0.41094669865276917,0.004261454568089852
0.48,0.4195869763704471,0.006313121621199022,0.42561982371082163,0.0060649974211744225,0.41558275009838047,0.004181019770192278,0.4158211899812923,0.009222126887682956,0.41433858296027803,0.0059760158667566815,0.4108906945169306,0.0095754008026547,0.41465935485672456,0.005594827012213101,0.4119694679966038,0.0050233781187631705,0.4128379101685481,0.0058788916781627966,0.41128476579215284,0.004230003734083935,0.4120797181182616,0.006305574380426831,0.4098220681249772,0.005090619196635378,0.4110172829507399,0.0042614817023089195
0.5,0.41894077947205455,0.003979775408059132,0.42499157658507214,0.00494841427016424,0.4151450536825565,0.003930933646853706,0.4165740506341113,0.008893169242375557,0.41521625483546315,0.005700631317048254,0.41051245547234094,0.009371575438375614,0.413937251639359,0.005096771923901057,0.4116278422560095,0.005261414166963963,0.4124844729527373,0.004319477466522887,0.4130735025007764,0.003526885318224491,0.412886459035878,0.006017460557121127,0.4099239274182648,0.005200626178097895,0.41208663016064884,0.004575394485902345
0.52,0.4184930653929624,0.003689250683493334,0.4227939662209983,0.005271482229243909,0.41512963583499396,0.0019105741396498884,0.4180988302699468,0.008002225338233283,0.41595294193474797,0.005231393426082977,0.4104410426430302,0.009495087691658913,0.4129131356861713,0.004214581948912842,0.41194801796220404,0.0036997595430801706,0.41259595494992457,0.00357475731631373,0.4141704627202594,0.0038340778132215612,0.4139527471688187,0.006165333769255769,0.41106371595177144,0.006133491908266876,0.41075689504720003,0.005439315163423388
0.54,0.417039742594569,0.003079506116150089,0.4211655592667564,0.004325990745114979,0.4150411266940646,0.002687828174302166,0.4186638486397583,0.0076069276516148405,0.4161569491312912,0.005538449321019508,0.4114601106486685,0.009026656029965807,0.41301062872754335,0.002492851647364827,0.4130106287275434,0.0024928516473648053,0.412782772024211,0.002561324984153186,0.4147578912919182,0.004957903187421034,0.41421686760634036,0.007175127411134381,0.41244744126087984,0.006332454027059738,0.4103880342605251,0.0048110709009147505
0.56,0.4165646869506604,0.0015929051618283289,0.4222404866905886,0.0035486732537112456,0.41604992702927174,0.004083405567489791,0.41758142839189893,0.0066966646117848205,0.4177753008130557,0.005326135657485197,0.41290191044540026,0.008441643515144714,0.41514479753626404,0.002937281190279396,0.4151447975362641,0.0029372811902793772,0.4141217340904789,0.0037526995792294708,0.4145409531124721,0.004458938438897881,0.415366392458083,0.006525847334053673,0.4124331760784062,0.005369094518198412,0.41155028943627525,0.0035202132450177516
0.58,0.41629979801450967,0.0015828545910082008,0.4209165446974706,0.003137861080320167,0.41669708194933947,0.0037757024540906684,0.41838646587904055,0.006194710896425265,0.4181813413078148,0.005975944217665394,0.413898310775559,0.007645329736066103,0.41577622006093506,0.003946828641787876,0.4157762200609352,0.0039468286417878255,0.41466466728150947,0.003637301347400887,0.41384073680040145,0.003630658790060569,0.4156845606927956,0.005396112861180171,0.41265910214703516,0.004823524894253435,0.41173199407874017,0.0027982027489621935
0.6,0.4166983273296515,0.0027670379767347282,0.42163642375792065,0.004049550333976137,0.41618370883706196,0.003838279019889288,0.41831724517552915,0.006260651791500634,0.4185019722597796,0.005711421985454648,0.414643831841019,0.0071806207660896956,0.41618370883706196,0.0038382790198893024,0.41618370883706196,0.003838279019889284,0.41618370883706196,0.003838279019889266,0.4148364533518596,0.003202983848469054,0.41634431663155647,0.004678914127262174,0.4134200903604843,0.004075669039341001,0.4115803122669943,0.0027947743750643865
0.62,0.4169545062331561,0.0027036302370769356,0.4210051116988162,0.0035387029584351107,0.4177725618808935,0.004205529449443773,0.41861397161935543,0.00473091054495691,0.41785993605828986,0.004402578240248111,0.4153977377759472,0.006615197384536132,0.41777256188089346,0.004205529449443795,0.4182855351713445,0.0041744617121211545,0.4172376943171448,0.004042616373764236,0.4150988506666035,0.0029988943393161618,0.41650919735070724,0.004694855576993131,0.41299711543186063,0.006013791994477856,0.41290492252684824,0.0036277479339846554
0.64,0.41755258109779947,0.003390469907706868,0.42146354650186724,0.004170671819976481,0.4197024141459588,0.00412437854296996,0.41841709291711116,0.0039025253588818665,0.4192203948154607,0.0038962477998088036,0.4159692043295427,0.006559480859024452,0.41919081228330546,0.004264313701199561,0.4197024141459589,0.00412437854296996,0.4192409015322285,0.004242651394468503,0.4149001628892939,0.0031646471749854385,0.4164478818916551,0.005053648509302053,0.41478984619953063,0.00640233874641247,0.41414384548000527,0.0036708600061747636
0.66,0.4183479142220958,0.002958086482729457,0.4225061659207808,0.003595201594647473,0.42009762733587785,0.0032085404483189507,0.4189852241720504,0.003668742058690189,0.41946821872193224,0.004152784894916534,0.4166013616823492,0.005939561225387685,0.41914178434125493,0.0042561785976233555,0.41962371375338003,0.00405931601518617,0.4189672492942488,0.004062099874758543,0.41623902169380855,0.0023531243535640446,0.41727548664905406,0.00541697683510762,0.4143364372910498,0.005769523633681164,0.41503971904413334,0.0027958869655367188
0.68,0.4191692009823133,0.0033851718957562085,0.4230269146152029,0.00413135420845839,0.42141138580700793,0.00308461207711146,0.4201058451524091,0.003384387238377,0.4198037773226787,0.0038698310159713096,0.4170817875679342,0.0053322020973858054,0.41956573996247887,0.003321994087233018,0.41885797940899494,0.004321999215019842,0.41832292210030064,0.00394259268430504,0.41648070028299244,0.0028355445785427616,0.4169925710238355,0.0036852917046320565,0.41478897744310994,0.005826340266796415,0.4167000047613886,0.0025596974092067623
0.7,0.41881228826634675,0.0029712339026500578,0.4233403762395118,0.0035793715224164842,0.4216348192186406,0.003910695819990428,0.4209671697950927,0.0034588075706438477,0.4196544436286274,0.0029794526724848383,0.4183045660346266,0.004783333542834853,0.4201269654211178,0.001960384677691594,0.41911228692515845,0.0031221517823307055,0.4192513305424629,0.003132860766558546,0.4168782971169711,0.002677260217157924,0.41707652953829466,0.0036553481678475324,0.415966157309748,0.005474618262503667,0.41636333811670606,0.002507634398078658
0.72,0.41987402769395443,0.0037001543536665958,0.4240907463932494,0.00420566212909452,0.4224921348142595,0.004063216122392129,0.4205677914936069,0.003399877107358042,0.41925286198558487,0.0030208727093604002,0.41872847809098024,0.0047770360244043875,0.42084833292835266,0.002993860512114513,0.4205850691205376,0.003007616350240203,0.42038364903387937,0.0034563625954199197,0.41736381124516003,0.003335566533937205,0.41774455978243197,0.004180460701046009,0.41673703226221237,0.004610715500267633,0.4175605901829459,0.002723042694635549
0.74,0.4201503742119962,0.003083272884605429,0.4244522941023036,0.003996117376725333,0.42275160244734206,0.004123624816210275,0.4210445253237556,0.002837423922312192,0.4197340672953412,0.0028505968276773307,0.4195664468574176,0.004607298296955077,0.42216065797593183,0.0033841496280911307,0.42155671807153183,0.0034051735938366847,0.42167535087903246,0.0031591301271878965,0.41806066018051297,0.003707567808698271,0.41763893306237265,0.005088078122368278,0.417012632814502,0.005008133646221553,0.4180561423773569,0.003515062563621687
0.76,0.4217839952430688,0.0028265990123669663,0.42455829589761085,0.004137094017989667,0.423098870655124,0.0038461544193136945,0.42103883550322124,0.0026364158831985443,0.4207293551061249,0.0030815659665434755,0.4202628872857762,0.004461231472245597,0.42309887065512397,0.003846154419313711,0.4223837279976492,0.003791903051204564,0.42145156930586963,0.002968589786649207,0.4186519286071656,0.0031310927548747936,0.4179021058221907,0.004829375107520122,0.4178940631064676,0.004693659185942443,0.4184925862206092,0.0032205217408504782
0.78,0.4228186481979238,0.003109221311033899,0.4241626414901888,0.0041710281809045,0.42315071027709084,0.0037253345611077374,0.42176380799008256,0.00301053740972847,0.4218850024834154,0.0034337091302183743,0.4201967475568217,0.005171819635972547,0.4231507102770909,0.0037253345611077716,0.423603212443867,0.00376521160029933,0.4222277459118198,0.0036993143507377036,0.4194008616820286,0.00297314012549801,0.41806467197204245,0.004212463738105197,0.4184199263883187,0.003437369352754071,0.4199710507567899,0.0034672189398469075
0.8,0.4232437836231918,0.0038878535570231938,0.4243102744522415,0.0037481267885179667,0.4236954608265803,0.003262708691474242,0.42170777293261097,0.003014672776826599,0.420953811743303,0.0032149579235967066,0.4208654765601574,0.0046524486135308294,0.4234446438744595,0.0033987192397809283,0.42344464387445957,0.003398719239780911,0.422992424154702,0.004002290871771337,0.41949894381074426,0.003543735182974868,0.41746934008542746,0.0045109129406960095,0.41805117694518196,0.002919860051317524,0.41958384398688797,0.0033845281827631695
0.82,0.4230672180899509,0.004306695954405442,0.4240223411122622,0.003652538592484206,0.4237598602647288,0.003368714573077357,0.4224419585694168,0.0035656510203355236,0.4217684607788633,0.0035568144532590286,0.4206196298275381,0.004515783344253992,0.42365916891997185,0.003609395144179703,0.42411399005751355,0.004103029242384594,0.42256875662529414,0.0036859311989239207,0.42070445083168617,0.003397293160231473,0.4178088326237345,0.004173046509561004,0.41871602929201895,0.0022375823685622065,0.4205552707665418,0.0037954687915175652
0.84,0.4236738353184749,0.00425588467984454,0.4241781353122761,0.004308528689432447,0.4239219040087316,0.004012840959157071,0.42283900204938507,0.00390789161239784,0.4223234286537399,0.0034372018424791368,0.42124942776225155,0.004557209430583453,0.42392190400873164,0.0040128409591571115,0.4241781353122761,0.004308528689432416,0.42325054787052935,0.0038977223987775506,0.42182484711986473,0.0037250929034127736,0.4180069311179491,0.003878134514945423,0.4188619062022935,0.0030812212209950915,0.4205596126734486,0.005004068138268472
0.86,0.4239616004850358,0.003738748895557604,0.424396954212959,0.004407146576041218,0.4241243444835553,0.003927309180829321,0.4234051700655662,0.004425706674852101,0.422811616386911,0.0032667769154893374,0.42038777715091413,0.004834453995231584,0.42412434448355524,0.00392730918082935,0.4235699228987291,0.00427957387039566,0.42359319908099324,0.0038676461051264407,0.42086543225317274,0.0038791737279068586,0.41842095892582903,0.0036453703471655045,0.41970449822435474,0.0033002570551172567,0.42129559608412814,0.004869551211188951
0.88,0.4245989834401983,0.004201553835329278,0.42433941274623893,0.004017633692853234,0.42433941274623893,0.0040176336928531885,0.42381797060510074,0.0047940776638972045,0.4232242288790047,0.0036123779060314282,0.42087091973446067,0.004601659905814114,0.424130952918701,0.004135125985096679,0.42373908682878403,0.003912407613122934,0.42340572556205996,0.004137553686835551,0.42130881924090563,0.004006989336432834,0.41923377239643733,0.003613198979248318,0.4204863812768067,0.003453881941847641,0.4202766167778568,0.0046579299331741
0.9,0.4256313219167073,0.004034081654784431,0.4231457752004061,0.0038572306343807178,0.42314577520040614,0.0038572306343807004,0.42349931353081277,0.0038558660681239586,0.42324978505395244,0.004177681781482406,0.4215619296045527,0.004245001273242142,0.42260955239911757,0.0038932632569679305,0.42282468006688967,0.004030496765367084,0.42282468006688967,0.004030496765367088,0.4214479927841551,0.003767597900507616,0.42039576639548454,0.0034758654307431515,0.42094797391898164,0.003455207418133148,0.4213506348835805,0.004661371409365775
0.92,0.423659390663381,0.004004144959156479,0.423659390663381,0.004004144959156453,0.423659390663381,0.004004144959156435,0.423527065882033,0.0032716087556456603,0.42308471987480645,0.0037194836835894923,0.4213485617643242,0.004265967589769958,0.42325281552175215,0.003689857623959868,0.4219789963912698,0.003770602798296496,0.42174111465759917,0.0037368440112386203,0.4227405258790444,0.003972180952947297,0.4211515222901146,0.0031320285756357515,0.4218994743992896,0.0037241449178079507,0.42228246956484,0.0042117139512073375
0.94,0.42354935719988057,0.003715218236495473,0.42354935719988057,0.003715218236495463,0.4228963240939845,0.004335212300398485,0.42339553696319737,0.003049755436848674,0.4235549551438308,0.003601383975266019,0.42200334788829147,0.004259869076774717,0.42250650894671615,0.003847835325508454,0.4225065089467162,0.0038478353255084396,0.42303333190780595,0.003762139706453992,0.42343700914334026,0.004229277640698691,0.42213031341937857,0.0028620204259731724,0.4226521960709433,0.004094083332427051,0.42205402047699947,0.0036057261087227817
0.96,0.4232347963490328,0.003177988252094958,0.4230228016980972,0.0034663406703647087,0.42280944808051363,0.003770405340915156,0.42408915595084795,0.003315849475007144,0.4232303211368731,0.004427868847606073,0.4227889214645667,0.004065874412782162,0.4228094480805136,0.003770405340915182,0.42280944808051363,0.003770405340915154,0.4228094480805136,0.003770405340915164,0.4242688760415436,0.004197476390503193,0.4226682733622743,0.0030693921372761056,0.42287392459268563,0.003836925741529133,0.4223307803409919,0.0034782706504489897
0.98,0.42359077869939143,0.003609949614765089,0.4228085498714301,0.003855819344735741,0.42280854987143013,0.0038558193447357212,0.4239002227564602,0.004215786913382712,0.4236371454718725,0.0038050254837450046,0.42313310462027287,0.003628182969923551,0.42280854987143013,0.003855819344735741,0.42280854987143013,0.003855819344735728,0.42306391610603394,0.003802564554340793,0.4233728820852015,0.0039000378013646997,0.42295166596064454,0.0033839569590161634,0.42367218756954933,0.003687403461669475,0.42280854987143024,0.0038558193447358028
1.0,0.42361971127914355,0.003893755175436516,0.4236197112791435,0.0038937551754364905,0.42361971127914355,0.0038937551754364675,0.42361971127914344,0.0038937551754364566,0.4236197112791435,0.0038937551754364905,0.42361971127914355,0.0038937551754364814,0.42361971127914355,0.0038937551754365048,0.42361971127914355,0.0038937551754364814,0.4236197112791435,0.003893755175436488,0.4236197112791436,0.0038937551754364987,0.42361971127914355,0.00389375517543655,0.42361971127914355,0.00389375517543655,0.4236197112791436,0.003893755175436538
0.0,0.3741371258020223,0.009349134399020943,0.40901831566500624,0.015773336619988226,0.4003449592346361,0.006817359747663359,0.4284307757168039,0.03874884922260988,0.3979043619140221,0.028370779225015266,0.3854148683051768,0.02371609861831005,0.40034495923463653,0.006817359747664543,0.400344959234637,0.006817359747663739,0.3921953765969061,0.01636069707919499,0.36905104309908743,0.0015614770517013233,0.369051043099089,0.0015614770517065665,0.36905104309908765,0.0015614770517062518,0.36905104309908954,0.0015614770517078562
0.02,0.3741371258020223,0.009349134399020943,0.40901831566500624,0.015773336619988226,0.4003449592346361,0.006817359747663359,0.4284307757168039,0.03874884922260988,0.3979043619140221,0.028370779225015266,0.3854148683051768,0.02371609861831005,0.40034495923463653,0.006817359747664543,0.400344959234637,0.006817359747663739,0.3921953765969061,0.01636069707919499,0.36905104309908743,0.0015614770517013233,0.369051043099089,0.0015614770517065665,0.36905104309908765,0.0015614770517062518,0.36905104309908954,0.0015614770517078562
0.04,0.38903467938204617,0.007208839677361131,0.4067252912288868,0.011568972671304857,0.3846980011668608,0.003589380420021768,0.4160933781679651,0.025289020426968033,0.4062529300999761,0.024550675061197173,0.3900774303061226,0.02286591397786417,0.384698001166861,0.003589380420022344,0.3846980011668612,0.003589380420021847,0.38469800116686054,0.0035893804200221166,0.3860018595075668,0.016990651173129787,0.38884012153290953,0.01886898135484338,0.36434833856262894,0.006586454586135156,0.36525132923433035,0.01452303867335365
0.06,0.396024579623685,0.01076269181172708,0.4058491966515937,0.009485930825137712,0.39574294870939414,0.003741911883768916,0.42039043383837305,0.03169695017951608,0.40246818235446896,0.023362334867904497,0.3822418890435445,0.026213405985786285,0.3962462871788344,0.003041414274296677,0.3962462871788346,0.0030414142742968284,0.39624628717883414,0.0030414142742970856,0.3832818392238133,0.009543100297698403,0.38476801799136756,0.012991690208923167,0.3672795536197074,0.008478510758450642,0.38341711184702604,0.009227853724780574
0.08,0.40405556751589394,0.00939333050829425,0.4079212269430169,0.002652840052020078,0.4041964841032115,0.004348414859553934,0.4233225984181944,0.03207191303017327,0.3962279018103945,0.020910703700409344,0.3877853179280056,0.024048631845163166,0.40419648410321163,0.0043484148595541155,0.40419648410321174,0.004348414859554032,0.4041964841032114,0.004348414859554452,0.38444731932612225,0.013131420221195962,0.3882534369438884,0.010433383731381723,0.3780746996749846,0.00937820875174634,0.3849125515253022,0.010379079137061363
0.1,0.40103326205322853,0.011985215779405535,0.41695766956865765,0.002583729603955169,0.4114504852687665,0.004571212072802145,0.4267565348128632,0.024744649152273115,0.3983003027800379,0.015935630507087652,0.3924869157262132,0.021286615655609485,0.41223642663224247,0.005095959429301747,0.41145048526876665,0.004571212072802195,0.41145048526876643,0.004571212072802483,0.39154288719164587,0.004471719768284939,0.39523976201857225,0.011742120698326244,0.38434351925093685,0.00876463466777607,0.38876863874645096,0.006722554605817855
0.12,0.40089199415023746,0.009773396705134461,0.4177824198035948,0.003500036469829073,0.4146531443519067,0.008573957755462035,0.4244088535732606,0.02616990549033189,0.40484668058683626,0.012459444876718994,0.3934439815140132,0.02089260585822927,0.41465314435190676,0.008573957755462144,0.4074707738943126,0.009013286046008857,0.40966818716607,0.008784764818950819,0.39835208551277557,0.001329679853557023,0.39808010095455726,0.0044035368679551335,0.3886628526976014,0.004263331565035839,0.38770737007033707,0.0022076485501258984
0.14,0.3986510452593322,0.010197175975862107,0.4221842223993323,0.0034769297041224293,0.41348338675101737,0.007515693052053905,0.42222219476053724,0.01870060587562924,0.3996643590630153,0.0050850023062445175,0.3973186116888762,0.01739170198421583,0.4093887913444328,0.003013752875222349,0.41054445851538063,0.007789617705730834,0.4099293261119882,0.004907374562591277,0.40447710109219803,0.0018715440075235705,0.40429328162370864,0.0006679024764967634,0.3891645841284099,0.008800948700540474,0.38861850498154094,0.0067069290469925855
0.16,0.40318741697822214,0.011659715141614048,0.42326048456899884,0.005374117461302161,0.4127188364558886,0.0031065253913457884,0.4234135575917636,0.018116286034679966,0.40222339287374115,0.006156460631528699,0.3967889800684311,0.017068758679639657,0.41207871367239585,0.002505069705731251,0.41105096935606106,0.003267725835998575,0.41237007187148783,0.0027398448416668035,0.4036772348373024,0.005447320635989276,0.4028095965318593,0.004041144550257647,0.39298759574641084,0.00797202986527545,0.3912081701763658,0.007853858049932654
0.18,0.407169320263824,0.011016180712765661,0.42416370062315184,0.00444157224104178,0.4150555073373105,0.003968685977642914,0.42323782419141437,0.014411821220101362,0.40654256002829925,0.006494149500189861,0.4002400650922154,0.015037973162846413,0.4133560120163446,0.0027094172428417523,0.41335601201634464,0.0027094172428417107,0.41438713886340084,0.0015799492032029844,0.40550737357468536,0.005061323022205974,0.40214886363582336,0.00415823753227948,0.3976849538652403,0.008420317070998296,0.39496596034806203,0.005755482475316018
0.2,0.4065359980200767,0.008880012585422007,0.4254651502768775,0.00362114223145977,0.4171113763441006,0.0027528095623139477,0.4224495834945418,0.014665527128723045,0.4091104975453438,0.007628267701329602,0.3992472072369947,0.015554103410247993,0.4168794065525645,0.0028854207885323367,0.4141553270147215,0.002991972953492572,0.41407552211632365,0.004130350715253881,0.40606760155088056,0.0023282319610689753,0.4004226500126852,0.0026785959037742657,0.3994082357896928,0.007659164200571006,0.3944388318383844,0.003075694448117203
0.22,0.40853153867725345,0.0061427199337141395,0.42828966704174626,0.002332785763025661,0.41804831088586536,0.003530464300473315,0.4216535599422354,0.014611683880513033,0.4074479023691858,0.005297195092261698,0.4001877889899057,0.015238863898269747,0.41754036984898496,0.002969285722392678,0.4161789827868418,0.00415103094371027,0.4131385112466166,0.004357949435855772,0.40748102386961177,0.005797972617587251,0.4025475754951643,0.0042452261103837685,0.4006104238406659,0.004070254354743715,0.39608233513628277,0.001727333966732668
0.24,0.4115006460922111,0.005121640328262878,0.4284816093905771,0.004256659877104056,0.41894557928664955,0.0031931076063074293,0.41915365352127737,0.014333348623822784,0.4077177807828226,0.0065615919758301765,0.40328049709777686,0.013374836526468379,0.41792129475049467,0.0024649283517766195,0.4149528139466314,0.0030753956421131394,0.41464222253249056,0.004856842409315822,0.40753046133425636,0.0054349174383791585,0.40224389355800483,0.005371750583236281,0.4024701087627005,0.004979389731324218,0.39773857873031887,0.0030261948530120597
0.26,0.4132501236257768,0.004182399971602624,0.42831298215053815,0.00391854343943238,0.42007616944208964,0.0020022593366992203,0.41802599173102306,0.012477964397331847,0.40773773004476077,0.00590207124684442,0.40392594194387366,0.013034044309762384,0.41354444276517954,0.0015243214404303295,0.41163233243789676,0.0018352856589196162,0.4114134073755854,0.0033533094934074968,0.408767782772789,0.003682391058612599,0.40469395572357925,0.0037189567560768255,0.40463105429406565,0.004005925205775003,0.3979606972393592,0.00511208653958836
0.28,0.41511271088695945,0.005808662993792955,0.43018543523912645,0.004766961403744027,0.41879821469150025,0.004227278812432067,0.41800100122300154,0.011645676660581047,0.4105984377471449,0.005183095349195723,0.4055046925245616,0.01197207760309566,0.4150112067887609,0.0014605753279098837,0.4127711718911019,0.0029903627326217414,0.4109047357545991,0.0028878622204744227,0.40739359929732877,0.005636391038232692,0.40364685099399844,0.003089151216176415,0.40286020108207005,0.0027237269900471455,0.39944729302788395,0.006010055429896859
0.3,0.4174225660847804,0.006450455353222595,0.4305316161400115,0.007168998138690271,0.4167034337479495,0.002430115386837634,0.4153350030694446,0.009090749662542136,0.41183924307079955,0.004635470807897609,0.40634910892741943,0.011748413854158353,0.4142574106763405,0.0025925117335583096,0.41223393323469204,0.0049537726800579825,0.4123925184694674,0.0018880434185863924,0.4064417603662304,0.00357597324120064,0.4040552105886911,0.001848266652573968,0.40534428345713747,0.0027957178524680875,0.400661582925545,0.007106797207473568
0.32,0.4174947457765673,0.007748852587576958,0.430663870154942,0.0075461566791610165,0.41546856502889906,0.001985124152640798,0.4147931775735739,0.006062713690435468,0.4122698067862272,0.004692809731736832,0.40789586241536707,0.010897587786233821,0.41515281923789293,0.003218914455030814,0.41129383067222236,0.003881210261777336,0.41157269449486567,0.0034132984927108478,0.40646293523353205,0.0033755091992811546,0.4058243706016923,0.003511651470427213,0.4061434617365297,0.004196838545500856,0.4021023538359703,0.005448724541135137
0.34,0.4171405070424574,0.00825590018937819,0.4283555206275686,0.0050835624018973615,0.41619032831622405,0.0009442440563052354,0.4149806628706869,0.006848909357988679,0.4106862277903579,0.006023290371716158,0.40958075382580095,0.00986079254368683,0.4143357939313038,0.0029830543372792546,0.4098581620783684,0.005340476878914286,0.410795827432393,0.0018394173548734868,0.4066785931566364,0.0010089438766311763,0.4067244202643392,0.004209256763343809,0.40694208033494356,0.0030928338804416845,0.40332110634635204,0.0026983156349197884
0.36,0.4181671379588616,0.006734453287929594,0.4276597742423408,0.0036858837820455017,0.41537491146833955,0.0033765719764972646,0.4141175964116602,0.005290231107644951,0.4116511952619068,0.006429867016326653,0.4102699286423807,0.009702847926896255,0.4129760461661916,0.0050934581546197896,0.4112806744344701,0.003854799981864317,0.411799666982448,0.003095192425620796,0.40533616099390574,0.0028147884632152564,0.40682384009788963,0.004207625965290894,0.4057199524242141,0.0025946737181548273,0.4054088496076559,0.0023080761410175345
0.38,0.4173207872335059,0.007033278773957693,0.4257564545278505,0.002389458345834653,0.4151613441886036,0.00304673439854347,0.4147734935957211,0.006661002626454856,0.41077913587849724,0.006842909617127733,0.4092115842924297,0.01026089472525478,0.41298479415055134,0.005701338513376925,0.41325208491349874,0.0053030579539279895,0.41324340150262384,0.00531583211367845,0.40628607613865486,0.0029972071846698233,0.4074575622260446,0.005931895208391678,0.4069243802060779,0.002522437411281606,0.4068317315374054,0.0034840190258962657
0.4,0.4186191924109139,0.0071229825309970934,0.4253275573969756,0.0016951371620004892,0.4140842156867609,0.005069470317853667,0.4164766694232239,0.006517815719580844,0.41111869491896297,0.008499086459541639,0.4092642482932289,0.010595288986609754,0.4120398201654619,0.005440945310928018,0.41301137573705726,0.006201478368965416,0.41389477699355165,0.005814911157786802,0.4067219877885168,0.004104472497826341,0.40768234414938626,0.0057032334718647324,0.4073530514722715,0.004515502088389571,0.4088609427629532,0.003295716971522985
0.42,0.4186550771768708,0.007314971212187723,0.4262671946001788,0.0019016959396495174,0.41494483022336603,0.004214171923745452,0.4174919003168194,0.006515426476946419,0.4127290129393747,0.00778033777034096,0.4099986652104076,0.010933840813338213,0.41188624639426397,0.004879357738181203,0.411886246394264,0.004879357738181137,0.4133081521789008,0.0056543993954218,0.4077313056637275,0.003971401651699562,0.4091270639864348,0.004888270661434197,0.40786327608685213,0.004759703719699718,0.4105060645128238,0.0032881452867107443
0.44,0.4194456909702597,0.006370076245058723,0.42726078745242463,0.004335301737066459,0.41406725574028747,0.004233647889115336,0.41642983191312893,0.008099374031231003,0.41106259162857967,0.007535108520710295,0.40978965084305813,0.010408963275990998,0.41309194669510235,0.0049018612902956464,0.41309194669510246,0.004901861290295578,0.41327531151664876,0.005009978179423221,0.4091244575216432,0.004565804919294569,0.41040338828286327,0.0056177458185405664,0.40755327123194796,0.00483645148431014,0.4115220179936653,0.0031067698534608954
0.46,0.4181170685324408,0.006922515745013911,0.42678444138930205,0.005384239985245572,0.4151592014936705,0.004273006716156713,0.4148268054150239,0.008175623583162591,0.4131873323702232,0.006580368225382563,0.40996832027400876,0.010119226711849975,0.41403402916041376,0.005058140512490248,0.41282500330920946,0.005554054839628664,0.4120655139786773,0.005106211217031955,0.41115042902181487,0.003813131045398941,0.4109841447060645,0.005996572976688711,0.40813440475273227,0.0051805661777928735,0.41094669865276917,0.004261454568089852
0.48,0.4195869763704471,0.006313121621199022,0.42561982371082163,0.0060649974211744225,0.41558275009838047,0.004181019770192278,0.4158211899812923,0.009222126887682956,0.41433858296027803,0.0059760158667566815,0.4108906945169306,0.0095754008026547,0.41465935485672456,0.005594827012213101,0.4119694679966038,0.0050233781187631705,0.4128379101685481,0.0058788916781627966,0.41128476579215284,0.004230003734083935,0.4120797181182616,0.006305574380426831,0.4098220681249772,0.005090619196635378,0.4110172829507399,0.0042614817023089195
0.5,0.41894077947205455,0.003979775408059132,0.42499157658507214,0.00494841427016424,0.4151450536825565,0.003930933646853706,0.4165740506341113,0.008893169242375557,0.41521625483546315,0.005700631317048254,0.41051245547234094,0.009371575438375614,0.413937251639359,0.005096771923901057,0.4116278422560095,0.005261414166963963,0.4124844729527373,0.004319477466522887,0.4130735025007764,0.003526885318224491,0.412886459035878,0.006017460557121127,0.4099239274182648,0.005200626178097895,0.41208663016064884,0.004575394485902345
0.52,0.4184930653929624,0.003689250683493334,0.4227939662209983,0.005271482229243909,0.41512963583499396,0.0019105741396498884,0.4180988302699468,0.008002225338233283,0.41595294193474797,0.005231393426082977,0.4104410426430302,0.009495087691658913,0.4129131356861713,0.004214581948912842,0.41194801796220404,0.0036997595430801706,0.41259595494992457,0.00357475731631373,0.4141704627202594,0.0038340778132215612,0.4139527471688187,0.006165333769255769,0.41106371595177144,0.006133491908266876,0.41075689504720003,0.005439315163423388
0.54,0.417039742594569,0.003079506116150089,0.4211655592667564,0.004325990745114979,0.4150411266940646,0.002687828174302166,0.4186638486397583,0.0076069276516148405,0.4161569491312912,0.005538449321019508,0.4114601106486685,0.009026656029965807,0.41301062872754335,0.002492851647364827,0.4130106287275434,0.0024928516473648053,0.412782772024211,0.002561324984153186,0.4147578912919182,0.004957903187421034,0.41421686760634036,0.007175127411134381,0.41244744126087984,0.006332454027059738,0.4103880342605251,0.0048110709009147505
0.56,0.4165646869506604,0.0015929051618283289,0.4222404866905886,0.0035486732537112456,0.41604992702927174,0.004083405567489791,0.41758142839189893,0.0066966646117848205,0.4177753008130557,0.005326135657485197,0.41290191044540026,0.008441643515144714,0.41514479753626404,0.002937281190279396,0.4151447975362641,0.0029372811902793772,0.4141217340904789,0.0037526995792294708,0.4145409531124721,0.004458938438897881,0.415366392458083,0.006525847334053673,0.4124331760784062,0.005369094518198412,0.41155028943627525,0.0035202132450177516
0.58,0.41629979801450967,0.0015828545910082008,0.4209165446974706,0.003137861080320167,0.41669708194933947,0.0037757024540906684,0.41838646587904055,0.006194710896425265,0.4181813413078148,0.005975944217665394,0.413898310775559,0.007645329736066103,0.41577622006093506,0.003946828641787876,0.4157762200609352,0.0039468286417878255,0.41466466728150947,0.003637301347400887,0.41384073680040145,0.003630658790060569,0.4156845606927956,0.005396112861180171,0.41265910214703516,0.004823524894253435,0.41173199407874017,0.0027982027489621935
0.6,0.4166983273296515,0.0027670379767347282,0.42163642375792065,0.004049550333976137,0.41618370883706196,0.003838279019889288,0.41831724517552915,0.006260651791500634,0.4185019722597796,0.005711421985454648,0.414643831841019,0.0071806207660896956,0.41618370883706196,0.0038382790198893024,0.41618370883706196,0.003838279019889284,0.41618370883706196,0.003838279019889266,0.4148364533518596,0.003202983848469054,0.41634431663155647,0.004678914127262174,0.4134200903604843,0.004075669039341001,0.4115803122669943,0.0027947743750643865
0.62,0.4169545062331561,0.0027036302370769356,0.4210051116988162,0.0035387029584351107,0.4177725618808935,0.004205529449443773,0.41861397161935543,0.00473091054495691,0.41785993605828986,0.004402578240248111,0.4153977377759472,0.006615197384536132,0.41777256188089346,0.004205529449443795,0.4182855351713445,0.0041744617121211545,0.4172376943171448,0.004042616373764236,0.4150988506666035,0.0029988943393161618,0.41650919735070724,0.004694855576993131,0.41299711543186063,0.006013791994477856,0.41290492252684824,0.0036277479339846554
0.64,0.41755258109779947,0.003390469907706868,0.42146354650186724,0.004170671819976481,0.4197024141459588,0.00412437854296996,0.41841709291711116,0.0039025253588818665,0.4192203948154607,0.0038962477998088036,0.4159692043295427,0.006559480859024452,0.41919081228330546,0.004264313701199561,0.4197024141459589,0.00412437854296996,0.4192409015322285,0.004242651394468503,0.4149001628892939,0.0031646471749854385,0.4164478818916551,0.005053648509302053,0.41478984619953063,0.00640233874641247,0.41414384548000527,0.0036708600061747636
0.66,0.4183479142220958,0.002958086482729457,0.4225061659207808,0.003595201594647473,0.42009762733587785,0.0032085404483189507,0.4189852241720504,0.003668742058690189,0.41946821872193224,0.004152784894916534,0.4166013616823492,0.005939561225387685,0.41914178434125493,0.0042561785976233555,0.41962371375338003,0.00405931601518617,0.4189672492942488,0.004062099874758543,0.41623902169380855,0.0023531243535640446,0.41727548664905406,0.00541697683510762,0.4143364372910498,0.005769523633681164,0.41503971904413334,0.0027958869655367188
0.68,0.4191692009823133,0.0033851718957562085,0.4230269146152029,0.00413135420845839,0.42141138580700793,0.00308461207711146,0.4201058451524091,0.003384387238377,0.4198037773226787,0.0038698310159713096,0.4170817875679342,0.0053322020973858054,0.41956573996247887,0.003321994087233018,0.41885797940899494,0.004321999215019842,0.41832292210030064,0.00394259268430504,0.41648070028299244,0.0028355445785427616,0.4169925710238355,0.0036852917046320565,0.41478897744310994,0.005826340266796415,0.4167000047613886,0.0025596974092067623
0.7,0.41881228826634675,0.0029712339026500578,0.4233403762395118,0.0035793715224164842,0.4216348192186406,0.003910695819990428,0.4209671697950927,0.0034588075706438477,0.4196544436286274,0.0029794526724848383,0.4183045660346266,0.004783333542834853,0.4201269654211178,0.001960384677691594,0.41911228692515845,0.0031221517823307055,0.4192513305424629,0.003132860766558546,0.4168782971169711,0.002677260217157924,0.41707652953829466,0.0036553481678475324,0.415966157309748,0.005474618262503667,0.41636333811670606,0.002507634398078658
0.72,0.41987402769395443,0.0037001543536665958,0.4240907463932494,0.00420566212909452,0.4224921348142595,0.004063216122392129,0.4205677914936069,0.003399877107358042,0.41925286198558487,0.0030208727093604002,0.41872847809098024,0.0047770360244043875,0.42084833292835266,0.002993860512114513,0.4205850691205376,0.003007616350240203,0.42038364903387937,0.0034563625954199197,0.41736381124516003,0.003335566533937205,0.41774455978243197,0.004180460701046009,0.41673703226221237,0.004610715500267633,0.4175605901829459,0.002723042694635549
0.74,0.4201503742119962,0.003083272884605429,0.4244522941023036,0.003996117376725333,0.42275160244734206,0.004123624816210275,0.4210445253237556,0.002837423922312192,0.4197340672953412,0.0028505968276773307,0.4195664468574176,0.004607298296955077,0.42216065797593183,0.0033841496280911307,0.42155671807153183,0.0034051735938366847,0.42167535087903246,0.0031591301271878965,0.41806066018051297,0.003707567808698271,0.41763893306237265,0.005088078122368278,0.417012632814502,0.005008133646221553,0.4180561423773569,0.003515062563621687
0.76,0.4217839952430688,0.0028265990123669663,0.42455829589761085,0.004137094017989667,0.423098870655124,0.0038461544193136945,0.42103883550322124,0.0026364158831985443,0.4207293551061249,0.0030815659665434755,0.4202628872857762,0.004461231472245597,0.42309887065512397,0.003846154419313711,0.4223837279976492,0.003791903051204564,0.42145156930586963,0.002968589786649207,0.4186519286071656,0.0031310927548747936,0.4179021058221907,0.004829375107520122,0.4178940631064676,0.004693659185942443,0.4184925862206092,0.0032205217408504782
0.78,0.4228186481979238,0.003109221311033899,0.4241626414901888,0.0041710281809045,0.42315071027709084,0.0037253345611077374,0.42176380799008256,0.00301053740972847,0.4218850024834154,0.0034337091302183743,0.4201967475568217,0.005171819635972547,0.4231507102770909,0.0037253345611077716,0.423603212443867,0.00376521160029933,0.4222277459118198,0.0036993143507377036,0.4194008616820286,0.00297314012549801,0.41806467197204245,0.004212463738105197,0.4184199263883187,0.003437369352754071,0.4199710507567899,0.0034672189398469075
0.8,0.4232437836231918,0.0038878535570231938,0.4243102744522415,0.0037481267885179667,0.4236954608265803,0.003262708691474242,0.42170777293261097,0.003014672776826599,0.420953811743303,0.0032149579235967066,0.4208654765601574,0.0046524486135308294,0.4234446438744595,0.0033987192397809283,0.42344464387445957,0.003398719239780911,0.422992424154702,0.004002290871771337,0.41949894381074426,0.003543735182974868,0.41746934008542746,0.0045109129406960095,0.41805117694518196,0.002919860051317524,0.41958384398688797,0.0033845281827631695
0.82,0.4230672180899509,0.004306695954405442,0.4240223411122622,0.003652538592484206,0.4237598602647288,0.003368714573077357,0.4224419585694168,0.0035656510203355236,0.4217684607788633,0.0035568144532590286,0.4206196298275381,0.004515783344253992,0.42365916891997185,0.003609395144179703,0.42411399005751355,0.004103029242384594,0.42256875662529414,0.0036859311989239207,0.42070445083168617,0.003397293160231473,0.4178088326237345,0.004173046509561004,0.41871602929201895,0.0022375823685622065,0.4205552707665418,0.0037954687915175652
0.84,0.4236738353184749,0.00425588467984454,0.4241781353122761,0.004308528689432447,0.4239219040087316,0.004012840959157071,0.42283900204938507,0.00390789161239784,0.4223234286537399,0.0034372018424791368,0.42124942776225155,0.004557209430583453,0.42392190400873164,0.0040128409591571115,0.4241781353122761,0.004308528689432416,0.42325054787052935,0.0038977223987775506,0.42182484711986473,0.0037250929034127736,0.4180069311179491,0.003878134514945423,0.4188619062022935,0.0030812212209950915,0.4205596126734486,0.005004068138268472
0.86,0.4239616004850358,0.003738748895557604,0.424396954212959,0.004407146576041218,0.4241243444835553,0.003927309180829321,0.4234051700655662,0.004425706674852101,0.422811616386911,0.0032667769154893374,0.42038777715091413,0.004834453995231584,0.42412434448355524,0.00392730918082935,0.4235699228987291,0.00427957387039566,0.42359319908099324,0.0038676461051264407,0.42086543225317274,0.0038791737279068586,0.41842095892582903,0.0036453703471655045,0.41970449822435474,0.0033002570551172567,0.42129559608412814,0.004869551211188951
0.88,0.4245989834401983,0.004201553835329278,0.42433941274623893,0.004017633692853234,0.42433941274623893,0.0040176336928531885,0.42381797060510074,0.0047940776638972045,0.4232242288790047,0.0036123779060314282,0.42087091973446067,0.004601659905814114,0.424130952918701,0.004135125985096679,0.42373908682878403,0.003912407613122934,0.42340572556205996,0.004137553686835551,0.42130881924090563,0.004006989336432834,0.41923377239643733,0.003613198979248318,0.4204863812768067,0.003453881941847641,0.4202766167778568,0.0046579299331741
0.9,0.4256313219167073,0.004034081654784431,0.4231457752004061,0.0038572306343807178,0.42314577520040614,0.0038572306343807004,0.42349931353081277,0.0038558660681239586,0.42324978505395244,0.004177681781482406,0.4215619296045527,0.004245001273242142,0.42260955239911757,0.0038932632569679305,0.42282468006688967,0.004030496765367084,0.42282468006688967,0.004030496765367088,0.4214479927841551,0.003767597900507616,0.42039576639548454,0.0034758654307431515,0.42094797391898164,0.003455207418133148,0.4213506348835805,0.004661371409365775
0.92,0.423659390663381,0.004004144959156479,0.423659390663381,0.004004144959156453,0.423659390663381,0.004004144959156435,0.423527065882033,0.0032716087556456603,0.42308471987480645,0.0037194836835894923,0.4213485617643242,0.004265967589769958,0.42325281552175215,0.003689857623959868,0.4219789963912698,0.003770602798296496,0.42174111465759917,0.0037368440112386203,0.4227405258790444,0.003972180952947297,0.4211515222901146,0.0031320285756357515,0.4218994743992896,0.0037241449178079507,0.42228246956484,0.0042117139512073375
0.94,0.42354935719988057,0.003715218236495473,0.42354935719988057,0.003715218236495463,0.4228963240939845,0.004335212300398485,0.42339553696319737,0.003049755436848674,0.4235549551438308,0.003601383975266019,0.42200334788829147,0.004259869076774717,0.42250650894671615,0.003847835325508454,0.4225065089467162,0.0038478353255084396,0.42303333190780595,0.003762139706453992,0.42343700914334026,0.004229277640698691,0.42213031341937857,0.0028620204259731724,0.4226521960709433,0.004094083332427051,0.42205402047699947,0.0036057261087227817
0.96,0.4232347963490328,0.003177988252094958,0.4230228016980972,0.0034663406703647087,0.42280944808051363,0.003770405340915156,0.42408915595084795,0.003315849475007144,0.4232303211368731,0.004427868847606073,0.4227889214645667,0.004065874412782162,0.4228094480805136,0.003770405340915182,0.42280944808051363,0.003770405340915154,0.4228094480805136,0.003770405340915164,0.4242688760415436,0.004197476390503193,0.4226682733622743,0.0030693921372761056,0.42287392459268563,0.003836925741529133,0.4223307803409919,0.0034782706504489897
0.98,0.42359077869939143,0.003609949614765089,0.4228085498714301,0.003855819344735741,0.42280854987143013,0.0038558193447357212,0.4239002227564602,0.004215786913382712,0.4236371454718725,0.0038050254837450046,0.42313310462027287,0.003628182969923551,0.42280854987143013,0.003855819344735741,0.42280854987143013,0.003855819344735728,0.42306391610603394,0.003802564554340793,0.4233728820852015,0.0039000378013646997,0.42295166596064454,0.0033839569590161634,0.42367218756954933,0.003687403461669475,0.42280854987143024,0.0038558193447358028
1.0,0.42361971127914355,0.003893755175436516,0.4236197112791435,0.0038937551754364905,0.42361971127914355,0.0038937551754364675,0.42361971127914344,0.0038937551754364566,0.4236197112791435,0.0038937551754364905,0.42361971127914355,0.0038937551754364814,0.42361971127914355,0.0038937551754365048,0.42361971127914355,0.0038937551754364814,0.4236197112791435,0.003893755175436488,0.4236197112791436,0.0038937551754364987,0.42361971127914355,0.00389375517543655,0.42361971127914355,0.00389375517543655,0.4236197112791436,0.003893755175436538
0.0,0.3741371258020223,0.009349134399020943,0.40901831566500624,0.015773336619988226,0.4003449592346361,0.006817359747663359,0.4284307757168039,0.03874884922260988,0.3979043619140221,0.028370779225015266,0.3854148683051768,0.02371609861831005,0.40034495923463653,0.006817359747664543,0.400344959234637,0.006817359747663739,0.3921953765969061,0.01636069707919499,0.36905104309908743,0.0015614770517013233,0.369051043099089,0.0015614770517065665,0.36905104309908765,0.0015614770517062518,0.36905104309908954,0.0015614770517078562
0.02,0.3741371258020223,0.009349134399020943,0.40901831566500624,0.015773336619988226,0.4003449592346361,0.006817359747663359,0.4284307757168039,0.03874884922260988,0.3979043619140221,0.028370779225015266,0.3854148683051768,0.02371609861831005,0.40034495923463653,0.006817359747664543,0.400344959234637,0.006817359747663739,0.3921953765969061,0.01636069707919499,0.36905104309908743,0.0015614770517013233,0.369051043099089,0.0015614770517065665,0.36905104309908765,0.0015614770517062518,0.36905104309908954,0.0015614770517078562
0.04,0.38903467938204617,0.007208839677361131,0.4067252912288868,0.011568972671304857,0.3846980011668608,0.003589380420021768,0.4160933781679651,0.025289020426968033,0.4062529300999761,0.024550675061197173,0.3900774303061226,0.02286591397786417,0.384698001166861,0.003589380420022344,0.3846980011668612,0.003589380420021847,0.38469800116686054,0.0035893804200221166,0.3860018595075668,0.016990651173129787,0.38884012153290953,0.01886898135484338,0.36434833856262894,0.006586454586135156,0.36525132923433035,0.01452303867335365
0.06,0.396024579623685,0.01076269181172708,0.4058491966515937,0.009485930825137712,0.39574294870939414,0.003741911883768916,0.42039043383837305,0.03169695017951608,0.40246818235446896,0.023362334867904497,0.3822418890435445,0.026213405985786285,0.3962462871788344,0.003041414274296677,0.3962462871788346,0.0030414142742968284,0.39624628717883414,0.0030414142742970856,0.3832818392238133,0.009543100297698403,0.38476801799136756,0.012991690208923167,0.3672795536197074,0.008478510758450642,0.38341711184702604,0.009227853724780574
0.08,0.40405556751589394,0.00939333050829425,0.4079212269430169,0.002652840052020078,0.4041964841032115,0.004348414859553934,0.4233225984181944,0.03207191303017327,0.3962279018103945,0.020910703700409344,0.3877853179280056,0.024048631845163166,0.40419648410321163,0.0043484148595541155,0.40419648410321174,0.004348414859554032,0.4041964841032114,0.004348414859554452,0.38444731932612225,0.013131420221195962,0.3882534369438884,0.010433383731381723,0.3780746996749846,0.00937820875174634,0.3849125515253022,0.010379079137061363
0.1,0.40103326205322853,0.011985215779405535,0.41695766956865765,0.002583729603955169,0.4114504852687665,0.004571212072802145,0.4267565348128632,0.024744649152273115,0.3983003027800379,0.015935630507087652,0.3924869157262132,0.021286615655609485,0.41223642663224247,0.005095959429301747,0.41145048526876665,0.004571212072802195,0.41145048526876643,0.004571212072802483,0.39154288719164587,0.004471719768284939,0.39523976201857225,0.011742120698326244,0.38434351925093685,0.00876463466777607,0.38876863874645096,0.006722554605817855
0.12,0.40089199415023746,0.009773396705134461,0.4177824198035948,0.003500036469829073,0.4146531443519067,0.008573957755462035,0.4244088535732606,0.02616990549033189,0.40484668058683626,0.012459444876718994,0.3934439815140132,0.02089260585822927,0.41465314435190676,0.008573957755462144,0.4074707738943126,0.009013286046008857,0.40966818716607,0.008784764818950819,0.39835208551277557,0.001329679853557023,0.39808010095455726,0.0044035368679551335,0.3886628526976014,0.004263331565035839,0.38770737007033707,0.0022076485501258984
0.14,0.3986510452593322,0.010197175975862107,0.4221842223993323,0.0034769297041224293,0.41348338675101737,0.007515693052053905,0.42222219476053724,0.01870060587562924,0.3996643590630153,0.0050850023062445175,0.3973186116888762,0.01739170198421583,0.4093887913444328,0.003013752875222349,0.41054445851538063,0.007789617705730834,0.4099293261119882,0.004907374562591277,0.40447710109219803,0.0018715440075235705,0.40429328162370864,0.0006679024764967634,0.3891645841284099,0.008800948700540474,0.38861850498154094,0.0067069290469925855
0.16,0.40318741697822214,0.011659715141614048,0.42326048456899884,0.005374117461302161,0.4127188364558886,0.0031065253913457884,0.4234135575917636,0.018116286034679966,0.40222339287374115,0.006156460631528699,0.3967889800684311,0.017068758679639657,0.41207871367239585,0.002505069705731251,0.41105096935606106,0.003267725835998575,0.41237007187148783,0.0027398448416668035,0.4036772348373024,0.005447320635989276,0.4028095965318593,0.004041144550257647,0.39298759574641084,0.00797202986527545,0.3912081701763658,0.007853858049932654
0.18,0.407169320263824,0.011016180712765661,0.42416370062315184,0.00444157224104178,0.4150555073373105,0.003968685977642914,0.42323782419141437,0.014411821220101362,0.40654256002829925,0.006494149500189861,0.4002400650922154,0.015037973162846413,0.4133560120163446,0.0027094172428417523,0.41335601201634464,0.0027094172428417107,0.41438713886340084,0.0015799492032029844,0.40550737357468536,0.005061323022205974,0.40214886363582336,0.00415823753227948,0.3976849538652403,0.008420317070998296,0.39496596034806203,0.005755482475316018
0.2,0.4065359980200767,0.008880012585422007,0.4254651502768775,0.00362114223145977,0.4171113763441006,0.0027528095623139477,0.4224495834945418,0.014665527128723045,0.4091104975453438,0.007628267701329602,0.3992472072369947,0.015554103410247993,0.4168794065525645,0.0028854207885323367,0.4141553270147215,0.002991972953492572,0.41407552211632365,0.004130350715253881,0.40606760155088056,0.0023282319610689753,0.4004226500126852,0.0026785959037742657,0.3994082357896928,0.007659164200571006,0.3944388318383844,0.003075694448117203
0.22,0.40853153867725345,0.0061427199337141395,0.42828966704174626,0.002332785763025661,0.41804831088586536,0.003530464300473315,0.4216535599422354,0.014611683880513033,0.4074479023691858,0.005297195092261698,0.4001877889899057,0.015238863898269747,0.41754036984898496,0.002969285722392678,0.4161789827868418,0.00415103094371027,0.4131385112466166,0.004357949435855772,0.40748102386961177,0.005797972617587251,0.4025475754951643,0.0042452261103837685,0.4006104238406659,0.004070254354743715,0.39608233513628277,0.001727333966732668
0.24,0.4115006460922111,0.005121640328262878,0.4284816093905771,0.004256659877104056,0.41894557928664955,0.0031931076063074293,0.41915365352127737,0.014333348623822784,0.4077177807828226,0.0065615919758301765,0.40328049709777686,0.013374836526468379,0.41792129475049467,0.0024649283517766195,0.4149528139466314,0.0030753956421131394,0.41464222253249056,0.004856842409315822,0.40753046133425636,0.0054349174383791585,0.40224389355800483,0.005371750583236281,0.4024701087627005,0.004979389731324218,0.39773857873031887,0.0030261948530120597
0.26,0.4132501236257768,0.004182399971602624,0.42831298215053815,0.00391854343943238,0.42007616944208964,0.0020022593366992203,0.41802599173102306,0.012477964397331847,0.40773773004476077,0.00590207124684442,0.40392594194387366,0.013034044309762384,0.41354444276517954,0.0015243214404303295,0.41163233243789676,0.0018352856589196162,0.4114134073755854,0.0033533094934074968,0.408767782772789,0.003682391058612599,0.40469395572357925,0.0037189567560768255,0.40463105429406565,0.004005925205775003,0.3979606972393592,0.00511208653958836
0.28,0.41511271088695945,0.005808662993792955,0.43018543523912645,0.004766961403744027,0.41879821469150025,0.004227278812432067,0.41800100122300154,0.011645676660581047,0.4105984377471449,0.005183095349195723,0.4055046925245616,0.01197207760309566,0.4150112067887609,0.0014605753279098837,0.4127711718911019,0.0029903627326217414,0.4109047357545991,0.0028878622204744227,0.40739359929732877,0.005636391038232692,0.40364685099399844,0.003089151216176415,0.40286020108207005,0.0027237269900471455,0.39944729302788395,0.006010055429896859
0.3,0.4174225660847804,0.006450455353222595,0.4305316161400115,0.007168998138690271,0.4167034337479495,0.002430115386837634,0.4153350030694446,0.009090749662542136,0.41183924307079955,0.004635470807897609,0.40634910892741943,0.011748413854158353,0.4142574106763405,0.0025925117335583096,0.41223393323469204,0.0049537726800579825,0.4123925184694674,0.0018880434185863924,0.4064417603662304,0.00357597324120064,0.4040552105886911,0.001848266652573968,0.40534428345713747,0.0027957178524680875,0.400661582925545,0.007106797207473568
0.32,0.4174947457765673,0.007748852587576958,0.430663870154942,0.0075461566791610165,0.41546856502889906,0.001985124152640798,0.4147931775735739,0.006062713690435468,0.4122698067862272,0.004692809731736832,0.40789586241536707,0.010897587786233821,0.41515281923789293,0.003218914455030814,0.41129383067222236,0.003881210261777336,0.41157269449486567,0.0034132984927108478,0.40646293523353205,0.0033755091992811546,0.4058243706016923,0.003511651470427213,0.4061434617365297,0.004196838545500856,0.4021023538359703,0.005448724541135137
0.34,0.4171405070424574,0.00825590018937819,0.4283555206275686,0.0050835624018973615,0.41619032831622405,0.0009442440563052354,0.4149806628706869,0.006848909357988679,0.4106862277903579,0.006023290371716158,0.40958075382580095,0.00986079254368683,0.4143357939313038,0.0029830543372792546,0.4098581620783684,0.005340476878914286,0.410795827432393,0.0018394173548734868,0.4066785931566364,0.0010089438766311763,0.4067244202643392,0.004209256763343809,0.40694208033494356,0.0030928338804416845,0.40332110634635204,0.0026983156349197884
0.36,0.4181671379588616,0.006734453287929594,0.4276597742423408,0.0036858837820455017,0.41537491146833955,0.0033765719764972646,0.4141175964116602,0.005290231107644951,0.4116511952619068,0.006429867016326653,0.4102699286423807,0.009702847926896255,0.4129760461661916,0.0050934581546197896,0.4112806744344701,0.003854799981864317,0.411799666982448,0.003095192425620796,0.40533616099390574,0.0028147884632152564,0.40682384009788963,0.004207625965290894,0.4057199524242141,0.0025946737181548273,0.4054088496076559,0.0023080761410175345
0.38,0.4173207872335059,0.007033278773957693,0.4257564545278505,0.002389458345834653,0.4151613441886036,0.00304673439854347,0.4147734935957211,0.006661002626454856,0.41077913587849724,0.006842909617127733,0.4092115842924297,0.01026089472525478,0.41298479415055134,0.005701338513376925,0.41325208491349874,0.0053030579539279895,0.41324340150262384,0.00531583211367845,0.40628607613865486,0.0029972071846698233,0.4074575622260446,0.005931895208391678,0.4069243802060779,0.002522437411281606,0.4068317315374054,0.0034840190258962657
0.4,0.4186191924109139,0.0071229825309970934,0.4253275573969756,0.0016951371620004892,0.4140842156867609,0.005069470317853667,0.4164766694232239,0.006517815719580844,0.41111869491896297,0.008499086459541639,0.4092642482932289,0.010595288986609754,0.4120398201654619,0.005440945310928018,0.41301137573705726,0.006201478368965416,0.41389477699355165,0.005814911157786802,0.4067219877885168,0.004104472497826341,0.40768234414938626,0.0057032334718647324,0.4073530514722715,0.004515502088389571,0.4088609427629532,0.003295716971522985
0.42,0.4186550771768708,0.007314971212187723,0.4262671946001788,0.0019016959396495174,0.41494483022336603,0.004214171923745452,0.4174919003168194,0.006515426476946419,0.4127290129393747,0.00778033777034096,0.4099986652104076,0.010933840813338213,0.41188624639426397,0.004879357738181203,0.411886246394264,0.004879357738181137,0.4133081521789008,0.0056543993954218,0.4077313056637275,0.003971401651699562,0.4091270639864348,0.004888270661434197,0.40786327608685213,0.004759703719699718,0.4105060645128238,0.0032881452867107443
0.44,0.4194456909702597,0.006370076245058723,0.42726078745242463,0.004335301737066459,0.41406725574028747,0.004233647889115336,0.41642983191312893,0.008099374031231003,0.41106259162857967,0.007535108520710295,0.40978965084305813,0.010408963275990998,0.41309194669510235,0.0049018612902956464,0.41309194669510246,0.004901861290295578,0.41327531151664876,0.005009978179423221,0.4091244575216432,0.004565804919294569,0.41040338828286327,0.0056177458185405664,0.40755327123194796,0.00483645148431014,0.4115220179936653,0.0031067698534608954
0.46,0.4181170685324408,0.006922515745013911,0.42678444138930205,0.005384239985245572,0.4151592014936705,0.004273006716156713,0.4148268054150239,0.008175623583162591,0.4131873323702232,0.006580368225382563,0.40996832027400876,0.010119226711849975,0.41403402916041376,0.005058140512490248,0.41282500330920946,0.005554054839628664,0.4120655139786773,0.005106211217031955,0.41115042902181487,0.003813131045398941,0.4109841447060645,0.005996572976688711,0.40813440475273227,0.0051805661777928735,0.41094669865276917,0.004261454568089852
0.48,0.4195869763704471,0.006313121621199022,0.42561982371082163,0.0060649974211744225,0.41558275009838047,0.004181019770192278,0.4158211899812923,0.009222126887682956,0.41433858296027803,0.0059760158667566815,0.4108906945169306,0.0095754008026547,0.41465935485672456,0.005594827012213101,0.4119694679966038,0.0050233781187631705,0.4128379101685481,0.0058788916781627966,0.41128476579215284,0.004230003734083935,0.4120797181182616,0.006305574380426831,0.4098220681249772,0.005090619196635378,0.4110172829507399,0.0042614817023089195
0.5,0.41894077947205455,0.003979775408059132,0.42499157658507214,0.00494841427016424,0.4151450536825565,0.003930933646853706,0.4165740506341113,0.008893169242375557,0.41521625483546315,0.005700631317048254,0.41051245547234094,0.009371575438375614,0.413937251639359,0.005096771923901057,0.4116278422560095,0.005261414166963963,0.4124844729527373,0.004319477466522887,0.4130735025007764,0.003526885318224491,0.412886459035878,0.006017460557121127,0.4099239274182648,0.005200626178097895,0.41208663016064884,0.004575394485902345
0.52,0.4184930653929624,0.003689250683493334,0.4227939662209983,0.005271482229243909,0.41512963583499396,0.0019105741396498884,0.4180988302699468,0.008002225338233283,0.41595294193474797,0.005231393426082977,0.4104410426430302,0.009495087691658913,0.4129131356861713,0.004214581948912842,0.41194801796220404,0.0036997595430801706,0.41259595494992457,0.00357475731631373,0.4141704627202594,0.0038340778132215612,0.4139527471688187,0.006165333769255769,0.41106371595177144,0.006133491908266876,0.41075689504720003,0.005439315163423388
0.54,0.417039742594569,0.003079506116150089,0.4211655592667564,0.004325990745114979,0.4150411266940646,0.002687828174302166,0.4186638486397583,0.0076069276516148405,0.4161569491312912,0.005538449321019508,0.4114601106486685,0.009026656029965807,0.41301062872754335,0.002492851647364827,0.4130106287275434,0.0024928516473648053,0.412782772024211,0.002561324984153186,0.4147578912919182,0.004957903187421034,0.41421686760634036,0.007175127411134381,0.41244744126087984,0.006332454027059738,0.4103880342605251,0.0048110709009147505
0.56,0.4165646869506604,0.0015929051618283289,0.4222404866905886,0.0035486732537112456,0.41604992702927174,0.004083405567489791,0.41758142839189893,0.0066966646117848205,0.4177753008130557,0.005326135657485197,0.41290191044540026,0.008441643515144714,0.41514479753626404,0.002937281190279396,0.4151447975362641,0.0029372811902793772,0.4141217340904789,0.0037526995792294708,0.4145409531124721,0.004458938438897881,0.415366392458083,0.006525847334053673,0.4124331760784062,0.005369094518198412,0.41155028943627525,0.0035202132450177516
0.58,0.41629979801450967,0.0015828545910082008,0.4209165446974706,0.003137861080320167,0.41669708194933947,0.0037757024540906684,0.41838646587904055,0.006194710896425265,0.4181813413078148,0.005975944217665394,0.413898310775559,0.007645329736066103,0.41577622006093506,0.003946828641787876,0.4157762200609352,0.0039468286417878255,0.41466466728150947,0.003637301347400887,0.41384073680040145,0.003630658790060569,0.4156845606927956,0.005396112861180171,0.41265910214703516,0.004823524894253435,0.41173199407874017,0.0027982027489621935
0.6,0.4166983273296515,0.0027670379767347282,0.42163642375792065,0.004049550333976137,0.41618370883706196,0.003838279019889288,0.41831724517552915,0.006260651791500634,0.4185019722597796,0.005711421985454648,0.414643831841019,0.0071806207660896956,0.41618370883706196,0.0038382790198893024,0.41618370883706196,0.003838279019889284,0.41618370883706196,0.003838279019889266,0.4148364533518596,0.003202983848469054,0.41634431663155647,0.004678914127262174,0.4134200903604843,0.004075669039341001,0.4115803122669943,0.0027947743750643865
0.62,0.4169545062331561,0.0027036302370769356,0.4210051116988162,0.0035387029584351107,0.4177725618808935,0.004205529449443773,0.41861397161935543,0.00473091054495691,0.41785993605828986,0.004402578240248111,0.4153977377759472,0.006615197384536132,0.41777256188089346,0.004205529449443795,0.4182855351713445,0.0041744617121211545,0.4172376943171448,0.004042616373764236,0.4150988506666035,0.0029988943393161618,0.41650919735070724,0.004694855576993131,0.41299711543186063,0.006013791994477856,0.41290492252684824,0.0036277479339846554
0.64,0.41755258109779947,0.003390469907706868,0.42146354650186724,0.004170671819976481,0.4197024141459588,0.00412437854296996,0.41841709291711116,0.0039025253588818665,0.4192203948154607,0.0038962477998088036,0.4159692043295427,0.006559480859024452,0.41919081228330546,0.004264313701199561,0.4197024141459589,0.00412437854296996,0.4192409015322285,0.004242651394468503,0.4149001628892939,0.0031646471749854385,0.4164478818916551,0.005053648509302053,0.41478984619953063,0.00640233874641247,0.41414384548000527,0.0036708600061747636
0.66,0.4183479142220958,0.002958086482729457,0.4225061659207808,0.003595201594647473,0.42009762733587785,0.0032085404483189507,0.4189852241720504,0.003668742058690189,0.41946821872193224,0.004152784894916534,0.4166013616823492,0.005939561225387685,0.41914178434125493,0.0042561785976233555,0.41962371375338003,0.00405931601518617,0.4189672492942488,0.004062099874758543,0.41623902169380855,0.0023531243535640446,0.41727548664905406,0.00541697683510762,0.4143364372910498,0.005769523633681164,0.41503971904413334,0.0027958869655367188
0.68,0.4191692009823133,0.0033851718957562085,0.4230269146152029,0.00413135420845839,0.42141138580700793,0.00308461207711146,0.4201058451524091,0.003384387238377,0.4198037773226787,0.0038698310159713096,0.4170817875679342,0.0053322020973858054,0.41956573996247887,0.003321994087233018,0.41885797940899494,0.004321999215019842,0.41832292210030064,0.00394259268430504,0.41648070028299244,0.0028355445785427616,0.4169925710238355,0.0036852917046320565,0.41478897744310994,0.005826340266796415,0.4167000047613886,0.0025596974092067623
0.7,0.41881228826634675,0.0029712339026500578,0.4233403762395118,0.0035793715224164842,0.4216348192186406,0.003910695819990428,0.4209671697950927,0.0034588075706438477,0.4196544436286274,0.0029794526724848383,0.4183045660346266,0.004783333542834853,0.4201269654211178,0.001960384677691594,0.41911228692515845,0.0031221517823307055,0.4192513305424629,0.003132860766558546,0.4168782971169711,0.002677260217157924,0.41707652953829466,0.0036553481678475324,0.415966157309748,0.005474618262503667,0.41636333811670606,0.002507634398078658
0.72,0.41987402769395443,0.0037001543536665958,0.4240907463932494,0.00420566212909452,0.4224921348142595,0.004063216122392129,0.4205677914936069,0.003399877107358042,0.41925286198558487,0.0030208727093604002,0.41872847809098024,0.0047770360244043875,0.42084833292835266,0.002993860512114513,0.4205850691205376,0.003007616350240203,0.42038364903387937,0.0034563625954199197,0.41736381124516003,0.003335566533937205,0.41774455978243197,0.004180460701046009,0.41673703226221237,0.004610715500267633,0.4175605901829459,0.002723042694635549
0.74,0.4201503742119962,0.003083272884605429,0.4244522941023036,0.003996117376725333,0.42275160244734206,0.004123624816210275,0.4210445253237556,0.002837423922312192,0.4197340672953412,0.0028505968276773307,0.4195664468574176,0.004607298296955077,0.42216065797593183,0.0033841496280911307,0.42155671807153183,0.0034051735938366847,0.42167535087903246,0.0031591301271878965,0.41806066018051297,0.003707567808698271,0.41763893306237265,0.005088078122368278,0.417012632814502,0.005008133646221553,0.4180561423773569,0.003515062563621687
0.76,0.4217839952430688,0.0028265990123669663,0.42455829589761085,0.004137094017989667,0.423098870655124,0.0038461544193136945,0.42103883550322124,0.0026364158831985443,0.4207293551061249,0.0030815659665434755,0.4202628872857762,0.004461231472245597,0.42309887065512397,0.003846154419313711,0.4223837279976492,0.003791903051204564,0.42145156930586963,0.002968589786649207,0.4186519286071656,0.0031310927548747936,0.4179021058221907,0.004829375107520122,0.4178940631064676,0.004693659185942443,0.4184925862206092,0.0032205217408504782
0.78,0.4228186481979238,0.003109221311033899,0.4241626414901888,0.0041710281809045,0.42315071027709084,0.0037253345611077374,0.42176380799008256,0.00301053740972847,0.4218850024834154,0.0034337091302183743,0.4201967475568217,0.005171819635972547,0.4231507102770909,0.0037253345611077716,0.423603212443867,0.00376521160029933,0.4222277459118198,0.0036993143507377036,0.4194008616820286,0.00297314012549801,0.41806467197204245,0.004212463738105197,0.4184199263883187,0.003437369352754071,0.4199710507567899,0.0034672189398469075
0.8,0.4232437836231918,0.0038878535570231938,0.4243102744522415,0.0037481267885179667,0.4236954608265803,0.003262708691474242,0.42170777293261097,0.003014672776826599,0.420953811743303,0.0032149579235967066,0.4208654765601574,0.0046524486135308294,0.4234446438744595,0.0033987192397809283,0.42344464387445957,0.003398719239780911,0.422992424154702,0.004002290871771337,0.41949894381074426,0.003543735182974868,0.41746934008542746,0.0045109129406960095,0.41805117694518196,0.002919860051317524,0.41958384398688797,0.0033845281827631695
0.82,0.4230672180899509,0.004306695954405442,0.4240223411122622,0.003652538592484206,0.4237598602647288,0.003368714573077357,0.4224419585694168,0.0035656510203355236,0.4217684607788633,0.0035568144532590286,0.4206196298275381,0.004515783344253992,0.42365916891997185,0.003609395144179703,0.42411399005751355,0.004103029242384594,0.42256875662529414,0.0036859311989239207,0.42070445083168617,0.003397293160231473,0.4178088326237345,0.004173046509561004,0.41871602929201895,0.0022375823685622065,0.4205552707665418,0.0037954687915175652
0.84,0.4236738353184749,0.00425588467984454,0.4241781353122761,0.004308528689432447,0.4239219040087316,0.004012840959157071,0.42283900204938507,0.00390789161239784,0.4223234286537399,0.0034372018424791368,0.42124942776225155,0.004557209430583453,0.42392190400873164,0.0040128409591571115,0.4241781353122761,0.004308528689432416,0.42325054787052935,0.0038977223987775506,0.42182484711986473,0.0037250929034127736,0.4180069311179491,0.003878134514945423,0.4188619062022935,0.0030812212209950915,0.4205596126734486,0.005004068138268472
0.86,0.4239616004850358,0.003738748895557604,0.424396954212959,0.004407146576041218,0.4241243444835553,0.003927309180829321,0.4234051700655662,0.004425706674852101,0.422811616386911,0.0032667769154893374,0.42038777715091413,0.004834453995231584,0.42412434448355524,0.00392730918082935,0.4235699228987291,0.00427957387039566,0.42359319908099324,0.0038676461051264407,0.42086543225317274,0.0038791737279068586,0.41842095892582903,0.0036453703471655045,0.41970449822435474,0.0033002570551172567,0.42129559608412814,0.004869551211188951
0.88,0.4245989834401983,0.004201553835329278,0.42433941274623893,0.004017633692853234,0.42433941274623893,0.0040176336928531885,0.42381797060510074,0.0047940776638972045,0.4232242288790047,0.0036123779060314282,0.42087091973446067,0.004601659905814114,0.424130952918701,0.004135125985096679,0.42373908682878403,0.003912407613122934,0.42340572556205996,0.004137553686835551,0.42130881924090563,0.004006989336432834,0.41923377239643733,0.003613198979248318,0.4204863812768067,0.003453881941847641,0.4202766167778568,0.0046579299331741
0.9,0.4256313219167073,0.004034081654784431,0.4231457752004061,0.0038572306343807178,0.42314577520040614,0.0038572306343807004,0.42349931353081277,0.0038558660681239586,0.42324978505395244,0.004177681781482406,0.4215619296045527,0.004245001273242142,0.42260955239911757,0.0038932632569679305,0.42282468006688967,0.004030496765367084,0.42282468006688967,0.004030496765367088,0.4214479927841551,0.003767597900507616,0.42039576639548454,0.0034758654307431515,0.42094797391898164,0.003455207418133148,0.4213506348835805,0.004661371409365775
0.92,0.423659390663381,0.004004144959156479,0.423659390663381,0.004004144959156453,0.423659390663381,0.004004144959156435,0.423527065882033,0.0032716087556456603,0.42308471987480645,0.0037194836835894923,0.4213485617643242,0.004265967589769958,0.42325281552175215,0.003689857623959868,0.4219789963912698,0.003770602798296496,0.42174111465759917,0.0037368440112386203,0.4227405258790444,0.003972180952947297,0.4211515222901146,0.0031320285756357515,0.4218994743992896,0.0037241449178079507,0.42228246956484,0.0042117139512073375
0.94,0.42354935719988057,0.003715218236495473,0.42354935719988057,0.003715218236495463,0.4228963240939845,0.004335212300398485,0.42339553696319737,0.003049755436848674,0.4235549551438308,0.003601383975266019,0.42200334788829147,0.004259869076774717,0.42250650894671615,0.003847835325508454,0.4225065089467162,0.0038478353255084396,0.42303333190780595,0.003762139706453992,0.42343700914334026,0.004229277640698691,0.42213031341937857,0.0028620204259731724,0.4226521960709433,0.004094083332427051,0.42205402047699947,0.0036057261087227817
0.96,0.4232347963490328,0.003177988252094958,0.4230228016980972,0.0034663406703647087,0.42280944808051363,0.003770405340915156,0.42408915595084795,0.003315849475007144,0.4232303211368731,0.004427868847606073,0.4227889214645667,0.004065874412782162,0.4228094480805136,0.003770405340915182,0.42280944808051363,0.003770405340915154,0.4228094480805136,0.003770405340915164,0.4242688760415436,0.004197476390503193,0.4226682733622743,0.0030693921372761056,0.42287392459268563,0.003836925741529133,0.4223307803409919,0.0034782706504489897
0.98,0.42359077869939143,0.003609949614765089,0.4228085498714301,0.003855819344735741,0.42280854987143013,0.0038558193447357212,0.4239002227564602,0.004215786913382712,0.4236371454718725,0.0038050254837450046,0.42313310462027287,0.003628182969923551,0.42280854987143013,0.003855819344735741,0.42280854987143013,0.003855819344735728,0.42306391610603394,0.003802564554340793,0.4233728820852015,0.0039000378013646997,0.42295166596064454,0.0033839569590161634,0.42367218756954933,0.003687403461669475,0.42280854987143024,0.0038558193447358028
1.0,0.42361971127914355,0.003893755175436516,0.4236197112791435,0.0038937551754364905,0.42361971127914355,0.0038937551754364675,0.42361971127914344,0.0038937551754364566,0.4236197112791435,0.0038937551754364905,0.42361971127914355,0.0038937551754364814,0.42361971127914355,0.0038937551754365048,0.42361971127914355,0.0038937551754364814,0.4236197112791435,0.003893755175436488,0.4236197112791436,0.0038937551754364987,0.42361971127914355,0.00389375517543655,0.42361971127914355,0.00389375517543655,0.4236197112791436,0.003893755175436538
