Aggregator,AUROC,AUROC_std,Noise_Level
Imbalance-w. class avg.,0.871084,0.0,1_00
Mean,0.75014,0.0,1_00
Equally-w. class avg.,0.65656,0.0,1_00
Quantile fg. ratio,0.648428,0.0,1_00
Quantile 0.6,0.6185959999999999,0.0,1_00
Quantile 0.75,0.563588,0.0,1_00
Patch 50,0.44868,0.0,1_00
Quantile 0.9,0.43400800000000006,0.0,1_00
Patch 10,0.38226,0.0,1_00
Patch 20,0.38176,0.0,1_00
Threshold 0.3,0.327268,0.0,1_00
Threshold 0.4,0.30098,0.0,1_00
Threshold 0.5,0.289012,0.0,1_00
