,moran,entropy,eds
strasbourg_000000_027233,0.45541138148546156,0.030053708295856865,0.06197402635545785
dusseldorf_000068_000019,0.45030377678682765,0.025704963505381043,0.08668071477682647
hamburg_000000_046510,0.44098988113845616,0.02769695125076638,0.14355749366502366
jena_000015_000019,0.45348420820593516,0.049822538607790054,0.10060652324593328
zurich_000027_000019,0.4507620949335483,0.04671768023389585,0.10470525312889424
bremen_000152_000019,0.4522397931403718,0.04472461175482528,0.09466972282429814
hanover_000000_038927,0.4528425939112585,0.05037341485076381,0.07722230629100174
strasbourg_000001_055860,0.44890337339956105,0.04584468710125829,0.09487783760760339
bremen_000202_000019,0.4636776626170675,0.034412923650356135,0.05207779995014937
strasbourg_000000_025907,0.4546319103330092,0.021485960831339843,0.06541750860596647
tubingen_000032_000019,0.45634550275460584,0.029901799232639897,0.0806834500422284
frankfurt_000000_013942,0.45227826353669964,0.04885300244004265,0.07438221820578678
weimar_000074_000019,0.4440706355771631,0.03943492161483432,0.11323997015726453
bremen_000180_000019,0.4588472563512439,0.06462221630332804,0.10651777256054715
strasbourg_000001_052198,0.4478356689771228,0.045444403157786147,0.09334994936561516
aachen_000146_000019,0.45646185249610444,0.03513938000666492,0.08176456125752965
zurich_000015_000019,0.4554651038610476,0.03104121351388529,0.08692574791605838
strasbourg_000001_016253,0.4597588399153769,0.03397899531854112,0.07814783379266606
weimar_000109_000019,0.4594387408753975,0.047729787023826305,0.07889588888668572
hanover_000000_049269,0.456933532263214,0.04442595697496664,0.06010606599692937
munster_000160_000019,0.4597360047150765,0.04092492551194054,0.048751608495884426
tubingen_000082_000019,0.4503264681921598,0.01431800430930818,0.0533679233330463
frankfurt_000001_012038,0.45496485906108275,0.04728310865957524,0.0694551952468802
hamburg_000000_077756,0.4573492416320618,0.036354750641222025,0.038933944528450164
munster_000086_000019,0.44865666349694794,0.020526946633635853,0.11884205980629284
stuttgart_000068_000019,0.46301205344263774,0.03422909799778017,0.028177968187378256
frankfurt_000001_023769,0.46482284285045894,0.038443155537112576,0.042443978506463066
hanover_000000_028202,0.4528430260831448,0.03605492546656675,0.08460091833310793
hamburg_000000_032719,0.46284865573367695,0.014333066297056158,0.020758426570836888
munster_000161_000019,0.45927641862822094,0.05015954415196455,0.03630240255439923
stuttgart_000024_000019,0.4552005262243333,0.04938911767211,0.08010865249235895
hanover_000000_043236,0.44705395459237185,0.04783225995573649,0.10706675143644312
cologne_000066_000019,0.4547583203690788,0.044858216159453,0.06838391881095388
frankfurt_000001_012519,0.44694066833880425,0.02624776637915561,0.11002835262325994
bremen_000075_000019,0.45838396071887055,0.03202200025422071,0.07744460081118056
hamburg_000000_100300,0.45508625256707097,0.05649103497227447,0.08235201520748044
hamburg_000000_079376,0.45985864637471174,0.03949869683352596,0.05675247675887814
munster_000005_000019,0.4572272021891676,0.04419703069782539,0.08246402440285541
darmstadt_000027_000019,0.4512148623070707,0.03609274163305472,0.07339888161573156
strasbourg_000000_003632,0.45708917783271175,0.046252284616835844,0.06368301138061315
strasbourg_000001_063385,0.45351416877747897,0.05916573038317936,0.0813270556847317
hanover_000000_033457,0.4532126001901468,0.010864487350508155,0.06809053834377274
ulm_000019_000019,0.45124393683142566,0.06575918113385389,0.11470569686869898
hamburg_000000_073549,0.458533832448362,0.037305036633309384,0.07674898835752342
frankfurt_000001_046504,0.45953567854643707,0.03278944756198288,0.04911444550113481
erfurt_000099_000019,0.45546185046292137,0.0274495478364527,0.08221264992120587
zurich_000043_000019,0.4503009959340026,0.04133493582714193,0.0973600072351483
monchengladbach_000000_010280,0.4560052351333251,0.04582781894567399,0.08044147800110373
strasbourg_000000_034652,0.4608330270086392,0.037886991062415686,0.013972396685663325
stuttgart_000084_000019,0.45829143852212967,0.023905902031788256,0.07766708265891932
darmstadt_000022_000019,0.4424561951394027,0.027436860690647026,0.13716933032449416
jena_000096_000019,0.45237847628154804,0.033788845366606694,0.0796643278523896
strasbourg_000001_062362,0.4558074834988289,0.05073642361715767,0.08075103258244823
zurich_000033_000019,0.45583824533868794,0.0528145522578905,0.08663306705225698
frankfurt_000001_051737,0.45328352281674283,0.022081659528375493,0.09051538291123777
hanover_000000_048274,0.45042396951107433,0.054933363215407954,0.10079991689663746
frankfurt_000001_077434,0.4533564377263306,0.04160463910864453,0.09735409731776112
jena_000059_000019,0.4586101253855085,0.0302701238785491,0.056752576673115104
stuttgart_000106_000019,0.4392442454490085,0.009894038742287387,0.13240432474394423
bremen_000223_000019,0.4494477181484103,0.01126927845080181,0.09432263225847648
cologne_000143_000019,0.4494341365979109,0.03229388838886559,0.09599753348404855
hamburg_000000_069177,0.452927065426481,0.060866980982703225,0.10274045906328433
ulm_000056_000019,0.44780764098146675,0.03304235462684466,0.12103049803339262
frankfurt_000001_047178,0.45187568625156754,0.017522777573484898,0.07993828168602707
aachen_000109_000019,0.4639940191140163,0.02729136087666897,0.03472615110399876
krefeld_000000_035124,0.4566307401741884,0.018981147170199837,0.0642923150805568
bremen_000110_000019,0.4544289719018329,0.03870686041414291,0.06711963826455125
bochum_000000_013209,0.4519424162947798,0.03896020841518241,0.0955175643158924
bochum_000000_014332,0.4512374570432084,0.051381654224350475,0.08724929447479192
aachen_000022_000019,0.4491094002275494,0.031683058555615214,0.11766084159199146
cologne_000126_000019,0.453664163475852,0.041930103664517965,0.10041192930286469
tubingen_000058_000019,0.4491008960735319,0.007928332977944067,0.07026013338520067
jena_000038_000019,0.44843807193741647,0.052809711223073506,0.09629534075077745
frankfurt_000001_019698,0.4499390295152527,0.0461817903516584,0.08424886632587819
bremen_000134_000019,0.4587222677687852,0.06667578359234318,0.059835060013066446
jena_000056_000019,0.44692127241432006,0.0157044242860028,0.12142295638641035
hanover_000000_047499,0.45633935561745903,0.03406764863062646,0.08364154612628763
krefeld_000000_003096,0.45907238155998553,0.05824837998177833,0.08286330109687869
dusseldorf_000165_000019,0.463854536907164,0.03291424977440943,0.052552025621712566
jena_000047_000019,0.45376092841601134,0.04439945110108497,0.08933916086740695
dusseldorf_000076_000019,0.4429279246623251,0.024791213976073794,0.13113575931714924
dusseldorf_000116_000019,0.4618723928678359,0.03033272700993732,0.04212498642907748
frankfurt_000001_028335,0.45541065748471926,0.03802768810298142,0.054346632652051974
frankfurt_000001_012699,0.4555753372099786,0.04998098675336528,0.047879868643480476
dusseldorf_000135_000019,0.4597309605345193,0.022685905618573022,0.06906054367903215
hanover_000000_042382,0.45559122589187495,0.05693529806414244,0.07433339971488767
bremen_000156_000019,0.4614829978242646,0.04590850597078966,0.051897833472737555
strasbourg_000000_014743,0.45234843175071265,0.016746639385296136,0.06845645889579186
cologne_000003_000019,0.45260795833736506,0.03581787573559403,0.09544231023956444
cologne_000010_000019,0.4558353797111151,0.05178598141610757,0.09876894574347826
darmstadt_000064_000019,0.45136701075067626,0.02135138056158458,0.10064138561038288
hanover_000000_027007,0.45638624604995465,0.038141434859001996,0.06071001451110023
munster_000107_000019,0.4600786548992166,0.04173265321568885,0.052929515853671956
frankfurt_000001_052594,0.45158039991426846,0.03977380716620529,0.10653234938818099
strasbourg_000000_007441,0.44987114076235685,0.051746226728537466,0.08082577370072976
weimar_000066_000019,0.44309030025802515,0.041064222462668686,0.12827352753911858
bremen_000204_000019,0.4400629469291221,0.018643267123557263,0.1822406140273645
strasbourg_000001_060061,0.45664555974610677,0.045313721076862906,0.07425642265842146
stuttgart_000111_000019,0.46047372675137355,0.02765771033250273,0.05763855137409439
aachen_000172_000019,0.4558217727332194,0.03360733235108527,0.0952488913450967
aachen_000044_000019,0.45891797825518643,0.033851896828992104,0.0585363628086229
weimar_000048_000019,0.4534979823047613,0.03792243571538458,0.04897292195688906
hamburg_000000_037741,0.4590310979592849,0.05445040368048108,0.06003545741281963
bremen_000285_000019,0.45820962172309065,0.04104170399866782,0.06369513767967733
erfurt_000085_000019,0.4605742574412327,0.045113668121695316,0.045682022478060906
frankfurt_000001_054884,0.4509397707037931,0.022428541901115682,0.07124069407715103
dusseldorf_000150_000019,0.4411725536971697,0.016173028486337927,0.14415448201749956
aachen_000152_000019,0.4633411023237869,0.028132939539819525,0.02182292029949143
strasbourg_000001_006916,0.4531849989332467,0.013981562633150703,0.08809208699312447
monchengladbach_000000_030010,0.44782970707754194,0.020177438134008723,0.0805737806701948
frankfurt_000000_000294,0.455901461461432,0.033183120187219584,0.05357605036585014
cologne_000103_000019,0.45010236358252154,0.04877978660112052,0.11493388149006939
bochum_000000_024717,0.46322194104361103,0.0371137023539442,0.04302526240731605
cologne_000001_000019,0.4522014968726354,0.02942473670883235,0.09147414717660922
hamburg_000000_090398,0.4573170537846505,0.014806114983042518,0.07544138587140693
stuttgart_000003_000019,0.44663415867529377,0.03290415294954714,0.13599240317620354
cologne_000065_000019,0.4478528493885147,0.03377815089460515,0.11827624667111322
hamburg_000000_088627,0.4585295421848732,0.05795926470842651,0.0619946009582513
hamburg_000000_074139,0.461347638370429,0.03546696083665933,0.04390725061729878
bremen_000275_000019,0.46085423893100536,0.014778095264431365,0.049501501443346835
strasbourg_000000_025772,0.4522074704168501,0.028869460638670116,0.10162965962315336
weimar_000039_000019,0.4583422494101497,0.04424535811555402,0.06536091670803393
erfurt_000006_000019,0.4606370699245822,0.04493828959389285,0.08091773612903212
frankfurt_000001_030669,0.45312108176192933,0.03959008136394816,0.08519586254625995
strasbourg_000000_031223,0.45879949314627183,0.030505168243091484,0.0645135811017997
hamburg_000000_043944,0.461744948781116,0.03998403001361814,0.04384771602969134
zurich_000063_000019,0.4554062813360451,0.014546344488919515,0.05563173999670589
hanover_000000_026743,0.4530769269309621,0.03856212090398818,0.09683714555589588
strasbourg_000000_017761,0.45566799478904957,0.04022818655054171,0.059199736670986096
cologne_000042_000019,0.4469549215628167,0.02750267444284777,0.10015319548694901
erfurt_000095_000019,0.46061434781713023,0.03224267422509399,0.04908036917715531
monchengladbach_000000_025215,0.4536729177494068,0.013970675477224135,0.06058175265676132
hamburg_000000_037279,0.45655394077199,0.05257646902609511,0.07557008430295371
bremen_000024_000019,0.43078134679602276,0.003008118811995894,0.17287807830803284
frankfurt_000001_055603,0.45321588784242545,0.04055441349516162,0.0910455672507864
aachen_000049_000019,0.45015394614003973,0.01621646340102021,0.10328396054394412
dusseldorf_000206_000019,0.45485259588188515,0.016611699436970835,0.09191195156012154
bremen_000019_000019,0.4498394845728862,0.06890045630694949,0.11276234514589342
strasbourg_000001_015220,0.45583553906253427,0.034702161315151095,0.08295441915623784
hanover_000000_005970,0.4510733819609045,0.05661756774122332,0.0965437148126166
strasbourg_000000_035255,0.45543454642328557,0.03426647109774337,0.05947769136794451
dusseldorf_000160_000019,0.4566298117285105,0.0537024284071185,0.08653328100267256
darmstadt_000070_000019,0.45756361548303126,0.019833204404399823,0.057413189517552095
ulm_000010_000019,0.4637603039729127,0.03108451363614745,0.05156488249903853
ulm_000094_000019,0.46521057883163325,0.04186979731652891,0.022965120634510734
frankfurt_000000_009969,0.4544087166852539,0.052659573266639226,0.0855261557188258
frankfurt_000001_068772,0.45815317180782683,0.04242481157754108,0.063887588735318
bremen_000112_000019,0.4612975760632669,0.027989125672237936,0.052699990738484546
tubingen_000122_000019,0.4481788064932628,0.053352413148956605,0.10492728893663363
erfurt_000045_000019,0.4456799123231786,0.013326087781655945,0.08237874811881228
darmstadt_000039_000019,0.4489106897948854,0.025005954818017234,0.11133362416978113
munster_000035_000019,0.4515039814121579,0.035832317369824264,0.06912973317637094
jena_000009_000019,0.44505284614327156,0.021351129046738682,0.1378402860173222
strasbourg_000000_028556,0.4565527756678444,0.03520528228194535,0.07797168629226088
aachen_000035_000019,0.45161623396855716,0.024814025793666823,0.09275291956141639
hamburg_000000_078407,0.4549253967383965,0.04174986132604081,0.08004245337307865
jena_000010_000019,0.45193636588949904,0.030804850827329637,0.10118390057310704
weimar_000003_000019,0.4365562554442629,0.014101844078762277,0.16912720784118843
cologne_000132_000019,0.4441991498034639,0.03979969801186479,0.14392475833566057
ulm_000035_000019,0.4605054060495412,0.04179768511260244,0.03494058581347011
hamburg_000000_048750,0.45603737478703493,0.0260851651278747,0.07321948025048826
dusseldorf_000019_000019,0.4541237288565262,0.02647180387268525,0.07812422458239986
hamburg_000000_035568,0.45152379576310797,0.046835082039288864,0.07399268806758964
cologne_000053_000019,0.4487925447765417,0.03185075401789269,0.09341123031057694
ulm_000063_000019,0.45232657948698496,0.033058897359990104,0.11366314899236105
bremen_000169_000019,0.45844343306552354,0.04971297034559635,0.05421234659773914
dusseldorf_000202_000019,0.4518087838532392,0.02803786332839012,0.13365355439635382
jena_000079_000019,0.45227831091872694,0.026632753058072032,0.07016078912053153
monchengladbach_000000_013352,0.4601474748405248,0.016597018217406032,0.029128876281515424
strasbourg_000000_010372,0.44890261689296834,0.04101112379008998,0.10235558338293727
aachen_000147_000019,0.45559231273738143,0.01568853815601223,0.07494577809752732
lindau_000041_000019,0.4545061195846523,0.016866389722390518,0.07936901310191824
dusseldorf_000166_000019,0.4543482043220238,0.029707463878980683,0.07078289708899303
strasbourg_000000_026741,0.45504954662043745,0.029133474593128844,0.06121158629672985
strasbourg_000001_055273,0.4502437140472745,0.0467926468406356,0.106638791628417
hamburg_000000_047157,0.44710072510320525,0.0397820535436432,0.10662604449013705
frankfurt_000001_002646,0.45473161903119924,0.04689474081918827,0.08319205817826468
hanover_000000_027282,0.4566917370509159,0.04177879448224824,0.08809428424447704
strasbourg_000001_047955,0.45432674097223896,0.041883701358561023,0.054715177556351455
ulm_000072_000019,0.44281923087739244,0.0205795560355028,0.13486539563618014
aachen_000059_000019,0.4509284182579217,0.023041059377585386,0.10688876220092658
bremen_000191_000019,0.45919915956257384,0.034886695402561486,0.0550317567096271
aachen_000093_000019,0.44935343894908,0.04265486373964488,0.11887788685929784
zurich_000114_000019,0.4567417709659968,0.047231159324875184,0.07545031740388579
jena_000019_000019,0.4657810991194677,0.04971089297319134,0.042850708985897296
bochum_000000_001828,0.451907228087393,0.04859095808673918,0.09063651783495301
munster_000056_000019,0.4570022876664834,0.024842997434408667,0.06956480591850278
jena_000058_000019,0.44165345270092893,0.0033195362589044024,0.11817565557728685
zurich_000100_000019,0.4596274308358023,0.039668055759916325,0.07933480625615742
strasbourg_000001_043886,0.4566364604699835,0.05492510353223893,0.09354166761323862
frankfurt_000001_020046,0.4566003594459024,0.05602471909760126,0.06555901952277926
krefeld_000000_034686,0.45473557773541123,0.03016964012585418,0.07155589408799197
jena_000045_000019,0.4551846446921105,0.031599708661348994,0.058532229355921075
monchengladbach_000000_004580,0.4574819961148771,0.05771543253367223,0.05507175307017357
munster_000130_000019,0.45775681532921614,0.03276028292899868,0.08470523865375769
aachen_000158_000019,0.4658109315808484,0.038840183149200444,0.02166606668050269
hanover_000000_042770,0.44898397638830007,0.04863942949256341,0.10990376596035499
strasbourg_000000_008677,0.455877174113032,0.03212413664766397,0.06522814915164332
monchengladbach_000000_000076,0.456317211322853,0.05051329062881567,0.07071987176703141
erfurt_000024_000019,0.4437793523528892,0.024465762011371097,0.12721067933650745
hanover_000000_026014,0.45125885783552766,0.015484752602775695,0.085940198916468
dusseldorf_000075_000019,0.45324144822847784,0.028337042680825368,0.08632526090248228
hamburg_000000_008494,0.4516183420436251,0.03449011080117588,0.1386898597873841
cologne_000017_000019,0.45379405261436967,0.04110033483070583,0.09955740084573489
monchengladbach_000000_006518,0.45743231683604046,0.035754542709948926,0.07494413332414698
lindau_000022_000019,0.4558185355807708,0.015409033213805743,0.054057702075928256
frankfurt_000001_059119,0.4439688825397401,0.04463131804273817,0.1278139212057819
dusseldorf_000031_000019,0.45756818729553084,0.03563737158225292,0.07937721952153168
erfurt_000038_000019,0.45319508426670824,0.008293253114495752,0.08715256174019856
dusseldorf_000007_000019,0.46151156292911283,0.011598055807234317,0.04058634327629903
weimar_000085_000019,0.4451734606380351,0.023860806861561216,0.11330141848683095
strasbourg_000001_063808,0.4507732533143383,0.03918504178527777,0.08832917917334913
hamburg_000000_047220,0.46023538924752444,0.05277143123559484,0.05067070854181291
weimar_000131_000019,0.4575294858340072,0.01865595291396297,0.06627161400015452
frankfurt_000001_062793,0.45262427038037867,0.02587900472059222,0.06987696000815606
zurich_000001_000019,0.45099211812423645,0.05322833399128907,0.1101913337823253
cologne_000041_000019,0.44685568216608407,0.036226756370275955,0.10205724289921198
stuttgart_000072_000019,0.4518958405458879,0.034360657951375405,0.10009501788489605
monchengladbach_000000_034302,0.45908878269667935,0.03946016329833729,0.0278151996019202
jena_000043_000019,0.44231832715014674,0.04686910990379413,0.15157915977958633
monchengladbach_000000_020856,0.4552357724245245,0.03986124827567266,0.08482560476866725
frankfurt_000000_011810,0.45569118034730344,0.05276061654634801,0.0723310399134785
weimar_000076_000019,0.45226217216501097,0.029365408281130972,0.09769215574514872
bochum_000000_015321,0.4563228677388946,0.019633135495660866,0.06798833802238063
frankfurt_000001_012738,0.4526855195901631,0.03851441579561881,0.05898559182416609
zurich_000062_000019,0.4454839889052288,0.0680474397371395,0.12180296086949988
jena_000070_000019,0.4517735253278402,0.028197293605818435,0.08645217031790141
frankfurt_000001_072155,0.45970051762418573,0.04929907069138394,0.04968246630942729
strasbourg_000001_053579,0.4535551791545246,0.0237859095745512,0.05629347247607823
lindau_000013_000019,0.4557872307379292,0.048533210636529094,0.0904759209352796
stuttgart_000048_000019,0.45394504503104965,0.05839222598093541,0.1046459831726797
weimar_000087_000019,0.45140922573947584,0.01602990015068942,0.08175010947735009
tubingen_000099_000019,0.462006837435833,0.045112383991425205,0.054072296731527754
strasbourg_000001_056330,0.45202604199340835,0.06294840599311562,0.06806473088658566
frankfurt_000000_016286,0.4546538719498095,0.06007619611759679,0.07965447276798861
weimar_000095_000019,0.4592924733119761,0.04073045270198772,0.05623364517039376
munster_000054_000019,0.45523052457882135,0.05906479805555646,0.09072251146760502
bochum_000000_016260,0.46594237619708856,0.02543984686086532,0.037128748187313924
strasbourg_000000_029051,0.451144939935498,0.031401048666040925,0.05833051727482156
bochum_000000_000885,0.4572685299878606,0.040457141785780484,0.0806935904901104
hamburg_000000_032266,0.44593243794642484,0.025384888798062808,0.11070907772857254
munster_000085_000019,0.4598987591269358,0.038534857033755254,0.06690085680332652
krefeld_000000_024604,0.4466090378849675,0.00578165733676026,0.09396631316199204
monchengladbach_000000_018294,0.45957784081227276,0.03949968082640853,0.06580456513073663
lindau_000005_000019,0.44938734512960665,0.022357110149576313,0.11031925601112037
strasbourg_000000_021651,0.45920598575825106,0.02865453001812814,0.07466461712256826
hamburg_000000_099902,0.45698581912186576,0.04942908330718772,0.07939255946291143
aachen_000038_000019,0.4502760434457897,0.020710461376631226,0.107146751225932
hanover_000000_048508,0.4553988196261495,0.052865403866585274,0.0613531207726229
stuttgart_000109_000019,0.45078345017147226,0.032921628514976355,0.09300027109449166
dusseldorf_000117_000019,0.458014656115776,0.04283893162984829,0.061068441381070704
stuttgart_000141_000019,0.4465573376667687,0.011876029449230044,0.10417042351034574
monchengladbach_000000_024964,0.45797481262393364,0.04401507439287776,0.05870807947868582
ulm_000025_000019,0.4602240838385407,0.04001730419853998,0.06254228545525187
strasbourg_000001_047755,0.4572020008688872,0.056209486407349615,0.06800207067822052
hamburg_000000_028056,0.4561793264941145,0.03157648796473076,0.08048459077345838
munster_000102_000019,0.4530332219171115,0.02988718011171382,0.10030232167511624
hanover_000000_056142,0.45297326118297715,0.0500978904453264,0.09644171292758853
stuttgart_000079_000019,0.44499635779053537,0.011948390701469483,0.11787918458761235
zurich_000110_000019,0.4590695702852613,0.031609249380200474,0.056043962293699914
ulm_000000_000019,0.461683286608897,0.05063063060439864,0.06356485886948315
frankfurt_000001_050686,0.45752610131965094,0.037123695291279034,0.07415731797208756
strasbourg_000001_035689,0.4574580941516135,0.03969026953637356,0.0690535251642892
krefeld_000000_005252,0.45804412145102713,0.0440773760448436,0.06999621435193387
frankfurt_000001_010830,0.4582741949894427,0.040701903145804554,0.04982515986982743
monchengladbach_000000_012672,0.4550397675583891,0.03046752955831859,0.06491974991923037
tubingen_000109_000019,0.45132510602583936,0.053511096057372344,0.135538361760264
aachen_000125_000019,0.4494388368851074,0.014224234025772291,0.09506550236304476
hamburg_000000_036427,0.45494871627643096,0.05211651488130208,0.09671376446393218
cologne_000028_000019,0.4556417945104057,0.02283504048061132,0.09145993118497378
erfurt_000098_000019,0.46076763561733625,0.05113405178257431,0.05733853889867672
dusseldorf_000014_000019,0.4514883974745532,0.03892050476268553,0.13289912883958432
zurich_000036_000019,0.4577018723544591,0.05072137031519738,0.05425630183600946
stuttgart_000189_000019,0.45478068260966226,0.042651981077887556,0.055362091671210305
bremen_000145_000019,0.4541705968804975,0.04467611580583197,0.11235401629418854
munster_000062_000019,0.4559565902806086,0.028438732308555783,0.08662514961260175
frankfurt_000001_051516,0.46345432699354894,0.03784397276315227,0.01389849022185341
ulm_000031_000019,0.4650687864620414,0.033021109663381704,0.05461181527922043
aachen_000124_000019,0.4504999434810302,0.01913008841295738,0.10898603933803809
aachen_000042_000019,0.4578596965392296,0.043833231298966414,0.06651838926804407
frankfurt_000001_024927,0.45051492375200697,0.050201455102768106,0.08107700437955905
dusseldorf_000142_000019,0.45636017478263036,0.041981810454814375,0.0811698357910468
hamburg_000000_021961,0.45838846504076625,0.0511279670678984,0.061925841117307555
cologne_000114_000019,0.45810530440868674,0.030853291729640967,0.08290138553175544
bremen_000296_000019,0.46334344676357736,0.04661615743624654,0.06202228260029127
munster_000010_000019,0.45095816606224515,0.043462604705706225,0.07382792680603023
lindau_000037_000019,0.45496753528499523,0.032383710640345564,0.0880958585808898
hamburg_000000_061468,0.45699563032794677,0.055167681455204155,0.07760380336673796
dusseldorf_000152_000019,0.45604828053775714,0.03058332704837903,0.0881192636588307
bremen_000228_000019,0.44814327573255197,0.0018141714959037693,0.06730652470116018
stuttgart_000191_000019,0.4442290341830662,0.029229284864768196,0.1661375944770974
erfurt_000022_000019,0.44934203082044316,0.03458081012321124,0.12654720281507256
ulm_000005_000019,0.4476837325116073,0.04041338305679951,0.11213819454800164
dusseldorf_000171_000019,0.45741862352788476,0.009139927126743008,0.05982575630414662
dusseldorf_000025_000019,0.44613172337044354,0.043472868674369884,0.12383436614875659
hamburg_000000_105123,0.4587212458610146,0.023102965218176178,0.05882624185461109
monchengladbach_000000_033683,0.45854625325945175,0.03604850822213511,0.04740027980127712
lindau_000029_000019,0.4610290546328645,0.027908988698369153,0.022036761438166665
frankfurt_000001_032942,0.453224385435644,0.02951040414848316,0.09430577052909571
hamburg_000000_073758,0.45410463946180457,0.042774673868112095,0.07113601422293898
dusseldorf_000170_000019,0.4583957918039982,0.013361795126848349,0.06078574225418359
munster_000109_000019,0.46043966750355153,0.04908026903146524,0.05411717239639217
frankfurt_000001_013016,0.44456952194644667,0.04204327225423697,0.08493724574951476
stuttgart_000107_000019,0.4453200453011045,0.021158462279611812,0.11882654438934742
dusseldorf_000173_000019,0.44695230907501987,0.026556859781309002,0.13552745960113727
lindau_000058_000019,0.46666443432203086,0.03799639718300726,0.019287783364360052
dusseldorf_000097_000019,0.4479473860148883,0.05600982901507796,0.10676550717410001
strasbourg_000001_003991,0.4594643053585834,0.040860641152930546,0.05496553177781261
weimar_000033_000019,0.4531572608557758,0.020288584223986966,0.04651560484757845
stuttgart_000073_000019,0.44817635436079667,0.030021603962399036,0.09588692235636097
aachen_000117_000019,0.45476103895264336,0.04706602581395783,0.10139693548519768
hanover_000000_056361,0.45270079965627363,0.04369744409892293,0.09986678025063117
erfurt_000081_000019,0.4480445227515106,0.026365937916644707,0.10535575951560562
strasbourg_000001_031582,0.45657706346703364,0.028917123272921653,0.058308731589636384
frankfurt_000001_015328,0.4506691081815103,0.008787229334925317,0.0705150666995831
erfurt_000093_000019,0.45965477392520254,0.04528058210020672,0.058865095433226704
bremen_000258_000019,0.4379225899835718,0.04293632970738434,0.2062148578839427
bremen_000114_000019,0.45549530258451715,0.029172044939555587,0.07196099323531666
tubingen_000103_000019,0.4615001082045086,0.04114689787661864,0.0403766218392489
cologne_000095_000019,0.4482176297061429,0.021552827665583734,0.1111870204518324
hamburg_000000_044996,0.45002316041088203,0.046619962992111574,0.07788727189548529
bochum_000000_007651,0.45063685327652325,0.028149452443251965,0.07559509342469102
bremen_000164_000019,0.463841140441396,0.0203809980990071,0.04475323618883107
lindau_000002_000019,0.46257729199355835,0.05401561596524595,0.07254182091682122
erfurt_000036_000019,0.45796414569531413,0.0297976053061221,0.07025144238123948
munster_000118_000019,0.4610459277556389,0.051384434413169304,0.05220432412167442
hanover_000000_056457,0.4578371679842611,0.03910276615344321,0.05818960286424413
erfurt_000080_000019,0.459909873299132,0.03294175443485711,0.04175598382003149
munster_000128_000019,0.45204052270527945,0.06339274047255723,0.10527603334533518
krefeld_000000_026919,0.45530298716095585,0.03516184366440547,0.07076612717688702
tubingen_000087_000019,0.4524392378150496,0.04450161579047074,0.08375556889917107
hanover_000000_032351,0.4568950345475184,0.031275010098132695,0.07082605411875359
strasbourg_000001_051574,0.4561800297915225,0.03871406074354421,0.060946213767203716
bremen_000172_000019,0.4559633261759223,0.03906559204243258,0.061244506816531145
bremen_000119_000019,0.4568974259508072,0.0502432425638006,0.05894037405261843
bremen_000312_000019,0.4433285185814045,0.03164134467035143,0.13133453985896773
bremen_000113_000019,0.45811958988101803,0.030033533313276396,0.05665175540138656
cologne_000060_000019,0.4656934847339489,0.04390069742045701,0.03675805749735343
hamburg_000000_050160,0.4518333068181843,0.023969543487190277,0.10768541496969374
hamburg_000000_029378,0.45905333577613616,0.032945259637981394,0.07888455666966
tubingen_000010_000019,0.45841133376474913,0.030050391087228956,0.06377333845839751
tubingen_000005_000019,0.44811428251485286,0.029121368153372806,0.09624151649202133
dusseldorf_000153_000019,0.45715411711206677,0.01767146457261474,0.07074739466529792
aachen_000036_000019,0.4456029069717347,0.051391704302597714,0.13874475770021627
frankfurt_000001_017459,0.45779508398578966,0.03926832790923823,0.04063315464578725
strasbourg_000001_052840,0.4484613573237657,0.04992519875193416,0.09617135556603143
erfurt_000097_000019,0.46064140176980883,0.0411551653184254,0.06848413426470153
stuttgart_000055_000019,0.45439066310790294,0.06524083572059278,0.08924908934658718
hamburg_000000_088054,0.46003937659942573,0.037958863254121566,0.05228723982268183
strasbourg_000000_013863,0.4542947782200801,0.03481537361181321,0.0719016772364741
bremen_000031_000019,0.4516981751510336,0.012401858872160443,0.08895124783572966
jena_000071_000019,0.45463998533234135,0.014768530180418732,0.04858085116426918
dusseldorf_000023_000019,0.46133199910259015,0.055531239713410896,0.07341801826067927
strasbourg_000001_021951,0.44934372319713,0.026927526989758956,0.08867892419905225
weimar_000100_000019,0.4535619335735287,0.03592197304799625,0.07098815175565239
cologne_000085_000019,0.4451456982775512,0.03614217794759649,0.12820873928565057
bochum_000000_004032,0.4643531593521276,0.02463314046580134,0.0256657669781592
bremen_000034_000019,0.44531154822392316,0.020433200154286523,0.09768796695201623
frankfurt_000001_002512,0.4565614509703467,0.046413132205160544,0.10321105196687334
bochum_000000_028297,0.45622702282742644,0.01789201587512358,0.06159984687107986
aachen_000019_000019,0.45337157426492225,0.02655973267326004,0.06732706148396411
erfurt_000102_000019,0.4526100521533536,0.05141614778301455,0.09276728666629656
hanover_000000_011971,0.46340774189440853,0.04894032389094842,0.04451376446291835
lindau_000000_000019,0.4548032192133775,0.04402782275771942,0.10402023055412635
dusseldorf_000149_000019,0.44839238164372913,0.02251054881980458,0.12283775643740953
bremen_000216_000019,0.4572786973390573,0.011796202323228956,0.06413860037514489
hanover_000000_046398,0.45574457658185713,0.036851072505072295,0.06726286903175412
strasbourg_000001_011775,0.4482671446014841,0.05375243835503787,0.09101218454336286
tubingen_000015_000019,0.4608393811096957,0.049338352135186524,0.0506558142031109
cologne_000021_000019,0.45392460802013884,0.02960790353833005,0.05512379531472096
stuttgart_000117_000019,0.45618442180087865,0.0471431389017067,0.07041016215412062
krefeld_000000_027075,0.4534019393656162,0.018677765007288735,0.07529740792246761
darmstadt_000077_000019,0.4545514699608358,0.022029743114115444,0.08104682846514479
strasbourg_000001_010445,0.4515191350720997,0.05955978432738253,0.10768294888580263
frankfurt_000001_003588,0.45234273958651977,0.03119797519056252,0.0899610743433477
hamburg_000000_073389,0.45205235110492864,0.050826040563827474,0.11332958385455255
hamburg_000000_067587,0.45930927335728433,0.05378887103558449,0.03982083444597633
darmstadt_000081_000019,0.45348190437172275,0.03791556030886426,0.09485900556601964
bremen_000178_000019,0.4533923308209896,0.03792274981412391,0.11448939484390423
strasbourg_000001_036937,0.4527691333828668,0.04026960009633218,0.06931352494591024
strasbourg_000001_060173,0.45648014377431895,0.038068982948020594,0.06478112014684391
cologne_000009_000019,0.4503507189309282,0.02495166150706333,0.08490184872994849
zurich_000031_000019,0.4560635423854447,0.037518152683263,0.07675440984900102
dusseldorf_000043_000019,0.4635286142219721,0.03545606059129416,0.042325790032602034
hamburg_000000_002338,0.4554858659177673,0.046590693435880855,0.08048411717650678
hamburg_000000_008221,0.4475928780988061,0.029112450059859043,0.10662510756839948
frankfurt_000001_040575,0.44937658630450605,0.04865829806801546,0.11894382754698754
bremen_000315_000019,0.45164032783607466,0.013041242488581566,0.09472195168999771
aachen_000100_000019,0.4507343153441178,0.014742753453590855,0.11220604773883985
stuttgart_000156_000019,0.44180504227272627,0.03751609133403706,0.1530971843761072
hamburg_000000_044747,0.4486759519092619,0.028123097744770263,0.09098270252557884
hamburg_000000_071150,0.4548319905868107,0.04316486136590754,0.07615185084481857
cologne_000047_000019,0.4592522098555445,0.049493446776355345,0.07088888989833766
jena_000103_000019,0.4642866774928393,0.03840182533547581,0.04221248523177735
bremen_000218_000019,0.4474596507983401,0.040388586781210295,0.11315345050149077
monchengladbach_000000_033454,0.4562820094052253,0.01107011038358978,0.04771447196663043
aachen_000075_000019,0.44973105651553896,0.04768347130546423,0.10984342614514908
bremen_000067_000019,0.4548804883526572,0.03865879636808651,0.06680766522686303
stuttgart_000042_000019,0.45346090635868214,0.051251599126042977,0.12015930361735026
ulm_000058_000019,0.4539893269737585,0.02991778863368098,0.08668551572139259
strasbourg_000000_033838,0.4582947234885306,0.05315961112757863,0.06930167781266082
lindau_000050_000019,0.46317134372873753,0.022067549486512582,0.037136680190170926
hanover_000000_040294,0.45955216507483143,0.0482508841875523,0.06323394194857068
strasbourg_000001_040761,0.45567115767671823,0.04828270337988687,0.06999585003871865
krefeld_000000_014886,0.447207657267651,0.009928335726744364,0.10291299557821107
strasbourg_000000_025268,0.45295984463149175,0.04736984983689733,0.08821391131781343
munster_000143_000019,0.45974682729161037,0.01556884870486795,0.03201014167579176
stuttgart_000131_000019,0.4446761457734766,0.018755130011287258,0.1081095073887414
aachen_000113_000019,0.44400936966083976,0.005386382491302569,0.09736904888782258
bremen_000121_000019,0.4565155354111061,0.05564010177603538,0.0740487311386915
dusseldorf_000021_000019,0.4637236921633477,0.044097230200897536,0.057779183193842364
aachen_000169_000019,0.448922177271642,0.04706756951586878,0.12159808823257706
dusseldorf_000087_000019,0.45357420295744794,0.013509307241541492,0.07141891401076451
hanover_000000_019282,0.45476288734809067,0.04854339885476082,0.08723568735584603
hamburg_000000_046872,0.4453100006941015,0.04355177905045768,0.14615111866384575
frankfurt_000001_029236,0.45320079397001956,0.04498529882972593,0.05353098564003596
weimar_000141_000019,0.45516162789909437,0.03276050097249376,0.08729887616981895
jena_000041_000019,0.45382709469143034,0.020116973949330968,0.06285921059229761
bremen_000214_000019,0.45928768929478386,0.019964414944033334,0.06602037237910797
erfurt_000073_000019,0.45097454828325556,0.035826915864409906,0.09303925035982225
hanover_000000_042255,0.45587672007452934,0.035147491742659784,0.07477822309626517
bochum_000000_014803,0.45645893792523484,0.026211303494312797,0.07750238404074739
stuttgart_000092_000019,0.4566934129127399,0.045785079601369016,0.06597248990124205
hanover_000000_009004,0.44552150040634586,0.04222242495752815,0.10076933510982808
bremen_000192_000019,0.4519765104374428,0.008019028148596648,0.07665781173373087
darmstadt_000058_000019,0.4502645000539065,0.039130040671162346,0.10912783167986866
zurich_000013_000019,0.4582266011249352,0.033751561067383334,0.06532785458020007
hanover_000000_000712,0.44943597607384744,0.031939251848007784,0.11279404582859778
dusseldorf_000174_000019,0.4448352660924736,0.018097962203504927,0.14722251093823116
tubingen_000043_000019,0.4638087041453304,0.0326435329532685,0.02516976493751255
aachen_000136_000019,0.46132631998545115,0.029169346550346475,0.04500578536978257
frankfurt_000001_014741,0.4511186232963844,0.046947114250668893,0.09851115054355633
munster_000134_000019,0.4640061050181536,0.05421245205182971,0.05458117416042392
zurich_000049_000019,0.4634375770753191,0.01813997949877961,0.03184625333758403
stuttgart_000143_000019,0.44712606673897487,0.031043096346862392,0.11793541958469832
bochum_000000_007150,0.4530030512286254,0.03037402322285637,0.08126377605869013
stuttgart_000112_000019,0.4501557980737372,0.025462551754022095,0.0906066079951123
bremen_000150_000019,0.45215956171670874,0.04419334026701232,0.10341477667842772
zurich_000016_000019,0.45785528184006197,0.013970408249588501,0.05918049798835382
monchengladbach_000000_019682,0.4626769488357444,0.028439626260027235,0.04475986732574922
bremen_000270_000019,0.45423609445404717,0.05994746211376387,0.0899281393347493
stuttgart_000066_000019,0.4514713523356819,0.026142908654200617,0.09405548180458168
weimar_000101_000019,0.4396210755305831,0.023974642207976574,0.12396739053240659
hamburg_000000_000629,0.45364948908500985,0.06366848667174604,0.08811746478717064
ulm_000054_000019,0.4508411684903842,0.020096175766982593,0.10549471530303596
weimar_000096_000019,0.4515915625549103,0.046129504811652206,0.08506231200848129
tubingen_000097_000019,0.46302748424261464,0.03607092649737522,0.03888761111490022
ulm_000081_000019,0.46367382319682304,0.03553411946463799,0.0358967243308408
hamburg_000000_055414,0.44297986041785065,0.0161627567316374,0.11650651079975913
tubingen_000076_000019,0.45755459147698274,0.01876464477205281,0.0685786296090745
stuttgart_000192_000019,0.44717360480747576,0.045689747857566,0.16068968523029972
aachen_000128_000019,0.4478506746660161,0.017115866205729954,0.09429019121836212
darmstadt_000033_000019,0.44661484212952457,0.06066457879408773,0.10710815923051391
krefeld_000000_025434,0.45068812315978246,0.031778647344077225,0.07480949538500936
frankfurt_000001_029086,0.45745534160160506,0.04353244568916646,0.06716086832097408
aachen_000095_000019,0.44113817389822096,0.006310236965223394,0.08462215215847245
hamburg_000000_053886,0.4649686767008441,0.01953813814474323,0.01759363834138478
tubingen_000078_000019,0.45665581061249844,0.024022308706880935,0.040230806331952126
dusseldorf_000047_000019,0.4555955744899179,0.038627389248046734,0.06585503790570406
tubingen_000073_000019,0.44825586369250514,0.005855796150719584,0.05190644755575891
hanover_000000_056601,0.4509400271535631,0.06381099298070768,0.1093124660350693
strasbourg_000001_048121,0.457252238042026,0.039845635220783264,0.07694205751780037
erfurt_000067_000019,0.44968833833171046,0.013234030462900412,0.07874994692576857
strasbourg_000001_029980,0.4522153537050378,0.03470119781254946,0.06227818547839716
tubingen_000118_000019,0.46054087134258626,0.04234126792310304,0.035513621035589034
hamburg_000000_027857,0.4582068373930376,0.0432141537789027,0.07096624482992311
bremen_000132_000019,0.45806840469404486,0.049981803791604995,0.067374838693535
dusseldorf_000039_000019,0.45125794521498797,0.06240898150381797,0.07417356184393932
frankfurt_000001_054219,0.45085209976663526,0.032334071714669774,0.06096712649921776
bochum_000000_025746,0.46307355391023836,0.046798754861872294,0.037875640039114984
bremen_000173_000019,0.46003974327241687,0.047591608352078776,0.06400390095461472
weimar_000118_000019,0.45371823502558156,0.0244339369232391,0.06351505653018975
bremen_000217_000019,0.4528394011578164,0.03336356556969708,0.08892499816131423
strasbourg_000001_002519,0.4539340811002166,0.005962603819617582,0.08382176144340878
dusseldorf_000141_000019,0.451091051531297,0.03655907347626106,0.08537808717241209
bremen_000047_000019,0.4484463207077195,0.03068971215904542,0.11613077337110984
zurich_000102_000019,0.44795881353701544,0.02158010795975939,0.0940287925105793
tubingen_000113_000019,0.46136671090270437,0.0420688475544798,0.0505534299259996
stuttgart_000160_000019,0.4504687823133442,0.05716934229500164,0.11785507868364521
ulm_000029_000019,0.4561242036816859,0.03284155847984129,0.07359559907309854
frankfurt_000001_063045,0.43940993193055145,0.04855480570375455,0.14275554447940106
bochum_000000_009951,0.4556807769832421,0.04193533928915789,0.09390727278281175
ulm_000062_000019,0.45998151906274887,0.04431870122488521,0.04888448962928879
cologne_000147_000019,0.4594337008770362,0.05646792981702942,0.07114663677638636
monchengladbach_000000_035718,0.45184210670559716,0.03795495581781168,0.08353575384295212
hamburg_000000_098061,0.45386960507085694,0.03511215340688336,0.054589981403327485
monchengladbach_000001_001531,0.45910734296172384,0.05147207645550348,0.059976122766352474
bochum_000000_032169,0.46215074594528355,0.043893631577157075,0.056031010699695155
hamburg_000000_054029,0.4481291368485923,0.03716100754274039,0.10775927946248856
strasbourg_000000_020432,0.4520623617902786,0.03346487781072598,0.08789353588086944
weimar_000002_000019,0.46157889465400387,0.02703090580905542,0.06124482771534886
bremen_000260_000019,0.45417196382668545,0.017919531568448603,0.08866609375349216
strasbourg_000001_015605,0.4463896525138719,0.019943106077031814,0.12918505053227328
bochum_000000_037829,0.46389629503173646,0.046329609812258137,0.0335331805602672
bremen_000314_000019,0.44578811921831213,0.04472809136311509,0.13434854912183683
weimar_000057_000019,0.45928536666875486,0.04981727934279418,0.07988521792715136
bremen_000139_000019,0.45911356872692477,0.027424273243529067,0.08791610353179304
frankfurt_000000_010763,0.45572438210267313,0.047362996742962904,0.0886083707794258
strasbourg_000000_006106,0.4499483504018604,0.03322206936828119,0.11482489015913358
strasbourg_000000_027156,0.45924127502559636,0.038741941056700105,0.03890914388846049
frankfurt_000001_039895,0.4550832310655272,0.04242795184266558,0.08474402160295867
bochum_000000_011711,0.45448677529197823,0.021407666394675107,0.07837864608779778
frankfurt_000001_057954,0.4492198898077614,0.037841902923121944,0.05631362016431871
munster_000055_000019,0.4517972345459347,0.06519425887550195,0.11287508873873742
strasbourg_000001_012956,0.4539380970380633,0.05236117802675347,0.09153785626898123
stuttgart_000136_000019,0.44132449118361483,0.010153292563068688,0.13682464025436047
bochum_000000_026056,0.4642317059639259,0.030098248003834104,0.0330864481585726
cologne_000112_000019,0.45163286431027144,0.034012283899112365,0.10686104920608291
weimar_000113_000019,0.46414876969567387,0.0455130983174329,0.037900333897931605
frankfurt_000001_078803,0.4535895301046694,0.042696505102561844,0.04728693203360526
munster_000079_000019,0.450841360765339,0.035727080671954556,0.09736957449975707
hanover_000000_053027,0.4555646351954096,0.03157233131836324,0.07339551636536601
bremen_000252_000019,0.45609461280731983,0.0533748499338448,0.09051191307862516
darmstadt_000071_000019,0.4597704574431932,0.03455674923384073,0.03924256542302691
frankfurt_000001_023235,0.45402804445376116,0.042241734886477054,0.07486790031632211
jena_000048_000019,0.4501963612663014,0.040175795986102374,0.09017453324476456
frankfurt_000001_055538,0.4527358920418931,0.0405447443859295,0.06260204849000295
dusseldorf_000066_000019,0.46479272447468023,0.027679501599658526,0.032986276682271116
darmstadt_000041_000019,0.45265768327348693,0.03486617305151435,0.0881378685339287
ulm_000064_000019,0.45740168877692133,0.035215022024256,0.09438152617438102
hamburg_000000_055894,0.4448718147480847,0.03661692698229544,0.10494799759119194
munster_000106_000019,0.46102650302177506,0.042464238659642786,0.04524486602576011
stuttgart_000116_000019,0.454319262314786,0.05139845527389844,0.0798705640795826
jena_000074_000019,0.4476644046244468,0.011518028880204735,0.07333103431090576
weimar_000019_000019,0.45756877716577127,0.03871071123133117,0.06464656904060492
bremen_000082_000019,0.45562651872895293,0.05405100972062992,0.08322041922322526
krefeld_000000_029050,0.4483526145707496,0.011227255954164595,0.10552217272173003
tubingen_000051_000019,0.4509585287251804,0.027561745052175197,0.08918789987998821
stuttgart_000177_000019,0.4550202242225966,0.04482292272449066,0.07894706476477491
strasbourg_000000_016311,0.4527326343143765,0.04816734562093259,0.06098130995647513
hamburg_000000_013577,0.4494617687553206,0.05941509083629292,0.10892652319423107
stuttgart_000051_000019,0.44842547355612206,0.05773321085410211,0.09614422703742835
stuttgart_000176_000019,0.4642672946120524,0.04085238606201753,0.04307082069220054
krefeld_000000_011483,0.4493855872562524,0.048829898712067714,0.09190066649900563
dusseldorf_000080_000019,0.46006769980317613,0.0307612348610452,0.06912077908149963
hanover_000000_044085,0.45605825664604005,0.0335141201360836,0.084155887193477
strasbourg_000000_014503,0.44905763859734416,0.0397323417503213,0.086079938798633
jena_000022_000019,0.4465573481630935,0.05060044827975636,0.1324302582605521
krefeld_000000_024362,0.4518342109204983,0.016306595833302327,0.0878822363173676
frankfurt_000001_019969,0.4564126794381368,0.05873221488925019,0.08528436915332498
aachen_000140_000019,0.45040408502814044,0.03478950178975589,0.10312182049367472
erfurt_000041_000019,0.4338048443428243,0.013324973276697358,0.1750128525899585
bremen_000215_000019,0.45787552116258157,0.024905493904867113,0.08264701264676251
strasbourg_000001_008576,0.46075832205466527,0.02388692153916296,0.05468336223599612
aachen_000076_000019,0.4438689845348282,0.03535652568781828,0.12808086073733482
jena_000040_000019,0.4462931399318766,0.04355208243889254,0.1524866355074933
bremen_000233_000019,0.452053795809547,0.014437248836889379,0.09360660882543614
hanover_000000_001620,0.45253622219519923,0.028833998258535967,0.08418482457386135
bremen_000194_000019,0.4431206789203801,0.028499612093721774,0.13467739936319767
munster_000100_000019,0.46295872674519506,0.04291418255464795,0.021759512496185976
jena_000004_000019,0.4555424672377803,0.034530848395765375,0.07064884080100976
krefeld_000000_021222,0.45913803492463773,0.009763388099550218,0.06136715641984637
strasbourg_000000_009110,0.45156771081225955,0.01091492097113348,0.07882579612119849
krefeld_000000_015116,0.450565081893847,0.026985612003679972,0.10544775547930076
bremen_000212_000019,0.46020713382278183,0.02429507937577786,0.06523144380611348
zurich_000014_000019,0.44376760338976445,0.03147207445912857,0.1314472272650699
frankfurt_000001_008200,0.44933150153525936,0.03854497268970105,0.11631818481680087
hanover_000000_040456,0.4479636254426965,0.014990859923832851,0.10029681089201666
jena_000051_000019,0.4529605740692695,0.04208926934592221,0.1034641014203273
aachen_000020_000019,0.4552405629629524,0.02437568431312465,0.050178067660598416
munster_000061_000019,0.4532310921608191,0.026606630336231257,0.09684498259348061
hanover_000000_055124,0.4570803715431287,0.04826971698792801,0.05666086690555178
erfurt_000104_000019,0.44664625445644046,0.023907617724610024,0.1265975713009678
lindau_000027_000019,0.46294687111570654,0.025602018120365222,0.05584234711150343
monchengladbach_000000_002478,0.4526394376217764,0.05026162540972089,0.09462280138526613
darmstadt_000050_000019,0.4446172076317507,0.02535292890743575,0.12025933430308014
bremen_000111_000019,0.4599938333375787,0.011697545125743636,0.047141479782365686
tubingen_000018_000019,0.45169070094414765,0.028485165603236166,0.08593071945735885
strasbourg_000001_036480,0.457367879973819,0.03902897019177249,0.07700471747904387
bremen_000225_000019,0.4405673408593008,0.018487967664626993,0.14158013502077238
munster_000016_000019,0.45880291459286426,0.015946672433288213,0.04645580183361571
hamburg_000000_065843,0.4495642756252177,0.01216263063745587,0.0708366476355048
strasbourg_000000_014235,0.45144089880414817,0.025508529467707493,0.11136656108234247
weimar_000004_000019,0.4627156487007869,0.03726245330258318,0.036979216686243016
monchengladbach_000001_000168,0.4595351409586743,0.045836245900992265,0.07883453634527085
cologne_000046_000019,0.4602202023774161,0.03488434282634497,0.0478302120315321
munster_000039_000019,0.4621170450687632,0.047525204541148905,0.04105082291173249
strasbourg_000001_046324,0.4534227155710877,0.04650591658334516,0.0897085621163612
erfurt_000072_000019,0.4540830046246328,0.026961149400357338,0.07867893661822792
hamburg_000000_067223,0.4537296996511302,0.02699144207160099,0.0651787548225806
bremen_000254_000019,0.45330808368822895,0.03734659806070127,0.1022225184007955
aachen_000102_000019,0.4479480992064513,0.03936165385157367,0.10958879480164545
bremen_000053_000019,0.45330815632031357,0.027482216219630765,0.06773537280729441
ulm_000034_000019,0.46505253897696747,0.0365897644531222,0.044224364613221274
bremen_000245_000019,0.45701763946922247,0.015418091198761127,0.07615427385456233
frankfurt_000001_030067,0.45508620986161696,0.027589209081661265,0.06950626187631559
bremen_000000_000019,0.4630710416811651,0.019145475592530263,0.05588075713906185
dusseldorf_000015_000019,0.460796171390842,0.02146550387687883,0.05270963260067712
monchengladbach_000001_001936,0.45407019195887727,0.03722097876981536,0.09391843844235709
stuttgart_000195_000019,0.4581960318466858,0.04074381912964536,0.10151190195212197
bremen_000277_000019,0.4553509457891447,0.051849895469777654,0.07732436128738536
ulm_000018_000019,0.45126529801830045,0.049272612416835664,0.08300472931944013
jena_000030_000019,0.44608568402577914,0.03415433123412857,0.1319551937224648
frankfurt_000001_076502,0.4525187457825703,0.04038714597103554,0.08353270452614571
jena_000082_000019,0.45443166870330526,0.016881424383961067,0.04236585553477593
bremen_000095_000019,0.45560676173697234,0.03569833219686121,0.06989559359295353
strasbourg_000000_017450,0.4508124640938118,0.057523015261037605,0.10464596063097514
bremen_000044_000019,0.45095277899383346,0.0419432966147244,0.08386734358874302
weimar_000018_000019,0.4591323113652213,0.03344581439748981,0.052788906721686756
strasbourg_000001_057930,0.4492629480298776,0.06293211254001675,0.11240490732145565
cologne_000032_000019,0.44771127662453714,0.03935394137771831,0.10000599050488218
cologne_000013_000019,0.44651294964929805,0.06519188311352632,0.12482905886556762
krefeld_000000_018747,0.44719178294871964,0.02433684648050937,0.11025068544071805
strasbourg_000001_039374,0.45890709959204345,0.049266351024360465,0.08811857352490396
stuttgart_000179_000019,0.4431999103877192,0.02085933421932173,0.08186944677439861
ulm_000084_000019,0.45171387403643515,0.0488753445463036,0.09104167085245822
jena_000099_000019,0.46197948786455895,0.040327631721098926,0.03650557957022066
hanover_000000_037516,0.4462798789374324,0.038839386013647795,0.12499775701794337
bremen_000269_000019,0.4556376940401144,0.053646614357411866,0.11538154630781298
erfurt_000103_000019,0.4415137718697871,0.010826704819024405,0.14040713863607093
aachen_000011_000019,0.4564802879428891,0.024528456834316346,0.075305632918603
strasbourg_000000_015602,0.4498743340446468,0.03497085330618453,0.10434381177027838
krefeld_000000_001566,0.4572735865516637,0.013691741529755825,0.05587483072054816
aachen_000101_000019,0.4520610148018795,0.03184709452140981,0.07747805780004369
aachen_000073_000019,0.456215579722885,0.04147709520632966,0.08306841071529539
dusseldorf_000215_000019,0.4405366161518901,0.028232324988025203,0.13466251741847393
stuttgart_000190_000019,0.4486525459568391,0.04986720919952094,0.1640595135823309
zurich_000095_000019,0.44823031227709625,0.03169924449824565,0.13747365407488202
zurich_000024_000019,0.45223750381789535,0.040872070316256996,0.10097137108397039
aachen_000145_000019,0.45411770396672607,0.0134209291942934,0.07084327991887601
aachen_000127_000019,0.44113358155425597,0.017747159131745748,0.08036454354309015
frankfurt_000000_003920,0.4528503866789286,0.05556543779647091,0.10268446272094672
strasbourg_000001_019247,0.4504515060809444,0.02764494781835404,0.07142704877177528
hamburg_000000_102379,0.4428068046067357,0.0689759464293141,0.1564243714528273
bochum_000000_002293,0.4521403872529126,0.06321590928271204,0.0885056917400343
monchengladbach_000000_019901,0.46127156372947453,0.021438743037566443,0.021095487828739944
jena_000098_000019,0.45691731770033994,0.05042435803158317,0.04774407663011013
hanover_000000_054276,0.4498596555001279,0.04085294918485382,0.07660946490663167
hamburg_000000_074267,0.45613574255788814,0.06151240487908536,0.07021444941005017
hanover_000000_047629,0.4478122985702594,0.02868277477580456,0.11324576523480226
hanover_000000_034720,0.4503635450741998,0.02687322437137471,0.10207374654814048
zurich_000051_000019,0.4545794824285893,0.04084000255649084,0.10039623811695716
aachen_000025_000019,0.44688939695863644,0.02611669356143948,0.11723470678319005
strasbourg_000001_018155,0.4555256239573627,0.0378846995777411,0.05161789912652148
strasbourg_000001_059675,0.4539299919773824,0.05235393132877531,0.09943622280798303
munster_000003_000019,0.45762933589567106,0.05262689619171837,0.07150193468787398
munster_000090_000019,0.4630502596399365,0.037410761582876866,0.051402389096966226
strasbourg_000001_020904,0.45434418667388404,0.02996508439447898,0.0676973870666211
strasbourg_000000_008603,0.45375236277868575,0.04444253439768352,0.08120144519711894
zurich_000026_000019,0.4558847848262404,0.025990533394973928,0.08554598872016775
bochum_000000_024196,0.4542569321665136,0.047493434152188554,0.07903380791336474
strasbourg_000000_032962,0.44432630841744153,0.03673135433484852,0.10769213605027352
frankfurt_000001_020287,0.45889843794417007,0.04338598788658981,0.06539549384483129
ulm_000066_000019,0.46551211635097134,0.04382525562699034,0.04037161414651651
lindau_000020_000019,0.4587833260133134,0.0053235265742137584,0.041968418051057534
bremen_000299_000019,0.4589968682653263,0.02421142824538072,0.07029687265310698
strasbourg_000001_009333,0.45222082368584215,0.05617713137812097,0.07879343102790383
monchengladbach_000001_002229,0.46259776913583284,0.042592060289539026,0.03637011356099068
munster_000045_000019,0.4523852273221031,0.035086280055564634,0.09936117591468821
hamburg_000000_021353,0.4577942758798963,0.04575307475978903,0.05990949476004384
weimar_000061_000019,0.4504424544491671,0.02766161552885399,0.09309766458980441
jena_000001_000019,0.4576451146121273,0.052588431248363585,0.05187045312513489
frankfurt_000001_048196,0.45256908147939673,0.04117865912978626,0.08901004344469404
munster_000087_000019,0.45537568089998354,0.009896157591765094,0.07542373906546818
stuttgart_000166_000019,0.4470078096539469,0.04526421315027907,0.13068290702837812
frankfurt_000001_031266,0.4476752094862866,0.023304350296260937,0.09828359342869637
strasbourg_000001_043748,0.4560780653479506,0.04479256455417017,0.08112887427871383
dusseldorf_000156_000019,0.4436124194208584,0.03132929343159963,0.11666494085535882
strasbourg_000000_000751,0.45567169800777624,0.04568337874877254,0.07912625176487038
frankfurt_000001_025512,0.455935719834947,0.049755983229182836,0.0696264465562404
zurich_000020_000019,0.4514666990323969,0.019815933224474332,0.07299104822374701
monchengladbach_000000_031005,0.4540642677914698,0.03795690928439128,0.08011908843815892
ulm_000017_000019,0.46290661139320216,0.024958614394732927,0.03202700981497946
frankfurt_000001_035864,0.451969851890846,0.04416452644171989,0.11131699273818531
strasbourg_000000_033425,0.45232216060797925,0.05757184962776568,0.10637936729843454
tubingen_000059_000019,0.45129160151772824,0.030861189146089874,0.0616052226676196
strasbourg_000001_018432,0.4507971935185857,0.04016669412238237,0.07955219380365101
jena_000097_000019,0.4525659781277831,0.021696139555546314,0.08073027734427199
lindau_000011_000019,0.4615731979705675,0.03642962767971735,0.03466575911258247
strasbourg_000000_015764,0.45500308929696326,0.03573850334318685,0.05268444407079328
darmstadt_000060_000019,0.44933061529316043,0.03120577175749659,0.09314387999789155
tubingen_000024_000019,0.46393276355989843,0.04146262433825973,0.0442256501965982
krefeld_000000_030221,0.4548620641539836,0.039725293058732715,0.07537904870424189
hamburg_000000_041667,0.4553306011146599,0.06027667930119707,0.06778869543275468
ulm_000036_000019,0.46075604614061005,0.04859289532305832,0.07520339390309815
erfurt_000092_000019,0.4601746310667864,0.03601355698662128,0.046449202217989496
bremen_000083_000019,0.453927279441767,0.057881291609054454,0.09192250498036564
frankfurt_000001_016462,0.4560640733329341,0.06268676286660287,0.08718643372122345
bochum_000000_022210,0.4617158498104235,0.03356698718830782,0.05325285251423373
tubingen_000066_000019,0.46444743272364813,0.020490721162029317,0.020257744366655426
jena_000003_000019,0.4518720031608263,0.034948962437021926,0.09164291186087056
monchengladbach_000000_021663,0.4560077685709304,0.05419343175160093,0.06962954319849025
darmstadt_000012_000019,0.46063040014840057,0.03816774367910813,0.048956435066583696
dusseldorf_000157_000019,0.44640740032426507,0.04185277895087403,0.10876044704666427
hamburg_000000_073314,0.4535050055425718,0.04900194724235445,0.089433952084002
bremen_000230_000019,0.4452292446874074,0.01462460247618365,0.13652885654818908
dusseldorf_000010_000019,0.4486235524249436,0.02283688053092551,0.07717796446109632
cologne_000097_000019,0.4636440853565188,0.02795754157203651,0.05839590217023321
tubingen_000049_000019,0.4587165358391398,0.048775084141705456,0.06648986085203869
dusseldorf_000196_000019,0.4585132665664091,0.0312867831929937,0.06099087172429891
zurich_000048_000019,0.45781551650751695,0.01913699517036893,0.06059088899016765
hamburg_000000_085645,0.4582218802363498,0.03756437897319392,0.06015593890193985
jena_000111_000019,0.45037359854372816,0.034957897894061896,0.07171572477455945
darmstadt_000055_000019,0.45742058123805074,0.042585590983387135,0.06499772462855635
hamburg_000000_019760,0.4568378881317872,0.03334233320962286,0.05305747430387013
erfurt_000108_000019,0.45419513352935903,0.03781192299791385,0.08387396931983035
strasbourg_000000_013944,0.4568875586503161,0.04408790035438412,0.07157609479381913
hamburg_000000_074545,0.46208410950161943,0.04164023572436331,0.03575022657380498
darmstadt_000036_000019,0.4532782708426836,0.03847403599321525,0.08907992755291597
hanover_000000_040133,0.45319703092104907,0.051667643773219196,0.10164237977993434
bremen_000036_000019,0.45951629408286104,0.018188517108881582,0.06497350227427472
strasbourg_000000_013574,0.4546540923717569,0.038208788552358104,0.08122830694033896
aachen_000061_000019,0.45069356584690856,0.05567852307095125,0.09413564991663041
ulm_000012_000019,0.45591385722845185,0.026639821800129637,0.03264472247676748
tubingen_000114_000019,0.45950789553161203,0.020974452799812474,0.02933074877254682
erfurt_000089_000019,0.4626308329327869,0.05228089127892844,0.08883422929678698
hamburg_000000_063698,0.45456980928500385,0.042180106783997195,0.0692445483942413
aachen_000131_000019,0.46130688089302335,0.035034830196637314,0.04778447670837377
monchengladbach_000000_018114,0.454921822624002,0.026274269092734233,0.08294725713877814
hanover_000000_011471,0.45352798436220054,0.042238359786863904,0.08284880299300429
aachen_000153_000019,0.46327291793851477,0.044861326233703286,0.05912681351022532
jena_000092_000019,0.4547762917048028,0.041957821181505116,0.07088334918847324
frankfurt_000001_075984,0.4552081772333278,0.04472390948846287,0.06890457293494387
jena_000013_000019,0.44914718142054655,0.03677501214820299,0.11337502225514592
munster_000150_000019,0.4459368629265165,0.020991749991358145,0.0991560997269851
hanover_000000_003411,0.45741586509231,0.029605156747114114,0.0762453387227122
strasbourg_000001_043080,0.4619531705983878,0.043747767793346944,0.06519898241246633
tubingen_000063_000019,0.46321507363226105,0.02221304698107266,0.0335118854127232
darmstadt_000084_000019,0.45359001995909676,0.033370345354820544,0.08879105936421207
krefeld_000000_030701,0.4565651674133332,0.04905962171592391,0.06850771148769007
munster_000011_000019,0.45807693539489563,0.04349130326660967,0.07730220623285108
aachen_000063_000019,0.4553946723574713,0.04151995216918849,0.05239003507422703
dusseldorf_000207_000019,0.4625646283461039,0.035694021847624595,0.05595180694808786
tubingen_000133_000019,0.4600503225673178,0.03554921000240239,0.03590344773308471
weimar_000069_000019,0.45178858770027336,0.060293471666480046,0.07790355487913811
aachen_000052_000019,0.45489495452897805,0.059654990938797205,0.09644550616414342
strasbourg_000000_028240,0.4541213019678165,0.04868524832543787,0.08751803490744177
hanover_000000_018213,0.4532832228921542,0.0540304121406141,0.08357677933258759
munster_000071_000019,0.45808228115861005,0.0357856334040074,0.07856751500999082
weimar_000110_000019,0.4467880252889958,0.04605926993184593,0.10104276428689718
frankfurt_000001_007407,0.4529715894241955,0.0469020009240966,0.07100986165607023
bremen_000227_000019,0.451757153930793,0.01010773607771511,0.0672224956091024
bremen_000005_000019,0.45069932244972527,0.0442451505797052,0.13423563997161003
krefeld_000000_006686,0.4526794293537062,0.020246223759233066,0.07919157980357752
krefeld_000000_018866,0.45001088458696736,0.021735475795582125,0.0974875606511602
ulm_000087_000019,0.4491110143202213,0.044261359229994995,0.13731877038450807
jena_000116_000019,0.4477001428089561,0.04621034305701902,0.1379607761999006
strasbourg_000001_014258,0.46187089678314175,0.05156871437041778,0.04311501965576381
jena_000113_000019,0.4590984982805427,0.04491985514195914,0.07414471640102129
erfurt_000090_000019,0.44771838492965965,0.055536760133885005,0.11905891860942705
tubingen_000141_000019,0.4588797052368296,0.04012607801352581,0.06068713417383613
hamburg_000000_039420,0.44926456085500655,0.048718372312734445,0.09599484322516273
hanover_000000_029455,0.4519312169205145,0.04988073995154115,0.07047173989519176
stuttgart_000114_000019,0.46245913886964807,0.024780777594847963,0.04444894927020485
strasbourg_000000_031602,0.4586696478474656,0.030073531785430718,0.06922565573214846
aachen_000160_000019,0.46377812833252846,0.027142813661844897,0.01882515096092913
cologne_000100_000019,0.45292044691124705,0.04508632899928794,0.11813672218314276
aachen_000159_000019,0.4615956139437798,0.033098781000180724,0.03906795031973541
krefeld_000000_013257,0.4553643620374724,0.0274298376352725,0.06741943761448048
monchengladbach_000000_031623,0.45094368796369877,0.058966741167482094,0.06105082558425795
cologne_000061_000019,0.45262166442808444,0.05441871292129235,0.08793068740994774
zurich_000028_000019,0.44914764841295984,0.03326534916496987,0.10144658024638924
hanover_000000_052512,0.45527830310439305,0.038782862742300195,0.07034755115055716
aachen_000082_000019,0.45121713366655813,0.010716559346819088,0.08251924233591867
strasbourg_000001_032660,0.45830284687602585,0.041790892507298026,0.04541260895601279
strasbourg_000000_031323,0.46067426720849725,0.035910887293851966,0.05086098502340824
erfurt_000060_000019,0.44777316683506657,0.019159662135188157,0.08407235414507276
munster_000032_000019,0.4581525518557549,0.05829859420913914,0.08533319796320042
ulm_000060_000019,0.45665331753539845,0.05240194782016658,0.08615308802010141
frankfurt_000001_033655,0.4522563217649615,0.025340092781831722,0.08841890985527738
strasbourg_000001_047702,0.46186550458584424,0.054381889843303347,0.05495794439774049
weimar_000104_000019,0.4538774537913704,0.03480145182141428,0.07779864184338864
weimar_000020_000019,0.4623271872584357,0.03413068743947596,0.06554473213692064
bremen_000076_000019,0.4571588234539172,0.04759361774848076,0.07274243422132223
bremen_000267_000019,0.4495113957159848,0.02314633474205022,0.09292825399815738
jena_000053_000019,0.4441841077891818,0.022093037764575905,0.12978097992864143
tubingen_000135_000019,0.4661770116449109,0.0434830760249782,0.04559630250148974
strasbourg_000001_042235,0.45892056672936327,0.0324654925717501,0.06484785800636708
krefeld_000000_007325,0.4489099960064295,0.037199687985785955,0.09191632295768172
frankfurt_000001_062653,0.45219602532164926,0.0554005027044121,0.10547922956983248
stuttgart_000021_000019,0.4527466320161594,0.031153219928845025,0.06010408304180591
stuttgart_000105_000019,0.4534653190253838,0.025419540686415117,0.09303185026620753
hanover_000000_043653,0.4560499326717433,0.02989973439287685,0.06314131336781569
bochum_000000_024855,0.4570294465068389,0.03965872448043049,0.05620156306892983
aachen_000141_000019,0.44955155292613114,0.036017932703849447,0.10833284099901057
strasbourg_000001_001072,0.4553676945678714,0.020727263445080826,0.07356778365102348
stuttgart_000167_000019,0.44637956484668206,0.05611460277227539,0.12392295624750296
aachen_000139_000019,0.44309495740901667,0.017750664714623242,0.1303827248389264
cologne_000136_000019,0.45475347851485964,0.056612247214678994,0.07456908889469158
darmstadt_000044_000019,0.44897642481123334,0.02653845693447696,0.13955369399298181
bremen_000023_000019,0.4611343619025501,0.0180709076057048,0.03781580628419745
strasbourg_000001_017675,0.45739252605134356,0.03658301191755172,0.04125217484882353
jena_000060_000019,0.455790578556602,0.04706184576196,0.08151661490730913
cologne_000062_000019,0.46084347235818296,0.0530228801045155,0.06065425434714314
monchengladbach_000000_028563,0.45766060095304717,0.0283011103163618,0.07338489069603309
dusseldorf_000067_000019,0.46044211123097617,0.038394967083930906,0.07163835558221072
frankfurt_000001_043564,0.4621894220487883,0.045806843620776756,0.04937416999085686
dusseldorf_000099_000019,0.457489697897213,0.021633816407991297,0.05873921672362085
stuttgart_000002_000019,0.45241212908272044,0.0473958621918081,0.07847766898710994
munster_000168_000019,0.4486378120977018,0.04518091777034873,0.13293568053507318
cologne_000080_000019,0.43911382451150804,0.011943787824788476,0.12838255015002467
hamburg_000000_049558,0.4541043769945793,0.02858213634283023,0.05501542569308294
munster_000124_000019,0.4615316668039431,0.03884185228649688,0.05259966938982302
zurich_000076_000019,0.45112200667807023,0.027250570902629768,0.07832650774135376
zurich_000006_000019,0.46027479195619275,0.05157485363349225,0.05903375898711692
stuttgart_000052_000019,0.4618663483953867,0.03127467285671675,0.043568182734113815
hanover_000000_014319,0.4543381352403256,0.033946784108857486,0.07570847871555086
bremen_000066_000019,0.4573513825259218,0.04230379271359425,0.06376708654621507
bremen_000102_000019,0.45086324880756123,0.047472521196034956,0.09657339448020692
stuttgart_000102_000019,0.45206096808297086,0.02453059890334975,0.09743488946047296
strasbourg_000001_060821,0.4556380835883571,0.03889874655273076,0.08437562104796358
weimar_000098_000019,0.44281519747617204,0.040372068372137145,0.12780143286326162
hamburg_000000_032906,0.4463790730513961,0.026826448554502485,0.09527755384123508
cologne_000153_000019,0.46412953163789816,0.05430958290561422,0.04158650685980781
strasbourg_000001_035562,0.45470644516749353,0.04481684208789877,0.06279288182508588
krefeld_000000_024921,0.4509928903000655,0.008840820380637888,0.09174649671152263
tubingen_000012_000019,0.46765433544929375,0.045765826906145904,0.030274217450226914
cologne_000024_000019,0.45826362372496937,0.02071414036242806,0.06394692777012377
dusseldorf_000185_000019,0.4427378319957484,0.029505666353288173,0.10996703469430073
hamburg_000000_071675,0.44936512864269057,0.04556110652840535,0.09200700730166379
bochum_000000_002562,0.4559948682580825,0.04291908050333841,0.08585694631022928
tubingen_000092_000019,0.4556393503618159,0.04514326040474417,0.07627201529200876
aachen_000006_000019,0.4629235603820783,0.052888662730791104,0.039164270393741554
krefeld_000000_019791,0.44842942362618776,0.02236929975692302,0.09066456316503105
strasbourg_000001_002949,0.4609130256606134,0.03307691949495068,0.026005576709520774
weimar_000083_000019,0.4548020009727953,0.02940196015597977,0.08627878273999764
bremen_000060_000019,0.4485921298927821,0.03681567045711668,0.11371049184179294
frankfurt_000001_067735,0.4579686480218144,0.024811234246302338,0.05355465660234991
stuttgart_000044_000019,0.4569346076326058,0.044626341221880486,0.0685349784434399
jena_000107_000019,0.4417640322984844,0.011917176315322386,0.11220618523900637
zurich_000078_000019,0.44536522559105923,0.033641079029219374,0.13270708696410402
aachen_000057_000019,0.46265629689221727,0.03411447578788167,0.04464569207025036
munster_000117_000019,0.46329196916115656,0.05655680376870029,0.05215609773715888
strasbourg_000001_000508,0.4568542047225592,0.05034421649468047,0.05894563050224116
hanover_000000_050398,0.4592335549924952,0.03799883055344921,0.06462008603123116
frankfurt_000001_049078,0.46257665376163304,0.029892538538372846,0.03545059565912823
frankfurt_000001_065850,0.4525582345475706,0.05706044452182328,0.07611003654424385
hanover_000000_016558,0.46013309034219385,0.05127112580161495,0.05071777537750082
monchengladbach_000001_000876,0.4546757217100223,0.04766514202750048,0.09761489523369468
hanover_000000_004752,0.45466944202888143,0.03409431552006763,0.09722327323373092
strasbourg_000001_064224,0.45820022171796954,0.033580186925584954,0.07971791045401964
krefeld_000000_009574,0.4611121458761396,0.04002608267897784,0.05122909505155197
ulm_000021_000019,0.46449960867270246,0.04400474173210532,0.05798878056059507
hamburg_000000_048138,0.45012416874613626,0.04106087965109033,0.10058984694591111
erfurt_000088_000019,0.45958965877546826,0.0375740491677448,0.057432578578645525
ulm_000020_000019,0.45088474239854204,0.06550743320249973,0.12619244997211154
dusseldorf_000205_000019,0.46349075876867496,0.03105440670601776,0.060976611093884414
lindau_000014_000019,0.46043665870044675,0.039360381430221546,0.036639320258198924
zurich_000070_000019,0.44016231788226867,0.05114068462204305,0.16640016773720032
weimar_000134_000019,0.46054338536243605,0.054898728048963924,0.0366900935280829
bochum_000000_019188,0.4606551239516677,0.04128885005556316,0.05524163468421455
cologne_000111_000019,0.4511421569960565,0.05894528017983027,0.1069650412735165
jena_000055_000019,0.45602586940609313,0.04974392578639998,0.09554498887800893
jena_000078_000019,0.4465496034022056,0.03439873715829232,0.11138705884085384
stuttgart_000071_000019,0.4409590913984907,0.03152984290912833,0.13691184014801272
hamburg_000000_003488,0.45213062304602,0.0488829430564241,0.07478391153931353
strasbourg_000000_002553,0.45868212368657035,0.038358970103803125,0.06409234333273035
hanover_000000_029325,0.45113370330221675,0.05413181964641241,0.10093675726758013
munster_000096_000019,0.44765003780779866,0.005138259146147581,0.10262657067792957
zurich_000034_000019,0.456544292546243,0.049587251468210594,0.07085551517939169
frankfurt_000001_010156,0.4548437307791693,0.04429275570942243,0.06540876352153258
zurich_000101_000019,0.4567294338723604,0.04114200660188805,0.08101557149728529
aachen_000026_000019,0.4617226914062561,0.0320415871997556,0.07292983156100136
bochum_000000_015645,0.4529812950764366,0.032064782529522454,0.06699951617709642
tubingen_000064_000019,0.44871273469095213,0.04198783030747668,0.09215748261118935
bremen_000068_000019,0.4555753603130664,0.04257542314042559,0.10050878660780611
ulm_000074_000019,0.456846113428089,0.04384289596397113,0.08713312835713616
darmstadt_000034_000019,0.4559430075361223,0.019888865535064908,0.060785381098190275
strasbourg_000000_024945,0.453526577421233,0.0580673497337586,0.09274593820407762
frankfurt_000001_013710,0.4586282921860584,0.045997417933259975,0.05748099750857985
stuttgart_000022_000019,0.43704279023272535,0.01504313015551544,0.13294663309892618
dusseldorf_000192_000019,0.45713803798568864,0.03565088998110729,0.07941382834961731
frankfurt_000001_065617,0.456572050054888,0.04765908525704812,0.05932569016858036
erfurt_000033_000019,0.45957225815731273,0.04488389704814587,0.06628706251077075
munster_000098_000019,0.44923404764389685,0.0061144954784803935,0.09090945097802289
frankfurt_000001_025713,0.456495670563408,0.05318797823179031,0.0719941197990338
tubingen_000028_000019,0.4549288006077785,0.046682803841874884,0.0802492473325987
dusseldorf_000127_000019,0.4589750367827922,0.04288434092625956,0.059442892374607356
zurich_000055_000019,0.4516391484079034,0.03412357649827285,0.0980876943247614
aachen_000107_000019,0.45737152488247107,0.028974855507102115,0.06868795881448642
tubingen_000123_000019,0.44684463130244134,0.028552101555608174,0.0925187412944903
strasbourg_000001_052544,0.45550197247279056,0.012820693887217027,0.05617473576212818
stuttgart_000099_000019,0.45244074697880293,0.039763601408249236,0.10888011198365775
dusseldorf_000056_000019,0.4588146328794588,0.03850373564181619,0.09173429356347665
bremen_000010_000019,0.4515615554686803,0.04648399490229285,0.10424041487765218
tubingen_000047_000019,0.4480779995636661,0.027854043091834684,0.09852179177450866
zurich_000005_000019,0.4528996617012109,0.030803714422309572,0.09751769448971802
weimar_000041_000019,0.4523724450647513,0.035389703649296035,0.09665927559746006
bremen_000154_000019,0.45430602078782467,0.03848994269831176,0.08406022234601576
lindau_000006_000019,0.45645812891135257,0.046136258772140254,0.09583324355146407
strasbourg_000001_002644,0.46262072225838385,0.014861901828143903,0.028082921560694835
krefeld_000000_016342,0.4447457593557707,0.025458810006015454,0.11367763547380062
lindau_000015_000019,0.455706196963437,0.02450474783906443,0.07664454893726111
bremen_000292_000019,0.4591469641749663,0.04229014106374511,0.07181878078887126
hamburg_000000_034049,0.45635911553946895,0.04909199358284042,0.07864189713058527
munster_000164_000019,0.4659120157940978,0.04475557473118108,0.044677296339133046
frankfurt_000000_002196,0.4501725379457758,0.026286934376672046,0.0848788176912327
hamburg_000000_106102,0.4503074626114393,0.028646742702878664,0.08982552200443757
frankfurt_000001_041664,0.455179942967894,0.057486525969442384,0.056447831085231555
hanover_000000_023614,0.45647637757066006,0.04195591968510988,0.08241859251558381
munster_000026_000019,0.45808963361035454,0.043958738426941944,0.06043366501141099
strasbourg_000001_028379,0.4543024197236743,0.03280772377677499,0.06568526245344143
hanover_000000_043102,0.4550621340643053,0.028168144478638968,0.08502664589232505
strasbourg_000001_017844,0.4597082402814647,0.02888751265762828,0.05138922538174559
hanover_000000_051152,0.45452475181637286,0.031253588162390135,0.07516646622397134
bremen_000052_000019,0.4542307360753864,0.05128354822603912,0.09788087958628153
zurich_000094_000019,0.4600999440259358,0.03239721142651905,0.05189994368488659
dusseldorf_000096_000019,0.4543536431922281,0.05736536756747993,0.07966375292125162
bremen_000159_000019,0.44594726940536455,0.05666325936760084,0.16069742220232047
strasbourg_000001_037090,0.4580503545075735,0.043964739577547395,0.08528215877290252
strasbourg_000001_051877,0.45292439559405256,0.028581855741797453,0.07347484899895253
cologne_000044_000019,0.45651196563431606,0.03824614145449656,0.07010663207930541
weimar_000107_000019,0.4526039540079441,0.03717005937128213,0.08819682108928512
ulm_000041_000019,0.4541594869745625,0.06291598496891869,0.09781989229341168
hanover_000000_041493,0.44831217979092447,0.01654543408199578,0.08842955742571006
jena_000075_000019,0.44875102164630476,0.04691931483072636,0.09979748754553207
lindau_000054_000019,0.4571497936157948,0.0484934395852768,0.07791667989027372
aachen_000060_000019,0.45666264403062196,0.019553528026837165,0.05435553773420158
krefeld_000000_030111,0.46134088809733087,0.025361099284507096,0.04050644075922557
dusseldorf_000218_000019,0.4414317539281768,0.016117763631705986,0.14417121294128915
tubingen_000052_000019,0.45799154421967364,0.03313265256800179,0.08730802147759394
munster_000172_000019,0.45557811105181073,0.02077153306544112,0.06818212379062144
tubingen_000129_000019,0.46351188366938306,0.04324980284027311,0.030848862993948463
weimar_000023_000019,0.4576652565118881,0.021178798476384902,0.08226310738271819
bremen_000007_000019,0.45559688311471475,0.039327146185743046,0.07356801141678664
frankfurt_000001_009058,0.4491367480896813,0.042844709960476075,0.1251393991011097
frankfurt_000001_017101,0.45469568208626704,0.06504518411933154,0.09758054713939812
erfurt_000077_000019,0.4555172775060694,0.024166943162005686,0.076408281246646
strasbourg_000000_019617,0.4558677240653782,0.04231339104126446,0.0596893961650451
cologne_000079_000019,0.4505220683149554,0.015208122678067487,0.10895448080327498
strasbourg_000001_029696,0.4592814076409876,0.03124140725123647,0.04058203793122757
stuttgart_000142_000019,0.43815024845828027,0.013724501194938286,0.14344928479063024
aachen_000108_000019,0.4583781330439909,0.0430444595273526,0.07850091349809314
stuttgart_000049_000019,0.4550871267662356,0.04712958723610382,0.06517893004705834
munster_000057_000019,0.45078174238660257,0.028457593540614737,0.09774141857116915
jena_000049_000019,0.4544403304919733,0.03207917464507597,0.07360559398423705
bochum_000000_037039,0.4544623462093306,0.05250203028765492,0.07293157018447079
frankfurt_000001_055387,0.461530026308387,0.04821369616674766,0.056619497367507265
hanover_000000_055800,0.45204353243139783,0.03128491569427107,0.10314819342163464
bremen_000136_000019,0.4571924610245732,0.02841895008278546,0.08586574323516602
monchengladbach_000000_022748,0.4537687185204289,0.025820269841182412,0.07419579816446478
zurich_000011_000019,0.4638760599559963,0.03384562710729928,0.05913225970898536
bochum_000000_031687,0.4582065939921321,0.049243530473333706,0.07465224041453793
strasbourg_000000_029839,0.4551281491898935,0.05137850767432464,0.06835820994478141
cologne_000019_000019,0.4591715180807169,0.03222695715407743,0.07236893144438099
bremen_000051_000019,0.4601658842306009,0.043832378904796035,0.051679338071658226
hamburg_000000_092850,0.4606267832772395,0.03166568562356994,0.06548098200396214
hamburg_000000_053776,0.4479466716488197,0.03752289403858836,0.11485523207719973
jena_000118_000019,0.4537423459616948,0.037470452207771496,0.09441043725628312
dusseldorf_000079_000019,0.458404221193057,0.039651544684702916,0.05430463276834804
munster_000142_000019,0.45306236716512127,0.024848957036060843,0.031026848355492024
erfurt_000042_000019,0.44798164068458424,0.029396707847168933,0.11258830358429592
tubingen_000070_000019,0.45968195482115776,0.04481070830030218,0.0614868904801244
weimar_000062_000019,0.4561370492147535,0.020359511926712183,0.06589639805350193
darmstadt_000032_000019,0.45059463399455213,0.04707932305798313,0.09919850224898365
munster_000094_000019,0.4581309732654956,0.05051007078622892,0.0672529007686651
hamburg_000000_093325,0.45001584555008134,0.04010437165755002,0.11670850812648799
frankfurt_000001_080830,0.45673905221974104,0.04146217299408819,0.0513086179126817
hamburg_000000_096624,0.45636027283082803,0.05772431857468821,0.07956792942072974
frankfurt_000000_021879,0.4512693147262729,0.04178114596394653,0.09780600780126554
munster_000153_000019,0.45882111927471664,0.03735356386732013,0.07099067177823433
bremen_000193_000019,0.4611308847030482,0.03131273891196568,0.07155364866504012
strasbourg_000001_045135,0.4632375885037319,0.037394003334057554,0.041663177617692816
monchengladbach_000000_029240,0.4495791382019292,0.06546271993792332,0.14460347838323265
dusseldorf_000094_000019,0.45703481801109697,0.049397731246677526,0.06602643361641221
lindau_000026_000019,0.4612880093027059,0.02416771864395636,0.05858730494012294
bochum_000000_021070,0.45937687570792324,0.035488339057625454,0.060392539822852864
stuttgart_000165_000019,0.44881609157883484,0.029339145987016747,0.1016126691262119
dusseldorf_000138_000019,0.4551066566060593,0.035040207322457405,0.058095360220152756
erfurt_000010_000019,0.46099868331893906,0.03699486874673818,0.07815603266146627
hamburg_000000_027304,0.4546264149077575,0.04257572489724962,0.06026700239117442
tubingen_000022_000019,0.4577588595834911,0.059675070686066964,0.058929669482140914
zurich_000047_000019,0.4545520989938704,0.04338043109451469,0.06805908128687141
strasbourg_000000_023694,0.4563402501192987,0.047354340794755506,0.07964731186225092
frankfurt_000001_049298,0.4586975386424219,0.04443027059888245,0.07565092444042237
frankfurt_000001_060422,0.4490344936997684,0.015520016482440368,0.09904254362007356
bremen_000059_000019,0.4594820166049999,0.025896055543993587,0.055171089566239354
bremen_000004_000019,0.4529235166962239,0.023725631479372077,0.07908720542850621
jena_000031_000019,0.4605391810251505,0.04309628352908931,0.051772185888065314
darmstadt_000080_000019,0.45670766739104063,0.03570598162012353,0.0677211825180078
munster_000162_000019,0.44420229502843284,0.012347539685600368,0.11545287112273206
frankfurt_000001_064305,0.4529367829741766,0.052103891831815845,0.08646382955671528
hamburg_000000_016928,0.4452191994806365,0.04860327486670563,0.13074633037251085
frankfurt_000001_007622,0.4518533753516045,0.04913994574641092,0.06178914228850511
strasbourg_000000_005912,0.44776648624091003,0.023540808696603983,0.09199596817961056
strasbourg_000001_033448,0.4440158449340228,0.01859548030348987,0.12240838555507838
aachen_000032_000019,0.4635439449264249,0.04126671648858582,0.04302531302375762
lindau_000045_000019,0.4640171263707832,0.03885914956393268,0.03688089069371949
weimar_000011_000019,0.45136911634696963,0.04437006610819801,0.09381197854722265
weimar_000032_000019,0.455459471369838,0.03128866914485272,0.056137083121170925
cologne_000146_000019,0.4488566493050164,0.05936092272063096,0.12514503582401418
strasbourg_000001_018742,0.45445306443385014,0.034143012987175536,0.07195752482072011
ulm_000090_000019,0.45818460388548704,0.04193222741822107,0.07431960848415523
bremen_000168_000019,0.4605813215754582,0.03487815709805388,0.04442086902561422
hamburg_000000_032460,0.4552666620415391,0.031265508807695824,0.04436606187436618
munster_000093_000019,0.46199549010153507,0.029159203726711214,0.046639630487553575
erfurt_000070_000019,0.4557748583214859,0.02256999836020393,0.06008632934081995
weimar_000140_000019,0.4598045261755255,0.042956006623631145,0.0523865333601519
dusseldorf_000177_000019,0.4536035757491058,0.03340283573583163,0.09353747206336675
aachen_000130_000019,0.45677620209144293,0.01491050935755939,0.07104132283220198
ulm_000069_000019,0.45357902160106467,0.04492535822073834,0.08768392599932012
munster_000158_000019,0.4580003574673507,0.034800660513374826,0.05961499725386294
stuttgart_000064_000019,0.4614798559871353,0.026062711726348105,0.045380373273155014
munster_000146_000019,0.4584330786320775,0.020054177748691473,0.028702895603822137
cologne_000014_000019,0.45090431840896283,0.05361990458017874,0.1025745256867719
bremen_000268_000019,0.4507815184062196,0.050691902885376734,0.10201511825859307
strasbourg_000000_000065,0.4555297691582901,0.029642189629107602,0.059920803199551516
bremen_000153_000019,0.45366557234059446,0.046027264787987326,0.09601477506797254
frankfurt_000001_035144,0.45877947451549844,0.042137225194919185,0.05517112679638068
aachen_000024_000019,0.4499167145074465,0.00703019893303816,0.03442247683209033
cologne_000025_000019,0.45674247977950144,0.00865469692129246,0.041764096715006825
strasbourg_000000_003846,0.4594372142963049,0.0317879029592244,0.06293901855821059
zurich_000072_000019,0.44919555499147346,0.04723938884129946,0.10202134564640858
dusseldorf_000052_000019,0.46040143635581154,0.030465336011531757,0.07228449513780459
aachen_000007_000019,0.46125543854772044,0.044749832040637746,0.07400595577661694
stuttgart_000029_000019,0.45691039617234386,0.05163672703689405,0.07745000661956913
strasbourg_000001_016481,0.4559158416450733,0.04362335749689728,0.05844449771202134
strasbourg_000000_011880,0.4529155018313681,0.03993851746300487,0.09702522919675505
strasbourg_000001_051661,0.4570959315489128,0.04379314564117535,0.07269505838931774
strasbourg_000001_052979,0.44803524182068927,0.030516895743803833,0.07812116839714255
bremen_000065_000019,0.45449534536706265,0.04053554305027595,0.07900942010229942
dusseldorf_000163_000019,0.4588368482808035,0.01444556326955764,0.05044910857088974
strasbourg_000001_026106,0.45805927558219856,0.022274567542716506,0.08080384080954983
strasbourg_000001_013914,0.45669810749948214,0.050818713125595376,0.04085213760382364
hamburg_000000_054555,0.448086971555235,0.04671544532958858,0.09069339513957392
hamburg_000000_069096,0.4560321484998581,0.05330429520466514,0.10192666597708305
hamburg_000000_094717,0.45478655488853603,0.024908922252096233,0.07216297728662478
cologne_000063_000019,0.46387772441638236,0.05171850202416518,0.044204446089499604
krefeld_000000_009926,0.45959307498165025,0.04671617903333066,0.05276505280437857
monchengladbach_000000_029526,0.4538523317409119,0.021779495734000367,0.09072867429392212
hanover_000000_017041,0.45937623124814525,0.04234710249809961,0.06501776390273893
zurich_000093_000019,0.45648697941190636,0.05177829951155446,0.06060525734436817
bochum_000000_021606,0.458686929418832,0.031664390503912156,0.08146813293062541
dusseldorf_000154_000019,0.4511236253215117,0.020280822068263833,0.09671735135563979
strasbourg_000000_033129,0.45533409137706654,0.03705954672372304,0.0989066247088541
cologne_000064_000019,0.46056858480584023,0.03759500393307166,0.044306129912186534
bremen_000040_000019,0.4442170760914625,0.014120539624962894,0.1075477676500188
frankfurt_000001_028854,0.4550855446540726,0.042197388954924066,0.07506309743228959
lindau_000028_000019,0.4600564352952298,0.022357738317819325,0.045874599393719705
strasbourg_000000_029339,0.4500222712270025,0.04145031772386591,0.045290829959091936
hanover_000000_034560,0.44820337817660455,0.011458025903848456,0.10483978604370692
darmstadt_000023_000019,0.4463642794707057,0.015510574126664338,0.12833481971783386
munster_000063_000019,0.4634414957685071,0.035257675543707415,0.04576135277032666
stuttgart_000078_000019,0.45779548880977783,0.04234319805151449,0.06055437560920805
stuttgart_000180_000019,0.4503009279831367,0.033076566158951534,0.061224695697071424
dusseldorf_000213_000019,0.4540963167028659,0.0282510917723724,0.10647259326651129
jena_000024_000019,0.4549846466090402,0.028614971139587986,0.07916582961626471
weimar_000089_000019,0.4572393473839841,0.029854826280000763,0.06241988587549456
frankfurt_000001_060906,0.4541404211298434,0.04594764051716703,0.10791846618936803
munster_000166_000019,0.4495567809902157,0.0735850858338055,0.08911196201150315
krefeld_000000_015494,0.45381654972261853,0.03279526496707954,0.08768444214107045
munster_000081_000019,0.45219547993443066,0.006794432243761437,0.07801387680906438
bremen_000033_000019,0.4562850826823624,0.03550397608371657,0.07825113180362249
stuttgart_000153_000019,0.4537189608694058,0.027910225785313696,0.051286280266255375
aachen_000043_000019,0.44774266009347924,0.015295270636354554,0.10253750158807458
stuttgart_000045_000019,0.4523924506135171,0.02391953810974791,0.08659771340977775
erfurt_000032_000019,0.4605214414610122,0.04204329654393282,0.051120668763281495
bremen_000286_000019,0.45165344661085044,0.057269843366561476,0.1087204663783063
krefeld_000000_004447,0.45090088873579653,0.03476517272764246,0.08583765491813859
hamburg_000000_062371,0.456966285986671,0.05439210290417001,0.08077080040300054
hamburg_000000_065055,0.45111055329393085,0.051330081860074595,0.10282118495110867
hamburg_000000_054220,0.447997974011465,0.03819997822170247,0.10613463995479362
bremen_000079_000019,0.45646115131997234,0.05356086656723143,0.10462767701585055
strasbourg_000001_026856,0.46263548558077744,0.028136016620450607,0.028883071586871478
erfurt_000018_000019,0.4655160879888868,0.0385232230716297,0.039269595244585925
zurich_000025_000019,0.4449923883188172,0.03332729886106069,0.13340113855620261
bochum_000000_027951,0.46091863832906815,0.047225895435448695,0.057404924571973194
weimar_000111_000019,0.45648910276606364,0.04676760700903309,0.06580235709714602
cologne_000008_000019,0.453408451178843,0.043715422203815524,0.09154392375414559
strasbourg_000000_007813,0.45462644665471164,0.05309342038236411,0.06615810540419026
dusseldorf_000123_000019,0.4485869080959135,0.018177772391950058,0.10688323856753074
hanover_000000_030276,0.45365529310582564,0.05524852523392038,0.07736983277974303
strasbourg_000001_013767,0.46081048935719393,0.051158301802844086,0.06261858166959534
darmstadt_000013_000019,0.44755902344674997,0.041683085822963026,0.10553159217149287
stuttgart_000014_000019,0.45514598423312214,0.03721053066369546,0.08139332380270012
aachen_000029_000019,0.45220518457716724,0.029980971830907793,0.08956176433344633
cologne_000081_000019,0.45047537456264736,0.019942643368031327,0.09887940759771588
bremen_000015_000019,0.45559515393666417,0.012969879113336817,0.08494075607407922
munster_000116_000019,0.46660647583506154,0.029943713409760524,0.03031092432344633
frankfurt_000000_020215,0.4541638281620345,0.057034251467304016,0.07495042839721372
strasbourg_000000_017044,0.4519158486562527,0.047290781492510064,0.08730909114690932
monchengladbach_000000_023489,0.45584797077555855,0.025379792644724786,0.06353497083421245
dusseldorf_000078_000019,0.45445854327824425,0.030432922538630468,0.05357404832886034
munster_000169_000019,0.4490691048520827,0.05915239567747763,0.11217809908722096
frankfurt_000000_013382,0.44932883349958497,0.03471534925309853,0.11786483104874497
cologne_000078_000019,0.45217390436737914,0.048157913446775794,0.1050982388598418
krefeld_000000_021553,0.4547566880783085,0.019877677385965704,0.08048845978308133
weimar_000040_000019,0.4584454922633268,0.04201020752071816,0.059362983882391904
weimar_000031_000019,0.4486133729448005,0.01289773992937593,0.07947025653840124
strasbourg_000000_035008,0.4566223437033148,0.038646051704554714,0.02690478113869622
dusseldorf_000198_000019,0.4467940623891148,0.05351671444213594,0.1377856406264172
frankfurt_000001_082087,0.4584224296867339,0.047486392218460766,0.07196630969573412
hamburg_000000_015350,0.46367362727462885,0.044199909984899206,0.05424428477701239
stuttgart_000170_000019,0.44725185162834674,0.0528553099459198,0.12491574369453967
jena_000034_000019,0.4587185738200835,0.024330515642623823,0.047467031320887025
frankfurt_000001_015091,0.4470032043838493,0.05004521271234223,0.10551273280497128
erfurt_000007_000019,0.4483711553657432,0.06014859958107531,0.11491723884211597
bremen_000026_000019,0.4532518510169237,0.024861030431337614,0.06438014503810716
hanover_000000_009420,0.4522310396570234,0.040554795912560476,0.059970592314084914
tubingen_000137_000019,0.45473727967223326,0.05545498674359344,0.10466366563842766
tubingen_000037_000019,0.45943129627427487,0.04664260945109899,0.05382952776706272
weimar_000065_000019,0.45203365015034724,0.022675047290523363,0.0609861524502059
krefeld_000000_032845,0.45756388360392747,0.02900953413488982,0.06427022832530806
strasbourg_000000_034097,0.4519996286944304,0.01582215594300448,0.06567061925287186
ulm_000070_000019,0.4573309062261729,0.05200503287908093,0.14708639180478134
hamburg_000000_002095,0.45276640187024814,0.05884628279007834,0.09721483799996448
cologne_000075_000019,0.44633406718976243,0.04620183954143889,0.12420560265187379
strasbourg_000001_042558,0.46274274024198675,0.03292225068053727,0.06780744978910103
dusseldorf_000144_000019,0.45393422149792784,0.016073990861433008,0.0733792281472359
weimar_000136_000019,0.45150207706749523,0.04913157136005355,0.08137801554645545
tubingen_000057_000019,0.45243211229449437,0.05015116360426874,0.06476557099228887
krefeld_000000_035398,0.4556228472356062,0.057151984858229164,0.07193133087368853
zurich_000096_000019,0.46098740026859,0.03597617920616929,0.040940187628899304
frankfurt_000001_044413,0.4601868043327309,0.03916604536645358,0.0488555572285838
hamburg_000000_061048,0.44955285578666415,0.042350795904019585,0.12019453552295586
weimar_000090_000019,0.45782970310692067,0.01828751048311802,0.03894230345580947
strasbourg_000001_009097,0.44885054523592055,0.026879552317301242,0.08130618403272193
tubingen_000061_000019,0.4553220212950105,0.03768033779434291,0.08201718941464252
dusseldorf_000030_000019,0.4497581275255908,0.034857454270911976,0.12555243477348432
hanover_000000_043822,0.4527780001605453,0.03159456538245673,0.07102361049263681
bremen_000038_000019,0.4524161347898352,0.04493997764990197,0.10668606552258438
krefeld_000000_018514,0.4585431902216013,0.02507855290673096,0.04810329569540683
zurich_000017_000019,0.44953645304966033,0.026940542259458765,0.09547355177064926
strasbourg_000001_062691,0.45814913615135455,0.04714669330710408,0.04509119107589944
bremen_000008_000019,0.45453221972203406,0.059653188579227315,0.09470847702418182
jena_000050_000019,0.45504629770271243,0.047857744589023324,0.08065568628099616
bremen_000021_000019,0.45415057572985257,0.049199794364857226,0.10158592747749998
hamburg_000000_086636,0.459714068704926,0.04116328851807812,0.0351143296442259
jena_000000_000019,0.451179005055516,0.0447667521017919,0.07806463962291808
dusseldorf_000175_000019,0.4567897145202718,0.032349556066403565,0.062457214850170105
strasbourg_000000_029400,0.44636656537554004,0.03261165157299245,0.09547404698013226
monchengladbach_000000_023052,0.4654314660842469,0.04287262220955367,0.035171743263048984
munster_000065_000019,0.457158138796113,0.03185607595052686,0.08818702877316713
cologne_000106_000019,0.44548016660031126,0.066720916943731,0.14968217134063422
hamburg_000000_074425,0.45836794066294556,0.06257155432235904,0.05301119573451711
dusseldorf_000186_000019,0.44886780844527097,0.020528975299239693,0.10179562829590494
erfurt_000029_000019,0.46282680369900203,0.03321248207846508,0.055668774716610296
lindau_000016_000019,0.4499398298723081,0.01981391040025869,0.08607345611290719
frankfurt_000001_005184,0.45759578675553186,0.05479843858513102,0.06039932501919448
aachen_000077_000019,0.447028997278979,0.020991487693220456,0.09919211783762277
bremen_000098_000019,0.4513365326390378,0.031771116669076754,0.07124102753170229
darmstadt_000069_000019,0.45616210357545195,0.03135748364018926,0.05522929294360978
zurich_000023_000019,0.4547891547087564,0.061748290765112096,0.07166233017925128
bremen_000141_000019,0.4419110685251777,0.042754702281616194,0.15178122787763904
hamburg_000000_030279,0.4577742275577569,0.06262877767872871,0.07619455247905274
zurich_000112_000019,0.46482725049860324,0.04995048424641038,0.03788171997206162
bremen_000041_000019,0.45091634098230415,0.015026707056893174,0.10767286236369672
tubingen_000096_000019,0.4641808646795727,0.03232537421991863,0.03873520776162987
bochum_000000_008448,0.45697432789325976,0.04203451961559533,0.054067304009944306
weimar_000006_000019,0.4540619810537448,0.03786898289216265,0.0758803336124082
zurich_000091_000019,0.4563265330452585,0.018181765092291746,0.04423111434235399
hanover_000000_037039,0.455227554872594,0.048942815521263706,0.10367460210969952
weimar_000070_000019,0.4610726219960036,0.042513030610675455,0.05164396932493754
hanover_000000_006355,0.44897407167919995,0.05120007911633783,0.12159024218939617
aachen_000098_000019,0.4472431710823013,0.028757132148334807,0.1295192482012581
erfurt_000040_000019,0.44880235097898924,0.004874865547141111,0.0826214345202404
hanover_000000_030546,0.454625765109572,0.05280517959160028,0.08345971300851324
jena_000008_000019,0.4514069317117743,0.03489373562415496,0.11223198046163423
hamburg_000000_080438,0.45840151299015386,0.029924180947851983,0.05300789937128725
zurich_000082_000019,0.45351470039988784,0.03586060321225611,0.07356764871920748
strasbourg_000001_053222,0.4590236636183551,0.04645197801935384,0.04952358958597304
hanover_000000_057532,0.4587355256266677,0.052844309079293696,0.048917344193965595
tubingen_000004_000019,0.4555774181970966,0.01563515193124344,0.025736279097532608
strasbourg_000001_042434,0.4628822608884883,0.02719850774510558,0.06385076754375463
weimar_000120_000019,0.44383671349410164,0.023830728952527826,0.12807958775928077
ulm_000037_000019,0.45889329204406815,0.05398686961162496,0.06398496277490441
zurich_000090_000019,0.4455956140446151,0.0142677185375898,0.13403639985307159
tubingen_000131_000019,0.4605743797916224,0.055956087257379994,0.08934893199664093
tubingen_000008_000019,0.4592193300217834,0.032970478774277445,0.04783047302384704
tubingen_000138_000019,0.4641729024903689,0.04165923955920179,0.04592895270251166
monchengladbach_000000_007851,0.4514843648093845,0.0165597132800913,0.08210809416662822
weimar_000123_000019,0.4504815958142638,0.040571940818237465,0.08585429610561206
stuttgart_000059_000019,0.4532337694586947,0.037856089733535096,0.09559430475803755
tubingen_000088_000019,0.45895856679315883,0.03670516485491366,0.024291600436589386
krefeld_000000_024276,0.44680681034505515,0.016644370653980205,0.07580616216907061
ulm_000011_000019,0.45776779883804936,0.013705234258582645,0.04038686877951098
jena_000037_000019,0.4424648931905426,0.06363002911062823,0.13633407899133884
stuttgart_000013_000019,0.44551756217663574,0.02054815068458817,0.10089948329499447
ulm_000030_000019,0.45586573532780306,0.02885723462631219,0.06267438965336034
weimar_000105_000019,0.45777908410750323,0.03558698120203507,0.08329434815410021
strasbourg_000001_045481,0.4561708276106962,0.039499611327255775,0.059253396728574444
munster_000018_000019,0.4593342583560413,0.04502078026092323,0.0711955099355117
dusseldorf_000106_000019,0.45966932163233926,0.038294629454982645,0.08107252813330998
erfurt_000057_000019,0.4547084906543111,0.027953191452818767,0.056850303379218474
cologne_000123_000019,0.4549503180623059,0.04987735851915151,0.07796719571024784
frankfurt_000001_066832,0.4554854147990884,0.05379542056798109,0.08709297721584493
hanover_000000_012675,0.45048328184598735,0.058506637425141714,0.11215245157085385
tubingen_000017_000019,0.4527916270636868,0.01464432945493902,0.07462863236052866
tubingen_000016_000019,0.4621995794420059,0.04182662732322984,0.04882131665755108
frankfurt_000001_067092,0.4551946713228627,0.017518037773396368,0.05986586221025995
weimar_000007_000019,0.46011228236871043,0.05116360468532291,0.05017779494551237
darmstadt_000004_000019,0.45438674815662505,0.025006880602800898,0.08040043055611196
bremen_000056_000019,0.4580366181875573,0.03971435772958226,0.06319832281598013
frankfurt_000001_001464,0.45193432373246917,0.04427991058531389,0.08345715622501172
darmstadt_000009_000019,0.44951344252893216,0.04050186475674743,0.09569517348661646
strasbourg_000001_057517,0.4549585632725778,0.06469283107169231,0.10494780196284607
bremen_000011_000019,0.46085616676726604,0.04558662550628683,0.04893353280154554
weimar_000044_000019,0.45966318391360067,0.0410140542092205,0.061347710505799964
strasbourg_000000_019050,0.4552435558591102,0.02003281695284435,0.06156553214600981
bochum_000000_029203,0.46134230231111906,0.04039584135344649,0.03397943734968448
krefeld_000000_009404,0.461210141147323,0.03536595646662117,0.049969874682474484
frankfurt_000000_008451,0.45307339316395834,0.03809680427550779,0.09120609793553389
bremen_000127_000019,0.459388320960354,0.045806909289754394,0.03862745207856608
bremen_000190_000019,0.4625827616261438,0.03212295792104573,0.0285301597339815
ulm_000032_000019,0.4592862239972046,0.05044469968477916,0.04569179765721406
monchengladbach_000000_034621,0.45887787085284354,0.03809945025571379,0.06432581084241322
munster_000008_000019,0.4521566911027042,0.027521770704668398,0.09652666994747137
erfurt_000017_000019,0.4572797873302931,0.016817030260483184,0.06494294722446617
bremen_000295_000019,0.45407520319592215,0.05454457820192904,0.10605069285810255
lindau_000004_000019,0.45388879861230547,0.05725886050268051,0.09957057579366335
jena_000020_000019,0.4551659051728545,0.04385064321544705,0.0675137328027941
bremen_000304_000019,0.44946625504572535,0.03275584123532846,0.11562185242877154
hamburg_000000_084746,0.45471449449793505,0.05384793383978884,0.08433830973191321
weimar_000116_000019,0.46018010754917205,0.03663592564644513,0.03990585604960626
hanover_000000_040051,0.4562591409566378,0.034115201542071,0.07437738593260272
jena_000064_000019,0.44608199379358093,0.039921749008066394,0.10270972086814203
munster_000097_000019,0.4514491048625932,0.043201297390652406,0.12477481032412034
stuttgart_000065_000019,0.43944494948211793,0.011992040837430442,0.15809547156217482
cologne_000113_000019,0.4554306960517301,0.04932514669965481,0.10890837489338098
munster_000082_000019,0.4537881424503182,0.012171329260732854,0.07858592687609602
cologne_000084_000019,0.4466300634077973,0.007201144205127013,0.09407102657651323
frankfurt_000001_044787,0.45607151014490016,0.04330113190523532,0.05644644134399783
erfurt_000083_000019,0.44831124224855845,0.02354827715645326,0.10242382517802649
hamburg_000000_055039,0.45837013586151915,0.048268047992652816,0.08230416277504651
bremen_000037_000019,0.4583660133112047,0.019684289623753595,0.051080727301102566
dusseldorf_000212_000019,0.45645343741936933,0.034649563129850104,0.06417659160678862
darmstadt_000056_000019,0.4558081874529923,0.034917273914889954,0.07605472078252734
strasbourg_000001_006153,0.4570623858456687,0.024085102046622658,0.0728143433497947
ulm_000076_000019,0.462917451970633,0.029468555734089137,0.04516748343714417
frankfurt_000001_061763,0.4448910775607004,0.05184151335835281,0.1196596752947524
hamburg_000000_085413,0.45773116147846044,0.025210953754033975,0.054875551436896104
strasbourg_000000_033062,0.4503562011074141,0.04464211102959013,0.06791015436270963
bochum_000000_024524,0.45833142467186,0.05158835945894108,0.07432828868033543
bremen_000081_000019,0.4549047230782018,0.060270514805332215,0.07330971674089297
bremen_000108_000019,0.45334664115350676,0.01812818870890107,0.07731237163796648
lindau_000039_000019,0.46047489438103245,0.04618110348787785,0.06187177792873255
dusseldorf_000143_000019,0.4512466051801378,0.02583488330990726,0.12753040570080706
tubingen_000039_000019,0.45788911077235867,0.04405156259059543,0.07152823418102355
strasbourg_000000_035942,0.46216453819506464,0.04415581267198869,0.02364666123957979
monchengladbach_000000_026006,0.45922820730928704,0.049745598051917445,0.07375812445422043
strasbourg_000000_010049,0.45691300913364075,0.03814335414359674,0.08117150936738003
hamburg_000000_087822,0.45651769441588874,0.038693270736097456,0.06362360619352823
hamburg_000000_066988,0.4551408135986503,0.0343031158446286,0.043322108164282114
frankfurt_000000_012868,0.45536256064547437,0.044672142182148114,0.059767020137981415
dusseldorf_000050_000019,0.46321623197401907,0.047100053920914944,0.03471926608785655
weimar_000037_000019,0.4496927414608627,0.03559982912183681,0.11312135615534363
cologne_000145_000019,0.4454890889120289,0.022491702851764234,0.10714359135477829
munster_000131_000019,0.4613954740704959,0.046371721291810594,0.051291677673482944
monchengladbach_000000_012376,0.4465262881368786,0.01736636376292909,0.11353265746799478
hamburg_000000_044400,0.45594803399301526,0.04226577764066869,0.07641970012428019
aachen_000015_000019,0.4533899456811567,0.03277258431991436,0.09416919773812604
cologne_000057_000019,0.4535461620678866,0.0488995295124229,0.10298591648145677
bremen_000080_000019,0.4524752411501748,0.06116438512518323,0.10822160441773332
krefeld_000000_028638,0.45474551273590264,0.025245058214093313,0.07786273694733241
hanover_000000_030346,0.4548087146236392,0.061218383571146756,0.09518591365276133
strasbourg_000001_001449,0.45371735766724985,0.023905010825170513,0.05440408736688111
strasbourg_000000_014066,0.44122745323162216,0.02452345508305091,0.1413223632348733
dusseldorf_000044_000019,0.4584601851248971,0.061587194258283295,0.06622615174238654
aachen_000083_000019,0.45394610281119724,0.03390622179602275,0.06296607066292102
bremen_000100_000019,0.45279707951273507,0.03306728496596038,0.06883933719514852
hamburg_000000_038729,0.45665976625340077,0.039933873525310686,0.06575602734252597
bremen_000236_000019,0.4541362455870757,0.027610464692889487,0.08496693909576686
zurich_000073_000019,0.4589405456662425,0.023069861795771272,0.042814566330507
strasbourg_000000_033747,0.4569725588582065,0.04590991940523725,0.06649201959827548
strasbourg_000001_047619,0.45138708319583504,0.0493811571090526,0.11434595971715181
munster_000074_000019,0.4550090913018026,0.021285163948709107,0.08410444391599332
tubingen_000101_000019,0.46265749864093664,0.04900881304284058,0.03991057071907569
dusseldorf_000113_000019,0.45202642455235875,0.0489106235209496,0.10317396868638887
bochum_000000_005537,0.4575804408573934,0.03949759526933719,0.04841394163812653
dusseldorf_000093_000019,0.46167227026971214,0.042157736023438114,0.0566369677105236
aachen_000065_000019,0.4444072758043095,0.04932023034674644,0.13158745677302597
darmstadt_000008_000019,0.4503543008450803,0.041287085773300786,0.09893546085108755
bremen_000090_000019,0.45536077978688144,0.05617001501473304,0.08127939386980437
weimar_000099_000019,0.45123837501040975,0.03008421163914718,0.0890671393989567
stuttgart_000043_000019,0.4489241418259138,0.06066229046138334,0.1299469750983608
weimar_000016_000019,0.45686447404182834,0.013614939328950665,0.029603368506260413
bremen_000050_000019,0.45839976407566346,0.03942022715378812,0.06268805672362093
jena_000018_000019,0.4502509790507985,0.03760314538931278,0.07694680017684843
weimar_000029_000019,0.4578517047775574,0.02172726600710839,0.07229468497809273
hamburg_000000_105724,0.4573080535584146,0.034048180273577144,0.07325552428049037
strasbourg_000001_065214,0.4588879962075503,0.03898621652628089,0.09746746442644173
zurich_000056_000019,0.4590459623609179,0.025137137649157256,0.054209303802195324
frankfurt_000001_067295,0.4569653503626795,0.045021007650011866,0.08766671935658125
darmstadt_000053_000019,0.4540279072440379,0.05173139919436879,0.09994916650244552
bremen_000046_000019,0.44524224234683446,0.010677634713944997,0.1019735327944814
stuttgart_000132_000019,0.45364720865073144,0.04244463948490196,0.09147222818256834
strasbourg_000000_026998,0.4588045533838993,0.04339162805991245,0.047643627227058456
erfurt_000008_000019,0.45335350009275543,0.053848209879937284,0.06870810882546495
aachen_000094_000019,0.4517116934552302,0.027403718453073544,0.08184608195973904
bremen_000062_000019,0.45043694564249825,0.04073884165026555,0.10065206997853579
frankfurt_000001_003056,0.45602305033840385,0.035739159176370904,0.0964730620329798
darmstadt_000072_000019,0.4585941499029767,0.024391456367705656,0.03430100356340914
munster_000073_000019,0.44764989684798834,0.02073455866133327,0.11912052291661608
bremen_000209_000019,0.45541077899475807,0.024781237502249077,0.08478430776151058
krefeld_000000_000316,0.4568369998992257,0.03729385890481226,0.04550296924852635
cologne_000122_000019,0.45536531843745603,0.048963759974912764,0.08623035180587814
krefeld_000000_032614,0.4539843131740127,0.05153648028633438,0.11588069903384728
weimar_000045_000019,0.455531879705067,0.020755244496394747,0.05144097302738438
strasbourg_000000_019229,0.45557299496371195,0.04345419484058243,0.03933099757682457
krefeld_000000_002083,0.4586538190266677,0.020453065999434666,0.05998766356066051
bremen_000125_000019,0.4567087151223309,0.02691203613500588,0.06828638151160618
cologne_000039_000019,0.46044091044367724,0.05830131484127677,0.06393707904609869
darmstadt_000017_000019,0.45872331766725877,0.062445904701388034,0.09068032389433964
lindau_000008_000019,0.4653017506544696,0.027026909829403315,0.06043603508257326
frankfurt_000001_055306,0.45380281435646097,0.01723936896854535,0.07634132989812865
frankfurt_000001_058176,0.4523350449307286,0.04062672777921946,0.07644924526242255
strasbourg_000000_025491,0.4481080257921386,0.019980145334119768,0.10053126241987397
krefeld_000000_023143,0.45194460875345166,0.014395163955818774,0.07084531296878287
erfurt_000013_000019,0.46178992879645714,0.028914363112394315,0.06404364924992732
stuttgart_000074_000019,0.4537110177193116,0.04369546488116982,0.0828283154758334
krefeld_000000_036299,0.4578219466370768,0.05823015684901262,0.0823294938502021
strasbourg_000000_030435,0.44896025715097065,0.052535578400713476,0.09985246864013833
bochum_000000_010562,0.46255088500277824,0.03083766637280716,0.05038435609062695
munster_000033_000019,0.451221179631057,0.04775715505018461,0.11197155827018396
aachen_000151_000019,0.46585883333400474,0.042895615206760974,0.0294412951539347
weimar_000064_000019,0.45831317030005436,0.03036105038266738,0.05302237412150637
dusseldorf_000104_000019,0.4479391690733466,0.015706147823917153,0.08979619794035375
dusseldorf_000091_000019,0.4524170946544341,0.028133486568077837,0.07386649759095115
zurich_000029_000019,0.45340396472997896,0.0317013168536844,0.10908338202502596
stuttgart_000093_000019,0.4425898311957954,0.020290505355697964,0.13537803082833536
hanover_000000_046200,0.4597517264964629,0.03133209867069187,0.0361797940575246
stuttgart_000039_000019,0.4602740419526195,0.028013480509132993,0.043845143656264775
jena_000023_000019,0.4454276143891664,0.02056686968967156,0.11035298656793209
monchengladbach_000000_034930,0.4534168724587851,0.03125232876572333,0.08498550512390708
hanover_000000_032681,0.4565294558070939,0.04392300750066317,0.04918366194541298
jena_000086_000019,0.4574819893165163,0.01565603767507722,0.053197342503235046
jena_000012_000019,0.4360193696909627,0.00973001221598405,0.16657246248121707
frankfurt_000001_062250,0.45380152167321186,0.04133447838480484,0.11726986658367755
dusseldorf_000197_000019,0.4553184916071928,0.02810208513595545,0.07691228548690417
darmstadt_000001_000019,0.4472499986522113,0.029754658910548737,0.12252842452819061
lindau_000007_000019,0.4563006783537922,0.05788429880849727,0.0846053166112578
ulm_000065_000019,0.4321744764025466,0.0446484387372584,0.18726492111888687
frankfurt_000001_028590,0.4520868601423884,0.028420866816995263,0.0910060163284815
frankfurt_000001_031416,0.45261920400985867,0.03813400681695381,0.06796530650689792
erfurt_000062_000019,0.44949260444691197,0.01817405966124608,0.09590845694069737
bremen_000265_000019,0.4498931819886891,0.051230182684341014,0.11962068665569434
strasbourg_000001_027097,0.4565160928199582,0.04216019620867088,0.08588140686889921
zurich_000071_000019,0.44185748468504715,0.03916910359750819,0.1285577295163693
tubingen_000084_000019,0.4596792586856977,0.030261418156066724,0.07933732076529598
strasbourg_000000_029915,0.4530595779412994,0.045924955520694984,0.087059283384506
aachen_000097_000019,0.45657366947767014,0.021057758370538887,0.06274905826708015
hanover_000000_050228,0.4582210944182701,0.046106975198843034,0.0670561501381215
hamburg_000000_029144,0.4556945369293939,0.034682459000352696,0.058529660749692
krefeld_000000_020873,0.4640563885258098,0.028217590674542582,0.00467588269294605
munster_000034_000019,0.4574737758728707,0.03674869604625906,0.06890689479346689
hamburg_000000_077927,0.44712304227541366,0.036050597295295014,0.11300443853366458
bochum_000000_015880,0.45952497163399864,0.02588160175913935,0.06349154910752447
cologne_000150_000019,0.449702392519672,0.04570981884007312,0.09891851158996894
hanover_000000_058189,0.45856979555392785,0.05049065252612007,0.05972608087222317
strasbourg_000000_018874,0.45676850911207245,0.00883862648466462,0.050291923417384636
strasbourg_000001_004106,0.4529923879132659,0.039227335866478925,0.0644932501254968
hamburg_000000_056229,0.45482419620833786,0.033153012322959155,0.09202589826208554
ulm_000068_000019,0.44981061275947626,0.03934894530480744,0.10641736891148877
strasbourg_000001_020956,0.44549064725367127,0.01215486937694432,0.10610147198936168
stuttgart_000034_000019,0.44657645634367044,0.04242946312304682,0.13446398770712628
stuttgart_000038_000019,0.45696857235313054,0.03243130862702558,0.060190134796779315
bochum_000000_020899,0.4618790030019611,0.04345804322054018,0.055803369666136846
erfurt_000037_000019,0.4449807790456229,0.040790079441413545,0.13153704457350188
munster_000004_000019,0.4501251162272253,0.04165633028064953,0.10240934139291595
strasbourg_000001_023271,0.45327921671648214,0.0356029162407489,0.08081043373520146
erfurt_000107_000019,0.4460372861213679,0.000672162577049677,0.08566230998599306
frankfurt_000001_080091,0.4557649550344312,0.036188221489298136,0.05288003670180954
strasbourg_000001_030839,0.45418938100117495,0.03656391591136923,0.08167622473542431
dusseldorf_000178_000019,0.453244368418944,0.024079043376425066,0.07125896482709074
krefeld_000000_031257,0.45874662128552346,0.04135453489570497,0.09011606675262078
munster_000099_000019,0.4562700700385435,0.014765554306101648,0.07575441575585343
hanover_000000_032559,0.4592486680065242,0.0347228602384028,0.06295534340674712
frankfurt_000001_014406,0.4551480315361431,0.03731442228316327,0.083083538178836
aachen_000103_000019,0.44899991080135143,0.03501072481183733,0.10525400632849634
hanover_000000_019456,0.4536759981410054,0.035212364742322,0.0699562474605321
strasbourg_000001_007524,0.4394939893436595,0.004898811394125329,0.14248145961490952
hanover_000000_023881,0.4511658746644487,0.025394505407474784,0.1009293878644109
bremen_000210_000019,0.4568247796076792,0.027079123218579384,0.07595799625130989
aachen_000045_000019,0.45455730788216636,0.04755168453136274,0.08881217825390052
aachen_000008_000019,0.4568415614945913,0.05344824581650251,0.06689150467071783
bremen_000117_000019,0.46203601783859044,0.03543888653253295,0.02988759795344706
strasbourg_000000_020653,0.4548735166084359,0.03791734629036198,0.07926739358431244
tubingen_000014_000019,0.4573998451166914,0.030772174556563593,0.08441268733668617
hamburg_000000_082187,0.4591356970363617,0.031567892307827465,0.05236602032046667
dusseldorf_000203_000019,0.45071023126372395,0.031108920003325134,0.10353705081267565
bochum_000000_028764,0.45961405667124394,0.03775669519461801,0.030338780809421588
zurich_000021_000019,0.44864411602401505,0.01451934747365703,0.09372090356602296
strasbourg_000001_039703,0.45487020904910086,0.04512432867563371,0.0927808630212719
tubingen_000102_000019,0.4588714250498381,0.040649536072241824,0.03890814491624405
bremen_000151_000019,0.45206934752364053,0.04630555017385255,0.0675729812530052
hamburg_000000_046078,0.45037314485069846,0.04275911821243684,0.114082096493662
ulm_000088_000019,0.44364908901202665,0.028473495865005794,0.1447995851011379
krefeld_000000_012505,0.45049411327742883,0.051662799476872585,0.06828126683056822
strasbourg_000001_005219,0.45273134441738366,0.010454757472224031,0.05802699964335449
cologne_000133_000019,0.44591337036895984,0.044236557374090865,0.11454161703485083
darmstadt_000075_000019,0.4496290254267896,0.04775926522944583,0.10718392559981398
hamburg_000000_048960,0.4489941960899514,0.009059524823846964,0.09959794610095228
bochum_000000_018195,0.46176507608498785,0.023985811418158778,0.040824711817535095
jena_000088_000019,0.4504511908674535,0.022227518014111904,0.044319170860620975
jena_000095_000019,0.45319474109581165,0.04684191120110843,0.12531439221196494
frankfurt_000000_011007,0.45236568916777875,0.033622999814822724,0.07138381750618603
erfurt_000055_000019,0.4549721582018122,0.009795737687722648,0.06315484636302039
hamburg_000000_094185,0.4547397177020577,0.04672461321406395,0.0892555833543281
krefeld_000000_010653,0.4561766031472651,0.019842914679442117,0.07784378349813885
bremen_000063_000019,0.4518707425128775,0.03710282510091195,0.08720497797342025
hanover_000000_025335,0.4505555469360004,0.027660906365032576,0.08963931708955039
stuttgart_000148_000019,0.43366280114660893,0.03223838270738125,0.17803850760946624
cologne_000048_000019,0.4550333545595779,0.006566004733280617,0.0737974186976468
strasbourg_000001_004260,0.4579380849706641,0.041952651251036734,0.06278662052534996
bremen_000157_000019,0.4602301327145298,0.04032069321302607,0.03449988086272177
stuttgart_000085_000019,0.4411152610510194,0.02567237889819952,0.1487013797250493
weimar_000135_000019,0.4643212231544154,0.0413687615342496,0.05573485468164917
munster_000156_000019,0.4557567595285358,0.06050677941578543,0.08242073358173146
hamburg_000000_067338,0.46232330508258024,0.03873317994978035,0.039642883463072716
stuttgart_000047_000019,0.4647227437016967,0.0372624589451883,0.02644053674536402
strasbourg_000000_029577,0.4518952998528589,0.03227164214954516,0.07370554802135193
aachen_000051_000019,0.4504505445727944,0.02512505292047001,0.09529493434521025
dusseldorf_000098_000019,0.46579159999144676,0.03845469853895114,0.03974241293812209
hamburg_000000_076392,0.45828443108977557,0.0455176100643448,0.0734139349594356
bremen_000288_000019,0.4533506036921744,0.04913870306994147,0.08465830676879148
hamburg_000000_103075,0.45765368717239624,0.049984981940415354,0.07566416261156397
bremen_000234_000019,0.44822151994198617,0.037385773329677754,0.12888219704146092
munster_000152_000019,0.45516023979542136,0.027612276339420785,0.09329277817527715
frankfurt_000001_068063,0.45622565978058577,0.04631429941182931,0.08190027036917258
frankfurt_000001_046126,0.4569919154059542,0.05658919899786847,0.07170918759993268
monchengladbach_000000_001294,0.4572171300371696,0.03906066317387406,0.07627772032445478
dusseldorf_000191_000019,0.4503012594360444,0.03418790417660711,0.11642683914773339
zurich_000083_000019,0.4492389041518807,0.018458223350667016,0.07869675519874854
frankfurt_000000_001751,0.45656702809139715,0.03897466447321867,0.0635122364881976
stuttgart_000016_000019,0.4474494527257766,0.06387527829907162,0.13600887927860872
bochum_000000_027057,0.4596658628092096,0.04658729426843955,0.05687746361740195
jena_000026_000019,0.44268139531200085,0.0475191665481552,0.14566105887277284
frankfurt_000001_049770,0.44751620555425375,0.03327214455061095,0.0825630273545162
frankfurt_000001_058057,0.45908269005547314,0.03574418917588984,0.06746626235250736
frankfurt_000001_011835,0.4502834203070836,0.03722782556084771,0.05622944532464949
weimar_000097_000019,0.44817576769757766,0.03077059097734121,0.11533856546078214
aachen_000066_000019,0.4537813735116927,0.017014922059289863,0.07696323948963985
ulm_000016_000019,0.4591264468305218,0.012566276188861945,0.029216273882440115
cologne_000071_000019,0.46237252952300206,0.023269037278919494,0.05469174925295584
dusseldorf_000101_000019,0.45086669613502783,0.015330820541480526,0.06070234236648935
tubingen_000100_000019,0.45916467856819543,0.03674807571618358,0.05741825891729102
aachen_000018_000019,0.44532016217615855,0.02113225012824257,0.09302103222317895
tubingen_000108_000019,0.45525595525379486,0.03400646850287834,0.07769439007767556
stuttgart_000135_000019,0.4402191413161552,0.04329549289284332,0.14653681656495682
strasbourg_000001_051317,0.4523078856551187,0.046927499902596134,0.08040501850571544
munster_000049_000019,0.4573772295434266,0.03456802280979054,0.0937953665890424
stuttgart_000053_000019,0.46376218552309956,0.05005008141948034,0.05550789896280011
darmstadt_000043_000019,0.44459815475134196,0.034466102288447965,0.14054000895270058
erfurt_000068_000019,0.45281092535599776,0.04545338661255719,0.08090027787855644
weimar_000025_000019,0.4546326879017671,0.02110248506131617,0.0964257052713156
hamburg_000000_064825,0.45598874643105475,0.0593369176492404,0.08945461674223838
monchengladbach_000000_022361,0.4537820941384641,0.03870607136145809,0.07555264048101705
stuttgart_000069_000019,0.4422710783812682,0.03712294979246059,0.14519072126841376
hanover_000000_040221,0.4477065808931588,0.04292364017677297,0.13339789838775737
strasbourg_000001_041215,0.46290789590324816,0.03220693052496559,0.04966441794610681
jena_000091_000019,0.45794010342135616,0.056440709096928374,0.07395503018103865
hamburg_000000_083586,0.45550899963464986,0.0479163433362164,0.07267138805694853
lindau_000052_000019,0.45860178816900116,0.014095391732158956,0.019903438238385418
hanover_000000_005175,0.4572961591394421,0.05791786329954354,0.07681737211444506
stuttgart_000134_000019,0.4419143353776722,0.03795712887524346,0.1181906520099251
bremen_000181_000019,0.45903685040930975,0.036248486137147866,0.06810512551312156
cologne_000052_000019,0.458514920936335,0.029194250897969176,0.059159815987579745
frankfurt_000001_066438,0.4623369574501632,0.035104435479329094,0.034609149831187416
strasbourg_000001_031272,0.45660819207414527,0.03147470704826625,0.051789554639960704
hamburg_000000_099109,0.45433085388708044,0.03054216480255804,0.060420637958141885
krefeld_000000_034389,0.4533924626792808,0.04430193577458172,0.06453887937033696
stuttgart_000023_000019,0.4447722614484705,0.0358334973012159,0.16146681069283214
bremen_000042_000019,0.4524816329569213,0.03864400711248433,0.08801058885304082
aachen_000132_000019,0.454841711441271,0.0489209782553166,0.08793856907648019
strasbourg_000001_033027,0.44450221391600037,0.04201979319350004,0.12557618239686885
aachen_000090_000019,0.4572012711961134,0.03336221875606631,0.06888693864494878
bremen_000072_000019,0.44777764424958794,0.011472176654702345,0.11829158856017918
frankfurt_000001_054415,0.4495024305737837,0.03629472340398073,0.07880498985203956
aachen_000079_000019,0.44256198294907684,0.010096493920318814,0.12076214763241049
monchengladbach_000000_000383,0.45124909529388935,0.028413362704922583,0.08980045516887097
aachen_000078_000019,0.4491303413833711,0.04002370831503536,0.12206933283888385
cologne_000054_000019,0.4467784318298655,0.040235589952369394,0.10780239067006266
tubingen_000089_000019,0.4656009594289185,0.03316452756856309,0.01790877609277804
stuttgart_000036_000019,0.45608497192445036,0.04217381302401767,0.10041782693051174
dusseldorf_000137_000019,0.45584724733121906,0.026746598620591536,0.06178603546639243
hanover_000000_028460,0.4468454318971262,0.024136179077133356,0.12624304796079186
ulm_000082_000019,0.4664879386396623,0.04151737321757495,0.026272577549433056
erfurt_000054_000019,0.44449270928498746,0.016681360708192334,0.12821223684014746
monchengladbach_000001_000537,0.458675890946073,0.026297513705029314,0.06083587311717297
hamburg_000000_036003,0.4503498028888395,0.055217414780817764,0.10824105163197395
ulm_000080_000019,0.4629749034493938,0.041570160209606785,0.054732792480678534
strasbourg_000001_022560,0.45537638959460985,0.030439520037617965,0.07239047673653609
weimar_000121_000019,0.44761758953901803,0.04308775561881492,0.10087405489715955
hanover_000000_024989,0.4581151195990278,0.04734090064380046,0.06258357659126933
hanover_000000_035606,0.4517447664725723,0.026002991829807882,0.07421721144024605
krefeld_000000_023510,0.4539595945559961,0.023298252878048195,0.08187565449861547
erfurt_000065_000019,0.4544009208761715,0.02095955449523289,0.0553385307018044
cologne_000076_000019,0.4573123423063474,0.04160754874834554,0.08080149625840671
stuttgart_000163_000019,0.46031024559545364,0.025718720151051228,0.07120357052086902
cologne_000120_000019,0.44949107627156926,0.04572177278067957,0.12487824545178235
weimar_000067_000019,0.46147651065639717,0.0388930510519541,0.03651819843153964
stuttgart_000119_000019,0.4520157671228765,0.022944466172479788,0.0885511577251088
dusseldorf_000188_000019,0.4615662162662436,0.03060802835280338,0.08184568162607264
frankfurt_000000_000576,0.4561747303453323,0.02490436940664566,0.054087127536349956
cologne_000059_000019,0.4613340333150479,0.038127572545650266,0.05699921895256564
strasbourg_000000_017593,0.45841248360379794,0.031610139782782924,0.052043377935399295
bremen_000283_000019,0.4580925289898481,0.020195872430651903,0.0619589402629293
dusseldorf_000180_000019,0.4544106822456561,0.03589073286666958,0.09971478604232673
frankfurt_000001_055709,0.46527900215021994,0.03358846595099677,0.029877080318305053
frankfurt_000001_053102,0.45497707485866207,0.03585299372737123,0.10337013557829991
frankfurt_000001_066092,0.4563424256075212,0.05744222811451425,0.07506492546618601
munster_000030_000019,0.46105191955276353,0.029933903833130014,0.060229082612997926
weimar_000026_000019,0.44761892183883234,0.01682228060478634,0.08113106297038215
hamburg_000000_073672,0.4535224270990509,0.049722106784193025,0.07374245555300267
ulm_000051_000019,0.4462867936841268,0.026073621876053162,0.13331518056842306
dusseldorf_000217_000019,0.4494568786448973,0.03250097358045009,0.1044930475401869
hamburg_000000_104428,0.454020850010922,0.027485712411593616,0.05564378164848152
strasbourg_000001_025426,0.45708385358508286,0.04479322868413096,0.061647426632719105
aachen_000031_000019,0.45752226894295434,0.047343033268297634,0.07740261532949316
ulm_000003_000019,0.4513353572836673,0.033891718667832346,0.12840996267723767
cologne_000011_000019,0.45595420307825746,0.05022347561232097,0.06625437608827033
darmstadt_000045_000019,0.4500434564909781,0.034809354760696895,0.14048278596950228
ulm_000071_000019,0.4411099537625563,0.03226622984882044,0.17333517246903896
strasbourg_000001_040620,0.4602163530598237,0.04492475262076555,0.06777098846555217
bochum_000000_037223,0.4495530775707904,0.029670773767768735,0.12452658761851743
stuttgart_000137_000019,0.45147779922110276,0.03163936618399512,0.09646061797447078
erfurt_000019_000019,0.4541085735695663,0.04026664435281983,0.08168926901029554
stuttgart_000033_000019,0.44539954446340724,0.05188451441417628,0.1508265861520371
bremen_000086_000019,0.44701727479939385,0.024791478690417295,0.11688982531145817
dusseldorf_000049_000019,0.45760336081210445,0.03844033999553561,0.07892394084601057
dusseldorf_000190_000019,0.4578817161884932,0.03621280005980086,0.07536276669619385
munster_000014_000019,0.4441997139554018,0.038820637810680986,0.14198260652913156
munster_000075_000019,0.44853950233800055,0.017751842633910875,0.11891163140772498
erfurt_000034_000019,0.45989458518838755,0.03475711405714618,0.04732361013580271
monchengladbach_000001_002353,0.4618045666516309,0.03809605470199085,0.0445845618524419
strasbourg_000001_026355,0.45112384266435396,0.02627923685629521,0.1065807336969058
bremen_000027_000019,0.4542976709617961,0.02478387396376249,0.06686881792491077
tubingen_000007_000019,0.4620088695202022,0.04758336572216431,0.04816717876015158
bremen_000257_000019,0.45565681506200184,0.03724755155557145,0.09139716773157877
zurich_000010_000019,0.4451929258382068,0.032187120198406416,0.13796181013715866
stuttgart_000150_000019,0.4447252401594448,0.015817609905905347,0.12079814994840293
aachen_000080_000019,0.44977165351881965,0.04854990790151416,0.12604256249099963
strasbourg_000000_028822,0.45830803179288654,0.03623108177312931,0.06111046386837282
bremen_000097_000019,0.44812253293481624,0.014261770841824,0.09432127839773352
bochum_000000_024343,0.4544962960862523,0.030993449467912274,0.07775905314568021
frankfurt_000001_038844,0.45261423830884207,0.047968076047724455,0.042535281251410324
erfurt_000100_000019,0.46037106882840556,0.024069509827882876,0.07610233570346144
hanover_000000_055937,0.4550119202462607,0.03927855826884557,0.07130598557735673
frankfurt_000001_004327,0.45163234047629724,0.05246979851593639,0.10363475880839793
aachen_000023_000019,0.451900513749524,0.018327455591490845,0.0907765140290343
stuttgart_000147_000019,0.4365400238670661,0.016029156653799063,0.14488154913265514
hanover_000000_037298,0.45278263808067304,0.028538753500859722,0.07734950498487965
darmstadt_000003_000019,0.45842389429946395,0.057706462848441616,0.07217050333578837
weimar_000081_000019,0.4531766891355625,0.025449500330118932,0.0745589443287877
hanover_000000_057710,0.45521061478360636,0.06514678356901321,0.07927819298178541
strasbourg_000000_007727,0.45810301919271684,0.045206858301120964,0.0574648689604504
bremen_000146_000019,0.4570150768521149,0.04745451636715701,0.06796971413142958
bremen_000291_000019,0.4627448112153573,0.045441541189404834,0.05355476620347935
frankfurt_000000_022797,0.45209329259337644,0.036608495899168265,0.08178040192112287
frankfurt_000001_083029,0.45079758317863033,0.045251303121834376,0.11670814626699408
zurich_000041_000019,0.45951646026903875,0.04627940411000559,0.05582285495946649
weimar_000008_000019,0.43121003362189547,0.0031525172586379046,0.154740133256265
frankfurt_000001_057478,0.4555602753749406,0.03486541020586885,0.05050982853978341
hamburg_000000_029676,0.4464389691858124,0.05076984193924637,0.10994984858148867
bremen_000197_000019,0.46248512735548075,0.0327630001641551,0.03933394537860377
strasbourg_000001_005666,0.4594627825199611,0.025422236986654637,0.05320643768965873
zurich_000054_000019,0.4522537585404609,0.035010597823604404,0.07467204820307358
frankfurt_000000_011461,0.45762080462852905,0.0633851296838309,0.07938313466015964
cologne_000005_000019,0.4563705863200769,0.01660779069247949,0.037958824914198705
bremen_000221_000019,0.45085881868153654,0.03915224080148444,0.11402569261143906
frankfurt_000001_055062,0.45507542932132283,0.038019080144989365,0.06626450215115365
frankfurt_000001_061682,0.44923641689603233,0.05798042255087487,0.13005126773931944
munster_000149_000019,0.44773121912296837,0.026280168048748147,0.08346519743791236
bremen_000045_000019,0.4494370118102401,0.024024142603086874,0.08631509469220246
krefeld_000000_029704,0.45420104006461676,0.045176511222117334,0.0774013258054173
weimar_000124_000019,0.45256181508816706,0.029713757345940384,0.08335583121819674
stuttgart_000054_000019,0.45372397581237806,0.036156583826274506,0.07689064950026615
bremen_000133_000019,0.45400436017746054,0.051911098801150385,0.0707935373674997
bremen_000166_000019,0.461503790761283,0.03703747739476473,0.061928278251377
strasbourg_000000_011225,0.44993833514279985,0.05498461649386729,0.12247057511587171
frankfurt_000001_071781,0.4618264789769915,0.05413947151878672,0.06648284033088564
tubingen_000027_000019,0.4627611929696084,0.04144519949596779,0.040229627896766026
bremen_000020_000019,0.44078802172303694,0.061198914854618744,0.15634081573185535
aachen_000122_000019,0.4510438076699191,0.010987642098349784,0.0857587930650667
strasbourg_000000_022489,0.45390176112242736,0.033524454339197915,0.10952100991315027
stuttgart_000100_000019,0.4415780976389101,0.03353458573189064,0.1361098056608664
tubingen_000079_000019,0.4524914316321826,0.013301454540363149,0.0700547491609945
hanover_000000_023975,0.45685820359142837,0.03420669083298858,0.0858886507625198
jena_000090_000019,0.438474006315067,0.040526399416682256,0.12530134512942329
strasbourg_000000_009619,0.4561643126299618,0.011636383274846653,0.060338042011924754
lindau_000025_000019,0.45598493584660343,0.015006050938613487,0.05809958607317856
munster_000015_000019,0.4576372837045394,0.03941141921488319,0.08375243376698609
ulm_000092_000019,0.4586751463639878,0.05042623612515326,0.06498109515877097
munster_000108_000019,0.4538363066695041,0.038604613299762856,0.08515144121802085
dusseldorf_000133_000019,0.455465937598095,0.04712830048708188,0.0781256375396087
aachen_000084_000019,0.448587238217676,0.025872056985725058,0.10899440132476626
strasbourg_000000_019355,0.45792514884243557,0.0494933582993568,0.03580571458488871
aachen_000129_000019,0.4554041553450389,0.013535589222449653,0.07603077446917557
bochum_000000_020776,0.45331387615285595,0.03481873637904544,0.10031184508701177
zurich_000008_000019,0.45934764408880674,0.039280228001569314,0.0428074752823671
aachen_000168_000019,0.45480571992882035,0.021304237986978548,0.08245037767610632
cologne_000029_000019,0.4454045414190983,0.01160482969301225,0.09180569164850448
aachen_000050_000019,0.44986039174675824,0.01716616567965278,0.13073736545748024
weimar_000054_000019,0.4587090835430178,0.02330974067909264,0.06575993157759863
stuttgart_000005_000019,0.44524162832437647,0.025284182598590443,0.11752967614713376
hamburg_000000_026675,0.4617323950492615,0.04442017236666911,0.05293082523186763
stuttgart_000017_000019,0.4467688051022299,0.05241986330408026,0.14446925446456557
dusseldorf_000002_000019,0.45615305342309775,0.06116694077780646,0.068534312616514
ulm_000008_000019,0.45341291186414323,0.023629721561396786,0.0771136641059447
tubingen_000111_000019,0.4615224876688197,0.04656955130767112,0.042906930820434674
munster_000122_000019,0.46160602666951256,0.055994632030123025,0.06094136706323243
stuttgart_000194_000019,0.4603137044600067,0.04931623617203098,0.06059820941013249
stuttgart_000181_000019,0.4478185756992394,0.022746367760725937,0.07239173214416413
jena_000028_000019,0.4506646544682185,0.037789107842611885,0.10423119630215275
hamburg_000000_023472,0.4558904216721775,0.03912212332063471,0.06099468300158263
munster_000038_000019,0.45344907169691456,0.0657183887433786,0.10051221915544532
dusseldorf_000179_000019,0.4485930829092741,0.03624354162262775,0.10115195706275922
jena_000087_000019,0.4593300284411275,0.0240041192782995,0.0687547726483227
weimar_000059_000019,0.4546699757496426,0.0345612313050644,0.07502238869727265
monchengladbach_000000_019500,0.445393964812385,0.02114614049056772,0.13011216946719387
zurich_000106_000019,0.4471768885386397,0.03665014260656444,0.12973815920089002
hanover_000000_011170,0.4549483572607727,0.05292415985618048,0.048354665655034955
frankfurt_000000_009291,0.45344310107556524,0.06081874873577855,0.11972148109200656
zurich_000046_000019,0.4471902214292596,0.012458053510982996,0.07735661650992078
zurich_000053_000019,0.4562165829277626,0.023101446843415835,0.04344011783297402
tubingen_000011_000019,0.4591836410667938,0.046817938745373634,0.05911905895429099
dusseldorf_000103_000019,0.4621924645385784,0.03994253561324427,0.041965651199738475
hanover_000000_034347,0.45771946372627337,0.04139782128745454,0.08191952056749828
darmstadt_000021_000019,0.44727694548948743,0.021599504023506744,0.12316810942997833
strasbourg_000000_035713,0.45895623919234413,0.04085050309567525,0.037626682358411656
aachen_000081_000019,0.46303309577957324,0.03149043447807796,0.07394101777533439
strasbourg_000000_005249,0.44836494260606896,0.024175940972636437,0.07918569439465697
munster_000069_000019,0.4503716690068656,0.04817866203846129,0.11862521380253592
stuttgart_000125_000019,0.4464160280724669,0.02751291613465768,0.12532779479827644
bremen_000211_000019,0.45705515960781873,0.022420997934840526,0.06189118651925695
dusseldorf_000182_000019,0.4454339156586586,0.009097658991741406,0.08852411078965843
stuttgart_000046_000019,0.46207785201338714,0.05453296322334195,0.048339183817473444
hamburg_000000_060215,0.4556966076834682,0.055835386724496984,0.07233516138971871
weimar_000050_000019,0.4626164311431621,0.050281932402929906,0.03710885128135076
jena_000104_000019,0.454606873275461,0.058603034668884904,0.08402188299731342
munster_000044_000019,0.45304925016288705,0.05244076963446355,0.1042092627599732
lindau_000024_000019,0.4577079379971826,0.033862317887073466,0.05612032372307114
monchengladbach_000000_035364,0.44794179035625026,0.025780314546931225,0.08238824985448413
frankfurt_000001_070099,0.45152804339883884,0.03933279188948648,0.08905993500747149
dusseldorf_000169_000019,0.4563333183696669,0.03401162787686662,0.09914687921655316
dusseldorf_000033_000019,0.44582902587649076,0.015516115391247101,0.1132958652196656
weimar_000001_000019,0.4589556650635461,0.03994599316974999,0.06573377429804983
hamburg_000000_080878,0.45154926916154886,0.01853924808836888,0.08179999818693093
bochum_000000_001519,0.45729264338435,0.03148403422625844,0.07105672448433285
aachen_000010_000019,0.45240407830757573,0.031581519500499346,0.08686445732666517
cologne_000116_000019,0.44743411206682143,0.024115297663827567,0.09498119718126971
hamburg_000000_057487,0.4534216691965593,0.04897007630414332,0.09356178261451771
tubingen_000119_000019,0.4654705496154796,0.044215563403295896,0.03792296626339044
weimar_000133_000019,0.4511588510556325,0.018073571675341578,0.10218624684791412
tubingen_000045_000019,0.4677637178072736,0.04355610716860424,0.013173636162834026
munster_000140_000019,0.4562868427113566,0.02536836385531048,0.03896843529176587
darmstadt_000065_000019,0.4452835045699888,0.019333349181808294,0.1067473116824638
zurich_000103_000019,0.4611368439701706,0.02790736265545813,0.05139573121604633
hanover_000000_027766,0.450538214325928,0.06192277184770782,0.10598953373345296
hanover_000000_044195,0.45831623760747237,0.04272770436124964,0.05662204243506298
hanover_000000_047870,0.4589155418136107,0.03717728834282191,0.061758475514654645
hanover_000000_026183,0.4531060750976032,0.036760277418817815,0.07023406118234335
munster_000058_000019,0.4535599999355147,0.028408514116820605,0.09069869944415011
jena_000007_000019,0.4538585109496432,0.04094811183122364,0.09213557576516668
monchengladbach_000000_028883,0.4551340531582399,0.03684923083919767,0.07483306239565979
hanover_000000_014713,0.44977372029263146,0.013346052820711997,0.0901223511244922
munster_000112_000019,0.45354826697085815,0.042548839243538715,0.08537403304232334
aachen_000088_000019,0.4496103397190311,0.015930504762172004,0.10897238641229227
strasbourg_000000_026611,0.45543387512200995,0.025680169595916815,0.045155159365828076
aachen_000162_000019,0.46045413530834517,0.020932152397550825,0.044244275752788234
munster_000080_000019,0.45039099570488883,0.057308694408754954,0.09919604689764551
jena_000083_000019,0.4540610810229362,0.013958850398963676,0.0632117764189865
cologne_000082_000019,0.45404273418417995,0.043073481287422326,0.07366347715935923
bremen_000160_000019,0.45930037125869355,0.03684376889064481,0.06844451444112358
cologne_000127_000019,0.4479798898533872,0.02039481844001693,0.09975199201778732
weimar_000042_000019,0.45683313566905054,0.04674531456119285,0.07471531350914946
jena_000072_000019,0.4438462581126496,0.0066655965602163535,0.11681326998749489
hanover_000000_053604,0.458966529915455,0.03210338250452177,0.05998854268073641
cologne_000000_000019,0.45511382644557974,0.051988730374187844,0.08004549820483516
erfurt_000002_000019,0.45631464308710135,0.04304791241923765,0.06953819768442324
hanover_000000_007342,0.45903269222266796,0.03357100622844788,0.0529747425208356
krefeld_000000_014146,0.4600240444786713,0.03810052820638616,0.056330183547437705
stuttgart_000088_000019,0.45570987565786075,0.03280503725781696,0.09231638840036914
cologne_000020_000019,0.4529551254350431,0.03004137411371506,0.0563487962756857
aachen_000086_000019,0.4517296829800967,0.043391550761888664,0.14339684972114886
strasbourg_000001_040981,0.45743424161671165,0.05001281153290937,0.06776027123482059
bremen_000177_000019,0.445530853402581,0.023135976121212952,0.12046881432923816
dusseldorf_000027_000019,0.4547289274400281,0.029879790220961763,0.07520576647955925
tubingen_000130_000019,0.4500866184330535,0.020153714949227266,0.09345795519046315
dusseldorf_000121_000019,0.4513511745946141,0.04912063628869473,0.11474583911699493
aachen_000072_000019,0.4397248822895517,0.01596487541050184,0.1622465923555683
jena_000017_000019,0.46047872555158464,0.039882201883849444,0.04052299169871392
bremen_000087_000019,0.45949285501449255,0.04854529885825275,0.05332153523592225
zurich_000111_000019,0.4397321736568586,0.02502076400853901,0.13564215784606262
cologne_000018_000019,0.4581842969294038,0.04493831429307456,0.05761492216480113
monchengladbach_000000_036139,0.4600330634949291,0.02266432531698141,0.062304190357489436
dusseldorf_000090_000019,0.4497350016356134,0.05004115010862096,0.11098833924802032
hamburg_000000_060907,0.45068308315940603,0.0397452576789707,0.09015637719129568
strasbourg_000000_024179,0.4512810439612161,0.053040284162479294,0.09029983615533231
aachen_000091_000019,0.44770243424099976,0.01736426369109584,0.11812498753577143
dusseldorf_000029_000019,0.4627471970456982,0.032668148274947115,0.05233409071732345
dusseldorf_000005_000019,0.45560179133695783,0.026679409577317167,0.06640781221302931
frankfurt_000000_008206,0.4559705465729764,0.043956551877984265,0.0724932316333959
weimar_000010_000019,0.4578049087080857,0.05258296618350995,0.062434058856087646
zurich_000118_000019,0.4595593936359429,0.039964967435332364,0.06474607210145893
jena_000027_000019,0.45001982286908077,0.028029218946111968,0.08873698803368883
frankfurt_000000_020321,0.45210574893578487,0.03397399570060195,0.11566968658769107
strasbourg_000001_036697,0.446975355838291,0.031936212120125665,0.11639308216706276
hanover_000000_005599,0.45471450083890036,0.04920567061427406,0.0774456412260663
hanover_000000_010403,0.4574583895466861,0.0418943061327245,0.0603609449393504
bremen_000103_000019,0.44051523234675843,0.029886291277680863,0.13472721427746337
zurich_000092_000019,0.4624390669124976,0.04653233358743949,0.07105031998806684
lindau_000010_000019,0.4560464066581299,0.03641023303605562,0.07443129763695813
bremen_000018_000019,0.4649051300308221,0.04436150885376031,0.046234094225584416
hamburg_000000_038511,0.4481180632591746,0.051686539583556144,0.110444251893077
bremen_000120_000019,0.46151345669761573,0.04160534105265458,0.05870200179941862
hanover_000000_021337,0.45721775883904375,0.04277161292389135,0.04556845295298963
strasbourg_000000_013654,0.45155249956910787,0.021205540195011544,0.08103279731886538
darmstadt_000046_000019,0.44704582167548385,0.040386306588052055,0.12216985185510167
aachen_000053_000019,0.4624834958709672,0.04742865076312551,0.05567115171451966
strasbourg_000001_062542,0.4547559326183414,0.045755121644937724,0.08043234625993638
frankfurt_000000_016005,0.45263462271588234,0.04606016596451986,0.06432243880328574
frankfurt_000001_042384,0.4594163637576064,0.04932399021672625,0.08262684340620019
munster_000132_000019,0.4518638768027928,0.03945561947674289,0.08700314048441603
monchengladbach_000000_026908,0.45783673588864954,0.04637342270931336,0.057701926357945396
stuttgart_000061_000019,0.46384902987537335,0.039361998039704624,0.031743869670487326
lindau_000017_000019,0.46310390646002797,0.01046180647377987,0.02709448654832396
hanover_000000_040793,0.4562360987155975,0.024473397149065147,0.05656695874152568
frankfurt_000001_000538,0.4540722787880621,0.04761402894609302,0.08516640132931626
hanover_000000_042581,0.4475591549427762,0.04471313099585094,0.07850633843384915
aachen_000167_000019,0.4603232902433616,0.016136852806820257,0.06407514024620178
strasbourg_000001_005289,0.4433289956921589,0.009485826544439763,0.10004691039227973
frankfurt_000001_083199,0.45447286072033355,0.044143603638450754,0.10899963369316541
lindau_000032_000019,0.4591898465126724,0.006886701535534555,0.021977414869699344
munster_000138_000019,0.45519072890014606,0.03461829739069933,0.08455063803174251
hamburg_000000_016447,0.4525350650592855,0.04420155739150038,0.11090990945251993
frankfurt_000001_066574,0.45445144016317873,0.04168498759899225,0.03428169706820551
bochum_000000_014658,0.45720093160856035,0.02288791801543846,0.06381164849304284
tubingen_000071_000019,0.45679782897916976,0.018067692696785816,0.029982540309810134
bremen_000029_000019,0.46111546690409777,0.0290380955029841,0.0659910285262147
bremen_000182_000019,0.46439069835368885,0.03705339235125344,0.02599576714962424
munster_000104_000019,0.4556273047891446,0.02564974351839324,0.07956431214218523
dusseldorf_000035_000019,0.45690436247553967,0.050653605999152765,0.061392996606383254
dusseldorf_000054_000019,0.4607513061276077,0.04122822058260209,0.05845821289929393
zurich_000060_000019,0.4557354340999895,0.032172974639126266,0.06448791162183833
tubingen_000090_000019,0.45925444238660396,0.03173162892947071,0.06750401063689083
hamburg_000000_078579,0.4546006997088723,0.049056535524303724,0.10426337943082993
weimar_000078_000019,0.45061795248125275,0.03961990488097293,0.08558843740261629
tubingen_000025_000019,0.4583719765353673,0.041144004291088505,0.045883636262584356
hanover_000000_015849,0.4501767655324772,0.05669042908656376,0.10966059108059001
hamburg_000000_089696,0.4582635531675848,0.03159281265556482,0.04412230187981602
strasbourg_000001_006386,0.4562118985017811,0.049065410721341164,0.05948305797988541
weimar_000072_000019,0.4591306680414163,0.04970362742300115,0.0674544734782058
stuttgart_000188_000019,0.4568237865290037,0.03906480750881736,0.06972070190104698
strasbourg_000000_032186,0.4498935874308759,0.030650288652032707,0.11363224567995366
hanover_000000_023276,0.45727893815098924,0.04823277931641184,0.05066987577311858
erfurt_000086_000019,0.45591397649272974,0.05067851501650366,0.1119581227254684
zurich_000059_000019,0.4603384805663364,0.038607361999326746,0.031174401393586
dusseldorf_000181_000019,0.45613909685179155,0.018778495290636542,0.06793518127162929
hamburg_000000_085073,0.44919506401283166,0.041484723517723664,0.1012728358994466
tubingen_000020_000019,0.46355928506203226,0.03350949771518731,0.030274016790801484
hanover_000000_019672,0.4537368987967871,0.023212807493759438,0.09618934206054736
dusseldorf_000162_000019,0.4624120941660633,0.04820360627195148,0.061924827073554005
stuttgart_000127_000019,0.4383855159824863,0.024260063121504423,0.18074718034485357
dusseldorf_000214_000019,0.4555617348191241,0.006343052079809593,0.058508894846439216
weimar_000102_000019,0.44786124350339845,0.009175460543269141,0.0654599059406731
weimar_000058_000019,0.44628865569544934,0.0293421260494628,0.15172522779639008
hamburg_000000_054850,0.4507296237805781,0.03790527341204697,0.09135193901596043
stuttgart_000158_000019,0.44406973556594825,0.045996447860074244,0.1358855252025059
frankfurt_000001_080391,0.45656761623015846,0.031734116104976375,0.05794022160448476
cologne_000068_000019,0.4513732991028963,0.05852263408036724,0.09047075004819102
weimar_000049_000019,0.4542575917136372,0.04188652214651499,0.09152387055355322
hanover_000000_002357,0.4600553761892334,0.04040927761419577,0.07122475530595296
bremen_000105_000019,0.45078661249714985,0.0306329025062002,0.10011926380064212
strasbourg_000001_057811,0.45166402333378486,0.04301263655541278,0.09379900088021814
dusseldorf_000146_000019,0.44944568479327296,0.037753788334050756,0.11636268681834137
bochum_000000_009554,0.45424665062417546,0.04264026440948001,0.06132764720539059
darmstadt_000079_000019,0.4509308363898447,0.03269101115108352,0.12137294727860055
hamburg_000000_067799,0.4561213899595151,0.05209923311208531,0.07456418627470547
strasbourg_000000_004248,0.4511509706874124,0.053101878601664994,0.10532936096971209
zurich_000119_000019,0.4581129604180511,0.042496233844550944,0.07172951194329655
strasbourg_000001_059433,0.4613315544040888,0.037229566135735685,0.07598539243803998
stuttgart_000077_000019,0.4478734364553355,0.017505784084535927,0.11238953271714319
bochum_000000_004229,0.4589201103009593,0.048411111536200056,0.06710097605940953
darmstadt_000037_000019,0.4465979770384638,0.028945688130405555,0.12054275448324969
krefeld_000000_020334,0.4585172765999567,0.028301243035881784,0.044334656480820876
frankfurt_000001_021406,0.45117913836627455,0.048603631372435147,0.10608025991724349
hanover_000000_055592,0.45751113090490836,0.04315672163009658,0.038361123211692084
strasbourg_000000_019891,0.4544715756081316,0.049196205197042084,0.061656161876689694
hamburg_000000_093572,0.4581664295933721,0.0414724356598828,0.06845792448489361
strasbourg_000001_031116,0.4566759685311686,0.04388667486906466,0.06098336032870628
zurich_000086_000019,0.4565928112690753,0.04857395382529002,0.06303174215978773
frankfurt_000001_030310,0.45132762029982326,0.021665556149210445,0.08646248882036643
hamburg_000000_038915,0.4502294571416418,0.047514415967530935,0.08927599570511285
bremen_000200_000019,0.4611859229175905,0.03670749589708481,0.04160573186519607
weimar_000030_000019,0.43860924275428936,0.017053131919533226,0.1584316734193033
lindau_000043_000019,0.46675106247004905,0.03135775789796992,0.01758899278981317
strasbourg_000000_031067,0.4580190355556183,0.02113189202302031,0.06519752162113522
cologne_000023_000019,0.4562148297222588,0.050293780385805974,0.08025198863167969
darmstadt_000078_000019,0.45642398688647795,0.013409916200691194,0.06802602395841104
weimar_000017_000019,0.4588735207372002,0.04287469605574529,0.054679424021966135
aachen_000115_000019,0.45217286708403986,0.034421117809094195,0.08370763161785451
stuttgart_000032_000019,0.46018561532407,0.050074508379685384,0.06748467916372478
tubingen_000019_000019,0.46126608465067065,0.04673360149588929,0.04476148724069661
hanover_000000_024276,0.4561145633421901,0.043102906872846146,0.08224697959117493
tubingen_000125_000019,0.46114741395080044,0.0500330870405174,0.04277858193484799
erfurt_000071_000019,0.44831593553369775,0.02406244754828652,0.09124887465171777
frankfurt_000001_065160,0.45535979750877564,0.02669127473373348,0.0688776536763257
dusseldorf_000045_000019,0.4535343656230709,0.045701055974852266,0.08011910331957159
dusseldorf_000115_000019,0.45779615844004057,0.03255274645239618,0.07131694860490316
dusseldorf_000070_000019,0.4552183497050191,0.031499565641195104,0.08321240874387781
hamburg_000000_018592,0.46163760413676086,0.04079586097487008,0.04571582648037884
darmstadt_000010_000019,0.4533866045286464,0.04637316013621327,0.11681451983898236
darmstadt_000015_000019,0.44893438744221,0.03503649292252391,0.10360581685957772
krefeld_000000_032390,0.45035910789183975,0.04359684286838276,0.13434623180883118
hanover_000000_013094,0.4567899140891465,0.02957612221593473,0.07538261270406735
hamburg_000000_070444,0.454245123814225,0.05111275304354297,0.08183368553471965
stuttgart_000184_000019,0.45072308905229624,0.04251548089565381,0.08911675490562683
hamburg_000000_096063,0.4450557437272164,0.035808303397816994,0.12040779569295734
munster_000136_000019,0.45414842743335393,0.05018751414444125,0.09447087025189754
bremen_000251_000019,0.46089716323191554,0.05768394666300551,0.052026434415326075
monchengladbach_000000_006169,0.45752919866052555,0.02502860653312433,0.06095192446827622
tubingen_000068_000019,0.45519385609426494,0.01641838196066543,0.05588457195313104
hamburg_000000_101724,0.4559345422845457,0.05329917491440307,0.07361098221615509
bochum_000000_016591,0.4584954276727437,0.03993745168061362,0.07358888157537269
dusseldorf_000088_000019,0.4426814015307906,0.0,0.11877371044203869
bremen_000073_000019,0.451232422475866,0.025549412041746294,0.05332185336195692
zurich_000018_000019,0.45127842128356915,0.03211115339523451,0.0822539227708398
hanover_000000_024441,0.46244117016228303,0.052617598760982896,0.04690011742671382
bochum_000000_013705,0.45942313734226564,0.04849898412749797,0.06685754336376544
hamburg_000000_091900,0.45860661932815017,0.04616906993121895,0.07374268246108501
stuttgart_000027_000019,0.4537667560967031,0.06756453517234295,0.10173653452756655
strasbourg_000000_018153,0.4580994168725763,0.039012522261275565,0.05736614473570709
monchengladbach_000000_007098,0.4502666757488272,0.05928820782472911,0.11900758866263238
frankfurt_000001_060135,0.45806711709682446,0.038821085131367734,0.05603814019928371
frankfurt_000000_010351,0.463251738402821,0.04650611696271679,0.055846257585523154
dusseldorf_000118_000019,0.4534133181357245,0.035161143710049685,0.08794573416950009
bremen_000187_000019,0.4567071375567351,0.019840203099501984,0.05591738583360448
frankfurt_000001_007285,0.45308916853990877,0.04940597314165675,0.09135876947848272
bochum_000000_016125,0.4560222198070131,0.011315251339845771,0.0584612379859771
bremen_000231_000019,0.45007877807413704,0.022750191499420754,0.07500052695474003
hamburg_000000_103856,0.4489686068207037,0.03280406210398656,0.10303665717010181
hanover_000000_005288,0.4583148704064985,0.045737343586064315,0.07458542713504326
dusseldorf_000008_000019,0.45845222538885727,0.022903805739592453,0.05345691198838251
bremen_000163_000019,0.4569783852617725,0.019665216576180717,0.06439470167445312
tubingen_000104_000019,0.4656304395554963,0.04013725548496063,0.030272314743679928
stuttgart_000183_000019,0.4469523188645825,0.03399311226039672,0.12912399970170696
weimar_000112_000019,0.44611444745258316,0.04290416861224671,0.14647809866762534
dusseldorf_000216_000019,0.4488420195895075,0.024632836348845825,0.12841110677267153
monchengladbach_000000_015928,0.4502684760056797,0.05183943290365127,0.0902426637771978
zurich_000107_000019,0.4594646036332062,0.02265567199106891,0.060972096635974006
strasbourg_000000_013223,0.45764252438628766,0.03364144540334129,0.06999439711863344
cologne_000038_000019,0.4626676873552341,0.04665029454111782,0.06664377370153153
jena_000033_000019,0.4625320967926292,0.0287167444966055,0.04086067774718738
tubingen_000053_000019,0.46712080615086166,0.022606945501693426,0.01478506040610916
lindau_000048_000019,0.46258976290700066,0.034551083271736414,0.03758145932027612
aachen_000133_000019,0.45232383058194336,0.05829577668333258,0.1244847893816521
hamburg_000000_077642,0.4565674173156815,0.02435300693045855,0.05218757062075653
hanover_000000_048379,0.4570742067022099,0.06125471856454755,0.06873300963710086
hanover_000000_034015,0.4561330381048307,0.04298925861953043,0.06486998335121337
ulm_000067_000019,0.46281803404197863,0.04545249020587611,0.06430933037096344
hamburg_000000_093787,0.4593641016239931,0.035271306388704654,0.041266192257281786
strasbourg_000001_036232,0.45263067916438726,0.05078631498704138,0.0916927922195909
frankfurt_000000_012009,0.4497644576331346,0.047703423933860525,0.08343365995259222
stuttgart_000037_000019,0.46019319089640526,0.04119512912853566,0.07351508469831003
bremen_000246_000019,0.45284170712778904,0.028583392346522,0.0748556753700439
strasbourg_000001_039231,0.45805209169599503,0.03636612218805873,0.06017884511754889
bremen_000091_000019,0.4613096261374513,0.038660250538548796,0.046086649933862314
cologne_000002_000019,0.45937817227568245,0.03887749786738939,0.08051225814648354
bochum_000000_010700,0.4554601901201847,0.025425460931519303,0.07213293866255595
strasbourg_000001_017540,0.46107077354556936,0.04626438834111959,0.04728885353989455
frankfurt_000000_007365,0.46036540289371525,0.04880489205445955,0.05599145553179871
jena_000108_000019,0.4522449588403114,0.030752331613506646,0.1064567724053809
bremen_000174_000019,0.4567528412630032,0.025738984318040888,0.0876568609909278
weimar_000055_000019,0.4601535302668929,0.038025702527013684,0.0433563797026545
strasbourg_000001_007657,0.4458786961948762,0.015439857952012368,0.10302462561963203
munster_000173_000019,0.45434311988815607,0.04180801244035685,0.07319862891902454
weimar_000106_000019,0.45487556587176403,0.025897962669849624,0.07602568369001465
bremen_000158_000019,0.44949071046603867,0.061078532766386404,0.12274749825018322
lindau_000044_000019,0.45145147721107287,0.008507078915100557,0.10749880178866664
strasbourg_000000_030017,0.4531086014301791,0.021042398856481282,0.0754841898408595
cologne_000058_000019,0.4585270079492901,0.06572492620627275,0.09441517158790146
strasbourg_000001_049977,0.46130127450109615,0.03577852811065128,0.05441749205068218
hamburg_000000_074694,0.4533431969279648,0.05496621811688806,0.11694307736033853
weimar_000080_000019,0.44316619142472347,0.01375019733205984,0.12350161798376881
bochum_000000_017453,0.4569496042370277,0.04115916748602012,0.06944892684359386
tubingen_000038_000019,0.4486436250273269,0.026730339759797345,0.08620398774635037
lindau_000001_000019,0.46156983074809027,0.019778625360592123,0.03435968123004373
strasbourg_000001_002354,0.45887146543774615,0.02579945610561018,0.01637538268552885
strasbourg_000000_005995,0.45388519453003834,0.030842313614202872,0.08345092702702159
bochum_000000_038022,0.45981334626638054,0.030784692682932095,0.05976768083606216
tubingen_000115_000019,0.46290407170038644,0.03933644617021423,0.05008256764161492
erfurt_000009_000019,0.4614570054365687,0.0454178468607676,0.05076222512362314
strasbourg_000000_014931,0.45699100403473597,0.05134515945006827,0.04657938898168534
dusseldorf_000220_000019,0.46357124591914733,0.04745047173419739,0.05651483609933221
frankfurt_000001_073464,0.45688556382270534,0.025993216530777418,0.05807732753904121
monchengladbach_000000_009690,0.45740417783745224,0.04599134079862074,0.05640609499050497
erfurt_000047_000019,0.4653910557279636,0.029316203335623705,0.04827270978297604
stuttgart_000057_000019,0.46068901061022655,0.04081949864686545,0.051090177382718774
dusseldorf_000155_000019,0.45258552020134535,0.0503541655207574,0.12471335101161869
hamburg_000000_069289,0.45482025087616484,0.0495863620052679,0.09798033187773585
strasbourg_000000_025089,0.4547002096894994,0.03629460311884735,0.09417638277710078
hamburg_000000_085321,0.46056868514159366,0.024555668555440863,0.053496664153494036
lindau_000038_000019,0.45741950871499587,0.014141967751832702,0.05536559650973105
cologne_000144_000019,0.44260080986796363,0.02394711501121215,0.14679913413953954
bremen_000249_000019,0.44805848023688766,0.02634338703633888,0.10224136017085123
hamburg_000000_047057,0.4466887862528368,0.01267128742435594,0.06463906001702413
tubingen_000124_000019,0.45631314297597203,0.030121754881170935,0.055454463370768245
lindau_000051_000019,0.46026483584559424,0.012953201204034303,0.0410957784644202
strasbourg_000001_034494,0.44807838375626885,0.034149055379533284,0.09182254605187638
stuttgart_000173_000019,0.45950281891225825,0.030626636654057,0.04053886335070314
lindau_000040_000019,0.46455122845645086,0.02888926358518909,0.014617254663060738
erfurt_000087_000019,0.452066104577509,0.04148847299689727,0.0987054946995006
strasbourg_000000_026882,0.4604174924719664,0.05223546655272131,0.036145862145210546
hamburg_000000_059720,0.4629130284003212,0.022383931315666197,0.050831914562174646
strasbourg_000000_016247,0.45563148900548794,0.036160843591431444,0.05143314287832837
cologne_000022_000019,0.45585410411375016,0.046931262569915255,0.08548966568266274
hamburg_000000_031971,0.4504054565359795,0.047239453031113605,0.09354079514637742
munster_000066_000019,0.45285804455664197,0.031879187600459186,0.10125325829021754
aachen_000085_000019,0.44571081289311365,0.022136681120873653,0.13076385804287013
frankfurt_000001_017842,0.452795647641945,0.049631679381306706,0.08688810694292466
krefeld_000000_010160,0.453276339100424,0.04407903148968352,0.05091000992743904
jena_000080_000019,0.4578155346717093,0.03439442800733197,0.06136306679232999
tubingen_000107_000019,0.45357955411544565,0.0333415986770014,0.06781676760104036
jena_000101_000019,0.45557635908671124,0.04832777468668696,0.07896366805802572
bochum_000000_003245,0.4588599016323066,0.035331103858949664,0.04668255150057695
zurich_000081_000019,0.4518406059527572,0.0370554761883078,0.07649735879082645
dusseldorf_000107_000019,0.45312423854986145,0.041807792186487246,0.07221752834244642
bremen_000074_000019,0.4501007490093771,0.023391175497666863,0.10609184093274596
strasbourg_000001_061685,0.45527642234533466,0.048290644490521596,0.06302545815107326
bremen_000161_000019,0.4605732543210793,0.04509428656444124,0.06094153054716189
bremen_000107_000019,0.4617825735144444,0.047879240348352364,0.04920494891721293
tubingen_000062_000019,0.4568459269480567,0.05078511560376521,0.07948265885382012
jena_000112_000019,0.4652156519547724,0.04554655423963344,0.03771683635652491
darmstadt_000051_000019,0.4513370030383967,0.03009171009439706,0.10862370344855188
tubingen_000042_000019,0.45933284856624146,0.03398998452786288,0.04657801575778077
frankfurt_000001_020693,0.4561476652761802,0.04407013947833158,0.08839395668925057
hamburg_000000_065604,0.45841852034152464,0.05324610703614565,0.0821776465405882
frankfurt_000001_010600,0.4600594703771636,0.049269321388421106,0.05520192598301546
dusseldorf_000129_000019,0.44988025427174455,0.05459676852382293,0.12215178974999721
frankfurt_000000_002963,0.4552267890783785,0.0358225610074127,0.0715270882066292
bremen_000298_000019,0.44954181266144905,0.019764342686114662,0.10151847404785137
bochum_000000_017216,0.45820285202050637,0.028007696536779918,0.06319580603508655
frankfurt_000001_067178,0.45426492896748033,0.013223262387956642,0.06608356944938686
darmstadt_000067_000019,0.4587222352370031,0.02494223772081326,0.03335981487354844
dusseldorf_000048_000019,0.4658525224113695,0.03702580250210995,0.04382947997624695
frankfurt_000001_052120,0.449204627644002,0.024846287398576066,0.08954462272028539
strasbourg_000000_014584,0.46083204283847895,0.02061542496667266,0.026015624296649165
bremen_000282_000019,0.4582074334787198,0.043887958389107196,0.07126978965732099
monchengladbach_000000_032540,0.456729833681392,0.03835469173809255,0.053452103192088644
lindau_000018_000019,0.469281412039556,0.020079752997032914,0.016067944594864332
hanover_000000_053437,0.45458537365277785,0.059035923152040835,0.055503200334022305
hanover_000000_046646,0.4538415876760423,0.031826196661402385,0.1014198609224608
bremen_000205_000019,0.4526817239514474,0.026060673436864586,0.08939117685183678
bremen_000186_000019,0.4418023740274122,0.029159335502829623,0.14011814460738914
bremen_000142_000019,0.460849299550099,0.032608213693112474,0.02557388109584414
hanover_000000_020655,0.4558753162403667,0.03320377764751007,0.059750468242059734
aachen_000111_000019,0.4481067274464029,0.02108504968334815,0.11850086429859567
jena_000002_000019,0.4639063836987034,0.04097046271181227,0.038569182802635
frankfurt_000001_064798,0.4524601298589369,0.02125121773693438,0.08592257782966645
hamburg_000000_011641,0.45275768598723704,0.040160683338466084,0.08732590389535203
bremen_000094_000019,0.4615950017000786,0.06443858591298397,0.05268003511899122
bochum_000000_021393,0.4600030601387239,0.03378147622284516,0.07134211130055435
bremen_000310_000019,0.45695851095779244,0.03653838118817056,0.06639837473313571
hanover_000000_000164,0.45995085064229346,0.0509822322602729,0.06307896655679918
frankfurt_000001_041354,0.45779886820416055,0.04828052851729052,0.08419523917998922
bremen_000309_000019,0.4508522167914189,0.027660230225428857,0.09181513764011914
weimar_000128_000019,0.45729168759377936,0.03349150540198913,0.0725582668929686
cologne_000139_000019,0.45432510737385934,0.03637609318575658,0.10931820186817987
hamburg_000000_103186,0.4497102955623931,0.03031371712676408,0.09889427236976837
munster_000017_000019,0.4565938214856566,0.01720987831696054,0.07126921812537754
bremen_000248_000019,0.45651884421216155,0.03625140997099962,0.08075827951119968
munster_000023_000019,0.4446855957676502,0.04205145226314959,0.12160018046188469
stuttgart_000009_000019,0.4651474399324431,0.037735873526184766,0.04743768370993843
hanover_000000_026804,0.4498569544083506,0.06005462883831885,0.13481967163824035
dusseldorf_000077_000019,0.45076524545332314,0.021401293411675473,0.09253597738031577
strasbourg_000001_031427,0.4528578866944035,0.04089443773478251,0.1023504356853953
dusseldorf_000034_000019,0.4479307145182398,0.017840156542878516,0.11295194516638032
munster_000046_000019,0.4392049904187612,0.039404709692822275,0.1470151260220908
weimar_000009_000019,0.44263724539136245,0.007002084191335107,0.10435806700844978
bochum_000000_006026,0.45214311951324343,0.04826993071651497,0.0959089079561555
strasbourg_000001_032315,0.45512866437490695,0.009506664520985683,0.04448282754262563
weimar_000051_000019,0.4595638160142142,0.036530789805874646,0.04407419700489202
jena_000066_000019,0.4477206018953038,0.03442677485395535,0.09744607399085645
munster_000040_000019,0.4529261539702826,0.04392789349270418,0.08164014765373855
aachen_000069_000019,0.4624470798364787,0.044297025148433,0.041369243710522606
frankfurt_000001_005703,0.4543755829995712,0.04362366488443682,0.07773820959677943
dusseldorf_000122_000019,0.45471500395195225,0.020456611384833758,0.07879109666648328
lindau_000036_000019,0.4635803481026654,0.027229419596883044,0.033486023120889746
lindau_000047_000019,0.458612581179806,0.019242273699894608,0.039073939371956766
hanover_000000_018546,0.4573508720623919,0.04511376963522345,0.07078575447796728
zurich_000097_000019,0.4595856750858519,0.03221116365822431,0.047977850489251635
strasbourg_000000_035571,0.4577200110034696,0.03660084948106456,0.036353608979477356
monchengladbach_000000_013228,0.45612656115634326,0.0434031283069896,0.060667250346778716
bremen_000239_000019,0.4470156378840501,0.030835930873223966,0.12623904717061357
bochum_000000_027699,0.4587089383125599,0.04634277861179582,0.041662328302231245
bremen_000302_000019,0.45337812868509925,0.04357584102750891,0.0895056324705235
hanover_000000_052887,0.4525734494925521,0.04725981889282098,0.08592754292172451
erfurt_000096_000019,0.4580719682760294,0.05756435350733685,0.06511251784281999
aachen_000154_000019,0.4563382803157299,0.043196117766674175,0.08958492659131656
stuttgart_000041_000019,0.4582529212089203,0.03222968103846839,0.0683090386046908
hanover_000000_034935,0.4446097165757371,0.03135353191583337,0.11458501301187883
strasbourg_000001_034923,0.45747734844827637,0.04381385885858575,0.04892164278505951
hamburg_000000_098400,0.45475678980973555,0.05293695145382114,0.08273634114111258
tubingen_000035_000019,0.45902481716687804,0.04648800496315862,0.043551535624026326
erfurt_000056_000019,0.4480851121029544,0.05100357791839507,0.13441549996941737
darmstadt_000062_000019,0.4532425017789578,0.028550109144128987,0.06912846893007438
hanover_000000_004230,0.45334538707392574,0.03074897128779938,0.07066379554746831
hanover_000000_049005,0.4604451892419775,0.02555398006905552,0.0407160855931317
dusseldorf_000092_000019,0.4461124434822725,0.010977443089562878,0.09098834744739127
cologne_000131_000019,0.4507855472892754,0.025266938584537827,0.06739070977913432
frankfurt_000001_062016,0.451046427432469,0.04206516212508748,0.10575677876880521
bremen_000219_000019,0.4540400785635672,0.032777213838395144,0.0901168708574595
weimar_000137_000019,0.45292103166584446,0.039355164351536485,0.08688641258360466
bremen_000129_000019,0.46381741254119485,0.04071993420484845,0.04025543936391489
cologne_000142_000019,0.4577535508244543,0.02546916992365483,0.07577116603652244
aachen_000040_000019,0.4515282054883692,0.0038683227795460622,0.06630892315494429
tubingen_000095_000019,0.4671474525955366,0.040464434152534194,0.03079170639797801
hamburg_000000_037161,0.45338962985984,0.04548453458464255,0.10984077208370047
hanover_000000_045446,0.4551569472668305,0.04388338072657982,0.06816378025199156
krefeld_000000_012353,0.45393647655150876,0.03743061914322842,0.07958595730502716
bochum_000000_000600,0.45969375844174637,0.04590784709210459,0.062385246605091565
zurich_000069_000019,0.45398242614403134,0.03761312870770587,0.09778227088141625
weimar_000015_000019,0.46175825808770576,0.0431555639566985,0.04254270095080128
erfurt_000031_000019,0.4561873727686982,0.039126825813780346,0.06177300497001566
hamburg_000000_044251,0.45563111620846286,0.031128907837636693,0.06319872199289364
bremen_000012_000019,0.44667368957416453,0.036139277592043134,0.0926337344937422
stuttgart_000123_000019,0.44577125914771565,0.003925214973881736,0.100518438948535
bremen_000242_000019,0.4562929996238106,0.041969679741681226,0.06934677555928134
jena_000032_000019,0.4602286509483916,0.04584133795630922,0.03803582878972811
zurich_000108_000019,0.4567972384684603,0.040918706345882044,0.08039305512612265
dusseldorf_000128_000019,0.45735842818173833,0.03160877902655016,0.07596367411758032
monchengladbach_000000_031360,0.45187824651833997,0.016235506107043725,0.09807189340666128
lindau_000019_000019,0.46054808246120044,0.011587375468442882,0.06417837053486605
cologne_000119_000019,0.4480585849986042,0.039628550187030695,0.12889158874205506
tubingen_000036_000019,0.4506871168170929,0.020271250565457782,0.07366158439607469
krefeld_000000_021814,0.45998993338230804,0.03378226903727479,0.04846840562415046
zurich_000035_000019,0.45873087770724674,0.054947304775104594,0.04647471629134498
hanover_000000_026356,0.4540537689054651,0.05954543832855295,0.09091162893072226
bremen_000241_000019,0.4563191560990473,0.041137840325814634,0.07603563298899656
stuttgart_000095_000019,0.4422689012088166,0.00696539101005545,0.11582563917598061
erfurt_000074_000019,0.4367562430558702,0.018619258011038958,0.1210922211829008
bochum_000000_015038,0.45487319070613497,0.03262922701139753,0.08672844396955062
hanover_000000_035491,0.4408432909530655,0.04887654195800488,0.1350218162615899
darmstadt_000048_000019,0.45012009547314574,0.0330930273274096,0.12137260211231121
hanover_000000_041232,0.4590546466275354,0.028839627707217513,0.06807327333918352
darmstadt_000016_000019,0.4548829598036372,0.06545789415878071,0.10990470503868631
dusseldorf_000124_000019,0.4491707831738502,0.004016190409801316,0.08380229571178917
frankfurt_000001_016029,0.44813644857268936,0.04706884663122942,0.0811084185384985
munster_000126_000019,0.4509089557226287,0.05992374709970006,0.10310550019557223
erfurt_000021_000019,0.4574210537109215,0.04619413848332383,0.07543347424622715
zurich_000077_000019,0.45287229593621464,0.0425923989422239,0.10897314694114245
aachen_000068_000019,0.45612864291150823,0.02889255863278692,0.08292462012850868
hamburg_000000_073999,0.45945964592394856,0.05602080663370015,0.04154991070203425
zurich_000089_000019,0.4495183761046775,0.030357031302110666,0.08788569106979119
erfurt_000011_000019,0.4476482515878622,0.02965984044548294,0.12787133834028952
strasbourg_000001_000778,0.44589171108824066,0.016887694553077967,0.11409119389710519
munster_000064_000019,0.4600017662382076,0.03053570419978255,0.07695032243738219
bremen_000084_000019,0.4461913115298605,0.03951924099675158,0.08752374685009331
hamburg_000000_000042,0.4558821144992126,0.06777085582135547,0.10168233497492807
bochum_000000_033531,0.4533995998480184,0.03461380165835502,0.08786553397578227
hamburg_000000_084865,0.45459044839868334,0.036880289537750584,0.07377011888796818
frankfurt_000000_003357,0.45267079417944045,0.054307938460185015,0.07306599905106596
strasbourg_000000_006264,0.4562317142566706,0.044202159730410286,0.06057603778403165
munster_000088_000019,0.4543060115395506,0.019058441460923257,0.08401101412507442
dusseldorf_000147_000019,0.46035189516387964,0.025459223342749134,0.07154684575499512
strasbourg_000000_006995,0.45916177004930825,0.04520682879904334,0.04297438480837636
cologne_000027_000019,0.4552311937093303,0.023713778315320476,0.08806852935467195
jena_000054_000019,0.44260958712461246,0.011039448391660388,0.11860727826184014
aachen_000027_000019,0.4488802267661305,0.02843609284117165,0.10842291292288167
bochum_000000_007950,0.4522293307970747,0.022596834552942688,0.07829948204696988
bochum_000000_008804,0.4574560254143831,0.03132154264249186,0.07416051830653335
monchengladbach_000000_018720,0.4575769081109775,0.03665109115656966,0.05772996191415273
frankfurt_000001_018113,0.45432459560098704,0.06311993801978551,0.08267747272161867
stuttgart_000124_000019,0.4448554072744827,0.016269208231686805,0.11441048523156079
hamburg_000000_066706,0.4540381756190873,0.02612716948966354,0.06427450960325785
munster_000114_000019,0.4660944911667105,0.02264928842771765,0.025741022532745884
hanover_000000_013814,0.45276694201434664,0.05843757943160119,0.09913565160414538
frankfurt_000001_041517,0.4602491740522482,0.05692000086836839,0.06505567491639337
ulm_000078_000019,0.4626308306097922,0.038867882477353205,0.04520136498903872
strasbourg_000001_053976,0.45022382514243764,0.0156501405840994,0.08107573560429586
hanover_000000_036051,0.44832845968237045,0.018940295623656775,0.08663915926268413
aachen_000120_000019,0.460664084819636,0.03503219744186866,0.08339112791531487
erfurt_000027_000019,0.45369507598312675,0.04733743373196029,0.07828149917272291
strasbourg_000001_000710,0.45585567841211294,0.04082846512180673,0.07225217571074238
dusseldorf_000139_000019,0.45663747261193544,0.028543812642931213,0.0754016310875781
monchengladbach_000000_009930,0.45454656174250696,0.051000985295537114,0.09032466412535849
aachen_000118_000019,0.4566172003336026,0.04020627933081603,0.0896497830891631
strasbourg_000001_039558,0.4501299679259728,0.030958647415207655,0.0940254890865812
bremen_000238_000019,0.44539738487497393,0.03499294476895808,0.1305750932609502
tubingen_000085_000019,0.4416532017719438,0.036185256945140326,0.1148683463527844
hanover_000000_045657,0.4589016519180669,0.05092388124925865,0.05471480038499775
bremen_000305_000019,0.4510579606520429,0.04281078857462356,0.09219524758505954
weimar_000035_000019,0.4522717112517588,0.03085931886386705,0.08000875591962499
krefeld_000000_000926,0.4566337063747524,0.04973847899646058,0.06409134749094152
frankfurt_000001_014565,0.45508899449295986,0.036058079340024335,0.061084172736180366
cologne_000077_000019,0.4537595476912557,0.0077109055398331796,0.07346381366142576
strasbourg_000001_037776,0.4578285997787215,0.040385414875415776,0.05837300763153612
strasbourg_000001_051134,0.4574132774402225,0.04441880329725127,0.0653490451365422
ulm_000006_000019,0.45463266135297775,0.041677928278419665,0.08193634128119072
munster_000022_000019,0.45895256892896497,0.025579426129215013,0.06660620983696283
hamburg_000000_053086,0.4629405394860282,0.03611800954444821,0.053497519345088757
frankfurt_000001_072295,0.46049209206291797,0.03462722287074497,0.035709273828839455
strasbourg_000001_007148,0.45344000469295964,0.01428744412972165,0.06210004121507678
hanover_000000_044622,0.45565934311498824,0.03653584514115159,0.08913255437260982
tubingen_000050_000019,0.4623467065513469,0.030959676865438563,0.057232079921634614
tubingen_000127_000019,0.4635050758971647,0.04985528333384336,0.06423124923031351
stuttgart_000193_000019,0.4349577364720611,0.02644287581429052,0.16080596968938027
darmstadt_000029_000019,0.4453084337417128,0.052970564065074714,0.11068058195960208
dusseldorf_000001_000019,0.4603118669964244,0.023291041593568373,0.06520036497616259
cologne_000045_000019,0.4587950246009984,0.03586846022164616,0.07403774601045879
dusseldorf_000119_000019,0.4608325269875115,0.04550887361249485,0.051297939428966384
cologne_000125_000019,0.45099857003835647,0.030901877342789572,0.08754462423849911
tubingen_000006_000019,0.46381557933893364,0.043425937821600896,0.033005518108713126
bremen_000096_000019,0.45559200977648306,0.057115339223718004,0.08519070334067003
cologne_000015_000019,0.4452016733106501,0.04275332661283417,0.13490508357097
strasbourg_000001_044219,0.4601962539896763,0.05765400604774402,0.0628309239214985
frankfurt_000001_055172,0.4398561462657199,0.04295292733110754,0.12158020854842541
strasbourg_000000_017159,0.44939130343952477,0.05918803493169419,0.10169092260097709
hanover_000000_024136,0.44990478161577035,0.034810476477741825,0.10668276810909293
bremen_000281_000019,0.4543620367179294,0.03367423527778821,0.08137145274148531
strasbourg_000001_013266,0.45584469475237865,0.05211206495286241,0.07902490354829866
hanover_000000_024719,0.4601075006106906,0.04682608022217878,0.051261847187614236
monchengladbach_000000_020596,0.4606985798656194,0.03688958886214442,0.06703892852532164
frankfurt_000001_037705,0.45260375184009416,0.051716109624481636,0.10847394823838004
bremen_000289_000019,0.45018040895785794,0.020398053143030215,0.08478662554403002
hamburg_000000_039264,0.445931363918041,0.042037233080526336,0.10424475733252336
jena_000077_000019,0.4487363304012875,0.04369860606148967,0.09047947797686627
krefeld_000000_030560,0.4545875005433028,0.026082991612800026,0.05437444726486012
dusseldorf_000089_000019,0.4474724020740734,0.02436467270417333,0.09552184808265592
cologne_000108_000019,0.44580162297622344,0.05267507267322285,0.12439581426227427
stuttgart_000083_000019,0.44735415514791677,0.04099846518500638,0.10203238170799163
dusseldorf_000062_000019,0.4470704254818852,0.02688994785488806,0.10721563206053572
frankfurt_000001_009504,0.4534130092732439,0.04609271345460703,0.09465737367326871
aachen_000009_000019,0.4417425198078818,0.03195950209343118,0.1773849324159355
krefeld_000000_006274,0.4630187248221459,0.03818779787777172,0.03760823318093765
munster_000123_000019,0.46208466136760556,0.033332231638575856,0.06828238106667106
dusseldorf_000159_000019,0.46453789486040253,0.042381301490909566,0.052910500174163676
munster_000009_000019,0.4527073857736216,0.05059161591702181,0.08517355665526354
frankfurt_000001_058914,0.44885991037634587,0.03614801391402903,0.11897278505190777
hamburg_000000_076966,0.4508330106786296,0.04809091481220602,0.09228884819864916
monchengladbach_000000_005138,0.4578062963623874,0.03518280031636848,0.05719833545494857
stuttgart_000090_000019,0.45365269826609994,0.01987746481073089,0.07487770120227981
hamburg_000000_082301,0.4561073509894667,0.03433247558425269,0.046242537875233206
strasbourg_000000_030324,0.4456096924793678,0.034756997418382986,0.11592146845120588
frankfurt_000001_010444,0.4538110015613082,0.03852303533932289,0.07834130506098522
aachen_000142_000019,0.4637638719443866,0.04369918489522986,0.05304389713981691
munster_000163_000019,0.4618250171184299,0.04172432583881433,0.049790592927103576
stuttgart_000186_000019,0.4422354883987829,0.03389102386789222,0.12470885649687902
strasbourg_000000_028628,0.4482024487813504,0.024830803899980405,0.07794153772877283
aachen_000056_000019,0.45822943380948983,0.04676506400965959,0.09915013501749943
strasbourg_000000_004660,0.452431436094341,0.057897433717936674,0.10460880609153253
stuttgart_000012_000019,0.46409851774954197,0.04015866811739078,0.047265297605792844
krefeld_000000_003937,0.4546163700972806,0.04203389625700982,0.0674111377849747
frankfurt_000001_059642,0.4496969850115978,0.04818644144425669,0.08337512273729884
darmstadt_000011_000019,0.4526490351863801,0.03931432166504485,0.09032189733980558
ulm_000075_000019,0.4556179276347557,0.050231299919570725,0.0815570419242695
stuttgart_000011_000019,0.46661220928652314,0.02661515181845167,0.026281042455504177
strasbourg_000001_057191,0.45398650558859643,0.03591933640625359,0.0699914313871978
dusseldorf_000081_000019,0.44565187562439945,0.019457878093255936,0.11654694688331033
aachen_000170_000019,0.45392803316407637,0.049313100648433444,0.0788985063455647
tubingen_000060_000019,0.46221351893267026,0.01203185690797779,0.027808321984183138
frankfurt_000000_015676,0.4541445145446447,0.0472480239532065,0.08185798832180814
munster_000091_000019,0.45616617533699716,0.04673024361371209,0.10341260620820683
weimar_000082_000019,0.452995259432878,0.029562713319069654,0.09973835903204693
tubingen_000021_000019,0.46568727941807303,0.041083096681936576,0.05329923407591807
bremen_000126_000019,0.45742384335437936,0.05922761425097705,0.05280273217180292
monchengladbach_000000_005686,0.45412361839617155,0.03839645904537396,0.08147031319681604
cologne_000007_000019,0.4578349392497355,0.0342375128848347,0.0780228800950181
zurich_000084_000019,0.4516229722158853,0.028698473131622555,0.09976901090932466
hamburg_000000_088783,0.4628499503268323,0.03569609120849374,0.03891484814279319
weimar_000079_000019,0.4448380458555052,0.021466159849070906,0.11837365382971833
bremen_000237_000019,0.4486317644433591,0.029372231289011376,0.08124462371757493
erfurt_000030_000019,0.4554881946590194,0.02529074820541609,0.07195425606201987
hanover_000000_015587,0.45526789853542227,0.024340183560164895,0.07205329170396665
stuttgart_000154_000019,0.45514676662485404,0.031578412334562884,0.07810390555013784
jena_000016_000019,0.4565890606376281,0.052459055694965,0.07527079110942825
ulm_000046_000019,0.46321848782208314,0.03869690432104464,0.04849693368993752
tubingen_000072_000019,0.4606905798675821,0.024229733405131865,0.03519624376856815
stuttgart_000081_000019,0.4494413253965246,0.014077713643993586,0.08389159505986717
zurich_000065_000019,0.4560567141250491,0.03775940914168514,0.06680924699765238
stuttgart_000001_000019,0.45850598480918103,0.04746998875869519,0.057549428654171564
bochum_000000_006746,0.46190645931312757,0.03719279145044715,0.0529186728018447
cologne_000040_000019,0.44557109609448403,0.07936950484278618,0.11873697698141117
hamburg_000000_033506,0.45353682084357144,0.057710960341385655,0.07833237567793293
hamburg_000000_024251,0.4587262689665909,0.0577730718783368,0.07153204928997933
dusseldorf_000038_000019,0.4621486259112425,0.04660025689729016,0.05238973744758019
frankfurt_000001_004736,0.4545767762925162,0.04155823668823236,0.06459285361511234
tubingen_000001_000019,0.45178090544619043,0.04057211108987775,0.09539591907666287
frankfurt_000001_040732,0.45195800769137773,0.053206128468090065,0.09662764763168466
stuttgart_000058_000019,0.4455564533319809,0.03156385213273618,0.09429974462213758
hamburg_000000_042505,0.45352912271856116,0.053405176876512535,0.08561888280158352
erfurt_000058_000019,0.44349676414145994,0.03273789769156296,0.11242419202308236
frankfurt_000000_013067,0.4550614804203429,0.05802530263063235,0.07906277763473321
bochum_000000_023435,0.44516145912644767,0.0038297108774914468,0.08802627435356791
munster_000125_000019,0.46296312757023717,0.04631785567323325,0.05692905070690238
cologne_000134_000019,0.44757906325235614,0.04990537635518088,0.11822030804842606
hanover_000000_008200,0.4530104462997119,0.047213425297967425,0.07359765758463722
bremen_000069_000019,0.452919368866547,0.05020031171832945,0.07833445872905198
hanover_000000_003224,0.45559703145253905,0.051618537199232775,0.07675260510300828
stuttgart_000040_000019,0.454990964981604,0.04884391649628237,0.07966740320713026
hamburg_000000_001613,0.4556075771612544,0.05192618972627207,0.0856234986335706
bremen_000206_000019,0.44954905923626853,0.02621077977249519,0.11111695828604061
bochum_000000_033056,0.44639836452202475,0.014731051298108642,0.11545330024299448
jena_000029_000019,0.4543039765574732,0.03015581776090517,0.08858844800865077
munster_000121_000019,0.4652148165347638,0.050997121167081806,0.04459584371767329
hanover_000000_006922,0.4580929884914125,0.05295722977697202,0.06851431603396019
tubingen_000034_000019,0.4548559220273736,0.04546493703819276,0.09719153540100789
aachen_000030_000019,0.4597715830913904,0.016030161272616986,0.07364855703504325
bremen_000203_000019,0.46125320046556695,0.022142285903833,0.059100894739672775
munster_000092_000019,0.4584313769270381,0.03766839384440791,0.08988902984270725
hamburg_000000_018878,0.45393068648981744,0.03496062586893446,0.07167719868753404
jena_000085_000019,0.4568742900720803,0.026263541382768537,0.051566486419795804
zurich_000032_000019,0.456859697717072,0.043625537199628174,0.05419209858253544
hamburg_000000_078842,0.4555711123347682,0.03537062929323235,0.058512259257447505
munster_000167_000019,0.45426786361288257,0.06625189560750505,0.07969482019558141
frankfurt_000001_029600,0.4547578162983503,0.023645579081525498,0.057308342833035646
bremen_000025_000019,0.4474210457556705,0.012978672111301283,0.09919697696050861
stuttgart_000152_000019,0.44635562234200593,0.024898874676782572,0.11300353380435876
hamburg_000000_103541,0.44706891708759117,0.04193810072534814,0.11248107656929159
dusseldorf_000004_000019,0.45175504785642784,0.036794777562459434,0.1067843765268537
monchengladbach_000000_018575,0.458085594117403,0.04054313529148339,0.05628900669810083
monchengladbach_000000_001068,0.46436354287357284,0.04363838552568778,0.0367039596238327
bochum_000000_029721,0.45919199958325496,0.05517974298634171,0.05875208940746116
bremen_000294_000019,0.4594810452061506,0.04584146558116464,0.04199610182660823
erfurt_000050_000019,0.4582665230398179,0.029426983135527274,0.07173151428109244
tubingen_000121_000019,0.45786024463979846,0.03699136621625151,0.04781460238040366
krefeld_000000_000442,0.4547407470030128,0.011629088024356932,0.07019281907935147
bremen_000311_000019,0.44343484493782503,0.04391457152750267,0.17179812650708148
stuttgart_000094_000019,0.4435677537581224,0.014636496093333624,0.11719255958295724
bremen_000002_000019,0.45444122978578566,0.01359731772337547,0.05726923833977952
stuttgart_000026_000019,0.45500757830503163,0.019593296476090042,0.07472106124908691
bremen_000022_000019,0.45241485658931624,0.012342945512468314,0.05084541473690392
munster_000089_000019,0.4536152778283548,0.020045468478349517,0.07108724582238411
hamburg_000000_063403,0.44782261829001174,0.06922172795073386,0.12151738907403638
strasbourg_000001_003676,0.4585172772283406,0.02114290562282323,0.03390780399396402
strasbourg_000000_006621,0.4523613478219258,0.0403202324827325,0.0674959482714101
krefeld_000000_030400,0.4508986637792533,0.028458085500655726,0.05319675430295499
dusseldorf_000011_000019,0.4521500965508487,0.04270222129436711,0.07240969714228494
jena_000076_000019,0.45409021423867424,0.04211271662167244,0.10992421336426975
hamburg_000000_080169,0.45948176479255853,0.0506214040795815,0.05825286687913562
darmstadt_000068_000019,0.4531523046494628,0.029520452942265994,0.09976614108220103
aachen_000062_000019,0.4573929287307283,0.03134015233478356,0.0973456266059717
bochum_000000_038150,0.46010227748413796,0.043216054231409555,0.051643470986077133
krefeld_000000_034156,0.4534560605455374,0.03307384065457101,0.10109882371735703
munster_000077_000019,0.44991684991093633,0.04332791856217705,0.11044906524395513
dusseldorf_000136_000019,0.4532359581476973,0.04411199020576448,0.07087271827873748
aachen_000000_000019,0.45465540415738553,0.0378576386039058,0.09071277240029452
krefeld_000000_026269,0.45251823760219834,0.03749019617227061,0.0880642702954754
stuttgart_000182_000019,0.4571493526113174,0.037009502466277766,0.07270552383181897
darmstadt_000083_000019,0.45904805085224604,0.03218621361149956,0.04931431475466122
dusseldorf_000204_000019,0.4488147098447818,0.02248914528518811,0.09840175203672859
bremen_000188_000019,0.45167957664691777,0.0381091871689766,0.06652318152689128
erfurt_000026_000019,0.45821913624177,0.04271505809005271,0.070413952658053
strasbourg_000001_025833,0.4538537123409337,0.0309489784272308,0.11756855525274566
bochum_000000_031477,0.45875324447932764,0.04137746467172242,0.05985785971620069
frankfurt_000000_001236,0.4583024719486,0.041265571535581316,0.049615768324455044
erfurt_000101_000019,0.4628153692089271,0.027281894594814404,0.040544359902193204
stuttgart_000174_000019,0.4621261284084841,0.048932203066514544,0.06127686396165029
weimar_000046_000019,0.4629019659029131,0.04195877200036006,0.04520224671221459
lindau_000033_000019,0.45654759921887755,0.017065993343638224,0.06311422287501561
hamburg_000000_098862,0.4529446104242621,0.034821079793367765,0.08815907056601531
stuttgart_000030_000019,0.4463118528794048,0.04666736125941446,0.1306843250905354
dusseldorf_000037_000019,0.4411614305593785,0.030368187828074426,0.13971329690500484
bremen_000013_000019,0.453274274060771,0.03098939038360198,0.11092197806661837
bochum_000000_021479,0.45506362276040097,0.022613015311766512,0.06399567882711893
hanover_000000_052729,0.45894651515082197,0.032141490222367335,0.048737297147978816
bremen_000058_000019,0.4503401451681815,0.02378812117540485,0.10871871441368613
frankfurt_000001_042098,0.458300795813568,0.04437631966915853,0.043341252120029136
cologne_000091_000019,0.4466494422485925,0.024106671271980344,0.11566998933756577
weimar_000022_000019,0.45012126897592997,0.0356965894603047,0.10986051168732715
aachen_000014_000019,0.4399122490068476,0.042871303279097696,0.14940326535801698
frankfurt_000001_048355,0.4543108040333115,0.02277193759533835,0.10020618829383436
darmstadt_000025_000019,0.4501184042789785,0.03908874389222169,0.08948727844546268
frankfurt_000000_009688,0.4530928475471789,0.04465512974536401,0.08415565684915033
dusseldorf_000072_000019,0.4489494069127376,0.036050324021443585,0.11267256962003609
hamburg_000000_014940,0.46273639533550276,0.044485959340373235,0.04831406928987684
stuttgart_000172_000019,0.45486635372199646,0.04130601661428994,0.08673744218213372
bochum_000000_005936,0.4579860728677686,0.0321022341027757,0.06250085303777862
strasbourg_000000_004383,0.4542140067315802,0.04554936733022497,0.07748353676507394
bremen_000303_000019,0.4459134203347461,0.04690232405707836,0.12373665575442003
zurich_000117_000019,0.4618418942367777,0.034588266318921236,0.044066120863076215
frankfurt_000001_075296,0.453854037862774,0.03831689179856387,0.09800792839346031
dusseldorf_000183_000019,0.44754932825016924,0.0070287053508372365,0.08588386579503497
hamburg_000000_053563,0.44454339936119563,0.03898347063406966,0.11107955772534986
zurich_000050_000019,0.4577053345942071,0.03254672020099997,0.05606819197435214
jena_000035_000019,0.4528884319526926,0.019681136207587654,0.076984746135859
strasbourg_000001_030997,0.45489958109052486,0.05347582525191519,0.0936715919942848
aachen_000041_000019,0.45657381880782133,0.027736372271027664,0.06692419789421734
cologne_000117_000019,0.45441474855841385,0.04304260051223902,0.10187940003443395
cologne_000092_000019,0.45818316419146315,0.02119937779928403,0.041364159429957525
cologne_000026_000019,0.4595312302727749,0.0320231162634188,0.058903424601680805
bochum_000000_023648,0.4439512751318022,0.032516057856567575,0.11082352449104278
stuttgart_000122_000019,0.4423765443542552,0.017887917224698232,0.1348938185356553
strasbourg_000001_022363,0.4617188079289989,0.03623379015885558,0.03610182757962368
hamburg_000000_071016,0.45454619380414507,0.04702489793975008,0.07366376207978435
munster_000052_000019,0.4472371582424108,0.047715153696322087,0.11859903088342917
cologne_000037_000019,0.45725677334370224,0.05234202452222872,0.08417284263641148
ulm_000077_000019,0.43977026375462785,0.04781234319574755,0.13004227629803922
frankfurt_000000_018797,0.4575590025032541,0.028225013370524604,0.05608819513705183
frankfurt_000001_038245,0.45563977782750187,0.058431141286297714,0.06758463304383582
cologne_000093_000019,0.4508274463033072,0.012324364563913595,0.08843551980765184
ulm_000028_000019,0.4614971879325854,0.04408241027150522,0.05125279934086562
bremen_000250_000019,0.4528654686742301,0.019821417934037116,0.09268519280148979
ulm_000014_000019,0.4541755744802316,0.018028901317857074,0.033013865471348505
zurich_000068_000019,0.44696681760666757,0.0181553523638998,0.10792074527306357
dusseldorf_000026_000019,0.4618094239337665,0.029036535000011694,0.0417082616708829
frankfurt_000001_064651,0.45189594087450113,0.029730823998784416,0.10269743593921828
zurich_000085_000019,0.44608180271389425,0.022812623430790418,0.10378765887618788
stuttgart_000108_000019,0.45407081353824763,0.031723734716057474,0.08060752438868049
hamburg_000000_046619,0.43606261544028574,0.05448707548365393,0.17197127070299215
hanover_000000_052013,0.4541748506760913,0.03573210591249508,0.0864061257907172
dusseldorf_000200_000019,0.4569274681851758,0.0480341220528066,0.08273662817264857
bochum_000000_006484,0.4525008103112859,0.05258686340997378,0.09477148386042852
aachen_000114_000019,0.44815729928865344,0.03332714450231775,0.11209263235022025
ulm_000009_000019,0.440139493594437,0.01870643286191552,0.12637996222022385
frankfurt_000001_050149,0.4554768923520616,0.0553531638088703,0.07294887929054539
jena_000042_000019,0.45333860838008744,0.03358117516708688,0.10307713530251758
stuttgart_000075_000019,0.4424821185306664,0.02426113911355901,0.13234104580782172
lindau_000023_000019,0.45790012927104407,0.029862380963903853,0.04985050232718937
munster_000041_000019,0.460116297281547,0.021940310784627062,0.037195242611350605
monchengladbach_000000_026305,0.44697438369067116,0.02447019451845578,0.13097505180583022
strasbourg_000001_033925,0.4543715930927482,0.02177226727165468,0.05777505563513223
dusseldorf_000057_000019,0.4523749864414037,0.04777474360042865,0.0890830121737011
ulm_000015_000019,0.45473418478989064,0.015491311779783617,0.04249616575391934
dusseldorf_000017_000019,0.4574986952184058,0.030308972665900217,0.07317563458457498
monchengladbach_000000_011383,0.4514685763676055,0.0537416645443724,0.07610188391862356
stuttgart_000082_000019,0.45072202304014153,0.055854313410226605,0.11001183946482013
jena_000089_000019,0.45919769501438046,0.04446916220058655,0.07584438442957633
krefeld_000000_008239,0.45299626139332116,0.041873605842471004,0.0812427532223905
dusseldorf_000211_000019,0.45201562428413955,0.02854639550715093,0.08170972968018463
tubingen_000023_000019,0.45834149703072113,0.05293100833178103,0.08302139724947849
strasbourg_000001_065572,0.44894746278731795,0.03353518044728638,0.09673053466956007
ulm_000022_000019,0.4626600148456808,0.019887606765781354,0.012438438585914815
bremen_000271_000019,0.4533136445824941,0.028701213532713595,0.07546443515099178
aachen_000071_000019,0.4508867560864982,0.041715932207493076,0.10999600148686418
bremen_000115_000019,0.45466233921598337,0.03653571843747979,0.1067061904723805
erfurt_000044_000019,0.4388411878264411,0.002693585524206032,0.12404258264399623
stuttgart_000035_000019,0.4569115297852489,0.03923785178185928,0.08329544540724042
hamburg_000000_088197,0.45386419788627064,0.033536220014699906,0.07687751063467428
dusseldorf_000053_000019,0.4679486455939471,0.04775674174442488,0.027022268578917673
bremen_000009_000019,0.45217519502133324,0.03637458724845852,0.09640424159847528
krefeld_000000_020933,0.45064937955657886,0.03646757012341759,0.11302065836629682
monchengladbach_000000_015685,0.452178252548309,0.04692642967925499,0.0951828875271141
frankfurt_000001_044658,0.45965405274337534,0.03304012738678917,0.0697439248768887
monchengladbach_000000_005876,0.4518825796630174,0.028359724636646183,0.09689481781553101
bochum_000000_001097,0.45366236442793895,0.04855087036499952,0.0713948978318543
strasbourg_000000_017283,0.451372466609998,0.05914793981137753,0.09047812793454937
hamburg_000000_068693,0.4567828418712481,0.047490952282570234,0.06367761197123482
munster_000027_000019,0.456435923398272,0.03355602457190425,0.0768526201665636
dusseldorf_000145_000019,0.4545057753030241,0.03196781005637529,0.1088967392103643
erfurt_000028_000019,0.4574603345240242,0.044064865700267214,0.05979630620151986
bochum_000000_000313,0.4621907564788392,0.05243940581140034,0.05639934812911955
cologne_000090_000019,0.45982990547311947,0.007377927145270082,0.03044389871268784
aachen_000046_000019,0.4596940119757892,0.04343041085158052,0.07643588849753237
darmstadt_000061_000019,0.4551044490168527,0.04272498988172724,0.10242001585872357
jena_000061_000019,0.45200061807694003,0.045784744869736875,0.10621878134819493
hanover_000000_029404,0.45006485654427475,0.0650700849716931,0.08893063376689785
hamburg_000000_046566,0.4364994473401483,0.024150421059194474,0.1442302796845434
ulm_000048_000019,0.45337879408374776,0.046249921969328846,0.10140458295614084
erfurt_000078_000019,0.4553597306289765,0.030322450147356135,0.055514318063440406
lindau_000021_000019,0.4591234693675924,0.00797757208555094,0.05822843360246756
strasbourg_000000_023064,0.44826847844950946,0.02559664480939061,0.07805080603455612
aachen_000037_000019,0.44299952925123354,0.028461340355906792,0.14947822415935166
jena_000094_000019,0.4521015706604464,0.04802452317491709,0.09080047900417466
strasbourg_000001_052430,0.4560401970191177,0.04545868311988004,0.075837503953547
hamburg_000000_088983,0.46216616695440255,0.04389156926487457,0.05856947456582608
hanover_000000_048765,0.45944280006464955,0.04967390740576286,0.061207241946864374
ulm_000027_000019,0.4547282571492843,0.039671985526082094,0.0874637616593118
munster_000095_000019,0.4483486016679624,0.02478393096309534,0.08184033779928633
cologne_000137_000019,0.45765108674152294,0.038452940664687435,0.0815750802550092
bremen_000170_000019,0.46515137611715746,0.044535652195463855,0.04548190657475141
cologne_000030_000019,0.4681905867743158,0.031622633970369934,0.016434109331544777
krefeld_000000_015868,0.45322730434733816,0.04056606651645403,0.07622167325356939
ulm_000052_000019,0.4558329806878613,0.05398517144031149,0.08964981650351517
aachen_000144_000019,0.46295026721070626,0.036882313667515904,0.04451824699621398
strasbourg_000001_037645,0.44490076296222536,0.04344905724544438,0.11678479992357413
hanover_000000_004646,0.45652349046014123,0.028710928859641497,0.05848398057420451
strasbourg_000000_014101,0.4459934841825563,0.04671366825088392,0.1090820115156927
dusseldorf_000073_000019,0.44351798888984045,0.023976322847303184,0.13786995518250214
hamburg_000000_062039,0.4548073559711714,0.04604382024686732,0.07301099997514768
strasbourg_000001_056857,0.45520132421905163,0.029821181673390016,0.07911951492651509
erfurt_000053_000019,0.463297663605713,0.03663836621120281,0.042132920017724715
munster_000078_000019,0.44574315660655633,0.03938382273696877,0.12053984286478285
hamburg_000000_089491,0.4593241476288333,0.03237962620988478,0.03456239167379495
strasbourg_000000_034387,0.45142937263315136,0.05018831233386393,0.07255651259748878
krefeld_000000_016863,0.4580124187304108,0.024674636859936545,0.04955242159775591
munster_000110_000019,0.45301082830032113,0.04893604432174593,0.10001776884563297
munster_000084_000019,0.46168914083048107,0.03608937979494672,0.054386416247931356
bremen_000167_000019,0.4656071602661892,0.032660535225347655,0.0258825450298813
aachen_000135_000019,0.46371425736218014,0.03190848528353202,0.02969885651885017
hamburg_000000_061790,0.45764125092095864,0.029951840893045832,0.06219059967528112
dusseldorf_000172_000019,0.4542025871390776,0.026340399714617827,0.08065817013325376
bremen_000255_000019,0.44236182638085814,0.052078348499818294,0.154802664194337
bremen_000137_000019,0.44934952449990345,0.01881315027530961,0.0820363669659356
dusseldorf_000140_000019,0.45315928696980706,0.022208374172808774,0.0833560617529884
hanover_000000_045188,0.45918166254185655,0.03854628272027131,0.06623422738052909
strasbourg_000001_042869,0.45893573069837756,0.030745894493768064,0.05430714729289831
stuttgart_000145_000019,0.44774745246888686,0.02481214778692807,0.10353371161283312
frankfurt_000001_082466,0.46063983839182093,0.03387904355629133,0.05327626988977149
zurich_000038_000019,0.45695625090763275,0.05192234744094691,0.07309308983646118
dusseldorf_000130_000019,0.46542199138644935,0.03747094428484014,0.029958043595198106
frankfurt_000001_062396,0.4521138465481397,0.02314708152259711,0.07868148931073042
tubingen_000048_000019,0.45939498794374056,0.029885242238897915,0.05408541644776331
strasbourg_000001_051448,0.45694622838252746,0.042606232966515334,0.07033406093376482
hamburg_000000_020211,0.45470094543856704,0.03619539357927975,0.07577804378123983
krefeld_000000_008305,0.4583375521918624,0.044008262186926814,0.07023715766755727
hamburg_000000_064269,0.44667473620580145,0.04905086774629763,0.1783539635116052
darmstadt_000057_000019,0.4509296949093569,0.014840877514252006,0.0961849510413112
hanover_000000_044344,0.45584927259695274,0.054007532740171595,0.05569391813272557
weimar_000034_000019,0.44052435084336317,0.010360235476401866,0.11072673068956815
strasbourg_000001_052050,0.4506793447472894,0.04469317255909127,0.07635457333129186
dusseldorf_000032_000019,0.44112141866399857,0.015946444592063045,0.13891912576845833
hamburg_000000_042885,0.457553294010364,0.051766130143866974,0.07680152229017581
strasbourg_000000_026316,0.4551384284636257,0.042705449060255266,0.0922863781643104
erfurt_000015_000019,0.44642040289907475,0.04039033652732074,0.12378880043973563
hamburg_000000_020563,0.46322335447525853,0.03535188280133025,0.03840506636964813
weimar_000108_000019,0.45495426857430993,0.03715935018832707,0.09903973053690482
hamburg_000000_105464,0.4525640619681809,0.023221586885300075,0.09925286296386973
strasbourg_000001_009471,0.452683174780493,0.04687567692999337,0.09070906283891872
bremen_000201_000019,0.45738306521404826,0.029115735758598917,0.08755581652296278
weimar_000027_000019,0.45647732611450786,0.012289887776698994,0.04476522326590787
erfurt_000016_000019,0.46764045832325785,0.020411414409623515,0.03316957606815984
tubingen_000126_000019,0.4614096835566849,0.04927133405093539,0.05971688248283753
bremen_000306_000019,0.4509283467058695,0.050612440753417934,0.09381672863384258
dusseldorf_000065_000019,0.4606440118058972,0.05001213820890061,0.052759540751730644
bochum_000000_026634,0.4628007165419045,0.03531063458973966,0.022987751187457276
munster_000070_000019,0.4587882392074879,0.04956111615648069,0.08092387023380405
stuttgart_000113_000019,0.45380200477884514,0.015858731717230404,0.07534709299554825
stuttgart_000104_000019,0.4528124585855609,0.02876270796265396,0.07774445252410607
aachen_000106_000019,0.4547828219571224,0.037518667977211,0.09580899252039178
monchengladbach_000000_010733,0.45668156364744233,0.03070438470434544,0.07221970287609104
darmstadt_000005_000019,0.44713451543565497,0.02603759888946297,0.10712864729322623
zurich_000080_000019,0.4535101335310909,0.06296290906764529,0.11862284879862184
strasbourg_000000_034040,0.45801080931290317,0.019726332133283998,0.036926313226254504
darmstadt_000020_000019,0.4597479931080502,0.030587792077007157,0.04508137244483134
monchengladbach_000000_024637,0.4542135274819075,0.040869172913466895,0.056677268750518685
cologne_000098_000019,0.46337376450079504,0.03767158478889739,0.03517229625302293
jena_000117_000019,0.45505090901083817,0.0253329826112958,0.08490648817403858
munster_000031_000019,0.4526198457926148,0.028592970089638146,0.0811989424296903
frankfurt_000001_042733,0.45817027473976357,0.053552908995213123,0.062424237867881927
hanover_000000_019938,0.453027655106407,0.02653392626197619,0.09025590522042247
hamburg_000000_098616,0.45528191785735156,0.024692123758551895,0.05328842826255034
hanover_000000_054965,0.4635339391408215,0.04407662573852332,0.0357576082937952
bremen_000078_000019,0.45503599987041193,0.05196088567772634,0.07871987699812519
strasbourg_000001_030120,0.4487658240574124,0.024354063145147965,0.09946241199560794
jena_000068_000019,0.4577466723850984,0.046253682889288134,0.06311612325834028
stuttgart_000076_000019,0.4393127782231801,0.033909324514605176,0.1477293238069898
frankfurt_000000_019607,0.45200626689002976,0.033612821371367674,0.07560945638388988
dusseldorf_000059_000019,0.44901663097624256,0.01897015294128282,0.10195317564947333
frankfurt_000001_067474,0.4491746952439199,0.049610886965601876,0.11072222836485614
frankfurt_000000_004617,0.45539506633106497,0.04870667692174473,0.06784994769978926
frankfurt_000001_032556,0.4505964979588574,0.05077246428927333,0.12961526785431268
frankfurt_000001_054640,0.4515544545858099,0.042042194593950914,0.09197075858757602
bochum_000000_033714,0.4593016882228384,0.03070426957196597,0.048823768437365314
cologne_000124_000019,0.43987858012343956,0.05293721853122737,0.14171958282787275
strasbourg_000001_001722,0.4539206857745476,0.033723523782564734,0.066978461030787
frankfurt_000001_077092,0.4548136396922325,0.03653168378448903,0.0729817389118722
erfurt_000039_000019,0.443007304550409,0.009013358068656337,0.10196233157130864
hamburg_000000_036527,0.45155133349056376,0.04772619210916801,0.10154313344108086
frankfurt_000001_073243,0.45745369159877863,0.01952347053902973,0.06847180990186333
krefeld_000000_019697,0.4502370471002377,0.026381657212123297,0.10891627878903055
lindau_000049_000019,0.4604811794762291,0.008032881041616527,0.03953918116045039
stuttgart_000000_000019,0.46176660345720205,0.059809697289039856,0.061949392575049535
aachen_000156_000019,0.4662397936244174,0.036027086416852455,0.030285208343983884
cologne_000016_000019,0.4467913981450369,0.04267711327692035,0.12500352350265515
hanover_000000_029769,0.4493211073714396,0.05238842304779203,0.07546769734711828
weimar_000028_000019,0.451462135095317,0.013357838137690715,0.06627638379160974
frankfurt_000001_014221,0.45715720963577444,0.018213338755575955,0.05575462848112299
zurich_000105_000019,0.45991539469609855,0.0541443174336965,0.05063614445993076
bremen_000259_000019,0.4556830045439855,0.024289274742441264,0.0903770342406613
zurich_000074_000019,0.44749595217237614,0.019659805610735232,0.0956324713084708
munster_000129_000019,0.44893342181763274,0.06368408943796455,0.15078407294076152
cologne_000006_000019,0.4468105799149974,0.05044260585948827,0.13167791817050348
frankfurt_000001_062509,0.44354570575619334,0.02300295391904641,0.1442594039315889
krefeld_000000_023338,0.4494231796179227,0.01759468183111252,0.08811192504151068
ulm_000073_000019,0.44685775248433035,0.030852659885396694,0.12224194043996404
dusseldorf_000148_000019,0.43850186995777013,0.045985588361925366,0.16463019869869167
dusseldorf_000006_000019,0.45941154526195943,0.013472834861444941,0.04923308239050313
strasbourg_000000_029020,0.45504837472697063,0.03860460557947191,0.06128470513591919
bremen_000014_000019,0.45451881839669184,0.030346155662668333,0.059650013899489596
tubingen_000056_000019,0.4507706131366044,0.050618373980790964,0.13263929911647282
aachen_000134_000019,0.45394679030416707,0.01208892274464307,0.07915907529124763
zurich_000113_000019,0.46104089558712336,0.04264483965436927,0.04326178414293964
aachen_000047_000019,0.4609677046750816,0.02485641989683986,0.0787767641468709
tubingen_000116_000019,0.46306552607673634,0.03697799598641547,0.04325115484282826
dusseldorf_000210_000019,0.44825798828476104,0.0509089614199869,0.10870047191359275
hanover_000000_027481,0.45514437914861855,0.03681652059391834,0.03952907436610861
strasbourg_000001_049399,0.44964786407509716,0.05752273868905798,0.11883717381383958
hanover_000000_013205,0.45260042194389327,0.028917585388856238,0.08510844326317933
cologne_000031_000019,0.4548381190749874,0.0513006938540106,0.08141978892349892
lindau_000012_000019,0.4554710101846901,0.05048980257006665,0.08193878032214368
aachen_000163_000019,0.4497424415781546,0.007877154298781601,0.050426639288071874
erfurt_000106_000019,0.45534999288515876,0.020374311881547043,0.09128273106710602
jena_000110_000019,0.4539065836500954,0.014660419667515218,0.0604883279340386
hanover_000000_045004,0.45105615988621484,0.040792820881865276,0.09694780321396171
bremen_000222_000019,0.4465035086954509,0.024233017508182842,0.11394259940781847
bochum_000000_021325,0.4453779264773228,0.052709201263399015,0.14072013263125835
aachen_000087_000019,0.43548497809987896,0.015058334295238139,0.1483407129220145
darmstadt_000059_000019,0.43513765714845143,0.00821624002971591,0.1514970086453744
strasbourg_000001_004983,0.45720039175200944,0.044124094074021514,0.06361088040385285
zurich_000109_000019,0.44491122623713125,0.03692519546529731,0.1397379088974821
dusseldorf_000125_000019,0.4530124854286817,0.05068798556396053,0.09000443340558818
bremen_000061_000019,0.45515306759522456,0.03325866948195722,0.0792373439781667
erfurt_000003_000019,0.46475541697864403,0.04656983584542548,0.035922165269975985
frankfurt_000001_032018,0.45380338769052536,0.03091159683217509,0.07582605327343286
krefeld_000000_027596,0.45504733978060363,0.039416569283277435,0.06822560716682717
bremen_000131_000019,0.4545753303860005,0.0613809993228921,0.09214168645095541
cologne_000101_000019,0.46357713671377043,0.0534643835873105,0.04619028077993405
erfurt_000023_000019,0.43981784600427787,0.0275833122799909,0.15212479410260857
stuttgart_000028_000019,0.44148430594406923,0.047065515499830436,0.16128326628504902
cologne_000070_000019,0.45215138180607967,0.02927502157352921,0.10173113774097373
bremen_000001_000019,0.45965233994230015,0.025801950314391954,0.061828084446466695
krefeld_000000_010329,0.4575090249344103,0.024899427893518348,0.05005140522750153
krefeld_000000_014673,0.45100061834848215,0.02735119629625782,0.08605931184492695
cologne_000086_000019,0.4462220398873082,0.03181264895909907,0.08621907171993134
hamburg_000000_016691,0.45731902192204943,0.033141175984752205,0.06089012729826313
tubingen_000105_000019,0.4627102896273761,0.043768915091912344,0.03299576194099199
bremen_000273_000019,0.45248165811106267,0.04177813733362746,0.08667368999602623
munster_000151_000019,0.4555715461369599,0.027979508826311464,0.10271549907184317
cologne_000107_000019,0.4409392542069917,0.05789353790074132,0.15213914400147396
bremen_000088_000019,0.45855493832938926,0.04281976823676666,0.0478434086591722
zurich_000019_000019,0.4546515539167413,0.03303272427090722,0.07640603871328487
munster_000006_000019,0.4603752510747791,0.03362561198285181,0.06310183203839208
monchengladbach_000000_002255,0.45238017565666816,0.046545847408375904,0.06725308682382107
erfurt_000048_000019,0.4539444214823065,0.051124823310369494,0.09046159596542584
dusseldorf_000219_000019,0.46178345507463964,0.0386813818778499,0.05197062111993514
dusseldorf_000041_000019,0.44742049429955,0.04461058904581384,0.11947689733325756
darmstadt_000063_000019,0.45633457762931373,0.04134025008660906,0.05523544592616755
strasbourg_000000_029281,0.45252743650480914,0.03474392467872819,0.06910055192210396
stuttgart_000062_000019,0.4672602581849063,0.03011697059779467,0.04104134120326629
strasbourg_000001_034375,0.45953741500434814,0.0381373861773705,0.07176009609311773
jena_000014_000019,0.4561020004981117,0.02232883575532473,0.038776118827951414
darmstadt_000026_000019,0.4533749492375494,0.069034071554404,0.09213069419858075
strasbourg_000001_050098,0.45755924580835283,0.05286017502837068,0.07055942182297426
cologne_000118_000019,0.4521285485858266,0.04557571962489484,0.1110731310522827
tubingen_000040_000019,0.46100761953567293,0.048909748918589326,0.047057425134659235
bremen_000048_000019,0.45281462341219286,0.01091651989968894,0.060166487788798934
dusseldorf_000046_000019,0.46026745844545647,0.04902193803851693,0.0780328805793912
stuttgart_000161_000019,0.44700114400746666,0.02440260308495833,0.11527015919437925
strasbourg_000001_030539,0.45410137417854657,0.03672878344477046,0.08683376344172904
hanover_000000_019116,0.4623745261733148,0.04160062935722206,0.05305591355911741
bremen_000049_000019,0.45705624914858894,0.059498783899788764,0.07255315582656634
dusseldorf_000134_000019,0.4631715751450945,0.037034906107999054,0.0600239637785234
tubingen_000086_000019,0.4531578538644996,0.021818957554454448,0.07253804996406678
strasbourg_000001_010162,0.44588201033965313,0.06296417227401482,0.13972643255016567
dusseldorf_000020_000019,0.4471991227524854,0.03392794353660136,0.11697181430288198
hanover_000000_043550,0.45698580360455127,0.03271599598247382,0.07988607146196193
cologne_000083_000019,0.45769412373246854,0.050469950367450694,0.06255125066291814
strasbourg_000001_030725,0.45282958059612693,0.03756496000995393,0.08906681641727315
cologne_000130_000019,0.4505967282572589,0.022107383512948567,0.08250368719810709
hamburg_000000_065983,0.45298708248859904,0.02589154793240438,0.05886882399248949
strasbourg_000001_052497,0.4480522544742911,0.02171948613455224,0.08216663737680793
stuttgart_000126_000019,0.43415306659211456,0.01942819741116325,0.16501020481029946
bremen_000122_000019,0.4601359842350785,0.04660663432434727,0.05803192582355141
stuttgart_000138_000019,0.4445238134500905,0.04403159870371742,0.135577997077663
dusseldorf_000189_000019,0.45681186090854026,0.007403940518720953,0.06780943995380215
stuttgart_000149_000019,0.4417228451546921,0.03176612202826238,0.13410717105467612
dusseldorf_000132_000019,0.46261235075923224,0.03976091161814207,0.04609175231892141
strasbourg_000001_034633,0.45600797564422446,0.044361391923053585,0.051642245076720016
frankfurt_000001_046779,0.4557814510244918,0.023714125345885052,0.04834063114244529
darmstadt_000042_000019,0.45749822584287025,0.03813661999636394,0.058907951219487775
weimar_000138_000019,0.45114121466139007,0.017572516674215236,0.09543455130855465
tubingen_000083_000019,0.45569329914091966,0.029403591680225254,0.057580667404813185
dusseldorf_000074_000019,0.45414755587908745,0.030754756958674197,0.08273353406527659
hamburg_000000_051855,0.4402279884543952,0.01767047242941804,0.127418293194266
strasbourg_000000_022067,0.45063012997867985,0.036418140593328915,0.09429355206257488
tubingen_000140_000019,0.46385117454513386,0.03953103635491249,0.043546265776446214
hamburg_000000_019373,0.4536802323960468,0.03220496119173878,0.06793750567938336
lindau_000034_000019,0.4660360426804302,0.035601606505519794,0.035780333594188675
hanover_000000_010553,0.46096732256261663,0.02442614283161482,0.02472585313931356
bremen_000262_000019,0.44178603224432883,0.022620495710507456,0.16416246132115306
ulm_000086_000019,0.46358938320998166,0.05261032277000363,0.05535105750137475
dusseldorf_000071_000019,0.43757465675094975,0.03938124877317068,0.1603486842191771
tubingen_000033_000019,0.46357007578537857,0.03661280652818009,0.03567609696710252
bremen_000138_000019,0.4540370512964647,0.04545589748452249,0.07596123295174778
dusseldorf_000016_000019,0.45071251667870954,0.030032426676689615,0.09697475812424187
darmstadt_000007_000019,0.4530559539895361,0.053510906074231666,0.08677719910626489
ulm_000091_000019,0.4649557003123069,0.03490989744928744,0.04982241813293031
aachen_000002_000019,0.46302967025289443,0.042555261575906354,0.027496309135389405
stuttgart_000007_000019,0.4483546413098222,0.046389317263194695,0.11147888888443723
strasbourg_000001_052297,0.45572215341570693,0.03740114180980853,0.05336477358962228
strasbourg_000001_010640,0.46031209980725096,0.03425184829150463,0.04817486660010142
munster_000037_000019,0.44784133075961235,0.0534719825449059,0.1056805370184415
krefeld_000000_034231,0.4490395727979823,0.04504632184754847,0.10694063775584202
hanover_000000_007780,0.4545336906718659,0.03185831886988226,0.07294924328869043
hamburg_000000_097086,0.4589348466977579,0.0497125572390404,0.06130318573671363
darmstadt_000040_000019,0.4583327867663252,0.03896042885847432,0.03672131017252543
dusseldorf_000184_000019,0.45110013411218475,0.0,0.06332729658735341
erfurt_000014_000019,0.46152172358162397,0.04725946326757864,0.04936796192262949
dusseldorf_000158_000019,0.4542803152036971,0.03096696515476376,0.08148428075003579
strasbourg_000001_011617,0.4534974707391726,0.046824908040569574,0.07832639479778206
weimar_000012_000019,0.4646645591322787,0.025200675188182094,0.03755963890622673
bremen_000104_000019,0.44261519657178966,0.013490007544676027,0.10393290639979573
weimar_000122_000019,0.4535448834106553,0.04619567290389319,0.11093831430124056
bremen_000293_000019,0.45744969135278324,0.05480858024316057,0.07271440512382704
stuttgart_000103_000019,0.44765992370412006,0.03306483129147689,0.11416117135645479
cologne_000035_000019,0.45208017060828243,0.04155583764250794,0.0851660059507314
hamburg_000000_086499,0.4534036296196926,0.054935146780925474,0.07337356653638905
hamburg_000000_058591,0.450415559070596,0.06250443127636783,0.09649342385882197
aachen_000092_000019,0.46225248880477543,0.03172296599696977,0.06276193908627858
strasbourg_000000_018358,0.4577096738154379,0.018183236392318284,0.04121937478113184
dusseldorf_000085_000019,0.462452615443535,0.03239541159148033,0.041887932495454486
hanover_000000_000381,0.4517774173229022,0.02202928632155968,0.07498412275111105
darmstadt_000030_000019,0.4521715624895276,0.06129514879344283,0.09322951666087993
cologne_000012_000019,0.444538997079306,0.05653848846499549,0.08779496526685028
bremen_000261_000019,0.44653308455011487,0.028381421027946264,0.1279625664837308
tubingen_000094_000019,0.46159847232122875,0.04288490908178979,0.03172184159817458
dusseldorf_000000_000019,0.4634850189692458,0.04415351657079528,0.05456268101585267
strasbourg_000001_054275,0.45281589318053955,0.04373973144314103,0.08081653276339935
aachen_000148_000019,0.4560953171200933,0.06494718946791297,0.08746310671161987
hamburg_000000_092476,0.46051076174069255,0.05665396120692465,0.05022897250607592
dusseldorf_000111_000019,0.4543459609355126,0.017403326288002632,0.07120078593482987
erfurt_000094_000019,0.45512888466490514,0.015879704756483204,0.09372109038062541
bremen_000196_000019,0.45138239041767114,0.057406103270990605,0.09821389279825782
munster_000139_000019,0.4590563965343289,0.026926239781600303,0.03394234003759209
weimar_000021_000019,0.46500552210796225,0.035419193254913064,0.0334729259206351
aachen_000055_000019,0.464724377924681,0.03435009431310995,0.03647585881708726
frankfurt_000001_068208,0.46100553980614467,0.03959622887010677,0.05687240696260606
strasbourg_000000_001278,0.4516301287220191,0.03217597208782644,0.0792311668704416
zurich_000039_000019,0.4552064914656385,0.04779628722774958,0.10715231134967375
dusseldorf_000060_000019,0.4634185611297919,0.05084046905696166,0.05072227556956051
frankfurt_000000_015389,0.45545464870877467,0.045688697793361245,0.0639618975558142
tubingen_000143_000019,0.4434606534277681,0.03326446216620524,0.1408544242225972
hanover_000000_051271,0.45426193654557734,0.04104349313186494,0.0809542422259843
bremen_000118_000019,0.4565045343568857,0.042947385051757485,0.09449157442636626
tubingen_000041_000019,0.45972847032209696,0.03388485744459308,0.05350915967264117
bremen_000144_000019,0.45614745953642144,0.048436799311422966,0.06098992693684797
strasbourg_000000_013322,0.45810761461283134,0.028914289104265738,0.06937082166265336
weimar_000014_000019,0.4521326167046633,0.03523822968320654,0.07770100817463799
jena_000006_000019,0.43619437777816417,0.007003844163557175,0.12803598204858554
bremen_000307_000019,0.44785238401967736,0.05560325882213023,0.14266428349146792
erfurt_000084_000019,0.4493880882290671,0.028209284956042854,0.06424659697970912
krefeld_000000_013139,0.45251544561230556,0.03667486651999178,0.06255245954022869
strasbourg_000000_029729,0.4518719045330652,0.04553590243726829,0.07386536622083685
bremen_000243_000019,0.44045186869695785,0.011332148108364802,0.12855212717050302
hamburg_000000_069417,0.4517600650704087,0.04937765506456938,0.0756713471093518
bremen_000287_000019,0.4520435572514061,0.037175388127784016,0.09928332569843669
cologne_000036_000019,0.4543777215650868,0.049574182701436,0.08444007192705316
lindau_000046_000019,0.4592882328606443,0.026178843701145572,0.040636304226561316
strasbourg_000001_018872,0.4560302554694338,0.02536774654232193,0.051211149618984646
ulm_000001_000019,0.45859929948705463,0.037298985397288965,0.06666777888249842
darmstadt_000024_000019,0.4452957134638181,0.01733428560725285,0.14165896344979137
strasbourg_000001_045880,0.45537249360040244,0.03872996871281823,0.08844112174228555
bochum_000000_022414,0.45399384895876244,0.04747895209813587,0.1173109236284112
cologne_000069_000019,0.45671651592564105,0.02131034414359001,0.0831065532185111
dusseldorf_000012_000019,0.45876914621843057,0.046939599820932085,0.0644517942353564
hamburg_000000_003904,0.45122176517294993,0.05150086314210173,0.06623973383385406
stuttgart_000086_000019,0.4442617789277485,0.029064882044347796,0.1216466236124394
zurich_000064_000019,0.4475684765028555,0.013915235843273295,0.09012900138993447
tubingen_000054_000019,0.46017823752729897,0.03250511308718645,0.05844377698080301
strasbourg_000000_017081,0.4412177105578801,0.03742427516323526,0.09657990042198158
hamburg_000000_091155,0.4569003348497043,0.0319258159525328,0.03885624012385256
weimar_000077_000019,0.45600105506148336,0.05112667523916886,0.0794853102864968
zurich_000045_000019,0.4504242869684373,0.049549312553421807,0.09167931357979728
cologne_000099_000019,0.46024807652343425,0.04616117254360573,0.0579775136855379
strasbourg_000001_042309,0.4584902912498025,0.03860010186649437,0.08979141752427457
cologne_000034_000019,0.4536217841990751,0.04646669716687087,0.07993074486848013
tubingen_000091_000019,0.458973199601618,0.043248171796528616,0.03892398431741951
hanover_000000_034141,0.4524448332559495,0.05333510558449996,0.10253054678957696
jena_000069_000019,0.45692754567843025,0.021999042910226023,0.04908227578446535
dusseldorf_000042_000019,0.46362172765116094,0.04777501828184437,0.048920385703198455
bremen_000208_000019,0.45036382335823777,0.030116141560735735,0.11100481861099833
munster_000155_000019,0.45123223470027735,0.05864415026311725,0.12375280824190589
hamburg_000000_085982,0.4528821312737601,0.04620742701164522,0.08986858985728138
munster_000025_000019,0.4567839238052869,0.028260866325393295,0.09153437702651582
strasbourg_000001_024701,0.45953380959550705,0.0404223838688332,0.059179860604236224
munster_000012_000019,0.4562550384143113,0.040027976653332874,0.08384504341084492
weimar_000047_000019,0.4627050959091394,0.027602114020180403,0.04677367930693224
erfurt_000059_000019,0.441524743093376,0.028245191514926004,0.16062421383963219
hamburg_000000_004985,0.4504354949226556,0.031377105455971825,0.1190967407058006
zurich_000057_000019,0.45429360129014157,0.02034050657405369,0.07094857345527879
munster_000043_000019,0.443637948074439,0.035035084556899174,0.13286635381807163
frankfurt_000000_020880,0.46397375775911565,0.025847196540655686,0.0519600535196149
cologne_000096_000019,0.4601808247719384,0.03422532238866987,0.08260301930389703
zurich_000061_000019,0.4526848475603731,0.05789456320859895,0.08497356455219235
dusseldorf_000168_000019,0.45979162838217885,0.028195274812175517,0.0744074585999937
hamburg_000000_040021,0.4505406159647217,0.05695351283851674,0.1109956119698337
cologne_000135_000019,0.4427204253881621,0.0494174018785383,0.13240552006505998
frankfurt_000001_005898,0.4551697505906616,0.06366498260466054,0.09224411077974205
hanover_000000_052649,0.4571644935208816,0.03069211214055324,0.08838494496875057
hamburg_000000_057678,0.45855389674986985,0.04261178809857643,0.0671604824211971
jena_000011_000019,0.44898153445607086,0.02464584238420899,0.08455519618014837
hanover_000000_056800,0.45949214204119626,0.04072460646736257,0.04510236649631386
strasbourg_000000_030706,0.44335624410960167,0.03172039571810573,0.0924508717763327
dusseldorf_000108_000019,0.4513355745859575,0.0469230617767298,0.07545782440928452
cologne_000141_000019,0.4529465795007342,0.042534101691676714,0.11763004507243892
frankfurt_000001_007857,0.45780891120404793,0.05024882078529856,0.05220488584361767
frankfurt_000001_013496,0.46016201241983645,0.038038097529663965,0.06765750718224411
dusseldorf_000112_000019,0.45339875029564597,0.008411504058047251,0.07287658731632649
frankfurt_000001_068682,0.4594645942806628,0.03775684819336176,0.06187627054017681
hamburg_000000_014030,0.44795683811977527,0.032105934153872515,0.09746769539089345
dusseldorf_000195_000019,0.45555316112978694,0.009349242322902346,0.06119822993322447
krefeld_000000_021000,0.4548998792497318,0.04132905155911307,0.08762132763132402
bremen_000155_000019,0.4491071590702599,0.04510825927350641,0.12223128748433408
bremen_000235_000019,0.4532577588799163,0.03348741766925292,0.07331673300355157
jena_000039_000019,0.45508926592666576,0.03412588779819179,0.08564384725668518
ulm_000039_000019,0.4588984651080833,0.04732063396512409,0.06606217506584441
bremen_000055_000019,0.4586947768655689,0.04124433287060691,0.06087166011008924
bochum_000000_003005,0.4585502646823926,0.05187673306780004,0.07408872146634779
stuttgart_000115_000019,0.45916817801900744,0.04631885298623945,0.07207865694994631
strasbourg_000001_002081,0.46072052564820887,0.020422655754821245,0.03114175915064044
tubingen_000074_000019,0.46292826963445977,0.05024930466003114,0.05539654577314047
hamburg_000000_080674,0.45776404035116425,0.053677916257981816,0.07807985241245957
munster_000019_000019,0.4590057023765316,0.028973699193382337,0.04358632743314712
frankfurt_000000_021667,0.45590782860458057,0.05867251012481344,0.1029528344495064
monchengladbach_000000_035650,0.4536620645858463,0.05473064287217233,0.07377168482924891
weimar_000053_000019,0.455422081840143,0.03893141555547389,0.07322034565426194
munster_000013_000019,0.44873289337839034,0.04775975147818562,0.11676581823456085
strasbourg_000000_002183,0.45480728540410675,0.0521900746839503,0.09200882840733984
cologne_000074_000019,0.4404818718285783,0.023069430199683195,0.12115443625241225
aachen_000121_000019,0.45308417212803126,0.019284348704389876,0.0879073863727004
aachen_000165_000019,0.45362338237594824,0.003264226197674924,0.07231325071919721
stuttgart_000128_000019,0.44574917512051493,0.005070988157117638,0.09621950814873736
cologne_000105_000019,0.44667883282222853,0.04582385120626268,0.12124724375000023
munster_000042_000019,0.45954004716719027,0.010124163017372569,0.03361786029485048
monchengladbach_000000_024243,0.45503102873881296,0.032718497079289505,0.08957741452617235
krefeld_000000_033478,0.45312460044027797,0.059116684313575855,0.12225676920050095
hamburg_000000_047390,0.45446547490814254,0.048292937193516246,0.0740623368035906
bremen_000266_000019,0.4525181627107662,0.04061270710333592,0.10000112450965176
frankfurt_000000_012121,0.45880176306889514,0.046394419704145776,0.058855997883796
zurich_000087_000019,0.4480908678535336,0.05959452075683991,0.12919736268613002
frankfurt_000001_038645,0.45451031635141453,0.05361721212108763,0.09337821165981708
frankfurt_000001_056580,0.4557859464335586,0.03461753011323735,0.07200967186098328
stuttgart_000140_000019,0.4483720244043659,0.04109903656225055,0.09560598862667057
munster_000145_000019,0.4624526513402456,0.018210242626399333,0.03415432420404721
weimar_000103_000019,0.4574374477117817,0.014465457128560198,0.07058957734153899
aachen_000105_000019,0.4457274108894412,0.015375510031205599,0.09693901332714248
lindau_000055_000019,0.46324118658244995,0.04193365311055731,0.025518027577311503
bremen_000057_000019,0.46050317360402826,0.02990580748881894,0.04842252663323147
hanover_000000_002140,0.45548835579395686,0.05860950204906112,0.0758016929986167
weimar_000071_000019,0.45893075079349027,0.03865328095400629,0.07203527899278446
bremen_000264_000019,0.4519847929871903,0.05026459136268317,0.08691344775256224
ulm_000026_000019,0.4549183447197106,0.013202979710194393,0.06850901272313129
frankfurt_000001_015768,0.4531771985537727,0.037470390066569534,0.06591523847067786
aachen_000003_000019,0.44062764365458096,0.019123536430975082,0.11650358581968775
zurich_000115_000019,0.46030773132524194,0.03500628482951502,0.04759173292934152
strasbourg_000001_000113,0.45278272320130825,0.04404458741314011,0.05868956047448171
munster_000127_000019,0.4589232038520438,0.04441306294109404,0.05800316364366258
ulm_000047_000019,0.460399071373906,0.05576040759636134,0.10790444613594617
munster_000119_000019,0.45294966318234225,0.053276397441195215,0.07910561554982719
weimar_000126_000019,0.4600865596102312,0.043959683884168634,0.03944304711699423
weimar_000000_000019,0.45058325461750276,0.0280640157541311,0.08237318159334295
dusseldorf_000003_000019,0.4614330397520216,0.028282485596859606,0.08093731171794538
tubingen_000000_000019,0.44909679686755977,0.04441311143512528,0.13050321296675707
ulm_000002_000019,0.44466262251884164,0.020839616531098882,0.1319177159238642
munster_000083_000019,0.45369394992529805,0.05693194906687088,0.09995274459632329
tubingen_000080_000019,0.4519174619245921,0.014973953369424798,0.035246911042427886
stuttgart_000056_000019,0.4574070610474799,0.02705980964722385,0.07462307987169044
cologne_000104_000019,0.45154983748900973,0.028214677351187788,0.11251463093231603
jena_000065_000019,0.4528786591549451,0.025321387596195444,0.09135989424331283
weimar_000086_000019,0.44609633895876316,0.021911707508034835,0.14210341570336998
zurich_000058_000019,0.44617136170586685,0.0076253146194744026,0.09700287851286195
krefeld_000000_019125,0.44064791873153625,0.03617907761788671,0.1546606400256433
weimar_000005_000019,0.44589429669009634,0.053895392802935656,0.12596312521450223
hamburg_000000_045704,0.4554622288907632,0.041479796224541336,0.07965582201531503
aachen_000067_000019,0.4469813093473233,0.027371941610192387,0.1107514715860005
aachen_000126_000019,0.43899658828806354,0.017407154034585252,0.13091036451597937
weimar_000068_000019,0.4572734692505992,0.034801993743066945,0.06474916823868362
stuttgart_000110_000019,0.45090871903805596,0.026790534171984733,0.07161409383219013
frankfurt_000001_044227,0.4623271370048048,0.02782163136443125,0.03970615974826835
strasbourg_000001_038281,0.4482219990974425,0.06789063365023744,0.10786133584519716
monchengladbach_000000_028216,0.45983322053314496,0.045857226127373966,0.06074781397129963
dusseldorf_000109_000019,0.45193888656840064,0.020241497716490666,0.0980679249145166
hamburg_000000_006192,0.4568383029154815,0.052727407587104785,0.09207937664757204
bremen_000199_000019,0.46007909971396443,0.05217261255253468,0.06573584411333569
stuttgart_000162_000019,0.451573741994641,0.03367176795486337,0.07982551526915146
hamburg_000000_071942,0.45284808104799446,0.0404600004469474,0.08746368371153908
bremen_000032_000019,0.44798164524563366,0.01313775458363766,0.06507411362908623
frankfurt_000001_021825,0.4532870988373955,0.05375207761797203,0.09709189671386259
bochum_000000_031152,0.4568486775289017,0.03627656025818757,0.0650430192648706
aachen_000150_000019,0.46067557834761974,0.04212747260918908,0.054686116631419764
strasbourg_000001_016376,0.4584995595240743,0.04695524657603432,0.06398812024187632
hamburg_000000_091038,0.4589949033913019,0.0321786874625996,0.05369954427467031
cologne_000152_000019,0.4549874920682578,0.05235109048309936,0.076424789174933
dusseldorf_000024_000019,0.45496441712551683,0.03461605963768808,0.08232004182997854
ulm_000049_000019,0.4551370899201749,0.042531128828012126,0.08327154283330956
bremen_000185_000019,0.43644437800730274,0.022618326798747652,0.1663232552157979
ulm_000089_000019,0.43665453267721416,0.015878404185141498,0.13820893507916399
monchengladbach_000000_023375,0.45956759489907584,0.021624812200264798,0.03984869142873222
darmstadt_000006_000019,0.45494634311966803,0.03887649044496131,0.08570894496393026
stuttgart_000159_000019,0.4483331293604056,0.03347598119538782,0.09451658796443675
dusseldorf_000176_000019,0.4549130738178117,0.04418574978916832,0.08182555798656757
hanover_000000_039470,0.45110561695116724,0.0407319337096193,0.08632404913570518
weimar_000132_000019,0.45315565660443896,0.01845062356156305,0.08766140454136861
cologne_000049_000019,0.4537883164309797,0.037689946756604094,0.0945501848676291
frankfurt_000001_041074,0.45618633578771184,0.05678759738753203,0.06966472270343094
erfurt_000049_000019,0.4584728918771431,0.029298216966617722,0.07030883055046906
bremen_000263_000019,0.463460511454348,0.04371810709209939,0.0324496971621693
bremen_000077_000019,0.4571257500347507,0.04440817300072304,0.06843682168088835
ulm_000053_000019,0.46012886880639164,0.05317370479004,0.07579617795457787
bremen_000101_000019,0.44346377741761855,0.020572585443679684,0.11236473534361978
strasbourg_000001_058373,0.45247612297482814,0.029454038173958353,0.08007163149576507
monchengladbach_000001_000054,0.45525965041846395,0.05162258487697378,0.06636416718676331
hanover_000000_030781,0.44473871933237025,0.0569341118268128,0.1154376122637912
hanover_000000_027650,0.4514661347856841,0.044900160974198244,0.07277969741373704
erfurt_000076_000019,0.45657517868304714,0.026403204670862098,0.0670854637993254
erfurt_000066_000019,0.45967036174581,0.03986271229714053,0.04592519813478111
stuttgart_000050_000019,0.4528846959654441,0.0493254119415846,0.08460131255596186
ulm_000043_000019,0.463430239433844,0.0355689255570479,0.05720215338140792
erfurt_000061_000019,0.44852386582445114,0.0060117726582405075,0.07362589200043682
ulm_000083_000019,0.45909312303633926,0.05381633312553363,0.07920030906494556
strasbourg_000000_012934,0.45828083065816794,0.05068306458195365,0.05858873215323185
aachen_000013_000019,0.4565852315183523,0.020911505771006266,0.0963071404295663
aachen_000116_000019,0.4443235782101093,0.0293161389674845,0.10244148307677252
tubingen_000046_000019,0.4451643120365819,0.02634089158084453,0.12883930136154118
strasbourg_000000_006483,0.4560126034918728,0.04079921960120392,0.05899048047409679
strasbourg_000000_026575,0.4537485928207829,0.03739570598187295,0.05172366029399944
bremen_000278_000019,0.4575226949624921,0.02636552036604194,0.06323984089694135
krefeld_000000_005503,0.458351889129281,0.04917945634429525,0.07755147546461442
cologne_000148_000019,0.45711467315232956,0.05041081492874511,0.06453735061409072
hamburg_000000_070334,0.45279579830906325,0.05528777849979196,0.0700409382026841
dusseldorf_000009_000019,0.45549507405867934,0.041422271830213284,0.08875685838563052
ulm_000024_000019,0.44919676004764925,0.061607585696779,0.09435133363178685
stuttgart_000168_000019,0.4501631024147616,0.05656750158243902,0.11109821486525366
krefeld_000000_020033,0.45335387319150217,0.032186770449838226,0.0852336248859423
munster_000060_000019,0.45539926582611717,0.023659082772164206,0.0821688279485479
frankfurt_000001_069633,0.4513780910796807,0.03090075180071049,0.09303656826147234
bremen_000207_000019,0.4553089946059229,0.028019787168375512,0.0778883598179796
hanover_000000_042992,0.4609882927454586,0.038037671029426394,0.03646954002747747
darmstadt_000049_000019,0.4460373322782527,0.013057033499064143,0.07700503431047369
hanover_000000_027390,0.4620259441538602,0.030821938636901598,0.04543457855658699
bremen_000106_000019,0.4555064672995747,0.0253658304641696,0.0732967518501551
dusseldorf_000069_000019,0.4414735841919615,0.014561591902673499,0.1555755449609946
jena_000036_000019,0.45595641267484316,0.05044256096169114,0.0846062065650578
strasbourg_000001_003159,0.4521123854745871,0.010888905463027359,0.07382428477370369
dusseldorf_000167_000019,0.46097540094327416,0.02805259174082848,0.05432747284090732
dusseldorf_000105_000019,0.45665938607746276,0.045609458983097186,0.07033857886392454
hanover_000000_032210,0.45752657405944397,0.045189669695581386,0.05595445023263416
strasbourg_000001_059914,0.45160107699439167,0.027751642237483727,0.0720654275271932
strasbourg_000001_049776,0.4561564709370271,0.04845917211830696,0.06919490303245855
krefeld_000000_018004,0.4573329193872475,0.02244058304827725,0.06171690021157989
bremen_000301_000019,0.4632166010199498,0.045136868313743354,0.037220012181018766
erfurt_000052_000019,0.4548018520891135,0.02275844622262538,0.09123985418356967
strasbourg_000001_055698,0.4486995932021407,0.03761238500664454,0.10187857116437131
strasbourg_000001_037906,0.4559117200380574,0.04774616752566771,0.05967581223628259
jena_000115_000019,0.4588209125234233,0.042267383224565684,0.06009434039163878
strasbourg_000000_012070,0.4591955243598439,0.028177321496811042,0.06733156218125809
dusseldorf_000102_000019,0.4595870649105192,0.048654340499011184,0.09414139996371604
stuttgart_000129_000019,0.4453982088118051,0.012283781952333832,0.08490284212181734
weimar_000052_000019,0.4539533151645129,0.03051543172413624,0.06951566360056717
jena_000073_000019,0.4473954778704548,0.007663395616834379,0.09022779264529272
frankfurt_000001_019854,0.4557204211150802,0.0367730856373452,0.0682070573226021
bremen_000064_000019,0.4441483357092103,0.030335617129468334,0.1448529032748158
hanover_000000_036562,0.4552568118166398,0.01988686385034421,0.07535870537147016
monchengladbach_000000_009615,0.45553014019450966,0.05550436643296248,0.08155519614166037
hamburg_000000_001106,0.4596578061404976,0.046889592652281285,0.06113473006228177
strasbourg_000001_049143,0.4532654317571352,0.03295787146268766,0.08583108955128141
strasbourg_000000_036016,0.4591350341924771,0.028007407191664165,0.020994487548027144
weimar_000084_000019,0.4436009135890592,0.019004513711557786,0.11696132571730807
bremen_000189_000019,0.4568391410613229,0.04995963054204281,0.05816949408347823
ulm_000004_000019,0.45153193649336315,0.007073192362934619,0.07294487475278909
munster_000120_000019,0.4494050096695139,0.046699573191430345,0.14102119267275617
strasbourg_000001_061384,0.4640758046164656,0.047613791198967984,0.05755286335330047
monchengladbach_000000_007695,0.45516546055231744,0.04018394306850443,0.08215304035889069
aachen_000137_000019,0.45995578701511075,0.030027780640169366,0.02811136436219032
aachen_000155_000019,0.45552901900530995,0.04235934333007104,0.0881097515071695
aachen_000149_000019,0.45137221145373235,0.049973046983813836,0.10222656339259763
bremen_000195_000019,0.4404773322975811,0.018416351055065228,0.15441319465582218
munster_000068_000019,0.44940503393294473,0.031988239254310456,0.1056758412025533
tubingen_000136_000019,0.45878731412003654,0.03671719621649451,0.039472551554578975
krefeld_000000_022162,0.45657893457543747,0.03402372790389601,0.05360668100478273
ulm_000093_000019,0.4567546395083519,0.05168076038211773,0.0564119862572273
hamburg_000000_081299,0.45693579394268574,0.04689592854392108,0.07035141234632396
bremen_000070_000019,0.45763766501754893,0.054938214307764716,0.0837499414836112
frankfurt_000001_025921,0.4548461065355217,0.05516394269779362,0.07089686479953752
strasbourg_000000_029481,0.4401225933303917,0.019321060730818133,0.09541516128685384
bochum_000000_003674,0.4584656790735471,0.029506536903410843,0.054356799802247516
cologne_000128_000019,0.44497534661912214,0.016670504441116694,0.1121525609190712
munster_000029_000019,0.4590123546707215,0.03670014842681555,0.062198128581704315
krefeld_000000_026580,0.45078127616823616,0.01186783207428118,0.06781352643925505
tubingen_000031_000019,0.4433276560145335,0.03224541321291303,0.1242669500286061
strasbourg_000001_047336,0.4523242386624946,0.039372033656751605,0.09693292800219391
hamburg_000000_030953,0.4437249196665744,0.046142072669519044,0.13833602229181338
cologne_000088_000019,0.44510029349887426,0.025938038142388185,0.12527477727933106
hanover_000000_009128,0.45594699463604077,0.045209974575053706,0.06636215208561981
monchengladbach_000000_023856,0.46203894177074023,0.0368683833505838,0.040278310263868564
hanover_000000_039021,0.4477839753682062,0.06876603567879723,0.13801819764441003
cologne_000043_000019,0.4499864114179898,0.035807044196859476,0.09846274405737869
munster_000141_000019,0.45148817258945295,0.013326524837890907,0.05839201686275657
stuttgart_000097_000019,0.4547561642914762,0.035696987538544035,0.06877683627293693
aachen_000104_000019,0.4476655889721945,0.0150143587817904,0.10818713516679437
tubingen_000013_000019,0.46471994894238877,0.0203735712818184,0.033964756764634056
monchengladbach_000000_035083,0.44697491772713854,0.031354260522857835,0.11147306559736352
strasbourg_000000_000295,0.4563290018187389,0.04787707482222437,0.059396095884396385
monchengladbach_000000_018445,0.45617235084812535,0.051009846686714974,0.06978132115415395
hamburg_000000_059339,0.44755051946717817,0.05122093837978403,0.11814800585132412
hamburg_000000_088939,0.45678781838588767,0.03698818763246248,0.08406745517054372
strasbourg_000001_056142,0.4542587215552648,0.06348955430473054,0.09372557088948924
bremen_000143_000019,0.4577876342374296,0.04471548593376926,0.046583499318469127
bremen_000085_000019,0.45749590006080515,0.044507585457958056,0.08030496141799343
cologne_000109_000019,0.4597872985609275,0.0582396488562903,0.08451469833391301
aachen_000161_000019,0.4530036021217229,0.025475911132553163,0.10535908016962334
bremen_000116_000019,0.4520149826276307,0.04533464044146255,0.12046248490117814
darmstadt_000074_000019,0.4580367029964845,0.05141470375991172,0.07638614473791774
lindau_000009_000019,0.45799981984949656,0.058539961363138264,0.12118730857061998
tubingen_000029_000019,0.45232184365221956,0.0411613058199839,0.11527669355197198
hamburg_000000_057816,0.45360177874624813,0.04807401659102731,0.0645029523104494
erfurt_000012_000019,0.45424294447927965,0.038959225512841124,0.0832644094379505
stuttgart_000004_000019,0.4505506303785601,0.021648612998467747,0.08622707182292844
jena_000005_000019,0.44992415248158724,0.03508270790226701,0.1146343677466329
stuttgart_000187_000019,0.45116673734094803,0.036968598046071194,0.1125678491549775
hanover_000000_030889,0.46028489793497945,0.05987622034078702,0.04426811040692591
aachen_000123_000019,0.4271496764287839,0.002195219703457007,0.17902020578321098
ulm_000055_000019,0.44679709971623255,0.035885225064517655,0.1283292214733473
hamburg_000000_105296,0.45058759412998095,0.03769569781039613,0.10807749372630343
bremen_000232_000019,0.45837065235383406,0.047911419511884004,0.060330522787002225
frankfurt_000001_028232,0.44999574653113583,0.05102493848043011,0.11708131000390212
monchengladbach_000000_015126,0.4585830814625616,0.02384476336145316,0.05324964955020454
krefeld_000000_028378,0.4519398295258093,0.026069080989213435,0.10327899255377214
krefeld_000000_025812,0.44838212994571003,0.024744416800454565,0.07789404385089353
strasbourg_000001_055934,0.45754296331756317,0.029590120460035684,0.05901964188493519
frankfurt_000001_009854,0.45110410467521533,0.04962621635572781,0.0933400449131032
bremen_000276_000019,0.4580591667043922,0.016246328501353307,0.06426340582730078
stuttgart_000080_000019,0.45425878433505246,0.03756839834591795,0.08322594595221192
munster_000157_000019,0.4502732932883537,0.04441423312640537,0.08922629492821035
strasbourg_000001_011990,0.44937966849019634,0.048281208183482936,0.09093324144053117
frankfurt_000000_001016,0.45434178481415943,0.026311098453138844,0.0870255699541284
hanover_000000_038773,0.45355953588923936,0.023540283772631947,0.08186424827375754
jena_000100_000019,0.46541525631951786,0.024469315061092088,0.02505677313224726
monchengladbach_000000_014685,0.4546746689864128,0.04185252963626706,0.06232540201434342
frankfurt_000001_060545,0.44923171783023746,0.034306280063020576,0.10640735739025067
bremen_000284_000019,0.4557967857143797,0.007216000724857888,0.07256162187494342
frankfurt_000001_002759,0.4524127446135485,0.04207949304483078,0.11123355054612612
cologne_000094_000019,0.46073978700726337,0.01859463159273419,0.050700613173225446
zurich_000052_000019,0.44959012485291855,0.0394903125805214,0.09408447357987819
strasbourg_000001_009246,0.4534738037785247,0.033340234669839076,0.06505310321236786
bochum_000000_023040,0.45649319845109415,0.033697854455140216,0.09059360366750668
dusseldorf_000126_000019,0.4627143926180635,0.02866332361802999,0.06512848376904998
munster_000171_000019,0.4628965657037678,0.04838212613976047,0.04860698331305148
strasbourg_000001_028852,0.4544232724831626,0.0221462090259939,0.048581096802151766
aachen_000173_000019,0.4583183359438892,0.049082759334557205,0.05714295744559464
bremen_000165_000019,0.4607513019060618,0.035439349186743276,0.051305093013304943
strasbourg_000000_008784,0.46041568959523954,0.04548014554795767,0.04052483638078183
hanover_000000_012347,0.4531208428844037,0.03091017952883177,0.10762808266026544
bremen_000256_000019,0.4428135003515922,0.03887596438574706,0.1386073951015316
strasbourg_000001_014629,0.45609053594169746,0.0387279719361431,0.06167016496238973
bochum_000000_033331,0.445131522072372,0.011683970306302756,0.11423212696621543
hamburg_000000_103367,0.45195595068199784,0.04841954782958236,0.10235705263779687
stuttgart_000164_000019,0.4595377617316909,0.04699253333536371,0.03805552771753271
dusseldorf_000058_000019,0.45487036546029885,0.014255491957613697,0.08175042595660685
frankfurt_000001_008688,0.44853416435293536,0.04401583489211946,0.0934727653615534
hanover_000000_035768,0.45223819667823784,0.051928867765608545,0.07892257953017928
stuttgart_000133_000019,0.44890271874795024,0.04466191295253939,0.11819250501842049
cologne_000072_000019,0.44241989315154934,0.018104213004330898,0.14372160101602327
weimar_000130_000019,0.4579405820435909,0.02105422501213519,0.067173070419632
hanover_000000_046954,0.4492565052426575,0.022200042722966582,0.09970635026689562
monchengladbach_000000_017950,0.45587880189057106,0.05439621253141338,0.08723585982648623
hamburg_000000_028608,0.45558508601444414,0.04553300591240571,0.06347821200005659
erfurt_000025_000019,0.4533928527899588,0.05920533910844115,0.08510830731918248
frankfurt_000000_017228,0.45089937841845446,0.05160709500137047,0.0844820283887339
ulm_000013_000019,0.4635961204395519,0.020724847958050928,0.026051958897786963
bochum_000000_020673,0.4564768348809001,0.03780006741703751,0.08198246186733346
stuttgart_000010_000019,0.4629557763775972,0.03625974174075661,0.027882333506741536
bremen_000171_000019,0.4521017445209021,0.053138250680086624,0.09948701053788833
erfurt_000001_000019,0.45912864936743913,0.04460295920790392,0.05987092331793764
strasbourg_000001_048605,0.45682656915844516,0.040830214168000645,0.08225796552861635
zurich_000002_000019,0.44345047190061265,0.05793886898389431,0.1243856047671764
jena_000057_000019,0.44471611489716223,0.015942736559497045,0.09728051496535194
munster_000135_000019,0.4566603863227485,0.05706785702868565,0.09123369212090705
stuttgart_000175_000019,0.4566931271541518,0.0565486049375626,0.09415542683706578
ulm_000023_000019,0.46015769084178193,0.027282383851227592,0.05958913390887022
lindau_000035_000019,0.45642988291077535,0.028992744976160483,0.06307276166303469
strasbourg_000000_030941,0.4568456345444286,0.01838084013088745,0.03192492884413834
hanover_000000_016038,0.4578436390158196,0.03847123382748374,0.07065018932587122
bremen_000028_000019,0.45200708605945444,0.007366798030153322,0.06943605994453136
bremen_000093_000019,0.45450264447160077,0.024607807416209857,0.06967608067602714
ulm_000007_000019,0.4385868241240886,0.013407887126084893,0.14316126824255496
munster_000076_000019,0.45661066959761387,0.048771718464895045,0.1080241228514467
munster_000002_000019,0.4647805364654744,0.04788806957832395,0.0379652019210613
hamburg_000000_079657,0.4559159792704406,0.024404860088946444,0.05847293261772226
aachen_000110_000019,0.46262825458661877,0.045379755528545396,0.05426722376986668
frankfurt_000001_059789,0.45178913480961763,0.0445769648492028,0.09869479301641526
dusseldorf_000209_000019,0.4562651502091143,0.05201358396116015,0.1002284844336509
zurich_000000_000019,0.44801076795795375,0.05879015858997845,0.12681933889720826
munster_000170_000019,0.4610314970231776,0.049762785027422644,0.05775732856824681
bremen_000274_000019,0.4558104543495086,0.0041308569379491815,0.07633467843088136
cologne_000129_000019,0.4393587211909137,0.046471926487854635,0.14079009047019256
jena_000105_000019,0.45633650417515986,0.060362824625023376,0.08176343654339112
frankfurt_000001_071288,0.46197855148402295,0.03844967109952884,0.04710976379916097
darmstadt_000019_000019,0.4539586239014013,0.029169374227275016,0.060217531069888336
monchengladbach_000000_015561,0.4494693111038053,0.027554854507953586,0.08404627432620064
bremen_000213_000019,0.4628370616029375,0.017787373419283783,0.028698209565586944
hamburg_000000_095561,0.4522406950523371,0.05223640864966621,0.1029492955780985
krefeld_000000_013766,0.45433786307167706,0.03393250522034493,0.07355522210306153
hanover_000000_041610,0.45795772076074376,0.05049106303302674,0.05170073251494095
monchengladbach_000000_010860,0.46246796660379846,0.029147628763755002,0.06345865874171133
strasbourg_000001_061472,0.450876544158194,0.030328006978621525,0.0776143580031059
strasbourg_000000_015506,0.4507311842073849,0.04087521359261137,0.07260891451479953
weimar_000038_000019,0.4555322236739318,0.054625513935441294,0.09459334687663691
weimar_000117_000019,0.4554604066671,0.04062439595000094,0.06755987022599111
jena_000063_000019,0.45713065677317766,0.018862789209067025,0.06410546705195203
munster_000067_000019,0.4623693103565486,0.020050030644318744,0.04591663158770794
strasbourg_000001_029178,0.44976491050617745,0.03349660876775426,0.07407151200295561
frankfurt_000000_013240,0.4533831601107974,0.045410408617963846,0.08301155129445247
bremen_000272_000019,0.455148939902078,0.047336807392275186,0.09536900302037284
monchengladbach_000000_030662,0.4566710848043537,0.030157605883383405,0.06922639157335858
munster_000024_000019,0.45874516234833224,0.03280859385677952,0.068623141771231
darmstadt_000052_000019,0.45784158925493157,0.04508159639194545,0.05965769692243418
darmstadt_000018_000019,0.45790531411949675,0.05721937405677522,0.09644239402968979
stuttgart_000139_000019,0.45015946107234883,0.009493668892948233,0.08894708019541632
ulm_000045_000019,0.46069767334321365,0.04460873638354611,0.059312424618238845
hamburg_000000_052904,0.4550265622153581,0.04721339009635775,0.07334216143611949
munster_000053_000019,0.4431391003699683,0.036630694942632006,0.1401547865846206
lindau_000030_000019,0.4633978143478087,0.02742039213664995,0.02787283012195726
aachen_000048_000019,0.45520441360468145,0.045346730140229045,0.08013850749370338
ulm_000038_000019,0.45114554228870996,0.06765633769775428,0.09286841875028919
hamburg_000000_053486,0.44668453082932336,0.033828053229948744,0.07399612013999507
hamburg_000000_048494,0.4532419331912663,0.025005882364495424,0.08083529286616009
stuttgart_000144_000019,0.4333443216075672,0.018738050032939935,0.18470426801524523
darmstadt_000082_000019,0.448220691146538,0.0631738475810203,0.09093377675755747
strasbourg_000000_021231,0.45491441085073386,0.052550692729853354,0.05918327983532415
dusseldorf_000013_000019,0.44906435948420986,0.02552830755513901,0.1157296798464576
bremen_000147_000019,0.4531051166533666,0.06116205888743255,0.06377611391090356
weimar_000139_000019,0.45821944455488917,0.02403959338207909,0.06502516983858958
strasbourg_000000_023854,0.44828283802780317,0.061222349352382605,0.13887946270201867
munster_000144_000019,0.4552839869371296,0.028057197914371314,0.041542178697465244
zurich_000009_000019,0.44601257565901936,0.04562907552989093,0.09306297236215619
strasbourg_000001_001901,0.45636562790311436,0.026187846755963452,0.055052538656085205
bochum_000000_004748,0.45598663831272956,0.028345948645666575,0.06812621429416672
strasbourg_000000_004112,0.4576842707989313,0.037310513802079455,0.04875180537307402
jena_000067_000019,0.45981361493004097,0.05199615288409848,0.06929781589459609
monchengladbach_000000_010505,0.4525849100586487,0.029094476379442426,0.08624554380598222
darmstadt_000054_000019,0.4576445150833086,0.031734042348574285,0.0477137266912462
strasbourg_000000_025351,0.456684931727435,0.046537076017449226,0.08678082724763986
dusseldorf_000161_000019,0.4595512872906175,0.04215975886857131,0.05706915559392253
tubingen_000075_000019,0.460303904990896,0.03580140221417346,0.046542830567499485
frankfurt_000001_011162,0.45240775167941155,0.05735367527566319,0.07302732879671886
jena_000102_000019,0.45503449753842934,0.061641238952510065,0.07258577668220914
frankfurt_000001_064925,0.4492267445922282,0.0027440344866096413,0.07744880357914626
stuttgart_000185_000019,0.4476706983810902,0.034903608910291074,0.10656105648724877
bremen_000226_000019,0.4613901471642338,0.02541499787074941,0.05728270213859218
bochum_000000_025833,0.46151091774432235,0.0414697476008038,0.0514595100282636
frankfurt_000001_011715,0.4500889603561777,0.038940335587139434,0.06480084275248739
monchengladbach_000000_009191,0.45134084742609115,0.022830769772984625,0.09437534011714534
aachen_000012_000019,0.45895521036970544,0.04085304334416241,0.07296345626523788
hamburg_000000_090742,0.455736333525757,0.0334412141260944,0.07837846100193588
hamburg_000000_019892,0.4540654265493482,0.0404071316582346,0.07644390597784233
strasbourg_000001_004745,0.4531620843012381,0.039017280255156245,0.07835260002035539
frankfurt_000000_017476,0.45764626656421864,0.04957616618480755,0.06837496473670131
jena_000046_000019,0.45671244501764807,0.031722295814273105,0.06524759936272632
aachen_000074_000019,0.4528757715614961,0.03318709978632081,0.1047231749161435
tubingen_000065_000019,0.46016427052671677,0.032437252711573335,0.0524891481637932
hamburg_000000_045908,0.4545806317337217,0.03792792781096642,0.08205339579057741
bremen_000179_000019,0.4595167084552744,0.031575303195563016,0.06608959543188718
bremen_000300_000019,0.4636447086848951,0.04431861338562358,0.044615693090404744
aachen_000096_000019,0.458411520300764,0.013633331220805487,0.036085557280660485
monchengladbach_000000_002972,0.4537311207723895,0.045918707941660176,0.07338992392798495
frankfurt_000001_023369,0.4615465683350989,0.03559841142033245,0.041915033524206176
stuttgart_000098_000019,0.4457599324860903,0.040782101010180136,0.15291612440102548
hanover_000000_023239,0.449483230611288,0.05801536889380887,0.1009794499318251
weimar_000127_000019,0.4615521359867061,0.04677525089946453,0.053784167633822176
bremen_000253_000019,0.44784977574252466,0.042635877318610446,0.1121446551682022
munster_000115_000019,0.4475922722212039,0.05098111664439434,0.14511958007609674
bremen_000035_000019,0.45159919395178294,0.03156288493087341,0.08467550756910613
hanover_000000_005732,0.45212122989207304,0.04510292807044798,0.07148252510195414
munster_000000_000019,0.454046357722835,0.05568582649727456,0.08238370645862288
hanover_000000_003853,0.44001200218493797,0.02649771851715551,0.1667805568616264
stuttgart_000155_000019,0.4581613370951956,0.026328103176305056,0.06197919784354939
bremen_000030_000019,0.44454047962938026,0.018375821054907062,0.11852234153018283
dusseldorf_000055_000019,0.4575326253086873,0.02918682797651751,0.07858865731390584
frankfurt_000001_083852,0.45436859446146455,0.04268216430622167,0.08105111664431207
munster_000101_000019,0.4616331417273264,0.031075532367343936,0.05511226856840839
munster_000050_000019,0.43813062525171304,0.029144262152666776,0.18252469126784135
aachen_000164_000019,0.45669086417970456,0.028621228025026958,0.06787779937462891
krefeld_000000_023698,0.4603449690460783,0.03197370207005434,0.04414287815915044
munster_000154_000019,0.45274811686478494,0.020595213008860313,0.08388415651480338
bremen_000184_000019,0.4332243739185213,0.021103698389824063,0.1997133572265867
dusseldorf_000051_000019,0.464055859039016,0.04399910307795691,0.036940155818253245
dusseldorf_000036_000019,0.4415084200458858,0.021136721797429838,0.1254774587646042
aachen_000070_000019,0.446874968758092,0.031040619254055494,0.13388280714847342
hanover_000000_051842,0.4557061476136184,0.0244722464142481,0.06322305436982949
weimar_000129_000019,0.46065610623727826,0.03848588127502481,0.08468317939455892
bochum_000000_011255,0.4506363519354825,0.018563131566990843,0.08458875469414998
strasbourg_000000_015131,0.44918708244698297,0.011132379595854598,0.08834752711279162
dusseldorf_000018_000019,0.4530173508220404,0.023656960270090795,0.09215035690570192
strasbourg_000001_022151,0.4559753120221292,0.03632058500630755,0.08581594276015111
hamburg_000000_025986,0.4590738492072877,0.05640197320535282,0.07841792363418477
bremen_000148_000019,0.45490405617384505,0.050221468983311784,0.08425399211659608
aachen_000021_000019,0.4486652705514359,0.0319475721224011,0.060425792445000986
hamburg_000000_097447,0.4606796911092835,0.04736186302110049,0.044577339320979334
dusseldorf_000110_000019,0.4575120032897534,0.005026981977024573,0.06852048989046378
aachen_000039_000019,0.44904003739615694,0.01406428495264726,0.10187998950191776
strasbourg_000001_058954,0.4569561506111751,0.04200553160883584,0.0751660631149958
erfurt_000105_000019,0.446821312090959,0.024396479284061846,0.11875888119960934
bremen_000089_000019,0.45232082137070795,0.04782130463275299,0.08867506075677002
darmstadt_000028_000019,0.45000564817550176,0.04431935021209718,0.09804619470085617
lindau_000003_000019,0.454906037764359,0.0522755833576379,0.08934662554103712
cologne_000121_000019,0.44936425775817057,0.05563874796442209,0.1108089019270766
weimar_000125_000019,0.46030684101028524,0.04118185764981923,0.06166983367414512
hamburg_000000_060586,0.45288932149131583,0.04900456249141484,0.10945514876302084
strasbourg_000000_027771,0.4570333579061311,0.052834850028493995,0.05706009402319535
hanover_000000_045841,0.4502774255921103,0.04764737211430329,0.06896400112516836
frankfurt_000001_016273,0.453063105183995,0.05524607473054395,0.09045538421365594
strasbourg_000001_030269,0.4585996908965867,0.0393216819040244,0.04528217522209805
cologne_000067_000019,0.4557548172316045,0.034504261145015765,0.08285820123976037
munster_000020_000019,0.4618590227788074,0.02922774209465679,0.047093788043727235
monchengladbach_000000_021104,0.45885040317828835,0.03333013544415777,0.06093481731370637
tubingen_000093_000019,0.46183778711484025,0.03959005281964212,0.036213115872967036
munster_000001_000019,0.46396201432674933,0.04175233116997674,0.050440052882893535
erfurt_000043_000019,0.4407278387943379,0.010964808615193111,0.15197988426847622
stuttgart_000178_000019,0.4506900461016097,0.05694476632883513,0.09975348087480447
stuttgart_000018_000019,0.4512488206447507,0.026838905992273315,0.09186728452361582
frankfurt_000001_004859,0.4580000421592371,0.044649268907206545,0.06229230320726361
krefeld_000000_017489,0.46429525410917,0.033021091838939066,0.03428301476982435
bochum_000000_035958,0.45766007465152264,0.030914270610557563,0.077913898480615
erfurt_000046_000019,0.45747234193667846,0.02030139220611695,0.054879040101763796
stuttgart_000087_000019,0.4509847543221817,0.05355643749040142,0.09560086087829217
strasbourg_000001_024152,0.4532806315553272,0.04060690889360294,0.10117162373725913
stuttgart_000171_000019,0.4517521644360698,0.047810058245798474,0.09585671332256802
stuttgart_000151_000019,0.449365259144537,0.01597500816795502,0.10210679046422741
krefeld_000000_020624,0.46166932326831667,0.0233848917118875,0.051642547019215765
aachen_000138_000019,0.45156125007777587,0.03508614854121324,0.10800249949263752
hanover_000000_049465,0.4511366616544701,0.04135689847890374,0.08346374059206409
dusseldorf_000187_000019,0.4450501203070919,0.021633951980429618,0.13039974784988284
frankfurt_000001_049698,0.4550314134476371,0.05009043566802297,0.07808688692936379
strasbourg_000001_064393,0.4556274817247358,0.03872891252237392,0.08619987061081152
stuttgart_000169_000019,0.4401939980520541,0.05365512482409262,0.14686307057396292
bremen_000162_000019,0.4615720958797613,0.03876245297908789,0.0214449205102517
bremen_000183_000019,0.45448625782456126,0.03866113498222177,0.09231480543060684
aachen_000054_000019,0.45464519070487475,0.03703627944022333,0.10617583107324384
hanover_000000_001173,0.45461575214695304,0.01627650379040188,0.04783422275569289
erfurt_000069_000019,0.4541347659600986,0.028986316327868317,0.07942278189350924
munster_000072_000019,0.46324197699518654,0.015811432918171116,0.05496413965770476
darmstadt_000073_000019,0.46357579698354145,0.029616695346736926,0.018437769007718822
aachen_000017_000019,0.4462084107394036,0.022215410856842754,0.092508431109059
cologne_000138_000019,0.45114088550463466,0.027961023517878904,0.11241291394560064
weimar_000119_000019,0.45756664682778553,0.0273306133093305,0.07554565166679816
lindau_000057_000019,0.4470121650350704,0.03633162354463902,0.10286544588195992
hanover_000000_051536,0.45471256751337186,0.06274497673927587,0.09063313328235985
strasbourg_000001_009618,0.45575756239838616,0.03287055827280769,0.06984148992378775
weimar_000063_000019,0.4503640124474564,0.014663421939932461,0.07522219111341284
ulm_000079_000019,0.4602479674187811,0.04401778035130374,0.03215436873977218
stuttgart_000146_000019,0.43459599891158535,0.01685221069205301,0.1722536075090772
krefeld_000000_017342,0.4577258599280829,0.01532294924615366,0.054285811858632564
strasbourg_000001_003489,0.4556617073150581,0.018137432830885983,0.04973396938592754
hamburg_000000_068916,0.45747515353024043,0.05164917732250186,0.08020503110089493
stuttgart_000091_000019,0.4598853412896057,0.04840741303841845,0.058556594546853115
bremen_000290_000019,0.45002321365633907,0.056665632028387855,0.10860875896237028
monchengladbach_000000_027628,0.44684638379710734,0.02998414489798372,0.1079618479076626
cologne_000110_000019,0.45754916997627765,0.05484979921851852,0.07270680390854158
frankfurt_000001_073088,0.44922093452538325,0.04020013445317992,0.11146852471136236
jena_000109_000019,0.45043990345242185,0.023368373176306065,0.09668292474074573
tubingen_000134_000019,0.4661680565054313,0.03804568672288794,0.030834088021398014
strasbourg_000001_039446,0.4535399699139551,0.04171815633763474,0.10247428984553046
frankfurt_000001_047552,0.45577126004749163,0.03139575616723844,0.058374157580164523
lindau_000031_000019,0.4619415394740086,0.023873827146764347,0.03536720855946311
hamburg_000000_087216,0.4594971387872236,0.05544310226320398,0.0641968750555207
monchengladbach_000000_019142,0.45503593262333,0.03522689882272648,0.06352553754951473
darmstadt_000002_000019,0.4531818548919341,0.048326134486677205,0.10124000272034814
frankfurt_000000_022254,0.45575823309477814,0.045993838114699565,0.09141419357103364
hanover_000000_014537,0.453387571334354,0.019042322915363702,0.0873262143240829
frankfurt_000000_005543,0.45748056979511537,0.057814122774542835,0.06608960513769913
ulm_000044_000019,0.4633464786798733,0.037131731477858504,0.044352589078900224
hamburg_000000_039546,0.45139585054350545,0.05947481575903621,0.09670538358737116
lindau_000056_000019,0.46522094589978685,0.043408075712773296,0.03129256241095752
bochum_000000_023174,0.46375806039403933,0.03331491777850489,0.03739678721720548
strasbourg_000001_007864,0.4550189729536529,0.019803572629594222,0.08066868494790463
aachen_000005_000019,0.4566755497062501,0.031233964424236628,0.07143225467530705
strasbourg_000001_061285,0.4520478495150549,0.034279508082837,0.09273802855505886
hanover_000000_031856,0.4555445397491306,0.03984502509123223,0.07428027114188084
hanover_000000_027561,0.4567224454151609,0.048099917834339916,0.059459862306289114
stuttgart_000121_000019,0.4569409291587153,0.03162345853166372,0.07612179224972551
strasbourg_000001_016681,0.4569951808397448,0.05706363515666468,0.06721782366596601
tubingen_000120_000019,0.45553581135074495,0.053485565795347585,0.10507039658827703
monchengladbach_000000_003442,0.46104472035060506,0.03874875639243515,0.06122590757103129
cologne_000004_000019,0.45814906217612894,0.017674543752553708,0.03102633576978009
strasbourg_000001_015974,0.4520816256697011,0.02393514200867434,0.09025373253932921
dusseldorf_000193_000019,0.4449841341578329,0.0461555035614445,0.15766710659876565
lindau_000053_000019,0.4628850306147105,0.042970717587035946,0.03841442136041515
krefeld_000000_017042,0.46145648505626996,0.0459368644794155,0.056712766031173596
tubingen_000069_000019,0.45676890054905167,0.03145866894802583,0.07906952237570146
erfurt_000005_000019,0.46210208514963724,0.057038768122396534,0.05352160431045057
stuttgart_000063_000019,0.4588547454942776,0.041090435064704646,0.05320184731469697
darmstadt_000047_000019,0.453347971073262,0.03343588050136015,0.08886947360454336
munster_000007_000019,0.4589110450047588,0.04399720296235228,0.07581888169486653
munster_000165_000019,0.45993475579620696,0.0544287028042825,0.04082894195072019
bremen_000280_000019,0.45520348806311806,0.03352840609291204,0.06561852355673913
cologne_000055_000019,0.44771134673816,0.02992725679413366,0.10616774245421862
zurich_000030_000019,0.45420759657892656,0.03929951048806803,0.08127747748878703
dusseldorf_000131_000019,0.45959153493298815,0.05103248387442671,0.06214207234443875
munster_000133_000019,0.4634844817613943,0.04314463090293249,0.025720211912835033
stuttgart_000089_000019,0.4549118102256234,0.026905349977738174,0.07969999780859677
monchengladbach_000000_026602,0.45967404205410617,0.03916681179548345,0.03784004873955737
frankfurt_000000_005898,0.45687415124119063,0.049883614932860684,0.07020676555678287
erfurt_000075_000019,0.4424197195383408,0.029987171198549892,0.13474221408609413
strasbourg_000000_030122,0.44503972404413533,0.03129929878771138,0.11334094633591701
hamburg_000000_045437,0.45797788435333575,0.032979402336929316,0.07718125592718889
darmstadt_000031_000019,0.44545568449572154,0.05431516751567366,0.10891961947588082
hamburg_000000_052122,0.45039980042935346,0.04678952696439844,0.09725059388427987
tubingen_000112_000019,0.4601506793504735,0.02936846503529614,0.047755089258271155
cologne_000051_000019,0.4559162310547202,0.012980902828468472,0.06181018883659394
dusseldorf_000082_000019,0.45659251671671247,0.04779014657711645,0.054944539161419524
zurich_000120_000019,0.4614342449132509,0.04423499331409583,0.05283082430378485
weimar_000013_000019,0.46565995950220856,0.04796179055609277,0.04889916769815608
hamburg_000000_005639,0.4594168122249326,0.05728351919902647,0.07898545727770181
cologne_000073_000019,0.4440568489713567,0.016323622936632545,0.11891736940451277
hamburg_000000_102574,0.4478033200607191,0.06806019935385747,0.14729660542418754
erfurt_000035_000019,0.45959156238851046,0.03892204207413017,0.05040572331781957
dusseldorf_000151_000019,0.45425662738987393,0.031230377408106285,0.09735515603510402
munster_000028_000019,0.4564902897544324,0.02283319242363616,0.0748696543596039
strasbourg_000001_031976,0.4592409528526884,0.06164910794812519,0.05994951032687335
bochum_000000_016758,0.45670872957313746,0.017101572036268935,0.0616297590591449
hamburg_000000_083696,0.4587119772740256,0.05155955563310134,0.07696629540714425
tubingen_000009_000019,0.45761744534802545,0.035105604885257824,0.0877417504274785
ulm_000050_000019,0.4408043387480679,0.02730294020479402,0.15433418107696587
bremen_000039_000019,0.45398294035667486,0.026938347978134214,0.07848254459000348
hanover_000000_027998,0.4559677280807536,0.061896526532383686,0.10916960759287703
munster_000059_000019,0.45557780800858455,0.03931340573346203,0.0969443081438886
darmstadt_000014_000019,0.46327137255181594,0.03358793658286556,0.0542139707264047
krefeld_000000_000108,0.4607958037129007,0.03935637914146775,0.0355124858974857
darmstadt_000000_000019,0.4494750962484502,0.01479293573240344,0.0835266013618522
erfurt_000079_000019,0.4621936375297674,0.05246981915339289,0.03152280126319658
strasbourg_000001_051934,0.4492145965516674,0.03341681667829816,0.08529478889263892
zurich_000088_000019,0.44877068600338843,0.04581779422424076,0.11841688994743649
ulm_000042_000019,0.4593413851300475,0.04273864532104918,0.055398186606030096
strasbourg_000001_014033,0.4584656809038126,0.04852569134433181,0.06349259428527496
frankfurt_000001_051807,0.45068767527596837,0.025927444798238154,0.09339760588178522
strasbourg_000001_022836,0.455242852360564,0.030262895871657466,0.09146994281946161
hanover_000000_029043,0.4583007072660213,0.036162218945549655,0.0849832339419017
hanover_000000_007897,0.4531766422960893,0.025427131876875834,0.0903671837449347
strasbourg_000001_039114,0.4578188077093009,0.04482562024215179,0.06473939200122084
aachen_000119_000019,0.4516883316398764,0.02121598183920331,0.08614315460229165
stuttgart_000118_000019,0.44488051247772187,0.04635979535830032,0.11749278282322645
dusseldorf_000164_000019,0.4475727240247629,0.04133675920442446,0.12695604544436656
hamburg_000000_062964,0.4519320817850651,0.049145961768189805,0.07563759514903513
weimar_000115_000019,0.4386726246264768,0.036890958282123285,0.1193361598918915
jena_000106_000019,0.4569470701054389,0.04929740566417771,0.09051519501832976
bremen_000224_000019,0.44686229694186685,0.0171950208905272,0.10305638015679099
bremen_000244_000019,0.4519125519999449,0.02316051981769015,0.0813312428853629
darmstadt_000076_000019,0.45633853818578113,0.025808582497901977,0.06321612021827704
aachen_000099_000019,0.448134233495639,0.015978302073376877,0.10654288542190607
bremen_000247_000019,0.4487638267875448,0.01791676318245984,0.10426488683076907
hanover_000000_046572,0.44987721107410233,0.03931713781866189,0.09153479433750861
hamburg_000000_037036,0.44556308845542814,0.042706597217956006,0.14479545769597588
cologne_000151_000019,0.4640351374434191,0.03847457168153071,0.04963780223212541
bremen_000313_000019,0.447454836534485,0.020743237301255452,0.12404369929569979
zurich_000042_000019,0.45039103633321725,0.023976208892331423,0.07157382179138812
strasbourg_000001_019698,0.4562306092417976,0.03835981054694153,0.050931192412914175
jena_000062_000019,0.4604939896867774,0.02445088158345135,0.04498672961204018
aachen_000028_000019,0.4598012837245685,0.023801546974632642,0.07017854458367451
erfurt_000000_000019,0.45970021885959433,0.052095753813542686,0.04639385566775526
stuttgart_000070_000019,0.45806432759474375,0.034038414163287074,0.07927989530503866
bremen_000198_000019,0.45660741660588133,0.0534450964356593,0.07865340506467115
krefeld_000000_027954,0.4563425752906845,0.01542908814340588,0.05750132947316878
aachen_000171_000019,0.45974662390978377,0.035716260039019405,0.07494762513388453
zurich_000044_000019,0.460272018913901,0.03434397905951728,0.05318072756953624
stuttgart_000060_000019,0.461813369078316,0.047002096456477675,0.04338349716643628
stuttgart_000020_000019,0.4495543562947954,0.0434891955389234,0.0931648618832282
tubingen_000106_000019,0.4634575445735134,0.02987451653838291,0.03687083247279895
strasbourg_000001_057129,0.4521650890899358,0.03528045570717541,0.0554010461552517
bremen_000229_000019,0.4514331983500893,0.029565038589855114,0.08469871484720493
munster_000137_000019,0.46105685484550757,0.03192465785206918,0.050692677307676584
munster_000036_000019,0.45512424044444194,0.04833712793024963,0.08121550796604926
frankfurt_000001_034816,0.45395991873719754,0.05995614365987592,0.08431698949552378
zurich_000003_000019,0.4520144600119436,0.04623244127462721,0.09541664954834624
bremen_000092_000019,0.45439299717390963,0.069471190454877,0.08218646324514522
dusseldorf_000120_000019,0.4532462376989098,0.05107071104209616,0.091208932679397
tubingen_000002_000019,0.4648391091473705,0.033734462044250554,0.047002228807969317
dusseldorf_000194_000019,0.45726713797211327,0.029968671038638182,0.06002003455468443
frankfurt_000001_046272,0.4584635851750893,0.041861445499557136,0.04688489726424024
darmstadt_000035_000019,0.43798298815362696,0.03949028221684497,0.1711895398783291
erfurt_000051_000019,0.46077478478229794,0.038499836893309346,0.05271229249484074
strasbourg_000001_008771,0.4506162957425357,0.029034317783547193,0.06400639818352064
ulm_000057_000019,0.4518511244266445,0.03475331417361458,0.10857613323261392
krefeld_000000_004608,0.4512721018328784,0.04210585160647016,0.09092665707576196
ulm_000033_000019,0.46373175168969716,0.040149018479938965,0.05747377678557861
munster_000159_000019,0.45257025573825604,0.0544760833923043,0.09570752152185177
frankfurt_000001_038418,0.45824172009692904,0.05075180764298278,0.07676170079018865
strasbourg_000000_032346,0.4524773785463773,0.03698474618014891,0.10869406172399164
munster_000148_000019,0.4585130982632499,0.01784990419168723,0.05169441800818268
bremen_000016_000019,0.4519093708787547,0.019381223298756092,0.10343244513582532
zurich_000075_000019,0.4434257981465531,0.014847290127319591,0.131799389673905
munster_000048_000019,0.45536734549960783,0.0472015525102607,0.07519650144717999
hanover_000000_031144,0.45031761940130777,0.03855342593345293,0.10338399400312225
frankfurt_000000_014480,0.4517620307996391,0.033296251958683305,0.10745720522760913
erfurt_000063_000019,0.4399776351625992,0.0192498732387816,0.1602912268013591
strasbourg_000001_005876,0.45073123106959123,0.004322841590592354,0.07846677980060916
munster_000105_000019,0.45012536861348196,0.04845286817151825,0.10426006677527762
strasbourg_000001_010755,0.4573879925739228,0.0483942862618393,0.0713102855038584
dusseldorf_000208_000019,0.4479990113821708,0.03661586573181508,0.1390254872668937
lindau_000042_000019,0.46261658576474357,0.03937719534138378,0.05990542756479658
frankfurt_000001_079206,0.4533923246721513,0.060140508756644624,0.08180269960945931
ulm_000040_000019,0.45478850489316636,0.04873510422991024,0.09259797079869536
hanover_000000_002458,0.4593194701508986,0.05351360622938774,0.0727186287675146
monchengladbach_000000_020303,0.4595735830871672,0.040781090094760684,0.04957491461044444
stuttgart_000015_000019,0.4548792176997897,0.0628367088559075,0.08451920071282597
weimar_000092_000019,0.45627887050837757,0.02940483624788685,0.08390589174940666
frankfurt_000001_005410,0.45907855302774786,0.04917548552037803,0.06518995368976015
strasbourg_000001_031683,0.4559693938233683,0.047310740998431286,0.05289477826040441
bremen_000130_000019,0.45852556521601984,0.057223412714441514,0.06570660419295243
dusseldorf_000040_000019,0.45823751623907866,0.05701534281826032,0.06250410914533709
bremen_000006_000019,0.4486314048513926,0.027863818696448984,0.09162882362999862
strasbourg_000001_058105,0.46004104738192586,0.031319886009455726,0.033424428365112765
strasbourg_000001_035276,0.4584693159883215,0.05003008971652795,0.043363164028769115
frankfurt_000000_011074,0.4550539961038535,0.042218903660552164,0.04881834190533512
tubingen_000055_000019,0.45912465895386934,0.04018286289672616,0.04780100936012511
bremen_000128_000019,0.46164343839709127,0.049175864489309065,0.05528412483808221
dusseldorf_000083_000019,0.444543449410099,0.039539365454220154,0.1231642679804112
hamburg_000000_006322,0.4587637424774224,0.04782239603632412,0.07923416338311984
cologne_000087_000019,0.4504019897860258,0.01303499214172355,0.09817921703891645
krefeld_000000_001908,0.4604267242996364,0.023970871412176343,0.05256096902003454
aachen_000112_000019,0.4527403783134332,0.02600998632698369,0.07178793667036494
strasbourg_000001_023515,0.44926289607875314,0.03144160908676863,0.1230629011058053
tubingen_000026_000019,0.4600209573835905,0.04102595225693379,0.03884216641209795
dusseldorf_000086_000019,0.45178069968777845,0.0208610643722188,0.08807569456553731
frankfurt_000001_064130,0.45530806810737545,0.06191536024888687,0.07441822062043069
bochum_000000_034936,0.4501061369750121,0.02993347935595555,0.11259263233738132
frankfurt_000001_043395,0.4526587379690709,0.05846783384743328,0.09285252024355899
ulm_000085_000019,0.46254724056384267,0.038852943087780034,0.04591586578010773
zurich_000012_000019,0.4590114755779467,0.03929788386499521,0.06256423329103332
cologne_000033_000019,0.4391156667212302,0.022789810746074526,0.1597553008986022
dusseldorf_000061_000019,0.4613001048850457,0.02681491604550182,0.05115871973852158
frankfurt_000001_032711,0.4522804450657439,0.02541890637249996,0.08097464470454027
aachen_000004_000019,0.44474903709735053,0.033373881629100495,0.13758102562856842
frankfurt_000001_027325,0.45147882597167216,0.045149585735142786,0.07641727194676753
jena_000081_000019,0.4532470553686062,0.03579554959260493,0.09584647022584894
strasbourg_000001_024379,0.4577249161215416,0.032977553944119185,0.07736976415162991
strasbourg_000000_010816,0.4583473732398584,0.054994245686100805,0.05797169627151513
hamburg_000000_104857,0.45720359856825854,0.035240234585420804,0.0620189356026759
bochum_000000_036606,0.45250151692221885,0.0522324877230477,0.10083164907154636
munster_000047_000019,0.46466077486417817,0.044393980607242756,0.040261672391237395
aachen_000058_000019,0.4619165935982748,0.0405542882166302,0.06210031499663077
frankfurt_000001_073911,0.4554215836046344,0.03703884371527282,0.06019622086655838
aachen_000001_000019,0.4452510709439585,0.051621940683511607,0.13030820155879366
strasbourg_000000_018616,0.45960684344767966,0.017764467101511597,0.04522819124645319
tubingen_000044_000019,0.4649197297301955,0.04797535102494907,0.031743938702759815
zurich_000098_000019,0.46184979221959377,0.021810863880182055,0.04383754834876103
weimar_000075_000019,0.45401122232885693,0.02778805798340455,0.07846466845221117
jena_000021_000019,0.4614218846889161,0.030621685097710724,0.02516032141382388
hanover_000000_025437,0.4490348239223745,0.0507106271419351,0.1234515644317517
bremen_000071_000019,0.4502525095192147,0.027830452441208617,0.11486865041935912
hamburg_000000_028439,0.45529327885489346,0.044605035843575724,0.08783847020224475
zurich_000022_000019,0.4566800468874664,0.036446547694496824,0.06578245622339453
frankfurt_000000_006589,0.46112439256124194,0.042873315235554814,0.04267516838245923
cologne_000056_000019,0.44579419784817775,0.026429245834891275,0.09024037139707665
frankfurt_000001_054077,0.46315103970644267,0.01971954981899165,0.03441648074392674
hanover_000000_008017,0.4521891133571624,0.01688676749533426,0.09212290266210066
bremen_000109_000019,0.4602471913120035,0.050722498576498215,0.06598748907219978
bremen_000017_000019,0.45297396874800683,0.036566025721713226,0.060294386457688594
ulm_000061_000019,0.4588773007241713,0.02995186655983799,0.08271336529479215
stuttgart_000019_000019,0.45234305513675327,0.03921405072599452,0.1014030823702879
zurich_000121_000019,0.45041348214512644,0.027530657084902672,0.09479180153219106
munster_000147_000019,0.45785810410775407,0.022597414284046796,0.046056903380736994
dusseldorf_000064_000019,0.45766588056029367,0.0359690238831456,0.06885144640003642
cologne_000089_000019,0.4514238147261456,0.0302077053930763,0.1097413236749304
tubingen_000117_000019,0.46263089684137765,0.04683472980900228,0.05082432192377705
stuttgart_000101_000019,0.45728323281980127,0.01468829577443383,0.04420727736506675
bremen_000175_000019,0.44780231239610857,0.02757376277230858,0.12360875275844206
dusseldorf_000100_000019,0.4510477309852374,0.03755134323741362,0.12117067901339812
strasbourg_000001_026606,0.45316762073394096,0.03762125408141747,0.07903359144574683
tubingen_000067_000019,0.45513525590853476,0.008720223901305908,0.03465138351834836
krefeld_000000_015687,0.45906766302920826,0.04037548899355639,0.06167627075812955
hamburg_000000_066424,0.4580117366091761,0.022765827485386934,0.04781478548152351
aachen_000143_000019,0.45729396109504905,0.05237338853291846,0.09103989004211784
hamburg_000000_047108,0.4456611480568016,0.02102483073540359,0.052768172064138974
hamburg_000000_038446,0.4517446194202546,0.04636366892949853,0.059151515454805514
strasbourg_000000_016436,0.45875238583885847,0.051046772612125084,0.05973466854381651
strasbourg_000001_054639,0.45487916209027396,0.03991336416367837,0.05866124831932449
strasbourg_000000_029179,0.4530064918623527,0.024538655011754684,0.05504440121929707
munster_000103_000019,0.45374953032667353,0.050410156919490315,0.07861947283400857
aachen_000034_000019,0.4530784402874876,0.009799814223411899,0.08857651920502928
tubingen_000030_000019,0.4579243696349638,0.04612158013239161,0.0815055452914331
bremen_000149_000019,0.4541594853410422,0.058101232256544205,0.0987086445365903
dusseldorf_000084_000019,0.4491438790468348,0.034390035612368565,0.09361537957650153
hamburg_000000_062710,0.46007492545029216,0.054172472699206387,0.06693692736044662
hanover_000000_020089,0.46191543469958807,0.050695905106173854,0.0511976108414208
tubingen_000132_000019,0.4619033257116828,0.03578383158726353,0.04798265260123875
frankfurt_000001_034047,0.449578313394021,0.03843061926862974,0.08501947638517168
bremen_000279_000019,0.4574687354416566,0.03251876753872172,0.08700962442855806
frankfurt_000000_009561,0.4421818994084966,0.0566374765419826,0.09935954042075121
zurich_000099_000019,0.4513170934554901,0.033044148194625984,0.081262065876202
erfurt_000064_000019,0.45024546862823184,0.0029421488148383343,0.04861815086065211
tubingen_000128_000019,0.45479755930708166,0.04196893835598662,0.06268119603138142
stuttgart_000096_000019,0.4447726935048626,0.0008581542487521117,0.11203241167061259
krefeld_000000_011655,0.45139644159159004,0.025356015328285464,0.0861359101511422
stuttgart_000067_000019,0.46104102987102935,0.03168014520171985,0.06458578483618765
zurich_000066_000019,0.44740963902564007,0.013172530883077675,0.09530630003352349
weimar_000094_000019,0.4457709028317217,0.01309046164849804,0.1383750195628963
stuttgart_000008_000019,0.4578295385012233,0.04930580645928602,0.0786227684109471
cologne_000115_000019,0.46489137471575964,0.030373424910497243,0.05260291258842907
strasbourg_000001_017469,0.45987038343686437,0.04117117526500462,0.04603548270079684
bremen_000099_000019,0.4572385609595541,0.04040359310009859,0.08177127059329424
erfurt_000082_000019,0.4572130889874941,0.02906119828669795,0.03800178749992673
dusseldorf_000063_000019,0.45946015279876434,0.009086358346465534,0.05535396309121757
hamburg_000000_077144,0.45647559127792936,0.02815071328765813,0.06774568853095647
strasbourg_000000_016024,0.4563689964615474,0.027617990720490274,0.03696978179399142
aachen_000033_000019,0.44200008331126867,0.05145084935039372,0.14353843845830278
cologne_000140_000019,0.4532521023768561,0.03025793319617457,0.09275020191910098
darmstadt_000066_000019,0.4606303638875704,0.028414848946046824,0.0406538714567337
weimar_000073_000019,0.447633327576467,0.03748922858209523,0.12299665839585704
weimar_000060_000019,0.4486527196637845,0.03499339566523311,0.09959716905188934
dusseldorf_000022_000019,0.4578504986933417,0.03903220461988693,0.09142291022977334
bremen_000135_000019,0.4482322380280056,0.0517071529706466,0.1126963262703089
frankfurt_000001_077233,0.4490718932995898,0.01919097554190089,0.10831884741416645
jena_000052_000019,0.4611862965999425,0.03587901867726196,0.0632384983061192
strasbourg_000001_006562,0.4498339122722453,0.014849322000736681,0.08057252760649755
aachen_000016_000019,0.45338812961799485,0.04110212815725832,0.0760183574667472
erfurt_000091_000019,0.4615789712643404,0.04241548430371017,0.03911105001612966
munster_000111_000019,0.4468957000045736,0.05324049270984933,0.16044776740635638
bremen_000043_000019,0.4525025365089289,0.019878409065408935,0.06834933462202292
hamburg_000000_022524,0.45138963802083826,0.0695871616604741,0.08386494257425775
tubingen_000110_000019,0.4613618396850432,0.03833175620323018,0.050886047944865384
zurich_000067_000019,0.4429731486940741,0.01669744210402397,0.1187796750388273
bremen_000054_000019,0.4565503531968717,0.03958591429647762,0.0498581539462691
bremen_000308_000019,0.4532708641446873,0.048674829000361276,0.09147370086829139
weimar_000091_000019,0.45532209569733906,0.04176592631521093,0.07302627744304764
frankfurt_000001_049209,0.4535220461860915,0.037004321912410786,0.11366517523290641
bremen_000140_000019,0.45583527501909404,0.05815621445225566,0.10164761297114122
strasbourg_000000_004951,0.4541509020406821,0.04658195225191271,0.05730024374126261
hamburg_000000_099368,0.45718260524110527,0.02775756466775213,0.05121095118123991
darmstadt_000038_000019,0.43869037046249393,0.03214601608231489,0.16217250314199885
hanover_000000_046732,0.4527905903922382,0.01672717404685586,0.06768793228678505
tubingen_000077_000019,0.44579837934205496,0.02974357904028707,0.11099480443340462
stuttgart_000130_000019,0.45117985842761416,0.0014547550153080925,0.06825976682831293
tubingen_000098_000019,0.46330418303316356,0.03583576343657634,0.040086058100440095
bremen_000176_000019,0.44635041486123145,0.048303552414421254,0.13705378188798545
weimar_000024_000019,0.4600271711177663,0.01986056720247084,0.0670891020090043
strasbourg_000001_040564,0.4515705442993774,0.05494036510792846,0.07830103563576042
munster_000021_000019,0.4638169510384381,0.03336929182470838,0.04710682006508143
tubingen_000139_000019,0.4567567947744823,0.04440819781981076,0.08444303656613271
aachen_000064_000019,0.4494416826668569,0.025491978656176056,0.0985313735996365
dusseldorf_000095_000019,0.45594888948079054,0.04865212084770362,0.0721925594247203
jena_000044_000019,0.45758981370527807,0.019799361864026813,0.0506558948408949
zurich_000079_000019,0.4632526915509872,0.025141475434324354,0.04599340109979434
zurich_000040_000019,0.4429338179178727,0.0687941070921781,0.14566647682748401
dusseldorf_000201_000019,0.45669076529122027,0.018120759411505896,0.09399570062615384
strasbourg_000001_008310,0.45501955090950386,0.01232912469884827,0.06298640989445303
strasbourg_000001_002216,0.4565925033504136,0.021265262179489396,0.029244035299365836
strasbourg_000001_009795,0.4561821276908092,0.049226537282474926,0.06389352041042133
tubingen_000003_000019,0.459302860500148,0.04344949677030079,0.07807007948615614
stuttgart_000025_000019,0.4463901549575631,0.00693865343794745,0.09668653628039219
frankfurt_000001_057181,0.44810531591636854,0.023042189664557483,0.09468672064582245
tubingen_000081_000019,0.4559433877264248,0.030262237412636846,0.06780532771627465
zurich_000116_000019,0.4578719568231384,0.0460368441820641,0.06300166094606072
tubingen_000142_000019,0.45489018323306263,0.045601071419048324,0.06627481587837539
bochum_000000_030913,0.45584204230244646,0.04828567489450419,0.051995062281155524
ulm_000059_000019,0.4551549164352563,0.030508014419122605,0.07617064542036253
frankfurt_000001_044525,0.4499880268369225,0.06010584839745266,0.09937207311721577
hanover_000000_018800,0.459342923975262,0.031204370683077166,0.08268620441313461
bochum_000000_031922,0.46057643483254374,0.038582759531263174,0.05434291851543084
hanover_000000_051059,0.4578001184147992,0.04171911026514363,0.08107431561603543
strasbourg_000000_014416,0.45465370258743004,0.024480526430804107,0.061322696565156605
bremen_000220_000019,0.4503186325473983,0.041970584693689764,0.09383686911965358
krefeld_000000_008584,0.4610454428263774,0.035352040276282144,0.05321603835672609
stuttgart_000031_000019,0.45368191592280926,0.04417593118761919,0.097044900586721
cologne_000050_000019,0.46387846044103326,0.024038168597956724,0.03753154645922519
cologne_000149_000019,0.4621021000891706,0.04943632315324365,0.06472250353243197
hanover_000000_038855,0.44893435295554635,0.037872738491433605,0.1011532486522154
jena_000093_000019,0.4622638826654143,0.030978406189878165,0.045457431612218144
aachen_000089_000019,0.4606988806691514,0.029969568400471266,0.05477350580967674
aachen_000157_000019,0.4634350425905417,0.03728999795771476,0.03620693078925361
hamburg_000000_025802,0.45590633795634394,0.05448562486254791,0.11054184644736627
dusseldorf_000028_000019,0.4453093801448343,0.02716790317969956,0.14097614096525343
stuttgart_000157_000019,0.4502101164795125,0.020907228390291566,0.12050419329108462
hamburg_000000_007737,0.45645650658477926,0.04726372916553397,0.07484331250426601
krefeld_000000_003707,0.45831379823894164,0.030802527211826178,0.04682074242080014
munster_000113_000019,0.4503880196205154,0.03377637190952737,0.12128502791784432
stuttgart_000006_000019,0.4533073270089801,0.032594532711447494,0.0915951416076464
aachen_000166_000019,0.45998708332757815,0.014041558952468513,0.049050451242197673
zurich_000104_000019,0.4598954026027642,0.047376718182680015,0.0592060654670108
weimar_000088_000019,0.452766670449565,0.014868222687770952,0.06755402400968795
cologne_000102_000019,0.4358693400941869,0.020483593644193613,0.15099059527868824
hanover_000000_022645,0.4536229402222425,0.05802877553086919,0.07249356335678842
frankfurt_000000_003025,0.4535368572976347,0.05018485614400822,0.07199535026236484
strasbourg_000000_028912,0.4533542986551979,0.023726644010547738,0.05373140549733598
zurich_000007_000019,0.4587661299467905,0.03816463394743836,0.06084895883295289
frankfurt_000001_012870,0.4478891469597635,0.042058535847433236,0.09645975962621933
bochum_000000_008162,0.454109125839572,0.053833682046930884,0.10085322157556027
bremen_000240_000019,0.45006781317954003,0.02665693624556522,0.10258615153780246
jena_000114_000019,0.46319501271412195,0.03670178563541686,0.04175880232760857
jena_000025_000019,0.44739816870487453,0.04421195005768599,0.13819921889780323
jena_000084_000019,0.4530385366425426,0.01586657105024745,0.06628391741826582
weimar_000043_000019,0.4622983972044176,0.03261783123105546,0.03591370349182827
weimar_000093_000019,0.4521670916671713,0.018982467080253203,0.09532687659912023
zurich_000037_000019,0.45533324071986986,0.05378886217776061,0.0724067013660895
weimar_000056_000019,0.4584446053586508,0.0521388391082705,0.052349067548694575
dusseldorf_000114_000019,0.460696239743578,0.04343102714837907,0.05333543467929568
bremen_000003_000019,0.453832993458916,0.021149382307783866,0.08596291596622035
stuttgart_000120_000019,0.46378027063062743,0.034105246328833244,0.06525351175528823
munster_000051_000019,0.4584718966731617,0.03422403955519989,0.07637485641241495
weimar_000114_000019,0.450700179816576,0.025965388430479495,0.08650603181231956
frankfurt_000001_048654,0.4523639914578679,0.041040936921668596,0.09753640088685082
erfurt_000004_000019,0.46276756001686387,0.03902102604209029,0.033232703037964786
dusseldorf_000199_000019,0.45266910498799223,0.02276185625611806,0.06744106558278924
weimar_000036_000019,0.44535506474325515,0.02112227105322279,0.1381606614583632
erfurt_000020_000019,0.4502062537729622,0.038304432958602204,0.12085513287829612
frankfurt_000001_058504,0.4556100178494125,0.026904122339528283,0.0655082416232856
hanover_000000_014919,0.46069793359863703,0.04134846240132904,0.0626131949659596
bremen_000123_000019,0.4554657414070047,0.03329255464922127,0.052926366796252865
hamburg_000000_056508,0.4513440727659809,0.05604512728082622,0.09607253792150036
zurich_000004_000019,0.4509559435922719,0.01952948660926008,0.08099729314238763
bremen_000297_000019,0.45776858948085025,0.03681385677550301,0.06705447843732888
bremen_000124_000019,0.4527321658425562,0.029741549530751657,0.08804513103150853
frankfurt_000001_007973,0.4548241620861566,0.05133666232449234,0.0703773402819362
