,moran,entropy,eds
ADE_val_00000001,0.48384667855072994,0.030784246011706918,0.019789437392912803
ADE_val_00000002,0.47583772719565887,0.05601033140026393,0.07919948361920957
ADE_val_00000003,0.4695782521017986,0.054441296144901404,0.06847067806443158
ADE_val_00000004,0.48287996000323125,0.045535401506091484,0.03708711218594753
