uq_map_name,dataset_name,noise_level,mean,above_threshold_mean_0.3,above_threshold_mean_0.5,above_threshold_mean_0.7,above_threshold_mean_0.9,above_threshold_mean_0.95,above_quantile_mean_0.3,above_quantile_mean_0.5,above_quantile_mean_0.7,above_quantile_mean_0.9,above_quantile_mean_fg_ratio,patch_aggregation_10,patch_aggregation_20,patch_aggregation_40,patch_aggregation_80,patch_aggregation_100,"class_mean_w_equal_weights_configurable_{'include_background': False, 'ignore_index': 255}","class_mean_weighted_by_occurrence_configurable_{'include_background': False, 'ignore_index': 255}",gmm_normalized_score
06068,joint_noise_gta_semantic_cityscapes_dropout_pu_0_00,0_00,0.16482832987337684,0.6811066681565766,0.8182626800841375,0.8462017660703242,0.9373051283647231,0.9602864557090091,0.23229492022889628,0.30390050031167165,0.3710183034854866,0.6790151644115839,0.23936433098618767,0.9648588990582777,0.8905311179305745,0.6768952222423046,0.4374147638657873,0.3901441714158075,0.254138618243957,0.11169740821889139,0.0025142166199766
07158,joint_noise_gta_semantic_cityscapes_dropout_pu_0_00,0_00,0.22458816806190757,0.5770905447104628,0.7479599628134184,0.8229419547442927,0.9177846607614577,0.9508692293708335,0.2972270347175685,0.3338186156953606,0.4179182970741209,0.7074474110653868,0.3355612173951143,0.9218086817684746,0.882441241623542,0.6477557353240097,0.42035056538078136,0.37359948734936566,0.23186315105545013,0.16618033133300714,0.0011301296461801
07397,joint_noise_gta_semantic_cityscapes_dropout_pu_0_00,0_00,0.2427618009267463,0.590799157486075,0.7526527790043788,0.8167181569681281,0.9350227806340261,0.9645209044493095,0.33478082519244967,0.39692390259848825,0.515145761063669,0.8020206241910269,0.3328157870418577,0.9730193966705649,0.9484631346555854,0.9032481824015054,0.5755415984695719,0.4914463326878233,0.24227652244567388,0.17127800818262284,0.0028701667612608
22019,joint_noise_gta_semantic_cityscapes_dropout_pu_0_00,0_00,0.26211117477609186,0.6128803372759645,0.7351698661370695,0.7961164320608117,0.9105617918746971,0.0,0.3549726487890055,0.4146958484126143,0.5483236749218201,0.8026793208494629,0.3516904490636195,0.916850071932941,0.8982788189204985,0.8500036750448275,0.6068145995723028,0.5228452600838666,0.24357798463832336,0.1623564409383907,0.0019187601271143
19396,joint_noise_gta_semantic_cityscapes_dropout_pu_0_00,0_00,0.21546831600079794,0.380089328950571,0.5650521922373941,0.7347410412422736,0.0,0.0,0.2673007997249295,0.28848770490313597,0.3286709580340941,0.4181627630262476,0.21573586255524568,0.6472414612152505,0.5470152503619823,0.4581412135670597,0.35843915818898353,0.31731608046394383,0.28262053331189146,0.21387952330409182,0.0148633957189527
19303,joint_noise_gta_semantic_cityscapes_dropout_pu_0_00,0_00,0.18226446925799344,0.42139105798441046,0.582125197241999,0.7479142134813911,0.0,0.0,0.2437757297716785,0.2582184726382104,0.2898097718841366,0.41373772587105284,0.2540823365204953,0.6271714933636562,0.463227148327505,0.3402484271340977,0.278283544526561,0.26114634833509864,0.24940212266252088,0.18031157415466767,0.0007823524277837
02983,joint_noise_gta_semantic_cityscapes_dropout_pu_0_00,0_00,0.21040877013290432,0.6920441795019081,0.8559559864019419,0.9050895407834579,0.9240040624747419,0.9588470597925729,0.2914694909897414,0.32617092733825365,0.4060825150602666,0.7591088792904039,0.31170956247937404,0.9557134643155933,0.9399844629735205,0.7558119314344021,0.47970847732193067,0.42336700025195095,0.21351389056399223,0.15992278378035024,0.0042132737201095
17208,joint_noise_gta_semantic_cityscapes_dropout_pu_0_00,0_00,0.19486759553713517,0.379337392824912,0.5593203635358819,0.0,0.0,0.0,0.24257630596301177,0.2552354052986749,0.2830632224047279,0.3765185793097948,0.25131868122415907,0.5287095204787848,0.4245660305303337,0.33223212111618083,0.2962353213164819,0.28509712650311725,0.22933235265776064,0.19306190125193126,0.0067716824827969
21407,joint_noise_gta_semantic_cityscapes_dropout_pu_0_00,0_00,0.19628716691978282,0.5089821208514115,0.6654499546794986,0.7662583130172343,0.0,0.0,0.27432679531532034,0.30502428942682513,0.37039066333432114,0.5914795033341722,0.29600541883499487,0.8193057011378301,0.8057222003499999,0.6112894449537932,0.39503832815571355,0.355854132062825,0.2869378596379612,0.1591102990752171,0.0014901375671451
17439,joint_noise_gta_semantic_cityscapes_dropout_pu_0_00,0_00,0.23848584114376215,0.45244370660424965,0.6247734355915024,0.7437080431439764,0.0,0.0,0.3249260726870307,0.384569725519961,0.4579694609697005,0.6043586700131928,0.24355858646634818,0.7823807622601202,0.7576231603658176,0.7077015158629442,0.5348798836556228,0.4991439076888546,0.31989099587353487,0.21712477704811498,0.0017908667568496
19623,joint_noise_gta_semantic_cityscapes_dropout_pu_0_00,0_00,0.1841274681042177,0.4266206514279695,0.5931605509605529,0.7456091099118631,0.0,0.0,0.246704690548808,0.2613453885216591,0.2941139732059092,0.4249607969038961,0.2666135618450177,0.6522791612111258,0.5509129511727915,0.42930780194135343,0.3183887265073064,0.28693395894557006,0.31256070896154337,0.1806659245255178,0.0042090465488426
02170,joint_noise_gta_semantic_cityscapes_dropout_pu_0_00,0_00,0.22231110334208565,0.5443336868514584,0.6798256507474901,0.7840245063722835,0.9174864157588288,0.0,0.30619822950424896,0.3491189174706408,0.44234344087826544,0.689388710184277,0.3269070613467925,0.9280068776699183,0.8549951137674046,0.6195748684470206,0.4045324491987847,0.36135502477744197,0.26342402908212104,0.1705877465070587,0.0027767831643045
21021,joint_noise_gta_semantic_cityscapes_dropout_pu_0_00,0_00,0.17884358928721264,0.5782701698521616,0.7142318774753228,0.7719063735858495,0.9084971940595675,0.0,0.24874828781674674,0.3343160974025996,0.4349488226307554,0.7209491761194707,0.204946581107109,0.8936543356607147,0.8427423053024309,0.7780439017879174,0.49899573473283065,0.43964159686917464,0.1897687158599764,0.10825795767348244,0.0007978958302436
24919,joint_noise_gta_semantic_cityscapes_dropout_pu_0_00,0_00,0.1898441346786022,0.6362289342454694,0.7347808284217109,0.8001110690598259,0.9100866713100685,0.0,0.2666787738276442,0.30269422667157236,0.36764251687407445,0.6558642876055586,0.2917461599649986,0.900960546260642,0.8904755051882581,0.7112136141747767,0.45261920954822443,0.4005950783171716,0.23187267786693136,0.13234537570007027,0.0056262408686848
03511,joint_noise_gta_semantic_cityscapes_dropout_pu_0_00,0_00,0.21943354313170013,0.4874868035184153,0.6036494457416857,0.7388801035396771,0.0,0.0,0.30295234167908636,0.3676128188253288,0.46229918622921384,0.6192562375360989,0.24058857098246764,0.7745631622229624,0.7125195235738526,0.6356452683881253,0.45749092393468016,0.4170962316887233,0.2583211898475614,0.19321702045324957,0.0041231926848923
14210,joint_noise_gta_semantic_cityscapes_dropout_pu_0_00,0_00,0.16737192878751997,0.4014137791189101,0.5676863018770844,0.722152154156572,0.0,0.0,0.2258966012364476,0.2781103982994339,0.32451920702307324,0.43784942463269916,0.1688990709666139,0.6341161507132133,0.5659554847137638,0.4028331710577229,0.28592915612225317,0.2604719793142349,0.24753042920123597,0.18251085963425098,0.0053317598948771
24303,joint_noise_gta_semantic_cityscapes_dropout_pu_0_00,0_00,0.21003352508681727,0.49626743552383823,0.7068636041571199,0.785127131266113,0.9017576880533317,0.0,0.2743397895781823,0.3012694774771468,0.3624853653262099,0.57124080874726,0.27676932369588453,0.8615990280313197,0.8265131893253067,0.5910473927285139,0.3921810330936411,0.3532787181156966,0.2148968115431298,0.1790801767778568,0.0008857724868652
02128,joint_noise_gta_semantic_cityscapes_dropout_pu_0_00,0_00,0.21254230072122265,0.527992388152341,0.6471211863238245,0.7478031753263905,0.0,0.0,0.2988926955195195,0.34832767764099637,0.43969240849870617,0.6585319557288432,0.29012762114294743,0.8053063376476239,0.7497727373494653,0.6272695318956623,0.48992484998171565,0.4231684939643519,0.3633454426146682,0.1868615221256048,0.0041109988669996
06435,joint_noise_gta_semantic_cityscapes_dropout_pu_0_00,0_00,0.2195296425364204,0.5612836782601691,0.814135280947455,0.891320248506979,0.9350672014123674,0.9600831068824941,0.3023618488963467,0.34133418824651063,0.43072091303515014,0.723675166086353,0.3264274853618682,0.9662896781316713,0.9158058567555005,0.6704093617646231,0.4303053395589754,0.3841091827677539,0.19058826750305338,0.1730366150609243,0.0005856822128162
13997,joint_noise_gta_semantic_cityscapes_dropout_pu_0_00,0_00,0.18133455533942283,0.40796961513747226,0.5876056617570004,0.7381259318816134,0.0,0.0,0.2320438617848254,0.24399337135115012,0.27043551195936827,0.3599488883586161,0.24237509404772253,0.6287584647195565,0.5176692482414875,0.3576450009600375,0.2909396264318924,0.27160961303181735,0.20033213795972699,0.16885561252175146,0.0065339257697183
04322,joint_noise_gta_semantic_cityscapes_dropout_pu_0_00,0_00,0.2196199865635558,0.5363738722974524,0.676981806593871,0.7748993192521708,0.0,0.0,0.29411793566193983,0.32913469247496835,0.4065335154179523,0.6481294961501567,0.3020951579028674,0.8480010524500465,0.790741837170294,0.555528309923435,0.37540044393278654,0.3436391194913784,0.300159501268966,0.17345617216713757,0.0026668734543657
15374,joint_noise_gta_semantic_cityscapes_dropout_pu_0_00,0_00,0.14557289867432643,0.43283866020144224,0.6032005330540865,0.7712752269258908,0.0,0.0,0.20136194792744505,0.25666400869267914,0.2941793551801778,0.42892345629716755,0.19149923928806853,0.8217989508305596,0.704371594301416,0.43428553078165677,0.2987951035986703,0.2842542047942723,0.3236599035398078,0.1359704204633043,0.0025259099831679
23364,joint_noise_gta_semantic_cityscapes_dropout_pu_0_00,0_00,0.22178723052462573,0.5133951465564742,0.6516495923008091,0.7670859086572036,0.0,0.0,0.3058453650315494,0.34677018474866617,0.43184265590278703,0.6502857227974851,0.2907320024722932,0.8306483141743364,0.7935691505154889,0.7255294512939685,0.4781349124761399,0.4194752186954065,0.24910629743423393,0.140851875250581,0.0023788733338961
21618,joint_noise_gta_semantic_cityscapes_dropout_pu_0_00,0_00,0.3117770741188541,0.5789990271852357,0.6634782635790557,0.7520131613864935,0.0,0.0,0.39269578728664967,0.4683726568834817,0.611135560994167,0.7469100179878231,0.4067678326765326,0.8255197803390106,0.8100282781023541,0.7728981169974631,0.6362100325567345,0.53908362514276,0.254045086293295,0.1917861895985882,0.0037846589857885
12029,joint_noise_gta_semantic_cityscapes_dropout_pu_0_00,0_00,0.2914981114407136,0.4364021946263314,0.6093818324194158,0.7386108237259434,0.0,0.0,0.36564744832813334,0.41969982526659133,0.4847648893197768,0.6021755521593785,0.35652888548614337,0.7800919714160445,0.7344764736842093,0.6472109869812555,0.4942418764247904,0.46683174670187894,0.30244340475695175,0.2648587345501787,0.0008910619890851
10631,joint_noise_gta_semantic_cityscapes_dropout_pu_0_00,0_00,0.13687348711544844,0.39201152215945256,0.5930197399245932,0.7464645167629643,0.0,0.0,0.18699481375599541,0.24277983496678063,0.29911607975363264,0.4062507131486144,0.1426483808937129,0.627717073681633,0.4972292782585929,0.3951895584367629,0.3077966113525505,0.28427019340189186,0.2486348559677646,0.1352866740473983,0.0135563438466929
20090,joint_noise_gta_semantic_cityscapes_dropout_pu_0_00,0_00,0.1847175341248965,0.3926463568018888,0.6039876118005948,0.7447255125850782,0.0,0.0,0.23800932368298755,0.2512602497131006,0.2810737381715914,0.3871625876896711,0.24841133263204135,0.6396585933469773,0.4902955536186086,0.3499699175306145,0.27130752092626453,0.2541365150787361,0.20486161119856788,0.1822985206102744,0.0049384669141739
10775,joint_noise_gta_semantic_cityscapes_dropout_pu_0_00,0_00,0.19479181330827924,0.4177152637873602,0.6080715985415701,0.7547906752102163,0.902566969632359,0.0,0.2553491703370874,0.2881786240214831,0.33354279995738656,0.46074148482252286,0.21559014833430037,0.7687543783634883,0.6677100092469527,0.5125078970212553,0.3342873113659479,0.2877126743396754,0.33122539955078234,0.18807790672557367,0.0038153603634243
17261,joint_noise_gta_semantic_cityscapes_dropout_pu_0_00,0_00,0.1792514952991771,0.5681855378539169,0.7330660712786641,0.8369897719084913,0.9131467351117424,0.0,0.2543522765132366,0.2986355056878332,0.35699033937910013,0.6060857165254476,0.29160116401179065,0.9111616420292498,0.8711266119123466,0.5781595161697218,0.3880280395353381,0.351876855059476,0.32993521780725693,0.14148510365873349,0.0012000848852335
18908,joint_noise_gta_semantic_cityscapes_dropout_pu_0_00,0_00,0.16536249219564822,0.4219251453520437,0.5855268330408111,0.7524920366259263,0.0,0.0,0.23132493423623798,0.25901148197523577,0.2924014832375008,0.4198555545020275,0.25126330567798427,0.6525095392012993,0.48958507495820025,0.40384260347421974,0.2986219922594159,0.2745534331328899,0.23202700381670305,0.15932530602140915,0.0065341460684884
07143,joint_noise_gta_semantic_cityscapes_dropout_pu_0_00,0_00,0.24909945228677663,0.5130855330208195,0.6614088439186151,0.7706069599240942,0.0,0.0,0.31753818529363065,0.36138322560836134,0.4613942546298223,0.6657883492697738,0.3601635750632091,0.8597907025030661,0.7849768042170417,0.5525311208610497,0.3674089789500843,0.33776144226683813,0.3122901810180562,0.2060724523609731,0.004234054267302
19321,joint_noise_gta_semantic_cityscapes_dropout_pu_0_00,0_00,0.18296632142821012,0.43042598467485854,0.6078276145964383,0.7507455972417068,0.0,0.0,0.24052312843268195,0.25310078493010185,0.28089099629873526,0.39784719210764,0.261144122511034,0.6463900756133256,0.4969089466047399,0.40001980628759165,0.2982262931417664,0.2742423055848419,0.2970158386672218,0.1784324116282528,0.0061988418769216
21306,joint_noise_gta_semantic_cityscapes_dropout_pu_0_00,0_00,0.18274246700649843,0.4591817663238772,0.6456985572524656,0.779961980497859,0.0,0.0,0.2589627137044929,0.29083704917568526,0.3459823067976166,0.5156720200064386,0.24690325751164824,0.8565136811370457,0.8353432784513983,0.60774340989251,0.4516222291791103,0.38157268589829124,0.18559788483111422,0.12630337684562207,0.0032299677364118
17319,joint_noise_gta_semantic_cityscapes_dropout_pu_0_00,0_00,0.2126025164652039,0.5828515712659632,0.724842808968066,0.7970739443957369,0.9167672878446756,0.0,0.29297491886458493,0.3281389524767931,0.40816656326702805,0.6993158931948142,0.3180588312796667,0.9197606806081011,0.8895269069575936,0.6540547348067617,0.4266834988964285,0.38145439855508173,0.307783481687448,0.16483477562056112,0.0016482910209012
19156,joint_noise_gta_semantic_cityscapes_dropout_pu_0_00,0_00,0.22485064215691142,0.5469522589881906,0.6906870279958992,0.766098499327095,0.9127563577893147,0.0,0.3004624476905881,0.3383733779210091,0.42443208441376984,0.6872444530679545,0.31235055951192103,0.9018200021722644,0.8576626899329612,0.7452811926905101,0.46865737143996455,0.41382435248425853,0.2998547004016142,0.17375728969207296,0.0001601331316212
24168,joint_noise_gta_semantic_cityscapes_dropout_pu_0_00,0_00,0.19419174779166176,0.5336234497348886,0.7119570239847407,0.7970213973429783,0.9072552895961243,0.0,0.2693665828771322,0.2985054275898146,0.3595126231279943,0.5708669636426942,0.28370013305392444,0.8844219553811749,0.8590264156669773,0.6026536399766701,0.4033440625886817,0.3728567912061759,0.22284771548402582,0.14501035975418483,0.000941036248676
09878,joint_noise_gta_semantic_cityscapes_dropout_pu_0_00,0_00,0.14524468766490484,0.4019225694359037,0.585063530020893,0.7085151645422842,0.0,0.0,0.19519094330265657,0.24771166571932016,0.3108372283046466,0.40981428498097594,0.1481121327996413,0.6552072882536492,0.6088831140836567,0.4978877049804668,0.3482239696204171,0.2946884771744129,0.3035420275100057,0.14132721671054127,0.0048098959023455
04859,joint_noise_gta_semantic_cityscapes_dropout_pu_0_00,0_00,0.23629636329093642,0.5749035336192129,0.7557598904751655,0.8260399708900438,0.9182182029501367,0.9525064118550038,0.30236781194172024,0.34080480076191194,0.4292627143368901,0.722934800485082,0.3417883108750376,0.9176357866322248,0.873376202207019,0.6291264063946373,0.4103442595738502,0.36690603558192875,0.3198296937667272,0.18595533038686746,0.0015050707176058
18104,joint_noise_gta_semantic_cityscapes_dropout_pu_0_00,0_00,0.15519483123518615,0.4158659961751289,0.6092859466746335,0.7631237928729578,0.0,0.0,0.21453773667358922,0.24362232394687203,0.2634569502188742,0.35057669526715307,0.24263598547558576,0.7193158985946916,0.5728144418167002,0.42386624018765523,0.2978778882922195,0.2719976023942956,0.24586262558087185,0.15172162624063823,0.0054952640425854
00513,joint_noise_gta_semantic_cityscapes_dropout_pu_0_00,0_00,0.19334370206143295,0.4687307656057095,0.6672258895896988,0.7739464450010195,0.0,0.0,0.26373544691554146,0.2862475205540899,0.3367684686057434,0.5138741008915095,0.26645250667117976,0.830093206652269,0.7593772755626488,0.5046703090390203,0.3521182231381531,0.3213391068943742,0.29946736252963707,0.15549733482321948,0.0011651394111239
24089,joint_noise_gta_semantic_cityscapes_dropout_pu_0_00,0_00,0.2468940627470208,0.574773470171842,0.756925644510632,0.8330965762902459,0.9205144862218997,0.9521161264873325,0.3344852200448437,0.3871400147286635,0.5052386973147489,0.7926665465085765,0.3412896371043888,0.9374904521997602,0.9245492878600691,0.8918671993841868,0.5881074383768212,0.5015578180684818,0.19908583219332585,0.16359718722534236,0.0009418402763136
06984,joint_noise_gta_semantic_cityscapes_dropout_pu_0_00,0_00,0.17773214870980877,0.5037664753078313,0.763085891958601,0.8525677763040299,0.9199785067613755,0.9511981053049539,0.250356542649234,0.28824106346148337,0.34102337417643075,0.5419234549191877,0.2795044590528123,0.9352049314909362,0.9106214269761934,0.5910281922065593,0.3839320409568155,0.34223707845510193,0.19105356320882286,0.16787571375438007,0.0003914907513619
00905,joint_noise_gta_semantic_cityscapes_dropout_pu_0_00,0_00,0.16897560375493895,0.4387532265347446,0.5796467190274931,0.7274700795873803,0.0,0.0,0.23679097888287695,0.25559761449484714,0.28520621911508587,0.4091256903876686,0.25183705707823095,0.6635583757101388,0.6125509621871157,0.5154966663873692,0.32007652638345596,0.286258847786069,0.2399936827067483,0.15724438329603282,0.0036806626293645
00367,joint_noise_gta_semantic_cityscapes_dropout_pu_0_00,0_00,0.22185947632821434,0.6344362090703605,0.7718562197421993,0.8175527998708303,0.9128657809425103,0.0,0.31127946391579053,0.3566155008893458,0.45524008766979884,0.7919090040828486,0.3240089196352115,0.9101762525263922,0.8867156431758946,0.7686193722029538,0.48701434849012726,0.4324605196019711,0.2818280741253088,0.14681527350175588,0.002990106142386
09190,joint_noise_gta_semantic_cityscapes_dropout_pu_0_00,0_00,0.1671125722482027,0.379830987851024,0.5750391121997087,0.7524250074965597,0.0,0.0,0.23233012153016977,0.277795531501003,0.3177215161312418,0.4085468134171689,0.18829039827423244,0.6352303452096179,0.4888005557075341,0.4039463084329953,0.32009214772713585,0.28241090856434464,0.24228632491303526,0.17249007908080338,0.0170946142988993
04913,joint_noise_gta_semantic_cityscapes_dropout_pu_0_00,0_00,0.21888374219653942,0.5488635117535875,0.7007244557891739,0.7876576795503504,0.9060483777826528,0.0,0.3001023226334942,0.34210988127497227,0.4301427879592748,0.6886201469337405,0.3240909411731451,0.8933203392452005,0.8075384513987554,0.5910071508268949,0.39687834133921845,0.3583235724045468,0.3136394171296353,0.16640592713599198,0.0032103069447385
03242,joint_noise_gta_semantic_cityscapes_dropout_pu_0_00,0_00,0.2535747179834241,0.6620773132360085,0.8448501343075543,0.8751541246739581,0.9256050501916181,0.957770012369111,0.34596353695818377,0.40290356079723055,0.5335881299478178,0.8893623072176735,0.36795584793659525,0.9587978500335956,0.9414536455055393,0.910993521095687,0.6178195894859304,0.5323294495664314,0.26066606890284305,0.17013165016759552,0.001258429021996
23197,joint_noise_gta_semantic_cityscapes_dropout_pu_0_00,0_00,0.224472347386254,0.47381390419601227,0.6054722940404386,0.7373156462962358,0.0,0.0,0.29120292168789885,0.3250183452495094,0.40190039756083545,0.5741571517213088,0.31391989873702436,0.7496677680896932,0.7044820772256564,0.49635792086733177,0.3457685901486991,0.3187158875740722,0.3154666572266307,0.184070313705012,0.0028758248105069
14447,joint_noise_gta_semantic_cityscapes_dropout_pu_0_00,0_00,0.21397128651642303,0.46996376791799227,0.5936443069991948,0.755294220903188,0.0,0.0,0.2821285010715853,0.3126449243193677,0.3809234668864705,0.5556684509165191,0.3064810074478004,0.7570392140993701,0.6518555547249457,0.4814094801652347,0.34614267731492865,0.31663745779782454,0.31256600730571016,0.18090626439835142,0.0026125725959765
09976,joint_noise_gta_semantic_cityscapes_dropout_pu_0_00,0_00,0.18845792488383106,0.6373115902451897,0.8325610470888488,0.892686247182793,0.9220895426259799,0.953446694246548,0.2655600010574068,0.29723621829475444,0.35811979463322635,0.6384952716426413,0.29880126012885416,0.9527229109987764,0.9395139973021821,0.6562461353997953,0.4271091135238848,0.3814888083882251,0.2178268867799073,0.14786440440883364,0.0034416779359752
08207,joint_noise_gta_semantic_cityscapes_dropout_pu_0_00,0_00,0.170071022963897,0.409440850756846,0.5747813487318091,0.737550064730007,0.0,0.0,0.23340975510597792,0.27579471473317296,0.3122158706937586,0.43046841017459014,0.18360444161772774,0.6670515309603385,0.5515260699302166,0.4372277089961089,0.3179684074022576,0.29807506637585807,0.21684310603612422,0.1620129228856336,0.0028290287213534
22953,joint_noise_gta_semantic_cityscapes_dropout_pu_0_00,0_00,0.21019689237942699,0.5209794325473132,0.6504721188277051,0.740752832879231,0.0,0.0,0.29234400401061444,0.3348756663491144,0.41777140075165825,0.6427562601365838,0.3141210318828071,0.8252947066597569,0.7651512110821475,0.7140411637284464,0.4610573539643108,0.4070560403327642,0.3486480852840013,0.15562668292625906,0.0034390534337492
10139,joint_noise_gta_semantic_cityscapes_dropout_pu_0_00,0_00,0.1680279648566405,0.44392298399396,0.6043911217298148,0.7518145957225746,0.0,0.0,0.23152185110427095,0.24274147091972617,0.2669421782158563,0.3770297121936934,0.24433440075658308,0.7133758063139721,0.5676546324249859,0.43331993648468836,0.2914549057190573,0.27747791741696953,0.3010022530939448,0.15955828463136223,0.0048976838768907
01132,joint_noise_gta_semantic_cityscapes_dropout_pu_0_00,0_00,0.1801428020390224,0.6842097250019852,0.8101696804533935,0.8459449424630312,0.9164564557534703,0.0,0.2549226530488268,0.3109070866472988,0.3803990629930936,0.7010673015545298,0.2938131868383149,0.9368502844011924,0.9193363372349397,0.6766560274200313,0.4405306095084471,0.39288498278547224,0.22602435520694564,0.12784033770690492,0.0033901974860688
13594,joint_noise_gta_semantic_cityscapes_dropout_pu_0_00,0_00,0.24320026620326957,0.42006085881242194,0.5729032835687901,0.7493147528312557,0.0,0.0,0.32292737533415655,0.36839067486896443,0.4331181006641668,0.5095607915456717,0.33401337813222226,0.7468560871950782,0.6201174864122833,0.4806119104520159,0.4348276164661081,0.41443336058264524,0.30996005992294373,0.2433669791370193,0.0013889131293786
08407,joint_noise_gta_semantic_cityscapes_dropout_pu_0_00,0_00,0.15096722919497257,0.4452069781254002,0.6019509355922426,0.7533643891558355,0.0,0.0,0.20983844870911209,0.2765734182586763,0.32184091268617643,0.4649414602242835,0.15819797693513393,0.8005191627208983,0.6477651855385089,0.5314092044103904,0.37341576886988653,0.32313818658853427,0.32778934435311297,0.1437623490341607,0.0031246917157423
24743,joint_noise_gta_semantic_cityscapes_dropout_pu_0_00,0_00,0.2166032102772849,0.5809358758195186,0.7622634581269968,0.799172426071601,0.9051112816778942,0.0,0.2929622929261533,0.32813758483090405,0.4046540618643,0.6869236788298534,0.29398979983248563,0.904418782933102,0.8722860335270957,0.5975284634173732,0.4141092206491884,0.3760876096234365,0.2755325998655973,0.15395131026797607,0.000445119593828
21989,joint_noise_gta_semantic_cityscapes_dropout_pu_0_00,0_00,0.22715652729400287,0.5605495411267349,0.7156018665039995,0.7891135827816024,0.9288452278058366,0.9514960495025093,0.29235280588500245,0.3269649295043967,0.4067725646533625,0.6800644639226145,0.32101440455679225,0.9338638579515514,0.8173222101283727,0.6052975554519312,0.40114151363785444,0.3602416868216599,0.287468339115848,0.18590033021015517,0.0001069980984797
09327,joint_noise_gta_semantic_cityscapes_dropout_pu_0_00,0_00,0.19561375558488803,0.3716161037414474,0.5592789673898038,0.732168865603299,0.0,0.0,0.2596037495837445,0.2851706378552438,0.3234042399733199,0.40214636165642714,0.24497818091558826,0.54731193448926,0.4503261597074539,0.38008379955557364,0.31356101165895434,0.29843027026881275,0.1920269029697003,0.19338874038410012,0.0086417884857656
12002,joint_noise_gta_semantic_cityscapes_dropout_pu_0_00,0_00,0.1572038282538754,0.4216783384706597,0.5756724583956193,0.7272060916654424,0.0,0.0,0.2172332755498645,0.28201904940648903,0.3281597389369205,0.4561181969994016,0.1572038282538754,0.6291892335821496,0.5453090736112238,0.4449504934733546,0.3638014981110752,0.3121973207110642,0.25117372760987494,0.14699146078235287,0.003909087442988
07027,joint_noise_gta_semantic_cityscapes_dropout_pu_0_00,0_00,0.2188627510933531,0.5528469873515323,0.7707050473956467,0.8539723607083136,0.9131501908517428,0.0,0.28209365455053376,0.3114476741672873,0.378180652244171,0.6309202275155402,0.2988833995665293,0.9156568214104349,0.8854751381112042,0.6436764614771079,0.4187686211504129,0.3741757677237194,0.2604989707409473,0.1797185534141846,0.00023423342567
13194,joint_noise_gta_semantic_cityscapes_dropout_pu_0_00,0_00,0.22399006377432512,0.4213646716953071,0.6009127094731794,0.7398258653210306,0.0,0.0,0.30868617685325905,0.35081945601261255,0.417652902964848,0.5170657031684018,0.24013609736561117,0.7655256404431846,0.6816184622597742,0.5184039760092929,0.4300474676630901,0.41383830715064907,0.19288429801151316,0.20832480691081198,0.002211579215771
23857,joint_noise_gta_semantic_cityscapes_dropout_pu_0_00,0_00,0.16776601046251385,0.3966762613230509,0.5747653622454008,0.7234182870672975,0.0,0.0,0.22718294332772074,0.23623284812298595,0.25606221644711863,0.3421398183942683,0.22948593835731898,0.6367375996104976,0.458127462707873,0.35597438652793495,0.2848043686815322,0.26268915553669625,0.21872181998957507,0.16461137253265093,0.0046107397161721
21434,joint_noise_gta_semantic_cityscapes_dropout_pu_0_00,0_00,0.22603258425326206,0.48751011308166187,0.7785906910371803,0.8682584553008774,0.9251559903523469,0.9549723853662326,0.29168538057968835,0.326479439327446,0.3991677830678428,0.6123866072388473,0.2857178555821119,0.9539154263222583,0.9300896709988112,0.778917613550901,0.48791660987625435,0.4313042230397614,0.1928062081365014,0.18663876921911915,0.0091963045679701
16106,joint_noise_gta_semantic_cityscapes_dropout_pu_0_00,0_00,0.23204613639052354,0.4762266779382544,0.6218989911022252,0.7659939651778995,0.9122903321818879,0.0,0.3235021115476922,0.37392213605766633,0.47353053328993316,0.6348644424943335,0.3082955669626049,0.8894025424161128,0.7985530759541595,0.6481231717373123,0.5219737511944843,0.46229272959534445,0.21379276401830477,0.15763415338868847,0.0048554375638275
24893,joint_noise_gta_semantic_cityscapes_dropout_pu_0_00,0_00,0.19090094622968867,0.5512088255762239,0.719171640665927,0.8378866414718289,0.9136835573553591,0.0,0.26524149913455314,0.3215995467808809,0.39890700073451324,0.6604604021925486,0.2811446794828841,0.9261636406908543,0.8981258288798649,0.6509327308348835,0.4378184680062347,0.39503223863172265,0.20603789153223712,0.14501763077877702,0.0002392820488416
16529,joint_noise_gta_semantic_cityscapes_dropout_pu_0_00,0_00,0.21746799830851124,0.5275254891183473,0.7236318518407157,0.8399186624996493,0.9287226465779312,0.9561742544868506,0.28898310349377215,0.32174611823584237,0.3965615485298509,0.6425900399494457,0.30818616161619244,0.9538881219307401,0.9092053176552695,0.5653283462431209,0.3748112100650212,0.33886852257870415,0.31884043042007704,0.17795293281507532,0.0031090743060678
16615,joint_noise_gta_semantic_cityscapes_dropout_pu_0_00,0_00,0.22564718346818952,0.4950982208344789,0.6472698946075954,0.7439749731135853,0.0,0.0,0.2916018752945978,0.324492318121194,0.3990610378685547,0.6099229223294517,0.3198965663105852,0.7975925882236617,0.7539512681050725,0.5348005715432288,0.3695620616281579,0.33513195603761164,0.3783894079822402,0.19351152280011155,0.0004098244888432
20906,joint_noise_gta_semantic_cityscapes_dropout_pu_0_00,0_00,0.22650778138737226,0.6893217183255146,0.802938523241355,0.8323836214945588,0.9154795529676022,0.0,0.3196552789494819,0.38075836631475285,0.4965393957822529,0.8452901993497132,0.35159054583627886,0.930411175032537,0.9167228712486937,0.8913922870012756,0.5562357221345904,0.4842938558720446,0.28215704113794426,0.14008915510564168,0.0029263205591932
18703,joint_noise_gta_semantic_cityscapes_dropout_pu_0_00,0_00,0.2673692793435095,0.5834178209852783,0.7671680105091422,0.8127503089840403,0.9156096184876055,0.0,0.34626825399739686,0.4027536007415831,0.5256132447114499,0.8179367854347233,0.35437259644723423,0.919039037753581,0.8880389307129657,0.8473879694444874,0.5311630164088746,0.4690445924432554,0.3357158680995687,0.19772954661980144,0.0019524251322127
09542,joint_noise_gta_semantic_cityscapes_dropout_pu_0_00,0_00,0.19996483101929036,0.4189756434438172,0.5793497154800841,0.7358881442993571,0.0,0.0,0.25138484864545574,0.26834429836011786,0.3038773836442755,0.4246288292933572,0.2582607180496957,0.6373276107062429,0.557097628789727,0.3891907718080276,0.30004015022635555,0.2807333821118154,0.3325859008371559,0.19543237738238747,0.0016986075985306
06148,joint_noise_gta_semantic_cityscapes_dropout_pu_0_00,0_00,0.20855653561854234,0.5424235899781167,0.7733506995698577,0.8677349176395343,0.938471610415169,0.9572148866697375,0.2714445239443267,0.2969304524811591,0.3552300399132589,0.5893798353570097,0.30108931390086807,0.960534671455113,0.8290704587236849,0.514089809004613,0.3537690558130754,0.32140256670658046,0.26739284528936025,0.17708168516123796,0.0002456540668211
24533,joint_noise_gta_semantic_cityscapes_dropout_pu_0_00,0_00,0.22954954109886005,0.5395558583812547,0.6719761416895351,0.759290915666119,0.0,0.0,0.3110150155052782,0.35395997220643116,0.4462213135289395,0.6885760136914694,0.3136442810460085,0.8448859369132358,0.778093065233576,0.6924337296841162,0.4620639389725404,0.4119741084264474,0.271697036527756,0.16511501883233176,0.0008244426181103
20471,joint_noise_gta_semantic_cityscapes_dropout_pu_0_00,0_00,0.28379366767993747,0.6082463210905047,0.6962217735246308,0.7688671543370237,0.0,0.0,0.38017993289195984,0.45097905829733326,0.6035049372445216,0.766503017747473,0.39006779687605836,0.8746493501083878,0.8622528105154922,0.833969118142659,0.6154665662243262,0.5294684465980597,0.3298584793126149,0.16828963635201735,0.0040562678659584
05570,joint_noise_gta_semantic_cityscapes_dropout_pu_0_00,0_00,0.2060712203903652,0.6172960117437493,0.8366119551148886,0.8716575095754857,0.9248087728557413,0.954739542968845,0.29109714583712065,0.330553914345434,0.41319993048113446,0.736033891960606,0.3103369619144755,0.9422514225326921,0.9260652853152638,0.7681520088558149,0.4869666241948004,0.4295280717779029,0.19983279316554808,0.1529525648378899,0.0020477474483136
20934,joint_noise_gta_semantic_cityscapes_dropout_pu_0_00,0_00,0.2179625186762375,0.6868300853910877,0.7681586015949123,0.7923806199831328,0.9124267462531305,0.0,0.3090710771430776,0.37266659092503884,0.48429291807712826,0.8029557436445226,0.340240835436478,0.9131119554947794,0.865169266085954,0.8128697720207192,0.5452331291286139,0.47620234853722976,0.3586584184958285,0.12354661800353363,0.0040130992649067
02807,joint_noise_gta_semantic_cityscapes_dropout_pu_0_00,0_00,0.2369214053201626,0.6423895336369494,0.8121274015306228,0.8612703354477605,0.9281663477731862,0.9521685578952215,0.3343770793082835,0.3924514655612888,0.5166143678636651,0.8645705364842773,0.32353438045295557,0.9504471729381937,0.9398642727495609,0.9169596939053651,0.5906955769881889,0.5186251683136086,0.26287783896041933,0.15012275938819591,8.884863447324093e-05
18529,joint_noise_gta_semantic_cityscapes_dropout_pu_0_00,0_00,0.23652669808469337,0.537266506190805,0.6911162882268078,0.7965867567918746,0.9311449452382107,0.9559093742249803,0.33027583511332587,0.37635268854736376,0.46550582786942746,0.7076372528867331,0.23653828686585576,0.9507902648159225,0.9116106224468571,0.8309578495618034,0.5357790591747649,0.4740576289012629,0.2762237823019539,0.17290093771750562,0.0037193912365118
00185,joint_noise_gta_semantic_cityscapes_dropout_pu_0_00,0_00,0.20194476584744356,0.5311595270653112,0.6819180953888491,0.8102977180357073,0.9123478633666412,0.0,0.27863772214907634,0.30687687504152256,0.3709831451563504,0.6044007722876701,0.30286254805454876,0.9107216749266195,0.7416945234651696,0.522874195313272,0.39323064374632866,0.3452099756672697,0.3051870248388958,0.16711652617550757,0.0006855540374302
00215,joint_noise_gta_semantic_cityscapes_dropout_pu_0_00,0_00,0.18803702816588785,0.4788934634790275,0.6456296677460922,0.7815159946302699,0.0,0.0,0.25664712623307123,0.2796030369586403,0.32618205106950127,0.5061783139027507,0.27577971681961794,0.8157556598631263,0.679092379296002,0.44687304935620165,0.3508484063396532,0.31994195057379027,0.25025515640649737,0.16234605290639662,0.0054400799321169
03993,joint_noise_gta_semantic_cityscapes_dropout_pu_0_00,0_00,0.21415084535361298,0.6084821240400805,0.819362591776014,0.8506787804305873,0.9221989479314835,0.9514635188211925,0.29373055594675984,0.3291648671223672,0.4102523856961181,0.7222348604540846,0.3064291412631036,0.9292598578617262,0.8971411147473354,0.70697511435303,0.45343388868314016,0.40518732300971666,0.18845207753678572,0.16287854820104256,0.0019556260114248
13053,joint_noise_gta_semantic_cityscapes_dropout_pu_0_00,0_00,0.23209003516487003,0.44951615614421914,0.6093128306828504,0.7556013275578098,0.0,0.0,0.3110701449852915,0.36965854910418716,0.44741954150321717,0.5918855582092973,0.24559074170905268,0.8118528258345886,0.7518235984715532,0.6481622303576696,0.4747904149521798,0.4077799384771651,0.3543055294237364,0.2344451749204685,0.0104531847505801
18161,joint_noise_gta_semantic_cityscapes_dropout_pu_0_00,0_00,0.16242824744104206,0.4053670605756655,0.5938885566436363,0.7465421572498546,0.0,0.0,0.22917783707764808,0.24816224562298553,0.27159066471917,0.3682014513315889,0.2443800252497071,0.6852775892758024,0.494840000430633,0.34027602114027183,0.27250838935196364,0.25696583906524423,0.24555141762132682,0.15518500164008414,0.0029573460830917
09456,joint_noise_gta_semantic_cityscapes_dropout_pu_0_00,0_00,0.19407846014556715,0.40836222748214746,0.5777914994398803,0.7522418234144029,0.0,0.0,0.2608450387536117,0.2948809182775915,0.3391709004053797,0.45058794350751574,0.22748694315338971,0.7376304718718666,0.5712246207206024,0.4186134640221548,0.36009207317143876,0.3083675808530264,0.2194247707074925,0.19209475995956313,0.0011222919681228
17053,joint_noise_gta_semantic_cityscapes_dropout_pu_0_00,0_00,0.13305265870837424,0.45230018387665694,0.599706143616302,0.734681263122356,0.0,0.0,0.18766086559233633,0.25116028328079687,0.2927623545814364,0.4366261635354272,0.17965854365557515,0.728649345108673,0.5879454344761414,0.41977053102195155,0.33220555823777403,0.2950751130056405,0.31890824544970153,0.119231672909452,0.0043308224229002
03012,joint_noise_gta_semantic_cityscapes_dropout_pu_0_00,0_00,0.24896521226473314,0.6859332353504877,0.8391439686941679,0.8741059047254979,0.9256285957175096,0.9549644453963061,0.3472598073073775,0.4059895671197466,0.5388134917459051,0.8890334544657356,0.3684607862643127,0.9481305203017066,0.9330135500163599,0.8912245263293005,0.5956090304471846,0.5168252919138522,0.2988328264406449,0.15939027368515668,0.0006051323928798
11595,joint_noise_gta_semantic_cityscapes_dropout_pu_0_00,0_00,0.1695627620579345,0.43343209401196187,0.592758004379152,0.7363356445228224,0.0,0.0,0.23353800772048036,0.26011632776976895,0.2991928509361229,0.4409064166248133,0.25381414340910446,0.721222087365311,0.5702887200991575,0.40753230724345074,0.30295852106401366,0.2807099981696802,0.3422797806670189,0.15972071650915126,0.0033790272037762
02693,joint_noise_gta_semantic_cityscapes_dropout_pu_0_00,0_00,0.23448159227385457,0.5792827080038188,0.716928295320764,0.7924263718655294,0.0,0.0,0.3137868620703204,0.3576400698516972,0.4583345038134228,0.7416423966798564,0.33552511093017373,0.8679219894577936,0.8534455857039547,0.7795247497083194,0.4819347979813877,0.42621568772704477,0.22889008616466577,0.16935772706584745,0.0024127563073223
08947,joint_noise_gta_semantic_cityscapes_dropout_pu_0_00,0_00,0.18330993717361765,0.4366355515091845,0.6202994088316641,0.7565132588906783,0.0,0.0,0.24307181032819586,0.2617739749673434,0.29906725861262096,0.43300197722945744,0.2446498736337131,0.8023356324538535,0.6919948744176252,0.5223144899664582,0.35717160573246126,0.329942142638728,0.22326620011276627,0.1793331278920677,0.0034463866056614
12123,joint_noise_gta_semantic_cityscapes_dropout_pu_0_00,0_00,0.16952921908916452,0.4050698625839136,0.568474523953741,0.7099246585300432,0.0,0.0,0.2363761569815286,0.2712020219828639,0.306695854082746,0.42082320274018187,0.16967810038920988,0.6638856195476757,0.5966028766934522,0.47731393416723705,0.4082106877234128,0.3560052686404612,0.23854491413174003,0.16553881654166896,0.0035102611337775
20567,joint_noise_gta_semantic_cityscapes_dropout_pu_0_00,0_00,0.21264097852898264,0.5570410218735202,0.6939055484955069,0.7795226997595862,0.9016957962987363,0.0,0.29803988293134787,0.3409194789285206,0.4304501613757047,0.697569987121376,0.3116284017936411,0.8809093417384318,0.8657048555743327,0.7407124110838299,0.4548848186597877,0.3953550097241154,0.14263090113153948,0.15006908653033108,0.0015386607742711
06800,joint_noise_gta_semantic_cityscapes_dropout_pu_0_00,0_00,0.2009657013039821,0.6348548730892616,0.7819263963450399,0.8404684421965584,0.9160197313779541,0.0,0.28065127609479606,0.31607270792302,0.38860831129798606,0.6993674526200042,0.3005607990130966,0.9248762284280083,0.8887747977930984,0.6325953871123154,0.41589983454193946,0.3738222597112594,0.20863464121707578,0.1505006781062839,0.0002436936317726
19810,joint_noise_gta_semantic_cityscapes_dropout_pu_0_00,0_00,0.1791230880105939,0.4291165765425147,0.5938368111347454,0.7388019683803865,0.0,0.0,0.2369617587412608,0.24770826448081773,0.2712091296927236,0.37415651564782965,0.2477392089761428,0.6350480004724319,0.541048823256902,0.3824695540081272,0.29007955082471837,0.2724783487748836,0.32962461827537215,0.17484995750630314,0.0052805973689016
08637,joint_noise_gta_semantic_cityscapes_dropout_pu_0_00,0_00,0.16338168609860412,0.40670545041791345,0.5890349742646015,0.7465502861453273,0.0,0.0,0.22153712168655282,0.24817930781146383,0.2793924140320516,0.3932706061186717,0.24034262932169356,0.6641922744366185,0.535285600848466,0.35487024436935605,0.2808194355782619,0.24309156570399146,0.2660773689717859,0.1615320855044051,0.0019439254449766
08619,joint_noise_gta_semantic_cityscapes_dropout_pu_0_00,0_00,0.2051188368880602,0.4425103980270605,0.5876310783289698,0.7378689639157223,0.0,0.0,0.2794550343321577,0.32696384435195275,0.3906893345863231,0.5366508161859129,0.23068119590927383,0.6999504307068992,0.6428399211517314,0.5343833930901377,0.46041908987347474,0.4315569590146085,0.2746052444542156,0.20095485198076068,0.0025325522472652
23943,joint_noise_gta_semantic_cityscapes_dropout_pu_0_00,0_00,0.17439991902616483,0.5647296887108518,0.7231458012738169,0.8148975137259065,0.9199645667481846,0.9514581298623579,0.24610183046462036,0.2890173320406769,0.3454256729262357,0.5902829870274938,0.2793247805757491,0.9384390067310951,0.8356516423029708,0.5364746185024445,0.36266246047665257,0.3280402967965864,0.2752159144594091,0.13832712184734716,0.0028682886606307
01827,joint_noise_gta_semantic_cityscapes_dropout_pu_0_00,0_00,0.21126390524322458,0.6063799116282711,0.7435653944210304,0.8090132699181052,0.9061309845112584,0.0,0.2978714333076316,0.34841730122178005,0.4435857233312557,0.7559153142303932,0.3164708865604937,0.8940527617678639,0.8773309446625847,0.8383066633041186,0.5260119049479323,0.45827950090020847,0.262163450789914,0.137022260518161,0.0020212628643423
00306,joint_noise_gta_semantic_cityscapes_dropout_pu_0_00,0_00,0.1843517790492639,0.47572960114251217,0.6607119952199751,0.7770166111963765,0.0,0.0,0.25211111289550747,0.2887487911297648,0.34058773003052667,0.5235093730579102,0.280493090376678,0.8148325049576741,0.6435758409336306,0.4256315715550711,0.31412859718367336,0.28991805885039656,0.2591017525649434,0.1675707140276739,0.001332558776132
24060,joint_noise_gta_semantic_cityscapes_dropout_pu_0_00,0_00,0.22800254134040254,0.4313027478034081,0.613646338986266,0.7463319708750783,0.0,0.0,0.29261363828557035,0.32839820971800926,0.40130158902049434,0.5469216555789193,0.3010912019328699,0.749142245201424,0.6457646949740108,0.5638274539746776,0.3755255400658698,0.33892029515145566,0.3326378975691255,0.18701030419062814,0.000806110233013
06812,joint_noise_gta_semantic_cityscapes_dropout_pu_0_00,0_00,0.21760355414744278,0.667127745105953,0.8245295819240881,0.8802238672671266,0.9233804689647703,0.9550163898448865,0.30482142960669606,0.3520350796966142,0.44895919047199584,0.8177277626854713,0.33038084538445983,0.956281175249506,0.93393395749056,0.8856871463941749,0.5418123074665339,0.47093751423239627,0.286821373067219,0.15032329176584636,0.00107465234118
08255,joint_noise_gta_semantic_cityscapes_dropout_pu_0_00,0_00,0.15913389741860723,0.4168914200090842,0.6219177682408616,0.7594832207762318,0.0,0.0,0.21847284021149502,0.2719259083099406,0.30802118687933133,0.4148549528230513,0.172857783375833,0.7017658392775894,0.5841687810432052,0.419707224214368,0.2839191669520433,0.27237941563575635,0.28541654863086435,0.15730033798532275,0.0023577651113465
08073,joint_noise_gta_semantic_cityscapes_dropout_pu_0_00,0_00,0.15989083214798405,0.4577780933940565,0.6512972692679889,0.7694112534158705,0.0,0.0,0.22549514603400758,0.25671551707419393,0.2858481401669495,0.411616059966271,0.25592896825391936,0.7341102297890434,0.48242957673544945,0.3659170304111607,0.2789427622613967,0.26535413200111,0.3072530228865558,0.14873381927275472,0.0065420124262121
16211,joint_noise_gta_semantic_cityscapes_dropout_pu_0_00,0_00,0.1854962578531973,0.41524003863770953,0.5920596792378071,0.7460820609028981,0.0,0.0,0.25354569687593786,0.2817543035252347,0.32724161695680487,0.4499887861649387,0.22196147837997135,0.6490131336962296,0.5611963349830588,0.45323304712914697,0.323025170869559,0.2994774109703256,0.3347138238210488,0.1527212833793935,0.000667118747723
04781,joint_noise_gta_semantic_cityscapes_dropout_pu_0_00,0_00,0.2742750909800898,0.5952034625413111,0.7161457460339098,0.8189475383383447,0.9207099149308708,0.9560464590053869,0.37112629322562085,0.4376228192283636,0.5854164147245274,0.8155182472038711,0.38857154304110225,0.9488713608531981,0.9238182923174508,0.8193051185348018,0.5643450057998427,0.48925753012980777,0.291568350908595,0.16695529162047118,0.005188148979721
17415,joint_noise_gta_semantic_cityscapes_dropout_pu_0_00,0_00,0.1773048872513916,0.467373548326177,0.687901126437222,0.8022041701249399,0.0,0.0,0.24844984270686712,0.2766690500813331,0.3247868888844326,0.4969421786348987,0.26407884842238066,0.8841436240346426,0.8713237442776625,0.5861114876369933,0.38301285313700406,0.34239287052676776,0.24844271377975363,0.1522189162558316,0.0005052474977869
08861,joint_noise_gta_semantic_cityscapes_dropout_pu_0_00,0_00,0.13769241801341503,0.4086407113976707,0.5930611250903655,0.7555138323979023,0.0,0.0,0.18664714369034568,0.24126241462606937,0.29889034023438965,0.41384844882852817,0.14567073471592154,0.6748615820789436,0.540283386242263,0.44464420009438477,0.3057460622117384,0.27667022289967685,0.23921697431332925,0.13243969923946583,0.0063398039434013
14884,joint_noise_gta_semantic_cityscapes_dropout_pu_0_00,0_00,0.1606243584614207,0.4117818248239165,0.5814130931321433,0.7465121386925972,0.0,0.0,0.2244278336167976,0.2709199045638847,0.3094870937176097,0.43137043471658815,0.17006113390400768,0.6483561594730274,0.540488489280929,0.42957392860458543,0.33644198173218337,0.30846510952579853,0.2793449613245188,0.14853644034343538,0.00302703526355
23640,joint_noise_gta_semantic_cityscapes_dropout_pu_0_00,0_00,0.16575563266713875,0.4526988681337357,0.6329735957634317,0.7753415993644661,0.0,0.0,0.2335581831631574,0.2648657014118257,0.30592466623207115,0.458815799162269,0.2525455506201326,0.8269242317853045,0.7298168448164768,0.45953350068130855,0.3139034562323021,0.27909178655960465,0.30549721745675773,0.1390916521461877,0.0016791061250398
06561,joint_noise_gta_semantic_cityscapes_dropout_pu_0_00,0_00,0.21445873936711074,0.5767138737271627,0.776736910574767,0.8457106156036883,0.9163169227762322,0.0,0.30278535948981666,0.34795147543791166,0.44080701001322675,0.7382150848479867,0.33645121670299144,0.9253165991398993,0.889830877244793,0.6605967870311568,0.4318446031709042,0.39149943438263446,0.2508290574892042,0.16455962672275184,0.0007206351959675
05933,joint_noise_gta_semantic_cityscapes_dropout_pu_0_00,0_00,0.20413701577114313,0.5860100172447567,0.7937007752316013,0.8637383521285596,0.9258394469522854,0.9568914149086147,0.2849871597152185,0.32914662671642597,0.411798502370954,0.7126793638030223,0.30491230735816016,0.9493590603773786,0.9277770214459912,0.6586161628407394,0.4245865170029441,0.37791060928159503,0.2694389680585158,0.15861985876645002,0.0011832211443444
10799,joint_noise_gta_semantic_cityscapes_dropout_pu_0_00,0_00,0.2012690155145251,0.39358317898080963,0.5779010814134952,0.7407797164512551,0.0,0.0,0.26392751173821605,0.2991677043983011,0.3453116928077882,0.4433660330204736,0.2217510995781922,0.6690180491876272,0.5433063164956521,0.3975627793633031,0.3100461138564281,0.3020637269595448,0.25820480540573504,0.1930092053286416,0.0001764985056282
13310,joint_noise_gta_semantic_cityscapes_dropout_pu_0_00,0_00,0.18129047128559667,0.4087474392564011,0.5618107364912098,0.7202264299538157,0.0,0.0,0.24625031141624149,0.2768906000462084,0.31378870091452005,0.4286476273163271,0.21285688312427442,0.5531677658348667,0.4541471938421027,0.3509322746492508,0.30525139979400995,0.28434440704430874,0.25720185752977875,0.17524345632407662,0.0034450426208652
09706,joint_noise_gta_semantic_cityscapes_dropout_pu_0_00,0_00,0.15651179803329185,0.42786154918548736,0.5740203255685096,0.7195843489905089,0.0,0.0,0.21857786281904382,0.2355684422036264,0.25326200998080023,0.3337480833506124,0.23291593619555342,0.5686326253591268,0.4540223875013356,0.34481665876279294,0.28551430747612894,0.26238235619938727,0.23993507497405903,0.16366438246052442,0.0039298773792245
22536,joint_noise_gta_semantic_cityscapes_dropout_pu_0_00,0_00,0.22152039723734449,0.5729798025180528,0.7555379286244633,0.8277612379229836,0.9153873081697845,0.9533916157725327,0.30571709628037363,0.347441278858864,0.4388726235829604,0.7329877961154019,0.30827792604529114,0.9238285015499221,0.8948022304050469,0.8582386227175945,0.527898381405708,0.463105943643298,0.18817779076609573,0.14533709152134042,0.0024000002057758
09215,joint_noise_gta_semantic_cityscapes_dropout_pu_0_00,0_00,0.16567647357898563,0.40736207547106673,0.5930341414130954,0.7415914541951862,0.0,0.0,0.2285770220936886,0.2582602813014543,0.2961916517146763,0.4235879441020115,0.24971117726647088,0.6776433332463409,0.5861723895455044,0.4071333970501774,0.313809231086477,0.28954388110178925,0.25463243724369095,0.16237946002209885,0.0047068651679617
03782,joint_noise_gta_semantic_cityscapes_dropout_pu_0_00,0_00,0.23187407924692288,0.6291074037913148,0.7588811272659252,0.8097463602904598,0.9158914202901881,0.0,0.3277167851255304,0.3930756900635124,0.5168626256273845,0.8133836167497046,0.33582260418533844,0.916706816902653,0.8861941738224498,0.8219014847435634,0.5594596584064163,0.4872870484352018,0.2939055679601559,0.1500148082209395,0.0007266640341004
24015,joint_noise_gta_semantic_cityscapes_dropout_pu_0_00,0_00,0.21003745940854981,0.5239565098844664,0.7419101228334828,0.8428216474481385,0.9308926588979191,0.960953627785925,0.28326236902420165,0.3153977828803931,0.3813240888564853,0.6106730750095579,0.2858904275927828,0.9649409517706065,0.886630263687981,0.6132425528789303,0.41685431687915103,0.37489221604078665,0.21025670117284703,0.15427362870183253,0.0003248133473857
18831,joint_noise_gta_semantic_cityscapes_dropout_pu_0_00,0_00,0.1557208597046359,0.4462112218519738,0.607662459280833,0.7495416331880373,0.0,0.0,0.2157559268483994,0.25667514877199954,0.2898187176829916,0.4250616395129259,0.225357975286845,0.6824314155436991,0.574756784421328,0.38929907279296677,0.28943665393051365,0.2706289918109829,0.30239484177278153,0.1461339136459721,0.003531770187702
08702,joint_noise_gta_semantic_cityscapes_dropout_pu_0_00,0_00,0.16739147707496987,0.4061736711646496,0.5988426106884329,0.7612632020496138,0.0,0.0,0.2258284763575762,0.28803824813671985,0.3337013739385111,0.4448328173824041,0.17093844933776528,0.7315693166934482,0.5907613572534431,0.42307680937057207,0.35609845014200503,0.33591106017798894,0.35174083386003213,0.16281212600191466,0.0007304071412614
05361,joint_noise_gta_semantic_cityscapes_dropout_pu_0_00,0_00,0.21349081372078,0.5632754523110511,0.7484331416862962,0.819227151999043,0.9297000155135283,0.9539307798267347,0.2938197479566101,0.3288679204461046,0.409217051445125,0.6916569503980201,0.3083798831277158,0.9491488729779606,0.915270456036973,0.6270751120888769,0.4139195782030557,0.37124281770807877,0.24337314214693148,0.16795399013814805,0.0015158381636893
13113,joint_noise_gta_semantic_cityscapes_dropout_pu_0_00,0_00,0.19628468237975366,0.4529102600464418,0.6410131124579559,0.79451052773154,0.9058677256735466,0.0,0.26437726459702665,0.33305222282866226,0.415747137404059,0.5836858958066276,0.21773608744265233,0.8732966544227945,0.8448439152251271,0.7669504257924666,0.5003732942362036,0.41064518176801346,0.41408463396791717,0.18769794334860487,0.0068473039961581
23253,joint_noise_gta_semantic_cityscapes_dropout_pu_0_00,0_00,0.17799125594862064,0.40326890755814454,0.5895212981866825,0.7352120790480015,0.0,0.0,0.2422108816763527,0.2577241788072084,0.29051220215523,0.4024459173072647,0.2450676995544795,0.6510432425130018,0.5041730024023984,0.4004271701186979,0.2930716471905617,0.2757069710865252,0.24552253097151788,0.1562794691312283,0.0035511580915529
10246,joint_noise_gta_semantic_cityscapes_dropout_pu_0_00,0_00,0.12900956049354584,0.40776316963733567,0.554562926890666,0.7203850015094424,0.0,0.0,0.17936096860532375,0.2400777528862015,0.288622223456128,0.4053147080959167,0.12900956049354584,0.6407181546787452,0.5504302632396638,0.45305635948588185,0.3883374332413843,0.3293533574459186,0.21646525035451486,0.12938131330152036,0.0016696330966342
17503,joint_noise_gta_semantic_cityscapes_dropout_pu_0_00,0_00,0.2238437820126782,0.39543135570973703,0.6054043316026106,0.7434325827874675,0.0,0.0,0.3148062834304798,0.3770953397604248,0.42677409246418346,0.5280279148311462,0.2391472511838589,0.7358687883449777,0.6650752217387992,0.5498786711458137,0.4170997307458094,0.3883640476682525,0.29749184957887403,0.21284568330922418,0.0001150807142183
02357,joint_noise_gta_semantic_cityscapes_dropout_pu_0_00,0_00,0.21053321262215713,0.5578831731073318,0.6763694917078544,0.7843519998677393,0.9218309128505605,0.0,0.29637438406313305,0.34227831297541644,0.4314760816309012,0.6872461801657953,0.31620670086760655,0.9230850330370207,0.8357080795184788,0.6366550380377598,0.4062347694162909,0.36197006122650166,0.3221906104013728,0.14690792448845802,0.002622047045488
12327,joint_noise_gta_semantic_cityscapes_dropout_pu_0_00,0_00,0.2037776659155448,0.39526013959754075,0.5887019364824257,0.7357028831015732,0.0,0.0,0.2700196448130751,0.29446250727924506,0.3379766617991372,0.4417260018450437,0.22236599804482743,0.6221108013311518,0.4867266273878454,0.38156232390946754,0.31493796798704976,0.28868303041264787,0.23802325930160056,0.20209027413362698,0.0019546331149395
06587,joint_noise_gta_semantic_cityscapes_dropout_pu_0_00,0_00,0.2266534127638682,0.5570276706328318,0.7414799571200897,0.819280121983092,0.9138564650351311,0.0,0.30451566713866646,0.344072187760168,0.43416714325194417,0.7116901251636026,0.321182775945993,0.9256362464209874,0.8627413645209882,0.6227209102503518,0.4136322580667404,0.3709965654374852,0.28509633272097096,0.1862593600034444,0.002288725421801
24223,joint_noise_gta_semantic_cityscapes_dropout_pu_0_00,0_00,0.1912347062369363,0.571974123602377,0.7252648120902921,0.795620414596225,0.9017782491749481,0.0,0.2699494484555071,0.3197341737563873,0.3964032490591748,0.6765417019012804,0.29751346472766327,0.8932419107639805,0.8691156158320461,0.685079841146138,0.4408751868146602,0.3895853988778407,0.37468233985204136,0.1430302350032276,0.0013176779555459
16207,joint_noise_gta_semantic_cityscapes_dropout_pu_0_00,0_00,0.18339429349084294,0.433444550839378,0.6043090030827486,0.7500955851083266,0.0,0.0,0.25407017227740547,0.28902068618930676,0.34427380296385596,0.4898262074694095,0.223624394248696,0.7535810738280069,0.63296534227387,0.5690690713835732,0.42450057908260846,0.3686489112211213,0.19065921257467172,0.13511408959593896,0.0002635277572614
18662,joint_noise_gta_semantic_cityscapes_dropout_pu_0_00,0_00,0.2481451231777272,0.5598904284180962,0.6775513423480242,0.8020613946555949,0.9173364592664921,0.0,0.31574471485037675,0.36025675826895487,0.4589504719721451,0.7080613640932206,0.32663159799153246,0.9195572930494547,0.8590120352115724,0.7522818248139816,0.4764984335423593,0.42086471013940735,0.30450736932968836,0.18786126779935083,0.001094879469415
13834,joint_noise_gta_semantic_cityscapes_dropout_pu_0_00,0_00,0.12093457967399165,0.4103080042651504,0.6088374056716439,0.7495458909669469,0.0,0.0,0.16642437534895768,0.22159909648197432,0.25713892043128755,0.34958114108041993,0.14724774017147407,0.654547283585081,0.4650059255130347,0.3175561254239733,0.2449739570056188,0.23353533681354965,0.23853430123896896,0.11692017118613922,0.0083811835415515
11064,joint_noise_gta_semantic_cityscapes_dropout_pu_0_00,0_00,0.2172753824191309,0.39344136891804443,0.5890748421553186,0.762087680224009,0.0,0.0,0.28853270142359894,0.32971093450950134,0.3763428022922673,0.47052649332542046,0.22732787305022553,0.7398514552349124,0.594101090627358,0.45031907734488885,0.3447970105468904,0.32105644194673255,0.2763234539921044,0.21547592334435814,0.0108083061725355
20721,joint_noise_gta_semantic_cityscapes_dropout_pu_0_00,0_00,0.2127752078489217,0.5491167993335316,0.7338500092066487,0.8088621073623462,0.9228786097532174,0.9568896969703564,0.2966122908092812,0.3342413972676491,0.41817279839592236,0.6866813733823035,0.29344644257357216,0.9485580212796576,0.8616353165736697,0.6438769726164597,0.42768014008290256,0.38113496025619203,0.20914068371301375,0.15308719050655514,3.876134502847287e-05
20408,joint_noise_gta_semantic_cityscapes_dropout_pu_0_00,0_00,0.20845260225721648,0.5509910292628128,0.6956932929194781,0.7832801556703256,0.9059855803050152,0.0,0.29138417529242655,0.33212848267949424,0.4166519098660257,0.6763714188375055,0.30545312961926524,0.8912103030414427,0.8697976789095029,0.7542188362410422,0.473885139994395,0.42374156142695246,0.22837337125446697,0.14863417528004585,0.0006937615325186
01219,joint_noise_gta_semantic_cityscapes_dropout_pu_0_00,0_00,0.25412709658866206,0.6069382287351892,0.7790113169452038,0.8179501411792762,0.9139211275921983,0.0,0.33555056760606233,0.3879515461778914,0.508511273595288,0.8193984119741825,0.3624833279152894,0.9197057582401749,0.899236718544125,0.8226723294799286,0.5484060828031424,0.47870240813282955,0.2532606491317596,0.18048896544550386,0.0019757959311835
00878,joint_noise_gta_semantic_cityscapes_dropout_pu_0_00,0_00,0.16618158025106816,0.412533400511871,0.5929359709372396,0.7392135510023811,0.0,0.0,0.2218907924521317,0.23763564214983424,0.25543192762549644,0.33878774362494457,0.24083746671950518,0.6757835036505222,0.5625157080542026,0.380668087164425,0.27598954293595673,0.2689514380395152,0.3276945658456288,0.18595754449799257,0.0088163747670918
18275,joint_noise_gta_semantic_cityscapes_dropout_pu_0_00,0_00,0.1724485424049345,0.40052253074269134,0.5844232278254392,0.7504775283786683,0.0,0.0,0.23714750304370835,0.24974830093246764,0.2773716184144835,0.3788673856151131,0.24585323308993515,0.6635965250374682,0.5502581956283288,0.3773242063513589,0.2787879997777146,0.2605962430870159,0.27364633118331705,0.16187865506048535,0.0041120236925386
19523,joint_noise_gta_semantic_cityscapes_dropout_pu_0_00,0_00,0.1807244001696237,0.4345471999036199,0.5879829085176883,0.7598517348689363,0.0,0.0,0.24791865890166023,0.26500525471675773,0.3013115765913519,0.44337415435510824,0.263491593669668,0.7176252187890805,0.5706770097904228,0.40867398914283043,0.30444385077311137,0.2844670099817607,0.27052489688175413,0.17967074299192345,0.0036622717694537
00466,joint_noise_gta_semantic_cityscapes_dropout_pu_0_00,0_00,0.20372749792642073,0.4819452338836789,0.6300934212608686,0.7637707798026168,0.0,0.0,0.2803392493190573,0.3105940088940604,0.37718071658205077,0.5740471856293629,0.293274093307391,0.8104289276238997,0.734972625418346,0.5066966864863057,0.34951323304600906,0.31916363101932116,0.2703804590349459,0.16701075138532842,0.0031809934853239
20116,joint_noise_gta_semantic_cityscapes_dropout_pu_0_00,0_00,0.23563764551093558,0.622007458056183,0.7509074283957237,0.81198689259512,0.9244586617620374,0.9612753431427095,0.33083245669880074,0.38198363220069065,0.49626812402307613,0.800595695665201,0.33886928208602696,0.9513182404931816,0.9271111734455864,0.7832876424356531,0.5106371643664693,0.4502153178110367,0.36306537654077053,0.14629736463696702,0.0013562922726205
05356,joint_noise_gta_semantic_cityscapes_dropout_pu_0_00,0_00,0.22550184538158946,0.5686197477869462,0.7433110729710801,0.8249614232024512,0.9245490968419783,0.9530715371246704,0.2985595257495692,0.33520684809456125,0.4192273011327425,0.7004694842229026,0.32468328014789444,0.940981385723521,0.9043209959301244,0.6881873034861673,0.432836922730448,0.3827617409775573,0.2548959452563041,0.1752260029865824,0.0001699693539715
23898,joint_noise_gta_semantic_cityscapes_dropout_pu_0_00,0_00,0.23797832274099479,0.6010737670258476,0.7510798153339484,0.8264297065257261,0.9251648458186955,0.956168842590152,0.3304948811374115,0.38118744991106707,0.4971736637547332,0.7976671597146372,0.3426768828187112,0.9542282722621686,0.9234634831114973,0.8273443320566988,0.5559575966953614,0.4826075138982196,0.3534615743099605,0.16541648088018746,0.0022440826887289
02725,joint_noise_gta_semantic_cityscapes_dropout_pu_0_00,0_00,0.20833484686647463,0.5826945337317616,0.6875680761644619,0.7840268964388895,0.0,0.0,0.2939999051907207,0.3399318144308564,0.4293319750900918,0.7043071706362956,0.31975876912005174,0.8581855694806572,0.8420431471597025,0.7503257284782957,0.4742345990596398,0.41799115784320684,0.20749348585125624,0.1471961500305414,0.0009867451205222
13237,joint_noise_gta_semantic_cityscapes_dropout_pu_0_00,0_00,0.18855458586195545,0.42020426504527636,0.5987819956582182,0.7318565786124877,0.0,0.0,0.25508394474706836,0.28847798199268443,0.33950800903233685,0.47014203017730577,0.2257782242205742,0.7174979021984563,0.6675143120201409,0.47749471617864614,0.3223326141828433,0.29350069873261797,0.3097390297167873,0.17851931629901,0.0023448747632834
10774,joint_noise_gta_semantic_cityscapes_dropout_pu_0_00,0_00,0.18822127132933625,0.4111154095355431,0.6014672315588623,0.7568210469546643,0.0,0.0,0.24833063271428119,0.2840766320545051,0.32866786897311173,0.44813369762367605,0.20915523798614893,0.736737702442007,0.6102738805128061,0.46866649799458043,0.30386185775284597,0.2678914744542447,0.24780377030841455,0.18242872284046605,0.0041012719768819
24198,joint_noise_gta_semantic_cityscapes_dropout_pu_0_00,0_00,0.17876518238112687,0.4446584691648608,0.630912078126087,0.7374727483008875,0.0,0.0,0.24812041127224665,0.28029428904899445,0.3300250886567186,0.4827027130618301,0.2511382476698928,0.744993062859418,0.5861320355119681,0.3932362687807894,0.31240927588727596,0.2940086288136855,0.28380081913910227,0.15130394756474708,0.0044870042001677
00469,joint_noise_gta_semantic_cityscapes_dropout_pu_0_00,0_00,0.21377559993183431,0.45228385822817224,0.6768379052618367,0.7930920693576542,0.9070873046870234,0.0,0.2687678315315358,0.2933958146686522,0.34879730285944993,0.5161227064292377,0.27922713948406525,0.8787190968215303,0.8249251522121477,0.5129549810045844,0.34787569474634794,0.31472298967514606,0.2900173879723274,0.1899067896759726,0.0030419801725724
17326,joint_noise_gta_semantic_cityscapes_dropout_pu_0_00,0_00,0.21801592401101288,0.5356056306903673,0.7278483626241489,0.8061208758996752,0.9196481181901216,0.0,0.2910983934147853,0.3250776409592108,0.40330724936488066,0.6570996211959452,0.3174838124526215,0.9259451087825109,0.8506058190813076,0.5975901953318236,0.39170169118935716,0.35589599594759014,0.27157936520442466,0.1759745503738564,0.0001257565252709
16364,joint_noise_gta_semantic_cityscapes_dropout_pu_0_00,0_00,0.15890138305769907,0.5701695564047902,0.7996397520212334,0.8477358888035879,0.9245943756171172,0.0,0.22501037568908033,0.283152162746507,0.33453782478920674,0.562956562654019,0.23878245996769648,0.9398195634588966,0.8672030767798538,0.550596051686335,0.36830135521491736,0.3336427817486636,0.20381981313951367,0.12518727726050058,0.0033062838497611
09515,joint_noise_gta_semantic_cityscapes_dropout_pu_0_00,0_00,0.1629561305270868,0.4426325949710391,0.6059885212252878,0.7497222120397643,0.0,0.0,0.2280845484307469,0.24071784108304314,0.2621829043856766,0.36068553639001505,0.2438790274356319,0.6833669450490547,0.5747838128318862,0.4187411345826249,0.30499976915042604,0.2843058664795056,0.28716239073695626,0.15324964567610752,0.0069453702505041
16292,joint_noise_gta_semantic_cityscapes_dropout_pu_0_00,0_00,0.22015114327024504,0.5144322445437972,0.7327483588659405,0.841967453784461,0.9151137770713186,0.0,0.2814531437684196,0.3112944088266318,0.37953155188876886,0.6104263920684536,0.29776566784414854,0.9153928046889864,0.8658230826105919,0.5575831309104592,0.381875585198144,0.34486689012875715,0.2885513280667367,0.19189270465183741,0.0001324786041267
09715,joint_noise_gta_semantic_cityscapes_dropout_pu_0_00,0_00,0.14010925549953024,0.43091339363297887,0.6043471015283325,0.7539624413238317,0.0,0.0,0.1965695775604666,0.2430436521011145,0.2670103465500577,0.37500738698057323,0.22341392618933387,0.7266505613968585,0.6519474595261892,0.4108850628044415,0.26300187541557707,0.2464464932598727,0.27346651516664017,0.13097374421554836,0.0037132762713194
08698,joint_noise_gta_semantic_cityscapes_dropout_pu_0_00,0_00,0.17526752387739114,0.43239488958165945,0.59027827392046,0.7721396120234459,0.0,0.0,0.23818359382960094,0.29118033466791426,0.3303230105692411,0.45592777880849467,0.18122032875412744,0.7634492733539264,0.6249571732106451,0.47239789874365784,0.3432244978856536,0.31785938877675346,0.38702790029726575,0.17419887981423757,0.0028107436881536
18893,joint_noise_gta_semantic_cityscapes_dropout_pu_0_00,0_00,0.16282138835697732,0.43293808907769754,0.5855247985663897,0.7500071918652821,0.0,0.0,0.22958944426925837,0.25624134167889334,0.28724825554645417,0.4180623470143756,0.2529105890261845,0.6637013175306383,0.5654507148341256,0.40923997254933375,0.300366332610548,0.2846126594995918,0.324879733932526,0.16843385178298212,0.0028391904920499
09440,joint_noise_gta_semantic_cityscapes_dropout_pu_0_00,0_00,0.18315252224406023,0.45823060791767073,0.593032600345491,0.7354296380678701,0.0,0.0,0.2462558592043871,0.2868075416619147,0.3454936715843687,0.5177134367922507,0.25797888457406615,0.7216357804803618,0.6192783943414413,0.47632778129171266,0.3580412858362933,0.3330538975783375,0.3364540483191362,0.16607878512195132,0.0097971043755922
22961,joint_noise_gta_semantic_cityscapes_dropout_pu_0_00,0_00,0.1873154764418849,0.4889177805689423,0.6483711201251456,0.8007491371965858,0.9011766557632211,0.0,0.25889114261498175,0.2979233010723223,0.35987731690593355,0.5561537779407592,0.2694295042219509,0.8666745210080589,0.811907142601074,0.5439568415745815,0.36414129190390815,0.3296389767108373,0.32375590979130775,0.16077201742537317,0.0017958567685582
05310,joint_noise_gta_semantic_cityscapes_dropout_pu_0_00,0_00,0.19012084360047143,0.4611646229063459,0.6284226089443159,0.7492261726080953,0.0,0.0,0.2615651212728575,0.2906011238641282,0.344488331685416,0.5170328657487714,0.27699021640483024,0.7888017767303411,0.7262546551280997,0.4783298876940217,0.33912231099048556,0.30778668797878184,0.25332874745149125,0.17378504465901579,0.0037236769851639
15696,joint_noise_gta_semantic_cityscapes_dropout_pu_0_00,0_00,0.1556457915417105,0.42558022167534293,0.6088132723216753,0.7569611826876819,0.0,0.0,0.21212265340419342,0.2527691070221847,0.28905582887451325,0.42115663595340397,0.23482002369636693,0.7190906925045928,0.5868389497230764,0.44311426138080423,0.3277711776053991,0.29921022265655184,0.34083840618251177,0.15134715939524293,0.0010136495262657
11852,joint_noise_gta_semantic_cityscapes_dropout_pu_0_00,0_00,0.17977004284198492,0.412266625997089,0.5889953249753794,0.750153173946448,0.9009426674206963,0.0,0.23683441497587696,0.2777039925049347,0.32408888798618224,0.446762707179342,0.19763932454664612,0.7076803083719062,0.5410139691262963,0.4017350811299387,0.30436645474973045,0.2842512170505832,0.2486749214570525,0.17196689607983878,0.0055012990089931
01300,joint_noise_gta_semantic_cityscapes_dropout_pu_0_00,0_00,0.23171881681233467,0.5343580211958255,0.639383165337861,0.7697197712575824,0.0,0.0,0.29928017008252966,0.33683088897140223,0.42318011755284907,0.6493185047367663,0.33428246276613005,0.8684778561853844,0.7932951741447586,0.6666095022761835,0.4374411421726226,0.3856585890000981,0.283614039045802,0.1809893625048408,0.0024890673442765
22348,joint_noise_gta_semantic_cityscapes_dropout_pu_0_00,0_00,0.23018761815097735,0.5450963695828506,0.7580978596786737,0.8058264509120413,0.9056240338421404,0.0,0.3017827641455162,0.3397835033380592,0.42672032720415515,0.7068193991385356,0.32954144656450746,0.887943738006035,0.8621409602992399,0.6903643523307857,0.44032649315973765,0.3917001509032097,0.36017556768799336,0.18438887522740305,0.0042072609553061
00280,joint_noise_gta_semantic_cityscapes_dropout_pu_0_00,0_00,0.18621567843327919,0.467232831975531,0.6210444665491665,0.7688396227847285,0.0,0.0,0.25713405241978277,0.27928596162879343,0.32544799619228415,0.5006890317957249,0.28064386934924845,0.806998852825085,0.6431435049905665,0.5215503720022562,0.30341190439853216,0.30255570150973987,0.3436260556738774,0.1707177922142298,0.0017433670199824
08774,joint_noise_gta_semantic_cityscapes_dropout_pu_0_00,0_00,0.1124191504953614,0.40343929569872833,0.6023098226160553,0.7572437690894346,0.0,0.0,0.15122761627223716,0.19476873515602822,0.2541441803044308,0.33289287942185736,0.12353040519399125,0.6652401371014635,0.5075791940991468,0.33147240710490633,0.2692626141459231,0.24052049346174822,0.26299396456790447,0.10633025251216262,0.0057129041701391
00030,joint_noise_gta_semantic_cityscapes_dropout_pu_0_00,0_00,0.26789016504099833,0.613301772743028,0.761604732421009,0.8242070866838355,0.912516117105003,0.0,0.3666218996919293,0.43503251096311574,0.5762613035177974,0.8398854043086705,0.38421729695603657,0.9282545594693721,0.9148480148975117,0.8674015889093077,0.6347654806072681,0.545534841464646,0.3636060408406653,0.17988583464890975,0.003964232659009
20878,joint_noise_gta_semantic_cityscapes_dropout_pu_0_00,0_00,0.22498846938081699,0.6479736937851241,0.8256737418117843,0.8641038728609566,0.9183077395626216,0.9552131067814543,0.31465807280505764,0.3592082111141113,0.4613663092419898,0.8257003532814984,0.33069979786684417,0.9426743630260827,0.9226081413135984,0.8945317383291058,0.554728754320081,0.48388447934302814,0.20157798893891005,0.15058566741547189,0.0024989234537229
24253,joint_noise_gta_semantic_cityscapes_dropout_pu_0_00,0_00,0.19438483198854994,0.5699229909487962,0.6965450575071885,0.78862982125273,0.9003471412069641,0.0,0.27212111814069223,0.3088663789705253,0.37926238348284974,0.6494733332031533,0.2935951311425813,0.8906139418516759,0.8547052543313756,0.7010896104826446,0.44385626323495075,0.39580527423808815,0.2313241102157677,0.14850402959454953,0.0020446570902098
19888,joint_noise_gta_semantic_cityscapes_dropout_pu_0_00,0_00,0.24500341128181727,0.4739544404219375,0.5964682240858545,0.7489628051478735,0.0,0.0,0.3417005795058186,0.4094802733621965,0.5009783544044745,0.6099525041178178,0.37697774233192655,0.8058054019983547,0.73901901488662,0.6456060399623237,0.549331563361605,0.5304173965558147,0.4509872353324753,0.24157626742835855,0.0074098494790351
08098,joint_noise_gta_semantic_cityscapes_dropout_pu_0_00,0_00,0.16493646585501157,0.41524299867602554,0.5952459498305303,0.7366521985214722,0.0,0.0,0.23155104139691335,0.24415795687492048,0.26551398965596446,0.36003161161511665,0.2450736519986652,0.6481696226009972,0.5585537501453554,0.37198041887795585,0.28023083322599623,0.2629244337657474,0.331909606914681,0.1623436149917313,0.0037707649728435
07918,joint_noise_gta_semantic_cityscapes_dropout_pu_0_00,0_00,0.2089518463812123,0.44247159439245215,0.6008486248896836,0.7428614756993024,0.0,0.0,0.26667212390863415,0.28983339264056235,0.3413670678779834,0.4945960142834401,0.29338012157661475,0.7448977199243194,0.6078180116581201,0.4435415888713605,0.3357812235673556,0.311894774123119,0.3183444977660198,0.18472158357605814,0.0026737979963375
05678,joint_noise_gta_semantic_cityscapes_dropout_pu_0_00,0_00,0.2258002850127324,0.5344750313982739,0.6927867339768002,0.805170640427572,0.9107926614229963,0.0,0.30240116270546447,0.3406248337409161,0.42704829728017163,0.6752412986612042,0.31641405559028896,0.9181297008387699,0.8826696427348084,0.6129790607369897,0.40251571283993504,0.3679076722461487,0.22683632886026062,0.1693110132726805,0.0008065573177305
10899,joint_noise_gta_semantic_cityscapes_dropout_pu_0_00,0_00,0.12961462931079518,0.40801715024773033,0.5804315194866745,0.7430181851347714,0.0,0.0,0.17747271894366434,0.2319580198512889,0.2882096062970585,0.4031710189992601,0.14113394586151157,0.7155119150757813,0.5896035276165303,0.4538853948968054,0.31267306017956237,0.2823657564237582,0.2710754945284152,0.12844963182337754,0.0055591935758491
24738,joint_noise_gta_semantic_cityscapes_dropout_pu_0_00,0_00,0.18466393457865105,0.6358238263644431,0.7770052906674918,0.8511658240240947,0.9080380500215605,0.0,0.26010094786061516,0.30962161943348426,0.3795762966126635,0.6843104037101819,0.2962217485272573,0.91179251181077,0.9031663798350184,0.6056044349798106,0.4020394037752198,0.3605561085819071,0.2487085256404155,0.13751625987462893,0.0066001739741089
23888,joint_noise_gta_semantic_cityscapes_dropout_pu_0_00,0_00,0.19836622952233135,0.588204810569132,0.7157744638307595,0.7883749360231682,0.915414728238841,0.0,0.2782620854219135,0.35053499691082535,0.4469192193986047,0.7372297980414145,0.28587133271391546,0.9199377435404601,0.8856737078656325,0.8418289474397419,0.5736633788244354,0.4914989754240941,0.24131180964895824,0.12868041249232437,0.003905268390981
06631,joint_noise_gta_semantic_cityscapes_dropout_pu_0_00,0_00,0.2183647527715122,0.5762662510095066,0.7359198101745061,0.804575889308666,0.9136947729480257,0.0,0.296904105441982,0.33309628642220984,0.41595119212592635,0.7033380861013198,0.3300258716932382,0.92221187166522,0.847122633092367,0.6170448311276162,0.4087193795563567,0.36776216354014757,0.22207021422634737,0.16140216525210746,0.0014088549171461
23654,joint_noise_gta_semantic_cityscapes_dropout_pu_0_00,0_00,0.22187595359602924,0.5616672848630644,0.6896021443686141,0.8127584576813461,0.9183902712549813,0.9532898086670766,0.3089598844074383,0.3604021769859259,0.46280792398181053,0.714111733479658,0.3049070897699028,0.9272171891448882,0.8724414793575315,0.6304213538496642,0.5637967189132386,0.5231877156637191,0.3689110571068258,0.16406695614892516,0.0004393777833363
22579,joint_noise_gta_semantic_cityscapes_dropout_pu_0_00,0_00,0.24313585911340463,0.5153446069640519,0.666754329492444,0.791191562298054,0.9152010719234557,0.0,0.3264267315157023,0.3754432266753064,0.47574576225997506,0.6924920967227743,0.30787722243867643,0.9266523829973248,0.8384845689489815,0.7520800106187571,0.577288604126559,0.49208050158836913,0.25209734845288306,0.16806645846594725,0.0040427548223336
13014,joint_noise_gta_semantic_cityscapes_dropout_pu_0_00,0_00,0.19532788914564214,0.41656356240913023,0.5959939520959132,0.7414260372007279,0.0,0.0,0.262172571892452,0.2902200766946768,0.3488713737297558,0.47692549025496567,0.2646528232002067,0.6591345485195653,0.5422343799544405,0.46962158461451686,0.3754390906676564,0.3262241518588997,0.25587892201584306,0.17752567833115243,0.0027751240469913
22280,joint_noise_gta_semantic_cityscapes_dropout_pu_0_00,0_00,0.1882770474400157,0.41292250475529485,0.5946033237388231,0.7657115411487335,0.9080172625704599,0.0,0.2531700292945827,0.27175117740614146,0.3131065702743132,0.43964651732876436,0.263302816086767,0.7418154615947182,0.507538150078044,0.3951863950354829,0.29221401257082485,0.2737979036619176,0.29453011223662195,0.18217307981940015,0.0024585544875441
10487,joint_noise_gta_semantic_cityscapes_dropout_pu_0_00,0_00,0.18661152825195385,0.407173709298917,0.5988055442066715,0.7424622884676345,0.0,0.0,0.2520194538779579,0.28876279952091904,0.3324288618712151,0.4490801151317206,0.20357359146481846,0.7025443347725764,0.5659928865106058,0.4252824176554452,0.3453421398360317,0.3141690895695454,0.29341630235044525,0.18577398428481698,0.00790208924274
15818,joint_noise_gta_semantic_cityscapes_dropout_pu_0_00,0_00,0.14146118776679828,0.39960649544521676,0.6083945172057343,0.7429819105784775,0.0,0.0,0.19857493486623615,0.24749745187179245,0.2768411422998145,0.38347249173890574,0.18972378235278498,0.6559023637911833,0.5304097037164263,0.3780379503923139,0.2871999000897767,0.2653913873498405,0.24647355140007415,0.13681108110867934,0.0056573553307069
13439,joint_noise_gta_semantic_cityscapes_dropout_pu_0_00,0_00,0.12534254366951364,0.4275075701093312,0.5902300565459039,0.7430849581372989,0.0,0.0,0.1727959600298609,0.23072136788881856,0.27682448509741187,0.38100186210353754,0.13324314799618958,0.6551896869888452,0.5529080996348896,0.42973515290213044,0.29484200133797284,0.27718801759986755,0.30249508939638153,0.11714944452407794,0.0015850994367322
17460,joint_noise_gta_semantic_cityscapes_dropout_pu_0_00,0_00,0.3060795039904831,0.42878744063383467,0.5757824108939308,0.7350513528866112,0.0,0.0,0.39567425012868934,0.4415946247509372,0.4948348036120323,0.5794816510737141,0.34354726438937744,0.7459328283864989,0.657043482232366,0.6007939024565583,0.5074856230030739,0.4781030395608152,0.3811187190482841,0.30340606765552264,0.0041885382324455
22739,joint_noise_gta_semantic_cityscapes_dropout_pu_0_00,0_00,0.18500651104651117,0.5253502111165701,0.6655805940440692,0.7608534266043778,0.0,0.0,0.259011541958767,0.31690075587218736,0.3904801037681603,0.6283578280615539,0.2777062276789803,0.8177549458359067,0.7942347244104414,0.6430689583883269,0.41625418990286567,0.3639865070928846,0.23602440157088364,0.14411666000003326,0.001999365700133
20074,joint_noise_gta_semantic_cityscapes_dropout_pu_0_00,0_00,0.1758314741158259,0.40982095975084776,0.5852845248286329,0.7507045239537199,0.0,0.0,0.24085975154194542,0.2567673618488495,0.28739424989638085,0.40142652573933085,0.2354469678092627,0.673755440262464,0.5726106538371561,0.392924716029594,0.28214226182633495,0.2672827669230541,0.25848661584913823,0.1656085661455523,0.0044572794416023
07190,joint_noise_gta_semantic_cityscapes_dropout_pu_0_00,0_00,0.24702557748698792,0.5184028425619549,0.7151003056027057,0.8225197766427877,0.9140487889865749,0.0,0.2899127825727189,0.3229734375541606,0.39659569418699775,0.6354408595947711,0.30938723750707875,0.9176788227824568,0.863545011418412,0.5590566526640152,0.3766898228149263,0.3421410432607281,0.24143030897086926,0.21106920555803393,0.0046337695950632
13243,joint_noise_gta_semantic_cityscapes_dropout_pu_0_00,0_00,0.1949622838561424,0.42237243135789865,0.589392456174204,0.7491098236150995,0.0,0.0,0.2646446564242934,0.2952968450929527,0.3416229978885159,0.4699880317253874,0.2174941121922921,0.7295862857460333,0.5245702904246934,0.3881286850816776,0.3126020380338937,0.2903700909989758,0.2951034347685768,0.19068606836070667,0.0032709978400337
05593,joint_noise_gta_semantic_cityscapes_dropout_pu_0_00,0_00,0.28734501993918443,0.6389699525076181,0.8072424675790385,0.8709951684914636,0.9223005906463044,0.9541359887088402,0.37242783316764866,0.43886959201862874,0.5854056973476817,0.89023456293244,0.380472922631764,0.9519304857328882,0.9385575740782293,0.8937811808893622,0.6248855767498062,0.5429756005381844,0.30114001079152,0.18986783559255863,0.0036868623228874
07289,joint_noise_gta_semantic_cityscapes_dropout_pu_0_00,0_00,0.19907415419326896,0.4642015125909416,0.6771743737280138,0.7872846956250378,0.0,0.0,0.2710036432532904,0.29773418715293254,0.3539775593892396,0.5294605993147482,0.2665564673068994,0.8473514666019372,0.7282404738770694,0.4577913950285262,0.33371303948827186,0.31566598288161074,0.2829802559719506,0.16212070731969264,0.0020201791871163
02194,joint_noise_gta_semantic_cityscapes_dropout_pu_0_00,0_00,0.2035878313463257,0.5445765587407159,0.7012337618339876,0.7646330722317668,0.0,0.0,0.28186106160517027,0.3185635852722424,0.3916625829558453,0.6438394537304677,0.2996115300040668,0.8376191022226833,0.8171434020360853,0.6272748858723705,0.4078727303586849,0.36459072280815324,0.2591287594146733,0.1592013561369151,1.5674126436003895e-05
03251,joint_noise_gta_semantic_cityscapes_dropout_pu_0_00,0_00,0.2678652899935365,0.644750443160036,0.8341033829319773,0.8724305782541624,0.9206294575817593,0.9532962728391468,0.35186385155421324,0.41110269233408897,0.5442988259717743,0.8840819039897443,0.3759167703160462,0.9449495661918651,0.9265609917569815,0.9211794003544382,0.5943498833984591,0.5130366080460556,0.22394647928881586,0.1844051452994272,0.0002758307913541
21753,joint_noise_gta_semantic_cityscapes_dropout_pu_0_00,0_00,0.1753661552946192,0.5235455881171898,0.7416807161831839,0.866048658294662,0.9214979990858926,0.9517297909031851,0.24564599558155373,0.27219563899636595,0.31692781853209806,0.5153328557799073,0.27028357762440997,0.9378283834304604,0.8720476444932688,0.5397272747374717,0.3576800082903188,0.3216222580050305,0.28745897595748604,0.1552158752423684,0.001519354561831
01708,joint_noise_gta_semantic_cityscapes_dropout_pu_0_00,0_00,0.25087489746805164,0.5464756943617471,0.6906750304040702,0.7730391221465692,0.9110155162497992,0.0,0.3242904596838256,0.3722112846942458,0.47844241078507804,0.7224830712848979,0.3393439250244169,0.9034349088404783,0.8673428533059832,0.7990824439145708,0.4946283247660246,0.4343255376717262,0.2820232747897084,0.19182086007382493,0.0003998526782231
11635,joint_noise_gta_semantic_cityscapes_dropout_pu_0_00,0_00,0.2022974875063577,0.40302846092674405,0.5912049762880012,0.7489622988410427,0.0,0.0,0.2705588818095188,0.29813750231615754,0.3498466015581742,0.4631622231031534,0.23977154065474326,0.6558350169348478,0.5512363145379784,0.4170637061650526,0.3387447638813961,0.315113321209506,0.20756106389208984,0.2042483089935657,0.0049927203948765
21538,joint_noise_gta_semantic_cityscapes_dropout_pu_0_00,0_00,0.32907148597213276,0.6012441928724274,0.7257215526329511,0.8309350408143366,0.9177388621507647,0.9511997341772752,0.4017546780830894,0.48032517867798163,0.6345632860189083,0.8493800558938535,0.4574013822854558,0.9430874293464555,0.9299369296505005,0.8775987197139433,0.5858638561128683,0.5052957738075162,0.29759212457443496,0.22709415634856095,0.0046469059771014
12614,joint_noise_gta_semantic_cityscapes_dropout_pu_0_00,0_00,0.13418019813781817,0.4065659322683935,0.5863955545516591,0.7938832638055376,0.0,0.0,0.17954819161339372,0.2315213968466861,0.3044950548039543,0.41213654117484205,0.13493030491656754,0.8314267552795997,0.5396840832248698,0.4023478245631042,0.30879355709693485,0.24809770201198308,0.30609561015493963,0.1330417059336175,0.0030689083845412
15258,joint_noise_gta_semantic_cityscapes_dropout_pu_0_00,0_00,0.16807067914290308,0.48751531081481825,0.6471591977454686,0.7646345978263285,0.0,0.0,0.23345163578393768,0.2659890526059313,0.30709261562224077,0.4754482880308529,0.25430608397945165,0.8353605843237369,0.8237589709862676,0.6055337186097586,0.34930404497278045,0.2977845023317424,0.31091346000270953,0.1504864413539585,0.0038333420478106
10196,joint_noise_gta_semantic_cityscapes_dropout_pu_0_00,0_00,0.20644210975558125,0.43055132692548254,0.6024353511485804,0.7432730245186606,0.0,0.0,0.2596389382412645,0.2822396487252306,0.33124889682279823,0.4744110593515411,0.2707104011315055,0.701051306847918,0.6077365989627992,0.5106292783400571,0.3489637880816235,0.3137985128909146,0.26647798832325487,0.1953613705795096,0.004558255094977
22957,joint_noise_gta_semantic_cityscapes_dropout_pu_0_00,0_00,0.21059893102900623,0.48376030780143425,0.6279541657741836,0.7546400078516557,0.0,0.0,0.2914492601968345,0.33428911281583407,0.415997386084279,0.6085266599236671,0.2949820649891792,0.8287868142513467,0.8090089139647897,0.5956845670918504,0.3962325654824651,0.35508007085886123,0.24912635373474584,0.16866930933835428,0.0060071507764237
10561,joint_noise_gta_semantic_cityscapes_dropout_pu_0_00,0_00,0.24236882741439042,0.4158782976622328,0.5846824363739913,0.7545677724469382,0.9020756241211804,0.0,0.28116879888716356,0.3145343858988349,0.38119876470744346,0.4950127718137663,0.27124606301268656,0.6848134014914387,0.6104463935103361,0.47190128864715725,0.3478233424807852,0.31200903101460825,0.3692355938016682,0.25293339481900845,0.0028895988672635
19853,joint_noise_gta_semantic_cityscapes_dropout_pu_0_00,0_00,0.2643185336927447,0.4498224621238076,0.543836924511133,0.7230740223753582,0.0,0.0,0.371138686138481,0.44546438239720343,0.5024877347789783,0.5564830133931347,0.3096198858375787,0.7056487164036328,0.620815235110964,0.5499745136458358,0.5189421589380182,0.5019250061279904,0.34565493416634674,0.26371447231263573,0.0051211874597392
24160,joint_noise_gta_semantic_cityscapes_dropout_pu_0_00,0_00,0.19995092360097438,0.48149164766087155,0.6744276841631822,0.7488271147936,0.0,0.0,0.2755578287404588,0.3051568082677644,0.3676545558613469,0.5538758662807338,0.28432089884916983,0.8068888287906947,0.7523741651081167,0.529133985431734,0.3936648319877001,0.3638722596368989,0.23657798291281756,0.15396538851751843,0.0032152188603972
09486,joint_noise_gta_semantic_cityscapes_dropout_pu_0_00,0_00,0.2310726380695891,0.4562790666037027,0.616795687058443,0.771151501328724,0.9069840403689061,0.0,0.29998433811316655,0.3381036279154201,0.4071339427256519,0.5737606343477727,0.29637779158355115,0.8366396460760329,0.8173320195963747,0.6992925834817434,0.4226942204388571,0.36109993715082767,0.31656730756915047,0.21874239352293498,0.0056722476138248
02789,joint_noise_gta_semantic_cityscapes_dropout_pu_0_00,0_00,0.23396695477476603,0.6349697560214017,0.7802644514399009,0.8296864638509138,0.9179060666750951,0.9548671795052079,0.325009432371485,0.37441062402421305,0.4865814018547494,0.8208261339505057,0.3366349534398981,0.9412641950322737,0.9170994118687656,0.8823965125931589,0.5713747358980265,0.49620123774663927,0.24267101896443816,0.15571752272576375,0.0013087023703466
20174,joint_noise_gta_semantic_cityscapes_dropout_pu_0_00,0_00,0.23507645242091046,0.5834056608858166,0.7502605470008963,0.7971002631808558,0.9122187185647371,0.0,0.31082623426500744,0.3535858522990907,0.4502235989257044,0.758667264543778,0.31811378286954445,0.8907939950935355,0.8524520433690597,0.7726817132980551,0.4851180761002405,0.4286788482350148,0.37973166332702757,0.1745658046837323,0.0108600730731815
03159,joint_noise_gta_semantic_cityscapes_dropout_pu_0_00,0_00,0.23762949838117628,0.6192229070418934,0.791002051434913,0.8337693112860107,0.9136386646786506,0.0,0.3346156058354287,0.39183475122152456,0.5132727275010041,0.8381545164065576,0.3312683438853328,0.9233668933388696,0.9013794165271892,0.8812887589653493,0.5569423895171614,0.48409041296153865,0.2621655353328877,0.1515694958905017,0.0011830188804262
17880,joint_noise_gta_semantic_cityscapes_dropout_pu_0_00,0_00,0.20429124860010672,0.4353139483064304,0.6069597961407798,0.7351111712435386,0.0,0.0,0.28203116901055053,0.33645796816745477,0.38809782441157176,0.5318081771372243,0.2092532766306344,0.7548097166815014,0.6560845257601422,0.5189483042745839,0.40531632973027987,0.3650029701884339,0.32246098560659153,0.1974484873834354,0.0020263507865982
13711,joint_noise_gta_semantic_cityscapes_dropout_pu_0_00,0_00,0.15054442125449288,0.4193969525270691,0.6037215500749001,0.7678327635458216,0.0,0.0,0.20709632877278444,0.25055019380581506,0.2837489826113929,0.4026958589234823,0.2146355849680058,0.6362183709261197,0.4974924494542756,0.34717670448518734,0.2684279176877687,0.25449350866572606,0.27456355141156086,0.1470481639424468,0.0036049154214328
08725,joint_noise_gta_semantic_cityscapes_dropout_pu_0_00,0_00,0.15885167755173835,0.4240091518374088,0.609497697284809,0.7638925227368161,0.0,0.0,0.22010954536700214,0.26584001254132017,0.29720068884212775,0.41819535957410187,0.16466774066007167,0.764216928789422,0.6587689181967484,0.4910512216344528,0.3322744336499304,0.30110869595274936,0.31574920793478023,0.1504964179436542,0.0022491731453229
22895,joint_noise_gta_semantic_cityscapes_dropout_pu_0_00,0_00,0.2002086556232075,0.5625654644380237,0.6498187260881985,0.7470524845765841,0.0,0.0,0.2745966281633257,0.33077368624200076,0.4131143493817561,0.6599734855371981,0.28279010402004484,0.8051294652668491,0.7742300489840315,0.6732606032182085,0.47867347074642125,0.36809953599960316,0.44089980158126574,0.18839633073570827,0.0011818623291762
21934,joint_noise_gta_semantic_cityscapes_dropout_pu_0_00,0_00,0.20981117273423522,0.6464329664223224,0.8636277864543266,0.9052440595771303,0.9261891933222948,0.9602770084784267,0.28943982078150654,0.3229039281716597,0.3998885861447916,0.7271840683861486,0.3175364164693734,0.965137481722844,0.9295922846648332,0.67909767128718,0.43962910764726537,0.39201053692907634,0.2332610312852063,0.15996275210552366,0.0022901011892638
05974,joint_noise_gta_semantic_cityscapes_dropout_pu_0_00,0_00,0.267030307715073,0.7091638264462946,0.8805828147115826,0.9201646943175692,0.938208049840634,0.9596443832605578,0.35113767694791037,0.4099869606576812,0.5453721068332723,0.9343953893072842,0.374666481218419,0.9723935705043921,0.9651247382105725,0.9519157984913087,0.6228618245385839,0.5371532751960469,0.1631890984123642,0.17508892889382038,0.0035580162910223
07739,joint_noise_gta_semantic_cityscapes_dropout_pu_0_00,0_00,0.19070197670288855,0.4647136208653909,0.6910625603088094,0.8599911262976717,0.9441467697654793,0.9582869045452258,0.26239307922611266,0.28351999923725074,0.3312098566029323,0.5025853620542835,0.2831755780187421,0.9492494256983902,0.6278173019392278,0.4148990356010216,0.3124521346965313,0.2911417072155931,0.32209985184703077,0.17558777435244588,0.0005492650331983
23968,joint_noise_gta_semantic_cityscapes_dropout_pu_0_00,0_00,0.17486086259910286,0.5107456349915426,0.6636395150620805,0.7420664548852292,0.0,0.0,0.24169356178003873,0.28262993011106474,0.3339862543246533,0.5312033488398861,0.2710900067900449,0.8243379831670182,0.7278547401277186,0.5166253326881265,0.3589133393416572,0.3267422867992234,0.3537307947639251,0.13633762962573684,0.0060563483818574
04214,joint_noise_gta_semantic_cityscapes_dropout_pu_0_00,0_00,0.24162128713948444,0.5801666269801355,0.776185986028702,0.8628792757740709,0.9291948444876749,0.9536935813731362,0.30704165935688055,0.34667440159150525,0.43806468419526073,0.739260645427025,0.3476173658931741,0.9488103505872287,0.9262171423616866,0.6675196026984633,0.42805746232960634,0.3803041048375778,0.29263500993124003,0.18864376503360594,0.000292486654999
04572,joint_noise_gta_semantic_cityscapes_dropout_pu_0_00,0_00,0.21245874231565687,0.5787241436231444,0.8115886429073632,0.865395458450429,0.9118831060504241,0.0,0.2975589172336624,0.3405249869375213,0.4291777041717733,0.73709175187003,0.3105670754663088,0.9211741367420362,0.888109432923481,0.6766263433374365,0.43958277661387135,0.3925257674154847,0.2525520455081,0.16169691519685894,0.0029835137040927
19977,joint_noise_gta_semantic_cityscapes_dropout_pu_0_00,0_00,0.16108824249334588,0.4321756271543352,0.6126659856816218,0.7532357591340375,0.0,0.0,0.2262430986967158,0.24131254161235857,0.259749285534012,0.3358534574615249,0.24265306432713257,0.6995198486448747,0.5330780498716753,0.3995292014473775,0.2874613907986777,0.2709723420390787,0.2812494240754758,0.159224794316768,0.0070021442452344
21059,joint_noise_gta_semantic_cityscapes_dropout_pu_0_00,0_00,0.22700862944871913,0.5034563090187067,0.6918329452989028,0.7952656354277697,0.9119187357305993,0.0,0.30012509527875203,0.3382640886902861,0.4234948784302257,0.6491654326541575,0.30762101449713924,0.9079948772605768,0.8717714328455556,0.7417162755684824,0.45793995090883605,0.3959040290555609,0.3093515759091532,0.17516905559019672,0.0027962761136129
11414,joint_noise_gta_semantic_cityscapes_dropout_pu_0_00,0_00,0.17195055819894198,0.43397126895759125,0.6065127386180331,0.7466183351755326,0.0,0.0,0.2358706393366356,0.2562245526441492,0.2942138628638033,0.4332019324667553,0.2521592571614789,0.7413970026270124,0.5553034163632536,0.4411396611863654,0.31389419237755173,0.28804080164107015,0.2620741184947294,0.16671140446727356,0.0020376229214256
00665,joint_noise_gta_semantic_cityscapes_dropout_pu_0_00,0_00,0.23392124913351348,0.44573969238483196,0.6271349480354772,0.764433277532841,0.901709850103214,0.0,0.2766630338082357,0.3024563817414715,0.3591395577689157,0.5182380623165189,0.2940448993791327,0.8248173336810549,0.726347102654388,0.45716943067340177,0.3368380645763304,0.30790054817641804,0.3209661676175719,0.21476127571194728,0.001576335361813
09591,joint_noise_gta_semantic_cityscapes_dropout_pu_0_00,0_00,0.2140131739446211,0.46025040616480095,0.6017273269892595,0.755111036107735,0.9031046214290213,0.0,0.28184790650072244,0.3096424593582879,0.36891552273157696,0.53636374103733,0.3078889596774234,0.7742785974389886,0.7185579418784667,0.5607903267257042,0.38868591037124034,0.3458766642114763,0.4225928872761517,0.1913877976801876,0.0016135211975368
08128,joint_noise_gta_semantic_cityscapes_dropout_pu_0_00,0_00,0.16844421530957482,0.43183654770733954,0.6019179928500954,0.7434815710282687,0.0,0.0,0.2344573460721851,0.24913456599287864,0.27732612374243404,0.40324588062001404,0.25243010270494276,0.6625548519231846,0.5139879828027231,0.4252602124206768,0.2721284094831485,0.25119890551867247,0.2956260503089073,0.1599637912725976,0.0046931622960945
11584,joint_noise_gta_semantic_cityscapes_dropout_pu_0_00,0_00,0.2080916683778963,0.45236842785022585,0.6067966546221643,0.7571891242147119,0.0,0.0,0.2823286051034868,0.31439297925637877,0.37121074673018956,0.5303914878913596,0.24934333157987495,0.8091272367457176,0.6275633242479258,0.5340730301231693,0.4092461880436245,0.37743344896952624,0.31200818055676754,0.1985097967070907,0.0059112554242063
04674,joint_noise_gta_semantic_cityscapes_dropout_pu_0_00,0_00,0.21511177145971025,0.6145469646676203,0.736615557512291,0.7989669278875667,0.9192517671959515,0.0,0.3041717173613444,0.36011912305308236,0.46244334694810885,0.7689699096693081,0.3220113726273415,0.9374726138707815,0.9082491180856113,0.8686855997044742,0.5886380684865238,0.5058529709527615,0.2765261941677238,0.13905290052991673,0.0030191250995884
17223,joint_noise_gta_semantic_cityscapes_dropout_pu_0_00,0_00,0.19867771727660236,0.39510346413082637,0.5931041173292388,0.7504250188514172,0.0,0.0,0.24728256457138434,0.26188087577338504,0.29414537804284774,0.40393911048381653,0.2562150966374187,0.6468636686937786,0.48164056826951684,0.35011178814169547,0.28672087324551354,0.2680169230971057,0.2129409687334345,0.20425186757459746,0.0009889771288452
12052,joint_noise_gta_semantic_cityscapes_dropout_pu_0_00,0_00,0.212609597275452,0.5223433808852066,0.6607372975992852,0.7688309304459593,0.9097490382991443,0.0,0.295588310153736,0.3334539013329182,0.41746294715446375,0.6480263660439718,0.3070899038649349,0.8879227293188144,0.841477250404403,0.7214238108680157,0.4572500126975643,0.4014212246472478,0.2387929692925032,0.1674919368357927,0.0001314438088774
05410,joint_noise_gta_semantic_cityscapes_dropout_pu_0_00,0_00,0.20260197975600572,0.6124764863182212,0.8148373529701638,0.848717044191432,0.9167776133360188,0.0,0.2856242212827592,0.323022452298211,0.3998388977994817,0.7107449930707007,0.3079949925228636,0.9195480122870776,0.9040812485598346,0.7304923164924005,0.46528507415601106,0.41380449473798214,0.25175924758413326,0.15320252455141004,0.0019463079714655
04287,joint_noise_gta_semantic_cityscapes_dropout_pu_0_00,0_00,0.19739895874220745,0.6376172789922913,0.8130452350398405,0.8453505207151135,0.9142209124370576,0.0,0.2800384037224381,0.32883243299334,0.40991734397205254,0.7411283735476827,0.3107975180779764,0.9227791542331704,0.9061166830683143,0.7437174348687,0.4735851678764461,0.4178322880164929,0.2557196671187494,0.14485359250400356,0.0008813101734493
02329,joint_noise_gta_semantic_cityscapes_dropout_pu_0_00,0_00,0.21377108522193985,0.564907616036601,0.7614760728361196,0.8346187429387253,0.9123717595735363,0.0,0.2921869608810003,0.3269031687386148,0.4063091472927768,0.6830340925614082,0.3078448492978811,0.9174382851669911,0.8884403606332713,0.6696837057573037,0.4375155181300341,0.38974650526625976,0.21810824998995879,0.1622998830299008,0.0013297800332964
00138,joint_noise_gta_semantic_cityscapes_dropout_pu_0_00,0_00,0.2221073951352321,0.4339588185875536,0.5993643184821964,0.7468026271154854,0.0,0.0,0.2810972524260107,0.3107846182813329,0.3758003562756906,0.5214247643639625,0.28930420202634816,0.7312349526784219,0.6269828185066062,0.5258144957547475,0.3703210243779849,0.3312579123539847,0.3531022434960294,0.1959485939793298,0.0009345898678757
11892,joint_noise_gta_semantic_cityscapes_dropout_pu_0_00,0_00,0.2360506593271674,0.40525474355428187,0.5922205438965303,0.7542766033936223,0.0,0.0,0.2874440805714924,0.3151136450052824,0.3648118385627216,0.4750301226865321,0.25342147067435444,0.6973903713032443,0.5817245692191712,0.4376718941273125,0.3336241908041388,0.31000057108949786,0.30226526050107105,0.23182423792831036,0.0004530055178529
04638,joint_noise_gta_semantic_cityscapes_dropout_pu_0_00,0_00,0.23285395009962262,0.5918010936057155,0.7373502042167089,0.8292860935598877,0.9262779565759113,0.9521288898515686,0.31704713560390574,0.36188959704472123,0.46391496812953836,0.7622425624497832,0.32900974537717964,0.9464994775153164,0.9360421570096128,0.8302827469857976,0.5080126848860865,0.44570464380283165,0.2624877560918543,0.15921891662668108,0.0023623336674103
19290,joint_noise_gta_semantic_cityscapes_dropout_pu_0_00,0_00,0.15548062712365346,0.4399157316897416,0.5913114596763278,0.7358663402062193,0.0,0.0,0.21807560098921147,0.2431947689689641,0.26493699000017795,0.36617900148464333,0.24578613898732274,0.6862562018190826,0.5258936988851244,0.39202719790087825,0.2962906537907276,0.27861537143762427,0.3020276830962953,0.1487308462802234,0.0030423462795991
19209,joint_noise_gta_semantic_cityscapes_dropout_pu_0_00,0_00,0.227143769537771,0.48615470330292354,0.6493024893905408,0.7997057022674355,0.9099462984034139,0.0,0.30172782795203457,0.340138075848698,0.4259279501441133,0.6220663788627391,0.30758661661446757,0.9031928918245269,0.8741499976796722,0.6926328374513764,0.4231578106410405,0.36587766794579496,0.275161658904014,0.19186983696064366,0.0022352705039538
04141,joint_noise_gta_semantic_cityscapes_dropout_pu_0_00,0_00,0.204710973843916,0.5779153323872601,0.7604332130441078,0.8057375790478206,0.9068531188808958,0.0,0.286965211700716,0.32102059069105326,0.39655117834850945,0.681155224823058,0.2993535776515951,0.8815471674029653,0.8727925719636215,0.6892752798030688,0.44558558153546896,0.39600999899247447,0.24318174696389647,0.15970658186872227,0.0010823777098327
02455,joint_noise_gta_semantic_cityscapes_dropout_pu_0_00,0_00,0.18508110611312148,0.6411875950743676,0.8143246710194496,0.8591589269725127,0.9239653140731293,0.9559095746042247,0.26271338145063694,0.3191393169837746,0.39382795663837145,0.7125868342405521,0.29783796636655446,0.9550266541405594,0.9326840058686103,0.7301314147465223,0.46828749943373366,0.4163686694519348,0.2401726369107217,0.1329968630060166,0.0019134670373544
22056,joint_noise_gta_semantic_cityscapes_dropout_pu_0_00,0_00,0.17034343678342395,0.4332221976810952,0.598827501027733,0.7638718780349334,0.0,0.0,0.23346945998623958,0.2614224391626155,0.2978551938534708,0.42922354446222705,0.2511516508458168,0.7311788386128935,0.5775436553965736,0.443912573559907,0.31777622830341395,0.3017347995846691,0.23366169759174013,0.15211698685689545,0.0014454488715765
09774,joint_noise_gta_semantic_cityscapes_dropout_pu_0_00,0_00,0.14363148978724313,0.3975951989754101,0.549469211733493,0.7122549881494872,0.0,0.0,0.20124306944383996,0.2692287440830085,0.3140730523232927,0.42739187285707725,0.14363148978724313,0.5935135520134334,0.49505425988551444,0.43556819193509716,0.34334345627413126,0.33306842569633305,0.20732761465906038,0.1396419406144523,0.0023114104868028
20581,joint_noise_gta_semantic_cityscapes_dropout_pu_0_00,0_00,0.20242448923766826,0.5707475086864768,0.7601022423431463,0.8437811170004492,0.9318785125863462,0.9587321390925184,0.28267968739839205,0.3200488523925081,0.39572354127085735,0.6736609749122316,0.29919464751560687,0.9654395044828321,0.9535805367899706,0.9179105139562441,0.5796332050632504,0.4779121768827543,0.26891447143269165,0.15918592016812833,0.0013938179775205
01508,joint_noise_gta_semantic_cityscapes_dropout_pu_0_00,0_00,0.2189454903374541,0.5616695433859273,0.7137086750675741,0.7975192406594014,0.9169802857400942,0.950428838724975,0.3033154995215112,0.34261731092409503,0.4320437283895998,0.7062784806433203,0.3234647016343319,0.9092641233556951,0.8523528271354279,0.6742042567020874,0.4368343434073203,0.38894030954634934,0.3270181643038335,0.1672929952486578,0.0026716439869394
21945,joint_noise_gta_semantic_cityscapes_dropout_pu_0_00,0_00,0.22435284024723226,0.5734518378986084,0.8091701230102745,0.8771308548694038,0.9182762793608713,0.0,0.30527015267394964,0.3448705977008063,0.43514632178415563,0.7358569241532872,0.3188052488624735,0.9373189655269398,0.9134681472312447,0.6756063212600436,0.4389061351808553,0.3938070540807074,0.28759887394859496,0.1752565240197779,0.0008049357344802
12305,joint_noise_gta_semantic_cityscapes_dropout_pu_0_00,0_00,0.18918607916900373,0.41678807656828154,0.5753117772377113,0.7441634841697709,0.0,0.0,0.25365269253016,0.3060806988393398,0.35525117624302543,0.4733321123840857,0.20256559534125787,0.6387416501230774,0.5390079820113377,0.4451691305566544,0.3562695058480617,0.3345880895466138,0.22514983782855433,0.1858890873913431,0.0009555704388913
00321,joint_noise_gta_semantic_cityscapes_dropout_pu_0_00,0_00,0.2084684106352872,0.47655125145849386,0.6421077230169212,0.7804855119573886,0.0,0.0,0.2692087984814321,0.2941839067916172,0.3515240618309857,0.5398564233082094,0.29728811442768366,0.8307281957989341,0.6456880249688242,0.43211645094880585,0.3177592411783277,0.28899750950523206,0.3652935394111303,0.18749658698522292,0.0031267685060279
08711,joint_noise_gta_semantic_cityscapes_dropout_pu_0_00,0_00,0.1553748046066878,0.41310011018236287,0.5736053809315542,0.763536976365067,0.0,0.0,0.21164045674136597,0.2778913946959246,0.37749263418084195,0.4769967061351723,0.1629777635209906,0.6961279336762327,0.5757132072232922,0.4658368550226432,0.3874908264807378,0.36045448779031103,0.3368974262668776,0.1517705380114761,0.0035317143981642
02291,joint_noise_gta_semantic_cityscapes_dropout_pu_0_00,0_00,0.1973035567487879,0.5788902052159741,0.7857154571014635,0.8423768175173674,0.9126088904825034,0.0,0.2784683155233921,0.3203925497567638,0.39589773670727985,0.6799451382057442,0.301237987303328,0.9169339964019695,0.879874512539351,0.6861644901834119,0.4403794404187674,0.3905438973210724,0.19422114405496574,0.14974247731999887,0.0003388995718453
01612,joint_noise_gta_semantic_cityscapes_dropout_pu_0_00,0_00,0.23729473691485609,0.6440544297498719,0.7760978166201438,0.8389938533817417,0.9214875022850012,0.952595677578394,0.33414354019273884,0.39059204406151393,0.5131503425117988,0.8384572953435464,0.3498734592474124,0.9331521927980749,0.9138638501011919,0.8880776557273881,0.5718751461570505,0.4944001991435151,0.2695462897301538,0.15616181135341947,0.0008975866199319
06307,joint_noise_gta_semantic_cityscapes_dropout_pu_0_00,0_00,0.2245589892657666,0.5483688928570809,0.7270209734391602,0.871257992768588,0.9317258956754498,0.9625890104182475,0.2944227989608454,0.329331631717945,0.4092839870249798,0.6723438237790869,0.3130660208394735,0.9744489514125226,0.8728043818481521,0.5327266209049982,0.3767787217928866,0.3287975220179144,0.27044991141651936,0.18592311046836751,0.0015784630961227
19823,joint_noise_gta_semantic_cityscapes_dropout_pu_0_00,0_00,0.18375810965867218,0.4116276931437182,0.596497228736026,0.7422242020666497,0.0,0.0,0.2417137162930951,0.25619563436314835,0.28841915116658956,0.4063946604884662,0.25678135162156057,0.7333534556742087,0.5547160051900782,0.4355383158884268,0.3027491056771896,0.275224079939675,0.3039059763883807,0.18080412002888532,0.0026806930586887
14395,joint_noise_gta_semantic_cityscapes_dropout_pu_0_00,0_00,0.16011719019322695,0.4503886582234523,0.6253287134848289,0.780417145672371,0.9112799783138331,0.0,0.22527471600897378,0.26529026026493274,0.30543878406296276,0.4609698013336089,0.24498767448915126,0.8857098710302916,0.7118466472020611,0.47922408899709656,0.3152176047948301,0.28597866101089,0.32519573063128393,0.1471382772403951,0.0046994593404943
03632,joint_noise_gta_semantic_cityscapes_dropout_pu_0_00,0_00,0.24135919742985906,0.5320871477872269,0.6628800488038714,0.7480741250162316,0.0,0.0,0.3147726548058786,0.35867985943156594,0.4574540239137964,0.6854634396848504,0.3371035879088792,0.8123370054058898,0.7843569241605283,0.7325600487675825,0.47914273494435977,0.42398717127848196,0.23211779552170383,0.1867212780516178,0.0003399600621745
11342,joint_noise_gta_semantic_cityscapes_dropout_pu_0_00,0_00,0.20594608452485083,0.4246501447625834,0.5702170301424697,0.7568130586341488,0.0,0.0,0.2796951386519817,0.30573536304605725,0.35642031791476864,0.4814932927678681,0.22082399647259698,0.6746412414309592,0.5394503218656662,0.48005964050278976,0.37967211361034453,0.3520514217079456,0.2683192909980194,0.19074051977218637,0.0012185283557647
06793,joint_noise_gta_semantic_cityscapes_dropout_pu_0_00,0_00,0.1962988804030037,0.5963352760848702,0.7784996454348245,0.8330369017934544,0.9052962926206822,0.0,0.2759207966212197,0.3281977558387441,0.40927950447009265,0.7100608111024242,0.2811769988212702,0.8987150938986415,0.8661895028972582,0.6413609898126633,0.42312213322701836,0.3790740313467982,0.27592072061325096,0.14253120070491382,0.0015120833878476
05478,joint_noise_gta_semantic_cityscapes_dropout_pu_0_00,0_00,0.20859658386462707,0.6285168665374559,0.8003403379973283,0.8525609934383543,0.9203809923901469,0.9523726569321856,0.2935221149211316,0.334963041392078,0.4196350243350998,0.7446127721928133,0.3213891078173609,0.9343899221113473,0.9092822066259815,0.7066271900655668,0.45130901206743196,0.4019603939097003,0.33034936384544855,0.1491932033338797,0.0003511486556319
22318,joint_noise_gta_semantic_cityscapes_dropout_pu_0_00,0_00,0.17216387795753646,0.4966071985682723,0.755206191676781,0.846031409900169,0.9202748620396792,0.0,0.24206129645041824,0.29029846458613845,0.34638397509617375,0.5458095996792546,0.24527292864190287,0.9284665150974639,0.8579332032255835,0.5668939458252288,0.3804884091032315,0.34214462817744384,0.24315241129553408,0.13889614453816201,0.0021734940179294
22077,joint_noise_gta_semantic_cityscapes_dropout_pu_0_00,0_00,0.27730071473681656,0.5747660341931367,0.734425107834781,0.7871168244857365,0.0,0.0,0.3544422156804652,0.4113787664155916,0.5274249201985582,0.7863540414749407,0.34547189580680904,0.8820941952377964,0.8641814656179289,0.8107054881863789,0.5162255657394852,0.4479976274719391,0.3066145621498353,0.188422168926472,0.0016390108123497
13531,joint_noise_gta_semantic_cityscapes_dropout_pu_0_00,0_00,0.2111792047844834,0.41359747215355114,0.6001648047693419,0.7539869850725905,0.0,0.0,0.27927791550768966,0.3290530372252348,0.3762154953615372,0.5006401295712286,0.21424514715366436,0.7498013357475317,0.6347950787388609,0.506965440013483,0.4115431024185927,0.37827059432009424,0.25033071392192935,0.20506796825639143,0.0044614297119957
15605,joint_noise_gta_semantic_cityscapes_dropout_pu_0_00,0_00,0.1276578739613039,0.41942910574793457,0.6064645441035909,0.7615006140028457,0.0,0.0,0.17835077888094458,0.2385990823971454,0.27046011007247145,0.37009408585751813,0.13361226111929494,0.6720232393417536,0.5312677002954956,0.41740636315063834,0.2951660101447963,0.2741489226317909,0.37322729307956537,0.12526018017760912,0.0024985746669635
05011,joint_noise_gta_semantic_cityscapes_dropout_pu_0_00,0_00,0.22038831253935587,0.5459970867114313,0.6906400523735875,0.8013282686953057,0.9157023402104625,0.0,0.30398638447840853,0.34457047574522387,0.4348672878104016,0.6876410534407915,0.31455041089635666,0.8997719995114848,0.8411270340355174,0.63250806691935,0.4128623174188693,0.3668628731931482,0.24358670763650092,0.15212095800789083,0.0025093864250491
03258,joint_noise_gta_semantic_cityscapes_dropout_pu_0_00,0_00,0.2500916714660197,0.6435291859050983,0.8388251262507095,0.8873407667060549,0.920762297826454,0.9525658079760279,0.352853497020573,0.4189134787921116,0.556945407445118,0.898972112714362,0.34572779284719446,0.9449235746557472,0.9346693153703477,0.9021357234530524,0.5726018744390182,0.49717483870074214,0.2780198710980359,0.16341329283224285,0.00039621007726
04101,joint_noise_gta_semantic_cityscapes_dropout_pu_0_00,0_00,0.2149620287432031,0.5085503488753921,0.6603049454185971,0.7984060661335851,0.9232728180990378,0.0,0.2807606473673453,0.31035527777097327,0.3779661092229567,0.5980680476562543,0.30774828105499397,0.9232986053527631,0.8012618881576431,0.49853067046217125,0.3469744479952422,0.31818134508224877,0.29896717114491145,0.1780546570095014,0.000380038699049
02415,joint_noise_gta_semantic_cityscapes_dropout_pu_0_00,0_00,0.18306727860385252,0.5286178700960356,0.6640079085691266,0.7584205745139379,0.0,0.0,0.25791391368963446,0.3036052563575617,0.3672428753668312,0.6005351927018955,0.28884222045319174,0.8410948193772504,0.7584319693169007,0.5984227352226879,0.3915156167530587,0.3510467398249856,0.2853049115240114,0.13849981307977732,0.0034830960239576
11099,joint_noise_gta_semantic_cityscapes_dropout_pu_0_00,0_00,0.30390999432523136,0.4234163391425645,0.5755849830044277,0.7417874527210211,0.0,0.0,0.39258670156996983,0.43521521100403526,0.4816243624878701,0.5656271440077135,0.3138487070973647,0.7596814368703092,0.7218374696729974,0.5934017284528342,0.4851364008538674,0.4374869016608652,0.3734193554337875,0.28782356585555385,0.0041588315993382
08463,joint_noise_gta_semantic_cityscapes_dropout_pu_0_00,0_00,0.2214884851833084,0.39730035830282023,0.5832900229573521,0.7541198421019083,0.0,0.0,0.2924764309469959,0.32872217388449737,0.3787568315652157,0.4899345089926996,0.22995277020307045,0.7317659670532807,0.6005588869922335,0.44909952340984516,0.3538456161508789,0.3409781288588909,0.2441089898949861,0.21614884918329647,0.0002723708280503
07464,joint_noise_gta_semantic_cityscapes_dropout_pu_0_00,0_00,0.20711452515452763,0.6184094976678799,0.7968838885572451,0.8545913664591139,0.9167475091827887,0.0,0.2923980436242312,0.3413222972621376,0.43148992628543686,0.7582016002247142,0.3012702823483383,0.934763989124294,0.9282003593594663,0.704889953324588,0.44950913393728503,0.3995406221849223,0.2937143330186104,0.14873181439135952,0.0014895249039241
04936,joint_noise_gta_semantic_cityscapes_dropout_pu_0_00,0_00,0.1961912487850131,0.47650471858083315,0.6048752277398283,0.7394463324757456,0.0,0.0,0.2732278130874216,0.3037903149034784,0.36643636952389547,0.5523699581933497,0.2802920838515581,0.7717208977991403,0.6934844356538228,0.48671233290102534,0.3508154472435921,0.3205690017175888,0.31426616911309097,0.16052787383952483,0.0006623176955201
10911,joint_noise_gta_semantic_cityscapes_dropout_pu_0_00,0_00,0.14907874018815573,0.4174950965397025,0.5712161477490206,0.7329040355125591,0.0,0.0,0.20292853405583816,0.25903326243586117,0.2978350430125565,0.4165777818400169,0.17064800383591675,0.5673149302109604,0.5072368362599718,0.3871234832076393,0.3143696107575746,0.3008309094358161,0.2513281346294342,0.1510227133584067,0.0022323842281235
02387,joint_noise_gta_semantic_cityscapes_dropout_pu_0_00,0_00,0.18548819049805954,0.5537608214617076,0.6815520786890129,0.7872977203281982,0.9015553582810362,0.0,0.2617915140052386,0.30176494519083824,0.36440872704690286,0.6132618877519802,0.29407205498126016,0.877316503628281,0.8261273469371715,0.5711793018899307,0.37948125475826083,0.3444013512548926,0.2837989729236084,0.1411880119261235,0.0004068988948182
12494,joint_noise_gta_semantic_cityscapes_dropout_pu_0_00,0_00,0.13575779610998503,0.42119023348692963,0.5622731835154576,0.721241425095473,0.0,0.0,0.18904799454226304,0.2548755801845858,0.3155465881196163,0.4418216181833103,0.1682697159827218,0.6290620002640678,0.5174092073619567,0.44862786015942985,0.3191384791007535,0.3054867607506222,0.28531342631724577,0.1291974678436214,0.0056534752453569
02079,joint_noise_gta_semantic_cityscapes_dropout_pu_0_00,0_00,0.2601962915531026,0.5892674218333074,0.7233003500464739,0.8090488861031365,0.9113899842725756,0.0,0.33519482594869715,0.38726398125380623,0.5068516568914334,0.7816338299726386,0.38435276173456595,0.9152009379991316,0.8597555545507329,0.7203879468692749,0.4612935454247218,0.40862154001923573,0.37040033260472094,0.1929552616529551,0.0022644283520954
01632,joint_noise_gta_semantic_cityscapes_dropout_pu_0_00,0_00,0.22429978231611852,0.6741450098725194,0.8541292573010272,0.8981513298195066,0.9338544834197989,0.957860126332174,0.31627872969612464,0.3795740307614068,0.4961769213459139,0.884713586872353,0.32001030302231304,0.9654527545697371,0.9544618181724234,0.9390321296223536,0.6007279364105429,0.5193702145861225,0.2518761342826038,0.13396980124860858,0.0007028098524992
00809,joint_noise_gta_semantic_cityscapes_dropout_pu_0_00,0_00,0.1789266455142536,0.4242602485629718,0.5906920391341399,0.7490752353983734,0.0,0.0,0.23935777369602562,0.25131146107843094,0.2767920521802107,0.3898021792877396,0.2574983001103419,0.641083753399257,0.5009738202330744,0.36377924192531913,0.2792366550214565,0.26209635108027346,0.13687041276610928,0.17285588694814305,0.0026417062297862
04856,joint_noise_gta_semantic_cityscapes_dropout_pu_0_00,0_00,0.22563717421047144,0.6038304863091298,0.7960915322604223,0.857172746230401,0.9166558268757582,0.0,0.31469613624124987,0.36049627127328016,0.4623303203714995,0.7900993368746471,0.33590395901330916,0.9337774908212754,0.8919879301763575,0.7785613996013907,0.48832178761190503,0.4307730048394127,0.221964612165214,0.16261458886285718,0.0004430300306205
05632,joint_noise_gta_semantic_cityscapes_dropout_pu_0_00,0_00,0.240165863849427,0.6778363982590183,0.823751204828473,0.8580025259709373,0.9256114552409751,0.9550685100514795,0.33413254928027464,0.3904975667857659,0.5130648650555384,0.8705035177493402,0.3600879006069527,0.9496079582560347,0.9437601979703288,0.8785230499063046,0.564360578070069,0.48817746172473536,0.3047582319858267,0.15808976954487047,0.0007954009214064
10338,joint_noise_gta_semantic_cityscapes_dropout_pu_0_00,0_00,0.23458938669908153,0.5064356810943327,0.779987129479064,0.8644832130220582,0.9170375003040313,0.0,0.28636293344545577,0.31678042590918254,0.3861585000128259,0.6119444724568612,0.3108057570159759,0.9120040278198536,0.8775643178385789,0.5801052897343884,0.3858681778053236,0.3483122134035817,0.26847823679170874,0.20304495261019814,0.0004409416227697
07058,joint_noise_gta_semantic_cityscapes_dropout_pu_0_00,0_00,0.19068738429604323,0.5577029986113488,0.7398444824698471,0.8333155025433631,0.9114443457774069,0.0,0.2635153293859617,0.28683197546093936,0.3377281813552133,0.557724057825582,0.28380993103766333,0.9087755498449193,0.8579945025072919,0.6052676914378151,0.40035360095781763,0.35823497867526227,0.27939229504750335,0.16311972892545112,0.0010405790418911
14675,joint_noise_gta_semantic_cityscapes_dropout_pu_0_00,0_00,0.1731909917921298,0.4393323797352246,0.6138052546396365,0.7582079399644215,0.0,0.0,0.2367332223461515,0.27588352002562444,0.31663113945775834,0.45687283527109196,0.20013470675904707,0.7299260482224664,0.6108205557521871,0.46381364302211336,0.33375331235115274,0.3074191079878617,0.3603140629751986,0.17113282140747918,0.0028064995437723
04753,joint_noise_gta_semantic_cityscapes_dropout_pu_0_00,0_00,0.2568415129072245,0.5448037507529446,0.6499901296771727,0.7712106798994166,0.0,0.0,0.3427892723409368,0.39720303594929623,0.5149719158098921,0.7031169269519126,0.35909422786558,0.8473366718468779,0.7942238143945126,0.7023179322023309,0.4874548563924769,0.43048417794727695,0.3302240508507039,0.18396430603004213,0.0053347547097591
13485,joint_noise_gta_semantic_cityscapes_dropout_pu_0_00,0_00,0.18153071123391704,0.39435602631141853,0.6102726976594939,0.739359967595488,0.0,0.0,0.24580183470224803,0.30611499784297086,0.35533446806328384,0.45628282736231496,0.18595783443626004,0.7306483306251175,0.6321237198149061,0.47728826150845755,0.35557666406622424,0.3382965267546031,0.3295219198916834,0.17815298822950454,0.000178601314361
13304,joint_noise_gta_semantic_cityscapes_dropout_pu_0_00,0_00,0.19460190182721374,0.406153290859839,0.5836824553675924,0.738949535959695,0.0,0.0,0.2487064156204102,0.2694797024556309,0.31587807549422264,0.44284414153493423,0.2635118423670481,0.6387370187443258,0.48704604836548354,0.3691167683180552,0.3126810796537516,0.28614165714154166,0.2676955579450901,0.1847289450458735,0.0045820705853277
06486,joint_noise_gta_semantic_cityscapes_dropout_pu_0_00,0_00,0.22581248326924633,0.5580520435240973,0.7398418180518446,0.8122732043871012,0.9098733442808394,0.0,0.3058025530603955,0.344961879130602,0.4347280228384559,0.7203515369403857,0.32516585965779093,0.9148134581052103,0.8749294498711447,0.6565586216173256,0.4248331392284533,0.3791859759217193,0.309408642449957,0.17799356010463882,0.0030640554935268
16249,joint_noise_gta_semantic_cityscapes_dropout_pu_0_00,0_00,0.12741877301131468,0.41595151455569274,0.591144000932814,0.7409685179748787,0.0,0.0,0.1765769304619659,0.23252283814653507,0.25903539473268045,0.3406515559868129,0.16141454259422974,0.6910175281233787,0.5876386177777705,0.45164177623041973,0.2612071139558781,0.24174843704754717,0.1566656687650257,0.12319309803456995,0.0047879495498359
22152,joint_noise_gta_semantic_cityscapes_dropout_pu_0_00,0_00,0.19354384140985925,0.44686604040572425,0.6415761168120047,0.7616355369584685,0.0,0.0,0.26152514919790737,0.28333320172775495,0.33238237910071605,0.49091468461543697,0.26707387924259224,0.817910492193556,0.7202293537493428,0.5136832546697435,0.3536780707696071,0.3231636071481309,0.2900854961490358,0.17840246191217402,0.0004370819887175
08917,joint_noise_gta_semantic_cityscapes_dropout_pu_0_00,0_00,0.16894331327613635,0.4160745810901306,0.5897948334868427,0.7439699586468852,0.0,0.0,0.23275802895588216,0.28010887584927857,0.3313762286417727,0.46071263971617626,0.2172213777070778,0.6686942626610122,0.516685785541481,0.4431714799328262,0.33931624769835267,0.31220098284589054,0.26846920193329166,0.1661264182657489,0.0040532859508914
22170,joint_noise_gta_semantic_cityscapes_dropout_pu_0_00,0_00,0.16010594172979778,0.44824346471119564,0.6205754185467582,0.7613604046080813,0.0,0.0,0.22605954812807932,0.28202769168988245,0.3321010738994315,0.48909558974170525,0.22165637791387452,0.7759012627075177,0.6358275625217688,0.4798370309359034,0.37284012121151133,0.32907968009951544,0.3194254485138158,0.13407434800576604,0.0084116024034959
11019,joint_noise_gta_semantic_cityscapes_dropout_pu_0_00,0_00,0.11844013908135625,0.43212522335081016,0.5904698464192423,0.7625538283834256,0.0,0.0,0.16105836907966392,0.21096015343846886,0.28231885212932517,0.40465243970569076,0.12351496748229218,0.6600658731366241,0.5402428564267663,0.4035772360465481,0.30559844991772145,0.2818873460394078,0.38257439729696563,0.11995822013902727,0.0037888840486324
23028,joint_noise_gta_semantic_cityscapes_dropout_pu_0_00,0_00,0.1946086330260073,0.4607256322282763,0.6384698037427812,0.7467345720849266,0.0,0.0,0.26926715477928953,0.29575467571072056,0.3557452931697464,0.5330831932492236,0.2851301868014873,0.7844293740858055,0.7440831741702374,0.5063978509055187,0.3483002969747399,0.31745953350142775,0.27445440260777343,0.16237023478235976,0.0006878335854903
04400,joint_noise_gta_semantic_cityscapes_dropout_pu_0_00,0_00,0.24686305982897475,0.5791321832400512,0.7707084962570719,0.8939883766406562,0.9435942620703587,0.9648395877050931,0.3228149301702146,0.3689709004933485,0.47481535740761466,0.7775630728774949,0.35524775485122945,0.9824183715486013,0.9530407047155891,0.6875557377857878,0.4446048638461369,0.39628199641748824,0.32214815058347784,0.1833333434029974,0.001214118541581
11289,joint_noise_gta_semantic_cityscapes_dropout_pu_0_00,0_00,0.19320360381654253,0.4551401851647862,0.590989692789783,0.7323179934460163,0.0,0.0,0.2613632957658562,0.3239067597963608,0.3931719271157978,0.5489167345602348,0.19736984680126723,0.7504415763157988,0.6439224826785866,0.5600776799080456,0.5024684055236599,0.4572501468436051,0.30556269755303933,0.18430956270425464,0.0014927662324408
19225,joint_noise_gta_semantic_cityscapes_dropout_pu_0_00,0_00,0.22319417103752334,0.4799223221983253,0.6443283317179741,0.7802144017293688,0.0,0.0,0.30099460501642783,0.3386753406680984,0.42327061817216033,0.6145968389997875,0.3203572715253319,0.8705074308575594,0.8459772498404154,0.7911576461628175,0.5754352926057826,0.48940592320162984,0.22154988373009418,0.17803596884734652,0.0053043605071438
18770,joint_noise_gta_semantic_cityscapes_dropout_pu_0_00,0_00,0.2023827459112436,0.49082493117595266,0.6557871989587701,0.7752890931936531,0.9020018041375176,0.0,0.28464416709009516,0.3227522757336136,0.39901410284121824,0.6064197574004107,0.29518088550920824,0.8518364334685125,0.7990025523497821,0.6597332311424502,0.41539126585366,0.36688866715390567,0.2937235304032474,0.15342917449744445,0.0006952310484176
08332,joint_noise_gta_semantic_cityscapes_dropout_pu_0_00,0_00,0.16452144874301836,0.390992253348788,0.5461997379135511,0.7058230719780881,0.0,0.0,0.22022280168451308,0.2777293273063383,0.31665985734878105,0.4112709075380282,0.16452144874301836,0.552223485210513,0.4962276812276021,0.40666902782216413,0.3245114427388583,0.3081264125429985,0.2563592054641267,0.16513416965356695,0.002008598484836
19935,joint_noise_gta_semantic_cityscapes_dropout_pu_0_00,0_00,0.18243922585170697,0.3896659544906517,0.6140873939151704,0.7551091266091751,0.0,0.0,0.23622889792072332,0.24664887427035656,0.26944748880486985,0.366382512553987,0.24824649894338463,0.77004652028169,0.6064797177149444,0.40814046011360156,0.2862695508286737,0.2575670366415986,0.18788322736980215,0.17886492754766495,0.0066308898288747
13849,joint_noise_gta_semantic_cityscapes_dropout_pu_0_00,0_00,0.18902944776306363,0.5368120675970031,0.6714897102976926,0.7578027225294853,0.0,0.0,0.2611732391192232,0.34093085079661123,0.43559995810251595,0.6777980942753126,0.2425215653266029,0.8561414303657703,0.8248694454131195,0.7360032425787567,0.6356617072132476,0.5910524536137705,0.4495669265383184,0.13056885463350446,0.0046543942952114
07040,joint_noise_gta_semantic_cityscapes_dropout_pu_0_00,0_00,0.18769277417249247,0.5458104803012924,0.7522315486313458,0.8009388514648432,0.910216230770902,0.0,0.2631516640533557,0.2933551867040945,0.3486016415963247,0.5742818131373151,0.2904772154245261,0.8891989590544607,0.8271637936678811,0.6415237223305074,0.42360397647249814,0.37904714328235795,0.18676288001101554,0.1574297857516553,0.0010993527395911
06344,joint_noise_gta_semantic_cityscapes_dropout_pu_0_00,0_00,0.1855290674551109,0.5213573361850583,0.732707395920431,0.8569003973720093,0.9291310603264166,0.955364675082112,0.25317746610908864,0.2718605517225168,0.31343558183211195,0.49764478918074795,0.2584456968072087,0.945975232598004,0.766616207949823,0.48574291178734513,0.3416423637603123,0.31327487521642405,0.2626172514117009,0.15565807028069945,0.0007972826326256
23055,joint_noise_gta_semantic_cityscapes_dropout_pu_0_00,0_00,0.19789246041254302,0.5043648828191151,0.64968431355182,0.755644403863699,0.0,0.0,0.27866143846814795,0.3202189763873648,0.38653482010758844,0.5834096641763358,0.2553160602907475,0.8332145278690074,0.8054749247855173,0.6822553114763815,0.43407461103457207,0.38554706503966574,0.29421348114948687,0.1302050897302795,2.5956819179703654e-05
16671,joint_noise_gta_semantic_cityscapes_dropout_pu_0_00,0_00,0.23318606846636622,0.4135432381369964,0.5651296548599042,0.7380070098916977,0.0,0.0,0.29337632939274033,0.32396015144155565,0.3824374307701951,0.49734913589331087,0.30739584897435074,0.681544804155871,0.5731168532756624,0.5143347598069513,0.39272235146740897,0.361486447242919,0.24850487497698312,0.2282134634079577,0.0005483391999546
15038,joint_noise_gta_semantic_cityscapes_dropout_pu_0_00,0_00,0.17999766363227104,0.40451899346759373,0.6158879616353612,0.7515937732766629,0.0,0.0,0.2431286358877473,0.2664239739699158,0.3091652240130829,0.42449555834669406,0.2505518294472824,0.7702368835645604,0.6741430093836649,0.39400375626017364,0.3006574485800137,0.2920771534716157,0.310777206379389,0.17274964273966265,0.0052979129023491
21344,joint_noise_gta_semantic_cityscapes_dropout_pu_0_00,0_00,0.1726311912945453,0.43885937246004686,0.6043446245931482,0.7445899489682779,0.0,0.0,0.2436071572849039,0.2694088759939748,0.31012251190237694,0.456695263043594,0.24649650126510086,0.7499062839078421,0.6281621608265503,0.4484428084902371,0.3342399773822752,0.29156766037635345,0.3298932142962419,0.1503428294948061,0.0044694926667074
06944,joint_noise_gta_semantic_cityscapes_dropout_pu_0_00,0_00,0.21742611319247113,0.6669419312913188,0.8195918722411909,0.8643069407653599,0.9247734990520206,0.9560420191611143,0.3067774823212139,0.3546324632017273,0.4532256649815689,0.8208648958533235,0.34206494297380513,0.9554604380693549,0.9393710941171416,0.9089164880019169,0.5560442019037591,0.4813697125466957,0.24323036003223386,0.14842992127518728,0.0012635301500677
12299,joint_noise_gta_semantic_cityscapes_dropout_pu_0_00,0_00,0.19479933661843574,0.39048744047990314,0.5423552003189427,0.7639373468364833,0.0,0.0,0.2653300785926895,0.3235785170423745,0.3762589639595543,0.45521489552739414,0.22494553025774977,0.5816707290660841,0.5229107153518836,0.3934653577110663,0.3350890840324306,0.3374106390489511,0.24584445811993672,0.19307418561682024,0.0018434238805895
09779,joint_noise_gta_semantic_cityscapes_dropout_pu_0_00,0_00,0.19175334074299566,0.4296815862576475,0.5931702003729316,0.762965349776874,0.0,0.0,0.2633040626698577,0.2970469689322458,0.3441979835600217,0.47767768499314445,0.19210095441997135,0.8138347303520694,0.7225867245960766,0.55362617267733,0.3755232811613364,0.3167572361869865,0.22455847589684597,0.18242109944411863,0.0007647993895985
24117,joint_noise_gta_semantic_cityscapes_dropout_pu_0_00,0_00,0.25440094440145933,0.6525018197063647,0.77273797675508,0.8571437571644461,0.9223079643683387,0.9514088790297618,0.35834920652357927,0.425706299551522,0.5717030156878324,0.872287113269915,0.3563834217903125,0.9488168068349868,0.9368541710158302,0.9012932836947145,0.6493232159993291,0.5469228388098074,0.26820797341985914,0.1476071556084634,0.0026088493828065
05079,joint_noise_gta_semantic_cityscapes_dropout_pu_0_00,0_00,0.19674312861398294,0.5338124302317524,0.6911614766937991,0.7837852547366413,0.9106895914752422,0.0,0.27625240079467245,0.30716380707183877,0.37293003163071053,0.6132227888309859,0.29099272125255404,0.8688646173847494,0.7934956481490576,0.5844086031524777,0.3974282160218627,0.3612691170227725,0.2906611884624578,0.1636350670727986,0.000633628114356
07481,joint_noise_gta_semantic_cityscapes_dropout_pu_0_00,0_00,0.24125480407223304,0.5932833024881827,0.7755465816026376,0.8213284453653416,0.9089939786980542,0.0,0.3143748581529603,0.3574769791364513,0.45374146373589463,0.768591737464825,0.2783521865850337,0.9102880642947365,0.8953255491966498,0.7675796385629203,0.4768617068706733,0.4228289083674033,0.2677118043998685,0.16680762464438242,0.0025215121415885
09566,joint_noise_gta_semantic_cityscapes_dropout_pu_0_00,0_00,0.19281742980585234,0.4030107144773785,0.5565420815111097,0.7197743487008194,0.0,0.0,0.24435125216839304,0.25812910084151736,0.2885670911957361,0.4033214286042504,0.20223442805664196,0.5852384117414567,0.4190384208182107,0.32276202136492893,0.2634342054799595,0.24739910504179388,0.22652857249375968,0.15799702811926944,0.0034432300494004
16186,joint_noise_gta_semantic_cityscapes_dropout_pu_0_00,0_00,0.2607495807805916,0.5299196666369227,0.6525590716705184,0.7886572690291732,0.9030780923723926,0.0,0.36885790803162455,0.4378951144589755,0.5614375373879819,0.7412412229434521,0.3250994688445922,0.8933075820417232,0.8567347806154515,0.79803774851338,0.6276301412967754,0.5344353497205274,0.24644178514292137,0.12750355601018717,0.0051619775963465
15223,joint_noise_gta_semantic_cityscapes_dropout_pu_0_00,0_00,0.18291710675921197,0.42394769359280826,0.6130568759592596,0.7547249748621263,0.0,0.0,0.2524557328255681,0.2715519161001404,0.3124838412870554,0.4447423490852162,0.23494957457435503,0.7890553656288942,0.7312742745731748,0.5686925523201181,0.35799221332143943,0.31754187558572455,0.26131080425076547,0.15425738165451994,0.000969548987033
00002,joint_noise_gta_semantic_cityscapes_dropout_pu_0_00,0_00,0.30167799973075166,0.531855073057387,0.6373274137806502,0.7542363178564312,0.0,0.0,0.36463505809798946,0.4273340542735867,0.5504388359000619,0.6967031737998648,0.4331092313447261,0.8336433964671838,0.7907552020382714,0.7461223161354801,0.6330904930281848,0.538026678294535,0.37110881444021737,0.23921634834542838,0.0015287779743657
03331,joint_noise_gta_semantic_cityscapes_dropout_pu_0_00,0_00,0.23444647339578534,0.5546863839353688,0.7494079511528331,0.8059757108086366,0.9121190592641376,0.0,0.3048440872871977,0.3433786033724838,0.4309257320646,0.7084135470974721,0.3411704198967327,0.9036109162370947,0.844285242362893,0.6339747402564848,0.4176807430925329,0.3750959848563928,0.27479628087754243,0.18224064836934528,0.0019019619542993
20898,joint_noise_gta_semantic_cityscapes_dropout_pu_0_00,0_00,0.24790691082168187,0.6318642317608574,0.7709548358625599,0.808388744607873,0.9158223654695867,0.9533775153645301,0.34544843211340026,0.4023327178189185,0.5318545294682079,0.8228654261111523,0.3641082505213539,0.9248816126355568,0.8828699939402399,0.8357058249706546,0.5624894509813582,0.4893113500686728,0.3385827420624193,0.1558896644306731,0.0024131171066686
16184,joint_noise_gta_semantic_cityscapes_dropout_pu_0_00,0_00,0.2702846988889088,0.5981467805160238,0.7571715661680384,0.8429621874506459,0.9189795229190094,0.9562536287567346,0.38281296743844284,0.4655952878760318,0.6152166727923875,0.8633083066541715,0.32961171825276925,0.9431819046716854,0.9270494504866855,0.8980949982994042,0.84068318623782,0.7320797113463824,0.23749076721154527,0.1279359568070835,0.0051871648123328
03449,joint_noise_gta_semantic_cityscapes_dropout_pu_0_00,0_00,0.237368748586906,0.46361810247914,0.5952264756193206,0.7442416138945294,0.0,0.0,0.29561101798124834,0.330829146821664,0.40937783592137555,0.5737359539567372,0.31979658135369443,0.7842186848005228,0.7224309987523391,0.650502284313457,0.43959048169481585,0.388101399801114,0.25848702940798296,0.1989619816155105,0.0015940788633581
06705,joint_noise_gta_semantic_cityscapes_dropout_pu_0_00,0_00,0.3351151402611074,0.6129636474118781,0.6948915009536527,0.786723810517449,0.9123955306954984,0.0,0.416032519688611,0.49949775679628167,0.6582796342853764,0.8083198553506119,0.4916210961412329,0.9185639108829189,0.8677296477018345,0.8246568998440758,0.6278443819695412,0.5531754168496787,0.3353412427632848,0.1999897664901698,0.0063142253365439
17213,joint_noise_gta_semantic_cityscapes_dropout_pu_0_00,0_00,0.18298231079610505,0.3786633544067086,0.5584788070433594,0.7178036187798202,0.0,0.0,0.23870488274916454,0.2504720062170079,0.275229912842852,0.3572811826975894,0.24514615621059213,0.5557089486284721,0.4070565378355672,0.35335708796878007,0.27189193474881873,0.26470640092239917,0.15632993253821145,0.1836312731380884,0.0065501772215868
20214,joint_noise_gta_semantic_cityscapes_dropout_pu_0_00,0_00,0.23335745664157242,0.658719075701505,0.8185215469067576,0.8785123281559588,0.9342750526038079,0.9603534612266196,0.3207472520548903,0.36743215036800325,0.4751433906616394,0.8432369572862142,0.33714875342335127,0.9684588445924657,0.95632870942989,0.9241997041937111,0.5758363529631539,0.5013400622264754,0.2876426630100353,0.16961038893985933,0.0007141507706897
09047,joint_noise_gta_semantic_cityscapes_dropout_pu_0_00,0_00,0.226095803339088,0.40981599032624183,0.5711786224235732,0.7473577113655947,0.0,0.0,0.30263053684599134,0.3367316659677467,0.3940992933130742,0.5038444347659419,0.24506836330186568,0.7406597307916016,0.5763985501417532,0.445568652464352,0.3816722428113938,0.3599744255082024,0.29316627331409295,0.22248144313777177,0.000665116311854
10541,joint_noise_gta_semantic_cityscapes_dropout_pu_0_00,0_00,0.2357886199330964,0.39199323803617003,0.5614564424162498,0.7414249280307996,0.0,0.0,0.31330644022553383,0.3532341621121995,0.4012312975135721,0.48211394867359825,0.2503199720253202,0.6549525661733349,0.5111164544569222,0.4352748302697366,0.38179982334895884,0.36685765505618156,0.27392746384937816,0.23399999331198285,0.0010743658512929
22893,joint_noise_gta_semantic_cityscapes_dropout_pu_0_00,0_00,0.1913219011223639,0.5663647982337532,0.6523046356847131,0.7384835205384241,0.0,0.0,0.25972326662653744,0.30705223885652655,0.3736105987546847,0.6278544020246251,0.28684396714375127,0.7783538423905486,0.7321832118172916,0.5366712597700942,0.3687726444773722,0.3345966767825904,0.40412718796501806,0.16870873131788464,0.0026189804142246
13668,joint_noise_gta_semantic_cityscapes_dropout_pu_0_00,0_00,0.17534842007742754,0.3966366946666233,0.5749480733466603,0.7376237679547895,0.0,0.0,0.23626753969925765,0.2686968571586855,0.31176138964694816,0.42393693765189827,0.24616212496967382,0.6194800403505117,0.5104398782710612,0.43411103923777616,0.3309696306467395,0.29754835800682583,0.257488663453827,0.17641609329309244,0.0011733921301476
07135,joint_noise_gta_semantic_cityscapes_dropout_pu_0_00,0_00,0.1910159179964505,0.5689234296809588,0.7076428092448906,0.8111818747993623,0.9071401140323446,0.0,0.26900447548526984,0.3133175944068908,0.38256206209204496,0.6482339145034623,0.2920358253337225,0.9032269150348834,0.8765323859238162,0.6669627771292755,0.4207324930743202,0.35046556639190096,0.22228348341331974,0.14197876464668638,0.0015294148588241
00225,joint_noise_gta_semantic_cityscapes_dropout_pu_0_00,0_00,0.17008974317593908,0.44511460553087145,0.6094764010773802,0.7473784074340799,0.0,0.0,0.23847631759904964,0.26060965188886287,0.29447137340097534,0.4345479332582269,0.2536363134124722,0.7161263036457046,0.5935084902056612,0.4416761716721125,0.3068454812465453,0.28713903206748487,0.25796606111503784,0.15810514408426765,0.0033873646364524
13959,joint_noise_gta_semantic_cityscapes_dropout_pu_0_00,0_00,0.1826486826400929,0.4082054369434644,0.5675316564284466,0.7362686962857036,0.0,0.0,0.22924326166520947,0.240217940448643,0.2645340799470238,0.3574368000542943,0.24242863146020244,0.6021162785906555,0.48788715128536625,0.3133234187964676,0.2588740786329403,0.2527287312278726,0.2818063351732046,0.18270909463108476,0.0035512995623267
09964,joint_noise_gta_semantic_cityscapes_dropout_pu_0_00,0_00,0.20909442340446752,0.6075941949440351,0.7870001386869697,0.8525414493779696,0.9196186869192686,0.95092547316791,0.2807550426738516,0.31130257032442005,0.38032365145735164,0.6647727333347457,0.2888260785272911,0.937277678850305,0.9157851877227272,0.6467425869120609,0.41902683300551535,0.3744987040901891,0.28696140443622437,0.1505905287804856,0.0017422095250751
01274,joint_noise_gta_semantic_cityscapes_dropout_pu_0_00,0_00,0.26358620443394426,0.5844530073263299,0.7742739083798927,0.822947021985114,0.9104337637010224,0.0,0.32329969600749436,0.37060094227237295,0.4737571624653112,0.7905560326896207,0.3395146286496096,0.9021544959724246,0.8765608266854591,0.804637149614139,0.5008608961098957,0.43780295139931924,0.21257092792283802,0.20209115219781232,0.0063160142446177
06169,joint_noise_gta_semantic_cityscapes_dropout_pu_0_00,0_00,0.19801946722868097,0.5064339536769414,0.666232924458158,0.7990583088247768,0.9048768213166625,0.0,0.2764738241211819,0.3063440654747832,0.3686783127545902,0.5820426370229644,0.2975893971947379,0.8678892783526346,0.747730579942918,0.477367025523869,0.3405241254231138,0.3136650281533346,0.28822449915218545,0.1726840189958627,0.0017872069490021
02577,joint_noise_gta_semantic_cityscapes_dropout_pu_0_00,0_00,0.1877899012173636,0.48047997295126194,0.6318417215573814,0.7802837305764712,0.9099120526482191,0.0,0.2643472130568868,0.30060221497581213,0.36293045888088443,0.5584634005080554,0.2789836610479297,0.8846631591769808,0.7460873933378482,0.5060740141504627,0.3470824025123664,0.3184981213211225,0.31364924402733835,0.1408660125493531,0.0005024137257421
17496,joint_noise_gta_semantic_cityscapes_dropout_pu_0_00,0_00,0.20458685964523537,0.3858926173219173,0.6126052600962144,0.7494495170162704,0.0,0.0,0.28591576041253564,0.33728267565275344,0.38260806177792017,0.47494464430352745,0.20462013024924242,0.6886375399664574,0.5623256891145485,0.4457436551045983,0.39271417456385316,0.3835340534299949,0.3322102370843075,0.19910211032111055,0.0073164449130257
01931,joint_noise_gta_semantic_cityscapes_dropout_pu_0_00,0_00,0.20593054340185346,0.6019034422021416,0.7691403195254223,0.818005478011126,0.9195009523552682,0.0,0.28971368611320136,0.33182832055585226,0.41353644674733836,0.7166482705206155,0.308628029167541,0.9289311646318273,0.8776647349598009,0.6911577946962295,0.444404145454391,0.3948473803441377,0.2769798875008289,0.14875681197459012,0.0007211239105443
03447,joint_noise_gta_semantic_cityscapes_dropout_pu_0_00,0_00,0.25049227565127374,0.5330908508913376,0.678301500999502,0.7657703795702067,0.9023377700861999,0.0,0.32428495032555704,0.37210125443081815,0.471177407927551,0.7069511799677278,0.32795043371259264,0.8703575147740706,0.7942498584448461,0.7442854266247271,0.4888041055835531,0.43642802845709755,0.2313742615156028,0.19023937792749906,0.0041695932324621
24635,joint_noise_gta_semantic_cityscapes_dropout_pu_0_00,0_00,0.2122152999021082,0.5562233238878268,0.7217154163446261,0.7965318534382169,0.9164524654310736,0.0,0.28726521458263393,0.3203124106433856,0.39549371951296963,0.6583203514521163,0.3025275513871479,0.9276510210866814,0.883165945119103,0.7909570362076528,0.5002782489754073,0.42535499556513434,0.3214336099285296,0.1683739477334726,0.000965022252149
08279,joint_noise_gta_semantic_cityscapes_dropout_pu_0_00,0_00,0.1751572150483369,0.38749001806538114,0.5632202238456587,0.7295242017007468,0.0,0.0,0.23675438132110035,0.29352019853373573,0.33249754306898094,0.4261125373237532,0.18250118823831118,0.6232275230742025,0.5701914406554556,0.458734381517391,0.3586127353614961,0.34366814353920255,0.25745245043958803,0.17249212457306043,0.0033807376473242
01160,joint_noise_gta_semantic_cityscapes_dropout_pu_0_00,0_00,0.22221763748657006,0.6145759548749355,0.7403122107998659,0.8334209911313782,0.9142431947883275,0.9520839742834726,0.3137967724971563,0.36803344757077905,0.4748589673913564,0.7834473827816124,0.33821583075331824,0.9270141886910338,0.8917299077651171,0.7152045657097753,0.4568419405787715,0.4072680536983612,0.2603294585823145,0.1490087002972262,0.0038292866392495
10485,joint_noise_gta_semantic_cityscapes_dropout_pu_0_00,0_00,0.24880715123830124,0.4134891535498806,0.5669659524525595,0.7470629429258272,0.0,0.0,0.31935722844726744,0.35640442286980073,0.41715120695619284,0.5199879108920122,0.25321418118982314,0.6785288692180451,0.5747894633146422,0.533406609401318,0.49014269729581394,0.46362994410693453,0.2843768007165565,0.24437778151720976,0.0122260600579864
21429,joint_noise_gta_semantic_cityscapes_dropout_pu_0_00,0_00,0.26471728060617716,0.4838604789007898,0.6532799950137258,0.7899259681459455,0.9093275366816408,0.0,0.30865453601241555,0.34833865512369283,0.4307329456057145,0.6237213660726685,0.3210905250683876,0.8921416839237329,0.8312122829077049,0.7084090874277845,0.43987090315989447,0.3929430932633207,0.2831064457306333,0.23285555374014708,0.0007622048603384
12461,joint_noise_gta_semantic_cityscapes_dropout_pu_0_00,0_00,0.19984149978447843,0.3927654917905353,0.5755758255956106,0.7294636511638845,0.0,0.0,0.2680862046010806,0.3042731879290463,0.3562502276419065,0.4525181056477305,0.25235181182662675,0.6526468331178664,0.5259726889402423,0.43115964414249824,0.3103355507290299,0.2938642070948701,0.2573973049675748,0.1987650557753129,0.0113710681478365
18010,joint_noise_gta_semantic_cityscapes_dropout_pu_0_00,0_00,0.17872579311244988,0.41726231941271974,0.598466834515986,0.7527548134572205,0.903797865345721,0.0,0.24175623669359858,0.25483383881097477,0.2832935788853909,0.4018351849692674,0.25757921319098104,0.6902998407146292,0.5884690729949219,0.4124680478675971,0.2986774086346321,0.2773913742640084,0.30541873566219074,0.1746579885424686,0.0025294367574685
13855,joint_noise_gta_semantic_cityscapes_dropout_pu_0_00,0_00,0.10995092697462575,0.41514994984719245,0.5989770153403767,0.7266081861755453,0.0,0.0,0.15143906813753966,0.2021689962563875,0.2563336100287315,0.355993770371598,0.1487076573202458,0.6647133988841948,0.5369145265148603,0.3847243932302875,0.26266495016458596,0.2436958438665754,0.3298068073586175,0.10561481078768756,0.0021328869541748
04208,joint_noise_gta_semantic_cityscapes_dropout_pu_0_00,0_00,0.3442542114679903,0.6221973305817003,0.7655408605261307,0.8382068832406981,0.9272257216730777,0.9599457879695568,0.42443114861262493,0.5108743619490511,0.6756144875000202,0.8784848010178622,0.4630073596615758,0.9613308304817599,0.9263489834271225,0.8722072377276898,0.6272828658344293,0.5864517792391648,0.2972412900219649,0.21831661438288513,0.0018683170390438
10967,joint_noise_gta_semantic_cityscapes_dropout_pu_0_00,0_00,0.10285731423645657,0.3912966021176424,0.6052266414060883,0.7565233623387683,0.0,0.0,0.14037484379572884,0.18531688505804594,0.2592903492774018,0.3655471062605977,0.12392499427068264,0.6240093445945711,0.4973067728307464,0.33694928934299506,0.2394695052854508,0.21514130820420369,0.27892562423323325,0.10218453704530847,0.0087627124285725
23934,joint_noise_gta_semantic_cityscapes_dropout_pu_0_00,0_00,0.21202373480562528,0.5142914506121651,0.7385806233424416,0.8341442228798066,0.9251009626899075,0.9592165520295909,0.2962223141789134,0.33688159169232096,0.4160653514047707,0.6572067215942528,0.26726606588721025,0.9550241694679384,0.853937998379023,0.5473628851882736,0.3871552622763088,0.3539143620471174,0.29671725310961333,0.15810737950737166,0.0044243277351209
12730,joint_noise_gta_semantic_cityscapes_dropout_pu_0_00,0_00,0.18660287462928676,0.6469719468842569,0.7542550738909134,0.8163048201240344,0.9064224800019453,0.0,0.2626656598570689,0.3504571780223305,0.4492773646477361,0.7824003850581953,0.250143252700146,0.9024350531715131,0.8938193951561465,0.8757706544669891,0.6291177209272005,0.5400063436921181,0.14338157848106206,0.10518779500998084,0.0052348410416609
14610,joint_noise_gta_semantic_cityscapes_dropout_pu_0_00,0_00,0.16921529093707724,0.4060162900595923,0.6000661655639576,0.787122473741595,0.9036448464222687,0.0,0.22984343393408116,0.2581052067509204,0.28673522510558075,0.394175503632878,0.19011331150685407,0.8216324027446541,0.6126456088399752,0.40695850355861923,0.299069344590352,0.2752299730262699,0.2985040967954581,0.16278205831381284,0.0035441536248036
16145,joint_noise_gta_semantic_cityscapes_dropout_pu_0_00,0_00,0.24289941477666727,0.4901418319919361,0.6468042484133837,0.763544794053726,0.9203067683670176,0.0,0.33886425394253444,0.3916117956196515,0.4896283078546756,0.6755009725639054,0.24936151885490343,0.8612118144594941,0.8077393552225353,0.7535613647269694,0.6097543557326479,0.5086494350615857,0.22525915255371642,0.11125626601457554,0.0036473686523357
12094,joint_noise_gta_semantic_cityscapes_dropout_pu_0_00,0_00,0.1768367391534483,0.41342754079860417,0.6048205373468201,0.7544528169267628,0.0,0.0,0.24070079683267162,0.25847365281244894,0.2955532810416094,0.41180932485971045,0.24560327290181436,0.6900398237009341,0.5665709831622654,0.4086472033775482,0.28090387600550665,0.26096797507247604,0.24394814776415735,0.1650940204408615,0.0008014603083971
23556,joint_noise_gta_semantic_cityscapes_dropout_pu_0_00,0_00,0.22941156801967608,0.45410202737057054,0.5942022458066126,0.745216974598931,0.0,0.0,0.2939154107301669,0.32519781013412796,0.38449021235212877,0.5428764740454323,0.28941755629736016,0.7638085909991007,0.69587308312364,0.569894125384666,0.46578157959918093,0.4372124167432653,0.21744196650401343,0.21268190486348193,0.0019610510954983
05805,joint_noise_gta_semantic_cityscapes_dropout_pu_0_00,0_00,0.23381996351089032,0.5178917748314896,0.700590874484171,0.782735508936077,0.916493523185057,0.0,0.30219589570827987,0.34007686696939216,0.42397501210815874,0.6657756858760134,0.31293999465479,0.8995719361027124,0.7997775197334311,0.5697205708356484,0.4076457553365973,0.37034481884694503,0.3117856410738488,0.18765262300196522,0.00279316636707
00303,joint_noise_gta_semantic_cityscapes_dropout_pu_0_00,0_00,0.18424908250128116,0.46717129484625836,0.6479980459346044,0.7920956787012295,0.9044216592117338,0.0,0.2541240874777858,0.30384433175236897,0.365283182593616,0.5463596049350153,0.2883150625315981,0.827197776836148,0.6077051639062017,0.5281802102605673,0.40127449349724315,0.32355982542450695,0.30958380814291714,0.1683673574855491,0.0012804856600839
21268,joint_noise_gta_semantic_cityscapes_dropout_pu_0_00,0_00,0.24458992001145755,0.4967711064453474,0.6243012365917963,0.7571619215477942,0.0,0.0,0.32059796851379074,0.36654083504618895,0.46503215521058583,0.6423992693065447,0.33658387135748613,0.862730989212309,0.8081208566542886,0.6598040888085648,0.4870042159395473,0.42760666637926986,0.34374211267638954,0.17796818896840375,0.0035200887214148
12934,joint_noise_gta_semantic_cityscapes_dropout_pu_0_00,0_00,0.17669408329234115,0.4813381604107132,0.6353075584617108,0.7765210429434319,0.9036430984490783,0.0,0.2493254894891203,0.28621524448434854,0.33807238225513336,0.5265584956023446,0.2763562904408769,0.8469147396264353,0.7982347451857124,0.692281150907159,0.474812303602711,0.39130469794255557,0.3559837306106344,0.15833924469382413,0.0060785762670765
16235,joint_noise_gta_semantic_cityscapes_dropout_pu_0_00,0_00,0.1669800490336311,0.41942772361818315,0.5939795879854488,0.7332676962330289,0.0,0.0,0.23075379932304724,0.2795468180018115,0.3177126857324873,0.4426257858657069,0.1669800490336311,0.7134661386426593,0.5816870340737307,0.44597962882149395,0.3152604095267327,0.29900495889865525,0.2631866381915536,0.16018500664275678,0.0015042165503505
01291,joint_noise_gta_semantic_cityscapes_dropout_pu_0_00,0_00,0.2537769432806405,0.6003570350440605,0.7802695820215412,0.8290905247233058,0.9145921316973136,0.9512661778994189,0.32707373625877073,0.37602967574614216,0.48555522106639076,0.8079711297299609,0.34446293312761317,0.9233019325034496,0.9120296710741884,0.8617297632270753,0.5452734436856431,0.4739718598385133,0.2596186708090733,0.18612684865339948,0.0026172839507117
03881,joint_noise_gta_semantic_cityscapes_dropout_pu_0_00,0_00,0.2090315040503701,0.6018147016189225,0.8193006760778593,0.8926983553259954,0.9238747000370207,0.9530787487823065,0.29284117157576434,0.33501863296650886,0.4207217123578335,0.7395314687380073,0.31194772226901246,0.954787253082769,0.9222957406192195,0.6854597195017932,0.44415289137246206,0.39658402544167254,0.22884213863425687,0.1613424147953958,0.0016894516119395
01179,joint_noise_gta_semantic_cityscapes_dropout_pu_0_00,0_00,0.25373219494658156,0.6400960840736565,0.8274058805519516,0.8586999389978336,0.9200651528221935,0.9537887439679821,0.3477645383089292,0.4050430103995509,0.5365387656830671,0.8737172082225273,0.36105754440682297,0.9499392059274419,0.9432614631463037,0.9078028435098721,0.5732095656793192,0.5009066088296572,0.29894594757845494,0.18713973019254157,0.0021109933389227
17334,joint_noise_gta_semantic_cityscapes_dropout_pu_0_00,0_00,0.23219609947905964,0.6040877097137103,0.7801019000039002,0.8306224249422104,0.913619836080295,0.0,0.301886479388468,0.34017273005327126,0.42808709673844864,0.7412288186018001,0.3305169717779285,0.9231978935892791,0.9054003998521908,0.6928590680727302,0.44060238326630524,0.3899391139426015,0.35702689697768447,0.17595799905541706,0.0012801377127943
20528,joint_noise_gta_semantic_cityscapes_dropout_pu_0_00,0_00,0.2286714641107076,0.45249901715022456,0.610391494447318,0.7544559423922547,0.0,0.0,0.3134050190193579,0.35363175438360217,0.42803305206654685,0.5846968815319816,0.25054069697237286,0.8427229866352124,0.7835371920649624,0.6106982962102336,0.44897399293554957,0.39419822307204705,0.23211242065911464,0.1517340737648598,0.0026175656456507
22291,joint_noise_gta_semantic_cityscapes_dropout_pu_0_00,0_00,0.1812007373280132,0.44033292260978385,0.6215078039381305,0.7583941640793409,0.0,0.0,0.24806888490854118,0.2652968672598237,0.301798701086737,0.4356492390210945,0.2499743468308682,0.7343116349360355,0.5593615187054215,0.41274213756295075,0.29876237857775684,0.27555813303326643,0.4353229175002101,0.15863396076367126,0.0015777729183928
01193,joint_noise_gta_semantic_cityscapes_dropout_pu_0_00,0_00,0.2696825386101084,0.6106616220380006,0.7741413456039268,0.826523419691133,0.9176196962110799,0.9524026511768686,0.3411366569844635,0.3953264726502696,0.5203066124062048,0.829201315288253,0.37883709504804025,0.9412903763697723,0.9146033950519533,0.8621979441314714,0.5753806738151542,0.5010045139671148,0.3287672818110238,0.19272229277205832,0.0025309357500985
16426,joint_noise_gta_semantic_cityscapes_dropout_pu_0_00,0_00,0.19091785678506268,0.4451753582204192,0.6558158278394651,0.7983865529932157,0.9026273170403158,0.0,0.25296828740660354,0.2708333264381015,0.3066413411658795,0.4406855418316188,0.2419703656538894,0.8889184798764931,0.713927676193959,0.4498550800066116,0.3234102600299859,0.3041862123117076,0.21325722515537882,0.14880593544487042,0.0018719526413949
14297,joint_noise_gta_semantic_cityscapes_dropout_pu_0_00,0_00,0.2216033307164656,0.4402109645274044,0.5824613579372466,0.7380243041505365,0.0,0.0,0.2782254501646229,0.3099734699903244,0.3754566352116805,0.521512771873029,0.27871509323392823,0.6948158367310449,0.6267415773881967,0.5597292884198888,0.4125488688592821,0.35365848706501585,0.34660524694417794,0.2173711821248938,0.0028149595391885
19444,joint_noise_gta_semantic_cityscapes_dropout_pu_0_00,0_00,0.18800680354926866,0.3789222085076473,0.5858600368565688,0.768338249126838,0.0,0.0,0.24245382216685146,0.255275049755251,0.2840106865224473,0.38191413829607673,0.25241521803581607,0.6413183227740719,0.4354869496296523,0.3245998456111443,0.27149723353891386,0.25844712079200194,0.2644420525670098,0.18502428704923152,0.0062510160074037
08677,joint_noise_gta_semantic_cityscapes_dropout_pu_0_00,0_00,0.16280743749565157,0.4077262025899652,0.6203647262487061,0.7465015663177855,0.0,0.0,0.21885053465059148,0.2750318893616171,0.3111758029532122,0.4114514186694096,0.1673117435632233,0.7482817648874874,0.6433725893024055,0.43255712644535277,0.3169215773868324,0.2953683608697058,0.24697080531854745,0.1590485755997557,0.0003934755212911
04732,joint_noise_gta_semantic_cityscapes_dropout_pu_0_00,0_00,0.2612194165355671,0.5288689570844312,0.6359970165181157,0.7576399685550705,0.0,0.0,0.33076153459198043,0.38091246872075685,0.4901490550005442,0.6785424203995747,0.3484345298332854,0.8195477661667787,0.7949750709532004,0.6808235300730552,0.457757387965119,0.40510725499716194,0.2529428337448317,0.19042422348200755,0.0070432924197485
17033,joint_noise_gta_semantic_cityscapes_dropout_pu_0_00,0_00,0.17925598783877347,0.42958375713798724,0.6143697379778651,0.7470889520743816,0.0,0.0,0.243888979392612,0.25727274965112923,0.28543444847286964,0.40165428890590527,0.2561539750432861,0.7456719643935196,0.5835975118022808,0.4144435428579753,0.3139102502326254,0.2880307554920407,0.32683047354207406,0.17967193459052785,0.0039572527335156
07763,joint_noise_gta_semantic_cityscapes_dropout_pu_0_00,0_00,0.1857430242193653,0.4394779998308176,0.6367900955749712,0.7676115509141764,0.0,0.0,0.253138338964848,0.27106237820178936,0.31044791291445456,0.45140455561351067,0.26754890199409376,0.7462212807228645,0.5768218777399361,0.43110352542922714,0.31473914440722917,0.28067706698521494,0.29338252251936836,0.17469171283247634,6.677475900495418e-05
11036,joint_noise_gta_semantic_cityscapes_dropout_pu_0_00,0_00,0.20887749279930698,0.46904140116322374,0.6202622468474206,0.7370874078995968,0.0,0.0,0.2856414176054721,0.3465010023282242,0.4204496281407308,0.5973299851729399,0.21934141673380916,0.7769382759353326,0.7170105857467262,0.658332595064945,0.5603462812407024,0.5109010013070229,0.20944888951141805,0.16867889609510184,0.0056686476829904
13640,joint_noise_gta_semantic_cityscapes_dropout_pu_0_00,0_00,0.18584971481409363,0.4137242989881881,0.5697265717755293,0.736604683337078,0.0,0.0,0.2525782002432498,0.29081566314015034,0.34560175814487404,0.4693817672001971,0.19851955079141972,0.6768601467314569,0.5562691718791584,0.42498588883778915,0.3352125361280525,0.3157166584577089,0.34350716308520496,0.17141027375210333,0.003380267549853
01349,joint_noise_gta_semantic_cityscapes_dropout_pu_0_00,0_00,0.221732461922419,0.6078734125915096,0.7551496196555378,0.8170113944729346,0.9142504991020688,0.0,0.31003171137207663,0.35628618724693883,0.456347638937218,0.7727333994066011,0.33260085896375496,0.911972427765465,0.8964213451499209,0.8279171684367044,0.5060140500866541,0.4398829339460609,0.29888328604296444,0.15480205799479935,0.0006765384464631
13652,joint_noise_gta_semantic_cityscapes_dropout_pu_0_00,0_00,0.15152121288177842,0.40642240737363033,0.5841677818268274,0.7433305051362755,0.0,0.0,0.20466597045152787,0.2565315341538764,0.29543375201829264,0.4117459777405552,0.19043985016513548,0.6390503721966236,0.5721519283752371,0.44910417243302164,0.3439357280640181,0.3052145127284728,0.30697521693046087,0.14861490232096772,0.0023377258945368
21971,joint_noise_gta_semantic_cityscapes_dropout_pu_0_00,0_00,0.22168754879867622,0.5761873972515709,0.8213713931778618,0.8814842704155803,0.91574230446702,0.0,0.3007074590801533,0.3387940655537359,0.4262569326075565,0.7302155774225775,0.31761437771525913,0.938594066957145,0.9220154368012236,0.6814060708222988,0.4404884542079966,0.3925244613494221,0.31872664553070373,0.17076501211875564,0.0018638864882173
02539,joint_noise_gta_semantic_cityscapes_dropout_pu_0_00,0_00,0.20742565859802303,0.5788449195038183,0.7321224999729206,0.807335583568672,0.9146665018857768,0.0,0.28861339761854893,0.32410139180957326,0.4017653184553257,0.6867224541894056,0.31836222321070196,0.9108692668809476,0.8299469883197911,0.6401434662817584,0.4169036650505978,0.3727623935607245,0.2655170010229443,0.1616678250306563,0.0008774987326829
08569,joint_noise_gta_semantic_cityscapes_dropout_pu_0_00,0_00,0.16273941949631227,0.4300070432880567,0.5860228156609018,0.7395988755868446,0.0,0.0,0.21602189743999597,0.2670506811171713,0.3129068119308406,0.4442802853118223,0.17265308882554117,0.7343209993460568,0.6671443717805948,0.46689584346885765,0.3371662736558178,0.3079686662402362,0.29525523495766404,0.15332931077111112,0.0033399725254588
24301,joint_noise_gta_semantic_cityscapes_dropout_pu_0_00,0_00,0.195022889096267,0.4926290098834122,0.719898893389609,0.8276879892404311,0.9178643402506933,0.0,0.27593392282640633,0.3231701118350791,0.39642340281264105,0.6084943224125945,0.28183334268268717,0.9112522110470109,0.8911548590948206,0.6661183275885919,0.43624915314591023,0.3939381826989032,0.26311079694042555,0.15434717313053226,0.0009769612978784
21723,joint_noise_gta_semantic_cityscapes_dropout_pu_0_00,0_00,0.1969318231121896,0.4724357479716508,0.6709160993813529,0.8223082494296328,0.9196318017195504,0.0,0.27203187176488586,0.30084824195051,0.3628203671118875,0.5451646496448124,0.28497934543498155,0.9286744668916858,0.6284352776052072,0.4260191131890948,0.3276970622891628,0.30469391603335333,0.3722408570892531,0.17468907008111734,0.0034370910956049
23800,joint_noise_gta_semantic_cityscapes_dropout_pu_0_00,0_00,0.16971079014682458,0.500644240867341,0.7102700512690954,0.789730381863645,0.9241646264426386,0.9605743192790063,0.23840273558174538,0.2700093565266201,0.31038858269336206,0.48178236793844426,0.25897653014331873,0.8493163790195203,0.7281849727274623,0.45765123673108,0.3294709981511678,0.30682021818701694,0.21921592607054044,0.14318216287613958,0.0013010337675635
14915,joint_noise_gta_semantic_cityscapes_dropout_pu_0_00,0_00,0.13836128856660815,0.4236581795163096,0.5831015671510822,0.723957874588393,0.0,0.0,0.1932145952162985,0.24130739185490047,0.2648343498919047,0.35926114267279313,0.16787760839206953,0.6131308349445815,0.46003044757210704,0.34962935243651594,0.26801382718789024,0.25810632204515943,0.27022288272469525,0.13672234574950326,0.0059591702220479
11396,joint_noise_gta_semantic_cityscapes_dropout_pu_0_00,0_00,0.1738705128063986,0.4026160357434136,0.5984303822637819,0.754745741180297,0.0,0.0,0.23859746334336054,0.2732237784985252,0.3094548791707921,0.42200876223484496,0.1939677417393036,0.7300230794896103,0.5185562959896296,0.3755802428557999,0.29724243260920974,0.287292405832601,0.31204768561182467,0.16629130641035136,0.0025578492423435
12735,joint_noise_gta_semantic_cityscapes_dropout_pu_0_00,0_00,0.22168672650817073,0.6189076633148844,0.7348872237993855,0.7861574674891346,0.9023383569004606,0.0,0.3107713232008374,0.36602586001594506,0.4724471743774341,0.7726352717731598,0.31963966231914126,0.8996215620368514,0.8874458957361313,0.8015627710309298,0.564255441626367,0.49210520597479507,0.2452094101150661,0.14095112878145616,0.0024611054725883
19917,joint_noise_gta_semantic_cityscapes_dropout_pu_0_00,0_00,0.17082757032205195,0.40057609965289875,0.58999701935573,0.7227060524717267,0.0,0.0,0.23353168718290107,0.24290019055034157,0.2629514292355873,0.3520772466258667,0.24623376961815047,0.5738911770788389,0.45467118223684727,0.35129701538798824,0.2633151107846545,0.24411107054443038,0.2065142180669219,0.16888908395567784,0.0040942428757379
19091,joint_noise_gta_semantic_cityscapes_dropout_pu_0_00,0_00,0.18314575554226362,0.6488362028323873,0.7835500604359094,0.8297271128840057,0.9244430969190186,0.0,0.2587908767858118,0.3174307917262772,0.3924144087895685,0.7136621585737399,0.2899469060785858,0.9386231853397249,0.9326997318132499,0.8006442016480656,0.48331769202551345,0.4182724452130835,0.3171738926620354,0.12163920202507246,0.0016182588039479
24011,joint_noise_gta_semantic_cityscapes_dropout_pu_0_00,0_00,0.20550829149355657,0.5206175010234821,0.7475817945980864,0.8389284490693474,0.9354372192793575,0.9593620573682174,0.2793835729724762,0.310016803745056,0.37583987165993965,0.6002121958162613,0.2847454190511499,0.9637687984592845,0.8767145772444711,0.6123654163802495,0.42282712477210876,0.37878818322416397,0.22979997934075302,0.15726807530956208,0.0001594224223658
00995,joint_noise_gta_semantic_cityscapes_dropout_pu_0_00,0_00,0.249159821589294,0.6465262548331239,0.7959788544167856,0.8368113795913266,0.9332203763395254,0.9584583881879645,0.33578818187667137,0.38811788574585193,0.5080303084499314,0.8432842146918238,0.35458220152737663,0.9604521401132153,0.923188928849952,0.8339209013712414,0.5327174107672087,0.4663954450352615,0.27209191411628886,0.16568642977402864,0.0015260942582697
01610,joint_noise_gta_semantic_cityscapes_dropout_pu_0_00,0_00,0.25750150055548277,0.6889368751128512,0.8429668665429552,0.8732751268514476,0.9275706290820649,0.9591136509162896,0.3380355180094898,0.39100777960568045,0.5128643010851749,0.8855867496511294,0.36066012708033834,0.9657080344260458,0.9450527690046955,0.9159232648982031,0.6133433717339046,0.5326921310265924,0.2477397359042012,0.1727889703501455,0.0056994351116193
09918,joint_noise_gta_semantic_cityscapes_dropout_pu_0_00,0_00,0.1539578662048659,0.4166476823444186,0.5836965851980039,0.7586317773619016,0.0,0.0,0.21355192841947293,0.23225544113574298,0.2512989162169373,0.31797559978103596,0.22668638699986293,0.660563180324176,0.4553085060448209,0.3370832088709899,0.24554927853756203,0.23535592622790746,0.29005774662763745,0.1519630867907599,0.0098817240863955
24169,joint_noise_gta_semantic_cityscapes_dropout_pu_0_00,0_00,0.19101482649969256,0.4837415720817419,0.6488308086527635,0.7297390952675368,0.0,0.0,0.26516803111646575,0.29248422638117466,0.34187579670134266,0.5026640785123949,0.270244248529933,0.7534404958974311,0.6958373345399609,0.47235178543619616,0.3688022080703181,0.34420654482110036,0.2856207986213162,0.13861741153582233,0.004009873201655
09016,joint_noise_gta_semantic_cityscapes_dropout_pu_0_00,0_00,0.16313805866180495,0.41541706952112506,0.5999917324390307,0.7503279853645958,0.0,0.0,0.21961801369021966,0.24535655032813514,0.2771744315118042,0.39580811698447965,0.23086236694254747,0.6689832637709351,0.5211211796445607,0.381540027627591,0.2989296770993551,0.2819593588820369,0.31005542680430437,0.1620906925439654,0.0001458020887339
17921,joint_noise_gta_semantic_cityscapes_dropout_pu_0_00,0_00,0.20055561649988857,0.5768536591143493,0.7666583681676229,0.8536037639687388,0.92099394197006,0.9519689017862686,0.28223490522078715,0.3285511797192176,0.41023223918239454,0.7013958936818571,0.3054856767537639,0.9453859300690735,0.8756759334502486,0.6054665332463595,0.41631856282156376,0.35353231540550545,0.31595283693742293,0.16234056304806482,0.0022478527524233
18240,joint_noise_gta_semantic_cityscapes_dropout_pu_0_00,0_00,0.17835485942706233,0.3944967202133222,0.6068467495137888,0.7508324811429746,0.0,0.0,0.2381253602998025,0.25059714698236835,0.27779779796506754,0.38123484706092975,0.24687760547612178,0.6913379672438238,0.5622275855258685,0.40259248816953225,0.26600600766997945,0.2534847577656693,0.19843977345882,0.17238109023644885,0.003788758219405
04038,joint_noise_gta_semantic_cityscapes_dropout_pu_0_00,0_00,0.22208308580104963,0.5704389980604636,0.750468082599987,0.8019500974354953,0.0,0.0,0.2980246412130092,0.3352282231315225,0.42077082947614525,0.7141420628533386,0.3189933750863699,0.8754122481310138,0.8462620927621836,0.6965949217342781,0.44271421614784456,0.3913540648505588,0.24611321626778485,0.17180305442140564,0.0014963081581282
14151,joint_noise_gta_semantic_cityscapes_dropout_pu_0_00,0_00,0.22720999169122086,0.4893045792782532,0.6201390918548318,0.7274587144012209,0.0,0.0,0.2985134076747891,0.3562182030855903,0.44745064661909484,0.6263797427281163,0.25611691637194844,0.7699699748102157,0.7360064046613205,0.7110226213660197,0.6347022964520284,0.5924060882153328,0.33729324742461364,0.23226635717782693,0.0032474650209157
12192,joint_noise_gta_semantic_cityscapes_dropout_pu_0_00,0_00,0.2629796812334295,0.4508646216812445,0.5775489619358771,0.739869529088176,0.0,0.0,0.30219089116727166,0.3351993101472258,0.4002366814853169,0.5498558802595592,0.3500151241824515,0.7130567456916974,0.6507530025364572,0.5615824092542792,0.4564539884717522,0.39819614363408595,0.3895751913537538,0.26278990019195586,0.0058108896534022
24293,joint_noise_gta_semantic_cityscapes_dropout_pu_0_00,0_00,0.24870181164088181,0.5883068927516144,0.7353463110259946,0.8203930228944923,0.9237662563738405,0.9526013815372744,0.3227822120192494,0.36943035455824563,0.47603736723711115,0.7696228759550839,0.34727169034268235,0.934007107730418,0.911022289742966,0.8111574232553965,0.5073491334302264,0.4434533971685251,0.36163245659209087,0.18493000684220595,0.0018663554388518
15522,joint_noise_gta_semantic_cityscapes_dropout_pu_0_00,0_00,0.18822451684162414,0.4087679422958199,0.5733493433642373,0.7422022553976672,0.0,0.0,0.2500065499138865,0.2682054265504519,0.30981244225164184,0.43776968522953413,0.26994508207180745,0.6348165264355498,0.5160921388209176,0.4451707363194726,0.36381450579062274,0.3289991126399598,0.262068533917234,0.1835571300961347,0.0012677871948377
10197,joint_noise_gta_semantic_cityscapes_dropout_pu_0_00,0_00,0.19110665093313392,0.44928424719842736,0.6065434586800454,0.7494346521561306,0.0,0.0,0.2512347419662943,0.2706199508161887,0.314318519490826,0.4661094360854174,0.26330798201419187,0.7847541880155469,0.6991306815442129,0.5052199728882231,0.3659730525484223,0.33110430658749446,0.30380669467994054,0.1734384962834688,0.0037688744735071
13481,joint_noise_gta_semantic_cityscapes_dropout_pu_0_00,0_00,0.2111489025473239,0.3986925472514884,0.5994278658071439,0.7463441461686547,0.0,0.0,0.28416441540163234,0.32265519718101615,0.37123851493002985,0.47436777292161747,0.219475972746193,0.743045730325851,0.6508309492935208,0.49816880663944507,0.34994290123979255,0.32321032417824397,0.27407278173662797,0.20522928430612883,6.744519193361116e-05
17485,joint_noise_gta_semantic_cityscapes_dropout_pu_0_00,0_00,0.19080678592431077,0.42446764729118197,0.5809504597180916,0.7453286821995648,0.0,0.0,0.2640757689795525,0.3372144897022057,0.4013052807462574,0.5228318492906893,0.1956223010658395,0.7621367975561799,0.6341496513133447,0.5771245300258109,0.4117552732135746,0.3747119393101455,0.3220055523121069,0.18279780237508408,0.0010726506520157
21120,joint_noise_gta_semantic_cityscapes_dropout_pu_0_00,0_00,0.1501836272903769,0.4228769416940422,0.5934761067291163,0.738220815171864,0.0,0.0,0.20895518727634174,0.25081138033464906,0.2808682126141043,0.4047071126100938,0.22819752862817885,0.7106498181170592,0.6024024233023286,0.43309807789600013,0.312277677108132,0.2870510632972841,0.23611209485301338,0.16843047130925873,0.0059632553629282
10394,joint_noise_gta_semantic_cityscapes_dropout_pu_0_00,0_00,0.1442210055908385,0.3861256467560741,0.5993124423424723,0.7629777388486032,0.0,0.0,0.2020310084028952,0.26001917055828483,0.296201223900718,0.3991277401489619,0.16154289155356238,0.6920303150429372,0.5454071463946896,0.39388881843220097,0.2870392526819209,0.27048598494620535,0.3027139225488805,0.140491800756264,0.0097577808252547
18694,joint_noise_gta_semantic_cityscapes_dropout_pu_0_00,0_00,0.24907218143614904,0.5810630125165983,0.8062759541846792,0.8701147920474537,0.9161990221471565,0.9529649138972694,0.3253873762105536,0.374257343716885,0.4834235591428049,0.8089883308606011,0.3354618240177253,0.9363124578072112,0.9259158947490369,0.9002593829188402,0.5521019506548587,0.4851838522474661,0.3035743742348803,0.1857990661301061,0.001357486025651
03988,joint_noise_gta_semantic_cityscapes_dropout_pu_0_00,0_00,0.2421662313698554,0.5640056896298974,0.7565596732391465,0.8314285090766689,0.9133981755904957,0.0,0.3093638220773599,0.35061832875759763,0.4450332181226479,0.7318646624647499,0.34784073597951204,0.9154615690540528,0.8974280865579108,0.6531069144077561,0.4236438105889213,0.37785011131243346,0.2580487292117371,0.19397738263928294,0.0010609650296631
13854,joint_noise_gta_semantic_cityscapes_dropout_pu_0_00,0_00,0.1166644047553863,0.422731458286374,0.5943025332437947,0.7326993593819451,0.0,0.0,0.1605718358417414,0.2131624699673429,0.2599667833225813,0.36816173958994297,0.16175131808202953,0.6945137614568402,0.5547967862612884,0.37644253842676606,0.268985621754386,0.24968771514231203,0.3146053467563164,0.11397437974581888,0.0028473856564428
18472,joint_noise_gta_semantic_cityscapes_dropout_pu_0_00,0_00,0.1983739635080133,0.5269793564196368,0.6848139960345403,0.7898875357501551,0.9085924764042794,0.0,0.2798713623719349,0.32726127078777273,0.4085762657842122,0.6464947848354246,0.2877651819410817,0.8992010461998351,0.8636145566511155,0.786810179002893,0.49627315403452676,0.4368936788556841,0.2157230933587426,0.14473373720694538,0.001952740727867
13915,joint_noise_gta_semantic_cityscapes_dropout_pu_0_00,0_00,0.16379125360235378,0.40104770847506616,0.5928897527105554,0.7475036374710579,0.0,0.0,0.22043937594580082,0.2667614280456674,0.3095362873904158,0.42473332538743086,0.1966777176564678,0.7140604840367343,0.5710802518262824,0.45736612961474543,0.32572506291054104,0.2956017062198471,0.2799790693051641,0.16245260613270449,0.0029193069272082
20124,joint_noise_gta_semantic_cityscapes_dropout_pu_0_00,0_00,0.21359921352460878,0.5526838358387444,0.7071712468957755,0.7826538137373497,0.9046251851411719,0.0,0.3018738695819437,0.36126590755398447,0.46410823193223977,0.722956879672441,0.2968991114132531,0.8837571741695581,0.8474019785259208,0.8066811273767525,0.5299298626193896,0.46944435565987086,0.3141443699278245,0.13644470883894855,0.0022890846455891
19085,joint_noise_gta_semantic_cityscapes_dropout_pu_0_00,0_00,0.18884118366068628,0.5681162593596363,0.7251311283976849,0.8347842798929984,0.9197691805301654,0.0,0.2673277808162605,0.32706523719854685,0.40829487993676006,0.6873151293377546,0.28103345158655857,0.936570418139146,0.927090911397987,0.7570619773357798,0.4561980327159803,0.4002406708843564,0.2612122888904607,0.13212040473348433,0.0003182259192618
01798,joint_noise_gta_semantic_cityscapes_dropout_pu_0_00,0_00,0.22983209512812797,0.6623035158357868,0.7837963703772448,0.8391274290417639,0.9271151041854557,0.9562420423509708,0.32171124989949373,0.3723106538424896,0.4835262705337565,0.8287733380989538,0.3386610172188024,0.9491114415949842,0.9174001212107011,0.8937721310488724,0.5713441482046061,0.4966286260009496,0.2052362882963241,0.14963882812407814,0.0011738051617086
08163,joint_noise_gta_semantic_cityscapes_dropout_pu_0_00,0_00,0.18267468212573643,0.4807542031926542,0.657305665566003,0.8297378022146873,0.9127482344364117,0.0,0.25090151456329707,0.268954294300651,0.3096299670206553,0.4829963576303096,0.27127575503942397,0.819639473992824,0.6012336069881088,0.38375060081404366,0.2824495690655802,0.2665804448157195,0.3001790798944555,0.1673628080473253,0.0008967396444439
05719,joint_noise_gta_semantic_cityscapes_dropout_pu_0_00,0_00,0.19516289376013332,0.5931993160383522,0.7427051029036169,0.8151189638763631,0.9069121988054331,0.0,0.2759432775100159,0.31030146192366176,0.3790380331227154,0.6598643244468205,0.2977755528839703,0.9050915710622557,0.8756198810889242,0.6081723952527633,0.40336822227538754,0.3639706259448239,0.2004433031012236,0.15290543929660746,0.00261693739726
04164,joint_noise_gta_semantic_cityscapes_dropout_pu_0_00,0_00,0.2072372840401334,0.6157036697094072,0.774971600222206,0.8197582078285405,0.9168500437671648,0.0,0.2877996755330056,0.32306629672570064,0.39980408860669997,0.7037073130030164,0.30416823787510483,0.9257688538188753,0.8834796667335648,0.7004613478209556,0.44250623571696435,0.3932602405038775,0.3096874334837918,0.15912311905866475,0.0011803812671296
07339,joint_noise_gta_semantic_cityscapes_dropout_pu_0_00,0_00,0.21550205514345194,0.6236020347134799,0.7818981925375891,0.8306260944715886,0.9092165738560037,0.0,0.3037474437598562,0.34838710478735996,0.4429383427760384,0.7762041463388198,0.31203167105064716,0.9159796878129649,0.8891040795573182,0.7905910997199237,0.49396977886442683,0.4365822444491374,0.2353773819121962,0.1467326593581467,0.0034160498156758
03105,joint_noise_gta_semantic_cityscapes_dropout_pu_0_00,0_00,0.22960179505888623,0.6766584737407491,0.787193219388736,0.8221642758095992,0.9217365110692907,0.0,0.3226393699387041,0.37424065324987954,0.4871215914568889,0.8277810953918348,0.34358053356159307,0.9376002264165233,0.9129877676261249,0.8690303333547691,0.5639924752068218,0.4889138385359812,0.3105480904717572,0.14333100600259016,0.0026211150983926
13890,joint_noise_gta_semantic_cityscapes_dropout_pu_0_00,0_00,0.15772604023892228,0.40774993309652535,0.596807747175826,0.7423047696617161,0.0,0.0,0.21200873303493495,0.24749515258589952,0.27610485545295677,0.36625276717253413,0.1713116450819424,0.681118222926904,0.4175461006281106,0.28130316029333646,0.24332169878072615,0.24066391698460166,0.1517897768121101,0.15531475608119227,0.0023543148590358
11225,joint_noise_gta_semantic_cityscapes_dropout_pu_0_00,0_00,0.14099556517007705,0.42339535613288143,0.5795736694788116,0.7543989481081474,0.0,0.0,0.19561566555368443,0.26002394541596363,0.29782716124336667,0.42019414766964164,0.14261406049539738,0.6731329757563196,0.5470132345662904,0.4309730902033476,0.29349740139462105,0.27174960287983485,0.34617099211139274,0.13679785924699578,0.0055395455043253
12526,joint_noise_gta_semantic_cityscapes_dropout_pu_0_00,0_00,0.12720871919104842,0.40561006899107044,0.574013866301767,0.7635957693819487,0.0,0.0,0.1748760687499055,0.23369047907507323,0.3015541819081193,0.4206337304629779,0.14039810636380262,0.6385433920780312,0.5318427693619387,0.39675187805771694,0.31166210128522986,0.2834691094319449,0.28006025689966885,0.1449322284413094,0.0054145945263189
10400,joint_noise_gta_semantic_cityscapes_dropout_pu_0_00,0_00,0.15617163919166982,0.4030063922218894,0.5794305246675313,0.7560109142059346,0.0,0.0,0.21867317563870686,0.2848065926579775,0.33581303721619954,0.4488219015130309,0.1864137211922946,0.7167908425417246,0.5691825250651467,0.4408136436319651,0.35737983484467534,0.3185987568004398,0.2516710049618476,0.15000616503678205,0.0022401291772205
12899,joint_noise_gta_semantic_cityscapes_dropout_pu_0_00,0_00,0.17947407281835914,0.4074792965721491,0.5996200128073917,0.7493751689928351,0.0,0.0,0.25047223833167404,0.30360546256715815,0.36495095386546317,0.47281668656157694,0.27412981815555837,0.7220537868880561,0.626849597817695,0.46563899556401334,0.3990787708842744,0.38049130659584823,0.2942388144839056,0.1821796167321721,0.0063684921394156
05173,joint_noise_gta_semantic_cityscapes_dropout_pu_0_00,0_00,0.1950839684992738,0.6820555320053855,0.8437167023706567,0.8852904828323092,0.9168849628170531,0.0,0.27516073301057037,0.32469494213846134,0.40267003263508944,0.7459121233921486,0.31363721961697655,0.936966051240206,0.9317129030457717,0.7298545761048583,0.46597191328712584,0.4149687656561015,0.29523948942803163,0.14144733359395686,0.0028110513788795
13112,joint_noise_gta_semantic_cityscapes_dropout_pu_0_00,0_00,0.18130124259675562,0.4443878885115341,0.61916592475372,0.7309566089756034,0.0,0.0,0.24555000538983135,0.30131110698133906,0.36221342833781656,0.5173140524284517,0.21129287921842366,0.7573857377811157,0.7142120708224953,0.6711769491660765,0.405464962041421,0.37272155016171515,0.29462660103235805,0.15716975049856108,0.0012767705029108
07514,joint_noise_gta_semantic_cityscapes_dropout_pu_0_00,0_00,0.18739099765430803,0.5300462677043551,0.727056491786932,0.8247290296458089,0.908728569639195,0.0,0.26116397299112587,0.2945381973921484,0.35431988723113533,0.5847720050555787,0.28435358858516097,0.9048076349484675,0.8501150350971387,0.5941977260099889,0.3916363236266451,0.3495349304160286,0.2557273555654957,0.15589775707182485,0.0002372031558746
02960,joint_noise_gta_semantic_cityscapes_dropout_pu_0_00,0_00,0.2028299317303383,0.6533713902839418,0.8364220492914914,0.8662625231918449,0.9215892756292184,0.9522940291733349,0.2857285136813141,0.32757917415868987,0.40727926961584054,0.741657008707281,0.3208063889865853,0.9420648620292645,0.915266163656241,0.7166491749060007,0.4590554515263964,0.4069964812240099,0.3260453326877095,0.14942936325590356,0.0016885928287113
23541,joint_noise_gta_semantic_cityscapes_dropout_pu_0_00,0_00,0.18125186257695677,0.4187179802057846,0.6403495840654106,0.7779734379414827,0.0,0.0,0.24608561300449514,0.26310640837305715,0.3002283670435699,0.4324510810316656,0.2558153160886026,0.8005965821789677,0.598011754994381,0.39731508254220493,0.2940328888854177,0.2736878653209456,0.2164350271447495,0.16533679253113923,0.0019279157579495
08099,joint_noise_gta_semantic_cityscapes_dropout_pu_0_00,0_00,0.17492262995610927,0.41040480624539794,0.6073810519832972,0.7400453091395516,0.0,0.0,0.2381358270757695,0.2496232049052423,0.2732601442527333,0.37011029187798417,0.24987478960652196,0.6756114903351353,0.5572498230993247,0.3823960218941106,0.28332153235792423,0.2641282498816675,0.24129868875235239,0.16797438628431496,0.0019384597456491
08620,joint_noise_gta_semantic_cityscapes_dropout_pu_0_00,0_00,0.17603091900181136,0.4378813911300129,0.5958390419232739,0.7589074843637849,0.0,0.0,0.24154223590317392,0.2874778360386898,0.33715767019694654,0.4857469560761394,0.20467094573054312,0.7181938115867205,0.5717130735424568,0.487903331079429,0.3669723362712361,0.3300188704303586,0.2534602158229689,0.1811665129163642,0.0052578069203785
00901,joint_noise_gta_semantic_cityscapes_dropout_pu_0_00,0_00,0.21626967233731442,0.47062415395164353,0.6250104322237076,0.7573800961098037,0.0,0.0,0.2813980658879136,0.3075249167792013,0.36225904785111024,0.5389409487044804,0.27624945307573817,0.8121235966344205,0.6695304847830609,0.5491009947846819,0.4175590754520232,0.39647610319687854,0.41141602178875936,0.18586317049315462,0.0028288684834459
07400,joint_noise_gta_semantic_cityscapes_dropout_pu_0_00,0_00,0.15589344621882587,0.5621390400486579,0.6892959960761749,0.798500379899861,0.9187475529349608,0.0,0.22032475857240666,0.30526994574236643,0.431406261898133,0.6868322332394208,0.15766789102277856,0.9311860755543359,0.9222235315091334,0.8658203755261995,0.5286481056194632,0.43395693293398474,0.28876186075346383,0.0816748415529129,0.0089490897509272
03264,joint_noise_gta_semantic_cityscapes_dropout_pu_0_00,0_00,0.25972649598843073,0.6437971221766424,0.8538641830172935,0.8933385203726371,0.9199735831507606,0.9522873801966024,0.35326846301507575,0.41312672934286215,0.5500179700504424,0.9051606800232421,0.3668564828226201,0.9462158902459633,0.9361363059965003,0.9144880469200374,0.5777564290654515,0.5013072211730132,0.28823873584756465,0.17708476647120014,0.000933052791526
24305,joint_noise_gta_semantic_cityscapes_dropout_pu_0_00,0_00,0.21451022227020422,0.5331686173257916,0.7033663192939908,0.8043798044001227,0.9154294120874092,0.0,0.2836892190356067,0.3144066269916517,0.38478051849508677,0.6289208793624678,0.30269358710782773,0.9079247497765031,0.821848912996344,0.6044800530654338,0.394970817702357,0.3525433260810378,0.27934819652874887,0.17957470391313826,0.0004633360311346
04317,joint_noise_gta_semantic_cityscapes_dropout_pu_0_00,0_00,0.213986464679609,0.5147592968827995,0.6335670146972664,0.7686067715582541,0.0,0.0,0.2905834558590277,0.3246913585440436,0.40214333871206004,0.6191550359398418,0.30870678059227963,0.8451972171793055,0.7482735069801305,0.555726317189656,0.36325782546412233,0.3282710797201286,0.3282157371721855,0.17634424924700418,0.0030804554970979
06977,joint_noise_gta_semantic_cityscapes_dropout_pu_0_00,0_00,0.2355232670528626,0.5766451436635708,0.7866968176213448,0.8443600466956227,0.9206380472952221,0.9535027793654107,0.3145363997564824,0.35731650450402835,0.45451231637539113,0.763279430319543,0.3299280765305834,0.9315279138427078,0.8976440923449137,0.8230056801346926,0.49295282735654317,0.4325236558797189,0.25625000200077414,0.18258543123700738,0.0026304611911828
09284,joint_noise_gta_semantic_cityscapes_dropout_pu_0_00,0_00,0.14935961841527662,0.41311169955909577,0.6055849332080107,0.7397934156898077,0.0,0.0,0.20061437275862937,0.24307736568326963,0.2724702323192431,0.38652846396795515,0.20111603532616082,0.6172785915256224,0.5455078953401137,0.38300447644260777,0.27195022747508085,0.24722634054125825,0.26218402882215847,0.14281470392870524,0.002793498584168
17483,joint_noise_gta_semantic_cityscapes_dropout_pu_0_00,0_00,0.2532432450811402,0.44450576527635394,0.5892022604230852,0.7578509282547238,0.9049440256205188,0.0,0.34949439517511954,0.4271399641562404,0.48995410951813595,0.580518865782892,0.27506295951275045,0.7957195621804593,0.6595862563004917,0.5873476031227648,0.49434926665146134,0.47783792169127726,0.3678917489766207,0.2431387589778948,0.0010216879626577
06966,joint_noise_gta_semantic_cityscapes_dropout_pu_0_00,0_00,0.2208923834440467,0.6074509644601224,0.7835136701057454,0.8225232522454661,0.9164609823638418,0.0,0.3133188632834167,0.37525081802983545,0.4850595886031454,0.8096022545350611,0.3566441166085741,0.9259713186277265,0.9067514167708288,0.8656223475356185,0.5427719669083542,0.4698002578423268,0.3355800468504664,0.15413901998672322,0.0033046421950111
21957,joint_noise_gta_semantic_cityscapes_dropout_pu_0_00,0_00,0.21965590575121427,0.5985421990276483,0.7836046278158142,0.8425499878151808,0.9190018200326114,0.9518256404868012,0.3043762770471355,0.34442796320620206,0.435463895347338,0.7535903381135342,0.3140543365808385,0.9429372746983853,0.8924206420649433,0.7335753362429681,0.4662059278193576,0.4126969269936176,0.2815615958140463,0.16743828703728278,0.0006205029573856
04887,joint_noise_gta_semantic_cityscapes_dropout_pu_0_00,0_00,0.21592553350775429,0.5858405259947045,0.7590578623502112,0.8227272365214696,0.9104186157664416,0.0,0.30092464962942567,0.3427726889158004,0.43308938114751006,0.7376742397392718,0.32328001954506425,0.9165419402692236,0.8934637028673852,0.6908559123414375,0.4423018325445156,0.39220658355547366,0.2558189934713642,0.16564320569428645,0.0009598931195049
06231,joint_noise_gta_semantic_cityscapes_dropout_pu_0_00,0_00,0.221511348519968,0.47384101736979084,0.664422085140232,0.7959821467371263,0.9120882203257272,0.0,0.2801272542428747,0.30808332683681156,0.3708978717171767,0.5600663855828542,0.29095927969167373,0.9005047903838634,0.7323771197628558,0.4965139292094187,0.3552290412977625,0.32050492057780927,0.3439466290175214,0.19323534850206783,0.0006954284133012
22111,joint_noise_gta_semantic_cityscapes_dropout_pu_0_00,0_00,0.18816808040261343,0.5036596333264145,0.7114239940814671,0.7949398058981155,0.901087681677221,0.0,0.2514022747229544,0.27028120770313163,0.31344310365361183,0.4957579373231385,0.27287053689484037,0.8739503641372679,0.772450682607753,0.5277863131528923,0.3577128806188099,0.3185918411224508,0.22223965017977615,0.16290354348330152,0.0024572842295068
14293,joint_noise_gta_semantic_cityscapes_dropout_pu_0_00,0_00,0.14149194405749901,0.4371569962247227,0.6153880614527838,0.7633818558903794,0.0,0.0,0.19289619984186365,0.25461809434238214,0.3015691282884363,0.41627180768128963,0.1509365848304029,0.746943817444362,0.6036941625490242,0.4160648322833495,0.30875523658300497,0.28994548991206487,0.36196502194832914,0.14238300712032137,0.0035249881206875
19663,joint_noise_gta_semantic_cityscapes_dropout_pu_0_00,0_00,0.16674472066908883,0.4660703924619137,0.5971003560560475,0.7507062990292123,0.0,0.0,0.23527191257090913,0.267669736510214,0.306043795378506,0.46605681951268607,0.2608843315147072,0.7228580683635153,0.6123270909896332,0.4591511128113468,0.31562189401804164,0.292627597312359,0.3129705471216694,0.16007578331031735,0.0025154270948734
22180,joint_noise_gta_semantic_cityscapes_dropout_pu_0_00,0_00,0.22052513168696117,0.510743390481056,0.6947800308696873,0.8054272177955177,0.916815614555052,0.0,0.28653344278031384,0.31873943411860395,0.3917956317117312,0.6201769088947557,0.30593356263474875,0.9073021892443639,0.7677726590416776,0.51953465504632,0.3851095495664921,0.3520841398875199,0.3235863594008591,0.18941930572841478,0.0012287751331689
14044,joint_noise_gta_semantic_cityscapes_dropout_pu_0_00,0_00,0.23185565170200448,0.5171632864499197,0.6337750797217034,0.7444988443412738,0.0,0.0,0.30938608988672534,0.3514616347002545,0.44584480765362,0.6510796780008907,0.3221355279612316,0.8012975284307516,0.7548512507376042,0.6531618899697701,0.4350802510477259,0.38571220338331746,0.27288596885447264,0.17401507090754564,0.0006098499801861
05196,joint_noise_gta_semantic_cityscapes_dropout_pu_0_00,0_00,0.22593936142166293,0.5907663195606605,0.7598326928561531,0.813629390963732,0.9186452590059243,0.9517907458657218,0.29501817896949256,0.3305064028325882,0.41225640380413825,0.714261627569083,0.32302548267964,0.9138574195478892,0.8870407020469435,0.7459748741045499,0.47058336289652575,0.41465415040722536,0.3307638259580856,0.1792807275222829,0.001917464298172
00309,joint_noise_gta_semantic_cityscapes_dropout_pu_0_00,0_00,0.18605553541662984,0.4827240990332234,0.6099067905068887,0.7569367867207204,0.0,0.0,0.2564003754997706,0.2985407535204128,0.35757592812250427,0.5468199656885502,0.28523435187167984,0.7978183475885363,0.6390806412500747,0.48262558292285285,0.31034603984219883,0.2865347620122519,0.2924039700546526,0.14973881308749773,0.0049495637203351
08238,joint_noise_gta_semantic_cityscapes_dropout_pu_0_00,0_00,0.1629971794133569,0.41918778842200155,0.5852451142663583,0.7347163312916476,0.0,0.0,0.22191565812853958,0.2789857249127666,0.31623146452794687,0.425046866533926,0.1727004925275861,0.6616974500676115,0.5559221558297497,0.37167549269136146,0.29790350411345373,0.281761812087364,0.30086385818280514,0.16851975407736933,0.0016598376098584
04636,joint_noise_gta_semantic_cityscapes_dropout_pu_0_00,0_00,0.25592928441980806,0.6143217186966119,0.7745320398733679,0.8324293454032825,0.9166757349179335,0.9516867980146645,0.34194583400028955,0.39683929634262954,0.5205228621128086,0.829959154211872,0.35098461980982,0.9414632006546949,0.9189467130730479,0.905379541299363,0.5573919963309018,0.4837040141383969,0.3217381985320507,0.17556991907512964,0.001321678008698
09392,joint_noise_gta_semantic_cityscapes_dropout_pu_0_00,0_00,0.15696233097395623,0.40856499951732034,0.5948078803460459,0.7545622133647815,0.0,0.0,0.21600877535829013,0.2676327852608299,0.30722595020517557,0.4251536905075012,0.1842467970927128,0.6978017552931965,0.5293390712157288,0.3659811825464277,0.30412998302656064,0.29219290338997467,0.20190733495283825,0.1535325535393475,0.0049353289169973
14178,joint_noise_gta_semantic_cityscapes_dropout_pu_0_00,0_00,0.1814747401228924,0.42562334593708795,0.6172549303876471,0.7368602324614442,0.0,0.0,0.24552335957892243,0.28080923822939363,0.33250732620991946,0.46756420294123174,0.24401922364085515,0.7214779272482236,0.6701350176537174,0.5281330579687192,0.3713405224213971,0.31820723161126824,0.33314812794352106,0.1717494208783391,0.0041476594308883
10284,joint_noise_gta_semantic_cityscapes_dropout_pu_0_00,0_00,0.18034865869670855,0.6349889205122518,0.8407142581815775,0.9027141826450457,0.9385038058082312,0.9603718666830575,0.25576672893676083,0.2957257094636345,0.35398265117223915,0.626660902209333,0.2935721686006,0.967693099549128,0.9528837834232342,0.6461418651199691,0.4237090384233783,0.38004956071481305,0.24430205119871257,0.1406498550305472,0.0032387046215907
06135,joint_noise_gta_semantic_cityscapes_dropout_pu_0_00,0_00,0.21557163967954643,0.4685634771430685,0.743794322308284,0.8792213171410066,0.9378934741723879,0.9569670963887887,0.26765191348374995,0.29137500923287274,0.34447748554373364,0.5169765036413778,0.29960284768366124,0.9497624033155536,0.6430729370435059,0.42181061915739293,0.3112515705701503,0.2875050188704561,0.2370552540679277,0.19666304027640355,0.0016039206733343
05684,joint_noise_gta_semantic_cityscapes_dropout_pu_0_00,0_00,0.21903718751140858,0.5592597372517554,0.7396738767524003,0.8175697911660454,0.9150050102858743,0.0,0.28700009245952146,0.3190592332120555,0.39264946942423207,0.6612143525083298,0.3194064657192651,0.9125850758642287,0.8880652615284292,0.6420321345633472,0.41934928829089313,0.3786424419833389,0.19556514921232876,0.17954325288788914,0.0002311166196438
18579,joint_noise_gta_semantic_cityscapes_dropout_pu_0_00,0_00,0.16025199680170807,0.3838600363536201,0.5956321842329834,0.7489533661827504,0.0,0.0,0.22098723735073547,0.2441063756777015,0.2720310384019149,0.36425900393873584,0.2206404066025008,0.6160651222797453,0.4941203999571266,0.3740081582075856,0.28432166040921925,0.26025787475612916,0.2100619161776904,0.14886594542969742,0.0009563362190433
12402,joint_noise_gta_semantic_cityscapes_dropout_pu_0_00,0_00,0.1544148295756752,0.45837142066332814,0.6200059193199311,0.744482633695177,0.0,0.0,0.21318915560732296,0.2690212385992782,0.3155450040704288,0.47743539929229817,0.20654735106865824,0.7514424477597426,0.6941320697548288,0.5819308916660657,0.3646592125857616,0.32106281085772287,0.3104533751485303,0.14004444703800953,0.0048176396441685
14557,joint_noise_gta_semantic_cityscapes_dropout_pu_0_00,0_00,0.2044689501304267,0.429769670837672,0.6053014424924064,0.7652047308475519,0.0,0.0,0.27555459538313537,0.31049382113443513,0.36303409433756795,0.5003045888694364,0.24266686081795705,0.7930348359034796,0.6751825432469611,0.4690864943057035,0.33965526306372307,0.32169553926316863,0.31076402042494033,0.19307035294234176,0.0016368782759496
10539,joint_noise_gta_semantic_cityscapes_dropout_pu_0_00,0_00,0.24745792256763674,0.3961146049351399,0.5736130774530992,0.7359139337252859,0.0,0.0,0.3180167027382012,0.357768929080854,0.40803864400558454,0.49702579290699744,0.26272195294410294,0.6883399734127997,0.5973935010499445,0.4552149289647064,0.3915360576215271,0.377598952051603,0.25226960585439795,0.24399305113904812,0.0008830748076489
16469,joint_noise_gta_semantic_cityscapes_dropout_pu_0_00,0_00,0.19499906859149907,0.6278184981384449,0.7948878189656662,0.8487339283572028,0.9184250506318418,0.9514689884836922,0.2763967247931371,0.32354396972463634,0.4011714145548986,0.7177632038754992,0.30699016532185214,0.930470953465039,0.9055100956727311,0.7037945218527976,0.44592804348583515,0.39469162136393005,0.26983351670466493,0.14586445639613832,0.0003130632375168
04293,joint_noise_gta_semantic_cityscapes_dropout_pu_0_00,0_00,0.22038149763137854,0.6193080260442471,0.8327854649683897,0.8883886954446434,0.924569279823916,0.960826855418543,0.29744223177535556,0.3340184582012286,0.41849409825437145,0.7467904124146099,0.3304543285481394,0.9536412721065091,0.9253601718728882,0.705585886719351,0.4531602746722221,0.40327264188389805,0.22752383033362542,0.16789548914862842,0.0009885648355257
13117,joint_noise_gta_semantic_cityscapes_dropout_pu_0_00,0_00,0.2127650153073792,0.5478490070968682,0.6991772763256642,0.8012065026643073,0.9132653556907998,0.0,0.29699054123067603,0.3588290613387136,0.45356536457305735,0.7081919894030587,0.23718386848980996,0.9144403385987612,0.8866638472793292,0.8488037790827225,0.6427510369470116,0.5226728398864657,0.4303948535863733,0.19167258424009645,0.0012431668578034
21320,joint_noise_gta_semantic_cityscapes_dropout_pu_0_00,0_00,0.24485482553353383,0.5527248379565423,0.6955565265617039,0.799581010505554,0.9108768696849123,0.0,0.3377974906796382,0.3911879929017084,0.5093316827841811,0.7465155054595399,0.348001783247788,0.9103149028101385,0.9020945836286716,0.834019827393498,0.5995228384025069,0.5037916219746518,0.269372679632423,0.1638923398357659,0.0028088683032941
15921,joint_noise_gta_semantic_cityscapes_dropout_pu_0_00,0_00,0.24177835041960347,0.45201335336582804,0.652677703448838,0.7940198004280368,0.9066291011590095,0.0,0.3295355895432893,0.39935184390073714,0.4788898477312371,0.6165205947967808,0.2681431243625165,0.902779439899768,0.8774898050423663,0.8279351781988106,0.5609528043873254,0.4325494702108345,0.3677595697766461,0.21684079853035773,0.0019517631597154
11275,joint_noise_gta_semantic_cityscapes_dropout_pu_0_00,0_00,0.17002145724955953,0.42289829530156653,0.6220320435263514,0.7449582607145951,0.0,0.0,0.22850088427128137,0.2724714144756687,0.31105935948008023,0.4322215857876601,0.18268690925993464,0.7152064357550743,0.5761184556304179,0.4420815995829095,0.33013305207932087,0.2969169688912121,0.2664455720751824,0.17293504309461208,0.0020754802152463
19831,joint_noise_gta_semantic_cityscapes_dropout_pu_0_00,0_00,0.1978618318008083,0.42347175066437925,0.5858297870335248,0.7296260953507834,0.0,0.0,0.26762017734325544,0.28240818170554893,0.31171205117111167,0.4259373112342542,0.1978618318008083,0.6456306802889084,0.5662281306930965,0.4718015241322889,0.3264032304461996,0.3006272636956346,0.29275741903744196,0.1913720849440087,0.0024353811061256
07300,joint_noise_gta_semantic_cityscapes_dropout_pu_0_00,0_00,0.21398433263947084,0.552901423925342,0.7723460545576396,0.8607647820834775,0.9156644902284276,0.0,0.28163145244244353,0.3125256816977779,0.3831118825644952,0.643086381471702,0.3034776511744815,0.9339751115687994,0.8946759020194378,0.5796999034774456,0.38380385553724217,0.3445753221445855,0.18243783890806012,0.17261043937541587,0.0007254795424443
01468,joint_noise_gta_semantic_cityscapes_dropout_pu_0_00,0_00,0.19193186472215598,0.6384502928136111,0.8036069821939512,0.8755310889084603,0.9320926675498897,0.9586790830074072,0.2722203081077134,0.311970642273365,0.38308328303670264,0.6917619225541006,0.30088153228542547,0.9654828332122672,0.9425440866967333,0.6732101192099849,0.4322688401412381,0.3831194365204904,0.31420854365766127,0.1433257082921154,0.000656468333569
04766,joint_noise_gta_semantic_cityscapes_dropout_pu_0_00,0_00,0.19687077092581487,0.5427725066820732,0.6317741438752994,0.7586574598643875,0.0,0.0,0.27548091953391557,0.32225861853319004,0.3990897155330507,0.6303941176902197,0.29576731686626584,0.8203953006011616,0.7862021011647726,0.6451172549177215,0.42236801961658316,0.37658571079030057,0.28056140944215585,0.14552782111614207,0.0012853099771816
03607,joint_noise_gta_semantic_cityscapes_dropout_pu_0_00,0_00,0.2613822095715575,0.5087921122024344,0.6647919373923497,0.7552456454594678,0.0,0.0,0.3371880637157353,0.38995165717620395,0.4944770962482326,0.6994547742882231,0.3474353870132416,0.8239542932990873,0.7966701990880098,0.7455717653235133,0.5003628469714912,0.43994107451830616,0.27115562468134585,0.21734146384499434,0.0018032032923252
16194,joint_noise_gta_semantic_cityscapes_dropout_pu_0_00,0_00,0.31422332424477867,0.6223660349301826,0.7292994739418179,0.8074317097169861,0.9119324253492351,0.0,0.43045433828498475,0.5213752359809801,0.6849277274684699,0.8445339951785146,0.40354651492568633,0.9242722961886974,0.9198546193505738,0.8963960052589587,0.8258037062547252,0.7250501304598415,0.22822794070819136,0.16600393804775768,0.0056186967029703
10141,joint_noise_gta_semantic_cityscapes_dropout_pu_0_00,0_00,0.1766853596573701,0.429334512560623,0.5907220546693025,0.7320127856267338,0.0,0.0,0.24010169715865268,0.2541779723897556,0.28515693013321897,0.407043860277482,0.2469633137687658,0.6748149978432164,0.5815547275072799,0.40114703919421385,0.30167534836071563,0.28279120126120805,0.3192079689930773,0.1717977584049575,0.003289965288014
00860,joint_noise_gta_semantic_cityscapes_dropout_pu_0_00,0_00,0.163181082117469,0.40250996768257785,0.5586084614147047,0.7392200248706037,0.0,0.0,0.23080111482930812,0.28100228725726284,0.3220169526216745,0.4318453447139419,0.2785935755342911,0.6149793349733951,0.49224788292671756,0.4743952951893031,0.3295454482673266,0.30513443950693014,0.30518529873040223,0.1612311194688978,0.0051781696035592
20451,joint_noise_gta_semantic_cityscapes_dropout_pu_0_00,0_00,0.20807570274855736,0.5560401473936107,0.6914145535392617,0.7925848702609138,0.9039262837033526,0.0,0.2940639702198505,0.3432585776335426,0.43582220030283625,0.6988285663922726,0.30952795763382296,0.8924674468603776,0.8758069766747029,0.6853753808151639,0.4291530425643245,0.38886817374798377,0.24738024532454972,0.149167934337393,0.0010447694873173
11759,joint_noise_gta_semantic_cityscapes_dropout_pu_0_00,0_00,0.15452815174890489,0.4204085190372615,0.5945103177802875,0.7581826386093026,0.0,0.0,0.21288468043817257,0.24626752029305246,0.2761541578797683,0.392483694484925,0.19524634754494888,0.6670908393514361,0.4952920111529432,0.40959364445345303,0.30858492581908864,0.28365849286917283,0.3619083736867878,0.13415343901373902,0.0014667144509048
00838,joint_noise_gta_semantic_cityscapes_dropout_pu_0_00,0_00,0.1879011601524797,0.41729240121531314,0.6145113820258493,0.7394977123714667,0.0,0.0,0.2540173955554991,0.27100614920499844,0.3061961442383448,0.422806325786658,0.26974189708240376,0.6728093629017191,0.6166284618740506,0.4898175184450199,0.32402961942797437,0.29190958762832026,0.38025303958234163,0.18305216053417114,0.0021007173784328
13751,joint_noise_gta_semantic_cityscapes_dropout_pu_0_00,0_00,0.1926894596064103,0.4529676520914698,0.6533351806178069,0.7549488264876866,0.0,0.0,0.2655495218489237,0.3189858238978607,0.3733953651643876,0.5329569798593959,0.2000473554996038,0.8065457309113415,0.7514787080757013,0.6317180512588866,0.4388674495861615,0.38700331190427034,0.325184086892561,0.18628236705557985,0.0003795723172699
02482,joint_noise_gta_semantic_cityscapes_dropout_pu_0_00,0_00,0.18962536180215844,0.6118758211559178,0.7879573942439225,0.8565125474141193,0.9188980616856709,0.9547610889999415,0.26881185472501856,0.3208746176535518,0.3971469240280637,0.7026881487459433,0.28608312893719245,0.9333068981780649,0.9132081864827809,0.6878582998714633,0.4433514953597614,0.3934715225583777,0.23341975646770413,0.14479905613673336,0.0013831325580093
22658,joint_noise_gta_semantic_cityscapes_dropout_pu_0_00,0_00,0.22087496060812004,0.4515589494425558,0.6323914193898895,0.7804919229795799,0.9075490870815925,0.0,0.2825981472641633,0.31400994275700816,0.3622980080756753,0.5121649378733163,0.2773681573014451,0.8328096432634908,0.6893356436049726,0.5841562716587676,0.41211644985338763,0.35576105653051465,0.3626065787570978,0.18126926272534655,0.0017667707654571
07967,joint_noise_gta_semantic_cityscapes_dropout_pu_0_00,0_00,0.2032342802923524,0.48430006004830195,0.6448242392135095,0.7745790550677225,0.0,0.0,0.2608245551450806,0.280900247050906,0.32546527079133,0.4989518003983674,0.2711035241258584,0.7833478573105228,0.6853829727414533,0.5310644911562421,0.36916334734205947,0.33497740985092195,0.427805924400252,0.18183639743212884,0.0026483847457838
19034,joint_noise_gta_semantic_cityscapes_dropout_pu_0_00,0_00,0.17740645478924488,0.38461698853952253,0.5937772126391743,0.7482083198370977,0.0,0.0,0.23586617710693555,0.2471915145828039,0.2722995735388203,0.37046993765265135,0.24899811695032897,0.6631619901553836,0.5493160415015097,0.3805902965008869,0.27805008467784803,0.25850010068216994,0.2674465925600649,0.1743411924386083,0.004051056987904
09697,joint_noise_gta_semantic_cityscapes_dropout_pu_0_00,0_00,0.1653043292749231,0.43350766049411565,0.5744767806689044,0.7184236632318217,0.0,0.0,0.22888256743136307,0.24324326085331874,0.2650498728542775,0.3625378656635447,0.23999888555405946,0.6417018449716129,0.5660078387145375,0.44609591132256243,0.31764593814031783,0.2913965724684153,0.25510916003716444,0.16521722587332538,0.0073700405158267
18967,joint_noise_gta_semantic_cityscapes_dropout_pu_0_00,0_00,0.17490193025026246,0.42325068575953495,0.5976042059157096,0.7428209906538407,0.0,0.0,0.23794409672732264,0.2500381046048605,0.2757573439056533,0.3910399672474961,0.25095294726396594,0.7159197479794259,0.6130393980356255,0.45189155926666397,0.2922227104121367,0.2698648389406517,0.34455258862370225,0.17343377427169976,0.0037282062964052
04649,joint_noise_gta_semantic_cityscapes_dropout_pu_0_00,0_00,0.2215708007078423,0.4347932206099367,0.6016824377615848,0.7560268952832613,0.0,0.0,0.277323824772298,0.30587754227480024,0.36994034338269494,0.5199610110842765,0.29671815389424905,0.7973031066086623,0.7291974492036064,0.47277249605641086,0.33108927473457433,0.30146560055211463,0.3386720091542118,0.19473551089801616,0.0011931666680961
02750,joint_noise_gta_semantic_cityscapes_dropout_pu_0_00,0_00,0.2299423127920211,0.526919795791415,0.6711283779736715,0.7994643214953939,0.9123618355350911,0.0,0.30087793855399453,0.33923780745098064,0.4259267284795344,0.6611566611859956,0.3083455476715361,0.9188659696526551,0.8991455645555078,0.7266732211990178,0.4612078989465631,0.4051092167801075,0.23044195710639231,0.1733272867694795,0.0024705573697312
08084,joint_noise_gta_semantic_cityscapes_dropout_pu_0_00,0_00,0.17217626338727762,0.43089585190773816,0.6070579116274885,0.7505088174171539,0.0,0.0,0.2383223779366347,0.2524325679233496,0.27931976132370373,0.3972767338156908,0.2543948151501694,0.6514079038547576,0.5103584092167335,0.36413166329877106,0.2839095029139592,0.2623414449730662,0.25974431303095824,0.16566489120240244,0.0074102860918001
17044,joint_noise_gta_semantic_cityscapes_dropout_pu_0_00,0_00,0.12082119472310468,0.4458169277120764,0.5832135000410688,0.7434932022905875,0.0,0.0,0.170581782925179,0.23473703645742852,0.2860383638116138,0.4194577600007695,0.15204037542263008,0.7216666145774,0.6348688656667003,0.5042922013736428,0.3250457747454694,0.30258382302650344,0.28387953264194216,0.1067221421292334,0.0039221811806004
16334,joint_noise_gta_semantic_cityscapes_dropout_pu_0_00,0_00,0.20954037749547405,0.5687151677740937,0.8243925521619045,0.8704013019262824,0.9111344974199391,0.0,0.29097646094685065,0.3258047292736865,0.40459704199222174,0.6836131812541529,0.3074693898977164,0.9204787840044619,0.9105205520435387,0.6222478210953779,0.41178992889495064,0.36939204879506,0.21260602746649096,0.16071766286367745,0.0004660178112555
00145,joint_noise_gta_semantic_cityscapes_dropout_pu_0_00,0_00,0.20048058463625285,0.43724305540051567,0.6045952694721081,0.7590350525901519,0.0,0.0,0.26888385233691214,0.2936415783617202,0.34807352531340024,0.4987554558575015,0.281290205169066,0.8257792894652165,0.5770861071908469,0.414296736700353,0.31094390182092313,0.28532775579737535,0.2836183371799814,0.18347205090443564,0.0038204766903338
00726,joint_noise_gta_semantic_cityscapes_dropout_pu_0_00,0_00,0.19500882267050218,0.43071748723470726,0.6005571509406689,0.7339506516773895,0.0,0.0,0.2616924032147133,0.28401654625407297,0.33178834735708795,0.47453603522506876,0.2732993013020853,0.7109613902121292,0.6048151053566257,0.4383583414267693,0.32527203724532583,0.2888099909896504,0.41176473244804107,0.1743272201947846,0.0
03071,joint_noise_gta_semantic_cityscapes_dropout_pu_0_00,0_00,0.2757665390584007,0.617648830139588,0.8365578969447971,0.8788563864772856,0.9344593932912415,0.9612177032137469,0.35997302353347876,0.42190250155804104,0.5580630710408159,0.8921661114432985,0.3816695799959359,0.9733018376296024,0.9681216714419836,0.8941917038571661,0.5671079800374944,0.49342177413225097,0.2933926524021996,0.1977659437628497,0.0008171523763984
20027,joint_noise_gta_semantic_cityscapes_dropout_pu_0_00,0_00,0.16501009308006045,0.4072880390930755,0.600946586762281,0.735865987603785,0.0,0.0,0.2258987350655341,0.23529804491435644,0.25222285060957345,0.32903637493007204,0.23632692659571106,0.5424876432648541,0.4539641560110409,0.31046697435919723,0.25134444550606155,0.23927993407789985,0.17936065382717764,0.15700198254130487,0.0056733492609366
19704,joint_noise_gta_semantic_cityscapes_dropout_pu_0_00,0_00,0.15623842954114261,0.3995104898793553,0.5913630673734125,0.7550240058893208,0.0,0.0,0.2202150884348116,0.251002677454206,0.27727083274556347,0.37734273361442466,0.2495305357218504,0.6945666564009269,0.4672297427213501,0.3646598310695963,0.3160540653032506,0.299426487516578,0.2603473627367678,0.15515955129230646,0.0045651415422618
20618,joint_noise_gta_semantic_cityscapes_dropout_pu_0_00,0_00,0.22649984914228283,0.49602855352874486,0.6476715875956383,0.7657699290158353,0.9017766869464847,0.0,0.3077489267964299,0.34936495882952384,0.44229079909389996,0.6378362168506658,0.30990485190258693,0.8892492354146755,0.8443112545295958,0.6653019997739671,0.42871359586233615,0.38255811149341923,0.17585438736429512,0.18197491832845059,0.0001278978271219
20714,joint_noise_gta_semantic_cityscapes_dropout_pu_0_00,0_00,0.2308145791087964,0.5791679360152211,0.8251692229687052,0.8783370298951237,0.9265989965115331,0.9541678995298957,0.29857304023772513,0.33559564864398933,0.4188403022753094,0.718650210877625,0.30643445259389307,0.9430553866722459,0.9381051455396876,0.739833362610531,0.46200639783026093,0.4123709280599613,0.16611736828861234,0.17956528607933162,0.0015637713880269
06092,joint_noise_gta_semantic_cityscapes_dropout_pu_0_00,0_00,0.19149148719655043,0.5449939080496327,0.738129833728982,0.8490596800635984,0.9245662208397961,0.9504113482758841,0.270659230608412,0.32209871697012726,0.3986832294204049,0.6590830060241851,0.298969676407516,0.9477676883301764,0.9367542120811432,0.664137138483529,0.42678690726490487,0.3803810122088962,0.24703972032921137,0.1507547986990614,0.0045158199855293
02933,joint_noise_gta_semantic_cityscapes_dropout_pu_0_00,0_00,0.19806115642191136,0.6027719484323215,0.7949385263303218,0.8457507526546775,0.907697191758052,0.0,0.27979529954835125,0.31632679474642866,0.3880198885863537,0.6828767127945329,0.3124260765606517,0.903229032107992,0.8804986331188077,0.6621934673747328,0.43227071254557387,0.38640624187198924,0.28290685617506367,0.1501913386472979,0.0004666257050277
13809,joint_noise_gta_semantic_cityscapes_dropout_pu_0_00,0_00,0.19068897144921476,0.45115326983077503,0.599009612832864,0.7368582863813967,0.0,0.0,0.2630129257424666,0.31357074971085397,0.37516508814482347,0.5320270336346015,0.20188906412792282,0.7236075471284402,0.6783465654607028,0.6276291818339159,0.48098019849527573,0.43204878438568906,0.2430663956979301,0.1921821066412013,0.0021598784149882
16198,joint_noise_gta_semantic_cityscapes_dropout_pu_0_00,0_00,0.24089308931353418,0.45194064883459567,0.5902673751139342,0.7423313331260907,0.0,0.0,0.312051174850648,0.355500129601383,0.4351917991290498,0.5812240393310368,0.30445873356718883,0.7773902725444475,0.7162805221438916,0.6152402794256555,0.5180779409159653,0.44858690551986735,0.28304624747084184,0.18231162265430584,0.0037038746921875
05255,joint_noise_gta_semantic_cityscapes_dropout_pu_0_00,0_00,0.22800537302715027,0.6292375822271791,0.7652170143114863,0.8235759004512119,0.9124625861662536,0.0,0.32222283848178646,0.3782146749939017,0.49289043608793875,0.8158239161301166,0.34792608480905407,0.9151793659093937,0.894446573375831,0.8373167252027315,0.5309018510012921,0.4597704862656797,0.3165906372323293,0.14981383657129874,0.0004318805139225
05521,joint_noise_gta_semantic_cityscapes_dropout_pu_0_00,0_00,0.19854139751653954,0.6393167852814625,0.8160660210117534,0.8599059879838892,0.9115406369271065,0.0,0.2796666118200567,0.31894098700684037,0.3946284805537671,0.7118655772382173,0.3096028178020088,0.9166243508284241,0.9053509740347251,0.735459055610627,0.4637556329853226,0.40940510045409273,0.15820640246972423,0.14773242549912863,0.0024925254917708
19226,joint_noise_gta_semantic_cityscapes_dropout_pu_0_00,0_00,0.2717565098104508,0.5919991493043014,0.7184298947376571,0.8163656956649061,0.910414161257784,0.0,0.36888278799373375,0.4330115564464821,0.5743860387068603,0.8119212982602422,0.39681433531066496,0.9185274397598927,0.8832513291082349,0.8695697513170466,0.5928169681193328,0.5113727262261247,0.2652241273255692,0.20435674677536042,0.0054057473202771
00919,joint_noise_gta_semantic_cityscapes_dropout_pu_0_00,0_00,0.2051897404806963,0.5059386408063156,0.652587015435599,0.781337457149515,0.9041314653478002,0.0,0.2869363207858037,0.32278483359636606,0.3978541888789389,0.6117096984058065,0.31119230423875704,0.8938988816112687,0.7852881776020691,0.5421320815583175,0.3670069583884419,0.33451881034789577,0.30594231125144816,0.16383201818287293,0.0015596248560206
00524,joint_noise_gta_semantic_cityscapes_dropout_pu_0_00,0_00,0.18714434070177022,0.4818663474413029,0.6317077194207725,0.7629276948173032,0.0,0.0,0.26084104308981915,0.29149553453449384,0.34663359122283244,0.5390088294485709,0.2803254721370431,0.7964564484114837,0.676514173323675,0.4777575313853815,0.3343317102349929,0.306881961444538,0.29245362252444035,0.1565550939879804,0.0034988772121621
24907,joint_noise_gta_semantic_cityscapes_dropout_pu_0_00,0_00,0.1920398920451606,0.5444937721315936,0.677890512441137,0.7674873505765643,0.0,0.0,0.2684577709376658,0.30801378559851283,0.3763551159764611,0.6214440777610895,0.28634580853570585,0.870275254255487,0.760288454788688,0.5536901489825583,0.37739239662937457,0.3444994835200853,0.24645221375960344,0.15284790978910245,0.0012620704622551
02057,joint_noise_gta_semantic_cityscapes_dropout_pu_0_00,0_00,0.2288184775438997,0.5938893192658102,0.7512239980845786,0.8056558088915672,0.921056631445013,0.9513928046783057,0.3106097549377232,0.3528522979286847,0.44675756240128195,0.750440271001849,0.322854489805134,0.9428340302492834,0.8946910725324679,0.7117894924173013,0.4639826553229532,0.41276120662025406,0.3176894319246022,0.15990529713952778,9.860204823988664e-05
11176,joint_noise_gta_semantic_cityscapes_dropout_pu_0_00,0_00,0.188034914339452,0.44329722336502203,0.5983725435188054,0.7575028581143362,0.0,0.0,0.25351501893194217,0.2954750230557238,0.34587940761628866,0.4942149073423576,0.21941347032771513,0.7490794340729466,0.5815252276464306,0.4638406208994603,0.3216212164881226,0.29976130395552425,0.3569144428320533,0.1786148989885521,0.0049258359231825
frankfurt_000001_019698,joint_noise_gta_semantic_cityscapes_dropout_pu_1_00,1_00,0.21829149748597795,0.4468893855103048,0.6304580150479447,0.7641996028915771,0.0,0.0,0.28675241243225913,0.3193193080203059,0.3843134859821353,0.5431670046004928,0.30150046250701407,0.8128061569089721,0.7706837729786163,0.4981057379451488,0.3376306426213699,0.32962107437453103,0.3552356337846043,0.1998680840741425,0.3020474095002729
frankfurt_000001_014565,joint_noise_gta_semantic_cityscapes_dropout_pu_1_00,1_00,0.2191265104393074,0.49266122696453823,0.6121678947712131,0.7897311531966993,0.923546109226391,0.9546509066726999,0.3019643812271262,0.34764355090375293,0.43714011020813104,0.6107622827638642,0.29392654886080133,0.871687499561641,0.7609887256701435,0.5909284762673408,0.46377624509057563,0.39993838952514427,0.39512131337142703,0.19549290698859248,0.4094406677404019
lindau_000038_000019,joint_noise_gta_semantic_cityscapes_dropout_pu_1_00,1_00,0.23014778553504808,0.4216344570418278,0.604518316880459,0.7550224002542953,0.0,0.0,0.27273474942784454,0.2962248002187205,0.3429337127871041,0.47144839234235214,0.28527342005875944,0.778130611960277,0.6927137210015007,0.4474627104576646,0.34049509995802096,0.3078369488046351,0.4761384604616145,0.21536521289715985,0.1655868784356685
frankfurt_000001_083852,joint_noise_gta_semantic_cityscapes_dropout_pu_1_00,1_00,0.2093769004897706,0.42279304069328466,0.596666199451872,0.7296850759641846,0.0,0.0,0.2657564253117841,0.28831003429242213,0.3360935664765529,0.46795855704528483,0.2722034776609949,0.6997136092224201,0.5857725226264408,0.38018824796340955,0.30428006325580315,0.29717840901616077,0.4039132733998567,0.18441654999705998,0.1762130940283978
munster_000149_000019,joint_noise_gta_semantic_cityscapes_dropout_pu_1_00,1_00,0.16528529869179348,0.5081914194103171,0.6572353557435582,0.7497069180778997,0.0,0.0,0.22860273406856668,0.27125052428483265,0.3155274275591388,0.49563637469279914,0.25711543344909604,0.7948204857932554,0.742912947755542,0.5853290487551637,0.35116861141878863,0.294236489151226,0.4716739618274452,0.15420284801745887,0.1412113426972287
frankfurt_000001_054219,joint_noise_gta_semantic_cityscapes_dropout_pu_1_00,1_00,0.28180568735259814,0.4583336600803199,0.6276843247343231,0.7904263509229612,0.9078482611793994,0.0,0.3518393353575509,0.4013196833366085,0.48230820642539746,0.6324572147474825,0.35122487624554866,0.8932367913781216,0.8523190254225328,0.6328209530654568,0.45003512183424843,0.3972698542047804,0.38776228183953537,0.2583610732904867,0.5705477148456395
frankfurt_000000_009969,joint_noise_gta_semantic_cityscapes_dropout_pu_1_00,1_00,0.23096313877611166,0.44979502831724916,0.6079952927827291,0.7671620772611195,0.0,0.0,0.29238667301867094,0.32595907837572713,0.39479678749523184,0.5468974527043785,0.30131091503948854,0.8312007914843843,0.6480436350889149,0.47813945829364324,0.41771848217819124,0.3851005151887432,0.2758437523845661,0.21447352307981607,0.3138478891908915
munster_000133_000019,joint_noise_gta_semantic_cityscapes_dropout_pu_1_00,1_00,0.32173113145066984,0.454887013601648,0.567994082744163,0.7635904189272357,0.0,0.0,0.3938406188691381,0.45096780621264554,0.5134566787945837,0.5929954178629129,0.3218336849785331,0.8349166478965785,0.7782641622696689,0.5952050792320392,0.5511277415428804,0.4945568401599384,0.37346102747887744,0.2463277531604717,0.3058785603326663
munster_000066_000019,joint_noise_gta_semantic_cityscapes_dropout_pu_1_00,1_00,0.21738230110965998,0.43086347706291656,0.6059820870809023,0.7516217547030384,0.0,0.0,0.26793670127073893,0.29362717399929356,0.3475454748380059,0.4905488107604416,0.2788220106173538,0.758569243165535,0.6144231426107775,0.4649973322414543,0.358208897662188,0.32903419609690865,0.3539114731206045,0.20506360024843098,0.2418595987271118
munster_000010_000019,joint_noise_gta_semantic_cityscapes_dropout_pu_1_00,1_00,0.22138540907479395,0.44257697923994593,0.6194225895478128,0.765582373331248,0.9110984452428005,0.0,0.2927476505944891,0.3218622619499037,0.37750683122095674,0.5303553125002046,0.22541737847673007,0.8205933377113989,0.7505043762850052,0.593600737990378,0.39506930886324093,0.3550474797006844,0.32547744369512854,0.21258915103436712,0.2869075774443339
munster_000068_000019,joint_noise_gta_semantic_cityscapes_dropout_pu_1_00,1_00,0.19174763279957802,0.45786304130399047,0.6048150686432922,0.7619251134650783,0.0,0.0,0.2544981833976422,0.274797971070458,0.31944631425914,0.4781589470379475,0.26948851200143387,0.7649192224059482,0.6093358444851649,0.42121953949405744,0.3144535544733711,0.29440263324646215,0.3778534706517362,0.1763163375588873,0.1609790013397272
munster_000173_000019,joint_noise_gta_semantic_cityscapes_dropout_pu_1_00,1_00,0.18291459117758294,0.41496726517347404,0.5945354943157355,0.766991566428612,0.0,0.0,0.25920343706761184,0.31875577027420837,0.3774467056238689,0.4984401728705744,0.18302668340158174,0.8190740001645146,0.7575617024161566,0.5186553944999864,0.3845089454888836,0.3689868818984373,0.3622962523611216,0.13871459319076224,0.291385100701456
frankfurt_000001_064798,joint_noise_gta_semantic_cityscapes_dropout_pu_1_00,1_00,0.20664514234332845,0.44262010607664243,0.6369342566267993,0.7706188016316924,0.9056259602256971,0.0,0.2675086818675634,0.29160668956304775,0.34006162164385667,0.4889501937656411,0.27312081519382636,0.8578466881177487,0.6106502251892096,0.4048156917791244,0.3500855558673123,0.3130309813396962,0.3743270532074521,0.17800277444134652,0.1767820631592264
frankfurt_000001_060545,joint_noise_gta_semantic_cityscapes_dropout_pu_1_00,1_00,0.17853362034663828,0.45672046025965174,0.5984975464750002,0.7493187621000973,0.0,0.0,0.2484155558846931,0.26653160589290786,0.30364830515013097,0.4416386778931715,0.26269004951522545,0.7560626304803361,0.554434227058911,0.4256295947845634,0.31432416267158364,0.28939457579556616,0.3655656108729923,0.164469371764415,0.0959895842882606
munster_000014_000019,joint_noise_gta_semantic_cityscapes_dropout_pu_1_00,1_00,0.16233557951814512,0.4690556489928529,0.6053900007674757,0.7470324669269389,0.9042308825669628,0.0,0.22923227732395762,0.2686222705348821,0.3098961898477095,0.4672899188717468,0.2589223127128116,0.7466884025514976,0.611336166957284,0.5570779487238936,0.37857614332194606,0.33096949267706566,0.36182987640990993,0.14634009655014155,0.1489878972117616
frankfurt_000001_004736,joint_noise_gta_semantic_cityscapes_dropout_pu_1_00,1_00,0.2479812625627236,0.45696272341935223,0.6278880472778626,0.7985519345605535,0.0,0.0,0.3064156803094748,0.34499102319533964,0.4214530104164973,0.5859314630034658,0.3283777386349381,0.8871265882970417,0.8536751865775064,0.544918673129801,0.37275035562755493,0.33783819746629606,0.3254039938075694,0.22113925898750858,0.3458103335709717
frankfurt_000001_008200,joint_noise_gta_semantic_cityscapes_dropout_pu_1_00,1_00,0.18157641603755365,0.4509203637385806,0.5957525592722878,0.7508635850496731,0.0,0.0,0.25324197983247965,0.278987766211207,0.32605828918706886,0.4839945706990569,0.2693219771456413,0.7505016870882679,0.5969156112282041,0.44648093334017935,0.30093225143616864,0.27502053554527073,0.3673930017584422,0.16071824990027173,0.2141423985818232
frankfurt_000000_011461,joint_noise_gta_semantic_cityscapes_dropout_pu_1_00,1_00,0.2828284121803135,0.47427857228392056,0.6408198986899746,0.7964677286715167,0.9068735175440839,0.0,0.32974527504077156,0.37482590330324694,0.4622721543660353,0.6297503246311521,0.33736341576279144,0.8922360842286539,0.7623848428290286,0.6079619852188576,0.4351174243168834,0.390748971906997,0.4335147811483807,0.2634940751947058,0.456224456307276
munster_000061_000019,joint_noise_gta_semantic_cityscapes_dropout_pu_1_00,1_00,0.2167819724684397,0.3978410386214602,0.589110868605784,0.7347390213925994,0.0,0.0,0.303756736113822,0.3533193930040267,0.40558528449698017,0.49423044392443033,0.27109253557522306,0.6671850697353581,0.5548349157551237,0.4763857561598034,0.42200966710181814,0.40012844608795195,0.29294616915398625,0.2107152528165966,0.3214152243192726
munster_000129_000019,joint_noise_gta_semantic_cityscapes_dropout_pu_1_00,1_00,0.2058868533524045,0.4155845855202581,0.5943736111469465,0.7495625910174143,0.0,0.0,0.26956679882882956,0.29442339604204343,0.34565904361297894,0.47228928379002094,0.28659363955278244,0.7215406333482686,0.6087361866217118,0.435883425490104,0.32976663370589215,0.313432459774932,0.31962650661136577,0.1958453161768984,0.2144791528251967
munster_000166_000019,joint_noise_gta_semantic_cityscapes_dropout_pu_1_00,1_00,0.256257564454647,0.43967951910539477,0.6029784441919777,0.7789304896666773,0.903179416676696,0.0,0.3034175301522848,0.3391724196514839,0.41062616697998316,0.549464402041685,0.32813113889110246,0.8716673108463938,0.7551893660024988,0.6325757973404569,0.4595119865564808,0.4097642454081725,0.38786063263211185,0.24648723844561043,0.3399020300661051
lindau_000039_000019,joint_noise_gta_semantic_cityscapes_dropout_pu_1_00,1_00,0.23593539972726604,0.43553468912353666,0.6031906576172459,0.7705543350893689,0.0,0.0,0.2819690850190965,0.3115447835684062,0.3705419764787299,0.5112138743175244,0.29957434132354827,0.8082703165205259,0.7438168553568443,0.6062980009856558,0.3430842254450643,0.33964312887577597,0.37391656907982607,0.22599379201645095,0.2608268130179142
frankfurt_000000_011810,joint_noise_gta_semantic_cityscapes_dropout_pu_1_00,1_00,0.2729313482459099,0.4558546005833551,0.601187944518665,0.7566805977941126,0.0,0.0,0.32680026241246196,0.3712663848360011,0.45380937886659223,0.593376044209933,0.3319458375849987,0.8042462624267425,0.7081248302387979,0.5922332765263196,0.4132345314158158,0.3780038819726683,0.38664302841005443,0.2557752853661217,0.4562118175339895
munster_000055_000019,joint_noise_gta_semantic_cityscapes_dropout_pu_1_00,1_00,0.26914302070148743,0.45032323480279357,0.611098337632794,0.7493906017728293,0.0,0.0,0.3115753875429199,0.34990941837280637,0.4251175075731381,0.5727018090568848,0.31486658340458074,0.7816501589799408,0.6622346520237484,0.5441184676366491,0.4260343838344557,0.4047641407467363,0.3561921205245129,0.26985622860239084,0.3653737983025149
munster_000104_000019,joint_noise_gta_semantic_cityscapes_dropout_pu_1_00,1_00,0.24478017090341836,0.44182227904427357,0.6367418910244722,0.792036419991738,0.9125866131114553,0.0,0.29727786261859307,0.32799701030000494,0.3868574793624958,0.5395945773999019,0.3103333948168301,0.8847139381732633,0.7739689739026587,0.5813283227655481,0.3899136739882751,0.3499324880712059,0.4436657569369182,0.22787153540786323,0.2698190901162602
frankfurt_000001_042384,joint_noise_gta_semantic_cityscapes_dropout_pu_1_00,1_00,0.26129582920159333,0.44738911155377387,0.6473121354138477,0.8021350554075526,0.9105566620062956,0.0,0.31690992844903504,0.35600436864261925,0.42837190430977,0.5914721427488102,0.32467711413755546,0.9053656577597274,0.8054308352563776,0.5223677963441887,0.37803900214114217,0.3466315884813148,0.2645947549904527,0.2410032909725923,0.3568201703919846
frankfurt_000000_021667,joint_noise_gta_semantic_cityscapes_dropout_pu_1_00,1_00,0.19707533981394112,0.4789132873861981,0.5974002801849313,0.744829000158499,0.0,0.0,0.27721397199951137,0.32751429344977556,0.4003794062236278,0.5661492598644847,0.31000036969010936,0.8003067179603944,0.6480298348218215,0.5220838773561307,0.4514163316314191,0.4209518425518516,0.2772055021039021,0.17528564369074373,0.3618199168831651
frankfurt_000001_019854,joint_noise_gta_semantic_cityscapes_dropout_pu_1_00,1_00,0.24310295264053633,0.41982248573731956,0.5852233180047035,0.7284626797884091,0.0,0.0,0.2900777034517529,0.322233330036755,0.38441590613679405,0.5033664517100377,0.3010093208934657,0.6999550557089245,0.6484100445914122,0.5088853954913298,0.35299953995451455,0.32181516088195217,0.35313093606924384,0.22379306596915605,0.3026212009221605
munster_000056_000019,joint_noise_gta_semantic_cityscapes_dropout_pu_1_00,1_00,0.2706234627564239,0.43000192297508855,0.5900353927175259,0.7563500162433371,0.0,0.0,0.3644843187083951,0.4153679576723231,0.475099451083884,0.5602139832979965,0.33524907503020773,0.8233633403233677,0.7184587477758261,0.5915436807768956,0.4235834832509903,0.40790736444804404,0.30546561495488644,0.26468806605831086,0.4792173437819693
frankfurt_000001_062396,joint_noise_gta_semantic_cityscapes_dropout_pu_1_00,1_00,0.18081072246286184,0.45628415371997305,0.6087886771181917,0.8070769228087914,0.9139257183272406,0.0,0.2536377344301149,0.28350976638114384,0.33290541195053547,0.4986051643756255,0.2717576688185506,0.880611092499966,0.5867520172209995,0.4276811751140704,0.2926933508201696,0.2725483547844104,0.2978520096293836,0.1591414074951359,0.2438775055092361
munster_000082_000019,joint_noise_gta_semantic_cityscapes_dropout_pu_1_00,1_00,0.21656936982768837,0.4126413797753726,0.5867146323436596,0.7396173231447362,0.0,0.0,0.2872605033520083,0.31259555236442094,0.35920955150942085,0.4789635518361007,0.28494162893911984,0.7255808535683524,0.6642150263144848,0.5350205306074466,0.36041208437245387,0.31525811025822925,0.3094467104901774,0.18094559755945006,0.1631877760646179
munster_000123_000019,joint_noise_gta_semantic_cityscapes_dropout_pu_1_00,1_00,0.21022336753894244,0.4133352611319358,0.5802369688623983,0.7310761618007026,0.0,0.0,0.2736845893516048,0.300380160882715,0.35059346738074,0.47257869295484883,0.2758663692057894,0.6886210212447067,0.5742059179379688,0.4556602634304815,0.34055755398030535,0.3130126025793009,0.2919106754289702,0.20313699879096908,0.2346273063330065
lindau_000048_000019,joint_noise_gta_semantic_cityscapes_dropout_pu_1_00,1_00,0.19371636510053925,0.42899902783402283,0.5828368901270734,0.7483196725340073,0.0,0.0,0.26918112381943504,0.3161169957551555,0.37515700212916,0.5092693419719062,0.1944718001798237,0.6933571140931032,0.6424189401888013,0.5674556607375324,0.4220969953264989,0.3841269464121401,0.42447926107357076,0.14067136275708453,0.3222932997522746
frankfurt_000001_017842,joint_noise_gta_semantic_cityscapes_dropout_pu_1_00,1_00,0.2716780486046076,0.46041399135716593,0.6201201555998073,0.7754022233758915,0.9091288020901623,0.0,0.3280856705437207,0.3727145367970601,0.4545645189386454,0.6039120912664836,0.34810818178612035,0.8731678933161282,0.7822299416192606,0.7076619532936637,0.47342609601412144,0.4217540138767011,0.4068404175673044,0.2520095238809627,0.5133892881818092
frankfurt_000000_007365,joint_noise_gta_semantic_cityscapes_dropout_pu_1_00,1_00,0.24450492681450864,0.4303416368360949,0.6174488497138262,0.7632701573453751,0.0,0.0,0.31500701423189287,0.35370786246767216,0.42151839402610686,0.5444912522643113,0.3180865645804654,0.8326682337327944,0.7255831525657094,0.5176391975557442,0.4298428002374654,0.4064801459341472,0.22855968624188683,0.22284743357187506,0.3011893547772115
munster_000005_000019,joint_noise_gta_semantic_cityscapes_dropout_pu_1_00,1_00,0.22028867720264583,0.4291027682585995,0.5924164406752477,0.7712887070813007,0.0,0.0,0.2827239897553258,0.3124589790568362,0.3730604861907213,0.5106392041535907,0.29301934284795317,0.8210277255536788,0.7216160681909617,0.48784010890706164,0.3988148273105574,0.36706559377741144,0.34531260335566605,0.2126197924088541,0.3014000999155846
frankfurt_000001_080830,joint_noise_gta_semantic_cityscapes_dropout_pu_1_00,1_00,0.24552351982283005,0.43781173181646366,0.6010587436737248,0.7517723657671443,0.0,0.0,0.2980367008049081,0.3313035034954035,0.3958127209868061,0.5426897142517227,0.3143049694385668,0.7762181177327194,0.6832385552929161,0.48878592995916387,0.3363436393406946,0.32006705103175415,0.3335931131108019,0.22507735560346737,0.2784371949937921
lindau_000054_000019,joint_noise_gta_semantic_cityscapes_dropout_pu_1_00,1_00,0.20742435628094302,0.44230586160746005,0.6097911015961119,0.7707363414543406,0.0,0.0,0.26728887237978566,0.2938440317782351,0.34704684599280605,0.49786989114333857,0.2837947357258285,0.830398967674235,0.7097751139526122,0.5323825296981495,0.3517682797942387,0.316231832507277,0.3360100217179933,0.201352835195337,0.2118059358621186
munster_000156_000019,joint_noise_gta_semantic_cityscapes_dropout_pu_1_00,1_00,0.296865959153361,0.43665476203089115,0.6006673145786854,0.7554895702184625,0.0,0.0,0.39426013024089707,0.4463705618748023,0.4967023182289911,0.5947144415855354,0.3433565857907052,0.8041407621169608,0.6941795967145089,0.6114057247207232,0.49687819400180905,0.47681438378196417,0.3720150475460222,0.2876657768264602,0.5505887685390257
frankfurt_000001_076502,joint_noise_gta_semantic_cityscapes_dropout_pu_1_00,1_00,0.24225844906324448,0.4442397942866249,0.6157518045752784,0.782189233579264,0.0,0.0,0.3134565879684983,0.3525591815070109,0.42502052371024235,0.5639617797731461,0.32813270367071584,0.8627111035791082,0.8283506696209904,0.5982505040201924,0.4254097763556133,0.3938910923269422,0.31683854708126435,0.2284448317064799,0.4526324270304301
frankfurt_000001_029600,joint_noise_gta_semantic_cityscapes_dropout_pu_1_00,1_00,0.2341166903627179,0.46246168495382034,0.6195741417042793,0.7624228922716454,0.9166459744022486,0.0,0.3195593815783621,0.3655213409353881,0.4437609323531287,0.6064407939401049,0.2999552823966775,0.8917535881130776,0.7707193147875695,0.6935658186457904,0.5630665831363251,0.5210071184729099,0.42026280717240727,0.18870236746823255,0.3438813481251951
munster_000007_000019,joint_noise_gta_semantic_cityscapes_dropout_pu_1_00,1_00,0.2227653462538422,0.41706242592048554,0.612480168048732,0.7653507835188379,0.0,0.0,0.2883768918321832,0.3193281955380427,0.3783900703193468,0.504721579733295,0.3019062976944393,0.8407323910149799,0.7232951513103818,0.5982505791401372,0.4348669040669093,0.3839451680442907,0.36329267448660946,0.21357612144959748,0.301480012759157
frankfurt_000001_071781,joint_noise_gta_semantic_cityscapes_dropout_pu_1_00,1_00,0.26895288109399823,0.42767146315367216,0.6087777237646179,0.7526080957700814,0.0,0.0,0.32227629144949965,0.36160051453459774,0.42768189595168665,0.5639734928698151,0.335038367018005,0.7573116518504591,0.7254800835703539,0.6205672225188369,0.4758061305737412,0.41653837192789167,0.38249242371498243,0.25417480423352395,0.4149834803814499
frankfurt_000001_062653,joint_noise_gta_semantic_cityscapes_dropout_pu_1_00,1_00,0.22086567210080055,0.5084791947070235,0.650951489542329,0.7738933436721303,0.9010884018721835,0.0,0.3043805187313756,0.34655752003500306,0.4327902070036841,0.6428942775737865,0.32549020068385726,0.8844371890050392,0.8334375615585194,0.7275329262132304,0.5170993781659494,0.45131273001965366,0.3563357314820329,0.18705160013386615,0.4875093286942927
frankfurt_000001_080391,joint_noise_gta_semantic_cityscapes_dropout_pu_1_00,1_00,0.22274578810520473,0.4395144693864859,0.6067814594777579,0.7728393337173,0.0,0.0,0.2709741462730862,0.2948252593647654,0.34380100731522784,0.4912319657345958,0.2809707962263483,0.8040898405820919,0.5989560841240533,0.47033301562257696,0.3559030563221568,0.31770100487193403,0.3522916856680206,0.20889942030981057,0.1538508531403227
munster_000017_000019,joint_noise_gta_semantic_cityscapes_dropout_pu_1_00,1_00,0.230944166881512,0.4108880105490613,0.6231514718519833,0.7698996286915037,0.0,0.0,0.2776211582684571,0.3015465997618993,0.3463442669092616,0.4664028434090683,0.2721043067215339,0.7722112890519937,0.6739158032052514,0.5444695429880684,0.38126706984363545,0.3432793781736999,0.44869404798956075,0.2107217041714437,0.1669191848726648
lindau_000001_000019,joint_noise_gta_semantic_cityscapes_dropout_pu_1_00,1_00,0.17936030287766822,0.41402403953296624,0.5555638109612919,0.7281779126131075,0.0,0.0,0.24871849429138568,0.2817394833873563,0.3228173431998184,0.44413784407654716,0.24212227656738877,0.6317982906248595,0.5308387802615203,0.4830783613314975,0.3603735689896092,0.3210298082760416,0.2613750645619454,0.1705989015435448,0.117347223534437
frankfurt_000000_011074,joint_noise_gta_semantic_cityscapes_dropout_pu_1_00,1_00,0.2776171453090097,0.4373018622093727,0.5977569282924422,0.7563443031782393,0.0,0.0,0.36075479342193056,0.40951216141359575,0.4771399373387316,0.5912685154660381,0.29175652275505914,0.8507099532712697,0.7614443276615143,0.5942543331113298,0.4619492108849399,0.42424404244682157,0.3536227124355216,0.26937055878696337,0.5977460968901392
lindau_000058_000019,joint_noise_gta_semantic_cityscapes_dropout_pu_1_00,1_00,0.25598368861865767,0.4202658500632424,0.5752704160166138,0.7408561176160878,0.0,0.0,0.2848872208811235,0.3112014085064606,0.36224474216040387,0.4892258780793463,0.2938105875887986,0.7578118317531783,0.6823684842889526,0.46622050529391745,0.40927388808228676,0.3643309941556446,0.39190171114593897,0.2514569866821186,0.1422865979616965
frankfurt_000001_011835,joint_noise_gta_semantic_cityscapes_dropout_pu_1_00,1_00,0.2841385461458127,0.45524679059695383,0.5898240861169007,0.742197715426825,0.0,0.0,0.36674631097465243,0.41855904147135736,0.49613159483197505,0.6112787796074909,0.2874582652376473,0.7750590149542818,0.7000515221200323,0.5371760944093288,0.4169064647077792,0.3840857135269417,0.31865921013743614,0.263975980653677,0.7843602623670192
frankfurt_000001_017101,joint_noise_gta_semantic_cityscapes_dropout_pu_1_00,1_00,0.2722445402044452,0.47894522805828793,0.6303220602415467,0.7867819534886965,0.9095327506377592,0.0,0.33723172337753365,0.3863471799180163,0.4776369667622324,0.6421695858435309,0.3529213616273611,0.9070512673177815,0.8131624294798203,0.59553845388158,0.4462324039313883,0.4262407113511406,0.4990112064359788,0.2491357860541832,0.608308874345695
frankfurt_000001_073243,joint_noise_gta_semantic_cityscapes_dropout_pu_1_00,1_00,0.2717459748545776,0.4522514752450917,0.5872566920883274,0.7507427812858508,0.0,0.0,0.312958858913688,0.35087269881727723,0.4257061903065858,0.5695307967066335,0.32780150936009694,0.7635517469693576,0.6259989676233902,0.5468905982465591,0.37702156984542706,0.3476951108106033,0.4858034321724761,0.2471750930774164,0.3665073951231874
frankfurt_000000_020880,joint_noise_gta_semantic_cityscapes_dropout_pu_1_00,1_00,0.2218778606327085,0.43905627680304726,0.6049876030427379,0.7538349264886302,0.0,0.0,0.284358572921933,0.31439761101279434,0.374616105291867,0.5248760419750542,0.2955096560985083,0.786485748262822,0.6687376629879545,0.4716168283289632,0.3480298200523149,0.3363888675449081,0.4176154762857501,0.20038590557112124,0.2555149834001338
frankfurt_000001_044658,joint_noise_gta_semantic_cityscapes_dropout_pu_1_00,1_00,0.21999097025257824,0.4594192143222368,0.6364170102619973,0.7378438372378784,0.0,0.0,0.2821985759579682,0.3121577877630493,0.3738977507132044,0.5450163642710955,0.2905182324692126,0.7876434939238769,0.7026456743622677,0.47220137260690626,0.3385918229741195,0.3073713919997446,0.25431207787126753,0.1938206204177289,0.2418704349443247
frankfurt_000001_055062,joint_noise_gta_semantic_cityscapes_dropout_pu_1_00,1_00,0.3199697366241758,0.4635886871231303,0.609944235600453,0.7652768842875906,0.0,0.0,0.4182092266966409,0.4766558241400941,0.5439643180289242,0.6650912028946493,0.3657684150917745,0.8619487517043286,0.7981036565739714,0.7408272524652834,0.5865766232443466,0.5432675230533304,0.41586990220042,0.30077420094678603,0.4687333267365651
frankfurt_000001_025713,joint_noise_gta_semantic_cityscapes_dropout_pu_1_00,1_00,0.29070632962689313,0.44617431731655455,0.6219525423947769,0.7737039594636399,0.0,0.0,0.3628127234886352,0.4161713598813557,0.48781023167012943,0.6028634367878769,0.3615831480292169,0.8512606571012223,0.7773718586221504,0.5956905680483887,0.45799849747270505,0.4338487521526795,0.3359483063993341,0.26621150590641696,0.4904372926373869
frankfurt_000001_024927,joint_noise_gta_semantic_cityscapes_dropout_pu_1_00,1_00,0.21308587099343812,0.4488772674184217,0.6311843768587737,0.7691629054505573,0.0,0.0,0.27030633283790567,0.29636077690922774,0.350209682578288,0.507886152236526,0.28148820722555223,0.7830887874282237,0.7120883488513899,0.5241533554183646,0.3634630557706391,0.3346154354413741,0.3980821227866076,0.19593473171969122,0.2277484439566152
frankfurt_000000_008206,joint_noise_gta_semantic_cityscapes_dropout_pu_1_00,1_00,0.2749182959441938,0.4925314169136185,0.6241891575662432,0.7456804547290308,0.0,0.0,0.3329126209760292,0.38007591170543364,0.4754825018721642,0.6459740532464968,0.3594493896879261,0.8050312621824852,0.728073728909742,0.637314410203073,0.5282753823779401,0.47273713443111753,0.440054255730273,0.2494919137644634,0.4789418681130979
munster_000095_000019,joint_noise_gta_semantic_cityscapes_dropout_pu_1_00,1_00,0.21407560278773027,0.4164836112148573,0.586561602485365,0.7474237336115253,0.0,0.0,0.2896647006555756,0.318491112116713,0.36951509771959523,0.49340541851183445,0.28533886713717993,0.7212707249068845,0.6574067805488899,0.46739027116597137,0.3755271523145743,0.34396744255700834,0.302526480172032,0.20077175150044474,0.2362204947815475
frankfurt_000001_025921,joint_noise_gta_semantic_cityscapes_dropout_pu_1_00,1_00,0.26194137380582033,0.4541196089380863,0.6297192676105968,0.7681201061089581,0.0,0.0,0.31854659994707524,0.3605403618148705,0.440552492708407,0.5901655828531099,0.3343615963386337,0.8550090520718656,0.6936250486095051,0.45459076720613334,0.4123760394855793,0.3835976491713811,0.2732242547546133,0.23811860266531928,0.4012850543853521
munster_000074_000019,joint_noise_gta_semantic_cityscapes_dropout_pu_1_00,1_00,0.1847962285101833,0.41791033174032627,0.6022364522443826,0.7379040057205019,0.0,0.0,0.24930879264480998,0.2666302224844458,0.303303789940846,0.426797258179024,0.2511203057700438,0.7261482164080328,0.5737886603501741,0.4585342183198861,0.32103047845291305,0.3050923374017393,0.3433223291682915,0.16362799668319877,0.1243548919234796
munster_000036_000019,joint_noise_gta_semantic_cityscapes_dropout_pu_1_00,1_00,0.23101767057563777,0.4285071509174475,0.6020059625473535,0.7419884978822208,0.0,0.0,0.27325560590851766,0.2963653237877614,0.3434344227771199,0.48013853661225564,0.28005711748632695,0.7194093090066407,0.6154715386231289,0.48176421778540324,0.35798937960126453,0.32096077753613117,0.3905874912329118,0.21370835869780624,0.1637675534450292
frankfurt_000001_061682,joint_noise_gta_semantic_cityscapes_dropout_pu_1_00,1_00,0.21419610861540975,0.46003368361047475,0.6328100530482375,0.7901627469270887,0.9091785255050977,0.0,0.28005898094502574,0.3087380884355007,0.3696701573330738,0.5394871569529541,0.289965494000796,0.9089485271712716,0.725537295089222,0.5721138501882596,0.4216639739022149,0.36390922888672983,0.3603803607912292,0.18992905377757316,0.2630421886088647
frankfurt_000001_002759,joint_noise_gta_semantic_cityscapes_dropout_pu_1_00,1_00,0.20147219565597826,0.4326085734141734,0.6086570201695672,0.7739018684914456,0.9011657778184741,0.0,0.28252971922083464,0.32212118471719864,0.38593575925676965,0.5167364996289311,0.3070438698984354,0.8068922234596587,0.6579151101890589,0.5052463243459933,0.40412245203542946,0.39460370714703236,0.3461155268213578,0.18505697643816568,0.2659772056306269
frankfurt_000001_020693,joint_noise_gta_semantic_cityscapes_dropout_pu_1_00,1_00,0.2809251683266545,0.4297701120505432,0.5958667567589778,0.7531786879822576,0.0,0.0,0.3462622535627323,0.39272464026116527,0.4590728959530694,0.5690251758245006,0.3532202813907262,0.7736404124271767,0.6646181375336814,0.5259642786009958,0.442209091240457,0.41980003965865326,0.3885476260804244,0.26516056467529314,0.3730340595681045
frankfurt_000001_065850,joint_noise_gta_semantic_cityscapes_dropout_pu_1_00,1_00,0.29531431521081,0.44792107870053577,0.5874568489097197,0.7603748486660562,0.9082224881266673,0.0,0.33556274057862856,0.3790616898425735,0.455043285044948,0.5798754066950863,0.3455496400145342,0.78150846399697,0.6360925795921448,0.5606092573747913,0.4145604296329772,0.3898169887038802,0.36775228556975426,0.28783606546764634,0.47371060839237
munster_000113_000019,joint_noise_gta_semantic_cityscapes_dropout_pu_1_00,1_00,0.26971291944738013,0.4272299843741786,0.596125558636578,0.7553947117318629,0.0,0.0,0.3700962320078543,0.422435969563048,0.47126694861857815,0.5472795194143489,0.32675552634195615,0.7527465430388154,0.6464903986778355,0.5499676236869186,0.4562415433638031,0.4393299999330049,0.3524963803151205,0.2627297362837195,0.3206993351657273
lindau_000055_000019,joint_noise_gta_semantic_cityscapes_dropout_pu_1_00,1_00,0.3489046194410916,0.49087806331726036,0.6188014956346902,0.7676428825802931,0.9083935678426827,0.0,0.4208215092506256,0.4872301556319135,0.5756604205420852,0.6948490498154987,0.4112733709968087,0.893279972317549,0.8320199325136941,0.680487295438356,0.5817659283138479,0.558691990716939,0.4614866605995591,0.3335788068516807,0.8469278261797782
frankfurt_000001_043395,joint_noise_gta_semantic_cityscapes_dropout_pu_1_00,1_00,0.21910107574036058,0.4388502014546552,0.5785749251321832,0.7457710784346318,0.0,0.0,0.29655089725381584,0.3319998595447073,0.4010653634538828,0.5341074675191843,0.31223529198028527,0.7299946119082072,0.6235468898731115,0.5017334665473115,0.35509515768134464,0.3227743026458985,0.32815549180843984,0.1994882214749417,0.3177872025741162
frankfurt_000001_053102,joint_noise_gta_semantic_cityscapes_dropout_pu_1_00,1_00,0.20178911091443266,0.4682717753110739,0.6215184851701973,0.7656122233914644,0.9168576685965617,0.0,0.27027331717846287,0.29629964119967483,0.3530227228668477,0.5308454323915375,0.2817861226023177,0.8101411155858678,0.6070634729609308,0.5256956541439152,0.3393821788060768,0.31064659217673884,0.39967986010858586,0.17697617316114098,0.2575871273179341
frankfurt_000000_017228,joint_noise_gta_semantic_cityscapes_dropout_pu_1_00,1_00,0.29717504149311874,0.4344982037603849,0.6096781378211087,0.7521438440218768,0.0,0.0,0.354366478761818,0.39975510710678275,0.4676633399013913,0.5911249574323592,0.36695525494235404,0.795411714093508,0.7377107524169554,0.5625491728086928,0.4335961388251941,0.39979008461953314,0.4484889524706065,0.26944789286744575,0.4701628976588125
lindau_000033_000019,joint_noise_gta_semantic_cityscapes_dropout_pu_1_00,1_00,0.23022839840376902,0.44450381827053903,0.6188739977943667,0.7587657210116339,0.0,0.0,0.28190987514682064,0.3098693349227139,0.3680523114878783,0.5257941009048827,0.2974481908669175,0.8099603717820676,0.7418666985899846,0.6302302418641138,0.49202612422392555,0.4082632439378531,0.4048671186581456,0.21725271424312634,0.222690000469646
munster_000143_000019,joint_noise_gta_semantic_cityscapes_dropout_pu_1_00,1_00,0.2578043435279001,0.5323401153790733,0.6794790362126439,0.796066662754485,0.9248080679494407,0.9523742991267408,0.3309406154185103,0.38186217741094586,0.4903545606392118,0.7139192594674529,0.36191125805253577,0.9439735902373304,0.9092616925101459,0.7437179952821275,0.5727267755632562,0.5411514893266195,0.5727517728028272,0.248371749915909,0.5591890326941633
frankfurt_000001_066832,joint_noise_gta_semantic_cityscapes_dropout_pu_1_00,1_00,0.2407641652458704,0.4554654315846847,0.6166788684932012,0.7525065679273448,0.0,0.0,0.3248219796656946,0.37116172297001837,0.453753824487868,0.6007649928488622,0.33340237163311937,0.7917496997567963,0.7682684547575626,0.6876780412849528,0.5067776373231996,0.42444676885711524,0.3431356072786216,0.2163949757924471,0.6176312974643144
frankfurt_000001_064651,joint_noise_gta_semantic_cityscapes_dropout_pu_1_00,1_00,0.24535807598509377,0.44286214989059586,0.6022162216893663,0.7561506474214426,0.0,0.0,0.2830608227813436,0.31136017356351353,0.36988325375701536,0.5217570426540326,0.29156130942160374,0.792819883214059,0.6048715702827601,0.4956298328539925,0.3688155906046988,0.34014116764426366,0.439550937997253,0.2214863066595943,0.2217945115487082
munster_000043_000019,joint_noise_gta_semantic_cityscapes_dropout_pu_1_00,1_00,0.17168154179190212,0.4191726012535442,0.5943396535678334,0.7413128779114683,0.0,0.0,0.24086067147875873,0.29341593662198023,0.35010046410792933,0.47641101689365456,0.23336991898813467,0.7156159667434038,0.5990954502187626,0.4714125085264952,0.35762725800941736,0.3349395625195151,0.26767177472015435,0.15710406635767454,0.2468282944346798
frankfurt_000000_013240,joint_noise_gta_semantic_cityscapes_dropout_pu_1_00,1_00,0.21543639110901747,0.44165737918126735,0.6135709625732592,0.7662877358580008,0.0,0.0,0.2973676186054937,0.34567355337506755,0.41584785629527926,0.5609024915784067,0.31964590845479784,0.8395324449299312,0.7166638309086548,0.46060730213361645,0.369372204781456,0.3519506340239096,0.32817957933485736,0.1888289011104214,0.4808352562058161
munster_000062_000019,joint_noise_gta_semantic_cityscapes_dropout_pu_1_00,1_00,0.24069903483015748,0.42736396231969825,0.5897494655481296,0.7447759723319216,0.0,0.0,0.3030167707903274,0.3337699415114966,0.39013696982884916,0.5212876967855121,0.24167583267733117,0.7595078848883928,0.6771754473358645,0.5447089697403144,0.44304516510801684,0.4080022639310656,0.3182058864242077,0.23628832321570375,0.2758589752441384
frankfurt_000000_016286,joint_noise_gta_semantic_cityscapes_dropout_pu_1_00,1_00,0.31954536188795796,0.4317901403599358,0.6105924180918247,0.7609193567029738,0.9052579856120117,0.0,0.3952735193290479,0.4432253547270165,0.49833265428069023,0.6117062089376443,0.4016313371982314,0.7871785450584823,0.7078237872440398,0.6245663529437077,0.5043941699646647,0.47617212634615225,0.35079557033225683,0.2957457577395362,0.5528711084247782
lindau_000040_000019,joint_noise_gta_semantic_cityscapes_dropout_pu_1_00,1_00,0.2433122840292716,0.4518478430592721,0.6144397911735653,0.7847973722461876,0.9044656381626436,0.0,0.33740084093306744,0.41671670433634783,0.48934426651748164,0.593513435224187,0.28250478242895327,0.8493164000252067,0.7678912810598614,0.5708401295185563,0.46921692994038516,0.46379316272215054,0.4386576440889863,0.16816882909627623,0.3677446437846735
frankfurt_000001_010830,joint_noise_gta_semantic_cityscapes_dropout_pu_1_00,1_00,0.27195189189069763,0.46678543640575837,0.6295500789417068,0.7692204439767335,0.9006908992650332,0.0,0.32385231464884484,0.36969558571700567,0.45608898061956876,0.6229721868357819,0.3259877761036747,0.8462394585724266,0.7562522662537638,0.5411105155600432,0.40954268261201876,0.3828305830510036,0.4245302438919106,0.2441350460042266,0.5007582296311639
lindau_000025_000019,joint_noise_gta_semantic_cityscapes_dropout_pu_1_00,1_00,0.2032267505770262,0.4181923731516552,0.5959906994483647,0.7578895789607238,0.0,0.0,0.27707098715771844,0.309081507907718,0.3651247722421227,0.49420724720605913,0.20636628891776124,0.7507482334553509,0.5882888288439598,0.4532140060605141,0.32220686375801394,0.2979593345775412,0.29482798751039563,0.19217217192886127,0.3070349078003941
frankfurt_000001_062016,joint_noise_gta_semantic_cityscapes_dropout_pu_1_00,1_00,0.20289846000209297,0.409606252989857,0.6076115685540517,0.7369392408247457,0.0,0.0,0.2550872006680488,0.27449994020457985,0.3173772724580363,0.4390360020113941,0.2656803068007291,0.7103379286860835,0.5599969313886165,0.3790219385297269,0.2883667454171874,0.2641977386249576,0.28625891211012183,0.19124435815631868,0.1362617712581055
frankfurt_000001_068063,joint_noise_gta_semantic_cityscapes_dropout_pu_1_00,1_00,0.24030239986451404,0.4695234398759723,0.6337212295135523,0.7561436197719285,0.0,0.0,0.2922898425169679,0.3256939586006802,0.3949641060148571,0.5741791821181861,0.30490973512439856,0.8097416778298571,0.6778783608076906,0.575169487467578,0.3945935525260343,0.35465526622356686,0.4249193875960446,0.21862079860897043,0.3180865764135659
frankfurt_000000_022797,joint_noise_gta_semantic_cityscapes_dropout_pu_1_00,1_00,0.24915296051965655,0.49837939321830566,0.6789018264751425,0.8115504114544626,0.9208977606271468,0.9507432488383194,0.30853416607878337,0.3490016582940987,0.4363950015213652,0.6468311054737746,0.32646062690673333,0.935127086667717,0.7218675321861613,0.48689092527475986,0.3787205774334753,0.3376600027727191,0.3737276996632433,0.21649934582257438,0.360885337971855
munster_000012_000019,joint_noise_gta_semantic_cityscapes_dropout_pu_1_00,1_00,0.2306117507222072,0.44713889528139866,0.6248042169445504,0.7587291331099022,0.0,0.0,0.2774455109518577,0.3036913750207696,0.35652338928508515,0.5130428803996739,0.2850525322171751,0.8216619682482735,0.6917485728980745,0.5507964631952004,0.38491208620928796,0.3359066776015707,0.3850123462551791,0.2202256837552246,0.2169803555030925
frankfurt_000000_021879,joint_noise_gta_semantic_cityscapes_dropout_pu_1_00,1_00,0.2300606628925474,0.4726614132830396,0.6068841605639826,0.7493036534284013,0.0,0.0,0.29102814442256236,0.32245359044079336,0.3880595151497764,0.5644958191568047,0.309033786967556,0.8040318648876053,0.643072866336865,0.5004245217093304,0.36319264248653527,0.3305726343563405,0.35441483942728486,0.2001747096616574,0.2546367602163621
frankfurt_000001_025512,joint_noise_gta_semantic_cityscapes_dropout_pu_1_00,1_00,0.3223724548233989,0.431210152798334,0.6042370638517741,0.7615138524213104,0.0,0.0,0.3963407741436926,0.4431675897367975,0.49464246139574075,0.5876222575409507,0.3618451141778594,0.8126802135650968,0.70896907296959,0.5377566662974609,0.4624172074108098,0.45025624099927275,0.33672419645563895,0.3078672083776575,0.6223072558326141
frankfurt_000001_016273,joint_noise_gta_semantic_cityscapes_dropout_pu_1_00,1_00,0.22625282289112622,0.42713618785187285,0.599061173120848,0.7451502699523558,0.0,0.0,0.31690796662914433,0.364426630238452,0.43311516745511164,0.5615042125685261,0.3098462343861809,0.7985942353775966,0.7392605883449967,0.592818950996934,0.4284786814270696,0.4064344928556482,0.3116067970042714,0.1968224471075323,0.4554331478938901
munster_000006_000019,joint_noise_gta_semantic_cityscapes_dropout_pu_1_00,1_00,0.20047280431231004,0.4213114249428853,0.5844203862260218,0.7369959038480054,0.0,0.0,0.2701623790515435,0.2957378417902678,0.3493833446464536,0.47964353125092424,0.27810273025789334,0.6686503236413662,0.5924968140086592,0.46092198954077673,0.34883781625854016,0.32504157765439057,0.3208669577060047,0.18699943351283332,0.3063107906863788
munster_000051_000019,joint_noise_gta_semantic_cityscapes_dropout_pu_1_00,1_00,0.21440005279434687,0.4029904189291891,0.6016422535216872,0.7569631168072065,0.0,0.0,0.2971562281679434,0.33484548242870565,0.39322882972355827,0.4904312730980949,0.2973449456972669,0.7213700382918159,0.647421558437766,0.5212359333460286,0.43229994220253987,0.4001197890057384,0.2561247052316213,0.20432674503047715,0.2874963179374624
munster_000076_000019,joint_noise_gta_semantic_cityscapes_dropout_pu_1_00,1_00,0.21636675947896744,0.4349607041035334,0.584357499220353,0.7443676594967675,0.0,0.0,0.28265846822165563,0.31265002381853024,0.3777499290481651,0.5212558512438542,0.2961203457474988,0.6893011369825028,0.6194181446573501,0.5313402713199613,0.4042827931402739,0.3831206705070405,0.4123040135222053,0.20716340679937145,0.274099283818282
munster_000115_000019,joint_noise_gta_semantic_cityscapes_dropout_pu_1_00,1_00,0.19153616585781869,0.48850548243574377,0.6141853032264798,0.7508895726747434,0.0,0.0,0.2700884476740709,0.3155454772130422,0.38751560156412246,0.5818158573185639,0.3026812534583441,0.7976556360412127,0.7565770747445326,0.5162335780901333,0.3931600299986064,0.3410615597805253,0.3684586848177173,0.17901003390940018,0.4118892381183396
frankfurt_000001_011715,joint_noise_gta_semantic_cityscapes_dropout_pu_1_00,1_00,0.3063753392520594,0.4960619095954585,0.6193226578195907,0.7692077987274341,0.9087357614145307,0.0,0.4027149645506652,0.47374207367928495,0.56228881412742,0.6877327243067215,0.40339003377622407,0.8981505833310939,0.7229441335370492,0.6514116432654834,0.5353850757292641,0.47368405832583077,0.3629619867952566,0.2848746154416491,0.878345771739446
munster_000030_000019,joint_noise_gta_semantic_cityscapes_dropout_pu_1_00,1_00,0.22318032651119765,0.41598967293621397,0.5797065954630559,0.7376305425842683,0.0,0.0,0.2776119301148343,0.30380088661453736,0.3557195144676808,0.4791627064046409,0.28348605989156983,0.6813404011973474,0.5721704288991024,0.463098372181611,0.33358506161707097,0.3067248969299741,0.2687081685756247,0.21273365417983625,0.2143577227839291
frankfurt_000001_062250,joint_noise_gta_semantic_cityscapes_dropout_pu_1_00,1_00,0.19038775477489384,0.4542993914797646,0.6112829485928511,0.760584282916442,0.0,0.0,0.2612111731321198,0.284232064543651,0.3331717274888658,0.493414686585253,0.27683345211894883,0.7740779548734332,0.7048179284714129,0.530943991438344,0.3355943595877775,0.2978485282378197,0.358953360716248,0.1744956873707831,0.2133430533747538
munster_000148_000019,joint_noise_gta_semantic_cityscapes_dropout_pu_1_00,1_00,0.2566347975034022,0.4600083591994106,0.5879448678306435,0.7724672001431362,0.9100091056767018,0.0,0.3575209223442074,0.4247690590419109,0.5019717039865788,0.5995841529482075,0.2656645795250158,0.887404885134232,0.8146424031205791,0.6278084036280397,0.4865713163478049,0.47266833916249024,0.3909334692316671,0.16060725888480865,0.4150635958115085
munster_000162_000019,joint_noise_gta_semantic_cityscapes_dropout_pu_1_00,1_00,0.17378207993549433,0.4024931314973498,0.581250351035312,0.7353269823108267,0.0,0.0,0.2404054609259155,0.2657511015581357,0.30114113866012393,0.4104011481796658,0.25544751659299275,0.6749548353233463,0.5424232744803317,0.40081988623674775,0.29450547527062076,0.2718935341879624,0.33775131878736936,0.16426199314969123,0.1206615625539652
frankfurt_000000_016005,joint_noise_gta_semantic_cityscapes_dropout_pu_1_00,1_00,0.2987829076462683,0.4363164492787682,0.590126185004263,0.7605602368443369,0.9029766555376262,0.0,0.37327807089049825,0.425162753638661,0.4892512625743251,0.5869312807386513,0.39566524287274013,0.8269461024558704,0.6459367573339243,0.5173532431026069,0.4765469763678626,0.4307198692821044,0.4666829995241815,0.28737501799401566,0.5433955754784157
frankfurt_000001_012699,joint_noise_gta_semantic_cityscapes_dropout_pu_1_00,1_00,0.21911261077935587,0.4552999819462794,0.6238333071116671,0.783773647759751,0.9135048864687821,0.0,0.29567146851445664,0.33350657926533717,0.39915539082393336,0.5671212044560004,0.3069620837337396,0.9163248765083191,0.6885096947639836,0.5174663318030527,0.35888165458053045,0.35783560609314463,0.3890478985628581,0.2163559128606055,0.3922931410083192
frankfurt_000001_018113,joint_noise_gta_semantic_cityscapes_dropout_pu_1_00,1_00,0.29832980782342466,0.43838927533382144,0.6336789826053879,0.7794099793115211,0.0,0.0,0.3777749150863369,0.4307531255966466,0.4944595604222434,0.6180786640198034,0.39427565739972126,0.843380265065766,0.6808225344128968,0.5757593230040794,0.49448815096267185,0.461399757072381,0.4306494881771974,0.29126682904363166,0.3864671894360117
munster_000029_000019,joint_noise_gta_semantic_cityscapes_dropout_pu_1_00,1_00,0.21212388455920658,0.41468672710693566,0.5858846336676445,0.7397029689801858,0.0,0.0,0.27819554186543505,0.30476039943792893,0.3570485817091607,0.4799365801360377,0.2798675291605457,0.6964390852824732,0.6178892224220632,0.4993535294393658,0.34822738079531446,0.31518691657289954,0.3184188928231266,0.20465740786597683,0.281908392909421
munster_000022_000019,joint_noise_gta_semantic_cityscapes_dropout_pu_1_00,1_00,0.23463465083274776,0.41577015586520044,0.5871502363222043,0.7519025571499578,0.0,0.0,0.2730670514825689,0.2979792533431364,0.3485224928354986,0.47409959091376325,0.28297379270815776,0.7617059326675918,0.5372601051751559,0.44227019013002683,0.3369362242609148,0.3048672764719452,0.3320653636911179,0.22849416601937686,0.2080418520506241
frankfurt_000001_010156,joint_noise_gta_semantic_cityscapes_dropout_pu_1_00,1_00,0.25105538949626327,0.48793848518298943,0.6698744163357752,0.7875399892503933,0.9129383019148467,0.0,0.31417426522907316,0.3590341528577331,0.4506061499637914,0.6465595133349047,0.32826525493186637,0.8673574342531626,0.785660904658529,0.6948446617138866,0.4791701876519987,0.44179633480905206,0.3763801991997318,0.24092186848265373,0.4457498364617714
lindau_000046_000019,joint_noise_gta_semantic_cityscapes_dropout_pu_1_00,1_00,0.22515758855735396,0.42255081295845875,0.5776299304538458,0.7576850907116526,0.0,0.0,0.30796000847000793,0.3506543039778569,0.41635230245544624,0.5295690899551814,0.22549980694176835,0.8013967547921251,0.6823474279638362,0.5325405394414068,0.4401414004989794,0.39581130112352064,0.38985218972910274,0.16656194365911278,0.374541728325483
frankfurt_000001_005184,joint_noise_gta_semantic_cityscapes_dropout_pu_1_00,1_00,0.25780034559269516,0.5011897366562272,0.6324209955885653,0.7638725669576126,0.9088345913279232,0.0,0.3288818592884976,0.3779218812117272,0.4781493836595529,0.6581331160761202,0.34697635623187667,0.8724363192731552,0.7684162627703796,0.6695264466273998,0.5275839205562167,0.46732272253313867,0.4297845192485492,0.23203240403667522,0.5282924927691087
frankfurt_000000_003920,joint_noise_gta_semantic_cityscapes_dropout_pu_1_00,1_00,0.27287876267128336,0.4490332629477606,0.6010660764068504,0.7432655578572609,0.9015946689227429,0.0,0.314430600605,0.3537880203496149,0.42831997647153575,0.57427192461523,0.3371975267406595,0.7794971653972751,0.6795330570753932,0.49274778456270163,0.377211886839119,0.34220160382073966,0.3837489333732052,0.25896355702370927,0.4398625930430955
munster_000111_000019,joint_noise_gta_semantic_cityscapes_dropout_pu_1_00,1_00,0.19547591448535134,0.43173355798473695,0.61125796986405,0.7461055657988785,0.0,0.0,0.27442926918808785,0.31465005403335744,0.3774135019220928,0.5084503277110834,0.29228292784212473,0.7368863484316709,0.6266018344336557,0.4720570442176919,0.3876855988485405,0.37398846960420673,0.33907320274334873,0.18557353552398992,0.2325918834307724
frankfurt_000001_012870,joint_noise_gta_semantic_cityscapes_dropout_pu_1_00,1_00,0.24110015606866855,0.5052675842227058,0.6558152950720245,0.7833160126076736,0.9189112079648192,0.0,0.3327553747225383,0.38841603151324633,0.4914592778019968,0.6851447610403979,0.31911278343684907,0.8926311869361321,0.8248817708747211,0.7840635178111968,0.5900760489139231,0.4851218696569622,0.49891092430513817,0.22724904004737803,0.8598475656666424
munster_000034_000019,joint_noise_gta_semantic_cityscapes_dropout_pu_1_00,1_00,0.21812957853873766,0.42605922117417133,0.5930559000674525,0.7575058853634643,0.0,0.0,0.2723101149879895,0.29784400655937676,0.3449969409122702,0.47527486691943416,0.2776929532782139,0.8059812218442001,0.7247183950626537,0.5536431123296806,0.3460837521076642,0.31252923434794844,0.34412067977558375,0.2027199689804146,0.1633372919660029
munster_000050_000019,joint_noise_gta_semantic_cityscapes_dropout_pu_1_00,1_00,0.18170958410534782,0.447443796615951,0.6083986135964369,0.7588839976744777,0.0,0.0,0.2513029781019094,0.27539624581364863,0.32106052277090186,0.47343702488317324,0.266778343577556,0.7564126005950587,0.6316572537575456,0.43893277213339155,0.30093392890446347,0.28373571023437005,0.36886099541926765,0.17442716315251489,0.1956911514817068
frankfurt_000001_060422,joint_noise_gta_semantic_cityscapes_dropout_pu_1_00,1_00,0.21273677657352152,0.45924822597909293,0.6653354372951986,0.7968437150464548,0.0,0.0,0.27100916107481393,0.29606314536825934,0.3501286569002169,0.5178105317607528,0.2839052537845554,0.8707843968344752,0.8203482067899883,0.5100892382601484,0.35154291830573803,0.31963176094272877,0.391026733049998,0.1775545625841715,0.1523402660605694
munster_000139_000019,joint_noise_gta_semantic_cityscapes_dropout_pu_1_00,1_00,0.19450584106864618,0.5012284575527163,0.6637821198614596,0.7758646647003107,0.0,0.0,0.2739203169478742,0.3325747127621603,0.40791532100197075,0.6151656376735508,0.30662968700484,0.851027360445943,0.8331804178226438,0.702893799062868,0.5426657689734402,0.46603261248982536,0.36865218075851924,0.18845560846236284,0.380239472156806
munster_000163_000019,joint_noise_gta_semantic_cityscapes_dropout_pu_1_00,1_00,0.24727747521962135,0.4221819463106858,0.5910716563519265,0.7281607983982555,0.0,0.0,0.2863718827227785,0.3137970275936041,0.36731107109771927,0.49794783745548066,0.28851294632076796,0.7204534484135695,0.5891984164965692,0.45558843571221513,0.3729242557956471,0.3397257090179153,0.4018557520836624,0.24009146507069024,0.2231598248271455
frankfurt_000001_071288,joint_noise_gta_semantic_cityscapes_dropout_pu_1_00,1_00,0.2548931913774528,0.436151171961042,0.5993050410305162,0.7582775185460846,0.0,0.0,0.3005282055471637,0.3337674815877426,0.3995135233932417,0.5402672528731602,0.3024022109592822,0.822278780724368,0.7106200971338502,0.5019267779524812,0.3466761907448419,0.34481692765538896,0.2781588225694762,0.23097312315260307,0.2852033111138315
lindau_000019_000019,joint_noise_gta_semantic_cityscapes_dropout_pu_1_00,1_00,0.19342943666805712,0.4033139579762345,0.5644892303970379,0.7092133826195687,0.0,0.0,0.2723588917902092,0.3630146802990875,0.42298921490099567,0.48529656550445205,0.19369284833407857,0.6538410176432145,0.6076126738527761,0.48891081661854874,0.40040329121308005,0.3884337047937463,0.30373960770780334,0.03628363861080329,0.3519970022071202
frankfurt_000001_031266,joint_noise_gta_semantic_cityscapes_dropout_pu_1_00,1_00,0.23355635248918352,0.44468933179602527,0.6146332147564343,0.7586157195524671,0.0,0.0,0.29197644565314196,0.3250077575863586,0.3931055892170463,0.546208893785107,0.3049238748200583,0.8117330446588618,0.7477538746396049,0.5608934356693738,0.40212298922571516,0.3618435701254768,0.4552925323951732,0.20008597781953932,0.353759897975861
frankfurt_000001_073911,joint_noise_gta_semantic_cityscapes_dropout_pu_1_00,1_00,0.20619084746658434,0.4339931921333779,0.6127172424817777,0.7518882443790222,0.0,0.0,0.2727918765586231,0.29795885964380975,0.34775537981871,0.489330412025356,0.28232376626455113,0.7568254827405738,0.5732090677701173,0.450688247512689,0.31820716712920033,0.2951604159598426,0.3304434060680344,0.1869761592986541,0.208445045284905
lindau_000023_000019,joint_noise_gta_semantic_cityscapes_dropout_pu_1_00,1_00,0.2547415780279259,0.42549299557905246,0.6192744660197468,0.7607975903814959,0.0,0.0,0.3477506690457516,0.3960050428651554,0.45877657004289674,0.5642869087449014,0.27834821595350934,0.799128433239251,0.7758624632354386,0.6720030656657336,0.44402027222188045,0.4199948676379263,0.37965881872198143,0.2386553817577877,0.4697872975963626
munster_000109_000019,joint_noise_gta_semantic_cityscapes_dropout_pu_1_00,1_00,0.26107244404921115,0.4099918147840658,0.5814859742424411,0.7486522374776063,0.0,0.0,0.328526234825349,0.3635994136239905,0.42002151348816735,0.5264303292782276,0.34481746190519846,0.7775367819557224,0.6523012480339565,0.5184460015656361,0.4280786458082849,0.406177333142791,0.4383714207276673,0.2623295119550862,0.3859286998602093
frankfurt_000000_022254,joint_noise_gta_semantic_cityscapes_dropout_pu_1_00,1_00,0.23458721401321528,0.49816812750029854,0.6700560354637676,0.8332033752200239,0.9202047500959284,0.0,0.3113950304576613,0.35264211731646844,0.43915050092414315,0.6481247251172416,0.32963456854579154,0.9305760396627174,0.8548258708582389,0.640906162089487,0.4415062437132407,0.39311989321761415,0.39575870301797333,0.2062600924027526,0.3860963999999423
munster_000127_000019,joint_noise_gta_semantic_cityscapes_dropout_pu_1_00,1_00,0.19897276206868156,0.4145827560504017,0.5758090635098757,0.7392593119786407,0.0,0.0,0.2740901181732317,0.3010705819395978,0.35337474951135267,0.47560601124845003,0.2516583344344754,0.7241239449214728,0.6235952898816328,0.4796259334756713,0.33193161512213976,0.29741639588229,0.25623494534064006,0.20195492408568913,0.2664077010762349
lindau_000014_000019,joint_noise_gta_semantic_cityscapes_dropout_pu_1_00,1_00,0.2428614704232686,0.4604314823423319,0.6329792385110024,0.781477793270434,0.9236232885463254,0.0,0.3148581832279437,0.3581567829071914,0.4401467599964726,0.608661758989941,0.3077119061176585,0.8566522841579975,0.7184474788814958,0.5424757787209953,0.43162218719231243,0.3916317843649789,0.3574383605685352,0.22906295008095448,0.5528958063381553
frankfurt_000001_054884,joint_noise_gta_semantic_cityscapes_dropout_pu_1_00,1_00,0.24573155938351018,0.46400739569933047,0.6404603318226186,0.7827342178462201,0.0,0.0,0.2934207056785986,0.3265740878122484,0.39548296688714374,0.5713558251552516,0.30219549934005646,0.8464406817951702,0.7370771520837532,0.6229274550386859,0.3693829201577347,0.32103376932638633,0.49113444967299696,0.22175150441053024,0.2985939222646513
frankfurt_000001_032018,joint_noise_gta_semantic_cityscapes_dropout_pu_1_00,1_00,0.23380022231333655,0.467433402386747,0.6144015397512618,0.7512399370582991,0.0,0.0,0.30859889457508954,0.34786269931753827,0.4244343573747312,0.5880123173132119,0.3065017678278056,0.8125099954856947,0.6870217963529257,0.577168983485501,0.4522792992191444,0.40038973381978155,0.3344291515543878,0.19243803453139965,0.4863712431757657
frankfurt_000000_018797,joint_noise_gta_semantic_cityscapes_dropout_pu_1_00,1_00,0.24058235281861665,0.4523182949380321,0.6247715807053326,0.7665659102565486,0.9035397704773659,0.0,0.29525440063079206,0.32925034587646795,0.39896811970084517,0.5587860285331103,0.31314830443241376,0.8229912887310116,0.6540829431343889,0.5347514184949161,0.4651730492889634,0.4022299400564459,0.3534263158129841,0.21351792272960926,0.3089112864921334
lindau_000037_000019,joint_noise_gta_semantic_cityscapes_dropout_pu_1_00,1_00,0.19675207269226155,0.44367494641209276,0.6191152879128485,0.7949785029273216,0.9158259486900576,0.0,0.27296755549070967,0.31339343829861355,0.37708217843562525,0.5292474199333979,0.2805710938928855,0.8935609946425509,0.7136195849474325,0.5208208903108558,0.3620731331781994,0.3256852207692819,0.3324054775254982,0.18432816522410336,0.4007393527436235
frankfurt_000001_033655,joint_noise_gta_semantic_cityscapes_dropout_pu_1_00,1_00,0.18670773169226074,0.44479169284686154,0.6254487334677046,0.7712231413484987,0.0,0.0,0.25644143324083785,0.27785282789569304,0.3220692235800886,0.46632887377714743,0.2645106374341615,0.790413080923336,0.68338775915235,0.4719615832812891,0.3091482284059776,0.28408261366351106,0.4367872990685293,0.15383086835970244,0.1510291159017288
munster_000018_000019,joint_noise_gta_semantic_cityscapes_dropout_pu_1_00,1_00,0.255604843164128,0.4469300401540252,0.5894624455305747,0.7478352413053762,0.9035196900414305,0.0,0.32766505117795997,0.3677431443429333,0.4417769084907588,0.5649104888149893,0.26199119408534316,0.7487447939831848,0.679472204820949,0.5686911870970257,0.4679382223733255,0.44623204559348517,0.38129660528612574,0.24439241672962356,0.3922415488201345
munster_000042_000019,joint_noise_gta_semantic_cityscapes_dropout_pu_1_00,1_00,0.25963240582144537,0.4254861986567993,0.6248585426163058,0.7764872926155837,0.9070085425018304,0.0,0.3231685919011941,0.3618517793017096,0.4260660478770168,0.5688313979045244,0.3445472533798807,0.860315919683578,0.8226527218907467,0.6492554084977855,0.45458596539061846,0.4275172713505669,0.4333634298558374,0.2519695140169703,0.2925827519210588
frankfurt_000001_040575,joint_noise_gta_semantic_cityscapes_dropout_pu_1_00,1_00,0.24804945785122046,0.44514037335641876,0.5971091468831761,0.771970155215267,0.9087290639704968,0.0,0.3189271652530385,0.3582889325736891,0.42957329194210153,0.5704931771130681,0.34624716531569083,0.867432092588774,0.7148650604357815,0.49630532505500385,0.3639959280749072,0.3433028470628544,0.3107074614424774,0.22441535268510654,0.4140381011383274
munster_000025_000019,joint_noise_gta_semantic_cityscapes_dropout_pu_1_00,1_00,0.21927080310293423,0.4463638304111113,0.5983098438837988,0.7456680272681052,0.0,0.0,0.2753713855273473,0.30249745881202167,0.35885477681058436,0.5153523195727541,0.29378373938588376,0.7430113226364127,0.6335096787551298,0.5163637207836969,0.3646733581960978,0.318227309606621,0.4186853931178969,0.20958343101068716,0.2691988825497006
munster_000001_000019,joint_noise_gta_semantic_cityscapes_dropout_pu_1_00,1_00,0.2526829042200959,0.4239979605687743,0.5920378746888431,0.7572117917502359,0.0,0.0,0.2818725451393094,0.30755962418242333,0.3576786825707931,0.4876178232238063,0.2929506314376107,0.7681543835650742,0.7415254055117053,0.459878843801279,0.36531339817075614,0.35495832342194533,0.3426984943104358,0.24586654831030977,0.183386060439437
munster_000144_000019,joint_noise_gta_semantic_cityscapes_dropout_pu_1_00,1_00,0.26015443751713085,0.48454725250574027,0.6247795358078966,0.75235230858368,0.0,0.0,0.3403293940643314,0.3829292223879457,0.46381193804685555,0.6342495806338079,0.2618448295771754,0.8109536721764674,0.752772074887992,0.6672588668378268,0.48918243042466536,0.4435190540128291,0.4272782362150458,0.25196597128813475,0.5291233769613867
frankfurt_000001_003588,joint_noise_gta_semantic_cityscapes_dropout_pu_1_00,1_00,0.21694139653283098,0.4991571074959206,0.6731420995749311,0.8145801737648959,0.9124388415964026,0.0,0.2932259781215974,0.327823525213486,0.4041759875629095,0.6166614146351755,0.3217354619564789,0.9159535934990244,0.7869324128972779,0.5919138250540983,0.4661667300844975,0.42500487393341807,0.4672850655189258,0.2115217284793511,0.2854064040888281
munster_000138_000019,joint_noise_gta_semantic_cityscapes_dropout_pu_1_00,1_00,0.19215129443835063,0.4500898960586695,0.6103248667549538,0.7578775979316116,0.0,0.0,0.25920356613054757,0.2812032847079179,0.3284377067398929,0.4838107097012294,0.27491359685273403,0.7817274801614061,0.6370875011754132,0.47399437382170606,0.3221173902862159,0.28606995279387964,0.386525954761772,0.18367593612194427,0.1796803388152718
frankfurt_000001_012738,joint_noise_gta_semantic_cityscapes_dropout_pu_1_00,1_00,0.28088372267482115,0.4564445097777762,0.6158263270691788,0.7551241857050982,0.9025283116673373,0.0,0.37760888479403115,0.4361235133355351,0.5124593229919003,0.6450897408172803,0.3397007319915766,0.8535477509859177,0.7591420871765123,0.6857026916669359,0.49627737839147285,0.44122662815582,0.44459399328716415,0.2705877598531164,0.7555114898211777
lindau_000003_000019,joint_noise_gta_semantic_cityscapes_dropout_pu_1_00,1_00,0.19540194453989698,0.3996724231554417,0.579248814642257,0.7357814369482526,0.0,0.0,0.26474256736465884,0.2883738269867691,0.3361338128061005,0.44485146299133244,0.27569559764811846,0.670299716020139,0.5204049480048998,0.42857758422453335,0.318053608884857,0.29608090917311614,0.3254247086445637,0.19162656805105305,0.1754359149230579
frankfurt_000001_020046,joint_noise_gta_semantic_cityscapes_dropout_pu_1_00,1_00,0.21310105607962282,0.42532127057079416,0.5811221739802883,0.7464890112812,0.0,0.0,0.26829087175680594,0.2934554071097665,0.3447188791413087,0.4802901622779338,0.28296707266033017,0.7542257533479337,0.5851714244199503,0.46190010152276967,0.34101723573036,0.3025531657182513,0.3481782114080907,0.2052375819057623,0.2182023214392553
frankfurt_000001_080091,joint_noise_gta_semantic_cityscapes_dropout_pu_1_00,1_00,0.20695358429655353,0.44370742740634317,0.6108683302771655,0.7426888265189959,0.0,0.0,0.2687226949986616,0.2914874607113458,0.33747582426989664,0.4845025451694161,0.27479541919465844,0.744526321008648,0.6372758204830882,0.47382439364752693,0.33449925162275224,0.3004488202009551,0.34078998890400636,0.1725742111768997,0.1887363726758969
frankfurt_000001_002646,joint_noise_gta_semantic_cityscapes_dropout_pu_1_00,1_00,0.1839015607210683,0.4452147091062253,0.6626697369947211,0.8219657243674341,0.9150379400687263,0.0,0.2590772337047604,0.31441596091940005,0.37847534203735117,0.5386427204907059,0.26321921253788105,0.9132089897627353,0.8403797220446553,0.5594195328829819,0.4012048415243864,0.367758272557804,0.2610912728712088,0.16067304782036046,0.2969604922616349
lindau_000029_000019,joint_noise_gta_semantic_cityscapes_dropout_pu_1_00,1_00,0.2584496411672635,0.4908039608047048,0.6274996086588661,0.7587035098767148,0.0,0.0,0.3211762098120807,0.36598498714718275,0.45547212301366324,0.6382525316925085,0.3117672131424862,0.8184862310506914,0.7958638688079226,0.730260397163099,0.5722882871196997,0.5537106353319713,0.4502076711535148,0.2328496723100294,0.4527386435146143
munster_000151_000019,joint_noise_gta_semantic_cityscapes_dropout_pu_1_00,1_00,0.21446073401645585,0.431037164348443,0.582689684343452,0.7421125196738022,0.0,0.0,0.29551131991950963,0.33904096959313723,0.40760118379029975,0.5227655856827035,0.3042901907610744,0.7426445082118002,0.6937032542804089,0.4898936371857404,0.4180777176856518,0.38034571361015707,0.34388989947559806,0.19728740714076567,0.2978348521549306
frankfurt_000001_032556,joint_noise_gta_semantic_cityscapes_dropout_pu_1_00,1_00,0.1854621553061361,0.4579822129880145,0.6240241148446201,0.75793437778669,0.0,0.0,0.25525678673091434,0.2815570493448006,0.329392927771764,0.49260140637841066,0.2745614021085055,0.770193783271965,0.6787443454085564,0.45056869738192956,0.3179618202634754,0.29128521898600773,0.3922495218615564,0.16676549124581594,0.23112312124973
frankfurt_000000_003025,joint_noise_gta_semantic_cityscapes_dropout_pu_1_00,1_00,0.24290505991024688,0.43818295476613467,0.5855479986798108,0.7439639067441635,0.0,0.0,0.29187148689517184,0.3237680629958668,0.38770399327024613,0.5280400420874922,0.3048462851527565,0.7119737855256771,0.5883507338501895,0.4842888319335865,0.41589798460560007,0.37007330784001463,0.33977570853292177,0.2238574389187309,0.2977700286927957
munster_000108_000019,joint_noise_gta_semantic_cityscapes_dropout_pu_1_00,1_00,0.23587813095853466,0.43914632719780666,0.5980821392792349,0.7371803960434795,0.0,0.0,0.2996141929493564,0.3357512800858066,0.40372796902288605,0.5423179414046277,0.3115581326944414,0.7518566153782454,0.732914924272734,0.6825339112197898,0.5190707073884842,0.458083489507099,0.33274609619636236,0.22120085887677488,0.2776414813706171
munster_000037_000019,joint_noise_gta_semantic_cityscapes_dropout_pu_1_00,1_00,0.1659947037264324,0.436042699210837,0.6152812622762458,0.7587122818199404,0.0,0.0,0.23280580520015123,0.2609783996418575,0.2965157786981387,0.42822866308419155,0.25480809834102847,0.7631366472235205,0.6497069638966408,0.4734095591160635,0.34266425943804335,0.3060817972110559,0.3701984141973546,0.15598221415129365,0.1382658874866728
munster_000154_000019,joint_noise_gta_semantic_cityscapes_dropout_pu_1_00,1_00,0.1935540780135138,0.4308991611688447,0.5934938411477931,0.7295774529971787,0.0,0.0,0.2590024053704634,0.28353703011605413,0.33034136318647783,0.4688687764478891,0.2650574442634136,0.7156024822180346,0.6478250378191273,0.5011216322899548,0.3333066488698405,0.2942021709438142,0.32916491852826985,0.17496719634615418,0.1862164473974767
frankfurt_000001_019969,joint_noise_gta_semantic_cityscapes_dropout_pu_1_00,1_00,0.21678644657471985,0.4201494758028178,0.5765003658600659,0.7574566071997326,0.0,0.0,0.2747245596348509,0.3029685287302201,0.36026165755536343,0.48903288191058947,0.284211150555648,0.7927813085215796,0.6614515720377027,0.47727702086982327,0.34733370800152213,0.31323394658221193,0.3172684344398211,0.20592060062749729,0.2578326660478666
frankfurt_000000_011007,joint_noise_gta_semantic_cityscapes_dropout_pu_1_00,1_00,0.20439008777558026,0.4295662298797398,0.5859207107832789,0.7692818347572088,0.0,0.0,0.28361083923369207,0.3129678782329454,0.36942031570663963,0.5021474601753493,0.304291421414751,0.8064520748078814,0.5911805942755242,0.4449760769282983,0.34563633200377325,0.3185484474160508,0.32105971634974423,0.18633708037130128,0.2356355040693647
frankfurt_000001_058057,joint_noise_gta_semantic_cityscapes_dropout_pu_1_00,1_00,0.24230454764937764,0.4908420576906538,0.6346676346958839,0.7860439662241185,0.9133340069910387,0.0,0.2941110650501129,0.32893864889819807,0.4037607084262793,0.5973635618433166,0.30692780432354066,0.8922050993407957,0.8117454981238649,0.6953192991004792,0.38614073954468886,0.3324650706318617,0.36247360749761526,0.2185319666420959,0.3430772021406933
lindau_000043_000019,joint_noise_gta_semantic_cityscapes_dropout_pu_1_00,1_00,0.2478550553018642,0.4344938658386771,0.6054965204490695,0.7677199641036904,0.9027104647276346,0.0,0.3058905588208669,0.34144405759374274,0.4077547272582797,0.55118706745252,0.3088891332710584,0.8280058130780525,0.6537127620796526,0.5361506210398211,0.435147470713868,0.3881453158945536,0.3419026207465961,0.2316526350646598,0.3676008049929082
frankfurt_000001_044525,joint_noise_gta_semantic_cityscapes_dropout_pu_1_00,1_00,0.30080732252712844,0.43920376971559527,0.5870733080395669,0.7375483193671124,0.0,0.0,0.3686869858636709,0.4163114820091649,0.48652685295067505,0.6040196896330102,0.39524682880581885,0.7482193738727385,0.654657231942735,0.5455030551587441,0.4517558085015229,0.3947669186488291,0.4062244536889735,0.2845524917676032,0.6451905474346967
lindau_000026_000019,joint_noise_gta_semantic_cityscapes_dropout_pu_1_00,1_00,0.19802889580455027,0.4027387286064154,0.5745543737202848,0.7367345881882391,0.0,0.0,0.2576642410769524,0.27748567306929917,0.31743196152222364,0.42967991401211897,0.26182047422997223,0.6842632216783414,0.5689116841447704,0.3846222043139969,0.29406345733198963,0.2709969115072234,0.33765030297942755,0.17751068540942036,0.1030954627156804
lindau_000011_000019,joint_noise_gta_semantic_cityscapes_dropout_pu_1_00,1_00,0.2598127649689883,0.4334015588541093,0.5896033606827804,0.7503347232299157,0.0,0.0,0.32034279452615166,0.3595506100767354,0.4289428962879101,0.5494211006775886,0.3120686987341428,0.7471893596646143,0.6944058474624047,0.6135623168634861,0.46954856406162176,0.4255755492060899,0.35369949342216367,0.2548573546092698,0.4669744101388997
frankfurt_000000_009561,joint_noise_gta_semantic_cityscapes_dropout_pu_1_00,1_00,0.21325958853268445,0.4663732034317819,0.6135568670816336,0.7551285769416505,0.0,0.0,0.2898691257573429,0.3225265713741581,0.3930449304221731,0.5668751228513774,0.30714366377564145,0.7975967518507894,0.681102051549182,0.5307183961100631,0.41579932917881246,0.3631451110926276,0.3764558583701648,0.17934341268744677,0.3891112016954622
frankfurt_000001_034816,joint_noise_gta_semantic_cityscapes_dropout_pu_1_00,1_00,0.3103229895180826,0.46597173823053123,0.5972930036455645,0.7520233404569793,0.0,0.0,0.36683267257980384,0.4213846588843483,0.5047684897201437,0.6256815202225631,0.35028446581018263,0.843802094508386,0.6958318557130486,0.5855299848406066,0.5021180170095403,0.45977341697717167,0.38192424718449225,0.2912471268919194,0.7067219147829704
frankfurt_000001_013496,joint_noise_gta_semantic_cityscapes_dropout_pu_1_00,1_00,0.2506344566485746,0.42879198216408626,0.5999764025601972,0.7533496561909316,0.0,0.0,0.3097738361979004,0.3452078834192095,0.4094632162738383,0.537793183849073,0.3244301908259349,0.770049425818242,0.6345623437512544,0.48933096296882383,0.41819374988849384,0.40026774833475226,0.49359464669015385,0.23012701895209614,0.3936573878826396
frankfurt_000001_011162,joint_noise_gta_semantic_cityscapes_dropout_pu_1_00,1_00,0.2926993901220158,0.4544188797032449,0.6153155664328797,0.7535652986608866,0.0,0.0,0.39100606035310687,0.44768923868462485,0.5211999875021478,0.6511240578568012,0.2988390239443792,0.8338640379466054,0.7939220417334779,0.6283339215579358,0.473659572307508,0.4308774835936668,0.44416129276081373,0.27719413360457373,0.704350643500043
frankfurt_000001_014221,joint_noise_gta_semantic_cityscapes_dropout_pu_1_00,1_00,0.2596047715907258,0.5036420503026171,0.6366748970595328,0.7430876374054267,0.0,0.0,0.33563771826949806,0.38510857014247285,0.482518028687276,0.6651582568704306,0.3395092814506655,0.8124859319715081,0.7963259940964525,0.7142161493953477,0.6065972175985466,0.5479772415751882,0.42421624595383367,0.24090024194816478,0.4459246668184313
frankfurt_000000_009688,joint_noise_gta_semantic_cityscapes_dropout_pu_1_00,1_00,0.1944211848707293,0.4592843121052673,0.5825812431592898,0.7387321936648871,0.0,0.0,0.27359260338522084,0.3060947082906636,0.3677186243778822,0.5303622051910686,0.2835276443377887,0.7387557517441716,0.6273560386340441,0.5790743541830993,0.4709688527448898,0.4085250358846348,0.33700704941076565,0.17996726741374214,0.2341988981248846
munster_000092_000019,joint_noise_gta_semantic_cityscapes_dropout_pu_1_00,1_00,0.21996190854423534,0.442359169100055,0.6104242159808801,0.746730646244054,0.0,0.0,0.2749988832742155,0.30269516870493174,0.3566173089164912,0.5085080685839827,0.2756610707210668,0.7562377571385298,0.6907840937120574,0.48810626882099406,0.3849577164617311,0.35514705584442263,0.36182055971191585,0.19546712315965248,0.2495762073146041
munster_000016_000019,joint_noise_gta_semantic_cityscapes_dropout_pu_1_00,1_00,0.2031346334713563,0.4173152730071117,0.6197581314865893,0.7665752992456777,0.0,0.0,0.2644040044403204,0.28689827551389946,0.3289354918119966,0.453020751374134,0.2625654603614685,0.7934180809009804,0.6684367035939526,0.4777431461708759,0.3405758112285669,0.3226847999113831,0.3666013397751013,0.17260960620634394,0.1440506702742857
frankfurt_000001_003056,joint_noise_gta_semantic_cityscapes_dropout_pu_1_00,1_00,0.20760965607883913,0.42197530034078556,0.6109299631946931,0.7539161859595565,0.0,0.0,0.2661791246400581,0.2899094055842433,0.3402097765213498,0.47617689521643236,0.27537502997306884,0.791808019044296,0.6359437642910217,0.40389419243122004,0.3124798435837803,0.28925392650443305,0.3826495770393664,0.19634173716605677,0.2036952864352518
frankfurt_000001_057478,joint_noise_gta_semantic_cityscapes_dropout_pu_1_00,1_00,0.26982751138928274,0.4608951825787895,0.6304352456488985,0.752172735667537,0.0,0.0,0.3439120674452877,0.3887380357024428,0.4666318072576885,0.6340093996367008,0.3782177689192908,0.7668059062714336,0.6980193633264399,0.6195582102695493,0.4705967264626368,0.4208060049221207,0.3866175929112534,0.25541727528325675,0.4610986719488243
frankfurt_000001_067092,joint_noise_gta_semantic_cityscapes_dropout_pu_1_00,1_00,0.25992067563003163,0.4460189886520494,0.6220318435821581,0.7626901623180066,0.0,0.0,0.3122531133112439,0.35167448728992345,0.4234538326350531,0.5816513250791734,0.31699295417585815,0.8152140544962007,0.7427175856819588,0.5064257323673169,0.35265357864961844,0.329918380236543,0.3679476484939166,0.22885193111857072,0.401891326162083
frankfurt_000000_006589,joint_noise_gta_semantic_cityscapes_dropout_pu_1_00,1_00,0.22610466908045057,0.4332859572350755,0.5717398137626768,0.7334039658867916,0.0,0.0,0.28063852307586595,0.30888098425511507,0.36878097699448803,0.5026563624710386,0.29088639547675404,0.7053425318920249,0.6307837913667567,0.4585606641743039,0.3330130142573001,0.3027883548279527,0.31939444469170974,0.2060491868737466,0.2152808572711646
frankfurt_000000_001751,joint_noise_gta_semantic_cityscapes_dropout_pu_1_00,1_00,0.20371896239067386,0.4323413381592038,0.6291364764782125,0.7758248440629629,0.9069992785849229,0.0,0.280592962111635,0.3109478995038866,0.36818313646104583,0.5090394717912128,0.29467828187682077,0.8829639896981473,0.7272878585433178,0.49149603234784833,0.37686405829339414,0.3642647761580256,0.314122245201785,0.17223702296387872,0.2413543448550285
frankfurt_000001_058914,joint_noise_gta_semantic_cityscapes_dropout_pu_1_00,1_00,0.2607680076244655,0.4640765370589631,0.6245794239323711,0.7676580658444886,0.0,0.0,0.36756161916765745,0.4335719950739465,0.5130005024948896,0.6460190727546741,0.37168613667009665,0.867172184729628,0.7392581252407147,0.5917324161190696,0.49649801292712037,0.4651860980521889,0.38394956518189655,0.23669517987074262,0.8364553821511129
frankfurt_000001_050149,joint_noise_gta_semantic_cityscapes_dropout_pu_1_00,1_00,0.33537986733266645,0.44252383051036726,0.5959867298863081,0.7710743485230552,0.9075054984067877,0.0,0.3889891749165197,0.4377760725961652,0.5025690967467048,0.6110404402863123,0.34542740079252815,0.8677949133072587,0.8064601929430261,0.5827545527158562,0.44157799971824596,0.4276368788331799,0.37204373992969725,0.3198269550385826,0.7169989676711759
frankfurt_000001_067295,joint_noise_gta_semantic_cityscapes_dropout_pu_1_00,1_00,0.2511929483030231,0.44426236291364535,0.601184187409171,0.7504810536367329,0.0,0.0,0.3138309361002776,0.354216381732694,0.425938872610903,0.5671427236394698,0.3325004254589411,0.7694376989688675,0.6923192140314651,0.6012411142235028,0.3713505708613171,0.349617330249611,0.4152152423647213,0.2380618194227613,0.4883918009030296
frankfurt_000001_064305,joint_noise_gta_semantic_cityscapes_dropout_pu_1_00,1_00,0.2816265418620125,0.4599374369862999,0.6168693192140727,0.7851963883929863,0.9108286397596198,0.0,0.3889945481533955,0.4492695707723224,0.5190379768423626,0.6386360533961367,0.3286277483597764,0.8983713583466651,0.8516573815602215,0.7264873611391119,0.5185103565534549,0.4895000208389915,0.4954578538019577,0.25167218457386753,0.4470188346565826
munster_000004_000019,joint_noise_gta_semantic_cityscapes_dropout_pu_1_00,1_00,0.17230147085079592,0.4470360245683665,0.6221823902544807,0.7383496053259182,0.0,0.0,0.24332782651053037,0.2742915287380326,0.31771347159019553,0.46870208973644495,0.2648205538411028,0.7553038672020187,0.7037948592683573,0.5425685425809645,0.36609686991611345,0.31861905443708727,0.24868303250900475,0.16333956203106276,0.1606184585032345
lindau_000031_000019,joint_noise_gta_semantic_cityscapes_dropout_pu_1_00,1_00,0.27525274963749935,0.5408393085548376,0.6604801641473679,0.7763312136000445,0.9206903721742933,0.0,0.35974853964384007,0.4187579525493441,0.5356866630560846,0.7257853020388594,0.3729343350194253,0.9207705507380615,0.8588883856136326,0.7520196827328262,0.6487768517015446,0.5857484114246572,0.3961413786481627,0.26199841462711887,0.6135761743977058
frankfurt_000001_044787,joint_noise_gta_semantic_cityscapes_dropout_pu_1_00,1_00,0.29061824353957955,0.45904326359625486,0.6117075547426785,0.7488102516070076,0.0,0.0,0.34698888179789816,0.39849803016064705,0.4819604129072006,0.6190095425452753,0.35801277718786073,0.809813262958527,0.7431959798746114,0.6777965410216978,0.47371578512181456,0.45470567432882136,0.3640538991384581,0.28470313336340325,0.6081909109508798
frankfurt_000001_049078,joint_noise_gta_semantic_cityscapes_dropout_pu_1_00,1_00,0.2554541766734436,0.4576184175851128,0.5898338565591844,0.733881347924278,0.0,0.0,0.3038221212947181,0.340478204557114,0.4143569869295888,0.5722016912886615,0.32395716009470155,0.7505964609943261,0.6939288472408611,0.6170141573161566,0.5604255756379737,0.5090054778735957,0.40103930154005557,0.2538499556825639,0.2195588867769045
munster_000107_000019,joint_noise_gta_semantic_cityscapes_dropout_pu_1_00,1_00,0.2498789532634366,0.422856232516468,0.5785236213249478,0.7328492151992866,0.0,0.0,0.28850462344506106,0.3174467363285703,0.3732131112591884,0.498108177376476,0.29343826092410785,0.6738053625268222,0.5417338167448318,0.403130973254341,0.3452279858274229,0.3314774806862953,0.348109517930404,0.24319343343740102,0.2152264756212228
frankfurt_000000_015389,joint_noise_gta_semantic_cityscapes_dropout_pu_1_00,1_00,0.24117828662500007,0.46916018530209547,0.6399211769984706,0.7636913679402784,0.0,0.0,0.2942125825582998,0.32834794195186473,0.40002662932239386,0.5835240252494087,0.3072086169784675,0.8309548321512159,0.6928627033458905,0.5061969516269147,0.3457798543614032,0.3132514321092295,0.3368699001608214,0.2197175954967467,0.3003389569403652
frankfurt_000001_013710,joint_noise_gta_semantic_cityscapes_dropout_pu_1_00,1_00,0.2606152198909519,0.47628163614275787,0.6227138514842703,0.7774395735493509,0.9203931414938152,0.0,0.3307204455252685,0.3776345628827338,0.4631342737690549,0.6259940123884703,0.3502281522632299,0.8653734092866592,0.7866108085238895,0.586208523323302,0.40475175806843483,0.40328669871868833,0.3904691613568842,0.2408026075875137,0.5138953319535132
frankfurt_000001_049209,joint_noise_gta_semantic_cityscapes_dropout_pu_1_00,1_00,0.21972438076711476,0.47958995730843645,0.6340764946735272,0.7473867314787376,0.0,0.0,0.2758288873541231,0.304122332585151,0.364505998528519,0.5506401361657054,0.2956275923761114,0.7734350660882727,0.7309058650292506,0.6765944888821482,0.41488688591300127,0.35329999971205944,0.5063213830098156,0.2084453025830344,0.1960899769993803
frankfurt_000001_012519,joint_noise_gta_semantic_cityscapes_dropout_pu_1_00,1_00,0.24404550613731826,0.44972716201573687,0.631571014780028,0.7803488707859132,0.0,0.0,0.3278908947963505,0.37317506373243736,0.44904459199499713,0.6058193243049017,0.33700492446192426,0.8461688404555349,0.7401887863031437,0.5740644593832592,0.4053210099912825,0.38501315271327685,0.4710281486966816,0.22943414288698338,0.4971771601691575
munster_000045_000019,joint_noise_gta_semantic_cityscapes_dropout_pu_1_00,1_00,0.21229209628154114,0.4534165677626186,0.6108972243274314,0.7563744109083993,0.9024598406316776,0.0,0.2903239977628648,0.32358806410282687,0.39195994858729266,0.5477771094205717,0.30267934733380264,0.8245127572297616,0.6669490345574884,0.5796179372611883,0.47979172878845916,0.4114379775338497,0.4157995450106554,0.19852423071838754,0.3311324750962671
frankfurt_000001_015768,joint_noise_gta_semantic_cityscapes_dropout_pu_1_00,1_00,0.23238653958583563,0.4369841784020141,0.6086932378732658,0.7476051808108739,0.0,0.0,0.3174999363777677,0.35906058405285607,0.4301922659744997,0.5606948969921857,0.3165845093927244,0.8180862527733573,0.6556686500229877,0.5417870142669221,0.3842818475046914,0.3798795818374305,0.34554458237893715,0.20521799408370936,0.3842047902115742
frankfurt_000000_010351,joint_noise_gta_semantic_cityscapes_dropout_pu_1_00,1_00,0.2555975416939385,0.45532766961667537,0.6097756097862628,0.7436383778042052,0.0,0.0,0.31425664472148274,0.3553402875120155,0.43340480286151917,0.5885406073560945,0.33333941350452073,0.8094461398253442,0.712637645206578,0.5293266301994083,0.4008231545052834,0.37476843010843996,0.30352772792825894,0.22774528019087686,0.4530098642398751
frankfurt_000001_030669,joint_noise_gta_semantic_cityscapes_dropout_pu_1_00,1_00,0.2411437594788543,0.44944810286733156,0.6171964529535122,0.7873102678180904,0.9041081258063095,0.0,0.30432484408035104,0.34079465741390796,0.41209630669934516,0.563725481841803,0.3010921773971876,0.8983518830745524,0.7045364403640698,0.516247265639213,0.42400878647090395,0.40046372702838473,0.2848217152450869,0.2127501407507568,0.3998023618045392
munster_000160_000019,joint_noise_gta_semantic_cityscapes_dropout_pu_1_00,1_00,0.2190871029129135,0.45425312364106535,0.6136509498556209,0.7862518750825592,0.9062642594890256,0.0,0.2917973336269763,0.32500768398285773,0.3887656701109377,0.5491901327714993,0.29722290307058696,0.8891877097591862,0.8151789399279048,0.5461050717661965,0.4069786460543235,0.37675473397693865,0.37550784411599714,0.20609452563191755,0.3385961683755391
frankfurt_000001_015328,joint_noise_gta_semantic_cityscapes_dropout_pu_1_00,1_00,0.21167593533190424,0.4429803575585827,0.5793900925257215,0.733735131717219,0.0,0.0,0.2936083672152881,0.33291202122029745,0.39928534905004426,0.5427795991322106,0.2961404439914348,0.7227532091022705,0.642908104859609,0.5532258110579408,0.44804149036484375,0.4287542824850475,0.30404332133923545,0.17434798904198212,0.3598142985230267
frankfurt_000001_048355,joint_noise_gta_semantic_cityscapes_dropout_pu_1_00,1_00,0.19609449972536494,0.44633256536626587,0.6178247165463211,0.7909650305502133,0.0,0.0,0.26262179502417277,0.2866723306156137,0.3345122124045353,0.4858424841795616,0.26093703789831885,0.8381952259340021,0.5827546620110684,0.4507249982094448,0.33452605664042323,0.29465924582156333,0.36674996383671427,0.15511516782878476,0.1572601860785758
lindau_000042_000019,joint_noise_gta_semantic_cityscapes_dropout_pu_1_00,1_00,0.2588253924799594,0.44236409778578395,0.6084618618851865,0.7472412033406026,0.0,0.0,0.31804018213776836,0.35605444028694894,0.42625780202960395,0.5708426601893202,0.32953630907001336,0.7734806521787937,0.7158495428493329,0.5629172147882708,0.4487073301672285,0.4026920356111451,0.3171636503000221,0.24081008960235337,0.3803885761022377
frankfurt_000001_032711,joint_noise_gta_semantic_cityscapes_dropout_pu_1_00,1_00,0.19559560410433804,0.4655912072952296,0.632794059578964,0.7806031052654544,0.9038123656996547,0.0,0.2618047831763142,0.28522820607134025,0.3357521273604716,0.5033998149676528,0.26797562626176247,0.8510060351730202,0.6714497456549035,0.43012385638314604,0.30745731322032516,0.28631809595275837,0.3983794796207007,0.16130797720322904,0.1950125942620991
frankfurt_000001_031416,joint_noise_gta_semantic_cityscapes_dropout_pu_1_00,1_00,0.2502543019802063,0.49062552825181377,0.63972381796805,0.7673048114589055,0.9041579487606954,0.0,0.31984738492351444,0.36357028131182956,0.4543500983166479,0.6408594110197431,0.3357026418362227,0.8635117443189908,0.7653000191156778,0.6089824431525215,0.39623428109875164,0.347889387147366,0.37481375586124516,0.2199289353945632,0.5148264464653276
munster_000161_000019,joint_noise_gta_semantic_cityscapes_dropout_pu_1_00,1_00,0.20294601255422048,0.42377088503813604,0.5737236064639735,0.74891811330272,0.0,0.0,0.26020039000640083,0.2827273317582838,0.32857321967872694,0.4604735456736499,0.27186512152141074,0.7066670908357762,0.5736314513314918,0.4317304770348311,0.3332307911697567,0.30245813161719104,0.30548844404488157,0.20130243862301272,0.1732537368309772
munster_000147_000019,joint_noise_gta_semantic_cityscapes_dropout_pu_1_00,1_00,0.24157740381172385,0.43814974493734027,0.5825992074896399,0.7674447969436607,0.0,0.0,0.33495435978454247,0.3977454181899937,0.4680087570213953,0.5617817859784497,0.304564673564692,0.8277346266657112,0.6942753232847106,0.570063817208325,0.4599031685443857,0.45432049189527846,0.3532489500636629,0.2291684577212708,0.40784708301398
frankfurt_000001_023369,joint_noise_gta_semantic_cityscapes_dropout_pu_1_00,1_00,0.26070201009235766,0.4616164380759572,0.6027303598430739,0.7805429627260705,0.9171595421905707,0.0,0.31768588395987896,0.36003597663460263,0.44219062396197817,0.5926179253747953,0.3239781099816036,0.9190898077474264,0.8281765775866274,0.5119965243317227,0.37942934348573565,0.3619957730784692,0.3409875988043882,0.24850969377987772,0.5071230579913496
frankfurt_000001_007407,joint_noise_gta_semantic_cityscapes_dropout_pu_1_00,1_00,0.24372169565042495,0.4705204023742878,0.6606214461214689,0.7919588180521935,0.9059230014325936,0.0,0.3198253070412454,0.36311591412234384,0.4476876051566617,0.6267245365201093,0.3255136727760096,0.8850390731899254,0.7520603891977058,0.549181418647865,0.39946856243010137,0.36259127049096695,0.352841673613443,0.21029923989386734,0.4198031245711744
munster_000032_000019,joint_noise_gta_semantic_cityscapes_dropout_pu_1_00,1_00,0.2438482044765163,0.4451824646657928,0.6025058575719577,0.7424743320984648,0.0,0.0,0.28631214635957614,0.3164168285016446,0.377360909759929,0.533655707972467,0.30604396650958815,0.7266360749752677,0.6774446486639525,0.5454524802645886,0.37835269921392667,0.3463086463825901,0.34778047726311523,0.23501612678581438,0.2653405066147285
frankfurt_000001_009058,joint_noise_gta_semantic_cityscapes_dropout_pu_1_00,1_00,0.18674663815810016,0.45910762025526247,0.6420945328368252,0.8016423887015975,0.9155686088458022,0.0,0.25742959045201963,0.2896568525440508,0.33954069699018213,0.5009140092501679,0.2780552336010077,0.8914963224692003,0.7192186818398345,0.47514256145660566,0.3233346893983363,0.2880935212440282,0.36834924562017424,0.16363422525355656,0.190339225966487
munster_000069_000019,joint_noise_gta_semantic_cityscapes_dropout_pu_1_00,1_00,0.19305934724038912,0.46640419169099234,0.6299258918919326,0.7610315123742225,0.0,0.0,0.26113303065319027,0.284149376094055,0.3332699092305847,0.5012145144777497,0.2688711133445677,0.7723950978105019,0.6446444411810558,0.4951105329940969,0.34650395516425364,0.314075312323086,0.30347527860577883,0.1719008025258362,0.19121266603
frankfurt_000001_005898,joint_noise_gta_semantic_cityscapes_dropout_pu_1_00,1_00,0.2678618454295086,0.45305031967812615,0.5944575847944926,0.7498935337636525,0.0,0.0,0.31943646196263736,0.3619458411300039,0.4426170307166482,0.5800677139699502,0.3395159207741939,0.8085671538767837,0.6751848542475676,0.5032512114716541,0.41460003743862445,0.38778052549102365,0.3691406871548431,0.24360980494225243,0.4406348557805404
frankfurt_000001_001464,joint_noise_gta_semantic_cityscapes_dropout_pu_1_00,1_00,0.25328030946369745,0.4842211291597609,0.647393694283213,0.7782532016003539,0.9091135793522236,0.0,0.3307540985311196,0.3746323940344779,0.4578609447604557,0.6437041755736678,0.359160173923464,0.879179282647532,0.7550199966372254,0.6290434142053286,0.4490366448077799,0.3904402928000428,0.3581608772823804,0.23626041474698742,0.4872284903716387
frankfurt_000001_067735,joint_noise_gta_semantic_cityscapes_dropout_pu_1_00,1_00,0.23009452852562143,0.4549878392175537,0.6428470907424227,0.7707875484648369,0.0,0.0,0.28201071545848827,0.31166989453482313,0.37141021734203633,0.5384662723355838,0.28752546021612685,0.8190397308875457,0.6316878303590964,0.45121348043574366,0.3691522868036782,0.3283727811911435,0.39390155784989345,0.21632901202330207,0.238859369720962
frankfurt_000000_001016,joint_noise_gta_semantic_cityscapes_dropout_pu_1_00,1_00,0.2098326815334622,0.47260317242507915,0.619789378427994,0.7510725160981297,0.0,0.0,0.2857762189335916,0.31936089543592744,0.38705818019981136,0.5680177717318763,0.295359492564141,0.7992140396635977,0.657086312076749,0.47849111991119103,0.34642695655505085,0.31633712760369337,0.38311360146688095,0.17596669810116797,0.318646195940831
munster_000079_000019,joint_noise_gta_semantic_cityscapes_dropout_pu_1_00,1_00,0.15482850549378765,0.4344061673796635,0.5989525638284054,0.7371809542724517,0.0,0.0,0.21712523954768986,0.25988357346405283,0.2939445035125,0.4194100581686476,0.25128395649309887,0.6959283616504814,0.6020727723444148,0.41682935949359157,0.32300403173619807,0.28830236553921285,0.3115047178190593,0.1441567788650814,0.1344870936081013
munster_000125_000019,joint_noise_gta_semantic_cityscapes_dropout_pu_1_00,1_00,0.2575556796383241,0.4255717729152402,0.5871874885042452,0.7552464276714043,0.0,0.0,0.3061292198226066,0.34269102771896887,0.4088314289552191,0.529175053373956,0.309335500929326,0.8082147069665727,0.6460238062581425,0.4545266045281871,0.372782352447066,0.3445113774086066,0.339566064744128,0.24801887442580942,0.4312384876242893
frankfurt_000001_049698,joint_noise_gta_semantic_cityscapes_dropout_pu_1_00,1_00,0.3316480211534568,0.4397876431520163,0.5978400092702953,0.7441147998304759,0.0,0.0,0.38621007729843815,0.4343354251934379,0.5021974616381307,0.6192503806183949,0.3384584231124601,0.8220459454439861,0.7337417742951802,0.5648952836228704,0.46349992107650695,0.44325043902049827,0.31577567359819714,0.3303337971120974,0.8475370881921236
munster_000078_000019,joint_noise_gta_semantic_cityscapes_dropout_pu_1_00,1_00,0.21800237198576025,0.443068336516396,0.6211892945812632,0.76257573170862,0.0,0.0,0.2947114920071716,0.32669918986951313,0.3880863616145395,0.5372654093968559,0.3132946002056716,0.8129483736581892,0.7647553197236749,0.6824395805196487,0.4758295954991273,0.42486648633175883,0.3540781514765882,0.20831719727176762,0.3156581469366424
frankfurt_000001_054640,joint_noise_gta_semantic_cityscapes_dropout_pu_1_00,1_00,0.2540019559901966,0.47349823291823473,0.6404705166486248,0.7794920775227907,0.901686268719544,0.0,0.31824961408798635,0.36177592852580914,0.44627415261124,0.6217107287118866,0.32810587376172134,0.8670672770802842,0.7237282134500331,0.5586942331400748,0.43979574145413,0.39752784435259936,0.4583493068869261,0.2353300673684998,0.5014651490855376
frankfurt_000001_016462,joint_noise_gta_semantic_cityscapes_dropout_pu_1_00,1_00,0.2953870100160345,0.45758938348968015,0.6188147005266569,0.7594034295041877,0.9114860560601946,0.0,0.36702231422590703,0.4166409021426694,0.4964849981776149,0.6421809885840586,0.3026766325693939,0.8410886512074773,0.7558485720329942,0.5912664378109342,0.47231750443730436,0.43943843574854535,0.3706780033146811,0.29188350289291753,0.7575385745852296
lindau_000041_000019,joint_noise_gta_semantic_cityscapes_dropout_pu_1_00,1_00,0.2122736298355845,0.40782113454764546,0.5837459849990995,0.7345346945930062,0.0,0.0,0.25596338840649796,0.27472674492463245,0.311237076243927,0.42103635705039105,0.26565496057047755,0.6830512963504154,0.5077378074862839,0.38715136334486006,0.29660063174160367,0.28000260606889094,0.3071329974396949,0.20358347220656509,0.0785497205610207
munster_000093_000019,joint_noise_gta_semantic_cityscapes_dropout_pu_1_00,1_00,0.26927313622614074,0.4261261823655602,0.6099228248051551,0.747040433101231,0.0,0.0,0.3020410930584711,0.3346741940275325,0.39406863426415867,0.5306772930252642,0.3104245738157458,0.8128042236356197,0.7193379201498533,0.47660601375796163,0.3893475989077696,0.36036216469423027,0.404948244067904,0.25561238908868117,0.282001118454469
frankfurt_000001_046272,joint_noise_gta_semantic_cityscapes_dropout_pu_1_00,1_00,0.282541416404507,0.44701992921117656,0.6119802850906276,0.7525178313785579,0.0,0.0,0.3432845634327777,0.3898909008688891,0.46578313503143587,0.6086791851341586,0.35921875263362113,0.8364726351148235,0.6836342989785997,0.5203106822324913,0.43212334508842026,0.4186679920676927,0.3754928246851851,0.26021121532961217,0.5262440019397138
frankfurt_000000_003357,joint_noise_gta_semantic_cityscapes_dropout_pu_1_00,1_00,0.2615692152599206,0.49398686484250126,0.638724449945583,0.7639193042133401,0.0,0.0,0.31902690149241747,0.36110694199625504,0.4485917305314276,0.6363587768492036,0.33090875537421743,0.8449262963388563,0.7679965346466032,0.6644316588492778,0.466539993871887,0.4393193735819912,0.3571824275358726,0.23171178469208684,0.376872143807358
frankfurt_000001_065160,joint_noise_gta_semantic_cityscapes_dropout_pu_1_00,1_00,0.24688364273255498,0.45161462195449753,0.6071333860848459,0.7517271285523935,0.0,0.0,0.2921825010516555,0.32355890171093576,0.38643614705651785,0.5476383835604091,0.29761216184193545,0.7833629461451916,0.664279357541965,0.5522314382892565,0.3985726891910216,0.3646647824638848,0.3286253685582319,0.2202179664995659,0.2844770168061177
frankfurt_000001_000538,joint_noise_gta_semantic_cityscapes_dropout_pu_1_00,1_00,0.2802657674135171,0.4334565365376098,0.617862579658076,0.757342119762887,0.0,0.0,0.355751217756583,0.4037858897444809,0.4715002856866937,0.6009278328521415,0.3791430739625197,0.8299151872109755,0.6978677202754472,0.5813478881821806,0.4501035107724885,0.42651127648279635,0.4218844448763628,0.2648411741529579,0.4823759765027814
frankfurt_000000_009291,joint_noise_gta_semantic_cityscapes_dropout_pu_1_00,1_00,0.23820899787338498,0.45135406880227746,0.594310966626277,0.7426532251433375,0.0,0.0,0.306742129870368,0.34327601399463714,0.4138044011619481,0.5692375658220186,0.3301561660454441,0.7152057932061308,0.6396881904529016,0.467318591945424,0.3542475324936345,0.32246638571445113,0.38070635091112137,0.21190822107523363,0.4048722761963554
munster_000019_000019,joint_noise_gta_semantic_cityscapes_dropout_pu_1_00,1_00,0.23920152373168013,0.43832452101662395,0.6154029324401011,0.7408341138631998,0.0,0.0,0.2810261685258151,0.3104706347147963,0.36905064371632434,0.5154507292143833,0.28334058696664566,0.7573020372477088,0.6948689260715057,0.5366080273516672,0.40637300525166076,0.39104633713213954,0.34713835613347527,0.23265740880345254,0.1790289475724437
munster_000084_000019,joint_noise_gta_semantic_cityscapes_dropout_pu_1_00,1_00,0.29034199760687396,0.431326491898043,0.6066653839407193,0.7498794120197697,0.9020786749470634,0.0,0.33895662996988896,0.3808745495623773,0.4490844225101132,0.583670205704815,0.3440678495899645,0.7789210439365655,0.7318084242342809,0.646762981640109,0.49752678620409957,0.44977046266454834,0.38640492073129,0.2850014538609449,0.4352382050691804
frankfurt_000000_012009,joint_noise_gta_semantic_cityscapes_dropout_pu_1_00,1_00,0.21774357593259183,0.4302726126392289,0.5842436587407146,0.750311339995973,0.0,0.0,0.2798257186166895,0.30944171572160256,0.37011028135683094,0.5077313715122861,0.2906693143950361,0.7230465411346089,0.6274768518078911,0.46948613256374566,0.362584603802569,0.3430436825180543,0.3193728717599855,0.208202296440513,0.3104916683216366
frankfurt_000001_082466,joint_noise_gta_semantic_cityscapes_dropout_pu_1_00,1_00,0.2173569712861127,0.4534368720351037,0.6228747220575792,0.7680559949602364,0.9139327780656928,0.0,0.27699011531256057,0.30359638134831857,0.35863701892463723,0.5207974944282416,0.2821846156632397,0.8526686810146116,0.7899322831737711,0.5997025576266991,0.42316263015665967,0.3688891490065644,0.46692483051859307,0.19938139255534898,0.2107509908490945
munster_000035_000019,joint_noise_gta_semantic_cityscapes_dropout_pu_1_00,1_00,0.23597891714316263,0.4238924468358247,0.5960018236484274,0.7506791149781195,0.0,0.0,0.2806218443631323,0.3072873996243404,0.36005803029031774,0.4924997844091006,0.2893397671564567,0.8040292931914266,0.7087556933622653,0.5251311820770244,0.436571416732421,0.38666485051255156,0.3364974310658506,0.22548423064659107,0.185262203442094
frankfurt_000001_060135,joint_noise_gta_semantic_cityscapes_dropout_pu_1_00,1_00,0.24288876576938645,0.42698257698479947,0.5991849817106736,0.7387858982212416,0.0,0.0,0.29275008619536586,0.32591876949178994,0.39179970345323417,0.5260459453529566,0.30592948691280103,0.7235760288461877,0.6585590986781683,0.5605569600319333,0.390878673297317,0.34200541654532995,0.3733787376713584,0.22513994519850059,0.300000159966301
frankfurt_000001_064925,joint_noise_gta_semantic_cityscapes_dropout_pu_1_00,1_00,0.19555199237966392,0.4064279690923151,0.5781921065237774,0.7404748652629746,0.0,0.0,0.26030333007438405,0.28106098210222225,0.32250691100558976,0.4376984046960861,0.26377574201095355,0.6813260291817271,0.5673745684492608,0.40456300429646697,0.30224673496007026,0.2883587034685657,0.35172802143589676,0.16292169555723254,0.1279851004836875
lindau_000010_000019,joint_noise_gta_semantic_cityscapes_dropout_pu_1_00,1_00,0.23958936790660107,0.44610313357641507,0.6251423919910246,0.7789209568847785,0.9121869586379934,0.0,0.3083813351215926,0.347383217647614,0.4166457700634562,0.5658743807730499,0.31663038173934477,0.8868665874127127,0.7258014368132595,0.6178395942607586,0.415948498049038,0.3919449810086556,0.3789445639768347,0.22898852193056393,0.4425188355643618
frankfurt_000000_000294,joint_noise_gta_semantic_cityscapes_dropout_pu_1_00,1_00,0.19342031164380763,0.45620905862166633,0.6061453915487923,0.743741143170214,0.0,0.0,0.2724398933089837,0.3258588235053326,0.3952523064369051,0.5641738397567126,0.30202284402907087,0.7682333274358144,0.706652810720034,0.5880067281664925,0.42103228877888166,0.3724354309829988,0.33889785801388456,0.16290117391585934,0.3161791497418304
munster_000075_000019,joint_noise_gta_semantic_cityscapes_dropout_pu_1_00,1_00,0.16755213231101074,0.4184536626969558,0.5942064484985253,0.7267602498906666,0.0,0.0,0.23365391592146903,0.27108225346258386,0.31144163534459074,0.4381858622584677,0.24546645851168822,0.686094908530693,0.6104887647930828,0.43401000346861274,0.31677866311028813,0.28694657537437607,0.2902485877253089,0.13761701054337455,0.1428604783559491
frankfurt_000001_007973,joint_noise_gta_semantic_cityscapes_dropout_pu_1_00,1_00,0.31357364973174756,0.45942257609913867,0.6382778591828855,0.7861908139739511,0.9286942120930348,0.0,0.4124840909466636,0.4700177247794662,0.5409560988001345,0.6847680386124213,0.44132896751676826,0.9325817968873177,0.8054234187486693,0.6450183441808527,0.5070940312812039,0.47041341817975807,0.46772255353699055,0.2852706905908254,0.7754231612838873
frankfurt_000001_009854,joint_noise_gta_semantic_cityscapes_dropout_pu_1_00,1_00,0.18780902654617546,0.4340816338813821,0.596786466169966,0.7623517973596338,0.0,0.0,0.253103793135479,0.27604750292207286,0.3226916785739129,0.46592124463729284,0.2654405478408302,0.7584359121967701,0.6141061575660035,0.42071398135904003,0.36894673854869386,0.3233021286540227,0.35977127519964625,0.1681666676962522,0.1711497500343747
munster_000085_000019,joint_noise_gta_semantic_cityscapes_dropout_pu_1_00,1_00,0.26446913218564083,0.44652747573954293,0.6078907738930496,0.7581829830358586,0.9078465613602704,0.0,0.33420791745037476,0.37611132402372227,0.4485389795490982,0.5904695273605924,0.335102783705494,0.8245018927886701,0.7610598693980724,0.6772870983263098,0.518856829162781,0.4370434721757054,0.36644782174388985,0.2472061012513205,0.4896461588494144
munster_000153_000019,joint_noise_gta_semantic_cityscapes_dropout_pu_1_00,1_00,0.24725356811249274,0.4450269144120388,0.6137131848057142,0.7672527743985432,0.0,0.0,0.2933019413829364,0.3271558524182527,0.39391303037283387,0.5495581542966336,0.305991825724788,0.8158940123162473,0.7589054872832699,0.5956243531078472,0.41621920463617423,0.36526769495893957,0.3841621697127567,0.23665440163933996,0.3429483387165207
munster_000028_000019,joint_noise_gta_semantic_cityscapes_dropout_pu_1_00,1_00,0.20163865788612587,0.4223287137283817,0.6029058242839914,0.7527132328899112,0.0,0.0,0.2655157677803529,0.2887636757287183,0.3363855106860385,0.4699958395665395,0.2788659488745048,0.7388544582148064,0.6118044644479282,0.45352472038040886,0.33869508822285854,0.3068721595375567,0.3731813144451346,0.19446523607695093,0.2347179454947046
lindau_000028_000019,joint_noise_gta_semantic_cityscapes_dropout_pu_1_00,1_00,0.21625687775410177,0.42358480390039605,0.5630178135295795,0.7246933318554837,0.0,0.0,0.26737859307011813,0.29209587231042206,0.34182258125561477,0.474922511298584,0.2754325472641977,0.6299875997062756,0.5603754035940841,0.47221866344587854,0.351610924302666,0.33120808959504,0.3686289055993429,0.20898690140839293,0.1579753084923979
frankfurt_000000_013067,joint_noise_gta_semantic_cityscapes_dropout_pu_1_00,1_00,0.27874736252428783,0.4690457625371125,0.6195728718376154,0.7631197688782788,0.0,0.0,0.34012273549752703,0.38873954399945543,0.4757434769269262,0.6321290563610094,0.3534948863847062,0.8091995435697561,0.6890534198297286,0.6190337207977529,0.4745615371659751,0.4298505909808181,0.4163125407395152,0.24014666078913124,0.4818579510014906
munster_000135_000019,joint_noise_gta_semantic_cityscapes_dropout_pu_1_00,1_00,0.1963488153453709,0.4287253539619111,0.5872271058403006,0.7387530514599532,0.0,0.0,0.271629244883479,0.2981891649789037,0.3528074195546239,0.4907496570164033,0.28140821113578085,0.7108296226665958,0.6481698375341811,0.49348878604447677,0.34682968752247634,0.32958199595707605,0.32570222607012494,0.18904447217789616,0.3107926368758333
munster_000124_000019,joint_noise_gta_semantic_cityscapes_dropout_pu_1_00,1_00,0.26430734998000277,0.41274904513365746,0.5684436731892952,0.747776107752037,0.0,0.0,0.3025890300330739,0.3356849637214715,0.3954980941062331,0.5000491435170518,0.3131935807641133,0.7032647615478943,0.5800417113591487,0.4716730464734479,0.3888205169505972,0.3512837471317544,0.3282017258224264,0.25861275339295453,0.2932264557620759
munster_000117_000019,joint_noise_gta_semantic_cityscapes_dropout_pu_1_00,1_00,0.2534820473598578,0.44102319793666933,0.6070917004960924,0.7501210274528847,0.0,0.0,0.2868275110317075,0.3153016807407031,0.37309652670788424,0.5262671333254397,0.29873809465143675,0.7825733491449379,0.6715106245415575,0.5104169032077769,0.4070273541296393,0.3599548874696453,0.3702757816908275,0.24013149621448246,0.1953057131731377
lindau_000034_000019,joint_noise_gta_semantic_cityscapes_dropout_pu_1_00,1_00,0.24676298533669275,0.41969942317223125,0.5896345085196907,0.7457401018612259,0.0,0.0,0.3109460651573988,0.3445692496210853,0.40483846630518855,0.5205270104466766,0.2467948918306276,0.7288587612993187,0.6202497087684382,0.5509974338163596,0.4115363212570721,0.3968358420892909,0.48795320517718566,0.18671197947722376,0.2852490861211104
frankfurt_000001_038245,joint_noise_gta_semantic_cityscapes_dropout_pu_1_00,1_00,0.23377471590142643,0.46426263077777363,0.660913486520977,0.8103990806568617,0.9252327033059812,0.9523523234277426,0.30565296711187756,0.3429865851131368,0.41621930924086864,0.591213298946406,0.3247407933996759,0.9448570331424248,0.7896406557903946,0.5897419056117218,0.38861943706206553,0.3447130582552325,0.3964077713488063,0.21596926475516265,0.3369262333356357
frankfurt_000001_067474,joint_noise_gta_semantic_cityscapes_dropout_pu_1_00,1_00,0.21676144974270428,0.49578551830648226,0.6564489679598539,0.7831512579031874,0.9091594950428395,0.0,0.29493455494304555,0.32898008446341587,0.400288455362918,0.6050860861111357,0.31419378258347164,0.8679826058671429,0.8145608369149516,0.6164316673257708,0.45069092396897753,0.396735253763461,0.4281519725784584,0.19454239788505015,0.2932884471044196
munster_000048_000019,joint_noise_gta_semantic_cityscapes_dropout_pu_1_00,1_00,0.2883468126646195,0.4456408726390723,0.6088875361503043,0.7621410802441421,0.0,0.0,0.3401966322442297,0.3839864696864641,0.4579900415440226,0.5921818670079081,0.35569323323535446,0.7894805657339797,0.7420181084215929,0.5804263808985345,0.46374689641066685,0.43520108971546667,0.3700541167063903,0.2848602884356112,0.425036920313005
frankfurt_000001_062509,joint_noise_gta_semantic_cityscapes_dropout_pu_1_00,1_00,0.1630001890384416,0.4852566204118107,0.6285242010824719,0.7384342696681095,0.0,0.0,0.22875448423523342,0.26422359858010847,0.30187377192486975,0.4606393945341697,0.25735391327084267,0.7662464430702487,0.6330529511778042,0.42205370051225055,0.30870547388772235,0.2846867134617508,0.4371550811746758,0.1461614657442394,0.1468434592967444
lindau_000006_000019,joint_noise_gta_semantic_cityscapes_dropout_pu_1_00,1_00,0.18878385875547443,0.4186664685649809,0.5892387732626444,0.7482742851328189,0.0,0.0,0.2531237546131458,0.2713716558811682,0.30981355771714825,0.43534808045717394,0.2637953021088511,0.6899185777536817,0.5792342463031188,0.43471218227183145,0.32024585795990457,0.30263685910190086,0.3417119995945,0.18168106295354391,0.1324730443973238
munster_000081_000019,joint_noise_gta_semantic_cityscapes_dropout_pu_1_00,1_00,0.19961464191549028,0.41395129705443023,0.5899207729523106,0.7552784693655853,0.0,0.0,0.2692527881554722,0.2916829565769622,0.3308405598168478,0.4473758463284803,0.26848688463936926,0.7557229906621076,0.6147757774468618,0.4429333587918321,0.3604821027997832,0.3261457523444273,0.3934928473915207,0.15529324204238826,0.1090008825498894
lindau_000022_000019,joint_noise_gta_semantic_cityscapes_dropout_pu_1_00,1_00,0.1745923675176049,0.40783012253355844,0.5763292639419979,0.7275640627021613,0.0,0.0,0.24396163669809243,0.32119921853044753,0.38393820791580124,0.48251430023352265,0.20884830300678173,0.6943212278364419,0.5619337746295228,0.4515309917948702,0.42564071691458266,0.4134433338058466,0.3191806879772437,0.1605417201600368,0.3274445814147764
lindau_000044_000019,joint_noise_gta_semantic_cityscapes_dropout_pu_1_00,1_00,0.14950917271913963,0.410645663665242,0.5810238577635148,0.7180777381215969,0.0,0.0,0.20917609024341965,0.24345354243715164,0.2654341668092298,0.3390012138655549,0.14965084184478722,0.6345877081175924,0.4495507763889423,0.3253899754189634,0.26608520595860685,0.25118279251732956,0.34465166091336863,0.05617969858045796,0.0314900056828046
frankfurt_000001_041517,joint_noise_gta_semantic_cityscapes_dropout_pu_1_00,1_00,0.2540259373315822,0.4789837763840537,0.6286562695237281,0.7678800398345583,0.9057908098518157,0.0,0.31196471835278056,0.3508836610243827,0.4299668998652615,0.6106608481889949,0.32896230318841263,0.8861215202170348,0.7280935352089659,0.5078991904942736,0.36070448022277163,0.3477682938364336,0.2746707612299866,0.22842879452835715,0.3998908464616453
frankfurt_000001_023769,joint_noise_gta_semantic_cityscapes_dropout_pu_1_00,1_00,0.322002237968026,0.47374556069189644,0.5871380529022064,0.7350954281729369,0.0,0.0,0.4152089464926028,0.47839522963579756,0.5409712046259397,0.6311693754105171,0.3835004361885286,0.7279949185751508,0.6842997670714732,0.6067782942881156,0.5444400130165286,0.5167514162351122,0.3733045615742202,0.296638335906492,0.6351463964384823
munster_000094_000019,joint_noise_gta_semantic_cityscapes_dropout_pu_1_00,1_00,0.2723438536315202,0.4423100450558858,0.6319613866525134,0.7605714721641363,0.9085280326047189,0.0,0.32074198600464776,0.358924513290543,0.4285277312598647,0.5812938650855993,0.33507257899627985,0.8147672841768846,0.7734143941015745,0.5846510513828181,0.39908409090971403,0.36478319998315434,0.41309798838233464,0.2597357881933473,0.3165780441749511
frankfurt_000001_012038,joint_noise_gta_semantic_cityscapes_dropout_pu_1_00,1_00,0.25590662660661145,0.4592848531984647,0.629511399065545,0.7671747021229329,0.9030437987138236,0.0,0.3266192389672405,0.3730192424488011,0.4574912131325611,0.6101739822215507,0.33958364334164703,0.8254665346749813,0.7352017064480469,0.5668972506573734,0.42708587260371883,0.38153774454227596,0.44797571637862865,0.23702793996731647,0.605086189363814
frankfurt_000000_015676,joint_noise_gta_semantic_cityscapes_dropout_pu_1_00,1_00,0.24377311371258517,0.46448830331875796,0.6369997920295495,0.796149954937205,0.0,0.0,0.3029782701907311,0.3402471462877015,0.4139906471387828,0.590992013730143,0.3177416024682564,0.8585577294773589,0.6748252436480882,0.5065972264483929,0.3492258458485709,0.3136893393096187,0.29895420635374276,0.21592069105275297,0.341065464802206
frankfurt_000001_049770,joint_noise_gta_semantic_cityscapes_dropout_pu_1_00,1_00,0.37453117000962005,0.4491426337867318,0.5965236052306954,0.7425761938297738,0.0,0.0,0.43623690437037604,0.48445593915356183,0.5433984219836976,0.6465522094914293,0.38565625387601093,0.7627632985300284,0.704019056991733,0.58442033917717,0.47619669477233517,0.46399185143065563,0.41267017165037717,0.3708285472760149,0.9999999999983394
munster_000027_000019,joint_noise_gta_semantic_cityscapes_dropout_pu_1_00,1_00,0.22334972923680543,0.44389133606649567,0.6261418216800452,0.7501622830008119,0.0,0.0,0.279408388830854,0.307600106432808,0.3654384207499523,0.5219735295438924,0.28433652375177804,0.789636443681393,0.7438844089879051,0.5601259063148841,0.3632207781158936,0.33504305252649796,0.3823179771163188,0.2069170019697298,0.2485101980521581
frankfurt_000001_075984,joint_noise_gta_semantic_cityscapes_dropout_pu_1_00,1_00,0.20690872432844207,0.44261584034026735,0.6118851226956502,0.7505833907354613,0.0,0.0,0.2800075082645182,0.30761687431322055,0.3578715017972928,0.5051671668963011,0.27084806860006566,0.7954219228571021,0.6468334630793762,0.5181348979958372,0.3619347550654222,0.330116708573567,0.3753562604959893,0.18044090781424496,0.1880947967052476
frankfurt_000001_062793,joint_noise_gta_semantic_cityscapes_dropout_pu_1_00,1_00,0.2097294844318296,0.42782077618743464,0.6062413772734984,0.7596977349468245,0.0,0.0,0.2726273277547282,0.2978989528816541,0.3506405611434354,0.4906263227339946,0.2805264292774665,0.7649197959362074,0.6656735010103061,0.46320463286910807,0.35529686850106557,0.2978900057290787,0.37121550269123593,0.19383401527317531,0.1978615445457156
frankfurt_000001_042733,joint_noise_gta_semantic_cityscapes_dropout_pu_1_00,1_00,0.30777428973268744,0.4862748943444546,0.6231958200374734,0.7711141373150343,0.9268865713336446,0.9562107698492889,0.38993707333322575,0.4544861899466136,0.5442303044131216,0.6796578223693035,0.37653632414725724,0.9084942311896984,0.8273118715662585,0.6174173592864829,0.5464445962509573,0.5036381582609474,0.3891720099392414,0.2770009560462348,0.7090202017759027
frankfurt_000001_069633,joint_noise_gta_semantic_cityscapes_dropout_pu_1_00,1_00,0.16185600526406496,0.4374627837003021,0.6163797644400963,0.7630697835035051,0.0,0.0,0.2278818613862688,0.2691786564870234,0.3093776710615725,0.44845481566194384,0.245447602551183,0.8049362954742338,0.6831266699108938,0.4360541899635131,0.2999001851510769,0.2738014279488866,0.2408417203153826,0.13870229116428354,0.1816891621265942
munster_000102_000019,joint_noise_gta_semantic_cityscapes_dropout_pu_1_00,1_00,0.2618341106339008,0.403753549501902,0.5911417494477222,0.7517083686077642,0.0,0.0,0.3417221448528966,0.381786744288028,0.4331530919397243,0.5190968207669011,0.3435718889710306,0.7791733214801237,0.6585760912000557,0.46957495976818686,0.41045244644806467,0.4049805525096553,0.34903502280058857,0.25346866191178963,0.4765032737926851
munster_000140_000019,joint_noise_gta_semantic_cityscapes_dropout_pu_1_00,1_00,0.17876364510395867,0.4362716922744543,0.61256521452464,0.7754324091035644,0.0,0.0,0.25124869815975925,0.31560033576006263,0.37035509268264827,0.5088890883201637,0.2725186357403948,0.8429483468920451,0.7528542195939738,0.5467091146546016,0.36756338741559025,0.33566188413434384,0.28621376168085716,0.1743143918975229,0.3072096075867376
frankfurt_000001_046126,joint_noise_gta_semantic_cityscapes_dropout_pu_1_00,1_00,0.27123579884434185,0.4598108330145139,0.5984621843635451,0.7491399515304547,0.0,0.0,0.3268973939662484,0.3709055671691364,0.4532157730554612,0.5884290222244886,0.35358082877792524,0.7873780668206268,0.7619954349131761,0.6503192110352992,0.49317133460489115,0.45582332010185883,0.41267574737457147,0.2582581692870701,0.4699785652738136
frankfurt_000001_004859,joint_noise_gta_semantic_cityscapes_dropout_pu_1_00,1_00,0.22389611911870141,0.4447082860231433,0.6142696581824747,0.7517984436369537,0.0,0.0,0.28355434388628875,0.31364888999538615,0.37688426513174383,0.5312057660270892,0.2964038345697243,0.7838056432368521,0.6739712531534979,0.47149956200980936,0.34442251355475184,0.3273230235375093,0.4030933825951671,0.205871287075283,0.2935559118315772
frankfurt_000001_058504,joint_noise_gta_semantic_cityscapes_dropout_pu_1_00,1_00,0.2235196697501902,0.452461951320579,0.6196938288769561,0.7486823237305874,0.0,0.0,0.2818404511794349,0.31231587529171395,0.37522571436008784,0.5369273057096274,0.29977222884546384,0.786252539006202,0.7334081674226188,0.559748196597078,0.3769652462043296,0.3339571271438633,0.47386755421149934,0.1988622558564178,0.2687004902816221
munster_000023_000019,joint_noise_gta_semantic_cityscapes_dropout_pu_1_00,1_00,0.1962569095062903,0.4379748299158247,0.604385975678861,0.7951934103307235,0.913718876043049,0.0,0.2757299022088698,0.31640216314465064,0.38006733391801323,0.5139581535330751,0.2989564244056315,0.8546441007766172,0.7909428059804162,0.5963073305539246,0.4467767655843797,0.3939871778459942,0.39162109675026946,0.18368005316198774,0.374213387058505
frankfurt_000001_055387,joint_noise_gta_semantic_cityscapes_dropout_pu_1_00,1_00,0.23421270764910032,0.4967193877049534,0.6218078764103656,0.740514033042798,0.9035360444687054,0.0,0.3096906865995625,0.3512225164563616,0.4370630312315846,0.6250288401806733,0.3183984401165498,0.8061092912636212,0.7507687145622512,0.6631062958519255,0.5860314097610264,0.5099384230774853,0.4481507961691164,0.2109373085703948,0.3591691523144814
munster_000172_000019,joint_noise_gta_semantic_cityscapes_dropout_pu_1_00,1_00,0.23046206290279272,0.4245701401351413,0.5848815426058017,0.7585136691857023,0.0,0.0,0.28460322489352363,0.31424462337228587,0.3728977496491961,0.4984528678400559,0.2909950163755412,0.765163912395495,0.6728244662246852,0.5596342408069236,0.43897470589425525,0.39382380092679126,0.2817556063393428,0.2177375792825206,0.2052381978814357
lindau_000009_000019,joint_noise_gta_semantic_cityscapes_dropout_pu_1_00,1_00,0.28382509893217955,0.428519733794151,0.5900493375335902,0.7487463123186971,0.0,0.0,0.3603327616298487,0.4104368640229348,0.4697985621538273,0.5592637771022715,0.3478576786464337,0.7293249371218606,0.658487822351844,0.5371933182223443,0.44381720743371583,0.430532315849844,0.2933231081254703,0.27383945415029126,0.4360718438507632
munster_000126_000019,joint_noise_gta_semantic_cityscapes_dropout_pu_1_00,1_00,0.1697982867358358,0.42574490702514467,0.6037934811101833,0.7439267090645442,0.0,0.0,0.23971038598900277,0.26645827939608185,0.3050599241845788,0.4369573155384376,0.2587510442923408,0.6873362969595176,0.5553370952772813,0.4098116518760644,0.2983277514196851,0.2756551226152733,0.32472577794358143,0.1645549979204778,0.1611286607876784
frankfurt_000001_059119,joint_noise_gta_semantic_cityscapes_dropout_pu_1_00,1_00,0.24872222797120241,0.4472930746860019,0.6183313605729721,0.7519098074717361,0.0,0.0,0.3504023496463164,0.41515825916282273,0.4868981025152289,0.6046097169482421,0.3068058961576218,0.8518526776159335,0.7576956078529345,0.5349645732874754,0.4700748452191255,0.42876152782829524,0.34214858228223344,0.22547120539519394,0.6464923563682596
frankfurt_000001_029086,joint_noise_gta_semantic_cityscapes_dropout_pu_1_00,1_00,0.24263309969546654,0.45818856586102574,0.628483050847298,0.7681634022932775,0.0,0.0,0.2942701515379052,0.32826147005689965,0.3987574083785229,0.5677142427358709,0.310036090663805,0.8334877750892258,0.7808453684916876,0.5365706625961024,0.37477796388630247,0.3412967346677314,0.32554188214168434,0.22670284685332545,0.290689424275488
frankfurt_000000_005898,joint_noise_gta_semantic_cityscapes_dropout_pu_1_00,1_00,0.2794484111719078,0.43255555816070934,0.6376835723774962,0.7699573698944158,0.9084364372208771,0.0,0.3170375025680482,0.35571160894199777,0.424032021696134,0.57797972905865,0.33215668539249965,0.8502807028197226,0.7175709753080592,0.565867323801021,0.4123434622565052,0.3706884288683767,0.4110050327370494,0.26426342566796046,0.3930025417769492
munster_000164_000019,joint_noise_gta_semantic_cityscapes_dropout_pu_1_00,1_00,0.2514975310157116,0.41384653823606293,0.5738830331252692,0.7587054662962633,0.0,0.0,0.2972145747304073,0.32613334455554255,0.3803869283242825,0.49787330920825384,0.30254978287106066,0.7511223998702065,0.6172224768036662,0.46014571551434647,0.3642527755492471,0.33717327069039366,0.4123359456366369,0.24375195706530786,0.2737935569854444
frankfurt_000001_059789,joint_noise_gta_semantic_cityscapes_dropout_pu_1_00,1_00,0.2015268925810396,0.42672046789569557,0.596674270837385,0.740217784282133,0.0,0.0,0.2772103370998049,0.3069106399910824,0.3639279367645035,0.4997882953475825,0.2883497565772665,0.7148161497265094,0.6165215091710943,0.5042441850060857,0.3911100552011646,0.3488336028336719,0.3256479954639461,0.17866189623895534,0.2642647756736863
munster_000091_000019,joint_noise_gta_semantic_cityscapes_dropout_pu_1_00,1_00,0.2395548972801643,0.42030930365799396,0.6014677139844354,0.7518788242557515,0.0,0.0,0.29842082016328675,0.32793140231595164,0.3830242560822087,0.5144339327654928,0.24819485556873688,0.7668662574839918,0.6120191149930561,0.49682655731789926,0.3608308240655682,0.32784059505317564,0.34839032139572995,0.23188560785477041,0.3088890182424169
frankfurt_000001_063045,joint_noise_gta_semantic_cityscapes_dropout_pu_1_00,1_00,0.21127896627893986,0.4374239963013871,0.6056969269811989,0.7567653843338001,0.0,0.0,0.2834460647448481,0.31429221353727477,0.3751330686710394,0.5203293248986364,0.2932852826751487,0.8024678017331398,0.665007484214207,0.5001427367091165,0.38454696977332986,0.35633217201426937,0.37598309729512125,0.20078668597447694,0.3354675555162347
frankfurt_000001_055538,joint_noise_gta_semantic_cityscapes_dropout_pu_1_00,1_00,0.2598798346168619,0.47623047518598244,0.6214317944038433,0.7913992106514104,0.9139102632825608,0.0,0.34800599722234016,0.40141434743051274,0.4935663709290698,0.6398625772898267,0.352140931151914,0.8991118673083924,0.7439837840770402,0.5506861991016835,0.4614122341377181,0.42703026667761285,0.4308143296493999,0.2243853869652664,0.6012662399166011
munster_000101_000019,joint_noise_gta_semantic_cityscapes_dropout_pu_1_00,1_00,0.2718005387269217,0.4483273839178768,0.5960613215583261,0.7578520593480297,0.0,0.0,0.30599597710614407,0.3411055079788934,0.41095484760577133,0.5510198523312988,0.31701036644522085,0.8276654992023513,0.7354891541687052,0.5923317329741934,0.39529468392486256,0.3689458206735369,0.4553959038376771,0.2611553317351155,0.3118271745626783
frankfurt_000001_028335,joint_noise_gta_semantic_cityscapes_dropout_pu_1_00,1_00,0.23035599332657059,0.4611119855174167,0.6386916917233598,0.7663577476475073,0.9031572044136579,0.0,0.3083391690932326,0.34812224034056877,0.42743295409230064,0.6023982946836058,0.30360286464552894,0.8669549889329804,0.8052840437687421,0.5758733924148359,0.42770054544053726,0.39106494364249916,0.45838782491439023,0.19802571819461506,0.4527550748514887
lindau_000053_000019,joint_noise_gta_semantic_cityscapes_dropout_pu_1_00,1_00,0.2731446513874868,0.41883357898131984,0.5865534884678237,0.7640307397952729,0.0,0.0,0.305795249131338,0.34089518715757783,0.4042722196037266,0.5286718762460366,0.2900247109420071,0.8102071147023591,0.6134752817359712,0.4871732971343421,0.40664827961251576,0.40656197665936056,0.4598512616038451,0.28266942370622605,0.3488758106548725
frankfurt_000001_037705,joint_noise_gta_semantic_cityscapes_dropout_pu_1_00,1_00,0.2837240520244051,0.4850689188892366,0.6571366749275093,0.781311373294293,0.9087638887953222,0.0,0.3695092565911961,0.4279122878202661,0.52194030537762,0.6976052497439857,0.3666890247992829,0.9031449508465191,0.8936843812943092,0.8082390347749621,0.5805996068498088,0.50135171252593,0.3676729583524848,0.23528393389388536,0.740923447580448
munster_000097_000019,joint_noise_gta_semantic_cityscapes_dropout_pu_1_00,1_00,0.2081651164464259,0.4418969473203709,0.5970043754499866,0.7413876606976624,0.0,0.0,0.28507024724857494,0.3172016645296837,0.37940777143824295,0.5247302449281713,0.2888869444761724,0.7577239484624653,0.6370125726729153,0.5312701964966279,0.3877162948261571,0.3455719000218902,0.33629697747425147,0.18901982020341404,0.3251724673437247
munster_000088_000019,joint_noise_gta_semantic_cityscapes_dropout_pu_1_00,1_00,0.1701311049319896,0.4360824487984044,0.6031945478824623,0.7428518046303962,0.0,0.0,0.2391653116061147,0.2717958981427242,0.308201356623964,0.43142794253435524,0.25355543353502746,0.7462561527880127,0.67624415291448,0.4736295676467971,0.3397105738771367,0.30656853867992206,0.3509006992159823,0.1455845934174177,0.1068400825584475
munster_000053_000019,joint_noise_gta_semantic_cityscapes_dropout_pu_1_00,1_00,0.16902820459826115,0.4537321103209394,0.6108911981752505,0.7473157264576689,0.0,0.0,0.23815269714565301,0.27797239029649806,0.3255021175872722,0.48600292539054135,0.25032467148461857,0.7693347643536401,0.6986911709401599,0.5162509773510344,0.402438494792346,0.3568431796304815,0.3537745189961507,0.15475574066521183,0.2158978497951258
frankfurt_000001_016029,joint_noise_gta_semantic_cityscapes_dropout_pu_1_00,1_00,0.22565577024810948,0.44943163063811786,0.6176218353409529,0.742202937090203,0.9001972656344421,0.0,0.29216850145845996,0.3272401339384387,0.39675435058756964,0.5548526399498064,0.3055076870013767,0.7466621822034385,0.6890943851381165,0.5891316033511201,0.4352652970728127,0.3851808086515086,0.3973119521265149,0.21481514590420256,0.4317123591051587
munster_000077_000019,joint_noise_gta_semantic_cityscapes_dropout_pu_1_00,1_00,0.2342434972892679,0.43055814244406554,0.5610274934356958,0.7860920632590147,0.0,0.0,0.32736503444250437,0.384337251008337,0.45543405270782755,0.5387139379955249,0.35151620828047686,0.8353171153063248,0.728140642805121,0.5267729241250255,0.4565299882713998,0.4248119343747306,0.43518631567718463,0.22882637065429098,0.5000920963215814
munster_000089_000019,joint_noise_gta_semantic_cityscapes_dropout_pu_1_00,1_00,0.21931670022189503,0.4428319860986663,0.5955518674752106,0.7396560654287002,0.0,0.0,0.2692398080067051,0.29465479813992557,0.3456971859008936,0.49556389013438773,0.2849898748594163,0.7357107160535381,0.6687122679101778,0.48012670952536823,0.3491554587089711,0.3209116470377473,0.37624366524670766,0.21255612817647865,0.1806233736362101
frankfurt_000000_004617,joint_noise_gta_semantic_cityscapes_dropout_pu_1_00,1_00,0.25521633410861605,0.4458033445587434,0.5977730123238884,0.7388412887642617,0.0,0.0,0.30700339403533367,0.34531503161913824,0.4199079977965648,0.5617173818404959,0.3196293477268129,0.7879049021891952,0.6629389256137692,0.49700797004790054,0.40253447240365126,0.37370594444331273,0.3819163781901893,0.240215615971656,0.3436720554095924
munster_000146_000019,joint_noise_gta_semantic_cityscapes_dropout_pu_1_00,1_00,0.18865286895945393,0.46580206669487806,0.6345544638313718,0.7592017995838896,0.0,0.0,0.25621129986530783,0.29412249924594414,0.3459019722000236,0.5126283556201306,0.28717686022993316,0.7977980140840935,0.6994242953715856,0.4982305856701658,0.36087814239662713,0.3218720925703803,0.4086999173614857,0.17593084910159026,0.179316991224655
lindau_000005_000019,joint_noise_gta_semantic_cityscapes_dropout_pu_1_00,1_00,0.18225126459460492,0.43622519957995975,0.5988835977101804,0.7432920840991305,0.0,0.0,0.24571815988079124,0.2611154070722787,0.29395824162822504,0.42096745450480716,0.25504474432507196,0.6941113457696797,0.5952439402559373,0.4220159082815899,0.30866963035390116,0.28641150653772307,0.34139392455271406,0.16839403545521012,0.0920388156104318
frankfurt_000001_005703,joint_noise_gta_semantic_cityscapes_dropout_pu_1_00,1_00,0.2683896496506047,0.46675756388378636,0.6461758079576806,0.803730868376537,0.9133639648407345,0.0,0.31322411624449165,0.3541847749406272,0.4342862535257984,0.6107667689347912,0.3235555448313413,0.8738147274193184,0.7493519985145816,0.5460645407418764,0.42274833430397984,0.3807090820617607,0.46778220339699744,0.24904019394294966,0.405134734475539
frankfurt_000001_070099,joint_noise_gta_semantic_cityscapes_dropout_pu_1_00,1_00,0.2502230715686542,0.46177349448624005,0.6265309031243719,0.7459734938383595,0.0,0.0,0.30283024316469875,0.3372476608034714,0.4080774508779797,0.5824882901544295,0.29373725770339204,0.7773142237074155,0.718155034151857,0.49489235267311826,0.35073066206890763,0.3354241057320694,0.36281825600389095,0.21427606360797985,0.3016813607611922
lindau_000057_000019,joint_noise_gta_semantic_cityscapes_dropout_pu_1_00,1_00,0.2040412778064857,0.42045740530095493,0.5946102020469421,0.7465024154388573,0.0,0.0,0.27377689201373584,0.29994764919117595,0.35311719715165113,0.48253902646928065,0.287648774849862,0.7852613718142771,0.6177797431757766,0.494449095859624,0.3751212247824419,0.34615409913744,0.4158576766367543,0.18867990752284888,0.2031525054204621
frankfurt_000001_014741,joint_noise_gta_semantic_cityscapes_dropout_pu_1_00,1_00,0.2223398779191047,0.4725463484978889,0.6313483380691433,0.7593081592922408,0.0,0.0,0.2937597726620845,0.32909507900209595,0.40534478798226653,0.5849804465767595,0.3034106074448375,0.815855533649763,0.718911487179771,0.5339712958783018,0.37838346418641705,0.3377106226321719,0.3705392410514524,0.20597154160632183,0.4308382014720508
frankfurt_000001_046504,joint_noise_gta_semantic_cityscapes_dropout_pu_1_00,1_00,0.2882532083947568,0.45679854936126313,0.603690055983999,0.7413269896647532,0.0,0.0,0.341111538739687,0.3882426544871184,0.4694081897662938,0.6115193509836282,0.3585178584162311,0.7852213762371534,0.7266660862870712,0.6900666466965092,0.5381321062641087,0.44968287592161305,0.4121711979846263,0.2732892971865165,0.4426865302965153
frankfurt_000001_068682,joint_noise_gta_semantic_cityscapes_dropout_pu_1_00,1_00,0.2530461760744875,0.4398142547248444,0.6232511004688399,0.7598352047770051,0.0,0.0,0.2908225595858407,0.3215769950230721,0.38251791493021753,0.5308803445791248,0.311279109499889,0.8279469266370199,0.7754518686466837,0.6084477661806992,0.40820909658442667,0.36445991197012384,0.40617109055349415,0.24197456981530643,0.2483586107868336
frankfurt_000001_058176,joint_noise_gta_semantic_cityscapes_dropout_pu_1_00,1_00,0.25286109594197226,0.4900782315378359,0.6454513977042438,0.7799822606565427,0.904063312204319,0.0,0.30483174557345705,0.3445430034147089,0.4294222333315395,0.620600731744806,0.32405094102647064,0.8787128573824642,0.7264405272264205,0.5728536200827277,0.46476629346742093,0.38592819050339183,0.3590002002331775,0.2236050625523221,0.3847659277483466
frankfurt_000001_059642,joint_noise_gta_semantic_cityscapes_dropout_pu_1_00,1_00,0.18765151856593595,0.4786378026545277,0.7108986228197637,0.8279671923073101,0.9185939656395927,0.0,0.2635691019770222,0.30714920482072583,0.36936672467760473,0.5573604375547245,0.27625710494673594,0.9099184107265448,0.759899551993951,0.5501689091296309,0.4128151677644538,0.3558666169332048,0.3273099513670277,0.15262275118176902,0.2741287943058875
frankfurt_000001_047552,joint_noise_gta_semantic_cityscapes_dropout_pu_1_00,1_00,0.24402721924246595,0.4228931096083335,0.5822561946210885,0.7478771186393136,0.0,0.0,0.2927799154855315,0.32245414189382804,0.38076768814598216,0.51114495771138,0.2950215210911195,0.7059029546029565,0.6333411283303007,0.4625047978673675,0.33335247695433823,0.31833504922807115,0.3404527946141615,0.22305955766704827,0.2517938223469554
frankfurt_000001_057954,joint_noise_gta_semantic_cityscapes_dropout_pu_1_00,1_00,0.29634452342826206,0.45589339778665705,0.6030410623188875,0.7602313643589436,0.912586712414399,0.0,0.4108948498717028,0.47064961237719777,0.5231019963705594,0.6313420497933746,0.3458431118220863,0.8671576172861037,0.7466849028541014,0.6470057822666273,0.49533749792067844,0.47992680087015877,0.35193914776066054,0.28719027880295694,0.6751111478737292
munster_000132_000019,joint_noise_gta_semantic_cityscapes_dropout_pu_1_00,1_00,0.19843345114807717,0.40182501884970395,0.5826983631834697,0.7333161013158148,0.0,0.0,0.2580414524537004,0.2781164956659338,0.31755483811556096,0.4272074128064218,0.26309448107108757,0.6877807930381782,0.5615617815061195,0.4182802015777936,0.32575501543048885,0.3106588116209882,0.28362150126420127,0.18220792546273326,0.0990599697292125
munster_000142_000019,joint_noise_gta_semantic_cityscapes_dropout_pu_1_00,1_00,0.28808530923864545,0.5185522682829373,0.6329796747544404,0.7664268888093076,0.9018935123220527,0.0,0.3662061883539499,0.43091900607995975,0.5457239911423186,0.6971640602626415,0.39419074180770486,0.8460110322355816,0.8197858112324908,0.7012685488758308,0.5531027999590197,0.529265371919112,0.5851673800281355,0.2894117892009599,0.6882507509035607
frankfurt_000001_007285,joint_noise_gta_semantic_cityscapes_dropout_pu_1_00,1_00,0.24136138695643672,0.4791339987755426,0.6129257450112194,0.7486643971505678,0.0,0.0,0.3218566746075,0.36822929740322496,0.4592496369757383,0.6231875846805222,0.32672981428744474,0.7928556011331865,0.76369485964861,0.7370054249088177,0.5343721566230426,0.48653688217385355,0.37387473667295895,0.22818872795029152,0.510914825656776
frankfurt_000000_013382,joint_noise_gta_semantic_cityscapes_dropout_pu_1_00,1_00,0.19007515829327093,0.44875360189699703,0.6281384107934697,0.781604652099956,0.9182410393594371,0.0,0.2590875440989105,0.28189470235051284,0.3284688672417699,0.47949653354866495,0.2642400123838496,0.8242682262832695,0.7163601845216374,0.5724410730904413,0.3363980106700194,0.3041059351744164,0.4139573694099916,0.1597048396196188,0.1217015654099471
munster_000002_000019,joint_noise_gta_semantic_cityscapes_dropout_pu_1_00,1_00,0.296826601621891,0.42224690711998336,0.638075402663143,0.7932732492207843,0.0,0.0,0.36820386141154443,0.4149552350961717,0.4726725236765322,0.5861197166068078,0.34690621075303024,0.888665951765104,0.8552521497553623,0.773841111867503,0.5367950649901185,0.4410356530945235,0.46263519760066385,0.2868390871995559,0.4171798140647444
munster_000003_000019,joint_noise_gta_semantic_cityscapes_dropout_pu_1_00,1_00,0.21992597413780796,0.40921722949421946,0.5893296597356716,0.7576205846687347,0.0,0.0,0.2704199045823597,0.29380416165195333,0.338362125321232,0.4548567145400387,0.2883137291631486,0.7015555888611117,0.5735352464130472,0.44980155962319407,0.3588945872121072,0.31620533799753137,0.3857739781400689,0.21551058328644723,0.1608808301621841
frankfurt_000000_019607,joint_noise_gta_semantic_cityscapes_dropout_pu_1_00,1_00,0.22408029897174123,0.4659150730361878,0.6283957236962905,0.771814524293521,0.9120102447528272,0.0,0.2942882092871117,0.3282827927508276,0.39852223157022004,0.5723914163923365,0.3152743904549348,0.8767613818523547,0.818451488770677,0.6634608442685312,0.48507695061287054,0.42080770183338273,0.36172561356194055,0.20163668507206267,0.3992382663764834
munster_000067_000019,joint_noise_gta_semantic_cityscapes_dropout_pu_1_00,1_00,0.22295102786850624,0.4497760970234139,0.6511672698653111,0.7880652854477034,0.0,0.0,0.27410570221409625,0.3013523338071217,0.35362607659445955,0.509541574189665,0.2691692146416351,0.8682046014631349,0.8215896114419546,0.5706875223745447,0.41088881428215496,0.3803021102942013,0.43622639114932715,0.20868025373915294,0.1821369911935573
frankfurt_000001_054077,joint_noise_gta_semantic_cityscapes_dropout_pu_1_00,1_00,0.24977327818144218,0.45561091575436036,0.5856429418393904,0.7349643828710588,0.0,0.0,0.3462098435251695,0.41596392037099406,0.4934981719336304,0.5999502960321287,0.32286333006520773,0.7724196774644116,0.6741638018717334,0.5877050344408886,0.483425441640489,0.448296245257986,0.42600059226934806,0.22678037245651214,0.5511706092790881
munster_000044_000019,joint_noise_gta_semantic_cityscapes_dropout_pu_1_00,1_00,0.24652230851795445,0.4267072298056253,0.6125420590658988,0.7655336813891013,0.0,0.0,0.3378280740046124,0.38238846180482233,0.4488055194847155,0.5479164146113807,0.2906984138141329,0.8405502679628063,0.7446811835561842,0.6090120836295617,0.44388002216961503,0.41623966888419445,0.3710624111857314,0.23453385208862212,0.3716841661192848
frankfurt_000001_020287,joint_noise_gta_semantic_cityscapes_dropout_pu_1_00,1_00,0.22857923773880756,0.44020294315709807,0.6106540262558289,0.7916105248106337,0.0,0.0,0.2824686007653608,0.31184478620829387,0.371062725871468,0.5150744284162353,0.291912417518832,0.8664769362702824,0.746743463847658,0.4885038911793119,0.40713975832837884,0.3922604437858708,0.3511592319994987,0.2182005491464823,0.1932331679979655
munster_000169_000019,joint_noise_gta_semantic_cityscapes_dropout_pu_1_00,1_00,0.2049238327877794,0.452708028066614,0.6292472000183825,0.7637219993420621,0.0,0.0,0.2694619872549822,0.29477759572195533,0.3475869143896655,0.5082451564265951,0.28890200190373766,0.7967122436573127,0.6667470670395081,0.4678460702966467,0.36131146801214487,0.3326963127660318,0.47020127229379993,0.19528624746174844,0.2289396143051282
frankfurt_000001_077233,joint_noise_gta_semantic_cityscapes_dropout_pu_1_00,1_00,0.21562698318131845,0.47002953486266613,0.6448703346734145,0.7914961658097305,0.9190566057399149,0.0,0.27662897376026013,0.3047162266851115,0.3636863709774291,0.5412429808620025,0.28521044100047216,0.9128411434337778,0.7019634530388474,0.4668301289723841,0.35460225900654807,0.3369430421334073,0.26737672727614475,0.18559397025673016,0.2482836402088083
frankfurt_000001_034047,joint_noise_gta_semantic_cityscapes_dropout_pu_1_00,1_00,0.2872256901916935,0.4596361211617865,0.611525311691705,0.7893260044513642,0.923972030775316,0.0,0.38221298467364534,0.4431871927016685,0.5145164334608249,0.6306808896616087,0.3792070333286722,0.9292219298443068,0.8722602092862666,0.6551540548038637,0.5142188918018793,0.48486638626999956,0.3968971574881447,0.2626651938345093,0.5385020936307394
frankfurt_000001_082087,joint_noise_gta_semantic_cityscapes_dropout_pu_1_00,1_00,0.2625326931204341,0.46892255526283483,0.6033734517558881,0.7512473439883723,0.0,0.0,0.36712322835149275,0.43616458192148505,0.5181829725800026,0.6396759393941563,0.30909577265888943,0.8367240716807225,0.7506617588584826,0.6680369403787438,0.5069197713427456,0.463754433809485,0.2996790212507809,0.24165159591092286,0.6200427778616011
frankfurt_000001_055709,joint_noise_gta_semantic_cityscapes_dropout_pu_1_00,1_00,0.28200201456372315,0.5211644424115823,0.6406389844955521,0.7571371192947277,0.919832672423395,0.0,0.35341830825756587,0.4099301183937161,0.5214894937120216,0.692472936599103,0.37112424296465196,0.9073639459624038,0.8555631175618467,0.705715434718723,0.5654486368219451,0.4871324913607504,0.4376929222343439,0.2692314110306468,0.6076245421511818
munster_000039_000019,joint_noise_gta_semantic_cityscapes_dropout_pu_1_00,1_00,0.26632972940801075,0.46249861849281065,0.634671131621325,0.7624898452685678,0.0,0.0,0.2995120571861907,0.33220566633952786,0.4004810486569234,0.5752149003754373,0.3126178388339647,0.8341639736416085,0.756731054865689,0.6608446474492766,0.45058575527185435,0.3905091959013379,0.43873944655177705,0.2639445774089265,0.2420035271945349
lindau_000007_000019,joint_noise_gta_semantic_cityscapes_dropout_pu_1_00,1_00,0.214358917409039,0.4304314971666647,0.5861931807507977,0.7440225276949813,0.0,0.0,0.2715434372540897,0.2955870352676923,0.34553173548064864,0.48584287546898763,0.28492294984227207,0.7292455618843456,0.6051908064525567,0.4419731459961128,0.3561470186319267,0.31754868074344333,0.37895394510849456,0.20565490386174012,0.2052519713351672
munster_000021_000019,joint_noise_gta_semantic_cityscapes_dropout_pu_1_00,1_00,0.2548239691240891,0.44163762587325206,0.6120753852379838,0.7489668544976247,0.0,0.0,0.2910838902675376,0.32345995897190455,0.3847766498832641,0.5380543594760281,0.30482964258420076,0.7789851724216617,0.61257253090094,0.49650723750338893,0.380056960328065,0.3474084158071368,0.4204293964369003,0.2453381892440365,0.2974303321458778
lindau_000000_000019,joint_noise_gta_semantic_cityscapes_dropout_pu_1_00,1_00,0.20074656606574495,0.4248902297390261,0.6158631963285882,0.7861317835907958,0.9137756446716429,0.0,0.2720967627315885,0.29708649882970617,0.3491250904914954,0.4867951254638792,0.275971095571438,0.8277138767985553,0.7534935704213811,0.4969063322407605,0.3581286128365826,0.32667299660181004,0.4542411641379037,0.1871069848857013,0.249224181505139
munster_000057_000019,joint_noise_gta_semantic_cityscapes_dropout_pu_1_00,1_00,0.20952161132463132,0.43507244470376566,0.5994492140934595,0.758796640081501,0.9023673405911732,0.0,0.293190575250539,0.32898600038042985,0.392295275814075,0.5253431693679235,0.30186008461009106,0.7709295869599367,0.6495973924691499,0.5118723499081144,0.3839736858883921,0.3521909770268483,0.338567649065604,0.20375468119439924,0.3833154349935238
munster_000008_000019,joint_noise_gta_semantic_cityscapes_dropout_pu_1_00,1_00,0.20919023348705107,0.43829905677255115,0.6041882408406319,0.7938513767252222,0.9109490389918565,0.0,0.2636957934697709,0.28464202037041647,0.3269287619367419,0.46721930422073576,0.2624159625866468,0.8921329065476263,0.7291397657601096,0.48543442961467925,0.3266869907832469,0.29323110282438863,0.44378600969589677,0.1915875395529859,0.1173243922485748
munster_000047_000019,joint_noise_gta_semantic_cityscapes_dropout_pu_1_00,1_00,0.2872877013089323,0.4387157258926371,0.5979250890042345,0.7428956702417752,0.0,0.0,0.34171891253466957,0.3873612265387376,0.4596031873293854,0.5747986944286042,0.33925736832585407,0.7484792382201059,0.6800231416358475,0.5292940824978589,0.45615557351001795,0.42685519049472387,0.38554602159800744,0.27615797090286553,0.5708221572249894
frankfurt_000001_005410,joint_noise_gta_semantic_cityscapes_dropout_pu_1_00,1_00,0.34771455073856633,0.47434217025260184,0.6272321002424627,0.7533662130191341,0.0,0.0,0.4234073627411579,0.4856465015977691,0.562663345345646,0.6931415778655352,0.3767518934188322,0.8429052289696769,0.7880042420187853,0.7633568004848398,0.6972456300034235,0.6485992010375821,0.41449862855344655,0.341166646196373,0.6599979803966208
frankfurt_000001_013016,joint_noise_gta_semantic_cityscapes_dropout_pu_1_00,1_00,0.2947432574015741,0.4622474277985999,0.6283295557354475,0.7830038183686857,0.9009683243662376,0.0,0.3907142231324022,0.4459810798147814,0.5278180871242618,0.6733671015118093,0.2996009012127149,0.8755557874882715,0.8559678208057673,0.7426300445541842,0.5210574125229133,0.45795144178884556,0.32479029238766727,0.2667727318162011,0.998092684650882
munster_000112_000019,joint_noise_gta_semantic_cityscapes_dropout_pu_1_00,1_00,0.22415708822703864,0.3968934307717271,0.6120450127290766,0.7555148343572046,0.0,0.0,0.3123459888997416,0.36060647292201525,0.41316124026408274,0.5040238654979002,0.3053872566168744,0.7530467829411696,0.6852676471156296,0.5391325897592814,0.42157890577861956,0.40251659239538146,0.3361044963648846,0.2118800468814501,0.2895829486216772
frankfurt_000001_010600,joint_noise_gta_semantic_cityscapes_dropout_pu_1_00,1_00,0.25796162783391297,0.4484981921071259,0.6139200974908096,0.769784464804342,0.913654358577653,0.0,0.3324500397218487,0.37663090575139907,0.4514137760898733,0.5906258215706667,0.260108112540928,0.8500411307156287,0.7458996005789641,0.6266000894143899,0.4607411305544285,0.42606382734972004,0.4717128260914256,0.23856202715681726,0.4187949004176209
munster_000070_000019,joint_noise_gta_semantic_cityscapes_dropout_pu_1_00,1_00,0.2522451599530745,0.449789608198336,0.6117314750647674,0.7629475465125317,0.0,0.0,0.3007620671144142,0.3368758047042009,0.4086248808661324,0.5660897849721701,0.3051522653502572,0.8090435170821318,0.6953406621179947,0.59019399726219,0.4565533455191993,0.41195009579197156,0.453084783638495,0.24018221102859055,0.3260829159008223
munster_000049_000019,joint_noise_gta_semantic_cityscapes_dropout_pu_1_00,1_00,0.27177954099997675,0.42046269829061506,0.6075101247616362,0.7631609746602167,0.0,0.0,0.3313011155851392,0.37194726322416793,0.4340608907454829,0.5491069092340061,0.3143156261604189,0.823221824263833,0.7612973239601807,0.5935662240299837,0.4299254927763204,0.40492796388474206,0.347493320724848,0.2639936096290434,0.2714659614164638
munster_000086_000019,joint_noise_gta_semantic_cityscapes_dropout_pu_1_00,1_00,0.18886070046394152,0.4361798460511597,0.6167633585817275,0.7593820364544286,0.0,0.0,0.2633690009883842,0.29838274771261947,0.35256742003591635,0.49612922146843563,0.2696061725312632,0.7867707766723031,0.6972932388993466,0.5425656796008549,0.3579412081933237,0.3160291403321496,0.4306215898758507,0.1577491036172186,0.2467914362716246
frankfurt_000001_032942,joint_noise_gta_semantic_cityscapes_dropout_pu_1_00,1_00,0.2186284758578354,0.4706227196131774,0.630235327221709,0.765794198206741,0.0,0.0,0.2857748734872021,0.3181371633426089,0.38814986456825196,0.5694756058374854,0.29719808247404667,0.8533432403732513,0.7920551561025337,0.5238318793209122,0.37520179138183557,0.31329107624017916,0.4563950024289454,0.18579938400714394,0.3152324081966503
frankfurt_000001_044227,joint_noise_gta_semantic_cityscapes_dropout_pu_1_00,1_00,0.28966614436137156,0.4531279987817646,0.6015496307242634,0.723552226402675,0.0,0.0,0.36134362463001174,0.41153994634209545,0.48911533392579076,0.6197925929487846,0.360943371968343,0.744734021484836,0.6996163826211474,0.6339930774822377,0.4944052079973816,0.4640575786618267,0.31848242777488195,0.26800213593991734,0.4180303276050706
frankfurt_000001_055306,joint_noise_gta_semantic_cityscapes_dropout_pu_1_00,1_00,0.2466219487126892,0.45174575042987175,0.592026657023435,0.7388813045857602,0.0,0.0,0.3392138952185866,0.3979798230877969,0.4756330841254281,0.597881069704689,0.2532882952329794,0.7949244166781811,0.6415473343630994,0.5737384845523386,0.4375616033195326,0.414187829505722,0.38152979898953215,0.22685853764710914,0.7808847729702011
munster_000110_000019,joint_noise_gta_semantic_cityscapes_dropout_pu_1_00,1_00,0.2262671945519025,0.43969794305230475,0.6180983942455851,0.7587606200099253,0.0,0.0,0.285087849180786,0.3157166328349272,0.37433183991909236,0.5240472538375579,0.28964273055209966,0.7903388051912984,0.709164492058608,0.6220175805564764,0.4307067750543376,0.3701055001659958,0.393268036954364,0.20535767788315124,0.2994434439096511
frankfurt_000001_051807,joint_noise_gta_semantic_cityscapes_dropout_pu_1_00,1_00,0.19135855622514708,0.4348180343539063,0.5913762263458413,0.7314747481525694,0.0,0.0,0.25550477149812867,0.2772149682834079,0.3241639362524206,0.4705932600022952,0.26496283437091517,0.7043338673384237,0.596419783956902,0.4907639953064913,0.35664800304677613,0.32027216653059004,0.3298034527065137,0.18290129627013352,0.1986839562694476
lindau_000008_000019,joint_noise_gta_semantic_cityscapes_dropout_pu_1_00,1_00,0.22623543278671995,0.41719531769606255,0.5785668727260318,0.7213613253669806,0.0,0.0,0.2767621685727263,0.30356107622694295,0.3558214842527091,0.481558466858677,0.2844140833310797,0.6751056516505382,0.5993040128658474,0.4841821436083516,0.34086258793826174,0.32278765096814666,0.36874985424569007,0.21689882643409603,0.2256646810314644
frankfurt_000001_060906,joint_noise_gta_semantic_cityscapes_dropout_pu_1_00,1_00,0.23524875300875342,0.49318036724532066,0.6327912421076286,0.7549702989423313,0.0,0.0,0.31661462234547094,0.3577154062757988,0.4441312384924974,0.6318092136480634,0.31623690133596427,0.8229149424384566,0.785167695455334,0.6792096377966328,0.4492107937865132,0.4000261548919032,0.3657309850662438,0.18902966335751542,0.425947107124782
munster_000167_000019,joint_noise_gta_semantic_cityscapes_dropout_pu_1_00,1_00,0.29541429286600124,0.4989820394715028,0.6570546784505491,0.7772138950388288,0.912618810246397,0.0,0.375657670297636,0.4364996091048445,0.5374307634602161,0.7159856520601386,0.3840282692726308,0.8624541470189022,0.7996775108164637,0.7369322373698004,0.6325696117812106,0.5682122188885916,0.5151681706003345,0.2929029255703008,0.8714742713486532
frankfurt_000000_000576,joint_noise_gta_semantic_cityscapes_dropout_pu_1_00,1_00,0.254308438426071,0.4515460480388194,0.627926354029015,0.7611225759080615,0.0,0.0,0.3350771134551554,0.3799961940304469,0.457232026617663,0.6068106238754852,0.34384638769592873,0.7999842604185464,0.7810865132090007,0.5969638690380747,0.40814878947194155,0.3739063997823246,0.44173046801380883,0.2239685883214756,0.4803326009929488
munster_000152_000019,joint_noise_gta_semantic_cityscapes_dropout_pu_1_00,1_00,0.2316854813311976,0.4529786698838176,0.600138608276325,0.7497140033162534,0.0,0.0,0.29755026463272605,0.33475079488359816,0.41239033482264015,0.5609745054866095,0.3067414820470169,0.7684588216038981,0.6692370309364963,0.587009952456297,0.4816734297435068,0.43673663857877537,0.35186810351800335,0.2247171670054889,0.3776400777521314
munster_000155_000019,joint_noise_gta_semantic_cityscapes_dropout_pu_1_00,1_00,0.24685062397013868,0.4294038447782119,0.5931862578833543,0.7481263245177499,0.0,0.0,0.3343767557239204,0.3783976099037803,0.44587886874151783,0.5445235440103593,0.2591193728169914,0.7582510606559726,0.6695301608828786,0.5025593963636195,0.40491179724877235,0.36227554478925567,0.3983288123855308,0.2354201591885918,0.3942760200307535
frankfurt_000001_042098,joint_noise_gta_semantic_cityscapes_dropout_pu_1_00,1_00,0.283141017566299,0.44194847115690716,0.5990963060978631,0.7458994369913524,0.0,0.0,0.32343697801774096,0.364506967632269,0.4378208345930517,0.5730578865758196,0.34623666976362427,0.7711092313411144,0.6672087126669397,0.5751542743922452,0.4409889542701398,0.4085896782640026,0.3715918009713827,0.26644188703890387,0.4063899648968422
lindau_000017_000019,joint_noise_gta_semantic_cityscapes_dropout_pu_1_00,1_00,0.21389851271161958,0.41406901346129493,0.6180199267350269,0.7507242150012948,0.0,0.0,0.2996843600527088,0.35130068676973913,0.41551058299137783,0.5172084834143026,0.21454454007313378,0.7796211229535815,0.6659719537413591,0.5235466744759734,0.4324641131809537,0.3973783625888722,0.4117382944783238,0.10651544451836187,0.2743107960307764
frankfurt_000001_007622,joint_noise_gta_semantic_cityscapes_dropout_pu_1_00,1_00,0.25855856913905684,0.4296357253800108,0.5839266737757762,0.7473591511860148,0.0,0.0,0.35544345901638724,0.408817439205432,0.46870047605494053,0.5530861895798778,0.33701291364933844,0.7646883826657757,0.6875509800915917,0.5185870110153714,0.4721085900504695,0.4611704824208903,0.40079041590828174,0.23842866970709609,0.377576393156169
lindau_000035_000019,joint_noise_gta_semantic_cityscapes_dropout_pu_1_00,1_00,0.236615386671786,0.4051956949388692,0.5804529008843713,0.7417567515300609,0.0,0.0,0.2824098982685334,0.3089645639626283,0.3585419212234397,0.4699145377247979,0.23667919571569254,0.7194647632685549,0.5756513909578823,0.4531739488964054,0.37236072482849025,0.3325450533549996,0.3402089430687703,0.20458435477609424,0.1788059761463498
munster_000106_000019,joint_noise_gta_semantic_cityscapes_dropout_pu_1_00,1_00,0.25882782260199355,0.42554335799647,0.57982262933125,0.740141680167139,0.0,0.0,0.29437362641844017,0.32517204858975773,0.3843066980205295,0.5079389044030854,0.31164715212846683,0.7040642075893626,0.5951976212170011,0.46750322874351885,0.3823703506491507,0.3478694080886515,0.3991349892184289,0.25319108335487156,0.2255207791246886
munster_000038_000019,joint_noise_gta_semantic_cityscapes_dropout_pu_1_00,1_00,0.21637469224944345,0.4555264245778123,0.6330055495168927,0.7663000106366367,0.0,0.0,0.2886887971463708,0.32185736553152827,0.39043625655678077,0.5547980465793757,0.29916703281688256,0.8087786203724636,0.7539904785946672,0.6554338840011887,0.4751807307841004,0.42691636947620976,0.3730175979297126,0.20563110033805895,0.400019979361138
lindau_000013_000019,joint_noise_gta_semantic_cityscapes_dropout_pu_1_00,1_00,0.22107167412409673,0.45084513580717456,0.5938309048651267,0.7530865608216497,0.0,0.0,0.28882380891367276,0.3217970432121742,0.38941128595853747,0.5414854657219356,0.29136364687065885,0.786026083827965,0.6955480357869633,0.48962272627962167,0.3598631901117539,0.3207977996775623,0.34260706121503637,0.21431710348775318,0.3360642332843926
munster_000058_000019,joint_noise_gta_semantic_cityscapes_dropout_pu_1_00,1_00,0.16258803716170675,0.40537655268590334,0.5821435452773874,0.7386638324990511,0.0,0.0,0.2276259410053159,0.2524868823079793,0.28204251072990044,0.3898040629169839,0.2470296294023982,0.6674155099923876,0.5205845693466373,0.42566871978327014,0.3133596988389581,0.2875333487429396,0.30605236317941054,0.15175893395342113,0.1007645253784169
frankfurt_000001_017459,joint_noise_gta_semantic_cityscapes_dropout_pu_1_00,1_00,0.3246002617739721,0.4550366647529762,0.6154625316609142,0.7508281347747565,0.0,0.0,0.38652630600155957,0.43915927355263523,0.515076829073263,0.6482249457909313,0.32916768949019587,0.8351953580956691,0.7800925005905462,0.6460259898414437,0.44531819451823174,0.4234468348657756,0.44495393907638836,0.31869086602066254,0.7785903045516375
frankfurt_000001_068772,joint_noise_gta_semantic_cityscapes_dropout_pu_1_00,1_00,0.24617695913919146,0.43161994908066603,0.5705940991250192,0.7585295186613277,0.0,0.0,0.30935845561847264,0.3454544229169143,0.4126442830323823,0.5333424598309465,0.31301110209430133,0.7565313779990565,0.5756684084709098,0.4882742509318204,0.38986561666289865,0.3510301272143808,0.2950689656637737,0.21669747385255678,0.3874002738381401
frankfurt_000001_010444,joint_noise_gta_semantic_cityscapes_dropout_pu_1_00,1_00,0.3216142557393715,0.46793466558996427,0.615073945656531,0.7783186884133835,0.9081521520861359,0.0,0.3799697677070554,0.44028557693180215,0.5213218074097833,0.6534556725684719,0.36115964856990723,0.8952755920478483,0.8650563108205559,0.7362840980890695,0.4827912591643445,0.43056981934984295,0.4799399983402541,0.3046191168571736,0.6611942283214932
frankfurt_000000_008451,joint_noise_gta_semantic_cityscapes_dropout_pu_1_00,1_00,0.2566193041743887,0.4609946820819885,0.6463418587584884,0.7748033674946149,0.9151547608423543,0.0,0.3197324260127965,0.3602190711266336,0.4365752351091775,0.6124470472365113,0.34166657966361164,0.8762336147315538,0.8148959489762297,0.6213926887330813,0.496574179776079,0.4282859467096643,0.5174842902494383,0.23858411876684776,0.4202272562496211
lindau_000036_000019,joint_noise_gta_semantic_cityscapes_dropout_pu_1_00,1_00,0.2407762163332392,0.4068532012935546,0.5810770441357839,0.749857098204946,0.0,0.0,0.33071844433968445,0.3788708486208569,0.4333921675801946,0.5097937078279395,0.3449774344052814,0.7425170194495676,0.6186610324822496,0.49886843316678126,0.4412793928497637,0.42033092109060943,0.4014042879227796,0.22774601247609347,0.3099731054177274
munster_000083_000019,joint_noise_gta_semantic_cityscapes_dropout_pu_1_00,1_00,0.24960444393596926,0.4349409534206054,0.602072274917051,0.7605209621054031,0.0,0.0,0.3327922206279359,0.37351933737696946,0.44185787572467655,0.5675128256646839,0.3391783943782461,0.8164207276523215,0.7695657233761035,0.6757814800714731,0.4478449871693611,0.39609430384330324,0.37774695837942274,0.23330316094233286,0.4266068390892811
lindau_000004_000019,joint_noise_gta_semantic_cityscapes_dropout_pu_1_00,1_00,0.22647743166095557,0.4231860135658627,0.5764140039881939,0.7290357043874532,0.0,0.0,0.28303215614130667,0.31118376794633695,0.3679758933351923,0.49668220520884876,0.2966773000467879,0.7001399927728741,0.5581362862517117,0.43693408403950257,0.38481821054435,0.3650077632806695,0.3130132818720959,0.218796677151917,0.2787039889220864
frankfurt_000001_021406,joint_noise_gta_semantic_cityscapes_dropout_pu_1_00,1_00,0.1972311381313456,0.47487705587762913,0.603654608430201,0.7690725807883195,0.0,0.0,0.2746646566921129,0.32560168934166994,0.40311598057801634,0.5749798611416613,0.2835271010954116,0.817573344549979,0.7552936225224515,0.5611130698839333,0.39365471349875736,0.3297117585077906,0.33537749429677643,0.170185891905607,0.4797850190849881
munster_000114_000019,joint_noise_gta_semantic_cityscapes_dropout_pu_1_00,1_00,0.19891092633366855,0.40127006560989953,0.5807802728010759,0.7271987502713445,0.0,0.0,0.25837633122134857,0.27903036368294304,0.31666047357192256,0.42579028134719615,0.25884245062760525,0.6420685243596703,0.5259525466906984,0.4212060168519242,0.2924437239052904,0.2688951665626242,0.29898535245470714,0.1910076383402885,0.1052161195901404
frankfurt_000001_039895,joint_noise_gta_semantic_cityscapes_dropout_pu_1_00,1_00,0.2316621059562878,0.4600932503230547,0.6192910149490266,0.7563481927147466,0.0,0.0,0.29538410984160846,0.3284313297686747,0.39694150895336244,0.5655568099855025,0.3143807176792157,0.8004659695710852,0.648676684632389,0.5280238089410043,0.37032011926135006,0.3331173663719984,0.39628657747520657,0.21154813458741029,0.3569695621366236
munster_000064_000019,joint_noise_gta_semantic_cityscapes_dropout_pu_1_00,1_00,0.1991881882752248,0.42278695715215764,0.5814067223020095,0.7504087763511215,0.0,0.0,0.2671907431827576,0.29545742892134386,0.348597329506702,0.47967334290968194,0.27494491632541007,0.741353094740795,0.5904385022915103,0.47516894638852536,0.3061520519549562,0.27621461719040535,0.28949423050439416,0.18776776640126872,0.244534549519838
munster_000103_000019,joint_noise_gta_semantic_cityscapes_dropout_pu_1_00,1_00,0.25382134362377384,0.4414359809073906,0.6129260228562645,0.7558262864244315,0.905492799177931,0.0,0.3034259937598061,0.337462885937988,0.4017976354487699,0.5503286257647696,0.31121893552824226,0.8318945995538047,0.7104954940277881,0.5903336181695316,0.37953892816852386,0.3487409778768517,0.3954166274085008,0.24006097797448345,0.3153258354078927
frankfurt_000000_020215,joint_noise_gta_semantic_cityscapes_dropout_pu_1_00,1_00,0.2299331349578423,0.44582505358623514,0.5909848920453635,0.7395539347975124,0.0,0.0,0.284976614822528,0.3157789935734322,0.3797395141906771,0.5294593468857325,0.2912985389031922,0.7328412117556633,0.5915943031448402,0.4887672481030071,0.3985381016206129,0.3702527884101288,0.3576078047667237,0.21357153371248475,0.2750058014374348
frankfurt_000001_055172,joint_noise_gta_semantic_cityscapes_dropout_pu_1_00,1_00,0.2753011627754517,0.4778251613506444,0.6257277646992808,0.7674064926102425,0.9142844201239837,0.0,0.3811762586004316,0.45153231354663426,0.5378203663444728,0.6758375852125383,0.28795646477539566,0.9091651775702756,0.8840250715040195,0.7642823576109046,0.5773791229363924,0.5342884550124494,0.5186153014973482,0.25608062419039923,0.9581300248610354
frankfurt_000001_054415,joint_noise_gta_semantic_cityscapes_dropout_pu_1_00,1_00,0.22064909934040516,0.4774804191588798,0.6223231596837384,0.764201667460141,0.9040552600245292,0.0,0.28452517215933626,0.3162198766491461,0.38328266500857355,0.5670851714789804,0.2959407210306766,0.8101212168241133,0.7051216496911878,0.5563572218263146,0.3947250382882556,0.34700453203466314,0.45412898974663474,0.20297406446065258,0.367799318430683
munster_000159_000019,joint_noise_gta_semantic_cityscapes_dropout_pu_1_00,1_00,0.24420445913234792,0.4299248037364042,0.5723943926605012,0.7276758964819631,0.0,0.0,0.32257994357049685,0.3673523673049776,0.43973515909876804,0.5485054807997938,0.32740623947398334,0.6773300360592743,0.5838846128822255,0.5135742117954922,0.3960856508917644,0.38240370483815905,0.3640288768877137,0.233815687176027,0.597733894655414
lindau_000015_000019,joint_noise_gta_semantic_cityscapes_dropout_pu_1_00,1_00,0.23772879576126923,0.46142940526385656,0.6154058028788002,0.8048862713028708,0.9268481868319437,0.9501205052566271,0.29302763095294226,0.3289435081059044,0.4035542672918631,0.5683245942003532,0.3101419122064757,0.9285853892776599,0.8248762945797439,0.5971109344143073,0.4340829126686633,0.400717522686659,0.2965157180700779,0.2317073381234613,0.3237609955933724
frankfurt_000001_035144,joint_noise_gta_semantic_cityscapes_dropout_pu_1_00,1_00,0.25812768649887274,0.4362989986322005,0.6010069832302589,0.7425906891007483,0.0,0.0,0.35355092903947244,0.41170589819457093,0.4795782475345411,0.5937025023230615,0.29067914644733966,0.7676495088914423,0.6698502631621381,0.612787951107546,0.507696863392379,0.4463529162300752,0.30535730885425333,0.2258463947260659,0.5504963872697652
munster_000072_000019,joint_noise_gta_semantic_cityscapes_dropout_pu_1_00,1_00,0.221653788584123,0.42532901659934336,0.5949008122814216,0.7557058930001824,0.0,0.0,0.2678833080122642,0.2906672925625777,0.33683590275410635,0.46960781272999885,0.2764560412255995,0.7330814549164176,0.6131866000718996,0.4391063132271064,0.31420538160069145,0.2905839744492572,0.4483749951806973,0.20882841283271866,0.144959451958627
munster_000145_000019,joint_noise_gta_semantic_cityscapes_dropout_pu_1_00,1_00,0.2710601451562226,0.44659469946898345,0.615965877244669,0.7772324039647721,0.9126340857352532,0.0,0.3658432456981021,0.4223955062121187,0.4963612565476617,0.6254955746349817,0.2976105939142386,0.8841980715240154,0.7914085298524861,0.6624292246609688,0.5409250994278686,0.48746444871009287,0.3327301874576531,0.2724047116685584,0.4836078404789504
munster_000116_000019,joint_noise_gta_semantic_cityscapes_dropout_pu_1_00,1_00,0.24250532241924583,0.4098829158981568,0.5915009608237807,0.7436867715800262,0.0,0.0,0.26955497730140876,0.28916912203107775,0.3295569919965986,0.4470042178787736,0.27279570554582494,0.7133067688749825,0.6518027871278332,0.4346228405833887,0.34735142381460804,0.31083845231861007,0.3368992877396899,0.2399865130015022,0.1157874661893638
frankfurt_000001_052120,joint_noise_gta_semantic_cityscapes_dropout_pu_1_00,1_00,0.22447494934837095,0.46819963504977313,0.6242653416149887,0.7771919054024045,0.0,0.0,0.2809545185201462,0.31120163747111795,0.3765277986182758,0.5527604719221608,0.2935317442292668,0.8448453149165348,0.742356352580755,0.5474232195798721,0.4002382524947569,0.3536189129885578,0.33931302832756777,0.1947145526294997,0.2560648545237012
munster_000120_000019,joint_noise_gta_semantic_cityscapes_dropout_pu_1_00,1_00,0.1768530955327781,0.4140116042409762,0.5826291855147433,0.7443527740729694,0.0,0.0,0.24875237678861906,0.2828321309954589,0.33081990994456395,0.45533254798546513,0.27016151285885415,0.7045348519965862,0.5416282240662951,0.4170305760333738,0.37126480947461027,0.33168410406109866,0.4120490608740806,0.16201010258479961,0.1788554103732164
munster_000052_000019,joint_noise_gta_semantic_cityscapes_dropout_pu_1_00,1_00,0.26333215370462115,0.4252284292512865,0.6091774590379279,0.7468803419737666,0.0,0.0,0.3214859027762116,0.361707037526256,0.4295074460439285,0.550303885066896,0.3294414207218899,0.7513025903992311,0.6225191368239763,0.4961169570632513,0.4365069980901637,0.41782996125552635,0.3565603460096187,0.26392519060134856,0.4355007816657753
frankfurt_000001_048196,joint_noise_gta_semantic_cityscapes_dropout_pu_1_00,1_00,0.2176154830273992,0.44736260990850113,0.6041746162762894,0.7558481098692852,0.0,0.0,0.28088662269075,0.3110596532186337,0.3735240907046105,0.5304005789831832,0.29098365555077765,0.7917778406247555,0.6849767289554956,0.48648707102043326,0.3426995178687703,0.30813882232660633,0.31865868928645524,0.1961246536535848,0.2848327361288348
frankfurt_000000_002196,joint_noise_gta_semantic_cityscapes_dropout_pu_1_00,1_00,0.2122557439524422,0.4895679546520155,0.6531493027413691,0.7976199713826037,0.9138302440945015,0.0,0.29475498885360907,0.3343472408687151,0.41057061641296744,0.6070510191926847,0.31637053872051507,0.9184584825926331,0.8636757719100782,0.643639875221352,0.4353486018828833,0.37885058060251087,0.29054750835805093,0.16713655038546155,0.3448125198077545
frankfurt_000000_002963,joint_noise_gta_semantic_cityscapes_dropout_pu_1_00,1_00,0.24150379885780418,0.4791744021284949,0.6371018849617565,0.7686623994603101,0.0,0.0,0.29514607663564635,0.32874575426835034,0.3994711974780973,0.5872225462836823,0.31239564076009224,0.8404094068305654,0.7779573058574221,0.5114429418670317,0.41042710433286755,0.3627731920165548,0.36875061239711326,0.21834304161302961,0.3555406818761562
munster_000171_000019,joint_noise_gta_semantic_cityscapes_dropout_pu_1_00,1_00,0.24173419665687287,0.4296132370533519,0.5692461213175934,0.7546253387459192,0.0,0.0,0.286138598687625,0.3169335491871752,0.3783166140777124,0.5097442032033008,0.30231120914810067,0.7502907847453089,0.6097096125421817,0.5087694979880379,0.4148913561954845,0.3813821272644125,0.3038202204834904,0.23619846464490715,0.2559352764478348
lindau_000012_000019,joint_noise_gta_semantic_cityscapes_dropout_pu_1_00,1_00,0.263533791706202,0.43783376099137916,0.5905613336982369,0.7502433471757393,0.0,0.0,0.31270630361472596,0.35091197837351024,0.4204152528808958,0.5624722768990331,0.3334996372743667,0.779512909909441,0.7050543664145643,0.563515825168943,0.44941285910782525,0.3871920611675248,0.33362332171698117,0.2581804089016865,0.3572560317893183
lindau_000020_000019,joint_noise_gta_semantic_cityscapes_dropout_pu_1_00,1_00,0.1348433605208691,0.42412627165785194,0.6185190484502302,0.7713925089606878,0.0,0.0,0.18837467174016692,0.25328231982293065,0.30538749329910586,0.4342959623141541,0.20155102594393826,0.7837129125088989,0.6808715182200821,0.44463643171798517,0.30187606022188496,0.27875391213990885,0.3114385200464125,0.12370649650927606,0.1759106752048636
frankfurt_000001_043564,joint_noise_gta_semantic_cityscapes_dropout_pu_1_00,1_00,0.3602713373419695,0.4424329785098334,0.5940082082776672,0.7458866218856496,0.0,0.0,0.4293222665039414,0.4741493517540792,0.5254765227902313,0.6273580217752879,0.40574418051045336,0.7932456039600864,0.7480245257820441,0.589938930428392,0.4935996464673936,0.4749082307829031,0.34522824493170456,0.3437482518109962,0.8344217611424424
frankfurt_000000_012121,joint_noise_gta_semantic_cityscapes_dropout_pu_1_00,1_00,0.19495085419912644,0.4449749167290255,0.6022418923111996,0.7826719101267495,0.0,0.0,0.2692576622644084,0.2990572058204375,0.3555081223571576,0.5091831543076559,0.27338086140126494,0.8176774922435968,0.6020262249155268,0.45094646893874163,0.3482043682357957,0.3196726451232174,0.32004507520311154,0.1725028649865101,0.2710098313740195
munster_000009_000019,joint_noise_gta_semantic_cityscapes_dropout_pu_1_00,1_00,0.23832112033053118,0.4105940869255834,0.584526954698856,0.7412734326920315,0.0,0.0,0.2875918898812445,0.31439703073805186,0.3662017058381756,0.4811840594205885,0.28790179423741996,0.7248150218765587,0.6472884689875071,0.4654057702424976,0.3547698270287145,0.3300915982578777,0.3816003515409525,0.2322381890256005,0.2314831015990824
frankfurt_000001_051516,joint_noise_gta_semantic_cityscapes_dropout_pu_1_00,1_00,0.33571754965288403,0.4541894881316037,0.5806759381234037,0.734181478407769,0.0,0.0,0.3911091368424519,0.44715827021237586,0.5131179629237763,0.605687172018816,0.3798393337534778,0.7411503666106608,0.6574751217056404,0.5677580767680448,0.49728163675179377,0.4810092152052934,0.42789286772762647,0.32138021214596024,0.5279459550964176
frankfurt_000001_065617,joint_noise_gta_semantic_cityscapes_dropout_pu_1_00,1_00,0.2337488259612092,0.4248707297093608,0.6130079773838821,0.7412820984794016,0.0,0.0,0.28947676683510115,0.3192816022542663,0.3758249065035992,0.5132982063553093,0.3022256520485949,0.7337386782070443,0.6764457426114313,0.5025210206976743,0.3322135784139051,0.3084652301562276,0.36927632795401116,0.21101140183833345,0.2284197713575024
frankfurt_000001_028232,joint_noise_gta_semantic_cityscapes_dropout_pu_1_00,1_00,0.2450052294279301,0.4443545065861757,0.6191976054430028,0.7634706645911702,0.0,0.0,0.29894737512006503,0.33507540649751816,0.4045719587412503,0.5581777163434022,0.3069913498532365,0.8542074855813747,0.7517557027478853,0.5374195043179723,0.352376828202789,0.33075626198663616,0.39967710618189595,0.23148966222033346,0.3463366508470202
munster_000080_000019,joint_noise_gta_semantic_cityscapes_dropout_pu_1_00,1_00,0.20709729939360377,0.44534214664714894,0.6236521869492297,0.7424374299525206,0.0,0.0,0.2689382722338197,0.2927518411691113,0.3414769162851537,0.49266739490580097,0.273506127203361,0.7432180778567126,0.6977825967943369,0.5392574249066747,0.37384596501432965,0.3341903769639642,0.35003141980192404,0.1920803938469447,0.1973995599812268
frankfurt_000000_005543,joint_noise_gta_semantic_cityscapes_dropout_pu_1_00,1_00,0.2361323296788547,0.45185803181915646,0.6250741767471873,0.7835870477788088,0.9113790072050834,0.0,0.29762683671863516,0.33269091871072004,0.40417336871175336,0.5630066283860579,0.30045647733674,0.8802673907071287,0.7089472648472059,0.4843791120762716,0.36635830483964926,0.3197923464449835,0.2899676242569549,0.20275791898427506,0.3338715532055594
munster_000121_000019,joint_noise_gta_semantic_cityscapes_dropout_pu_1_00,1_00,0.3005538323282019,0.40878272435338714,0.5870403268796511,0.7620962905395844,0.0,0.0,0.35264550213924956,0.39253286312173974,0.44653932935197355,0.536428606077818,0.34853418254032614,0.7958699092556205,0.6909927452582078,0.5593843949763366,0.454761847790507,0.4291448752660274,0.3861202652430674,0.2941116096034779,0.3232540666247815
frankfurt_000001_073088,joint_noise_gta_semantic_cityscapes_dropout_pu_1_00,1_00,0.22308878447634553,0.42616342169056126,0.5805508842032433,0.7505112287750207,0.0,0.0,0.2994308009470154,0.33572005827983137,0.40272904064394627,0.5250905357505887,0.3061720202791323,0.7270082571029607,0.6627468562753056,0.525869174886906,0.392404324866202,0.3511626051123297,0.3564457369983098,0.23074104812130605,0.4106948200534783
munster_000090_000019,joint_noise_gta_semantic_cityscapes_dropout_pu_1_00,1_00,0.2771363933011093,0.4594569463557385,0.6121732534202683,0.7620260407327097,0.9017526616926554,0.0,0.3236107786984756,0.3679387167805417,0.450204843129229,0.6012087786753721,0.34437436145543715,0.8481384874047936,0.6633036908586527,0.6056567419287846,0.4708241353933248,0.41890182636497886,0.3683158196534724,0.27425944465095475,0.4399058424035738
munster_000141_000019,joint_noise_gta_semantic_cityscapes_dropout_pu_1_00,1_00,0.18906274549418742,0.46874413113177255,0.6053238216246692,0.7381309915349626,0.0,0.0,0.2628459095887543,0.30442715866463277,0.3604810382072068,0.5298123366449075,0.18941383942225878,0.785090156714974,0.6770813889359999,0.5670903472934657,0.40110565347538624,0.3694794403883697,0.3438175017562296,0.18569699824319197,0.3096296771934109
munster_000119_000019,joint_noise_gta_semantic_cityscapes_dropout_pu_1_00,1_00,0.22150589127856551,0.45113979879575933,0.6009361079195434,0.7497907121449395,0.0,0.0,0.29000020461822584,0.3233211253069217,0.3903664707656395,0.544040851840729,0.31209921381208994,0.753880045136943,0.6838757713236666,0.5752952982951116,0.42936487979659615,0.3831734940475884,0.37025296539819097,0.2095082639434301,0.3260042315334389
munster_000041_000019,joint_noise_gta_semantic_cityscapes_dropout_pu_1_00,1_00,0.2665654267696235,0.44398539770286616,0.621317434740018,0.761627574786833,0.9224541257453464,0.0,0.314286903401692,0.3504879279447221,0.42003564632299545,0.5602602073918873,0.2671088121004421,0.8059963054274472,0.7459941430473702,0.5779821591899885,0.43226184064900713,0.3862781812782386,0.3868105328309226,0.2482367577027122,0.2398133195042722
munster_000170_000019,joint_noise_gta_semantic_cityscapes_dropout_pu_1_00,1_00,0.25171857499043243,0.42107641594960726,0.6377039968101813,0.7548447448007995,0.0,0.0,0.30272299802013053,0.3369383734133498,0.3978707408437535,0.5312632073583607,0.3212948308384628,0.8230353357799018,0.7655321618648356,0.7104565621565863,0.43636014394884853,0.3640065289521816,0.38140141315006526,0.2376168374467011,0.2672911115817444
munster_000024_000019,joint_noise_gta_semantic_cityscapes_dropout_pu_1_00,1_00,0.24131013242446975,0.41840637135219005,0.5994857431726611,0.7496067730375578,0.0,0.0,0.27399832473716146,0.29746515634134413,0.34570850579399653,0.4704280041973313,0.2861737650496647,0.7674745555301614,0.61684471119573,0.4780025364133367,0.3714974504747376,0.3437636323512915,0.3603791715635594,0.23359872004538038,0.1754545997745886
munster_000031_000019,joint_noise_gta_semantic_cityscapes_dropout_pu_1_00,1_00,0.20617716061344904,0.42423141726275565,0.6136968756494156,0.7472314476635911,0.0,0.0,0.2731843042469265,0.29922921664735574,0.3521922345009646,0.48697219431289246,0.2783949569913448,0.7198127475957089,0.6208521625450171,0.5144917041123721,0.3688413652471407,0.3151952969731525,0.3345622225203076,0.1953178938603727,0.238624137913867
munster_000040_000019,joint_noise_gta_semantic_cityscapes_dropout_pu_1_00,1_00,0.1943139913483642,0.43904674514976916,0.5915085177752821,0.7494036808310338,0.0,0.0,0.2649615562161611,0.29124195437058836,0.3422594604609759,0.48931564690733437,0.276781551338956,0.716935128351053,0.6245597031435535,0.4906426089804169,0.4070955129914357,0.36611900050109586,0.2741813448420847,0.18556182992550024,0.2491039459478865
lindau_000052_000019,joint_noise_gta_semantic_cityscapes_dropout_pu_1_00,1_00,0.22918248422172963,0.44202729330597457,0.5903166928108118,0.747288636096374,0.0,0.0,0.3154078823216023,0.35625244869500283,0.4301848625039687,0.5484037435259184,0.22930419991914075,0.7762988590900537,0.7236057709288588,0.6201681248861503,0.4486042071352723,0.4212038890534902,0.4260891012809477,0.1555649759744598,0.3817189092487129
munster_000059_000019,joint_noise_gta_semantic_cityscapes_dropout_pu_1_00,1_00,0.24233933406291147,0.4345984101044047,0.6428148370903622,0.7886084180851797,0.9107047350908696,0.0,0.3173324527155442,0.35488145207836,0.422791034519523,0.5565497949490067,0.24457029023541638,0.8712240496020126,0.8011361054744475,0.5659344126343826,0.4752404702708788,0.44131673076200706,0.4024953392710461,0.2275855418618053,0.2527576915189392
munster_000168_000019,joint_noise_gta_semantic_cityscapes_dropout_pu_1_00,1_00,0.20581838623117862,0.4214697702566355,0.560208074760519,0.7404620350627399,0.0,0.0,0.2683801468191309,0.2927324420384921,0.34170111369166595,0.47232417892224354,0.27781681130798447,0.6678284311484632,0.574493864590567,0.5027996950628459,0.41205672772696045,0.36083159396176356,0.32209481436536336,0.1908056145949188,0.1943056166962788
frankfurt_000001_009504,joint_noise_gta_semantic_cityscapes_dropout_pu_1_00,1_00,0.19785208461315618,0.4539257868559443,0.6366352202594283,0.7768864494885532,0.9045856085941493,0.0,0.26991178770115826,0.3036420064576397,0.3625562431051651,0.5266740159926862,0.2899001955251862,0.830047263465079,0.7283539862620345,0.5609944418524031,0.35554199970513023,0.3359434401634331,0.41216190945129916,0.18934162877524946,0.2158063647954604
frankfurt_000001_028590,joint_noise_gta_semantic_cityscapes_dropout_pu_1_00,1_00,0.22394554043051396,0.45397310605401586,0.6228439762269333,0.7699982696352783,0.0,0.0,0.2818865064391466,0.3118443726012753,0.3735136880008791,0.5392361461394756,0.2947789611827778,0.8600345980275449,0.6902910573368983,0.5239310298795388,0.37560483713573944,0.34774722182961093,0.364744031599606,0.20297835620247318,0.2327494551007546
munster_000118_000019,joint_noise_gta_semantic_cityscapes_dropout_pu_1_00,1_00,0.2560803929870405,0.4347341341765948,0.5950816059060268,0.7517893165532051,0.0,0.0,0.2917908039059795,0.321090525398511,0.37766561848303476,0.5179637390662877,0.3121350512405035,0.7558231634046741,0.6401281121213578,0.5199358546894443,0.3956649100284153,0.3560022209802789,0.38290188906263994,0.24835173394782797,0.2274478283704513
munster_000100_000019,joint_noise_gta_semantic_cityscapes_dropout_pu_1_00,1_00,0.24853483973051085,0.405022963465504,0.5572761092599415,0.7435679957146419,0.0,0.0,0.27087272188123623,0.29182960867307783,0.3299850771700003,0.439478479978953,0.2845018857725445,0.6099623529610443,0.5544122710761874,0.48615837676486606,0.3358932092978778,0.3067385566844981,0.3225093238509661,0.24140495544548646,0.0874757128720489
munster_000096_000019,joint_noise_gta_semantic_cityscapes_dropout_pu_1_00,1_00,0.1777212244306268,0.4150884321574844,0.5774408563290222,0.7578957332637858,0.0,0.0,0.24912976176420762,0.2781902677478839,0.31859672084241303,0.4382526488230502,0.2602253198036976,0.7382123803991815,0.5656215522061754,0.446535982679978,0.3493563447406111,0.3125922713684359,0.29969766761744054,0.16029050042118884,0.1401878567734542
frankfurt_000001_044413,joint_noise_gta_semantic_cityscapes_dropout_pu_1_00,1_00,0.30203574763107527,0.4334302772888686,0.5857768333271758,0.7423124236033997,0.0,0.0,0.35831885515296386,0.40582848788560555,0.4729415811840498,0.5837115181785782,0.37875129855180345,0.7835550176404891,0.6781029648129249,0.5333522103352097,0.42561960097469526,0.400090171442948,0.42324052389729017,0.2800421041540426,0.558861867612464
frankfurt_000001_004327,joint_noise_gta_semantic_cityscapes_dropout_pu_1_00,1_00,0.25169335843135626,0.42273224353742217,0.5942362905098951,0.8005616070870554,0.9077179432089699,0.0,0.31041496374763566,0.3478546634180611,0.413262146902765,0.5444898487708661,0.25276693279729184,0.8078723502878682,0.6198380463593653,0.4556252401759677,0.34844434749210107,0.33544431586373946,0.2875929445751327,0.23158283396162793,0.3605152043791869
frankfurt_000001_052594,joint_noise_gta_semantic_cityscapes_dropout_pu_1_00,1_00,0.2121072949408017,0.4687795727536982,0.627605816028099,0.7794960126672169,0.900994146356458,0.0,0.28295831602905835,0.31350895747355845,0.3786848614484908,0.5564914462379986,0.29507177580471156,0.8125358984978481,0.6480615305271038,0.47725021173542204,0.3632349042894497,0.33034298856813005,0.3042395690498826,0.193470659875609,0.3434175698108533
lindau_000032_000019,joint_noise_gta_semantic_cityscapes_dropout_pu_1_00,1_00,0.16222194730079226,0.4372104408276872,0.6000975529413834,0.7607004430505744,0.0,0.0,0.22476315493302912,0.2738569053254728,0.31750599897915727,0.4643216912281737,0.26596090929072846,0.7483032672083384,0.6178909174121607,0.5171438258452662,0.373395806973487,0.325531009616052,0.3237978359081739,0.1475116098106433,0.2195480055089219
frankfurt_000001_030067,joint_noise_gta_semantic_cityscapes_dropout_pu_1_00,1_00,0.2015498687241758,0.4509981714518595,0.6122380427387586,0.7776710239640814,0.0,0.0,0.27927751435421094,0.3337210356090591,0.4042563364913208,0.5586624524378764,0.27411829144305194,0.8826586277842229,0.703988041251773,0.5704921100021887,0.41536322940092985,0.3591276873194479,0.3331669539580385,0.15625951087050344,0.4074558637427902
lindau_000002_000019,joint_noise_gta_semantic_cityscapes_dropout_pu_1_00,1_00,0.22836221589308447,0.4084325683540522,0.5826419283426854,0.7498700164585086,0.0,0.0,0.27920975536049525,0.30642502911755926,0.3574818411631748,0.4741155078736578,0.29209012356319186,0.6804657394193745,0.6022460091472598,0.47557815851709984,0.3454905190272138,0.3154054615512757,0.24752433028755472,0.2229411417109903,0.2030622956867778
frankfurt_000001_075296,joint_noise_gta_semantic_cityscapes_dropout_pu_1_00,1_00,0.20491581650579563,0.448070482758379,0.6057107024858606,0.747515516959456,0.0,0.0,0.2671264732532004,0.2910932812208727,0.3409465441773524,0.49427457062840296,0.2796746183664655,0.7616790911513778,0.6686656373494101,0.5324539455563869,0.3787654050760027,0.3444419167537991,0.3957129058394889,0.19071305812039915,0.1910070663658819
frankfurt_000001_038844,joint_noise_gta_semantic_cityscapes_dropout_pu_1_00,1_00,0.22153325897632273,0.4393397611430286,0.5922556627690466,0.7314349337538553,0.0,0.0,0.30320497867135643,0.34347012748471356,0.40970473293580173,0.5472593053494469,0.30352557554330256,0.7311612020885447,0.6640154239992837,0.5101310825721151,0.40203587734982393,0.353371312732663,0.29306679790717644,0.19988722408891887,0.4251974858567368
frankfurt_000001_015091,joint_noise_gta_semantic_cityscapes_dropout_pu_1_00,1_00,0.2094982967475223,0.5042828935044116,0.6710053553133287,0.7688646121667857,0.9037892880237711,0.0,0.2885765398974331,0.32661036681883837,0.4006127347885833,0.6166831296242865,0.3028062100754864,0.833089534282239,0.7259151917013719,0.5159555480028886,0.344825563480653,0.32157166568740864,0.35453325196675467,0.16757610377721877,0.3321437895933071
frankfurt_000001_079206,joint_noise_gta_semantic_cityscapes_dropout_pu_1_00,1_00,0.2438640783881751,0.4549031964577381,0.6149872664180459,0.7581266063698212,0.0,0.0,0.3027879152644574,0.33994713915338826,0.41519397981428297,0.5737416934272267,0.32156988282605903,0.8003397411500371,0.6858296216216447,0.5632279202229479,0.38047317977178885,0.36532636630479126,0.3816566701065868,0.22378634348013876,0.409807694114749
frankfurt_000001_008688,joint_noise_gta_semantic_cityscapes_dropout_pu_1_00,1_00,0.2083220482128179,0.4690629731062417,0.6546940944308841,0.8247526481152744,0.9147216174409394,0.0,0.2732239389260153,0.3005584033537677,0.35985954585650615,0.5392111061634779,0.2867619275438466,0.9225135695872722,0.7694126886514988,0.5528741258676053,0.42438824568336947,0.37365843990802355,0.2962550445914447,0.18657273459643836,0.219700367798988
lindau_000021_000019,joint_noise_gta_semantic_cityscapes_dropout_pu_1_00,1_00,0.14739989091189443,0.4277696854086472,0.5653422056805588,0.7429872055669119,0.0,0.0,0.20455668035867156,0.26991959265872384,0.3260052601421117,0.4580799631044778,0.21623463447660635,0.6056452410341504,0.5033173119476153,0.4817264676716126,0.4421056049841966,0.41408155324400886,0.3793133189677274,0.1390542593425294,0.1097720463860638
frankfurt_000001_068208,joint_noise_gta_semantic_cityscapes_dropout_pu_1_00,1_00,0.28965963178578996,0.4774057746124043,0.6198943272888854,0.7636893386059409,0.9059074064154424,0.0,0.349029189245579,0.4003681441746154,0.49097767155700434,0.6470423812017666,0.35520529361253916,0.8442254528648957,0.7998328452417409,0.6508974118479687,0.5419180577433977,0.47896979964473585,0.47079633568791734,0.2696983119738988,0.5708626811916784
lindau_000049_000019,joint_noise_gta_semantic_cityscapes_dropout_pu_1_00,1_00,0.17653637895782137,0.41128225407820673,0.5963463156457128,0.7529757896577634,0.0,0.0,0.24730925256296132,0.33436986177644495,0.4083914722982127,0.500096368053381,0.17661204244440767,0.7140957237013946,0.6358556426701657,0.4745111394164539,0.4202780469877508,0.4090974930547976,0.4488207479507082,0.05251796566543187,0.2519791191337009
frankfurt_000001_051737,joint_noise_gta_semantic_cityscapes_dropout_pu_1_00,1_00,0.16167359363055947,0.4632361962715404,0.6485880889779377,0.7875536303198886,0.0,0.0,0.22837160718296462,0.2751374076229111,0.32219903013483925,0.49067022915278885,0.25878679937840543,0.8561887096646568,0.6984649054695287,0.487223755898122,0.3487364518405333,0.31896270088574336,0.25430734054412063,0.14729515768102272,0.1568616672886757
lindau_000018_000019,joint_noise_gta_semantic_cityscapes_dropout_pu_1_00,1_00,0.25038573670451725,0.42612734389759976,0.583952290473986,0.7309974772765374,0.0,0.0,0.34653062946401664,0.3956686705932524,0.45874818482038066,0.5555474814658805,0.2506828182259801,0.730972904864973,0.6703104092273761,0.5574389169477287,0.4809018823862725,0.4470913240126838,0.3482384285414904,0.129438712477314,0.4007714817979154
frankfurt_000001_038418,joint_noise_gta_semantic_cityscapes_dropout_pu_1_00,1_00,0.23146642729654468,0.4589071925564086,0.6387947089357306,0.776286373349732,0.0,0.0,0.28749360420542974,0.3185171332833145,0.38478780053861394,0.5549167396016805,0.30114846583800325,0.8331766523658043,0.6924104511988496,0.4892240815527435,0.34798222465931444,0.31784624931913247,0.3821178200842924,0.20832156589348685,0.2751822358280849
lindau_000050_000019,joint_noise_gta_semantic_cityscapes_dropout_pu_1_00,1_00,0.22506748311557195,0.4293498969560283,0.5730314526079137,0.734714608725195,0.0,0.0,0.3147626654361451,0.39609362883012383,0.4599199903097923,0.5344514277899983,0.226804183766165,0.7254427865675058,0.6449405589050035,0.5193765543995482,0.46152280843435006,0.4353170808841925,0.3447488063786006,0.12718150556723037,0.4446871210508766
frankfurt_000000_010763,joint_noise_gta_semantic_cityscapes_dropout_pu_1_00,1_00,0.255573595852504,0.46538589230110283,0.6355492594230133,0.7914534535359019,0.9026856001841028,0.0,0.3171947507193365,0.3602135018487144,0.4448516675152162,0.6107635853229004,0.3262248465558504,0.8875971329272545,0.7924478211188597,0.5338337609018494,0.40992953182031583,0.3864110624036647,0.35989640227231984,0.22736815653097783,0.3781728607960142
frankfurt_000001_007857,joint_noise_gta_semantic_cityscapes_dropout_pu_1_00,1_00,0.24918100427256124,0.4425483541390063,0.608129664898625,0.7765397961733379,0.9043489167925035,0.0,0.330525981654926,0.37605123084681624,0.4507065958996952,0.5811810786726804,0.3470363331099497,0.8634613411744546,0.7380802730116501,0.5056115933756926,0.43319057279790657,0.41815554988670417,0.36246755512059153,0.23056173395056956,0.4845316893215591
munster_000105_000019,joint_noise_gta_semantic_cityscapes_dropout_pu_1_00,1_00,0.27523640964759005,0.4066965817243319,0.5936472658300391,0.7473319275088753,0.0,0.0,0.3339374461649891,0.37332199417150547,0.42789349784769215,0.5106436535347102,0.35984646572926804,0.7419730306874378,0.6690643168376518,0.5478722578100048,0.4150426647174409,0.3772516676039121,0.36040631723934236,0.2671339122275205,0.3861110272893122
frankfurt_000001_048654,joint_noise_gta_semantic_cityscapes_dropout_pu_1_00,1_00,0.21735465319638303,0.44181814842164024,0.6280872354972405,0.7578145545332517,0.9232232435945866,0.0,0.27981807931557684,0.30880939492064136,0.36900628615697506,0.5244984255596647,0.2977380395753686,0.8161544835779111,0.6510871848147858,0.49004322197251327,0.34233366331545256,0.31079259475690424,0.31010554303247617,0.19557331034329672,0.2695856033450823
frankfurt_000001_067178,joint_noise_gta_semantic_cityscapes_dropout_pu_1_00,1_00,0.25578241436011495,0.4399591839039538,0.6413970082251761,0.7674425030436813,0.0,0.0,0.30643616740509244,0.34295709338087715,0.4116090784162618,0.5653104506978388,0.3120123824264068,0.8357561476559101,0.6912211941949208,0.5275867164407706,0.34460155050806635,0.3240693424274815,0.4444552567339402,0.22934998015542973,0.355892166961108
frankfurt_000001_083029,joint_noise_gta_semantic_cityscapes_dropout_pu_1_00,1_00,0.2552103924680209,0.47795622541630617,0.6448904118255384,0.7677513539192523,0.0,0.0,0.31305672446587773,0.3529813549646828,0.4333715086116141,0.6186498268601652,0.3377628465141002,0.8445761180427773,0.7413088074393664,0.5616457065846876,0.38979185609546685,0.3421335354050099,0.3545933376047175,0.23203503303483602,0.395073978708875
frankfurt_000001_046779,joint_noise_gta_semantic_cityscapes_dropout_pu_1_00,1_00,0.289895552792334,0.45400174502919277,0.6017151244108593,0.7392099806369765,0.0,0.0,0.33493840064749925,0.3768959863275868,0.452432001752684,0.6014486345476916,0.34180412507760316,0.7487893384167209,0.6844762503781726,0.5766541614940505,0.4179016391662659,0.4032313455535557,0.4007815634755688,0.26602700378166777,0.4298038718697773
munster_000033_000019,joint_noise_gta_semantic_cityscapes_dropout_pu_1_00,1_00,0.1714337398631793,0.41908694032811616,0.580605589379383,0.7352802850019052,0.0,0.0,0.24127383636571817,0.2747401193668214,0.3175557631366466,0.4481964064510163,0.2609387688441673,0.7254368727165788,0.5704871783077646,0.40252660318354627,0.3020883775105034,0.2940695871115832,0.27463000982807056,0.15878708395155106,0.2130372027189179
munster_000131_000019,joint_noise_gta_semantic_cityscapes_dropout_pu_1_00,1_00,0.24694980959746257,0.42341905158144877,0.6284496329466829,0.7694136262684268,0.0,0.0,0.28630107165282853,0.3156188889611108,0.3737272000379639,0.5117975550200952,0.3108204365088884,0.8263145882498997,0.7667210266063259,0.5306780830094825,0.3910359104288343,0.3528872837161026,0.3559709781468463,0.2405539078709854,0.2156067984344205
lindau_000056_000019,joint_noise_gta_semantic_cityscapes_dropout_pu_1_00,1_00,0.2906454147950855,0.4548502357532284,0.5983908845467115,0.7398931001537016,0.0,0.0,0.33937531893380296,0.38507577309761687,0.46424791927990555,0.6029915808456081,0.3470351894358245,0.7826353151696388,0.6667795208250089,0.6195216955292469,0.43997465631115945,0.39383372424022134,0.43507948099585736,0.27388166702749184,0.5477764297066644
munster_000073_000019,joint_noise_gta_semantic_cityscapes_dropout_pu_1_00,1_00,0.19153641472631522,0.4450007021080132,0.588026018019658,0.7606000760954988,0.902301795347549,0.0,0.2681030731508104,0.3124804502018431,0.3690414346367708,0.5194247403261575,0.28471387005467697,0.8200333111076965,0.6987466402061362,0.5724542498215509,0.4257288081023954,0.3922323918891844,0.36327750454117025,0.1568151588878735,0.2726792492915556
lindau_000051_000019,joint_noise_gta_semantic_cityscapes_dropout_pu_1_00,1_00,0.20551878614647742,0.4244617907454928,0.5800757782438891,0.7287749344607947,0.0,0.0,0.2592874978020491,0.28179758623779577,0.33009562134807835,0.46584227358402863,0.20814327593045398,0.6987446585446846,0.5931448270091113,0.47537659500692514,0.3439314937460012,0.324705261520969,0.3743576465225458,0.17282476823255227,0.2059509981067076
munster_000046_000019,joint_noise_gta_semantic_cityscapes_dropout_pu_1_00,1_00,0.20237209242558482,0.4660334095799411,0.6485304930590818,0.7825428881506429,0.0,0.0,0.28382776468535603,0.33848251026850446,0.4184898653773747,0.6019653178539062,0.2885037936836723,0.8605286922828307,0.8118977509961909,0.6452973000128445,0.46021569460473294,0.4196123963221721,0.3844490883013588,0.1873083424315451,0.5052949158951515
frankfurt_000001_030310,joint_noise_gta_semantic_cityscapes_dropout_pu_1_00,1_00,0.20383503499296649,0.45236945002217094,0.5921258189061231,0.7388450832520211,0.0,0.0,0.27332151600949833,0.3000998453698197,0.35626434125766443,0.5131097536971008,0.2822066924401712,0.7100741385259675,0.5527684098041049,0.48571318326693946,0.3794972898012242,0.3414707793380225,0.3270000151361548,0.17032218061618687,0.2578872735669407
frankfurt_000001_055603,joint_noise_gta_semantic_cityscapes_dropout_pu_1_00,1_00,0.28630445998265214,0.45735637754376646,0.5844591832177197,0.7581205134120981,0.0,0.0,0.3792634189017254,0.4385605764762755,0.512413721959339,0.612035754362998,0.33648788001605995,0.8416735552957146,0.7720003199409596,0.6147927192362651,0.4958336569048246,0.4710884612262109,0.3965116991053085,0.27789769144875764,0.4846249266536451
frankfurt_000001_028854,joint_noise_gta_semantic_cityscapes_dropout_pu_1_00,1_00,0.24568834878066606,0.4569811793686917,0.5910222340976728,0.7269828665654435,0.0,0.0,0.3110639997625349,0.3520293236434588,0.4339243000331717,0.5753363207571683,0.3298661618604192,0.708435859280609,0.6633338652458517,0.6105720541448671,0.45397415837501115,0.3789733215282159,0.3767168009236659,0.2242222565515953,0.3672973838539027
frankfurt_000000_012868,joint_noise_gta_semantic_cityscapes_dropout_pu_1_00,1_00,0.2535483836153139,0.4985318327878239,0.6609449288817256,0.7686715336423806,0.9166794617997325,0.0,0.3211901069949397,0.3640603403563421,0.45169520773811184,0.6561520488371484,0.3250281821202055,0.8756607664069084,0.7618786652401874,0.7230127771194187,0.6322728976516706,0.5658267990334535,0.48358755270225323,0.23919925499613362,0.4023384821640036
frankfurt_000001_066438,joint_noise_gta_semantic_cityscapes_dropout_pu_1_00,1_00,0.31178688860957715,0.44558272187604225,0.598584277385691,0.7751036149694972,0.906155607772211,0.0,0.38617221066060575,0.44093570297272716,0.5042362738688648,0.6122894021246906,0.3605836384455731,0.8512465394044486,0.7443112083384194,0.6086366299834295,0.4672175122219791,0.4487122870066435,0.4122243762662348,0.2941505289408173,0.4612011732706865
frankfurt_000001_064130,joint_noise_gta_semantic_cityscapes_dropout_pu_1_00,1_00,0.32808654778186014,0.49045982584137254,0.6687801562241266,0.8079916326966119,0.9182291953424037,0.9502691392430418,0.4357093396728422,0.501912282179616,0.5916543710009713,0.7699270300498254,0.43492828946109235,0.9301640596364135,0.8979601071426591,0.8640200708645714,0.7229189741959401,0.6465022244891776,0.4955387963216721,0.2927598149822945,0.9222873527081412
frankfurt_000001_027325,joint_noise_gta_semantic_cityscapes_dropout_pu_1_00,1_00,0.2404522366745667,0.44642619923919563,0.6317989431178506,0.7913431863630946,0.0,0.0,0.3022574377985842,0.33805716368131267,0.40595812091649863,0.5618017830380514,0.31077018356814,0.8514957264863939,0.7064106568857949,0.5165488609358271,0.42585221901340636,0.3856520465363052,0.33985574273318825,0.2179072183342704,0.360740343737212
frankfurt_000000_020321,joint_noise_gta_semantic_cityscapes_dropout_pu_1_00,1_00,0.2569924599671616,0.4905226660807906,0.6477122872193151,0.7749095637222783,0.0,0.0,0.332782639504254,0.3810519049836343,0.4761805583239839,0.6604946237328878,0.3567125004520272,0.8618535591849487,0.8416608391658561,0.7583849199669821,0.4650907178117179,0.411294397019982,0.3993361883693511,0.22910632480977916,0.4585378758152796
frankfurt_000001_066574,joint_noise_gta_semantic_cityscapes_dropout_pu_1_00,1_00,0.278841793631265,0.4524196287792729,0.6065601256081644,0.7501601560672174,0.0,0.0,0.3598365893119096,0.41048242536149915,0.48771517353437416,0.618738272971662,0.29475501981263996,0.77043326572679,0.7088474002505571,0.6005273100651991,0.5246793315054904,0.4701845942709119,0.40881434895401353,0.28160851864843933,0.6164264092207808
lindau_000016_000019,joint_noise_gta_semantic_cityscapes_dropout_pu_1_00,1_00,0.2045014868596766,0.434350270799942,0.5822802710403733,0.7373622499525395,0.0,0.0,0.2596244107866995,0.28244118621261305,0.3324071112331017,0.4789017765079726,0.26978430081158644,0.687295888770696,0.5650350902743421,0.4479691344464603,0.36642787417647305,0.3306358482542023,0.2750778982713134,0.19751562300268405,0.2113250255478355
frankfurt_000000_013942,joint_noise_gta_semantic_cityscapes_dropout_pu_1_00,1_00,0.264346949249445,0.44820413816882293,0.6303012342223013,0.7726434740932466,0.0,0.0,0.33333389858112855,0.3802247550256561,0.45846606096209863,0.5942517545863075,0.33339951937898,0.8490195176567634,0.7268418927230361,0.5259597870296225,0.44863004870916323,0.42611673671739864,0.40010540397954686,0.2506153210540071,0.5171312490941452
munster_000130_000019,joint_noise_gta_semantic_cityscapes_dropout_pu_1_00,1_00,0.2825271064823876,0.4629983123474563,0.619604083582932,0.7777172030086305,0.0,0.0,0.33240331138505536,0.3779622398071637,0.4596326050656189,0.6140466581418195,0.36067523156268155,0.8697307666083052,0.8479135429480213,0.775379238156901,0.5631375678527023,0.4775152018915588,0.38491161610312014,0.27723012423384286,0.3716683978834404
frankfurt_000001_056580,joint_noise_gta_semantic_cityscapes_dropout_pu_1_00,1_00,0.23452292562710614,0.48344446496278654,0.6503651669846321,0.7711838461061074,0.9083674716930656,0.0,0.29598305569474226,0.32916388057569773,0.39773178498547834,0.5933725010376026,0.3143127713637242,0.8757521553966424,0.7711990968559315,0.5279455957329041,0.36288645603091957,0.32711124705187744,0.3650549559579077,0.21633002113104047,0.3020791746329139
lindau_000045_000019,joint_noise_gta_semantic_cityscapes_dropout_pu_1_00,1_00,0.29495992078684863,0.4159625113148131,0.5845364603834489,0.7228323930421776,0.0,0.0,0.37545116945963564,0.41939745985329296,0.4690251817068615,0.5600853389883931,0.2953771844959174,0.7111576260847571,0.6811832344010326,0.6220792227747701,0.5324996222082888,0.48044541735623136,0.3736951930781107,0.24477243390953196,0.3585628100587046
frankfurt_000000_001236,joint_noise_gta_semantic_cityscapes_dropout_pu_1_00,1_00,0.26090244338163765,0.4345273693995695,0.6171002830519691,0.7548679897975491,0.0,0.0,0.2956417137324625,0.32613052779302637,0.384799284244101,0.5304917790088555,0.3078225259057312,0.8168608447955695,0.7551624272880971,0.5802724391959816,0.40359746835526183,0.3561096598246813,0.4461941453568165,0.24961709345003252,0.234387078352997
frankfurt_000001_077434,joint_noise_gta_semantic_cityscapes_dropout_pu_1_00,1_00,0.20166036148673036,0.4375153455036585,0.5989730417301437,0.7509471401152255,0.0,0.0,0.26563179947220017,0.289248688535557,0.340464064411487,0.4863485885677981,0.2737236017889003,0.7409293856643425,0.6310202264966467,0.4936216558610602,0.34807633359916695,0.3152023132891272,0.2690584887193763,0.1968230733863118,0.2368913596030821
munster_000020_000019,joint_noise_gta_semantic_cityscapes_dropout_pu_1_00,1_00,0.2438355851058011,0.4351019131926578,0.6087939477576465,0.7619332131674734,0.0,0.0,0.2865715843879396,0.31945868904423336,0.3825667773195246,0.5276523050450178,0.301716541339118,0.8043903243004494,0.6580329472603762,0.4393373705393614,0.3656968916199144,0.3471558595682896,0.32465075927467685,0.23351048752454867,0.2991348407260847
lindau_000024_000019,joint_noise_gta_semantic_cityscapes_dropout_pu_1_00,1_00,0.22138673009780088,0.447692816396825,0.6542290098113704,0.7676219172020464,0.0,0.0,0.3056572782405586,0.3601687092647735,0.4385841803181442,0.5898097218459614,0.33393849087932104,0.8492905720333617,0.7453703701870438,0.6351523995602758,0.4759898448497936,0.4554429288490177,0.37941389078327786,0.20294707721568145,0.4450990508322772
munster_000000_000019,joint_noise_gta_semantic_cityscapes_dropout_pu_1_00,1_00,0.2629494810546175,0.4526792483660263,0.6129109384970224,0.7689862042547815,0.0,0.0,0.32340478829589686,0.36491843229953486,0.4404487156693084,0.5906662396615926,0.352839047557274,0.8172913030740852,0.7612940641402213,0.6097324135817938,0.5152042313459002,0.49381828234145997,0.47316178068629833,0.25405338411175105,0.4263154529520019
frankfurt_000001_035864,joint_noise_gta_semantic_cityscapes_dropout_pu_1_00,1_00,0.2154951458050252,0.4278154821720982,0.607094336199786,0.7495111128523683,0.9082270816778709,0.0,0.26995611374251577,0.29463007355229465,0.34623130312545364,0.48502518186772264,0.2744011596767674,0.7863111039852124,0.5226740497689834,0.3872109048257359,0.3576148333426841,0.29838001418471194,0.282207776231665,0.19607119254182054,0.1841823737624849
munster_000150_000019,joint_noise_gta_semantic_cityscapes_dropout_pu_1_00,1_00,0.22233300555507007,0.41618065767836315,0.564652980096792,0.7295173730339902,0.0,0.0,0.30658700432663855,0.3599388649467278,0.4245886412051419,0.5095025605454943,0.26851875471477377,0.690872594888787,0.5601749061928263,0.5113657858826304,0.42060352685606767,0.4057670977475225,0.3226043342074439,0.205420440736575,0.2847881939235345
munster_000137_000019,joint_noise_gta_semantic_cityscapes_dropout_pu_1_00,1_00,0.24889180771804797,0.42708839102908924,0.5842514669899944,0.7594829874588033,0.9025450011853239,0.0,0.29451368345870566,0.32764231972225644,0.38750647338362426,0.5167152832701455,0.31289978494976295,0.7845075504987888,0.6907755706547973,0.5007272663639604,0.3610232901654909,0.32048014619907644,0.35805031689488626,0.24238967322135546,0.2977360941532935
frankfurt_000001_077092,joint_noise_gta_semantic_cityscapes_dropout_pu_1_00,1_00,0.2593654285963897,0.4417733399433261,0.6164748398769174,0.7668578894535116,0.9224697027746733,0.0,0.2967933164340958,0.3304770931975242,0.39624662069749644,0.545643198623713,0.31081665236357164,0.8194886404109615,0.78109789857236,0.5161023560242967,0.3752132462869696,0.34292827605222154,0.49693292314784365,0.24449141450400802,0.3224240547920498
frankfurt_000001_041664,joint_noise_gta_semantic_cityscapes_dropout_pu_1_00,1_00,0.29170909504431525,0.4462838766272528,0.5787572106957328,0.7431210994180121,0.9243224679491676,0.0,0.332050601734634,0.37565584653115563,0.45303357071995487,0.5646514624460017,0.349158961256437,0.7469150692870048,0.67386954240083,0.5412911436025255,0.4717261964440917,0.4381709848922248,0.38673900923307913,0.27418712314530436,0.3852885407943277
frankfurt_000001_041074,joint_noise_gta_semantic_cityscapes_dropout_pu_1_00,1_00,0.30844892266028695,0.48787204916492877,0.6163442701682729,0.7405331870062466,0.0,0.0,0.36510949975449514,0.42137882074860933,0.5180818484849089,0.6576574174306077,0.3874786368802407,0.7905267006811176,0.7294809275997366,0.6616732064577967,0.566752095701139,0.5307661851325606,0.4233534238728767,0.28368771378088514,0.605662587771401
munster_000026_000019,joint_noise_gta_semantic_cityscapes_dropout_pu_1_00,1_00,0.2690475833934574,0.46374296334945275,0.6305022542157022,0.7589556295036668,0.0,0.0,0.3458010364678696,0.39336830215281166,0.47680435902767343,0.6348823574752224,0.275091309076163,0.7937613670813082,0.7290320081361298,0.666194379842564,0.5696825418888072,0.5038687921758704,0.42918099697378037,0.26077534501416944,0.5651597971663446
frankfurt_000001_002512,joint_noise_gta_semantic_cityscapes_dropout_pu_1_00,1_00,0.20004377252958788,0.40839881255711596,0.5929263379065431,0.737098445299921,0.0,0.0,0.2653034778037531,0.28785871683745035,0.33385610045995995,0.4515489279764853,0.2700892450267085,0.7108612298479139,0.5519341330524332,0.3991755844840953,0.3233790458363089,0.29316137350730626,0.33108020260185117,0.2027524921170344,0.1854635221308033
lindau_000030_000019,joint_noise_gta_semantic_cityscapes_dropout_pu_1_00,1_00,0.2227061073196818,0.404869967911301,0.5799512269243924,0.7619160843149303,0.0,0.0,0.30200381253634156,0.3416605336337249,0.40058240319459926,0.5032705548104077,0.3011131082403545,0.7329665583129835,0.6358211505828805,0.5189412181159473,0.3834803677475036,0.3532030430382826,0.36209522164510616,0.21281059501602645,0.3585726275281883
munster_000134_000019,joint_noise_gta_semantic_cityscapes_dropout_pu_1_00,1_00,0.2758831095115243,0.4543540033529375,0.5985289277746974,0.743474377397555,0.0,0.0,0.32225201535272624,0.36537729609846664,0.44336285865712327,0.5865621897557052,0.34747670423548505,0.7851151429789565,0.6996462954687961,0.5806443965264921,0.41545159615302507,0.38556200291163056,0.4449986513674315,0.26977472820009907,0.3926644325288159
frankfurt_000001_047178,joint_noise_gta_semantic_cityscapes_dropout_pu_1_00,1_00,0.256394705616124,0.4314263764963633,0.593476445169387,0.7458148278263217,0.0,0.0,0.3041947088934463,0.3373836793446778,0.39897889667082354,0.5366272159138249,0.2998698575814078,0.7205445339461553,0.5763935520074681,0.47459906576765193,0.35339447061199947,0.3192639412900552,0.3702502734767329,0.22427141953936072,0.3364583314222099
munster_000065_000019,joint_noise_gta_semantic_cityscapes_dropout_pu_1_00,1_00,0.2079618131130763,0.4293327015890668,0.6202955672913523,0.7588582457207643,0.9007989285094178,0.0,0.270998698710986,0.2957428858447948,0.34691966713926203,0.48621956195011623,0.27430482300797804,0.8380003554309908,0.6793753656526829,0.4743823337488965,0.35508973723620335,0.31909663453173986,0.4219762662922327,0.18424166662010458,0.2387357496776909
frankfurt_000001_041354,joint_noise_gta_semantic_cityscapes_dropout_pu_1_00,1_00,0.2440199136035768,0.4532850977722166,0.6089771401886221,0.7681734628431955,0.0,0.0,0.2938604561441985,0.3260402350780268,0.3907805322721449,0.5558312761664785,0.3122185368018262,0.8468017425372147,0.7493214730323379,0.46588371767749037,0.3455980076581481,0.3408320105221547,0.29988654676800486,0.21627813684100505,0.2769520106679921
munster_000157_000019,joint_noise_gta_semantic_cityscapes_dropout_pu_1_00,1_00,0.17247195470982815,0.4234775952630521,0.5723855076595608,0.7262858352965004,0.0,0.0,0.24031614290948924,0.27744251542450904,0.3199248386987303,0.4507150685347905,0.2597140595855789,0.6556525664190269,0.5701676401812258,0.4693547653570558,0.37391486787208733,0.3319685774270829,0.27672720223936437,0.16047672013309713,0.158583460086638
frankfurt_000001_061763,joint_noise_gta_semantic_cityscapes_dropout_pu_1_00,1_00,0.23384656084901065,0.4506723164456274,0.6266592345235924,0.7694358064428714,0.917227432017124,0.0,0.29426519053831257,0.3283426717948038,0.39725199237958936,0.5565462943200639,0.2977405376437838,0.8813713258012303,0.7906955119421825,0.5554788274304704,0.34731291956264543,0.3041399590899639,0.3689951306409545,0.2075230196842445,0.3290565568298393
munster_000136_000019,joint_noise_gta_semantic_cityscapes_dropout_pu_1_00,1_00,0.2619887533807029,0.45510319865413024,0.612601464228415,0.744540249697979,0.0,0.0,0.3106456237205047,0.3515131637217341,0.4303986292542206,0.5803320136284357,0.33452948116043546,0.7880504881004714,0.7238534073410255,0.4957112638472357,0.3710147181722989,0.3378258956946647,0.3426870511989015,0.2487595229273724,0.3961148420728842
frankfurt_000001_057181,joint_noise_gta_semantic_cityscapes_dropout_pu_1_00,1_00,0.2685669725118057,0.4618598285908598,0.606406006540534,0.7382888907443571,0.0,0.0,0.3438417581174846,0.38704827894008037,0.4661109450907956,0.6109508445377844,0.26952649179314503,0.7463507361424868,0.6799650441271352,0.563061947167708,0.44009974770748683,0.40530934516514155,0.3749239139589604,0.25937916368188974,0.5731984362258765
munster_000128_000019,joint_noise_gta_semantic_cityscapes_dropout_pu_1_00,1_00,0.19635809117491856,0.43109635353342546,0.6100566177889014,0.7285374530702957,0.0,0.0,0.2730785043135538,0.30259269580174225,0.3579367072185985,0.4991812916390827,0.2909615621952799,0.7401885672438426,0.7004697569176783,0.5463700674762979,0.3055933921725803,0.28884530887523185,0.36643969777586766,0.18676047082992134,0.2504165810282312
frankfurt_000001_078803,joint_noise_gta_semantic_cityscapes_dropout_pu_1_00,1_00,0.23664453311482983,0.45669268200496094,0.6121978792067783,0.7624936253447236,0.0,0.0,0.29812974095252887,0.3347080981421314,0.4092419086787952,0.5681284355090137,0.30368486549076923,0.823492282979181,0.6940178539606956,0.5149611633071474,0.37143655307155166,0.332253717239742,0.4048172060364776,0.2211517145329134,0.3920183184427694
frankfurt_000001_021825,joint_noise_gta_semantic_cityscapes_dropout_pu_1_00,1_00,0.25220136978670454,0.47789153537614043,0.6286687389489997,0.7740399417619215,0.9184659267328218,0.0,0.3169467619483007,0.3593945234889472,0.4435570138815761,0.6208962238262472,0.32587283844849585,0.8206498347556029,0.7192759426845554,0.511327394860966,0.3732837843698696,0.342807117296854,0.31192709305071376,0.22815813263106705,0.4950495823694809
lindau_000027_000019,joint_noise_gta_semantic_cityscapes_dropout_pu_1_00,1_00,0.19661932281628558,0.4000022851773429,0.5794294191446379,0.741966388764416,0.0,0.0,0.25366320529511666,0.2719564548353536,0.30788519216322663,0.41396602475049654,0.2580552594618686,0.638809013858982,0.5359536883457457,0.38780164595580785,0.29943571893587095,0.28091106812687106,0.322109854612537,0.1783832605933485,0.100356745054045
frankfurt_000001_023235,joint_noise_gta_semantic_cityscapes_dropout_pu_1_00,1_00,0.22270810930566204,0.49813025527206334,0.6557400528456685,0.7813838178114493,0.0,0.0,0.3093510296745633,0.3550685455345375,0.43959274630902523,0.6430605404514466,0.32045793628659824,0.8807884870220889,0.8684675740894383,0.7131892552818584,0.45642264684016487,0.3927783702621055,0.3532870258702173,0.19354085255424414,0.4542654696001528
munster_000071_000019,joint_noise_gta_semantic_cityscapes_dropout_pu_1_00,1_00,0.2096458025496069,0.5057802793056461,0.6601312678447161,0.7848383693848744,0.9053442154067228,0.0,0.27355572229317066,0.30027646926306195,0.3592063382723657,0.5668076376371961,0.28914235422556006,0.8855453679979989,0.7824749941444487,0.6050375939239596,0.403868100291559,0.36376779199778264,0.4718345819231023,0.19576319273385087,0.2396337721861211
frankfurt_000000_017476,joint_noise_gta_semantic_cityscapes_dropout_pu_1_00,1_00,0.31712280883988236,0.5237235127099571,0.6759621562517821,0.8013034532212632,0.9174298150693445,0.0,0.37845304707953453,0.4401937177126551,0.5510710194994477,0.7513404631864501,0.40632765924185205,0.9339649230606889,0.8970676747415359,0.8063039453799297,0.6763293655320249,0.5905997976045103,0.4592896502652265,0.2934142977770658,0.5236755537119138
frankfurt_000001_014406,joint_noise_gta_semantic_cityscapes_dropout_pu_1_00,1_00,0.2491096071470024,0.4702256783019754,0.6259977071132771,0.7557557438606443,0.0,0.0,0.3224249693901499,0.36488474870514925,0.4463174518658947,0.616490378701498,0.3489652922848924,0.8544202911895633,0.8126734923080987,0.7392100071913343,0.5573472618446961,0.47477520358684094,0.4377815890038806,0.2360393421140155,0.4635690913643195
munster_000011_000019,joint_noise_gta_semantic_cityscapes_dropout_pu_1_00,1_00,0.23523524030649645,0.4581662481517651,0.6226182994734257,0.7608675554115375,0.0,0.0,0.27961206623854734,0.3078674190792843,0.3646360972769598,0.531940433631466,0.28700571707459444,0.7730094361168185,0.7145996771256367,0.5958140454981641,0.49477350832210326,0.44091471751672034,0.4311477253085379,0.22513894981965124,0.2145087065123392
munster_000158_000019,joint_noise_gta_semantic_cityscapes_dropout_pu_1_00,1_00,0.20063221049707355,0.4338403473956281,0.5986576539960488,0.7391453044396991,0.0,0.0,0.256715545741156,0.277384787727417,0.31837936584347865,0.4523333862905463,0.26726558449994225,0.7287715085542997,0.5785309890507286,0.4759820234559594,0.3597879289319974,0.32332310424168226,0.3625625950991258,0.19124757202627152,0.1192157446591018
lindau_000047_000019,joint_noise_gta_semantic_cityscapes_dropout_pu_1_00,1_00,0.25992867309680023,0.4863598828956899,0.6396393466321065,0.8097501709470963,0.925653916569823,0.9519626644702469,0.3559121096869652,0.41788592320266005,0.5135442459182236,0.6809624845859277,0.2629452550150021,0.9465496878576597,0.9017285400377297,0.8449742170379375,0.5906864139578782,0.5534798964186244,0.4559546396810644,0.249577422518941,0.5365289617455796
frankfurt_000001_072155,joint_noise_gta_semantic_cityscapes_dropout_pu_1_00,1_00,0.27259898168214697,0.43738360298235374,0.5824434527571124,0.7433168145976052,0.0,0.0,0.3183682262066819,0.3578692615013958,0.43003971075057146,0.557100303279787,0.3238576025682081,0.7756265533414843,0.6794891882466239,0.606137863273762,0.43786770248674806,0.3823304983120143,0.36554544731910077,0.2593070898885706,0.4127318465276526
frankfurt_000001_066092,joint_noise_gta_semantic_cityscapes_dropout_pu_1_00,1_00,0.2724799260051737,0.4540761916089928,0.628002651390375,0.7825035917385041,0.9208721544930145,0.0,0.36715158897588773,0.4200217448200691,0.4970260795437982,0.6340590421756046,0.35229008114301524,0.9297070741767768,0.8892163174410155,0.7060472329219759,0.4476161403217077,0.41806988119550087,0.39798546896920695,0.24998104079748024,0.6207529809924311
munster_000013_000019,joint_noise_gta_semantic_cityscapes_dropout_pu_1_00,1_00,0.232340557525871,0.42918555440190076,0.6135786475988194,0.7748320869386883,0.9261887869129743,0.9509250980663669,0.32841999431620433,0.3974847437339284,0.46182899049121384,0.5723599680959949,0.3566938607637163,0.9113952717746996,0.7416024438197196,0.5728862669107206,0.41271883360301437,0.40701757603079347,0.3933600687205409,0.21932113131284167,0.4163518606087096
frankfurt_000001_083199,joint_noise_gta_semantic_cityscapes_dropout_pu_1_00,1_00,0.22900479292128087,0.45879214443024235,0.6190377575833822,0.748491199036483,0.0,0.0,0.2834042075596675,0.31217147454820526,0.37259131531032513,0.5419547894742704,0.30161995191601526,0.7913012103471089,0.670485524257422,0.4916958430202344,0.34979369090233625,0.31989511909927704,0.3729087472528648,0.21640503959352878,0.2515586327656537
frankfurt_000001_029236,joint_noise_gta_semantic_cityscapes_dropout_pu_1_00,1_00,0.26037408130071904,0.4814417026870794,0.617355040988527,0.7512546816228467,0.0,0.0,0.3446846364574945,0.3959891079475495,0.48861588176790394,0.6398488867364173,0.3363283363360914,0.8257556426888444,0.7925787223673795,0.6266220554896892,0.48899468811913654,0.4454306463363904,0.4217391632533092,0.22084665216339505,0.610527176516808
munster_000015_000019,joint_noise_gta_semantic_cityscapes_dropout_pu_1_00,1_00,0.2822928639262864,0.44487907134018156,0.602685258112458,0.7615970996463056,0.9099629676217877,0.0,0.38669092496713897,0.4446701593442306,0.504772124659573,0.6141586173388948,0.3117290878447079,0.8116128681261088,0.7388913804912134,0.6132739767879788,0.5367928205788274,0.5128857304563419,0.4191390669586532,0.27239087004200824,0.3839036352464575
frankfurt_000000_014480,joint_noise_gta_semantic_cityscapes_dropout_pu_1_00,1_00,0.2680860382175761,0.41892651732660335,0.5777655974667281,0.7330809450369631,0.0,0.0,0.31849143606673364,0.3545604881978942,0.4145337282183852,0.5310689464687096,0.3288265188908407,0.7135243000124096,0.6243676051098219,0.4754340286093505,0.35723993705305296,0.34942505588210926,0.3403638747909313,0.25057959173633293,0.4048476979549087
munster_000054_000019,joint_noise_gta_semantic_cityscapes_dropout_pu_1_00,1_00,0.20119925016040155,0.41916077699747567,0.5954710231144792,0.7378692165637866,0.0,0.0,0.2631851804098027,0.28764239276711434,0.3381192483866436,0.468621682630051,0.2708827093661692,0.717075698404496,0.5791261695146134,0.44074133019676226,0.32996462539605786,0.3080270471088598,0.37311379479755546,0.19461999476658018,0.2221248499215992
munster_000060_000019,joint_noise_gta_semantic_cityscapes_dropout_pu_1_00,1_00,0.19244122875558115,0.45133470277613763,0.6331943124074294,0.7674918642732098,0.9111624965105647,0.0,0.253789629478313,0.2728696137630642,0.31232132213195046,0.4556168158222353,0.26426808736097734,0.798370359772671,0.662014450491549,0.4595010082955148,0.34165053563168324,0.3174229450410126,0.3596227920600331,0.17988627397657594,0.1373402896643956
frankfurt_000001_038645,joint_noise_gta_semantic_cityscapes_dropout_pu_1_00,1_00,0.21306302722661563,0.43643760831960665,0.5792243727389985,0.7443856619981168,0.0,0.0,0.27748442460718054,0.30560978712357684,0.3627339333030231,0.5035202542459635,0.28847939979135684,0.7054828179936001,0.5967594841195911,0.5198830562109249,0.3481810431851888,0.3151104574561009,0.37203721683922375,0.1838546811479066,0.252998831251745
frankfurt_000001_049298,joint_noise_gta_semantic_cityscapes_dropout_pu_1_00,1_00,0.22325255071584682,0.46827576321855796,0.6211909004716963,0.7537219196196842,0.0,0.0,0.3012102065429546,0.3391869548929844,0.4166615901317054,0.5825026629040373,0.3082018336498,0.8143330707568223,0.7876316285243175,0.5128794637802148,0.46067529648261607,0.4038208413939677,0.36244439318521016,0.1885983975690894,0.2849417201171687
munster_000087_000019,joint_noise_gta_semantic_cityscapes_dropout_pu_1_00,1_00,0.18156843058677152,0.4066179847564474,0.5989725674048776,0.7518171138872551,0.0,0.0,0.2522484929023887,0.2745544358946237,0.30910277185764057,0.41081110005083976,0.25409720278050385,0.7296104261560363,0.5884023190334631,0.46924222844709745,0.3382071368551723,0.3035816565456736,0.2672389093254973,0.15130607188352393,0.1025470666034872
munster_000063_000019,joint_noise_gta_semantic_cityscapes_dropout_pu_1_00,1_00,0.323835721332813,0.4332183672986671,0.5701484752719145,0.7416140283776272,0.0,0.0,0.3986874026193831,0.44640541394875,0.4966198773888751,0.578483479595044,0.36789444075961697,0.7664540055090687,0.7137036094279092,0.5699318679143722,0.4742690940737427,0.42768032979554854,0.3321416839091016,0.3155355606710167,0.4085860948201296
munster_000165_000019,joint_noise_gta_semantic_cityscapes_dropout_pu_1_00,1_00,0.2697586739002195,0.42034998656386474,0.6099674266388593,0.763679045792014,0.0,0.0,0.30043901593422007,0.3294383928418221,0.3846314803347415,0.5118338135822084,0.3064449641135882,0.7901041127831774,0.6931793984840595,0.4654936938566264,0.3421985162053856,0.31755084710512926,0.3833389342788903,0.25847112460523186,0.2201437881143687
frankfurt_000001_072295,joint_noise_gta_semantic_cityscapes_dropout_pu_1_00,1_00,0.23920805722844002,0.4033663755539733,0.5730609279615432,0.7425184572444026,0.0,0.0,0.29299089724267713,0.3227408458220782,0.37505193080786325,0.48261582679517145,0.29416498285406706,0.6713063659033525,0.5586119347714014,0.4506975743070582,0.32514376225267627,0.3226481660176487,0.322793803972539,0.22170826679036312,0.234551868427809
frankfurt_000001_073464,joint_noise_gta_semantic_cityscapes_dropout_pu_1_00,1_00,0.23873577363901188,0.4412559322629053,0.6199138347395508,0.7864444049573396,0.9199705292208921,0.0,0.3029824857140504,0.3381375053025627,0.40722468794517347,0.5381159973895359,0.31274848386200943,0.9209617384941238,0.8023259496763977,0.5318797679832314,0.41540333197943213,0.3698420440048797,0.2869027511353881,0.21222342044491585,0.2681063842829363
munster_000122_000019,joint_noise_gta_semantic_cityscapes_dropout_pu_1_00,1_00,0.2533672200203289,0.4294584555185339,0.5962158472198748,0.7659467923743624,0.0,0.0,0.3084437367536418,0.3421062907741864,0.4045478165500693,0.5344031002920584,0.3245106050214724,0.837082121857783,0.7780635874099424,0.5226493913437494,0.4102468181023991,0.38642049842197673,0.391369354661671,0.24539394405460832,0.2986128213272774
frankfurt_000001_040732,joint_noise_gta_semantic_cityscapes_dropout_pu_1_00,1_00,0.2270682440388085,0.45709076958035255,0.6213332502248312,0.7496911186175397,0.0,0.0,0.28553392717395754,0.3168945560289807,0.383843217594841,0.5514046065639738,0.2995799217525343,0.7952001350673651,0.70982648626576,0.5223235686751142,0.3938214752565497,0.3605518781973723,0.3449577748021684,0.21009353693169278,0.3106712282336864
frankfurt_000001_050686,joint_noise_gta_semantic_cityscapes_dropout_pu_1_00,1_00,0.2777638105670415,0.4477080664748178,0.6035708969783108,0.761475367294637,0.0,0.0,0.3495241626265399,0.3986045010390993,0.474521281244327,0.602573471196372,0.3468634079327787,0.8187834405076803,0.6632916035865309,0.5054779517994064,0.3965709752134265,0.38247135312520064,0.4051951500205503,0.23896866149449603,0.5363962764764151
munster_000099_000019,joint_noise_gta_semantic_cityscapes_dropout_pu_1_00,1_00,0.19041938263489955,0.41111216313623244,0.5940666323809007,0.7643484835465829,0.0,0.0,0.260440839967734,0.28148724446190915,0.31834966396458214,0.4299759463905954,0.25715598943714096,0.7670188566688174,0.5875928836628029,0.4452490718282586,0.3114009026252985,0.29583145067488464,0.3691081249430037,0.15625304534774748,0.1062225586760912
munster_000098_000019,joint_noise_gta_semantic_cityscapes_dropout_pu_1_00,1_00,0.2449707841063459,0.4044052460125606,0.6160813559050358,0.7629768814484901,0.0,0.0,0.3424025757624237,0.3838108377879494,0.438023264291781,0.5508956626230318,0.3099802497661492,0.8281521461916026,0.7922420625433593,0.6632400942675443,0.4776264155377522,0.4266916681600231,0.46463106962922174,0.20411382540060405,0.3508785447146498
